URL	Data	Titulo	Subtitulo	Conteudo	Author	Categoria	is_fake
https://agenciabrasil.ebc.com.br/direitos-humanos/noticia/2026-10/governo-inclui-82-empregadores-na-lista-suja-do-trabalho-escravo	2026-10-06	Governo inclui 82 empregadores na lista suja do trabalho escravo	Criação de bovinos e trabalho doméstico tiveram mais flagrantes	"O Ministério do Trabalho e Emprego incluiu 82 empregadores na ""lista suja"" do trabalho escravo, nome pelo qual ficou conhecido o cadastro de empregadores  que expõe empresas e pessoas físicas flagradas em fiscalizações de órgãos públicos competentes mantendo trabalhadores nestas condições. Na atualização feita neta terça-feira (06) foram incluídas 54 pessoas físicas e 28 pessoas jurídicas, o que resultou em 553 trabalhadores libertados. As ocorrências têm natureza de atividades e quantidades de trabalhadores libertados diferentes, indo de registros de um único trabalhador libertado, geralmente de serviços domésticos, para atividades com mais de 50 trabalhadores, como no caso dos 54 trabalhadores libertados no Garimpo Filão dos Abacaxis, em Maués, Amazonas, em fiscalizações nos anos de 2024 e 2025. Mesmo com grupos consideráveis de trabalhadores libertados, as inclusões desta atualização caíram 51,48% com relação à anterior, feita em abril de 2026. Segundo o ministério a atualização de outubro de 2026 inclui registros distribuídos por 21 unidades da Federação. Entre as atividades econômicas com maior número de flagrantes estão: Segundo o MTE, o Cadastro existe para dar transparência aos atos administrativos decorrentes das ações fiscais de combate ao trabalho análogo à escravidão realizadas por Auditores-Fiscais do Trabalho do Ministério e contam com a participação de integrantes da Polícia Federal, do Ministério Público do Trabalho, do Ministério Público Federal e da Defensoria Pública da União e, eventualmente, de outras forças policiais. Cada auto de infração, ocorrido nas fiscalizações dá origem a um processo administrativo no qual os autuados têm acesso às garantias processuais previstas na Constituição, incluindo o contraditório e a ampla defesa. Após a conclusão ocorre a inclusão na Lista Suja. Desde 1995, mais de 70 mil trabalhadores e trabalhadoras foram resgatados de condições de trabalho análogas à escravidão, e mais de R$ 171 milhões foram recebidos pelos trabalhadores. Saiba mais no Repórter Brasil Tarde, da TV Brasil Denúncias de trabalho análogo à escravidão podem ser feitas de forma remota e sigilosa pelo Sistema Ipê , lançado em 15 de maio de 2020 pelo Ministério do Trabalho e Emprego (MTE), em parceria com a Organização Internacional do Trabalho (OIT)."	Agência Brasil	direitos-humanos	False
https://agenciabrasil.ebc.com.br/direitos-humanos/noticia/2026-10/defensoria-e-univaja-assinam-acordo-para-apoiar-indigenas-do-javari	2026-10-07	Defensoria e Univaja assinam acordo para apoiar indígenas do Javari	Meta é atender demandas como documentação civil e registros publicos	A Defensoria Pública do Amazonas (DPAM) e a União dos Povos Indígenas do Vale do Javari (Univaja) assinaram nesta quarta-feira (7) um termo de cooperação técnica para ampliar o acesso à assistência jurídica gratuita aos povos indígenas da região. A iniciativa prevê atendimento a demandas como documentação civil, registros públicos e questões de direito de família. A parceria busca enfrentar também as dificuldades históricas de acesso à Justiça em uma das regiões mais isoladas do país. Segundo o Conselho Nacional de Justiça (CNJ), as longas distâncias, a falta de infraestrutura e a dependência do transporte fluvial dificultam o acesso das comunidades indígenas à documentação civil e a outros serviços públicos. Segundo a DPAM e a Univaja, a cooperação também pretende reduzir barreiras culturais e linguísticas enfrentadas pelas comunidades indígenas. O acordo prevê que os atendimentos respeitem a organização social, a cultura e as formas próprias de consulta dos povos da região. Em março deste ano, o programa Registre-se: Brasil Parente, coordenado pelo CNJ, fez um mutirão que atendeu mais de 1,3 mil indígenas da aldeia Massapê com serviços de emissão e regularização de documentos. De acordo com o órgão, esta foi a primeira oportunidade que muitos moradores do Vale do Javari tiveram para obter ou regularizar registros civis. A necessidade de ampliar a assistência jurídica também foi apontada pela própria Univaja. Em balanço de um mutirão promovido em parceria com a Defensoria Pública, a entidade informou que foram identificadas demandas históricas relacionadas à documentação civil, previdência social e pensão alimentícia. A organização relatou ainda que indígenas de diferentes comunidades percorreram longas distâncias para receber atendimento jurídico gratuito. O Vale do Javari ganhou repercussão internacional em 2022 após os assassinatos do indigenista Bruno Pereira e do jornalista britânico Dom Phillips. O caso chamou atenção para a violência e para a atuação de atividades ilegais em uma região que abriga a maior concentração de povos indígenas isolados do mundo. Investigações da Polícia Federal associaram os crimes a um contexto de conflitos envolvendo pesca e caça ilegais na região. A Univaja afirma que a defesa do território e dos povos indígenas isolados está entre suas principais frentes de atuação. Em seu portal institucional, a entidade destaca que os povos do Vale do Javari enfrentam ameaças externas e lutam pela preservação de sua autonomia e de seus modos de vida. O Ministério Público Federal (MPF) tem defendido o fortalecimento da proteção aos povos indígenas da região. Em missão realizada no Vale do Javari, o MPF informou ter atuado para ampliar medidas de proteção a lideranças indígenas, defensores de direitos humanos, comunicadores e ambientalistas. Em ações judiciais relacionadas à Terra Indígena Vale do Javari, o MPF também tem defendido a observância da consulta livre, prévia e informada das comunidades indígenas e a proteção de seus direitos territoriais.	Agência Brasil	direitos-humanos	False
https://agenciabrasil.ebc.com.br/direitos-humanos/noticia/2026-10/educacao-antirracista-avanca-nas-escolas-nos-ultimos-dois-anos	2026-10-02	Educação antirracista avança nas escolas nos últimos dois anos	Dado consta do Relatório Diagnóstico Equidade 2026 divulgado pelo MEC	Os indicadores de equidade racial avançaram no Brasil nos últimos dois anos. É o que aponta o Diagnóstico Equidade 2026 divulgado este mês pelo Ministério da Educação (MEC). O relatório mediu dados relacionados à Política Nacional de Equidade, Educação para as Relações Étnico-raciais e Educação Escolar Quilombola (Pneerq), como financiamento, formação de profissionais e materiais didáticos, protocolos de combate ao racismo, gestão, avaliação e monitoramento. Segundo o documento, entre 2024 e 2026, o percentual de redes de ensino com áreas específicas para coordenar ações de equidade racial saltou de 15% para 42% entre os municípios e alcançou 100% entre as redes estaduais. A secretária de Educação Continuada, Alfabetização de Jovens e Adultos, Diversidade e Inclusão (Secadi) do MEC, Zara Figueredo, diz que o avanço mostra uma maturidade da gestão para a equidade. “Isso é fundamental para conseguirmos reduzir as desigualdades raciais de aprendizagem, garantindo ação planejada e acompanhada de perto para ampliar as oportunidades educacionais dos estudantes negros. Vale lembrar que, entre 2005 e 2023, a desigualdade de aprendizagem entre estudantes negros e brancos só cresceu. Temos a necessidade de inverter esta tendência e isso passa pelas práticas de gestão e práticas pedagógicas transformadas pelo prisma da equidade”, diz. As redes de ensino também aumentaram as campanhas para declaração racial. O percentual de redes de ensino com esse tipo de iniciativa cresceu de 66% para 86% nas redes municipais e de 63% para 93% nas redes estaduais. A cofundadora do Centro de Estudos das Relações de Trabalho e Desigualdades (Ceert) e doutora em psicologia educacional, Cida Bento, explica que a declaração racial é importante para que as redes de ensino saibam as diferenças de desempenho, evasão escolar e abandono entre estudantes negros e estudantes brancos. Mas ela diz que há outro elemento na declaração racial: a identidade.  “Quando a pessoa tem que se perguntar: “eu sou pardo, eu sou preto, eu sou branco”, esse é um momento de conscientização que eu acho muito importante”, diz. Outro fator importante para a promoção da educação antirracista é a formação de professores e profissionais da educação. Segundo dados do MEC, o número de redes municipais que ofereceram formações, seminários, oficinas e palestras sobre equidade racial aumentou de 48% em 2024 para 69% em 2026. As escolas também passaram a adotar de forma mais sistemática os protocolos para casos de racismo e injúria racial. O crescimento desse tipo de conduta foi 59% para 93% nas redes estaduais de ensino. Já nas redes municipais o crescimento foi menor: de 36% para 53% em dois anos. Apesar dos avanços, há ainda muitos desafios para universalizar Pneerq. Um deles é avançar nas práticas de gestão das redes de ensino em relação a suas escolas, o que incluiu que os profissionais conheçam e apliquem os eixos da política. “Um ponto de atenção para o próximo ciclo, por exemplo, está na consideração de conhecimentos sobre educação para as relações étnico-raciais nos processos seletivos de professores e diretores escolares, sobretudo entre municípios. Isso permitirá a sustentação do movimento crescente de promoção de equidade racial”, afirma Zara Figueiredo. Desde 2003, a Lei nº 10.639/2003 obriga as escolas a ensinarem, nos ensinos fundamentais e médio, história e cultura afro-brasileira e história da África e dos povos africanos. Isso inclui a luta dos negros no Brasil, a cultura negra brasileira e o negro na formação da sociedade nacional e a contribuição do povo negro nas áreas social, econômica e política do Brasil. A implementação da lei, porém, só virou realidade nas escolas 21 anos depois, com a criação, em 2024, da Política Nacional de Equidade, Educação para as Relações Étnico-raciais e Educação Escolar Quilombola (Pneerq). Até aquele ano somente 30% das secretarias de educação do País tinham algum programa voltado para o cumprimento da lei. Cida Bento conta que quando começou a estudar as políticas de igualdade racial nas escolas a situação era muito mais grave. Por isso ela comemora os avanços e diz que eles ajudam na democracia brasileira. “Quando a escola sinaliza para o aluno negro que está cuidando dele, que ele é parte, que os livros escolares tratam do grupo dele, tratam a história negra, que ele tem o mesmo tratamento e oportunidade, eu acho isso um elemento tão democrático, sabe? É o pilar da democracia esse sentimento de pertencimento, de identidade”.	Agência Brasil	direitos-humanos	False
https://agenciabrasil.ebc.com.br/direitos-humanos/noticia/2026-10/representacao-de-parlamentares-negros-segue-baixa-diz-pesquisadora	2026-10-05	Representação de parlamentares negros segue baixa, diz pesquisadora	Número de pretos e pardos na Câmara cai de 139 para 135	A redução no número de parlamentares pardos e pretos de 139 para 135 na Câmara dos Deputados tem um significado que vai além dos números, para a cientista política Evelyn Apolinária. Segundo a pesquisadora e professora do Centro Universitário de Brasília (Ceub), o dado mais relevante não é a perda de quatro cadeiras, mas sim a sub-representação persistente. “Os negros são cerca de metade das candidaturas à Câmara e pouco mais da metade da população, mas ocupam pouco mais de 25% das cadeiras”, lamentou Evelyn. Dos 135 pretos e pardos eleitos neste domingo (4), 77 foram reeleitos. Ela considera que os recursos de campanha, o acesso ao financiamento e as estruturas partidárias seguem desiguais. “As regras de incentivo, como a distribuição proporcional dos fundos, não bastaram para reduzir essa distância”, aponta. A agremiação partidária que mais elegeu parlamentares negros foi a federação formada pelos partidos União Brasil e Progressistas, com 32 cadeiras ou 23,7% do total. Doutoranda na Universidade de Brasília (UnB), Evelyn Apolinária pontua que a representação de raça não garante unicidade na agenda legislativa no que diz respeito ao racismo. “O número de parlamentares negros não diz, por si só, nada sobre a orientação ideológica de cada um. Apenas a representação por raça e cor não garante uma agenda una e coesa nessa questão.” A pesquisadora contextualiza que, na literatura acadêmica sobre representação, a presença de um grupo não garante a defesa dos seus interesses, que podem ser, inclusive, variados. “A atuação antirracista no Legislativo costuma se concentrar em partidos de esquerda e centro-esquerda”. Na avaliação dela, o Congresso mais deslocado à direita tende a reduzir a agenda de novos projetos de combate ao racismo ou de ampliação de políticas afirmativas e orçamento para a pasta da igualdade racial. Haveria fatores, segundo ela, que contribuiriam com a incerteza do que deve ser a produção desses parlamentares em relação ao tema da igualdade racial. Isso inclui, por exemplo, o resultado do segundo turno presidencial, que deve definir a relação do Executivo com o Legislativo. Outro fator que importaria nesse cenário seria o papel da bancada negra e da presença no colégio de líderes, que pode ajudar a manter esses temas na agenda mesmo com uma maioria não tão favorável. “Eu falaria em risco de menor prioridade e de maior conflito, não em ausência garantida de pautas”, diz a pesquisadora.	Agência Brasil	direitos-humanos	False
https://agenciabrasil.ebc.com.br/direitos-humanos/noticia/2026-10/exploracao-de-trabalhadores-rurais-sustenta-fruticultura-bilionaria	2026-10-02	Exploração de trabalhadores rurais sustenta fruticultura bilionária	Estudo da Oxfam denuncia informalidade e adoecimento no setor	O Brasil movimenta R$ 15 bilhões por ano nas cadeias produtivas de manga, uva e maçã, e se consolidou na posição de terceiro maior produtor de frutas do mundo. O setor, no entanto, se mantém bilionário a partir de um processo de exploração dos trabalhadores rurais, que inclui violação dos direitos trabalhistas, descarte de mão de obra e adoecimento . A conclusão é do estudo Dinâmicas do Trabalho Assalariado Rural , realizado pela Oxfam Brasil e pela Molina Consulting, que analisou o trabalho rural das cadeias de fruticultura no Vale do São Francisco, em Pernambuco e na Bahia, e na Serra Gaúcha, no Rio Grande do Sul. “O agronegócio de exportação perpetua seu crescimento financeiro apoiado em uma massa de brasileiros tratada como insumo temporário, inviabilizando qualquer perspectiva de ascensão social ou segurança trabalhista para quem cultiva a terra no Brasil”, diz trecho do estudo. Segundo a diretora executiva da Oxfam Brasil, Viviana Santiago, a riqueza gerada pela exportação do setor se alimenta da vulnerabilidade histórica dos trabalhadores do campo . “O estudo revelou uma contradição que nós precisamos colocar sobre a mesa. O setor que lucra bilhões não consegue socializar a riqueza produzida. Muito pelo contrário, produz essa riqueza a partir dessa exploração”, afirmou. A Agência Brasil entrou em contato com a Associação Brasileira dos Produtores e Exportadores de Frutas e Derivados (Abrafrutas) e aguarda posicionamento. Na avaliação da Oxfam, a ausência de fiscalização em fazendas é um dos elementos que contribui para a perpetuação das violações de direitos contra trabalhadores do agronegócio . “Trabalhadores safristas, que vão trabalhar principalmente na colheita, [têm jornada de] mais de 16 horas por dia. No Rio Grande do Sul, são expostos a temperaturas extremas, de 8 ou 9 graus negativos”, relata Viviana. Na cadeia da manga no Nordeste, os trabalhadores também estão expostos a longas jornadas, inclusive de forma ininterrupta. “Muitas vezes, essas pessoas cortam o consumo de água e as idas ao banheiro para conseguir bater a meta diária, acarretando um imenso adoecimento.” Além disso, o estudo aponta que o adoecimento derivado da exaustão física, do frio extremo, da exposição a agrotóxicos e da falta de equipamentos adequados sofre omissão crônica nos registros do sistema de Comunicação de Acidente de Trabalho (CAT) . Os pomares de Pernambuco e Bahia submetem ainda os colhedores à contaminação por agrotóxicos de modo contínuo. Segundo o estudo, lideranças sindicais do Vale do São Francisco estimam a notificação de apenas um caso formal de intoxicação nas unidades de saúde para cada cinquenta ocorrências reais . “Isso é possível porque não tem fiscalização suficiente. A gente sabe dos limites, em termos de efetivo de trabalho, no Ministério Público do Trabalho (MPT). A quantidade de pessoas atuantes é insuficiente, e isso deixa uma grande quantidade de fazendas descobertas”, explicou Viviana, que defende a ampliação da capacidade de auditorias pelo MPT. Ela acrescenta que as visitas de fiscalização programadas dão às fazendas a possibilidade de mascarar violações de direitos. Os sindicatos dessas categorias são fundamentais para avançar na garantia de direitos dos trabalhadores, conforme apontou o estudo. No entanto, essas entidades enfrentam obstáculos na capacidade de organização coletiva diante da alta taxa de informalidade, dos contratos de pequena duração e da migração sazonal . Segundo Viviana, é preciso fortalecer a atuação de sindicatos rurais. “Os sindicatos têm um papel vital nesse contexto de violação de direitos no campo, porque conseguem atuar a partir de uma dimensão coletiva. Isso acrescenta uma camada de proteção para esses trabalhadores, porque não vai ser uma pessoa negociando o seu próprio direito”, disse. “Quando estão fortalecidos e conseguem sindicalizar os trabalhadores, os sindicatos conseguem conquistar melhores condições de trabalho e remuneração a partir das negociações coletivas.” Segundo a Oxfam, a realidade nos polos exportadores demonstra que a formalização temporária absorveu a instabilidade do mercado informal. O fato de ter carteira assinada não tem garantido estabilidade ao trabalhador rural. Das 117.341 contratações formais registradas no Vale do São Francisco (BA/PE) e na Serra Gaúcha (RS), em 2024, nas cadeias de manga, uva e maçã, apenas 39,2% ainda estavam ativas em dezembro. Ou seja, seis em cada dez contratos acabam antes do fim do ano . Na Serra Gaúcha, as contratações têm alta em janeiro e fevereiro, enquanto os desligamentos se concentram em março. A janela de colheita atrai fluxos migratórios do Mato Grosso e do Paraguai. Indígenas compõem 21,4% da força de trabalho na maçã gaúcha. No Vale do São Francisco, o pico vai de julho a outubro. Segundo a Oxfam, esses ciclos são conhecidos, e poderiam ter seus impactos mitigados por políticas públicas e ações sindicais mais estratégicas . Além disso, segundo o estudo, a mecanização no campo avança e reduz postos de trabalho. “A máquina faz em uma semana o que 100 trabalhadores fariam em um mês. Na manga, reduziu mais de 40% os empregos”, relatou um dirigente sindical do Vale do São Francisco aos pesquisadores, durante coleta das informações. Esse cenário de violações trabalhistas faz parte de um contexto de alta informalidade no setor agropecuário de modo geral. A análise da Oxfam estima que sete em cada dez (69,2%) trabalhadores de todo o setor atuam na informalidade . O dado estatístico projeta, portanto, um colapso social futuro, já que mais da metade (52%) dos assalariados rurais não recolhem contribuições para a Previdência Social. “Um ponto principal de vulnerabilidade [na agropecuária] é a informalidade. Mas isso se adensa quando há [recorte de cor e gênero], porque, dentro desse grupo de trabalhadores, as mulheres negras estão numa situação de maior vulnerabilidade do que o restante do grupo”, mencionou Viviana. O estudo mostra que recortes de cor e gênero têm impacto na estrutura de remuneração no campo. A mulher preta está na base da pirâmide salarial da categoria, com um rendimento médio de R$ 1.449 mensais. O homem branco, na mesma atividade, recebe R$ 2.494. O perfil da força de trabalho alia ainda baixos salários a uma escolaridade restrita. Mais da metade dos ocupados não concluiu o ensino fundamental, o que compromete as possibilidades de mobilidade ocupacional. *Colaborou Odair Braz Junior	Agência Brasil	direitos-humanos	False
https://agenciabrasil.ebc.com.br/direitos-humanos/noticia/2026-10/policia-federal-prende-seis-em-acao-contra-garimpo-ilegal-no-para	2026-10-06	Polícia Federal faz ação contra garimpo ilegal no Pará	Atividade irregular ocorria em Tucumã, próximo à Terra Indígena Kayapó	Policiais federais fizeram, nessa segunda-feira (5), uma ação contra garimpo ilegal em Tucumã, no Pará. Segundo a Polícia Federal (PF), a atividade de exploração mineral irregular ocorria em imóvel rural vizinho à Terra Indígena Kayapó. Na ação, foram apreendidas duas escavadeiras hidráulicas, dois motores e dois celulares. Um galpão era usado, no local, como alojamento para os trabalhadores do garimpo. De acordo com a PF, as condições do galpão indicam que os trabalhadores eram mantidos em condições degradantes, o que poderia caracterizar condição análoga à de escravidão. A PF investiga quem são os responsáveis pelo garimpo e os compradores do ouro extraído do local. *A PF informou anteriormente que havia prendido seis pessoas em flagrante. Depois, corrigiu a informação e disse que a ação não resultou em prisões. *A matéria foi alterada para correção de informação. O título também foi alterado.	Agência Brasil	direitos-humanos	False
https://agenciabrasil.ebc.com.br/direitos-humanos/noticia/2026-10/monitoramento-aponta-13-mil-ataques-contas-de-candidaturas-lgbt	2026-10-03	Monitoramento aponta 13 mil ataques a contas de candidaturas LGBT+	Avaliação foi feita pela plataforma Sentinela	A análise de contas de candidaturas LGBT+ pela plataforma Sentinela indicou a publicação, desde o início do período eleitoral, de 13 mil comentários classificados como ofensivos com alvo definido, o que significa que foram dirigidos a uma pessoa ou candidatura identificável. Para chegar a esse resultado, a Sentinela selecionou, no período, 307.185 comentários em contas de candidaturas que permitiram ser monitoradas pelo projeto por apresentarem potencial de violência em um universo de mais de 1 milhão de interações publicadas no Instagram . A avaliação da plataforma em cada um dos mais de 307 mil comentários foi com base em quatro dimensões: De acordo com a plataforma, além desse mapeamento das contas envolvidas nas agressões, foram analisados os padrões de recorrência e os sinais de atuação coordenada. A metodologia usada, que combina coleta automatizada, classificação e inteligência artificial generativa, foi desenvolvida pelo Instituto Plena Cidadania (IPC), organização da sociedade civil dedicada ao desenvolvimento de infraestrutura democrática no Brasil e responsável pelo VoteLGBT. O estudo concluiu ainda que parte dos ataques se repete, o que ficou comprovado com a identificação de mais de 11 mil contas diferentes envolvidas nas agressões. Esse dado foi obtido a partir dos 13 mil comentários com alvo definido. Pelos dados da plataforma, um grupo de 224 contas mais ativas foi responsável por 1.718 comentários, revelando concentração da atividade em determinados perfis. “Quando tem a mesma mensagem repetida por 63 contas em um intervalo muito curto de tempo, como a gente verificou contra uma candidatura de Goiás, a gente tem forte indício de que isso foi coordenado. Isso pode ser uma combinação de pessoas ou automatizada”, avalia Gui Mohallem, da direção executiva do Instituto Plena Cidadania, em entrevista à Agência Brasil . A plataforma afasta a possibilidade de inclusão no estudo de falsos positivos na classificação do contexto de cada comentário, porque ela não se restringe à presença de palavras ou expressões específicas. Os resultados inflados são evitados com a utilização de um critério conservador. Se a situação é ambígua, o caso não é contabilizado. A líder de inteligência do Instituto Plena Cidadania, Alciana Paulino, disse que a Sentinela permite enxergar uma violência que acontece em uma escala e velocidade que nenhum monitoramento manual conseguiria acompanhar. “Além de detectar as agressões, queremos compreender os padrões e recorrências, produzindo dados que possam contribuir para proteger quem disputa espaço na política”, explica o texto de divulgação do estudo. A atualização dos dados do estudo da Sentinela continua ao longo do processo eleitoral, mas até agora, notou que 92,7% das agressões registradas se dirigiram a candidaturas de mulheres LGBT+ e em 83,6% o público alvo foram as candidaturas negras LGBT+. “Essa violência que a gente está verificando é uma violência de gênero e está acontecendo com muitas mulheres na política e não só as LGBT. Denuncia uma questão da democracia porque ser mulher e candidata é igual a sofrer ataque e violência? O custo de se colocar para ser candidata é naturalizar que vai sofrer violência e receber ataques?”, questionou Gui Mohallem. Conforme a Sentinela, com base na análise das contas envolvidas, é possível verificar quem faz ataques recorrentes , como os perfis se comportam e quando diferentes contas reproduzem os mesmos conteúdos em intervalos muito curtos. Gui Mohallem chamou atenção para a responsabilidade pelo uso de recursos públicos no processo eleitoral. Ele lembrou que no Brasil LGBTfobia é crime e o financiamento de campanha é público. “O dinheiro público vai continuar sendo usado para financiar crimes na internet? É a pergunta que a gente faz”, alerta. No dia 23 de setembro, o Instituto Plena Cidadania protocolou uma notícia-crime na Justiça Eleitoral contra três candidatos a deputado federal que praticaram ataques discriminatórios contra deputadas federais candidatas à reeleição, buscando desqualificar as parlamentares por meio de ataques à sua identidade de gênero. “É isso que a gente está defendendo com a Sentinela para visibilizar o problema e como ele está acontecendo de maneira constante”, apontou. A Sentinela recebe também por meio de um canal os prints que lideranças políticas enviam de mensagens recebidas por inbox ou e-mail. Lá é possível ainda relatar outros episódios de violência. Gui ressaltou que os ataques mais violentos e ameaças de estupro coletivos e de morte, que muitas candidaturas recebem dia sim, dia não, chegam por e-mail, por inbox e várias vezes por provedores situados em países que não têm acordo com o Brasil. “A Polícia Federal não consegue descobrir quem é o autor porque o servidor está em um país que não tem acordo com o Brasil. São covardes as pessoas que fazem isso”, ressalta. A Sentinela faz também amparo psicológico no canal Cuida Mais para as candidaturas que sofrem ataques e suas equipes. “Nela opera sessões de terapia sigilosas e gratuitas. A pessoa faz um cadastro, mas logo ele é anonimizado. A gente tem uma parceria com uma clínica com todos os profissionais LGBT e a equipe que atende as candidaturas é treinada por nós em assuntos ligados à política. Isso é muito importante”, explicou. O monitoramento da Sentinela já está se expandindo para fora do Brasil e se prepara para atuar em diferentes ciclos eleitorais e contextos nacionais. Também negocia parcerias que podem resultar na sua implementação na Argentina e no México em 2027 para identificar e enfrentar a violência política na América Latina. “A importância de fazer isso articulado na América Latina é porque o grupo antidireitos e antigêneros está organizado internacionalmente e a gente continua com respostas locais. É preciso que a gente se articule também regionalmente para dar uma resposta à altura para a ameaça organizada e comum”, defende.	Agência Brasil	direitos-humanos	False
https://agenciabrasil.ebc.com.br/direitos-humanos/noticia/2026-10/ataques-simbolos-religiosos-reacendem-debate-sobre-intolerancia	2026-10-02	Ataques a símbolos religiosos reacendem debate sobre intolerância	No primeiro semestre, foram registradas mais de 1,2 mil denúncias	"“Se reabrir, todos morrem”. Era assim que começava o cartaz colado em uma loja de artigos religiosos católicos no centro de Fortaleza na noite em que o lugar foi alvo de um atentado com coquetel molotov. O ataque aconteceu na madrugada de 9 de setembro. Naquela mesma noite, outros dois estabelecimentos católicos e um da umbanda também tiveram as fachadas incendiadas na capital cearense. Os atentados estão sendo investigados pela Polícia Civil, mas no dia seguinte, o Padre Josileudo Queiroz, da Igreja de São José Operário de Caucaia, na região metropolitana de Fortaleza, usou as redes sociais para classificar o que aconteceu. “Nós vivemos num país onde devemos entender que o país é laico, ou seja, não tem uma religião oficial. Não é ateu, porque há muitas religiões, há muitas expressões de fé. Isso que aconteceu aqui em Fortaleza e que acontece no Brasil afora se chama crime de intolerância religiosa”. Os ataques em Fortaleza estão longe de serem os únicos contra símbolos católicos. Um dia antes do ataque no Ceará, em Londrina (PR), a cabeça de uma imagem de Nossa Senhora Aparecida, que ficava em frente a uma loja de artigos religiosos, foi arrancada. Dois dias depois, em Salvador, o alvo foi a imagem de Nossa Senhora das Graças que foi quebrada. No dia 22, também em Salvador, a imagem da primeira santa brasileira, a Santa Dulce dos Pobres, foi destruída. Na última quarta-feira (30), o ministro Flávio Dino, do Supremo Tribunal Federal (STF), determinou que a Polícia Federal (PF) investigue uma aparente disseminação de ataques a imagens religiosas católicas pelo país . Todos os casos de intolerância ocorreram antes da discussão sobre o título de padroeira do Brasil a Nossa Senhora Aparecida entrar na disputa eleitoral. Segundo os dados do Disque 100, só no primeiro semestre de 2026, entre janeiro e junho, foram registradas 1.252 denúncias com pelo menos uma violação relacionada à liberdade de crença ou intolerância religiosa. Os católicos não são os principais alvos. Os praticantes do candomblé e da umbanda são historicamente as principais vítimas da intolerância religiosa, segundo o censo do IBGE, apesar de representarem cerca de 1% da população brasileira. Entre janeiro e junho deste ano, foram registradas 270 denúncias, um aumento de mais de 40% comparado com o mesmo período de 2025, quando foram 192 notificações. Entre os católicos, as denúncias também cresceram no primeiro semestre em relação ao mesmo período do ano passado. Os registros passaram de 15 para 34, crescimento superior a 100%. Durante a Semana Nacional de Combate à Intolerância Religiosa, que ocorreu em janeiro no Rio de Janeiro, o secretário-geral da ACT Alliance (Action by Churches Together), Rudelmar Faria, disse que a exclusão pela religião tem sido uma estratégia política não só no Brasil. “Nós estamos num momento global em que a religião é instrumentalizada para excluir, porque as religiões hoje, esse movimento da confluência de fundamentalismos, buscam justamente excluir grupos. E são grupos que não são cristãos, brancos, ricos e mais do que a sua própria igreja financeiramente, apoiar um grupo de políticos que tem o poder para tomar decisões e criar leis que são excludentes"", afirmou, citando que os mais afetados são mulheres, população LGBTI+, povos indígenas e jovens negros de baixa renda. ""É o que existe não só aqui no Brasil, na América Latina, na América Central”, acrescentou. A ACT Alliance é uma coligação mundial de igrejas e organizações baseadas na fé que atua em 140 países. Na última semana, a campanha eleitoral no Brasil foi tomada por postagens envolvendo Nossa Senhora Aparecida. A polêmica teve início quando viralizaram nas redes sociais postagens que atribuíam ao candidato a presidente Flávio Bolsonaro (PL) a intenção de retirar de Nossa Senhora o título de padroeira do Brasil. O candidato recorreu à Justiça Eleitoral e ao Supremo Tribunal Federal (STF) para que as mensagens fossem retiradas do ar, o que levou a uma série de decisões judiciais dos ministros que determinavam, em um momento, a retirada dos posts e, em outro, a liberação das mensagens. As justificativas eram disseminação de notícia falsa sobre o candidato e a preservação do direito à liberdade de expressão, respectivamente. O Tribunal Superior Eleitoral (TSE) formou maioria de votos para manter as postagens fora do ar. O defensor público do Ceará, Igor Barreto, explica qual a punição prevista para quem comete crime de intolerância religiosa. “O mais importante seja ressaltar o fato de que esses crimes são todos insuscitíveis de fiança, de indulto, são crimes imprescritíveis, eles podem ser processados a qualquer momento”. No Brasil, a pena para o crime de intolerância religiosa (prática, indução, incitação) varia de um a 5 anos de reclusão e multa. * Com a colaboração de Márcia Vieira, da Rádio Universitária FM de Fortaleza"	Agência Brasil	direitos-humanos	False
https://agenciabrasil.ebc.com.br/direitos-humanos/noticia/2026-10/inss-pagara-beneficio-mulheres-afastadas-por-violencia-domestica	2026-10-01	INSS pagará benefício a mulheres afastadas por violência doméstica	Lei Maria da Penha não especificava quem pagaria salário da vítima	Mulheres vítimas de violência doméstica que conseguirem, na Justiça, medida protetiva de afastamento do trabalho vão receber benefício pago via Instituto Nacional do Seguro Social (INSS). O parecer que garante o afastamento remunerado, elaborado pela Advocacia-Geral da União (AGU), foi assinado nesta quinta-feira (1º) pelo presidente Luiz Inácio Lula da Silva. Em nota, a Secretaria de Comunicação Social (Secom) da Presidência informou que o documento incorpora às regras da administração pública federal decisão do Supremo Tribunal Federal (STF) que estabeleceu que, quando a Justiça determinar o afastamento da mulher do local de trabalho como medida protetiva, com base na Lei Maria da Penha, a trabalhadora deve continuar recebendo renda durante o período, que pode chegar a seis meses. “O entendimento do STF abrange as seguradas do Regime Geral de Previdência Social (RGPS) e também prevê proteção de natureza assistencial para as mulheres sem vínculo previdenciário”, informou a pasta. A Lei Maria da Penha permite, como medida protetiva, que o juiz afaste a mulher do trabalho por até seis meses, mantendo o vínculo de emprego. A lei, porém, não especificava quem pagaria o salário nesse período. “A incerteza sobre o recebimento da remuneração fazia com que muitas mulheres tivessem que optar entre a segurança e o próprio sustento”, destacou a Secom. O STF julgou a questão em junho deste ano e estabeleceu que o empregador é responsável pelos 15 primeiros dias de afastamento e o INSS, pelo restante. Nos casos sem relação de emprego, como contribuintes individuais, facultativas e seguradas especiais, o INSS paga o benefício integralmente. Conforme a legislação, a mulher afastada não precisa cumprir período de carência para receber o benefício. Também não há desconto de contribuição previdenciária sobre o valor recebido, e o período é computado como tempo de contribuição para a aposentadoria. Para mulheres que não são seguradas da Previdência, o STF estabeleceu que o pagamento tem natureza assistencial. Nesse caso, o pagamento será pago pelo estado, pelo Distrito Federal ou pelo município indicado pelo juiz. A Secom destacou que, embora tenha estabelecido linhas gerais para o afastamento remunerado, a decisão do STF legalmente obrigava apenas juízes e tribunais. “Isso poderia levar ao cenário em que, na falta de uma orientação administrativa estabelecida pelo Poder Executivo, cada mulher poderia ter que entrar com nova ação judicial para receber os valores. É esta lacuna que o parecer vinculante vem preencher.” O documento da AGU assinado hoje assimila a decisão do STF à administração pública federal, tornando obrigatória a concessão do afastamento remunerado quando este for determinado judicialmente como medida protetiva às vítimas de violência doméstica. “Na prática, basta que o juiz emita a decisão da medida protetiva para que o INSS realize o pagamento, sem nova perícia ou análise do direito, verificando apenas se a mulher é segurada”, reforçou a Secom. Após a publicação do parecer, o Ministério da Previdência Social e o INSS terão até 15 dias para regulamentar o pagamento, com garantia de atendimento prioritário e sigiloso a vítimas de violência, inclusive via Meu INSS. Ainda de acordo com a Secom, o INSS cobrará do agressor, por meio de ação regressiva, os valores pagos à vítima. A cobrança será feita por meio de ação judicial apresentada pela Procuradoria-Geral Federal (PGF), órgão da AGU responsável por representar as autarquias e fundações federais. Saiba mais no Repórter Brasil Tarde, da TV Brasil	Agência Brasil	direitos-humanos	False
https://agenciabrasil.ebc.com.br/direitos-humanos/noticia/2026-09/mae-de-kathlen-romeu-cobra-apoio-da-sociedade-no-tribunal-do-juri	2026-10-02	Mãe de Kathlen Romeu cobra apoio da sociedade no Tribunal do Júri	Policiais vão a julgamento pelo assassinato em 26 de novembro	"Há seis anos, a comerciária Jacklline de Oliveira, de 45 anos, e o professor de educação física Luciano Gonçalves, de 48, comemoraram o aniversário da única filha pela última vez. A lembrança da festa de 24 anos de Kathlen Romeu, no terraço da avó, no Lins de Vasconcelos, na Zona Norte do Rio de Janeiro, reacende na memória da mãe a alegria, a juventude e o carisma de Kathlen, que completaria 30 anos no próximo sábado (3) : ""Kathlen era uma filha intensa e amorosa"", recordou Jacklline. “Sempre foi muito sonhadora, tinha vontade de ser modelo, ficar famosa, ganhar o dinheirinho dela”. A jovem que começou a customizar e a vender peças de roupas com 15 anos tinha conseguido financiar, na planta, o primeiro apartamento e esperava o primeiro filho. Jacklline e Luciano, porém, nunca conheceram o neto, e Kathlen não chegou a ver sua primeira casa. Grávida de quatro meses, ela foi baleada quando foi visitar a avó , na mesma casa em que celebrou seu aniversário meses antes. Ela e o bebê não sobreviveram. “A gente estava no melhor momento das nossas vidas, e eu fui do céu ao inferno com 40 anos”, conta a mãe. “O Estado mata a gente diariamente há cinco anos e três meses e alguns dias. Não tem um dia que eu não me sinta ganhando um tiro de fuzil”. Kathlen e a avó, Sayonara de Oliveira, caminhavam em uma rua movimentada quando foram surpreendidas por tiros. Segundo a denúncia do Ministério Público do Estado do Rio de Janeiro, policiais militares dispararam em direção ao local onde elas estavam. Os agentes alegaram mirar em bandidos, versão que nunca foi comprovada. A partir do ocorrido, familiares e amigos se mobilizaram para que o crime não ficasse sem respostas. Passados cinco anos do assassinato da jovem e de seu bebê, os PMs Rodrigo Correia de Frias e Marcos Felipe da Silva Salviano serão julgados pelo crime no próximo dia 26 de novembro, às 10h, no Tribunal do Júri . A Agência Brasil tentou contato com a defesa dos militares, mas não teve resposta até o fechamento dessa reportagem. Os agentes chegaram a ser absolvidos da acusação de fraude processual na Justiça Militar , mas a promotoria recorreu e eles foram condenados pela 6ª Câmara Criminal do Tribunal de Justiça do Rio de Janeiro. Os agentes respondem pelo crime em liberdade e, segundo a corporação, estão afastados de suas funções. Jacklline e Luciano receberam a reportagem da Agência Brasil na casa onde moram, para falar sobre o julgamento. À espera de uma resposta da Justiça, os dois também cobram uma posição firme da sociedade civil contra a letalidade policial e em defesa de uma política de segurança que preserve vidas. ""Eu entrarei naquele tribunal com a esperança de que a sociedade civil, aquela que chorou comigo, que teve solidariedade, que se indignou em 8 de junho de 2021, seja a mesma aqui, no dia 26 de novembro de 2026, que continue com a gente"", frisou a mãe de Kathlen. ""Se esses policiais não forem punidos, não forem condenados, a sociedade civil também estará matando Kathlen Romeu e o seu bebê"", afirmou ela, que mantém uma foto do ensaio de grávida da filha em um grande pôster na sala de casa, ao lado de pequenas esculturas de bebês decorativos. Jacklline faz terapia para processar a dor, e Luciano decidiu cursar a faculdade de psicologia. Está no sexto período. No Rio de Janeiro, dados da Rede de Observatórios da Segurança do Centro de Estudos de Segurança e Cidadania (CESeC) mostram que uma parcela pequena de mortes cometidas por policiais se transforma em denúncias na Justiça . E, mesmo entre os que são denunciados, uma fração mínima resulta em condenações, segundo o estudo, publicado em 2021. Contrariando as estatísticas, os policiais indiciados no caso foram denunciados à Justiça Criminal após uma longa caminhada. A família afirma que chegou a acionar a corregedoria do Ministério Público do Estado do Rio de Janeiro contra o promotor responsável pela investigação na época. Eles denunciaram que o promotor sugeriu que poderia arquivar o processo e recomendou que a família buscasse “justiça divina”, em 2022. A Corregedoria-Geral do MPRJ informou à Agência Brasil que abriu um procedimento administrativo disciplinar (PAD) para investigar a denúncia, mas o processo acabou arquivado por falta de provas contra o promotor. A família chegou a fazer manifestações na porta do órgão, responsável por fiscalizar a atividade policial. No mesmo ano, o promotor denunciou os policiais à Justiça. ""A nossa luta é pela memória, reparação e justiça, mas em prol de uma juventude negra, pobre, preta, periférica viva, e do máximo rigor da lei"", afirmou Jacklline. “A minha filha eu já perdi. A luta que fazemos é pelos filhos de outras, para que as vidas deles não sejam ceifadas pelo Estado. Não queremos outros pais com a dor que temos hoje”, completou. Segundo dados do Fórum Brasileiro de Segurança Pública (FBSP), a polícia fluminense matou 798 pessoas em 2025. Isso representa quase duas em cada dez mortes violentas intencionais ocorridas no estado do Rio de Janeiro naquele ano (3.890). O FBSP destaca que, especificamente no ano de 2025, em apenas uma ação policial, a Operação Contenção, a polícia matou 117 pessoas, ou seja, 15% do total das mortes daquele ano. Segundo o levantamento, o estado do Rio de Janeiro foi o sexto com maior índice de letalidade em decorrência de ação policial no país, ficando atrás de Amapá, Bahia, Sergipe, Pará e Goiás. Os dados da pesquisa mostram que, no Brasil, quem mais morre por intervenção policial são homens jovens, de 15 a 24 anos, de cor negra . À Agência Brasil , o Ministério Público do Estado do Rio de Janeiro não comentou as falhas no controle da letalidade policial e a razão do baixo número de denúncias contra agentes. Já o governo do Rio de Janeiro informou que adota um conjunto permanente de medidas voltadas à redução da violência letal e ao aprimoramento da atuação policial, citando cursos, treinamentos e atualizações. As medidas, no entanto, foram consideradas insuficientes pelo Ministério Público Federal. O órgão quer um plano com metas e prazos . Agência Brasil: Qual é a expectativa para o júri popular? Jacklline: Precisamos acreditar que a cidade, a sociedade civil, não vai compactuar com essa barbárie. Se esses policiais não forem punidos, não forem condenados, a sociedade civil também está ajudando a matar Kathlen e o seu bebê. Então, eu vou entrar neste tribunal com a esperança de que a sociedade civil, aquela que chorou comigo, que teve solidariedade, que se indignou em 8 de junho de 2021, eu espero que seja a mesma em 26 de novembro de 2026, que continue com a gente. A luta não é só da família. Eu não faço uma luta só pela minha filha, porque a minha filha não volta. A luta que eu faço é pelos filhos de muitas, para que não tenham a vida ceifada pelo Estado. Não quero que outras mães, outros pais, vivam a dor que a gente está vivendo. Eu não quero like, eu não quero ser artista, eu não sou artista da dor. Quem queria mídia era a minha filha, que queria ser famosa. Mas ela é lembrada sempre com muito amor pelas pessoas, e isso aquece muito o meu coração. Se minha filha fosse um menino, eu ainda teria que estar brigando pela honra dela, que é o que outras mães [de vítimas] fazem, como é o caso da Ana Paula [Oliveira, mãe do Jonatha, assassinado pela polícia, em 2014, em Manguinhos] . Ela precisava provar que o filho não era traficante. Agência Brasil: Como avalia o fato de a espera pelo julgamento ter levado mais de cinco anos? Jacklline: Tenho medo de perder a minha mãe, tenho medo de ela não ver a Justiça. Às vezes, tenho vontade de morrer. Aí, eu falo comigo mesma: ‘Não posso morrer, tenho uma coisa para resolver aqui, só posso morrer no dia que essa Justiça para a minha filha acontecer’. Eu tenho esperança. Porque, mesmo passado esse tempo todo, as pessoas estão ao meu lado, ao lado da Kathlen. Minha filha não voltará. Mas a memória dela tem que ser respeitada, a história dela tem que ser contada, não pode ser apagada. Agência Brasil: A família denunciou publicamente um promotor que sugeriu que poderia arquivar o caso. O processo teria avançado sem pressão? Luciano: [O MP] Só denunciou por pressão. Jacklline: Teve um processo na Corregedoria, não sei bem, falaram que ele foi infeliz nas declarações, de sugerir que a família buscasse 'Justiça divina' e ameaçar arquivar o caso. Luciano: O último recurso deles [policiais] foi dizer que dois PMs atiraram na mesma distância. Essa foi a estratégia de defesa porque conheciam o histórico do promotor de não denunciar se houvesse alguma dúvida sobre a autoria. Agência Brasil: O que vocês acreditam ser necessário para enfrentar a letalidade e a corrupção policial? Luciano: É o que está sendo feito agora, após a ADPF 635 [ADPF das Favelas]: investigar realmente onde gira o capital, o dinheiro, quem financia e quem lucra. Estamos vendo que, por mais desesperança que a gente tenha, esse é o caminho. Agência Brasil: O que vocês esperam de mudança na sociedade a partir desse caso? Jacklline: Acabar com essa falácia de que 'bandido bom é bandido morto'. Quantas pessoas morrem sem ter nada a ver? Então, tem que acabar com essa necropolítica em que a vida é medida por cor, por CEP. A gente fala muito que vive em uma senzala contemporânea, que trocaram o chicote por um tiro de fuzil. Tem que ter uma equidade, direitos iguais. O Estado tem que entrar com recursos, educação, cultura, lazer e acabar com essa narrativa de que quem vive em favela é envolvido ou participa [do crime]. Então, a mensagem é: deixem a gente viver. Parem de nos matar. Somos vidas e somos vidas que existem para além de páginas policiais. Agência Brasil: Como veem a atuação das polícias nas comunidades? Luciano: Esse é um problema estrutural [a violência policial]. A polícia desumaniza o periférico. Isso tem que mudar. Jacklline: Para quem a gente liga quando é a polícia que mata? A pergunta é essa. Agência Brasil: Como a família lida com o luto? Jacklline: Muitas vezes, as pessoas falam: 'sua filha foi descansar'. Descansar do quê? Minha filha não estava cansada, minha filha estava cheia de sede, de vida. Minha filha estava com o ventre preenchido de vida, cheio de amor. Sabe, a gente estava no melhor momento das nossas vidas, e eu fui do céu ao inferno com 40 anos. Eu me sinto engatinhando, tentando entender ainda aquele 8 de junho, eu não saí de lá. Não tem um dia que eu não volte lá. Então, o Estado mata a gente diariamente há cinco anos e três meses e alguns dias. Não tem um dia que eu não me sinta ganhando um tiro de fuzil."	Agência Brasil	direitos-humanos	False
https://agenciabrasil.ebc.com.br/direitos-humanos/noticia/2026-10/populacao-trans-amplia-representacao-no-poder-legislativo	2026-10-05	População trans amplia representação no Poder Legislativo	Thabatta Pimenta se soma a Duda Salabert e Erika Hilton na Câmara	A eleição da deputada federal Thabatta Pimenta (PSOL-RN) ampliou a representatividade da população transexual e travesti na Câmara dos Deputados, para a qual se reelegeram Duda Salabert (PSOL-MG) e Erika Hilton (PSOL-SP). Nas assembleias legislativas estaduais, também foram eleitas pela primeira vez Natasha Ferreira (PT-RS) e Sofia Favero (PSOL-SP), que se somam às deputadas estaduais reeleitas Dani Balbi (PCdoB-RJ) e Linda Brasil (PSOL-SE). No caso de Linda Brasil, que foi a terceira deputada estadual mais votada em Sergipe, a posse ainda depende de uma decisão da Justiça Eleitoral sobre o indeferimento do Demonstrativo de Regularidade de Atos Partidários (DRAP) de toda a Federação PSOL/Rede no estado. A Associação Nacional de Travestis e Transexuais (Antra) comemorou o avanço das bancadas e também das candidaturas , que foram 116 neste ano. “Não é apenas produzir números. É registrar nossa participação política, enfrentar o apagamento e compreender os avanços e as barreiras que atravessam a presença de pessoas trans e travestis nos espaços de poder”, destaca em comunicado. De acordo com a associação, os resultados positivos dessa eleição são apenas o começo de um trabalho em defesa da democracia, dos direitos humanos e da proteção da população trans e travest i. E a presença dessa representatividade não se encerra na conquista de um mandato. “Amplia nossa capacidade de disputar direitos, proteger vidas e construir uma democracia na qual nossa comunidade também tenha poder de decisão”, conclui o informe da Antra.	Agência Brasil	direitos-humanos	False
https://agenciabrasil.ebc.com.br/direitos-humanos/noticia/2026-09/conheca-os-direitos-das-pessoas-com-deficiencia-no-dia-das-eleicoes	2026-10-01	Conheça os direitos das pessoas com deficiência no dia das eleições	Urnas contam com recursos como braile e interpretação em Libras	"Dos 158 milhões de brasileiros e brasileiras aptos a votar nas eleições de 2026, quase 2 milhões são pessoas com deficiência. O podcast VideBula , da Radioagência Nacional , explica quais são os principais direitos desses eleitores no dia das eleições. Quando a urna eletrônica foi lançada em 1996, ela já tinha teclas em braille. Desde então, nos últimos 30 anos, novos recursos são incorporados a cada eleição. Segundo o chefe da Seção de Voto Informatizado do Tribunal Superior Eleitoral (TSE), Rodrigo Coimbra, a urna eletrônica conta com diversos mecanismos de acessibilidade, com especial destaque para o suporte a eleitores com deficiência visual ou auditiva. “Na urna, o eleitor utiliza um teclado mecânico com teclas em alto relevo e clique audível. As teclas possuem indicações em braile. A tecla cinco possui destaque em relevo e a tecla confirma possui tamanho diferenciado. Essas características auxiliam os eleitores com deficiência visual"", explicou Coimbra ao VideBula. Outro mecanismo de assistência com foco nos deficientes visuais é o uso de sintetização de voz, que dá orientações faladas sobre o processo de votação, assim como a indicação da escolha feita pelo eleitor. Para o uso das orientações por voz, a Justiça Eleitoral fornece fones de ouvido para uso com a urna. Não é permitido usar fones de ouvido próprios, somente os fornecidos pela Justiça Eleitoral no dia da votação. A voz da urna guia o eleitor cego ou com baixa visão por todo o processo: informa o cargo em votação, os números digitados e o nome da candidatura escolhida. Em 2026, as pessoas com baixa visão também terão acesso a novas funcionalidades, como o uso de uma fonte de caracteres projetada para pessoas com baixa visão, que garantem uma legibilidade melhor para o texto da urna. >>OUÇA AQUI O PODCAST VIDEBULA SOBRE INCLUSÃO ELEITORAL Para pessoas com deficiência auditiva, a urna eletrônica disponibiliza interpretação na Língua Brasileira de Sinais (Libras) , que indica qual cargo está em votação, além da indicação da escolha por voto branco, nulo ou de legenda. Essa última parte, da tradução de votos brancos, nulos e em legenda, é novidade para 2026. A janela de Libras ocupa metade da altura e um quarto da largura da tela, o que garante visibilidade adequada. O design da urna também atende a eleitores de alturas diversas, como pessoas em cadeira de rodas ou com nanismo. De acordo com a legislação, o eleitor com deficiência pode votar acompanhado de uma pessoa de sua confiança. O acompanhante pode ingressar na cabine e até digitar os números na urna se necessário. Mas duas condições precisam ser observadas: Não é preciso pedir autorização com antecedência. Basta comunicar o presidente da mesa no dia da votação. Também é permitido o uso de instrumentos mecânicos de tecnologia assistiva que auxiliem os eleitores a votar, como hastes especiais para amputados, por exemplo. Os equipamentos só não podem ser eletrônicos ou comprometer o sigilo do voto. A Resolução nº 23.759/2026 do TSE assegura atendimento prioritário às pessoas com autismo no dia da votação. Não é necessário de cadastro prévio ou laudo: basta falar com o presidente da mesa na seção eleitoral. O artigo 31, parágrafo primeiro, da mesma resolução garante às pessoas com autismo, que é considerado deficiência, o direito de votar acompanhada por alguém de sua confiança, inclusive para digitar os números na urna, desde que autorizado pelo presidente da mesa."	Agência Brasil	direitos-humanos	False
https://agenciabrasil.ebc.com.br/direitos-humanos/noticia/2026-10/orgaos-publicos-no-rio-de-janeiro-terao-sala-de-apoio-amamentacao	2026-10-01	Órgãos públicos no Rio de Janeiro terão sala de apoio à amamentação	Entidades terão 180 dias para se adaptar às novas regras	O estado do Rio de Janeiro terá salas de apoio à amamentação em órgãos e entidades públicas estaduais. A medida está prevista em decreto publicado nesta quinta-feira (1º) no Diário Oficial. Todos os órgãos e entidades públicas diretas e indiretas que tenham em seus quadros servidoras, empregadas públicas ou trabalhadoras terceirizadas deverão implementar as salas de amamentação. Além de oferecer o espaço, as unidades também deverão divulgar formas de doação para bancos de leite humano. O decreto estabelece ainda as condições de infraestrutura que devem ser garantidas, como ter lavatório e freezer ou refrigerador com congelador e termômetro, de uso exclusivo para o armazenamento de leite materno, com monitoramento diário da temperatura. A medida recomenda ainda que cada sala conte com uma poltrona para cada 400 servidoras em idade fértil. O decreto entrará em vigor 180 dias após a data de sua publicação oficial, prazo para que os órgãos e entidades se adequem às novas regras. A Secretaria de Estado da Mulher e de Políticas Inclusivas, em conjunto com a Secretaria de Estado de Saúde, deverão incentivar e apoiar tecnicamente a implementação dos espaços.	Agência Brasil	direitos-humanos	False
https://agenciabrasil.ebc.com.br/direitos-humanos/noticia/2026-10/violencia-politica-no-periodo-pre-eleitoral-foi-maior-da-decada	2026-10-01	Violência política no período pré-eleitoral foi a maior da década	Mulheres são as principais vítimas, mostra estudo	"Um total de 354 casos de violência política (um a cada 44 horas), entre 28 de outubro de 2024 e 15 de agosto de 2026, representou o mais grave período pré-eleitoral da década, aponta estudo divulgado nessa quarta-feira (30) pelas organizações de direitos humanos Terra de Direitos e Justiça Global. Para a coordenadora de incidência política da ONG Terra de Direitos, Gisele Barbieri, o cenário configura grave ameaça não apenas à vida de mandatários, mas à sustentabilidade do regime democrático e das instituições. As mulheres foram vítimas de metade (50,6%) de todos os episódios de violência política. Elas ocupam apenas cerca de 18% das cadeiras legislativas do país, de acordo com dados do Tribunal Superior Eleitoral (TSE). Gisele defende uma atuação conjunta do Estado para enfrentar a situação. “Principalmente no que se refere aos casos contra mulheres, cisgêneras, transexuais e travestis que foram metade das vítimas dos episódios de violência política”, afirma. A violência física (agressões, atentados e assassinatos) tem homens como alvos em 77,2% dos casos. Já a violência simbólica (ameaças e ofensas) atingiu mais as mulheres (58,3%). Ameaças de violência sexual (31 casos) e episódios com conteúdo de conotação sexual ou comentários sobre o corpo e aparência (67 casos) tiveram 100% dos casos relacionados a mulheres. O estudo, que chegou à quarta edição, mostra que 96,3% dos episódios ocorreram contra ocupantes de cargos eletivos. “A violência política contra as mulheres é sistêmica e evidencia o quanto o nosso sistema democrático impede o acesso das mulheres aos espaços de poder e decisão”, acrescenta a pesquisadora. Segundo uma das coordenadoras da pesquisa, Franciele Petry, a violência política pode intimidar novas candidaturas . “A violência política precisa ser enfrentada porque sua reprodução impede justamente uma participação plena e efetiva de determinados grupos e corpos”. Isso inclui, na sua opinião, as mulheres, as pessoas negras , as transexuais e as pessoas LGBTQIAP+. “Não é possível afirmar que estamos em uma democracia plena se os espaços de representação não são ocupados por essa diversidade"", diz Franciele. De acordo com as entidades, os números da campanha eleitoral de primeiro turno serão divulgados na próxima semana. Em 2025, ano sem eleições, houve 225 casos registrados. Entre as mulheres vítimas de violência política, uma em cada três era preta (64 de 179 casos). Entre os homens, um em cada nove. Mulheres representaram 64 dos 84 episódios contra pessoas pretas, e onze delas eram trans ou travestis. Quatro mulheres indígenas e uma amarela também foram vítimas. Entre as vítimas, das 32 pessoas que sofreram ataques repetidos ao longo desse período pré-eleitoral, 23 foram mulheres. O levantamento ainda mostra que as quatro ameaças do período assinadas por grupos ou perfis declaradamente neonazistas ou supremacistas tiveram como alvo mulheres pretas, em quatro estados de quatro regiões diferentes: a prefeita Professora Nilda (RN) e as vereadoras Alice Carvalho (RS), Vivi Reis (PA) e Adriana Gerônimo (CE). Saiba mais sobre a pesquisa no Repórter Brasil Tarde, da TV Brasil Pelo menos 63% dos casos se concentraram na política municipal (vereadores e prefeitos), as maiores vítimas da série histórica. Ao menos 24 dos 28 episódios com intenção de matar (incluindo 10 dos 11 assassinatos e 14 dos 17 atentados registrados) ocorreram contra políticos que atuam nos municípios. “A pesquisa mostra que inclusive grupos criminosos e até mesmo policiais estão entre os responsáveis pelos atos de violência. Estamos diante de um cenário que ameaça não apenas a vida de representantes políticos, mas também o funcionamento das instituições democráticas”, afirma a diretora executiva da Justiça Global, Glaucia Marinho,. Vereadores e vereadoras correspondem a 49,6% das vítimas, com 176 dos episódios identificados. Foram registrados, em média, três episódios de violência para cada mil vereadores eleitos em 2024. Gisela Barbieri lamenta que a maior parte dos casos de violência política fique impune . “Precisamos de respostas urgentes para esses crimes, exigindo do Estado a aplicação das sanções previstas na Lei 14.192 , aprovada em 2021, para prevenir, reprimir e combater a violência política contra a mulher”. Pelo menos 300 episódios (84,5%) tiveram denúncia formal ou pública, mas apenas 46 casos (13%) contam com apuração judicial ou policial em curso e somente nove deles (2,5% do total) resultaram em punição efetiva dos autores. A pesquisa indica que em 64 episódios (18,1% do total) o agressor também tinha mandato eletivo ou cargo público . Policiais e outros agentes estatais são os agressores em 29,9% dos casos. Em 52 dos episódios, as agressões ocorreram dentro do próprio local de trabalho parlamentar."	Agência Brasil	direitos-humanos	False
https://agenciabrasil.ebc.com.br/direitos-humanos/noticia/2026-09/onu-lanca-propostas-para-protecao-das-mulheres	2026-09-24	ONU lança propostas para proteção das mulheres	Carta busca compromisso de partidos e candidatos	A poucos dias das eleições, a Organização das Nações Unidas (ONU) Mulheres lançou um documento com propostas voltadas para a proteção e maior protagonismo das mulheres. O objetivo é incentivar partidos e candidatos a se comprometerem com temas importantes para a população feminina. O documento traz dez propostas que incluem paridade entre homens e mulheres nos espaços de poder, fim da violência política de gênero e raça, combate ao machismo e a violência contra mulheres, políticas de cuidados e renda e justiça climática. Todas elas têm sugestões concretas para serem implementadas pelo Estado e agentes públicos. A representante da ONU Mulheres no Brasil, Gallianne Palayret, diz que as promessas dos candidatos precisam ser concretas. “Palavras bonitas sobre mulheres já existem em quantidade suficiente no Brasil. O que esperamos é compromisso que caiba em três critérios: sua sugestão tem meta? Tem orçamento? Tem prazo? Um compromisso que não responde a essas três perguntas não muda a vida de nenhuma mulher”. 1 - Assumir a paridade como meta. Definir prazos e metas numéricas para ampliar a presença de mulheres, em toda a sua diversidade, nos cargos eletivos, cargos de nomeação, lideranças do Legislativo e na direção dos partidos. 2 - Fazer valer as cotas eleitorais 3 - Fazer a Lei 14.192/2021 funcionar na prática e no ambiente digital. 4 - Definir metas e orçamento próprio para evitar a violência antes que ela aconteça, com educação para a igualdade, e responder, quando ela ocorre, com serviços especializados em todo o país, medidas protetivas cada vez mais eficazes, investigação e respostas rápidas. 5 - Tratar o machismo como problema público, com uma estratégia permanente e financiada para mudar as normas que naturalizam a violência e limitam os direitos das mulheres. Envolver homens e meninos, responsabilizar agentes públicos e empresas que reproduzem estereótipos 6 - Garantir formação, contrato formal, salário digno e proteção social às trabalhadoras do cuidado 7 - Garantir às mulheres salário igual, trabalho formal e proteção social 8 - Fazer o financiamento climático chegar a quem protege o território 9 - Garantir a participação paritária e efetiva de mulheres, especialmente indígenas, negras, quilombolas e de povos e comunidades tradicionais, em órgãos de governança climática e na formulação e implementação de políticas 10 - Garantir que toda política climática questione a quem ela alcança e quem ela deixa de fora. Isso significa gênero e raça como critério obrigatório.	Agência Brasil	direitos-humanos	False
https://agenciabrasil.ebc.com.br/direitos-humanos/noticia/2026-09/rio-operacao-policial-na-mare-deixa-um-morto-e-10-feridos	2026-09-28	Rio: operação policial na Maré deixa um morto e 10 feridos	Criminosos usaram ônibus escolares como barricadas	"Uma operação da Polícia Militar nas comunidades do Timbau e Baixa do Sapateiro, no Conjunto de Favelas da Maré, na zona norte do Rio de Janeiro, deixou 10 homens feridos, entre eles um PM, e um morto. Todos foram levados para o Hospital Federal de Bonsucesso. Conforme o hospital, uma vítima tem estado grave. Durante a ação, dois ônibus com alunos da Escola Eleva que iam para uma excursão escolar foram sequestrados por criminosos e usados como barricada para atrapalhar a atuação dos policiais no local. Depois da atuação de policiais militares, os alunos foram transferidos para outros ônibus e seguiram viagem. Na ação, dois adolescentes, um de 12 anos e outro de 15 anos, foram atingidos pelos tiros. De acordo com a ONG Redes da Maré, a criança de 12 anos foi atendida e liberada. O jovem de 15 anos permanece em atendimento. A equipe da ONG apurou também que três pessoas foram mortas no confronto e que ainda há possibilidade de mais mortes. Essa informação não foi confirmada pela PM. Segundo a Secretaria de Estado da Polícia Militar, a ação, que começou nas primeiras horas da manhã desta segunda-feira (28) e ainda não foi encerrada, tem o objetivo de “combater a atuação de criminosos e reprimir atividades relacionadas ao tráfico de drogas e à circulação de armas na região”. Participam da operação cerca de 200 policiais militares de unidades especializadas, entre elas o Batalhão de Operações Policiais Especiais (BOPE), o Batalhão Tático de Motociclistas (BTM), o Batalhão de Polícia de Choque (BPChq) e o Batalhão de Ações com Cães (BAC). “A operação também conta com o emprego de equipamento aeromóvel da Polícia Militar e sete veículos blindados”, completou a secretaria Os policiais apreenderam 12 fuzis e cinco pistolas, além de granadas, drogas e munições. Também foi recuperado um veículo. A Secretaria Estadual de Saúde informou que as unidades da rede estadual estão funcionando normalmente. Já na rede municipal, quatro unidades de Atenção Primária da região suspenderam o funcionamento para a segurança de profissionais e usuários. Na rede estadual de ensino, duas escolas precisaram ser fechadas na região, segundo a Secretaria de Estado de Educação. Na rede municipal, conforme a Secretaria de Educação da capital, 41 unidades escolares foram impactadas pelas operações policiais. Em nota, a ONG Redes da Maré informou que acompanha a ação policial na região e atende aos moradores que tiveram direitos violados em um plantão de acolhimento presencial e via WhatsApp. As informações coletadas com moradores “são reunidas e encaminhadas ao monitoramento do Grupo de Trabalho da Arguição de Descumprimento de Preceito Fundamental 635, conhecida como ADPF das Favelas, que tem o objetivo de combater a letalidade policial em operações no Rio de Janeiro. A manhã desta segunda-feira também foi movimentada  na Cidade de Deus, na zona sudoeste do Rio, onde policiais do 18º BPM (Jacarepaguá) fizeram operação para “reforçar o policiamento na região, coibir roubos de veículos e localizar automóveis roubados para prática de crimes"". Os policiais fizeram ainda buscas por materiais ilícitos. Também na Cidade de Deus, criminosos usaram ônibus como barricadas. O trânsito nas vias da comunidade ficou prejudicado. A Secretaria de Estado da Polícia Militar informa que não foram registradas apreensões."	Agência Brasil	direitos-humanos	False
https://agenciabrasil.ebc.com.br/direitos-humanos/noticia/2026-09/geledes-lanca-guia-para-acesso-politicas-de-cuidados	2026-09-27	Geledés lança guia para acesso às políticas de cuidados	Manual é dividido em ações específicas para diferentes públicos	"Quais os direitos de populações que exercem o trabalho de cuidado no Brasil? Quais políticas de Estado podem contribuir para que essas pessoas tenham uma vida mais digna? As respostas estão no Guia de Acesso a Políticas de Cuidado lançado nesta sexta-feira (25) pelo Geledés - Instituto da Mulher Negra . De maneira simples e didática, o manual apresenta quais os passos para conseguir acesso a políticas públicas . As informações vão desde os documentos necessários e como abrir uma conta no portal sougov.br ou acessar o SUS digital até um resumo de todas as políticas voltadas para cada população. A publicação aponta que historicamente, o trabalho do cuidado tem sido invisibilizado, exaustivo e desvalorizado. ""Milhões de mulheres, majoritariamente negras e periféricas, atuam na manutenção da vida e do bem-estar social, vivem sem o devido amparo econômico e institucional do Estado por essa atividade, que contribui para o desenvolvimento do país na medida em que outras vidas se tornam funcionais devido ao cuidado de outras pessoas que ficaram sob suas responsabilidades”. O Guia é dividido em políticas específicas para crianças e adolescentes, pessoas idosas, pessoas com deficiência e trabalhadoras e trabalhadores do cuidado remunerado e não remunerado. Além disso, há uma parte específica para públicos com recorte de vulnerabilidade como: mães-solo e mulheres chefes de família, famílias em extrema pobreza, pessoas em privação de liberdade e seus familiares, parentes de vítimas de feminicídios (mães e órfãos), populações de comunidades tradicionais como indígenas e quilombolas e imigrantes. “Vamos celebrar as conquistas coletivas e refletir sobre os caminhos para o fortalecimento de políticas de cuidado que reconheçam as realidades, os saberes e as demandas das mulheres negras”, reforça a Coordenadora de Formação, Cuidado e Emancipação do Geledés, Nilza Iraci. Os trabalhadores do cuidado remunerado são as domésticas, babás, cuidadores de idosos ou pessoas acamadas e também os cuidadores e educadores sociais. Já as trabalhadoras não remuneradas são normalmente mães, filhas, avós e lideranças comunitárias que dedicam suas vidas ao suporte de familiares e vizinhos sem receber qualquer contrapartida financeira. Segundo a Organização das Nações Unidas (ONU) Mulheres, as mulheres brasileiras dedicam quase dez horas por semana a mais que os homens ao trabalho de cuidado. “São 10 horas que não sobram para estudar, para trabalhar, para participar da vida pública. Por isso, a política de cuidado é também uma política de democracia”, diz a representante da ONU Mulheres no Brasil Gallianne Palayret. Apesar da importância do tema, a lei que institui a Política Nacional de Cuidados no Brasil é recente: foi sancionada em dezembro de 2024. O objetivo da política é olhar de maneira diferenciada para quem cuida e elaborar projetos como aumento de creches e lares de acolhimento de idosos, por exemplo."	Agência Brasil	direitos-humanos	False
https://agenciabrasil.ebc.com.br/direitos-humanos/noticia/2026-09/fotografo-tomaz-silva-da-agencia-brasil-vence-premio-vladimir-herzog	2026-09-30	Fotógrafo Tomaz Silva, da Agência Brasil, vence Prêmio Vladimir Herzog	Imagem humanizou luto em meio à operação policial mais letal do Rio	"O fotógrafo Tomaz Silva, da Agência Brasil , venceu o Prêmio Jornalístico Vladimir Herzog de Anistia e Direitos Humanos deste ano pelo trabalho Viúva se despede do marido morto na operação policial mais letal do Rio de Janeiro . O anúncio foi feito nesta quarta-feira (30). A fotografia retrata a dor de Fernanda da Silva Martins, ao abraçar o corpo do companheiro, e foi feita no Complexo da Penha, em outubro de 2025 . A imagem foi republicada em jornais e sites do país e do exterior. Segundo a comissão julgadora do prêmio, o trabalho expõe como nenhum outro o impacto emocional que as mortes deixaram sobre a comunidade. “É na imagem de Tomaz Silva, da EBC, que essa tragédia mostra sua dimensão mais dolorosa, revelando a dor de quem perdeu os seus”, diz nota do relatório da comissão julgadora do prêmio. O fotógrafo Tomaz Silva conta que, no dia em que fez a fotografia, chegou cedo ao Complexo da Penha, por volta das 7h da manhã, e se deparou com os corpos estendidos no chão e o “cheiro forte da chacina”. Durante o dia, outras dezenas de corpos foram levados por moradores em caminhonetes e estendidos no asfalto . O profissional conta que foi impossível ficar indiferente ao sofrimento coletivo. “Quando eu fiz a foto, eu decidi me abaixar por entender que seria mais importante dar visibilidade às pessoas que estavam sofrendo, e não à massa de corpos. E quando eu me abaixei, eu acabei encostando em um dos corpos das vítimas. Nesse momento, eu também chorei, vendo tudo aquilo”, conta Tomaz. O fotógrafo entende que o prêmio ajuda a valorizar e fortalecer a comunicação pública no país. “Fico muito emocionado pela escolha, por ter sido um trabalho feito por uma mídia pública e ter sido amplamente divulgado. A foto foi capa de muitos jornais. Isso me dá ânimo e esperança de conseguir fazer um trabalho cada vez melhor para a comunicação pública e para o país”, diz Tomaz. No dia 28 de outubro de 2025, foi realizada a maior e mais letal operação policial do Rio de Janeiro. O balanço oficial aponta que a Operação Contenção deixou 122 pessoas mortas, incluindo três policiais civis e dois militares . Foi um dia de medo para os mais de 150 mil habitantes dos complexos da Penha e do Alemão , que passaram horas debaixo de tiros e explosões em uma operação policial que afetou também todos aqueles que precisaram transitar pelas principais vias da cidade, em diversos bairros da capital fluminense. Fernanda da Silva Martins, mesmo viva, é uma das vítimas da operação. Em janeiro de 2026, a reportagem da Agência Brasil localizou e conversou com ela . Na ocasião, Tomaz Silva pôde fotografá-la outra vez, além de saber o que ela mesma pensava sobre a foto que percorreu o Brasil e outros países: ""Ali, sentiram a minha dor. Muita gente [me] crucificou, mas outras me ligaram, se comoveram. A foto foi de um sentimento muito real"", disse Fernanda. A presidente da EBC, Antonia Pellegrino, destacou a relação entre os trabalhos premiados e a missão do jornalismo público. ""Os dois trabalhos premiados levam o público a lugares onde a dor costuma ficar escondida: o chão da Penha no dia da operação policial mais letal da história do Rio e o interior das casas onde mulheres ainda são mantidas em condição de escravidão. Essa é a vocação do jornalismo público: dar visibilidade a quem o país insiste em não ver e colocar os direitos humanos no centro da cobertura. O Prêmio Vladimir Herzog carrega a memória de um jornalista assassinado pela ditadura por fazer o seu trabalho. A EBC foi premiada duas vezes nesta edição. Esse resultado mostra a consistência das equipes da Agência Brasil e da TV Brasil. Parabenizo Tomaz Silva, Marieta Cazarré e toda a equipe do Caminhos da Reportagem. Parabenizo também Thiago Padovan e os colegas de O Eterno Abril de Carajás, que chegaram à final"", disse Antonia. A diretora de Jornalismo da EBC, Myrian Pereira, também reconheceu o trabalho das equipes da empresa. ""Esses dois prêmios são motivo de orgulho para a EBC e reconhecem a força das nossas equipes. Tanto a fotografia de Tomaz Silva quanto o Caminhos da Reportagem sobre trabalho escravo doméstico colocam no centro pessoas cujas dores e histórias precisam ser vistas e ouvidas. São trabalhos que rompem o silêncio, expõem violações e nos convocam a enfrentar essas realidades. Esse é o compromisso do jornalismo público que fazemos: informar com rigor e sensibilidade, em defesa dos direitos humanos e da democracia"", disse Myrian. Desde a sua primeira edição, concedida em 1979, o prêmio celebra a vida e obra do jornalista Vladimir Herzog, torturado e assassinado pela ditadura civil-militar no dia 25 de outubro de 1975 , nas dependências do Destacamento de Operações de Informações do Centro de Operações de Defesa Interna (DOI-CODI), em São Paulo. Em 2026, na 48ª edição, a premiação homenageia e reconhece o trabalho de jornalistas, repórteres fotográficos e artistas do traço que, por meio do trabalho cotidiano, defendem a democracia, a justiça e os direitos humanos."	Agência Brasil	direitos-humanos	False
https://agenciabrasil.ebc.com.br/direitos-humanos/noticia/2026-09/whatsapp-lanca-regras-para-controle-parental-no-brasil-saiba-como	2026-09-30	WhatsApp lança regras para controle parental no Brasil; saiba como	Pais serão avisados com quem adolescente está conversando no app	A empresa Meta, dona do WhatsApp, anunciou nesta quarta-feira (30) uma série de recursos para que pais, mães e responsáveis possam ter mais controle sobre como os adolescentes usam o aplicativo. Os responsáveis vão definir quem poderá ver a foto de perfil do adolescente e quem pode adicioná-lo a um grupo . Também receberá uma mensagem para avisar com quem o jovem está conversando, quando ele for adicionado ou sair de um grupo e quando um grupo do qual ele faz parte adicionar vários novos integrantes . Os pais também poderão escolher qual o tipo de experiência de Inteligência Artificial da Meta os adolescentes terão acesso : a configuração padrão, para maiores de 13 anos, ou uma opção mais rigorosa, com conteúdo limitado. Todas essas configurações só podem ser modificadas por meio de PIN, definido pelo responsável. Apesar do controle, o conteúdo das conversas e ligações continuará privado e protegido por criptografia ponta a ponta. Ao anunciar a mudança, a Meta informou ainda que trabalha em novos controles parentais baseados em pedidos feitos pelas famílias. Criado há um ano, o Estatuto Digital da Criança e do Adolescente estabeleceu uma série de normas para proteção de crianças e adolescentes em ambientes digitais como redes sociais, jogos e aplicativos. Entre as regras, está o controle parental obrigatório como monitoramento das atividades pelos pais através de vinculação de contas. As empresas ficam obrigadas a criar mecanismos de controle para averiguar a idade do usuário e bloquear conteúdos impróprios. A lei também proíbe as empresas de tecnologia de coletar dados excessivos de menores e rastrear comportamentos para sugerir produtos e serviços. A configuração precisa ser feita primeiro no celular do adolescente: No celular do responsável: Saiba mais no Repórter Brasil Tarde, da TV Brasil	Agência Brasil	direitos-humanos	False
https://agenciabrasil.ebc.com.br/direitos-humanos/noticia/2026-09/policial-e-preso-em-cajamar-na-grande-sp-por-suspeita-de-feminicidio	2026-09-28	Policial é preso em Cajamar, na Grande SP, por suspeita de feminicídio	Felipe Arthur Bugni e Aline Alves Bugni eram casados há 10 anos	"O policial penal Felipe Arthur Bugni, de 40 anos, foi preso na noite deste domingo (27) suspeito de matar a esposa Aline Alves Bugni, de 31 anos, dentro de uma casa na cidade de Cajamar, na região metropolitana de São Paulo. Aline e Felipe eram casados havia cerca de dez anos e tinham uma filha de 9 anos. Segundo a Secretaria Estadual de Segurança Pública de São Paulo (SSP-SP), a morte foi constatada no local por uma equipe médica. ""A ocorrência foi inicialmente registrada como morte suspeita e a dinâmica dos fatos é apurada, inclusive sob a hipótese de feminicídio. O marido da vítima foi preso em flagrante pelos crimes de violência psicológica contra a mulher, lesão corporal e ameaça, após se envolver em agressões contra familiares da vítima”, informou a SSP-SP. Segundo a secretaria, duas armas de fogo, carregadores e aparelhos celulares foram apreendidos. Além disso, foram requisitados exames periciais no local para auxiliar no esclarecimento das circunstâncias da morte. Confira mais informações sobre o assunto no Repórter Brasil , da TV Brasil O estado de São Paulo registrou 142 casos de feminicídio no primeiro semestre deste ano. O número revela aumento de 10% em relação a igual período de 2025, quando houve 129 vítimas. Esses são os dados são os mais atualizados, segundo o portal da Secretaria da Segurança Pública (SSP) do estado. Considerando apenas o mês de junho, o número de feminicídios caiu de 21, em 2025, para 17, vítimas, em 2026. No entanto, junho registrou aumento em outros indicadores de violência contra a mulher: estupro de vulnerável e descumprimento de medida protetiva de urgência (MPU); e agressão física, perseguição e violência psicológica, em contexto de violência doméstica. Os registros de descumprimento de MPU somaram 2.099 em junho deste ano. O número revela uma alta de 23,3% em relação ao mesmo mês do ano passado, quando houve 1.702 casos. Segundo as estatísticas criminais, foram 5.604 registrados casos de lesão corporal dolosa contra mulheres em junho de 2026, o que representa aumento de 10,5% em relação a igual período de 2025, quando houve 5.069 registros. As vítimas do crime de estupro de vulnerável passaram de 719 para 848, de junho do ano passado para o mesmo mês deste ano, ou seja, 129 vítimas a mais. No mesmo período de comparação, os registros de perseguição aumentaram de 2.731 para 3.037, enquanto as ocorrências de violência psicológica passaram de 326 para 509."	Agência Brasil	direitos-humanos	False
https://agenciabrasil.ebc.com.br/direitos-humanos/noticia/2026-09/quilombo-urbano-na-zona-sul-do-rio-guarda-licoes-de-resistencia	2026-09-27	Quilombo urbano na zona sul do Rio guarda lições de resistência	Comunidade foi tombada pelo Iphan na semana passada	"É em um quintal com coqueiro, goiabeira, bananeiras, uma paineira-rosa e um raro pé de abiu que vivem as 14 famílias do Quilombo Urbano Ferreira Diniz. A comunidade fica na Glória, na zona sul do Rio de Janeiro, e foi tombada pelo Instituto do Patrimônio Histórico e Artístico Nacional (Iphan) . O local se tornou ponto de encontro dos amantes da tradicional feijoada da Tia Cida e também representa a resistência comunitária em meio à especulação imobiliária no bairro . O tombamento cobre toda a área do terreno, na Rua Cândido Mendes, e incluiu o quintal e os casarões, referências culturais e espaços de uso comunitário. Como desdobramento da proteção, o Iphan pretende fazer um inventário de manifestações culturais do quilombo. Uma das atividades que mais atrai pessoas à comunidade é a Feijoada da Tia Cida, como é carinhosamente chamada Maria Aparecida Ferreira. Às sextas-feiras, desde cedo, ela é encontrada entre as panelas de feijoada. O prato é servido aos visitantes no quintal, ponto de encontro e polo gastronômico. As famílias do quilombo, Ferreira e Diniz, estão desde a década de 1950 no terreno, quando a matriarca Maria Isabel Ferreira, descendente de africanos escravizados de Minas Gerais, se mudou para o casarão principal, ao se casar com o zelador do prédio, Antônio Dias Pessanha. O imóvel funcionava como uma antiga hospedagem. A família ampliada e os casarões ─ abandonados pelos antigos donos ─ resistiram aos anos. Os Ferreira e os Diniz, ambos grupos com raízes em Minas, cresceram e, em 2023, por se manterem em comunidade e terem laços que refletem o passado colonial, foram reconhecidos pela Fundação Cultural Palmares como quilombolas. Naquela época, o quintal já recebia clientes da Tia Cida, que, após a pandemia, fez do espaço um restaurante como forma de sobrevivência e de visibilidade à causa. Cida é uma conhecida cozinheira de mão cheia na cidade. Trabalhou no comércio e vendeu marmitas, até que a fama do quintal atraiu produtores de conteúdo sobre gastronomia em redes sociais e a demanda aumentou. Tradição recente no bairro, a feijoada conta com outros quilombolas, que fazem o atendimento. O evento remunera as famílias e também mobiliza para ações na comunidade. “Eu me sinto muito honrada em fazer essa feijoada, lembro da minha mãe, das minhas mais velhas”, disse Tia Cida. Ela conta que o primeiro feijão que cozinhou na vida “foi uma catástrofe”, quando ela decidiu que iria “fazer o melhor feijão do mundo”. “Hoje, quando cozinho, eu me concentro para passar para as pessoas que comam da minha comida, saúde e força, para que saiam daqui do quintal alegres.” Um dos 13 quilombos urbanos do estado do Rio, de um total de 54, segundo a Associação Estadual das Comunidades Quilombolas do Rio de Janeiro, o Ferreira Diniz atrai cariocas e turistas. Muitos vêm, pela feijoada, mas a história também interessa, comenta a psicóloga Brenda Pimentel Torres. Ela reuniu a família para um almoço no local e disse que estar em um espaço de resistência é um diferencial. ""Há um apagamento da história dos negros [no Brasil] e essas pessoas aqui estão resistindo, sobrevivendo, inclusive, ao racismo"", disse Brenda. Ela comemorou o tombamento da área pelo Iphan, e lembrou que a escravidão, no Brasil, foi um processo recente. ""A sociedade ainda precisa conhecer melhor o que aconteceu e como essas pessoas resistiram e resistem, como aqui no quilombo"", disse. Localizado no bairro da Glória, o quilombo foi o primeiro do estado a ser tombado pelo Iphan, que reconheceu a importância histórica e cultural da comunidade, assim como as pressões enfrentadas por seus moradores, como o alto custo de vida. O endereço, afirma o órgão, é uma “espécie de ilha verde” em meio a prédios altos e que “resiste à lógica individualizada dos apartamentos ao redor” e à gentrificação. “O tombamento cumpre múltiplas funções”, explicou Patricia Corrêa, superintendente do Iphan no Rio de Janeiro, na reunião que oficializou a decisão. “Jurídica, ao estabelecer restrições de demolição, descaracterização e intervenções incompatíveis com o valor cultural reconhecido; territorial, ao consolidar o reconhecimento do espaço como um bem cultural coletivo e não como mera mercadoria imobiliária; simbólica, ao afirmar publicamente a relevância histórica e social da presença negra naquele território urbano; e reparatória, ao enfrentar o apagamento e expulsão das comunidades negras das áreas centrais e valorizadas das cidades”. O quintal, tratado pelo Iphan como polo gastronômico e cultural, além de servir a feijoada que custeia ainda a manutenção do casarão, é o coração da comunidade. Crianças jogam bola, moradores organizam festas, algumas religiosas, como Folia de Reis e São Jorge, celebram aniversários e organizam rodas de capoeira, entre outras atividades. Já o principal casarão, de estilo neoclássico, um exemplar de moradias de luxo construídas no bairro no início do Século 20, é onde estão subdivididas as moradias das famílias, que fizeram dos amplos cômodos da antiga hospedagem seus apartamentos. O prédio necessita de reforma para oferecer melhores condições aos habitantes. A expectativa da presidenta da Associação da Comunidade do Ferreira Diniz, Érida Ferreira, é que o tombamento impulsione o reconhecimento da posse coletiva do imóvel pelo Instituto Nacional de Colonização e Reforma Agrária (Incra). Procurado pela Agência Brasil , o instituto respondeu que acompanha o processo, que ainda está em fase inicial. Com a escritura em mãos, a comunidade espera acessar programas de reforma do casarão. A regularização fundiária também protege a comunidade de desapropriações e da eventual venda fracionada do terreno por herdeiros do grupo. Érida e a família celebraram o tombamento e anunciaram uma festa com roda de samba no sábado (26). Historiadora formada pela Universidade Estadual do Rio de Janeiro (Uerj), ela explicou que o diferencial da medida do Iphan é que incluiu a comunidade como parte do bem tombado. “É o tombamento de cultura, de patrimônio vivo, da comunidade de nossa história, que está enraizada na Glória”, completou ela. ""Dar condições de permanência à comunidade é garantir um futuro com mais diversidade”, acrescentou. Para que a comunidade seja reconhecida pelo Incra, é necessário vencer uma série de etapas. A primeira delas é a elaboração de um estudo técnico, a cargo da Escola de Arquitetura e Urbanismo da Universidade Federal Fluminense (UFF). A professora Ana Carmen Amorim Jara Casco é responsável por levantar o histórico das famílias e relatar o seu modo de vida no terreno, em documento que será entregue pela comunidade ao Incra até o final de 2026. Ela observa a comunidade nos últimos três anos e diz que os quilombolas têm muitas lições a dar sobre o passado e sobre a formação do Brasil, mas também para o futuro da humanidade. “No quilombo, uma criança, por exemplo, não é filha do ‘fulano’, mas filha de todo mundo, todo mundo cuida dela, se preocupa com ela, se ela vai para escola, se tem lanche, se almoçou, se está doente, é um modo de vida coletivo completamente diferente do que a gente vê num prédio ou em condomínio fechado”, pontuou. Conhecer a formação dos quilombos e da própria população negra brasileira, acrescentou a estudiosa, é “reconhecer o papel inestimável deles na construção do país, do que nós somos hoje; o Brasil não é o Brasil sem a contribuição dessas pessoas”, lembrou."	Agência Brasil	direitos-humanos	False
https://agenciabrasil.ebc.com.br/direitos-humanos/noticia/2026-09/caminhos-da-reportagem-da-tv-brasil-vence-premio-vladimir-herzog	2026-09-30	Caminhos da Reportagem, da TV Brasil, leva Prêmio Vladimir Herzog	Episódio aborda o trabalho doméstico análogo à escravidão	"O episódio Trabalho escravo doméstico: silêncio e servidão , do programa Caminhos da Reportagem, da TV Brasil, venceu a categoria vídeo da 48ª edição do Prêmio Jornalístico Vladimir Herzog de Anistia e Direitos Humanos. O anúncio foi feito nesta quarta-feira (30). A produção jornalística, que foi ao ar em 20 de abril de 2026, leva ao telespectador histórias de mulheres que foram submetidas a condições análogas à escravidão e discute formas de aprimorar o pós-resgate. “Este trabalho é fruto de um esforço coletivo da equipe do Caminhos da Reportagem, da TV Brasil, da qual tenho muito orgulho de fazer parte. Receber o 48º Prêmio Vladimir Herzog de Anistia e Direitos Humanos é um reconhecimento que, para nós, também reafirma a importância e a responsabilidade da comunicação pública no Brasil”, destacou a repórter Marieta Cazarré. “Falar sobre trabalho escravo doméstico é especialmente desafiador porque essa violação acontece dentro das casas brasileiras, muitas vezes longe dos olhos da sociedade.”, acrescentou. São apresentados casos como o de Madalena Gordiano, que foi resgatada da situação de trabalho análogo à escravidão em Patos de Minas, no final de 2020. A reportagem conta que ela chegou à casa da família que a explorou como uma “afilhada”, mas foi submetida a mais de 30 anos de trabalho doméstico sem salário nem acesso a documentos. A repercussão desse caso na época em que veio a público levou a novas denúncias e a mais resgates de mulheres em situação de trabalho doméstico análogo à escravidão no país. Para Paulo Leite, editor de texto do programa, “é um orgulho imenso vencer um prêmio tão importante contando histórias que ficaram anos ou décadas escondidas. É a comunicação pública fazendo seu papel. Agradeço a quem topou conversar conosco e a todos que participaram desse projeto.” Já a produtora Patrícia Araújo agradeceu aos parceiros do Rio de Janeiro, São Paulo e da Rede Minas, que registraram com extrema sensibilidade cada depoimento dessas mulheres que tiveram anulados seus direitos, sua identidade e sua dignidade. “Nós só colocamos luz sobre essas histórias, esperando que os horrores da escravidão doméstica não mais se repitam no País. Daí a importância de um Prêmio como Vladimir Herzog, que reconhece o jornalismo público como fonte de Direitos Humanos no Brasil. Muito honrada!” Participaram da equipe de produção do episódio Marieta Cazarré, Paulo Leite, Ana Graziela Aguiar, Ana Passos, Cleiton Freitas, Patrícia Araújo, Gabriel Penchel, JM Barboza, Rogério Verçoza, Sigmar Gonçalves, Alexandre Souza, Marcelo Vasconcelos, Rafael Carvalho, Rivaldo Martins, Aleixo Leite, Caroline Ramos, Wagner Maia. O Caminhos da reportagem também concorria ao prêmio com outro finalista, o episódio O Eterno Abril de Carajás: 30 anos de um massacre . O programa repercute uma das maiores repressões policiais da história do país no campo, que resultou em 21 mortes e dezenas de feridos em Eldorado do Carajás, no Pará, em 1996. O programa foi exibido em 13 de abril de 2026. Participaram da produção Thiago Padovan, Acácio Barros, JM Barboza, Rafael Carvalho, Márcio Garoni, Rodrigo Botosso, Nelson Lin, Fábio de Albuquerque. A Agência Brasil também foi premiada nesta edição do Vladimir Herzog . A foto Viúva se despede do marido morto na operação policial mais letal do Rio de Janeiro , do fotógrafo Tomaz Silva, foi a escolhida pelo júri da premiação. A fotografia retrata a dor de Fernanda da Silva Martins, ao abraçar o corpo do companheiro, morto na operação policial mais letal da história do Rio de Janeiro, em outubro de 2025. A imagem foi republicada em jornais e sites do país e do exterior. A premiação é uma homenagem ao jornalista Vladimir Herzog, torturado e assassinado pela ditadura militar em 25 de outubro de 1975, nas dependências do Destacamento de Operações de Informações do Centro de Operações de Defesa Interna (DOI-Codi), em São Paulo. O DOI-Codi foi o principal órgão de repressão política, detenção e tortura do regime militar (1964-1985) .À época, a versão oficial apresentada pelo regime militar era de que Herzog havia cometido suicídio. A presidente da EBC, Antonia Pellegrino, destacou a relação entre os trabalhos premiados e a missão do jornalismo público. ""Os dois trabalhos premiados levam o público a lugares onde a dor costuma ficar escondida: o chão da Penha no dia da operação policial mais letal da história do Rio e o interior das casas onde mulheres ainda são mantidas em condição de escravidão. Essa é a vocação do jornalismo público: dar visibilidade a quem o país insiste em não ver e colocar os direitos humanos no centro da cobertura. O Prêmio Vladimir Herzog carrega a memória de um jornalista assassinado pela ditadura por fazer o seu trabalho. A EBC foi premiada duas vezes nesta edição. Esse resultado mostra a consistência das equipes da Agência Brasil e da TV Brasil. Parabenizo Tomaz Silva, Marieta Cazarré e toda a equipe do Caminhos da Reportagem. Parabenizo também Thiago Padovan e os colegas de O Eterno Abril de Carajás, que chegaram à final"", disse Antonia. A diretora de Jornalismo da EBC, Myrian Pereira, também reconheceu o trabalho das equipes da empresa. ""Esses dois prêmios são motivo de orgulho para a EBC e reconhecem a força das nossas equipes. Tanto a fotografia de Tomaz Silva quanto o Caminhos da Reportagem sobre trabalho escravo doméstico colocam no centro pessoas cujas dores e histórias precisam ser vistas e ouvidas. São trabalhos que rompem o silêncio, expõem violações e nos convocam a enfrentar essas realidades. Esse é o compromisso do jornalismo público que fazemos: informar com rigor e sensibilidade, em defesa dos direitos humanos e da democracia"", disse Myrian."	Agência Brasil	direitos-humanos	False
https://agenciabrasil.ebc.com.br/direitos-humanos/noticia/2026-09/policia-investiga-inducao-ao-suicidio-na-morte-de-isabelle-no-ceara	2026-09-23	Polícia investiga indução ao suicídio na morte de Isabelle no Ceará	Perícia aponta precipitação voluntária da universitária	"A Perícia Forense do Ceará (Pefoce) informou nesta quarta-feira (23) que as análises periciais preliminares apontam que Isabelle Caracristi, de 22 anos, se jogou do prédio. As investigações continuam para esclarecer o caso. O namorado João Munhoz Neto está preso sob suspeita de violência psicológica contra a namorada e de indução ao suicídio. A universitária foi encontrada morta no último dia 13 de setembro, no pátio de um edifício residencial, onde morava com o namorado e familiares dele, localizado no bairro Aldeota, em Fortaleza. A perícia analisou imagens da área externa do condomínio, além de investigações no apartamento onde Isabelle morava. O perito chefe da Pefoce, Júlio Torres, disse, em entrevista coletiva, que as imagens das câmeras de monitoramento captam uma parte da trajetória da queda, não o momento em que ela se precipita, o que corrobora para a conclusão da perícia até o momento . ""A conclusão do nosso laudo pericial criminal, é que houve uma precipitação voluntária do rooftop [uma espécie de terraço descoberto], onde ela caiu de posição vertical. Tem uma câmera que corrobora com essa dinâmica"", disse. Ontem (22), a Polícia Civil do Ceará (PCCE) prendeu preventivamente João Munhoz Neto, de 34 anos . Ele já havia prestado depoimento à polícia na noite dessa segunda-feira (21) e foi ouvido novamente após a prisão. O celular de João Munhoz Neto foi apreendido e passa por análise. O delegado-geral da Polícia Civil do Estado, Marcio Gutierrez, informou ainda que João Neto teria tentado obstruir as investigações, com destruição de provas. “Uma possibilidade ali de destruição de provas, de sonegação de provas, juntado isso às informações de abuso psicológico, de que ele não tinha qualquer intenção de colaborar com os esclarecimentos dos fatos, por isso que a gente representou pela prisão preventiva dele”. De acordo com o delegado, a polícia investiga relatos de que uma pessoa teria sido chamada para limpar o apartamento e que imóvel foi colocado à venda após a morte de Isabelle. “Ele [João Munhoz Neto] compareceu ao imóvel para procurar o celular da Isabelle. Ele proibiu a entrada da família no condomínio, falou para o administrador do condomínio que não era para permitir a entrada de qualquer familiar. Ele desativou o perfil nas redes sociais e também não atendeu aos chamados que foram feitos”, disse o delegado Marcio Gutierrez. Em entrevista à imprensa em Fortaleza, a advogada de João Munhoz Neto disse que ele não tem relação com a morte da namorada e não estava no local no momento. Ainda na terça-feira, a mãe de Isabelle, a professora Isorlanda Caracristi, disse, em uma rede social, que a prisão do namorado representa o início de um ""processo de justiça"": ""Recebi hoje a certidão de óbito da minha filha. Eu sonhei um dia receber um certificado de conclusão de curso, o diploma dela de direito, formatura. Jamais passou pela minha cabeça receber a certidão de óbito. Com a prisão preventiva dele, hoje eu sinto dentro do meu coração que o processo de justiça pela morte da minha filha se inicia"", disse. Um post compartilhado por Isorlanda Caracristi (@isorlandacaracristi) Segundo a Secretaria de Segurança Pública e Defesa Social, além de João, prestaram depoimento mais sete pessoas. Novos depoimentos estão marcados para os próximos dias. Celulares, dispositivos eletrônicos e imagens de câmeras ainda estão sendo analisados, bem como diversas outras diligências sendo efetuadas. A Pefoce informou que produziu dez laudos periciais e que outros três laudos estão em fase de conclusão. As perícias foram realizadas no apartamento, no terraço do prédio e no local onde o corpo da estudante caiu na mesma noite da ocorrência. O corpo foi submetido a exame necroscópico detalhado. O laudo cadavérico apontou como causa da morte politraumatismo, com lesões no corpo da vítima compatíveis com o impacto contra o solo. A necropsia não constatou que a jovem estivesse grávida. Exames laboratoriais apontaram negativo para presença de substâncias tóxicas. A morte da estudante ganhou repercussão depois que a mãe de Isabelle divulgou um vídeo, na sexta-feira (18), expondo a situação e cobrando justiça pela morte da filha. A professora relatou que o último contato com Isabelle foi por meio de duas mensagens no WhatsApp no começo da noite de domingo. Em uma das mensagens, Isabelle pediu que a mãe olhasse uma comida que ela havia deixado na airfryer. Na outra, ela disse: “Mãe, eu te amo”. A mãe de Isabelle relatou que não houve mais respostas para as mensagens enviadas e acreditava que o silêncio se devia ao fato de a filha estar dormindo. Ao permanecer sem respostas da filha na manhã da segunda-feira (14), Isorlanda tentou contato com o namorado João Munhoz Neto por ligações e mensagens e descobriu ter sido bloqueada por ele. “Para a minha surpresa, eu estava bloqueada, eu fui tentar pelo Instagram dele, bloqueada. No outro Instagram pessoal, bloqueada. Totalmente bloqueada, bloqueada. Aí eu me desesperei”, relatou. Isorlanda disse ainda que só soube da morte da filha quando foi acompanhada do filho e irmão de Isabelle, ao condomínio onde ela morava com o namorado, a sogra e um irmão dele. Isorlanda e o filho foram comunicados pela síndica que Isabelle tinha morrido na noite anterior. * Texto atualizado às 18h59 para ajuste e inclusão de informação"	Agência Brasil	direitos-humanos	False
https://agenciabrasil.ebc.com.br/direitos-humanos/noticia/2026-09/pais-veem-palmada-como-disciplina-e-nao-como-violencia-alerta-unicef	2026-09-24	Pais veem palmada como disciplina e não como violência, alerta Unicef	Estudo ouviu 214 pessoas em comunidades de três cidades do país	Enquanto espera o ônibus em uma avenida no centro de Brasília, Andrea*, de 32 anos, segura firme a mão do filho, de 6, que está com os olhos vermelhos de chorar. “Ele queria ter ficado mais tempo com os amiguinhos para brincar e eu não deixei. Ainda vamos para Samambaia (a 30 minutos de distância, na periferia do Distrito Federal)”. Mãe solo, ela diz que conta “até mil” para ter paciência diante das birras. “Já conversei. Não vou bater nunca. Ele tem que me respeitar”. Andrea*, que trabalha como autônoma, recorda que, na infância, chegou a levar tapas, desde criança até a adolescência em casa (principalmente do pai). “Eu não vou fazer igual”, garante. Mas não são todos os responsáveis que veem a palmada como violência, alguns consideram uma ação de educação. Esse é um dos resultados de um levantamento do Fundo das Nações Unidas para a Infância (Unicef), divulgado na manhã desta quinta-feira (24). Pesquisadores ouviram respostas como de um pai no Rio de Janeiro: “Existe uma forma de bater educando, que foi a que eu fui criado. E existe o espancamento mesmo.” O diagnóstico teve como propósito identificar o que leva pais, mães e cuidadores a baterem em seus filhos com enfoque maior na primeira infância, faixa etária até os 6 anos de idade. A alegação dos pais é que a palmada serve para “disciplinar” as crianças. “As famílias sequer consideram o tapa ou a chinelada como violência. Pelo contrário, elas distinguem a palmada do espancamento que elas acham, de fato, errado”, afirma a pesquisadora Luiza Teixeira, especialista de Proteção à Criança do Unicef no Brasil. Ela considera que o Brasil tem regramento e iniciativas adequadas para receber denúncias de violências contra crianças e adolescentes. Para a pesquisadora, é necessário trabalhar de forma preventiva com as famílias e reunir alternativas para capacitar os profissionais que lidam com crianças. A lei Menino Bernardo (conhecida como Lei da Palmada), por exemplo, tem 12 anos de existência. “O que o estudo mostra é que essa lei é pouco conhecida pelas famílias e é interpretada a partir de normas sociais que ainda legitimam a violência como forma de educar”. A legislação integra o Estatuto da Criança e do Adolescente (ECA), que existe desde 1990. Para a pesquisadora, é necessário comunicar de forma mais eficiente com os pais. O levantamento dos pesquisadores do Unicef ouviu 214 pessoas em regiões de vulnerabilidade, de violência, incluindo pais, cuidadores e lideranças comunitárias . Foram 123 no Rio de Janeiro (na Grande Pavuna e Grande Jacarepaguá), 37 no Recife (no bairro do Ibura) e 54 em Manaus (na Colônia Antônio Aleixo e na comunidade Parque das Tribos). “Quando se trata de violência contra crianças e adolescentes, acontece em todas as esferas e em todas as classes sociais. A violência ainda é naturalizada. As crianças não são vistas como pessoas, mas como objeto e propriedade dos pais”, diz a pesquisadora. Nessas comunidades, segundo ela, uma situação que os pesquisadores identificaram é que muitas famílias usam a violência, equivocadamente, para “colocar a criança na linha”. Uma das conclusões da pesquisa é que faltaria repertório aos pais para disciplinar sem violência, há ações tomadas na emoção em meio às birras, e isso é seguido de arrependimento. De acordo com o Unicef, a criação no Brasil ainda é vista como assunto privado, e isso costuma silenciar a comunidade. A instituição identificou falta de capacitação dos profissionais da rede de proteção sobre como orientar as famílias a educar sem violência e também dificuldade para que os serviços públicos cheguem às famílias. “Se quisermos reduzir a violência contra crianças e adolescentes, precisamos enfrentar as normas sociais enraizadas que ainda veem a prática como natural e necessária, além de garantir serviços públicos que apoiem as famílias e possam prevenir a violência antes que ela aconteça”, afirma Luiza Teixeira. Segundo dados do Fórum Brasileiro de Segurança Pública, no ano passado mais de 60 mil casos de maus-tratos ou de lesão corporal em contexto de violência doméstica contra crianças e adolescentes foram registrados no Brasil (106% a mais do que em 2024). Entre as recomendações do estudo, a entidade pede aos governantes que fortaleçam a prevenção da violência, com apoio a profissionais da rede de proteção, para que saiam da mera reação aos casos para a prevenção. Além disso, destaca a necessidade de campanhas que ensinem a estabelecer limites sem violência. “É preciso ainda garantir que essas campanhas dialoguem com as realidades dos territórios mais vulneráveis”. Para a psicóloga infantil Mara Gomes, que atua em Brasília, na primeira infância a criança está passando por um período intenso de desenvolvimento cognitivo, emocional, social e neuropsicoló gico. “O cérebro ainda está amadurecendo, principalmente os sistemas envolvidos em inibição de impulsos, planejamento, flexibilidade cognitiva e autorregulação emocional”, destaca. Isso significa que a criança sente emoções muito intensas, mas ainda não tem recursos suficientes para  administrar  sozinha as situações. Ela identifica que, quando os pais batem na criança, ela vai apresentar sinais de submissão ou até de agressividade. “Eu sempre digo aos pais de meninas: ‘você admitiria que a sua filha, na vida adulta, tenha um namorado que a agrida?’ Eu explico que ela pode achar natural a relação de amor e violência”, exemplifica. A psicóloga indica que é necessário trabalhar essa autorregulação emocional com as crianças porque elas não têm ainda maturidade para isso . “É importante acolher e colocar limites. Ter uma conversa honesta com a criança desde pequenininha é sempre importante”, lembra. No campo educacional, a pedagoga Marília Paiva, que atua em São Paulo na área da neurociência aplicada à educação, explica que procura orientar os professores a olharem as situações de conflito de forma sensível . “Onde o adulto enxerga uma birra, essa criança está assumindo esse comportamento, mas ela também está tentando se comunicar. E a criança precisa do adulto para ajudá-la a se regular”. A especialista, que trabalha na Rede Fadelito de educação infantil, diz que a criança ainda está desenvolvendo controle inibitório, tolerância à frustração e flexibilidade cognitiva. Nas situações de birra e de desregulação infantil, o adulto precisa seguir quatro passos, segundo a pedagoga.  O primeiro passo é se regular e assumir a postura de estar com as suas emoções também sob controle. A segunda fase seria acolher e validar o sentimento dessa criança. Na sua opinião, o terceiro passo é o de limitar. Reconhecer o sentimento, mas indicar que ela não pode fazer tudo. Por fim, quando a criança está mais disponível para ouvir, é necessário ensinar, afirma a educadora. Isso porque muitas vezes há uma falha do adulto que quer conduzir o comportamento da criança no momento em que ela não está disponível para ouvir. “A palmada não educa a criança e constrange, além de gerar medo”.	Agência Brasil	direitos-humanos	False
https://agenciabrasil.ebc.com.br/direitos-humanos/noticia/2026-09/lei-institui-atendimento-vitimas-de-violencia-fisica-e-sexual	2026-09-23	Lei institui atendimento a vítimas de violência física e sexual	Deve ser garantido encaminhamento da vítima para unidade de saúde	Foi sancionada nesta quarta-feira (23) lei que institui protocolo de atendimento a mulheres, crianças e pessoas vítimas de violência física e sexual. Entre outros pontos, o protocolo determina que o primeiro atendimento à vítima de violência seja realizado por um profissional de segurança pública e que este deve garantir o encaminhamento imediato da vítima à unidade pública de saúde , assim como realizar o registro da ocorrência. A iniciativa também determina o treinamento periódico para profissionais de saúde e de segurança pública envolvidos nos atendimentos. O chamado Protocolo Intersetorial de Atendimento e Resposta Integrada em Situações de Violência, destinado a orientar a atuação das autoridades em casos de violências física e sexual contra mulheres, crianças, adolescentes e pessoas em situação de vulnerabilidade. A lei também determina realização de perícia por perito não oficial nomeado pela autoridade competente nas localidades em que não houver órgão de perícia oficial de natureza criminal. Em relação aos profissionais de saúde e de segurança pública, o treinamento “específico e periódico” visa garantir atendimento baseado na não revitimização. A Lei n° 15.516, de 22 de setembro de 2026 altera outra normativa, a Lei nº 12.845 de 1º de agosto de 2013 , chamada de Lei do Minuto Seguinte e que assegurava às vítimas de violência sexual o atendimento imediato pelo Sistema Único de Saúde (SUS). Entre as medidas já previstas estavam amparos médico, psicológico e social, exames preventivos e informações sobre direitos e a obrigatoriedade de notificação a autoridade competente, no prazo de 24 horas, dos casos em que houver indícios ou confirmação de violência sexual, para as providências cabíveis e para fins estatísticos. Entre outros pontos, o protocolo estabelecido pela nova legislação determina: Além disso, a lei determina que a a conclusão e encaminhamento do laudo pericial à autoridade policial devem ser feitos no prazo máximo de dez dias corridos. Outro ponto de destaque determina que as autoridades precisarão adotar todas as medidas necessárias para a preservação do local do crime e das provas materiais que possam contribuir para a investigação. O Conselho Tutelar deverá ser comunicado, no caso de a vítima ser criança ou adolescente, e poderá, autorizar e adotar os procedimentos necessários, com base no Estatuto da Criança e do Adolescente (ECA), a Lei nº 8.069, de 13 de julho de 1990 . Nos casos de descumprimento do protocolo, que resultem em revitimização ou prejuízo à investigação ou à proteção da vítima, a autoridade poderá configurar o crime de violência institucional, nos termos da Lei de Abuso de Autoridade (Lei nº 13.869, de 5 de setembro de 2019), sem prejuízo das demais sanções.	Agência Brasil	direitos-humanos	False
https://agenciabrasil.ebc.com.br/direitos-humanos/noticia/2026-09/transporte-e-inseguranca-fazem-40-das%20mulheres-desistirem-de-emprego	2026-09-23	Transporte e insegurança fazem 40% das mulheres desistirem de emprego	Falta de segurança e custo dificultam o deslocamento delas, diz estudo	No Brasil, quatro em cada dez mulheres (39%) já abriram mão de uma vaga de emprego ou oportunidade profissional em virtude de dificuldades de deslocamento . Os fatores desfavoráveis são falta de segurança, custo com os quais teriam de arcar para cobrir o serviço, tempo e território, conforme aponta a pesquisa O Direito de Ir, Vir e Viver , da Indique, consultoria de diversidade e inclusão racial, em parceria com a organização feminista Think Eva e a 99. Mais da metade (54%) também deixou de comparecer a um compromisso de trabalho ou recusou um convite desse tipo pelos mesmos motivos. E um quinto (21%) já desistiu de fazer alguma capacitação, incluindo faculdade. As mulheres, reforça o estudo, abdicam o tempo todo não somente de experiências e conquistas no âmbito ocupacional ou educacional, mas no social e no de bem-estar. Oito em cada dez (80%) faltaram a encontros, eventos ou atividades, sendo que um terço renunciou a atividades físicas ou de lazer (33%) e a visitas a familiares e amigos (32%) e o dobro (69%) a sair à noite. Entrevistas feitas com 564 mulheres de diferentes idades, classes e regiões do país mostraram que a insegurança ou violência é o principal impedimento, indicado por 32% delas . A falta de dinheiro (22%) figura em segundo lugar, seguida pela precariedade do transporte público (15%), que não atende devidamente, e a distância dos lugares onde precisam ir (14%). A sensação de insegurança faz com que a maioria evite certos bairros ou regiões da cidade (87%) e planeje horários (73%). Também para se proteger, 63% já evitaram algum meio de transporte e 60% fizeram outro caminho até o destino. Para uma das mulheres que respondeu a pesquisa, a aprovação em uma graduação da Universidade Federal do Rio de Janeiro (UFRJ) não foi considerada de fato uma vitória. Ela relatou que desistiu de fazer o curso porque não chegaria a tempo ao campus, uma vez que ela deixou de andar de ônibus depois de ter sido assaltada diversas vezes. Outro aspecto relevante é a preocupação com o assédio sexual. O levantamento constatou que 89% relatam ter sido vítimas em pelo menos um tipo de veículo, com predominância de ônibus (68,8%), deslocamentos a pé (60,8%) e de metrô ou trem (50,2%). A bicicleta e a moto por aplicativo aparecem como os que as deixam menos vulneráveis, mas são citadas, ainda assim, por 6,6% e 4,1% das participantes. Os carros por aplicativo são opção recorrente de oito em cada dez mulheres ouvidas na pesquisa (80%). Apesar de custarem mais caro para 67% das entrevistadas de periferias e áreas com desfalques estruturais e de transporte. No total, 68% das entrevistadas declararam não ter veículo próprio e 52% gastam mais de uma hora por dia em deslocamento. Quase metade (45%) avalia como piores as condições de mobilidade de seus endereços, na comparação com o centro da cidade, e 33% classifica o transporte público de seu respectivo bairro como ruim ou péssimo. Outra conclusão é a de que, de fato, a renda define o quanto de acesso elas têm a determinados modais. Oito em cada dez (80,3%) mulheres de baixa renda usam ônibus regularmente, contra 52,1% entre as de alta renda. O carro próprio, por outro lado, é usado regularmente por 40,6% destas, contra apenas 8,3% das mulheres de baixa renda. Uma das tarefas atribuídas historicamente às mulheres, o cuidado também estabelece certas rotinas adotadas por elas. Segundo o estudo, 54% das entrevistadas afirmam que exercem esse tipo de trabalho sozinhas, ante 38% que dizem dividi-lo com outras pessoas. Tais dados explicam por que o trajeto de muitas mulheres não se limita à casa-trabalho e vice-versa, incluindo paradas no meio do caminho. As que planejam sozinhas os percursos relacionados ao cuidado, como escola, idas a consultas médicas e farmácias e compras são 43%, sendo que 44% escolhem o veículo que vão utilizar com base nessas responsabilidades. Os carros por aplicativo são acionados por 53% quando transportam dependentes, sejam eles filhos, idosos ou pessoas com deficiência. A etapa quantitativa foi feita entre 8 de junho e 9 de julho de 2026, com 564 mulheres entre 18 e 60 anos, com foco nas capitais São Paulo, Rio de Janeiro, Belo Horizonte, Salvador, Recife, Curitiba, Porto Alegre, Brasília, Manaus e Belém, além de outras 73 cidades brasileiras. As organizações também colheram contribuições de especialistas ligadas a temas como planejamento urbano, direito à cidade, mobilidade feminina, desigualdades territoriais, periferias e mobilidade ativa.	Agência Brasil	direitos-humanos	False
https://agenciabrasil.ebc.com.br/direitos-humanos/noticia/2026-09/plano-nacional-de-promocao-da-igualdade-racial-recebe-contribuicoes	2026-09-22	Plano Nacional de Promoção da Igualdade Racial recebe contribuições	Consulta pública está aberta até 16 de outubro	A consulta pública para colaborar com os objetivos estratégicos do 2º Plano Nacional de Promoção da Igualdade Racial (Planapir) está aberta até o dia 16 de outubro, por meio da plataforma digital Brasil Participativo . O objetivo do plano é orientar a atuação do Estado brasileiro no enfrentamento do racismo estrutural, na reparação histórica, na redução das desigualdades e na efetivação de direitos. O 2º Planapir conta com 16 eixos, e cada um deles traz uma série de objetivos estratégicos subsidiados pelas discussões da 5ª Conferência Nacional de Promoção da Igualdade Racial (Conapir), realizada em 2025. Por meio dos objetivos, se dará a definição e o aperfeiçoamento de ações, metas, responsabilidades institucionais, indicadores e mecanismos para acompanhar a promoção da igualdade racial no país. A sociedade é convidada a colaborar aprimorando a redação desses objetivos, propondo alterações ou até mesmo sugerindo novos objetivos que enfrentem os problemas tratados em cada eixo. Após o encerramento da consulta pública, as contribuições recebidas serão sistematizadas e analisadas para subsidiar ajustes de redação, ampliação ou reorganização dos objetivos na versão final do Planapir. Conheça os 16 eixos do 2º Planapir:	Agência Brasil	direitos-humanos	False
https://agenciabrasil.ebc.com.br/direitos-humanos/noticia/2026-09/lider-indigena-pede-na-onu-retirada-de-invasores-de-sua-terra	2026-09-23	Líder índígena pede na ONU retirada de invasores de sua Terra	Bitaté fala no Conselho de Direitos Humanos da organização	"As violações enfrentadas pelos povos da Terra Indígena Uru Eu Wau Wau, em Rondônia, que vêm sofrendo com a invasão de seu território por não indígenas, serão denunciadas nesta quarta-feira (23) pelo líder indígena Bitaté. O discurso, previsto para as 16h,  será feito no Conselho de Direitos Humanos da Organização das Nações Unidas (ONU), durante o Diálogo Interativo com o Mecanismo de Especialistas sobre os Direitos dos Povos Indígenas. Representando a Associação Jupau, a Conectas Direitos Humanos e a Associação Kanindé, Bitaté mostrará que, apesar dessa terra indígena já ter sido homologada nos anos 90 e de recentemente haver uma decisão judicial determinando a retirada de seus invasores, o processo de desintrusão ainda não foi concluído. “A desintrusão total da Terra Indígena Uru-Eu-Wau-Wau é medida urgente de reparação histórica. Instamos este conselho a cobrar do Estado brasileiro o cumprimento imediato da retirada de todos os invasores e a garantia da nossa proteção territorial. Nossos direitos originários não são negociáveis”, cobrará o líder indígena. A desintrusão que será cobrada por Bitaté na ONU é um processo de retirada de pessoas que ocupam de forma ilegal uma área. No caso de terras indígenas, ela seria uma medida para retirar os ocupantes não indígenas - como grileiros, invasores ou garimpeiros ilegais - de territórios já demarcados ou homologados, como ocorre com a Terra Indígena Uru Eu Wau Wau. Em entrevista à Agência Brasil antes de discursar na ONU, o líder indígena Bitaté, 26 anos, que vive na Aldeia Jamari, na Terra Indígena Uru Eu Wau Wau, diz esperar que sua fala pressione o governo brasileiro a realizar a desintrusão total da terra indígena. “Os invasores são grandes empresários do estado de Rondônia, que financiam pessoas para que sejam pequenos agricultores e depois compram as áreas que foram financiadas por eles. Eles cobiçam para aumentar a produção, aumentar a venda de gado, de soja e recursos naturais que ali existem como madeiras e ouro”, afirmou. Segundo ele, as populações indígenas que vivem nessa terra têm sofrido diversas violências, principalmente com ameaças a lideranças. “E isso vem preocupando os líderes que ali vivem”, disse Bitaté. O discurso que fará na ONU, completa o líder indígena, será importante “para manter a Terra Indígena de pé. “É importante mostrar a realidade dos povos indígenas para o mundo. É preciso mostrar como nós indígenas estamos trabalhando para defender nossas casas e famílias que ali moram e ainda proteger uma área que abriga isolados que vivem no interior da Terra Indígena e que não sabem o que ocorre fora dela”, afirmou. No ano passado, a jovem Txai Suruí já havia alertado o Conselho de Direitos Humanos da ONU sobre esse tema, pedindo que a ONU pressionasse o governo brasileiro a garantir a desintrusão definitiva do território, determinada pelo Supremo Tribunal Federal (STF) em 2020. Embora o Conselho de Direitos Humanos da ONU não possa cobrar uma atitude prática do governo brasileiro, a intenção desses discursos feitos por Txai e Bitaté é dar visibilidade internacional ao problema. “A ONU, especialmente seu conselho de direitos humanos, é a principal arena para se debater direitos humanos no mundo e conscientizar governos sobre as urgências enfrentadas em nível local nos territórios"", disse João Godoy, coordenador da equipe de Defesa dos Direitos Socioambientais da Conectas. A Terra Indígena Uru Eu Wau Wau está localizada no estado de Rondônia, dentro da Amazônia brasileira. Segundo João Godoy, essa terra é “o território tradicional dos povos Jupaú (como Bitaté), Amondawa, Oro Win, Cabixi e Juma, além de registrar presença de diferentes povos em isolamento voluntário”. “Seus limites foram reconhecidos pela Funai [Fundação Nacional dos Povos Indígenas] no início da década de 1970, mas sua demarcação foi homologada apenas em 1991”, lembrou Godoy. Em 1975, ainda sob a ditadura militar, foi criado o Projeto de Assentamento Dirigido (PAD) Burareiro, que assentou 1,5 mil famílias em uma área de mais de 300 mil hectares. “Cento e quinze dos lotes de terra distribuídos — em torno de 14 mil hectares — ficaram sobrepostos à Terra Indígena Uru Eu Wau Wau, especificamente sobre uma área sagrada para o povo Jupaú, na qual estão sepultados seus ancestrais"", explicou Godoy. Os PADs, que deixaram de ser criados a partir de 1990, eram um dos tipos de projetos de colonização da região amazônica. Nos últimos 35 anos, houve tentativas de retirar os não indígenas assentados no território tradicional, mas nenhuma foi bem-sucedida. O perfil dos ocupantes do PAD mudou consideravelmente nos últimos 50 anos e agora a região é um polo de criação ilegal de gado, atividade que recebe, inclusive, crédito rural para seu desenvolvimento”, acrescentou o coordenador da Conectas. Por causa dessa situação, em 2023 o Supremo Tribunal Federal (STF) determinou que a União prosseguisse com o processo de desintrusão, ou seja, com a retirada dos invasores da terra indígena. O processo começou somente em setembro do ano passado, mas acabou sendo interrompido pela Suprema Corte em fevereiro deste ano a pedido de parlamentares, que contestam como a região foi demarcada e colonizada, com sobreposições de áreas. Para esses parlamentares, os assentados precisariam ser indenizados pelo Estado brasileiro. “Apesar de as autoridades presentes terem se mostrado sensíveis à situação em que se encontram os povos de Uru Eu, ainda não houve medida concreta que lhes garanta integridade territorial e segurança. Há uma forte pressão política de parlamentares de Rondônia para que a União não efetive a desintrusão, o que tem interferido diretamente no cumprimento da determinação judicial proferida em 2023”, disse Godoy. Para ele, a falta de uma solução para o conflito tem submetido as populações indígenas a um histórico de violências. “Os povos dessa terra indígena têm sido privados, há pelo menos cinco décadas, dos direitos constitucionalmente assegurados ao usufruto exclusivo e à posse permanente de seu território. A conflituosidade gerada pela presença de invasores é responsável por um cotidiano de ameaças e violências, o que faz com que as principais lideranças da terra indígena estejam no Programa de Proteção aos Defensores de Direitos Humanos, Comunicadores e Ambientalista (PPDDH). O Estado brasileiro não pode mais permitir que uma violação de direitos promovida pela ditadura militar se perpetue e siga causando danos às populações indígenas”, afirmou."	Agência Brasil	direitos-humanos	False
https://agenciabrasil.ebc.com.br/direitos-humanos/noticia/2026-09/mae-pede-justica-por-jovem-encontrada-morta-em-condominio-no-ceara	2026-09-21	Mãe pede justiça por jovem encontrada morta em condomínio no Ceará	Isabelle Caracristi morava com o namorado e parentes deles	"A família da universitária Isabelle Caracristi, de 22 anos, busca respostas e justiça pela morte da jovem. Isabelle foi encontrada morta no pátio do condomínio onde morava com o namorado e familiares dele, em Fortaleza, no Ceará, no dia 13 de setembro. ""Eu não estou chorando apenas a dor da perda, mas porque não tenho RESPOSTAS. Eu não sei o que aconteceu com minha filha"", disse a mãe Isabelle, Isorlanda Caracristi, em vídeo nas redes sociais. Em nota, a defesa da família disse que está “integralmente dedicada e imbuída no acompanhamento presencial” de oitivas realizadas pela Polícia Civil nesta segunda-feira (21) para tentar esclarecer o caso. A nota é assinada pelas advogadas Adriana Alves e Patrícia Viana. O caso ganhou repercussão depois que a mãe de Isabelle expôs a situação e passou a cobrar justiça pela morte da filha. Isabelle morava com o namorado João Munhoz Neto, a mãe dele e um irmão dele. Desde a morte da jovem, a polícia procura por João Munhoz Neto para que ele preste depoimento. Segundo relato de Isorlanda, nas redes sociais, Isabelle o conheceu ao trabalhar em um escritório de advocacia. A professora relatou que o último contato com Isabelle foi por meio de duas mensagens no WhatsApp no começo da noite de domingo. Em uma das mensagens, Isabelle pediu para que a mãe olhasse uma comida que ela havia deixado na airfryer. Na outra, ela disse: “Mãe, eu te amo”. A mãe de Isabelle relatou que não houve mais respostas para as mensagens enviadas e que acreditava que o silêncio se devia ao fato de a filha estar dormindo. Ao permanecer sem respostas da filha até a manhã da segunda-feira (14), Isorlanda tentou contato com o namorado, por ligações e mensagens e descobriu ter sido bloqueada. “Para a minha surpresa, eu estava bloqueada, eu fui tentar pelo Instagram dele, bloqueada. No outro Instagram pessoal, bloqueada. Totalmente bloqueada, bloqueada. Aí, eu me desesperei”, relatou. Isorlanda disse ainda que só soube da morte da filha quando foi, acompanhada do filho e irmão de Isabelle, ao condomínio onde morava com o namorado. Lá, eles foram comunicados pela síndica que Isabelle tinha morrido na noite anterior. Segundo Isorlanda, a família do namorado não a informou sobre a morte. A Secretaria da Segurança Pública e Defesa Social (SSPDS) disse que ainda não há um laudo da perícia forense que aponte a causa da morte da jovem. O caso está sendo investigado pela 2ª Delegacia de Polícia Civil da Capital."	Agência Brasil	direitos-humanos	False
https://agenciabrasil.ebc.com.br/direitos-humanos/noticia/2026-09/apostas-online-podem-levar-ao-endividamento-rapido-diz-pesquisa	2026-09-19	Apostas online podem levar ao endividamento rápido, diz pesquisa	Gasto anual equivale a 3 vezes mais o estimado para compras de Natal	"As apostas online têm gastos anuais de R$ 2,2 bilhões e equivalem a mais de três vezes a movimentação financeira estimada para as compras de Natal. A falsa impressão de ganho rápido de dinheiro pode causar efeitos colaterais aos apostadore, como é o caso do endividamento. O hábito pode acarretar perda de controle, conflitos pessoais e impacto sobre a saúde mental. É o que indica pesquisa do Instituto Fecomércio de Pesquisas e Análises (IFec RJ), feita nos dias 22 a 25 de junho, com 1.024 moradores da Região Metropolitana do Rio de Janeiro. Entre os entrevistados, 22,8% afirmaram já ter participado de apostas online. Desses, 33% disseram que apostam por causa da chance de ganhar dinheiro rápido, enquanto 25,4% veem no jogo uma oportunidade de fazer renda extra. O levantamento aponta que 22,3% dos apostadores disseram ter dificuldade de parar com as apostas. Outros 29,1% afirmaram já ter sentido culpa por apostar, enquanto 34,8% disseram ter sido criticados por causa do hábito. A pesquisa mostra ainda que 6,9% afirmaram já ter se prejudicado ou afetar outra pessoa em razão das apostas. Entre esses, 68% relataram ter perdido dinheiro. O gasto médio mensal declarado pelos apostadores foi de R$ 96,30, e o instituto estima que 1,9 milhão de pessoas na Região Metropolitana do Rio já tenham participado de apostas online. Com base nos valores, a estimativa é de R$ 182 milhões movimentados mensalmente em apostas online. Entre os que já apostaram, 5,1% afirmaram ter se endividado por causa das apostas. O percentual pode parecer pequeno, mas ganha outra dimensão quando observado em conjunto com outros indicadores. Ao menos 42,9% disseram possuir alguma dívida, e, entre aqueles com dívidas, 45,9% afirmaram que não estão com os pagamentos em dia. Além disso, 42% admitiram que, depois de perder dinheiro, voltaram a apostar para tentar recuperar o prejuízo. Dos que já participaram de apostas online, 36% têm renda mensal entre um e dois salários mínimos, enquanto 19,7% recebem de dois a três salários mínimos e 19,4% têm renda de até um salário mínimo. Em relação à frequência com que apostam, 21,9% disseram jogar diariamente e 27,9% fazem de uma a duas vezes por semana. De acordo com a sondagem, 60,9% já participaram de apostas em bets. O Tigrinho aparece em seguida, com 49,4%. Para o diretor-executivo do IFec-RJ, João Gomes, “existe uma falsa percepção dos apostadores de que o jogo representa uma forma de ganhar dinheiro rápido, complementar a renda ou até mesmo funcionar como investimento"". Os dados mostram, porém, que esse comportamento alavanca o endividamento e compromete o orçamento das famílias. Do ponto de vista econômico, os recursos destinados às apostas também deixam de circular em outras atividades de consumo e investimento, reduzindo o potencial de movimentação da economia fluminense. ""É um problema que ultrapassa a esfera individual e produz impactos socioeconômicos mais amplos”, avalia Jóão Gomes."	Agência Brasil	direitos-humanos	False
https://agenciabrasil.ebc.com.br/direitos-humanos/noticia/2026-09/transexuais-e-travestis-fazem-ato-em-defesa-da-democracia	2026-09-19	Transexuais e travestis fazem ato no RJ em defesa da democracia	Evento ofertou serviços como retificação do nome civil e vacinação	"A Marcha Trans & Travesti saiu às ruas na tarde deste sábado (19), no centro do Rio de Janeiro, em sua quinta edição, na luta pela garantia de direitos das pessoas trans. O tema deste ano foi a defesa da democracia. “Quando a gente fala de democracia, ela tem corpo, território, classe, raça, gênero. A democracia também se mede pela possibilidade concreta de a pessoa existir, de ela ter o direito de circular pela cidade, trabalhar, estudar, cuidar da sua saúde, cuidar do seu corpo, construir os seus afetos”, afirma o organizador do evento, Gab Van. “Não vamos aceitar uma democracia que nos exclua”, acrescentou. A Marcha Trans & Travesti começou em 2022, inspirada em uma caminhada feita, em 1993, por travestis que saíram da Candelária com destino à Cinelândia, para reivindicar direitos. Segundo Van, é importante a realização da manifestação durante o período eleitoral, porque, segundo ele, questões relacionadas à população trans são utilizadas em discursos de “pânico moral” por alguns candidatos. Além de ações de mobilização política, o evento trouxe apresentações artísticas e promoções de serviços sociais como a retificação do nome civil, por meio Núcleo de Diversidade Sexual da Defensoria Pública do Rio de Janeiro (Nudiversis), vacinação contra a gripe e testagem para o HIV e outras infecções sexualmente transmissíveis, em parceria com a Secretaria Municipal de Saúde. Edna Oliveira, que trabalha como supervisora de quiosque, aproveitou os serviços oferecidos pela Defensoria Pública para retificar o nome de sua filha, Helena, uma mulher trans de 22 anos. ""A Helena começou sua transição [de gênero] há cerca de dois anos, mas nunca tinha manifestado o desejo de fazer a retificação do nome. Essa decisão foi construída ao longo de um tempo. E eu, como mãe, estou aqui para apoiá-la. A Helena já faz faculdade, ela precisa dessa identificação nova para quando pegar o diploma já seguir a vida dela com esse nome""."	Agência Brasil	direitos-humanos	False
https://agenciabrasil.ebc.com.br/direitos-humanos/noticia/2026-09/cargos-de-lideranca-sao-so-15-das-vagas-para-pessoas-com-deficiencia	2026-09-19	Cargos de liderança são só 1,5% das vagas para pessoas com deficiência	Empresas destinam maioria dos postos para posições operacionais	"Apenas 1,5% das vagas destinadas a pessoas com deficiência (PcDs) ofertam posições técnicas e gerenciais, aponta levantamento inédito da startup Egalite. O levantamento considera dados de 116 mil profissionais cadastrados e mais de 19 mil vagas ativas no portal Inclui PcD, da própria startup , especializada em projetos para empregabilidade de pessoas com deficiência. As empresas destinam grande parte das vagas para posições operacionais, que representam 98,5% dos postos de trabalho. Por outro lado, o levantamento aponta que 31% de todas as candidaturas espontâneas desses profissionais são direcionadas para posições gerenciais e técnicas. Embora esses dados apontem para um cenário desafiador, a pesquisa destaca um avanço nas organizações empenhadas na inclusão e no crescimento efetivo desses profissionais. Metade das organizações analisadas no portal Inclui PcD já disponibiliza todas as suas vagas, desde posições de entrada até cargos de liderança e especialistas, para pessoas com deficiência, superando a exigência legal de cotas. Um dos fundadores da Egalite e embaixador e CEO da Rede Empresarial de Inclusão Social, Djalma Scartezini aponta que a maioria das vagas de trabalho é para cargos operacionais, pois o varejo é a base da pirâmide e, por isso, disponibiliza maior quantidade de postos de trabalho. “Não existem cargos de liderança na mesma proporção que cargos de entrada"", diz Djalma Scartezini. Contudo, o diretor executivo reconhece que existe uma falta de vagas de gerência destinada à população PcD. “Eu sendo um executivo com deficiência também não estou contente de ver poucos pares com deficiência em cargos de direção. O que eu acho que é positivo é que tem avançado esse número.” Ele cita a última feira Inclui PcD, uma iniciativa da Egalite, que abriu 19 mil vagas para pessoas com deficiência, das quais quase 4 mil eram cargos para especialistas, coordenadores e primeiros estágios de liderança. Outro dado relevante da pesquisa demonstra que a pretensão salarial mediana de candidatos PcD é de R$ 1.450, valor abaixo do salário mínimo em vigor (R$ 1.621). O dado revela que os trabalhadores muitas vezes chegam aos processos seletivos cobrando menos do que o que é de direito. Muitas vezes esse cenário se dá por um viés de mercado que utiliza marcadores identitários – como deficiência, gênero, raça e orientação sexual – para desqualificar as pessoas. Como aponta Scartezini, frequentemente, as próprias vagas oferecidas a PcDs já são disponibilizadas com valores de remuneração reduzidos em relação aos parâmetros de mercado. Uma outra barreira enfrentada por trabalhadores com deficiência é o recuo de postos de trabalho no modelo home office . De acordo com dados da Inclui PcD, o percentual de vagas remotas e híbridas sofreu queda de 28,4% em 2024 para somente 0,8% em 2026. “O modelo de trabalho remoto remove barreiras cruciais de mobilidade urbana e transporte público inacessível para pessoas com deficiência física”, explica o CEO da Egilate, Guilherme Braga. Além disso, para profissionais neurodivergentes, o ambiente de casa atua como um regulador sensorial, possibilitando a gestão de estímulos do ambiente, a adaptação do espaço de trabalho e a diminuição da sobrecarga social. *Estagiário sob supervisão de Odair Braz Junior"	Agência Brasil	direitos-humanos	False
https://agenciabrasil.ebc.com.br/direitos-humanos/noticia/2026-09/ebc-tem-tres-finalistas-do-premio-de-jornalismo-vladimir-herzog	2026-09-21	EBC tem três finalistas no prêmio de jornalismo Vladimir Herzog	São duas produções da TV Brasil e uma fotografia da Agência Brasil	"Os veículos da Empresa Brasil de Comunicação (EBC) têm três representantes entre os finalistas do Prêmio Jornalístico Vladimir Herzog de Anistia e Direitos Humanos. São duas produções da TV Brasil e uma fotografia da Agência Brasil. A relação dos indicados foi divulgada nesta segunda-feira (21) pelo Instituto Prêmio Vladimir Herzog, organizador da premiação. A 48ª edição do prêmio teve 346 produções inscritas. Foram selecionados três finalistas para cada uma das sete categorias: arte, fotografia, texto, vídeo, áudio, multimídia e livro-reportagem. O fotógrafo Tomaz Silva, da Agência Brasil no Rio de Janeiro, disputa com o trabalho Viúva se despede do marido morto na operação policial mais letal do Rio de Janeiro . A fotografia que retrata a dor de Fernanda da Silva Martins foi feita no Complexo do Alemão, em outubro de 2025. O trabalho fotojornalístico foi republicado em jornais e sites do país e do exterior . Para Tomaz Silva, a publicação da imagem foi uma forma de “usar a visibilidade de um veículo de comunicação pública para retratar os sentimentos de uma mulher que, ao mesmo tempo, era a dor de toda uma comunidade”. >> Luto e fome: viúva tenta se reerguer após operação mais letal do Rio A TV Brasil concorre na categoria vídeo com dois episódios do programa Caminhos da Reportagem. Um deles é o programa Trabalho escravo doméstico: silêncio e servidão , que foi ao ar em 20 de abril de 2026. A produção jornalística leva ao telespectador histórias de mulheres que foram escravizadas e discute formas de aprimorar o pós-resgate. Participaram da equipe Marieta Cazarré, Paulo Leite, Ana Graziela Aguiar, Ana Passos, Cleiton Freitas, Patrícia Araújo, Gabriel Penchel, JM Barbosa, Rogério Verçoza, Sigmar Gonçalves, Alexandre Souza, Marcelo Vasconcelos, Rafael Carvalho, Rivaldo Martins, Aleixo Leite, Caroline Ramos, Wagner Maia. O outro episódio, O Eterno Abril de Carajás: 30 anos de um massacre , repercute uma das maiores repressões policiais da história do país no campo, que resultou em 21 mortes e dezenas de feridos em Eldorado do Carajás, no Pará, em 1996. O programa foi exibido em 13 de abril de 2026. Participaram da produção Thiago Padovan, Acácio Barros, JM Barboza, Rafael Carvalho, Márcio Garoni, Rodrigo Botosso, Nelson Lin, Fábio de Albuquerque. Para a diretora de Jornalismo da EBC, Myrian Pereira, ter a Agência Brasil e a TV Brasil indicadas em categorias tão expressivas como Fotografia e Vídeo no Prêmio Vladimir Herzog é motivo de muito orgulho para toda a EBC. ""Esse resultado reflete o talento, o rigor ético e a dedicação diária das nossas equipes de reportagem e fotografia. Estar na final de uma premiação que é símbolo da luta pela democracia e pelos direitos fundamentais no Brasil confirma que estamos no caminho certo: fazendo um jornalismo de profundidade, necessário, plural e voltado para dar voz às transformações e dores da nossa sociedade"", disse. Veja a lista completa de finalistas . O resultado final da 48ª edição será conhecido em 30 de setembro, com transmissão ao vivo pelo canal do prêmio no YouTube . A premiação é uma homenagem ao jornalista Vladimir Herzog, torturado e assassinado pela ditadura militar em 25 de outubro de 1975, nas dependências do Destacamento de Operações de Informações do Centro de Operações de Defesa Interna (DOI-Codi), em São Paulo. O DOI-Codi foi o principal órgão de repressão política, detenção e tortura do regime militar (1964-1985). À época, o regime autoritário forjou que a morte teria sido suicídio. A premiação tem o objetivo valorizar personalidades e profissionais da comunicação que se destacam na promoção dos direitos humanos fundamentais. A EBC já obteve conquistas em edições anteriores. Em 2024, por exemplo, a Agência Brasil e a TV Brasil venceram nas categorias fotografia e vídeo . Em 2025, o episódio Mães de Luta, do Caminhos da Reportagem, recebeu menção honrosa ."	Agência Brasil	direitos-humanos	False
https://agenciabrasil.ebc.com.br/direitos-humanos/noticia/2026-09/policia-do-ceara-prende-joao-munhoz-namorado-de-isabelle-caracristi	2026-09-22	Polícia do Ceará prende João Munhoz, namorado de Isabelle Caracristi	Prisão preventiva foi expedido pelo TJ, que mantém o caso em sigilo	A Polícia Civil do Ceará (PCCE) prendeu nesta terça-feira (22) João Munhoz Neto, namorado da estudante Isabelle Caracristi, encontrada morta em 13 de setembro, no condomínio onde morava com o namorado, no bairro Aldeota, em Fortaleza. O pedido de prisão preventiva foi expedido pelo Tribunal de Justiça do Ceará (TJCE), que mantém o caso em sigilo e não informou a motivação . Já a Secretaria de Segurança Pública e Defesa Social (SSPDS) confirmou a prisão e informou que deve divulgar uma nota sobre o caso ainda nesta terça-feira. Ontem (21), a PCCE fez diversas oitivas para tentar esclarecer o caso. Em nota, a defesa da família da Isabelle disse que está “integralmente dedicada e imbuída no acompanhamento presencial”. “Em virtude da intensidade e da dinâmica ininterrupta desses atos ao longo do dia, não teremos como conceder entrevistas ou responder a questionamentos pontuais no momento”, diz nota divulgada pela mãe da vítima, Isorlanda Caracristi. “Reiteramos nosso compromisso com a transparência e com a busca pela verdade, e voltaremos a nos pronunciar publicamente assim que os trabalhos previstos para o dia de hoje forem concluídos”, conclui a nota assinada pelas advogadas Adriana Alves e Patrícia Viana. A morte de Isabelle ganhou repercussão depois que a professora Isorlanda Caracristi, mãe de iIsabelle, divulgou um vídeo , na sexta-feira (18), expondo a situação e cobrando justiça pela morte da filha. Um post compartilhado por Isorlanda Caracristi (@isorlandacaracristi) A professora relatou que o último contato com Isabelle foi por meio de duas mensagens no WhatsApp no começo da noite de domingo. Em uma das mensagens Isabelle pedia para que a mãe olhasse uma comida que ela havia deixado na airfryer. Na outra, ela disse: “Mãe, eu te amo”. A mãe de Isabelle relatou que não houve mais respostas para as mensagens que ela enviou e que acreditava que o silêncio se devia ao fato de a filha estar dormindo. Ao permanecer sem respostas da filha na manhã da segunda-feira (14), Isorlanda tentou contato com o namorado da filha por ligações e mensagens e descobriu ter sido bloqueada. “Para a minha surpresa, eu estava bloqueada, eu fui tentar pelo Instagram dele, bloqueada. No outro Instagram pessoal, bloqueada. Totalmente bloqueada, bloqueada. Aí eu me desesperei”, relatou. Isorlanda disse ainda que só veio a saber da morte da filha quando foi, acompanhada do filho, ao condomínio onde Isabelle morava com o namorado, a sogra e um irmão dele. Lá, os familiares foram comunicados pela síndica de que Isabelle tinha morrido na noite anterior. A respeito das causas da morte, a Secretaria da Segurança Pública e Defesa Social (SSPDS) disse que ainda não há um laudo da perícia forense que aponte a causa da morte da jovem. O caso está sendo investigado pela 2ª Delegacia de Polícia Civil da Capital. Saiba mais no Repórter Brasil Tarde, da TV Brasil	Agência Brasil	direitos-humanos	False
https://agenciabrasil.ebc.com.br/direitos-humanos/noticia/2026-09/exposicao-em-sp-homenageia-padre-julio-e-pessoas-em-situacao-de-rua	2026-09-21	Exposição em SP homenageia padre Júlio e pessoas em situação de rua	Mostra é gratuita e estará em exibição até novembro	"Muitas vezes, a relação que a sociedade estabelece com a população em situação de rua é de distanciamento. As pessoas fingem que a população de rua não existe, desviam o olhar, correm ou atravessam a rua. Foi a partir dessa perspectiva que o artista plástico Geraldo Lacerdine montou a exposição “A alfabetização do Olhar - um ato de amor e responsabilidade”. Além de homenagear o padre Júlio Lancellotti e a atuação da Pastoral do Povo da Rua, a mostra busca aproximar as pessoas em situação de rua do restante da sociedade. São mais de 100 fotografias reunidas na Lacerdine Galeria de Arte, localizada no bairro Higienópolis, em São Paulo. Também estão dispostos textos, instalações e vídeos, além de diversos prêmios e reconhecimentos que Padre Júlio recebeu ao longo da trajetória. Os quadros apresentam registros dos fotógrafos Daniel Camargo Kfouri, Fernando Jenzen, Tr3ze e Victor Angelo Caldini, que mostram o trabalho de Lancellotti desde o período da pandemia de covid-19, em 2020. O padre Lancellotti disse à Agência Brasil que a alfabetização do olhar busca ensinar o espectador a ver essas pessoas não como “anjos ou demônios”, mas como seres humanos reais e complexos. O curador da exposição, Geraldo Lacerdine, conta que o padre Júlio apenas permitiria a realização da mostra se as pessoas em situação de rua tivessem protagonismo. “Quando a gente propôs a exposição para o padre Júlio, a primeira coisa que ele falou foi o seguinte: se vocês querem fazer uma homenagem a mim e ao meu trabalho, façam uma exposição em que as pessoas na situação de rua sejam o centro, e não eu”, contou Lacerdine. Algumas fotografias focam a atenção nas ações humanitárias, representando o padre Júlio quase como um santo. Outras preferem mostrar as pessoas em situação de rua, evidenciando suas dores, mas também momentos de alegria e dignidade. Além de uma fotografia documental, que coloca o objeto em cena distante do observador, a exposição também explora formatos que aproximam os visitantes da imagem. Um exemplo disso são três imagens de mulheres em situação de rua sorrindo para a câmera. A disposição das fotografias cria uma aproximação entre as mulheres e os observadores, o que dialoga diretamente com a ideia de “alfabetização do olhar”. As imagens criam esse senso de conexão porque foram tiradas com respeito e confiança mútua entre os fotógrafos da Pastoral e as pessoas representadas. “As fotos não são posadas ou artificiais. Elas capturam momentos espontâneos resultantes de um longo período de convivência e conhecimento mútuo entre os fotógrafos e as pessoas retratadas”, disse padre Júlio. Segundo o fotógrafo Tr3ze, [Para registrar essas pessoas], você tem que realmente andar entre elas, conviver entre elas e ganhar confiança. ""Meus registros começaram fotografando as filas de distribuição de pães e, aos poucos, as pessoas vinham conversar comigo”, afirmou. Ele conta que o processo demanda certa atenção, porque muitos acham que vão ser denunciados ou que a foto será enviada à polícia. Mas Tr3ze também diz que muitos gostam do contato. “Por serem totalmente ignoradas socialmente, elas querem conversar, querem ser escutadas”, disse. *Estagiário sob supervisão de Odair Braz"	Agência Brasil	direitos-humanos	False
https://agenciabrasil.ebc.com.br/direitos-humanos/noticia/2026-09/dia-da-pessoa-com-deficiencia-arte-e-movimento-desafiam-capacitismo	2026-09-21	Dia da pessoa com deficiência: arte e movimento desafiam capacitismo	Fotógrafo, estilista, professora e atleta contam suas trajetórias	"“Quando sinto o calor do sol da manhã na pele, me dá vontade de fotografar. Gosto das frestas de luz que se formam aqui em casa”. O calor do dia ilumina o fotógrafo mineiro Luciano Ambrósio, de 57 anos, morador da Ceilândia (DF), para cada detalhe. Luciano resolveu captar a rotina de forma especial em imagens e palavras depois que perdeu a visão, aos 24 anos. A vida que chega com calor descortina a visibilidade que devem ter os direitos de cidadania enfatizados em datas como esta segunda-feira (21), Dia Nacional de Luta da Pessoa com Deficiência. No caso de Luciano, as imagens que ele cria revelam percepções de cenários, às vezes, hostis, com obstáculos, e outras vezes, encaradas por outros ângulos. Ele está perto de realizar um sonho: a publicação do primeiro livro, Meu olhar (de 120 páginas, em edição independente), prevista para novembro. A obra reúne imagens e 100 poesias. Luciano descobriu a fotografia há 10 anos e utiliza a máquina com suporte de um software de voz. Ele mapeia o ambiente com auxílio do corpo, incluindo a textura do chão, a inclinação do terreno, os sons ao redor. Com o celular, tem o apoio das informações sobre o que está diante da câmera. Com a descrição, a tecnologia traduz a imagem que poderá surgir, e, com essas informações, decide por dar o clique na máquina que comprou com as economias que fez. Nascido em Lajinha (MG), o fotógrafo se mudou para Brasília em 2002 para estudar biblioteconomia e trabalhar. Já quando atuava no Senado como assessor, participou de uma oficina de fotografia inclusiva . Encantou-se mesmo quando ouviu a orientação: “busquem aquela imagem do cotidiano que ninguém presta atenção”. Ele prestava atenção em tudo. Folha seca, pedrinha no chão, a luz e a chuva refletidas. A máquina passou a ser uma extensão de seus braços e dos sentimentos que resolveu alcançar. “Eu coloco a câmera pertinho do chão e fotografo a grama. Eu adoro os degraus”. Não o obstáculo, mas a luz que se forma entre eles. Ou as pessoas andando, dançando. Pede que elas coloquem um guizo no pescoço para que ele possa buscar. “Eu já passei mais tempo da minha vida como um cego (desde os 24 anos) do que enxergando. Mas eu sei muito bem o que é beleza visual. Isso ainda está guardado aqui no meu cérebro”. Ele recorda e imagina as frestas. A esposa dele, a cerimonialista Edna Teodoro, de 54 anos, diz que ele a surpreende a cada dia com a capacidade de criação permanente. “O convívio representa um aprendizado grande pra mim. Ele é animado todos os dias”. Ela lamenta testemunhar episódios de capacitismo (quando alguém subestima uma pessoa com deficiência). “Recentemente, fomos fazer um lanche no shopping e a atendente me perguntou o que ele iria querer, como se ele não pudesse compreender. Eu falei que ela podia perguntar para ele direto”. A esposa explica que ele sente poesia em tudo. Tanto que ele vive acelerado pensando no segundo livro. “Meu sonho é viver da minha arte”. Outra artista apaixonada pelo que faz é a estilista goiana Juliana Santos, de 40 anos. Ela mora em São Paulo e vive um momento de tristeza em função de uma série de ataques na internet. Ela ingressou na Justiça com uma ação que pede reparação. ""Eu quero ter paz novamente. E, para mim, essa paz passa necessariamente por uma resposta das autoridades e por uma investigação que finalmente esclareça o que aconteceu"", diz. Prints reunidos pela estilista mostram comentários direcionados diretamente à sua condição de pessoa com deficiência. O impacto da exposição passou a repercutir diretamente em sua atividade profissional, com cancelamentos e perda de contratos. Em 12 anos de trabalho, Juliana já produziu mais de 2.300 vestidos. Em 2024, ano em que, segundo a estilista, teve início a perseguição, foram produzidos 678 vestidos. Em 2025, o número caiu para 68 vestidos, quando a previsão inicial era de 127. Para 2026, até o momento, foram fechados 28 contratos. “Minha arte é meu trabalho, meu sustento e o sustento dos meus filhos. Quero que haja responsabilização por aquilo que aconteceu”, completa. Juliana relata ainda que há um inquérito em andamento há mais de um ano, relacionado a denúncias de calúnia, perseguição e stalking, sem desfecho até  agora. A estilista deve apresentar nesta segunda-feira (21) um vestido como manifesto contra o capacitismo nas redes sociais. Ela pretende fazer intervenção artística na roupa com 200 comentários ofensivos que ela registrou nos últimos dois anos. Esse é mais um dos momentos doloridos de sua vida. Na infância, ela foi vítima de um incêndio acidental em casa quando tinha quatro anos de idade e estava sozinha com uma irmã bebê. Juliana perdeu os dedos das mãos e ficou com cicatrizes em outros membros. Foi abandonada pela mãe e depois adotada por outra família. Desde criança, tinha fascinação por roupas. Diante das limitações, demorou um pouco mais para aprender a escrever e a segurar os objetos. Mas, quando conseguiu se adaptar, passou a fazer aulas de pintura, artesanato e costura. “Eu sempre gostei da moda. Eu pintava as minhas roupas, desenhava, cortava. Não era como as outras adolescentes”. Ela defende que o trabalho não se resume à deficiência. “A minha deficiência é só um detalhe. Não são as minhas mãos que fazem os vestidos, é o meu cérebro, é o meu olhar, é a minha criatividade”. Também de criatividade é refinada a paixão da professora de educação física maranhense Carolina Belfort, de 40 anos. O estímulo ao movimento e à saúde encanta alunos de diferentes faixas etárias na escola pública em que atua, no Riacho Fundo, região periférica do Distrito Federal. Cadeirante, ela pede que os alunos perguntem à vontade tudo o que quiserem no primeiro dia de aula. Abertamente, Carolina explica que perdeu o movimento das pernas ainda criança depois de um tiro acidental dentro de casa. “Com o tempo, eles nem se lembram mais desse assunto”. A professora está acostumada a receber abraços e beijos das crianças apaixonadas pela forma empolgada que ensina esportes e valoriza a atividade, momento tão esperado da semana. Ela explica aos pequenos e grandes que é necessário ficar longe de telas. “Para tirar do celular, tem que tirar de casa.” Na escola, além dos esportes, Carolina estimula a criançada a dançar. Inclusive nos intervalos. “Eles amam”. Ela mesma testemunha que, durante o seu período escolar, não se sentiu incluída nas atividades. “Os professores não sabiam como orientar e tinham medo de eu me machucar”, lamenta. Obstáculos que ela sentiu tanto por causa da deficiência como por ser mulher, segundo avalia. “A chave foi virada. Foram muitas batalhas porque existe o capacitismo. Eu tenho que me provar duas vezes”. O sonho dela é futuramente trabalhar de forma especializada com outras pessoas com deficiência para estimulá-las a olhar a vida de outra forma. Dentro da água, a vida passa em alta velocidade para a funcionária pública e arquivista brasiliense Daniela Francescutti, de 56 anos. Desde 2007, a paixão pela natação, que representava saúde e diversão, ficou ainda mais séria para ela, que é uma atleta surda. Ela participa de competições masters de natação. “Gosto de nadar borboleta, medley e provas longas (800 metros e 1,5 mil metros livres)”. Ficou em sexto lugar logo no primeiro ano na prova mais longa. “O que já foi meu ouro” Em 2013, arriscou-se também em águas abertas. Oito anos depois, a Federação Brasiliense Desportiva dos Surdos a convidou para competir oficialmente. “Desde 2021, represento o DF nas competições nacionais de surdos”.  Neste ano, em Guaiaquil (Equador), voltou com três medalhas do Open Panamericano. A delegação brasileira trouxe 24 medalhas. A prática de participar de competições mudou completamente a vida dela. Mudou a alimentação, o sono e passou a querer colaborar com a equipe. “Decidi cortar o açúcar e foi a melhor coisa que fiz. Eu treino em piscina coberta às 7h da manhã. O sol me aquece quando eu saio da academia a caminho do trabalho”. Além de ser uma atleta competidora, o esporte tem um significado que vai além das medalhas.  “Para mim, a natação é meu templo de paz. É nela que busco a paz interior”. A secretária nacional dos direitos da pessoa com deficiência, Isadora Nascimento, defende que o Brasil precisa de um letramento sobre o que é o capacitismo. “Muitas vezes, as pessoas reproduzem sem se darem conta. A gente tem feito campanhas de conscientização para trazer o conceito na prática de forma simples”. Ela exemplifica que termos como “surdo” e “cego” são usados de forma pejorativa em xingamentos. A secretária explica que é necessário levar o assunto para a escola e também promover campanhas sistemáticas. Na emergência por garantia de direitos, Isadora Nascimento entende que marcadores sociais devem ser levados em conta. “Uma mulher negra com deficiência, que é o meu caso, enfrenta mais camadas de opressão do que uma mulher branca. Ou então uma pessoa LGBT com deficiência também vai enfrentar. A gente precisa entender onde estão essas pessoas”, exemplifica. Ela diz que é necessário melhorar esse mapeamento para ampliar políticas públicas necessárias de inclusão. ""Por mais direitos e oportunidades de as pessoas serem o que quiserem."""	Agência Brasil	direitos-humanos	False
https://agenciabrasil.ebc.com.br/direitos-humanos/noticia/2026-09/rio-mpf-vai-justica-cobrar-plano-de-reducao-da-letalidade-policial	2026-09-18	Rio: MPF vai à Justiça cobrar plano de redução da letalidade policial	Documentos são considerados insuficientes diante de recordes de mortos	"O Ministério Público Federal (MPF) solicitou à Justiça Federal a concretização do plano para reduzir as mortes por intervenção policial no estado do Rio de Janeiro. O plano é uma determinação da Corte Interamericana de Direitos Humanos (CIDH) de 2017 e cabe ao governo e à União. Na ação, que tramita na 26ª Vara Federal Cível, o MPF pede que os órgãos comprovem de forma detalhada quais são as metas e as políticas de redução da letalidade policial implementadas. Na avaliação do MPF, diante do número recorde de pessoas mortas em ações policiais recentes, como a Operação Contenção, em outubro de 2025, com 122 pessoas assassinadas, e da análise de documentos do governo do Rio, não é possível comprovar o cumprimento da sentença da CIDH. A União também anexou na ação materiais sem comprovar a elaboração e a execução de planos e metas, segundo o Ministério Público. ""É necessário apresentar medidas concretas, com metas mensuráveis, prazos, responsáveis, indicadores e mecanismos de acompanhamento capazes de demonstrar resultados efetivos na redução da violência policial"", disse o órgão, em nota. O governo do Rio alega ter cumprido a sentença ao atender as medidas da Arguição de Descumprimento de Preceito Fundamental (ADPF) nº 635, conhecida como a ADPF das Favelas. Em tramitação no Supremo Tribunal Federal (STF), a ADPF criou regras para operações policiais no estado, em 2020. Antes, os índices de mortes em decorrência de intervenção policial tinham disparado, levando a sociedade civil a recorrer ao STF. Foi quando, ao ser eleito governador, ainda em 2018, o ex-juiz Wilson Witzel exaltou o uso letal da força afirmando: ""A polícia vai mirar na cabecinha e... fogo"". A declaração foi dada em entrevista à imprensa. De acordo com o MPF, as medidas apresentadas pelo governo do Rio no contexto da ADPF não comprovam a implementação de uma política de redução da letalidade policial no estado com metas claras e concretas. Em abril de 2025, o STF também reconheceu limitações no plano entregue à Corte. À Agência Brasil, o governo do Rio reiterou as mesmas medidas e informou que a Secretaria de Estado de Polícia Militar adota ""um conjunto permanente de medidas"" voltadas à redução da violência e ao aprimoramento da atuação policial. ""São cursos, instruções e treinamentos e atualizações"", mencionou, em nota. O MPF sustenta que as medidas determinadas pela CIDH não podem ser consideradas cumpridas apenas pela publicação de atos normativos ou pela apresentação de documentos. ""O cumprimento exige políticas públicas efetivas, capazes de produzir resultados e sujeitas a acompanhamento e reavaliação"", frisa o órgão, em nota. Segundo o Ministério Público, na ação, o governo do Rio se limitou a relatar cursos, treinamentos, compra de equipamento, além de monitoramento da letalidade por meio da produção de dados, sem comprovar a existência de uma política para este fim. Sem o plano de redução da letalidade policial, o MPF argumenta ainda que cresce o número de assassinatos citando dados do Anuário Brasileiro de Segurança Pública 2026. A publicação revela que o número de mortes decorrentes de intervenção policial no Rio passou de 703 pessoas, em 2024, para 798, em 2025, um aumento de 13,5%. O estado registrou 4,6 mortes decorrentes de intervenção policial por 100 mil habitantes, acima da média nacional de 3,1. O MPF também faz referência às 122 pessoas assassinadas na Operação Contenção, em outubro de 2025, nos Complexos da Penha e do Alemão, e considerada a mais letal da história, apesar das restrições da ADPF. ""O episódio evidencia a insuficiência das medidas adotadas até então para cumprir a determinação da CIDH"", analisa. O tribunal internacional determinou a criação do plano de redução da letalidade policial na sentença que avaliou a participação de forças de segurança do governo do Rio de Janeiro nas chacinas da Favela Nova Brasília, ocorrida em 1994, e no Complexo do Alemão, em 1995, ambas na capital fluminense. Na ocasião, 26 pessoas foram executadas, sendo que três mulheres, duas, ainda adolescentes, foram estupradas por agentes. Além de responsabilizar o estado pelas chacinas, a Corte ordenou a reabertura de investigações e medidas de reparação às vítimas e familiares."	Agência Brasil	direitos-humanos	False
https://agenciabrasil.ebc.com.br/direitos-humanos/noticia/2026-09/comite-gestor-da-internet-publica-diretriz-para-regular-redes-sociais	2026-09-17	Comitê Gestor da Internet publica diretriz para regular redes sociais	Texto cita 46 pontos, como abuso de mercado e limite ao uso de IA	"O Comitê Gestor da Internet no Brasil (CGI.br) lançou nesta quinta-feira (17) documento com 46 diretrizes para regulação de plataformas de redes sociais no país. O texto estabelece parâmetros sobre a responsabilidade das empresas por conteúdos de terceiros, limites ao uso de inteligência artificial , regras de transparência algorítmica e combate a abusos de mercado. A finalidade é que as recomendações funcionem como guia conceitual para orientar novos projetos de lei e subsidiar decisões do Congresso Nacional , do Judiciário e de órgãos reguladores . Segundo o CGI.br, as diretrizes foram elaboradas com base nos princípios da regulação assimétrica, que fixa regras diferenciadas conforme o porte, o alcance e o faturamento de cada empresa, e da proporcionalidade, que adequa as exigências ao grau de risco e de interferência que o serviço exerce na circulação das informações. Assim, as obrigações não são idênticas para toda a internet, mas impõem mais rigidez para as plataformas maiores, sem inviabilizar a inovação, a atuação de pequenos provedores, redes sociais comunitárias e novas empresas no mercado. Segundo a coordenadora do CGI.br, Renata Mielli, o documento serve de matriz técnica e institucional para subsidiar instituições do Estado, com respostas regulatórias que acompanham a complexidade das plataformas e garantam a proteção de direitos no ambiente online. “Nosso objetivo é oferecer balizas previsíveis e aplicáveis que fortaleçam o Estado Democrático de Direito e a integridade informacional, preservando a inovação e a diversidade na Internet."" O documento está dividido em seis eixos temáticos interdependentes. No primeiro, soberania e jurisdição nacional, recomenda-se que as plataformas de redes sociais estrangeiras mantenham representação legal ou escritório no país. A exigência deve ser seguida sempre que o serviço for ofertado ao público brasileiro. Indica ainda a adoção de medidas para detectar e mitigar riscos de interferência indevida em processos eleitorais e democráticos. Sobre transparência, a entidade recomenda o estabelecimento de deveres de informação sobre as atividades de moderação de conteúdo. As empresas devem publicar regras internas, métricas de remoção de publicações, detalhando se a detecção ocorreu por automação ou denúncia. devem ainda comprovar a existência de equipes humanas de moderação capacitadas a compreender o idioma e o contexto cultural brasileiro. A terceira diretriz que trata da economia e concorrência propõe limites ao exercício de autopreferência por plataformas dominantes. O texto veda a grandes ecossistemas priorizar de forma abusiva os próprios produtos e serviços em buscas e feeds em prejuízo de concorrentes. Ao abordar os direitos humanos, o quarto eixo do texto cita a necessidade de implementar proteções contra a discriminação algorítmica, com testes e auditorias. A finalidade é evitar que sistemas de recomendação reproduzam vieses raciais, de gênero ou sociais. O guia diferencia no quinto eixo – prevenção e responsabilidade – serviços de transporte de dados daqueles que exercem alta interferência na circulação de conteúdos por meio, por exemplo, de algoritmos de recomendação e perfilamento. “Quanto maior o grau de interferência da rede na distribuição dos conteúdos de terceiro, maior é o seu dever de prevenção de danos e seu potencial de responsabilização”, informa o documento. Governança e regulação assimétrica é o tema do sexto e último eixo e sugere que as regras combinem critérios quantitativos, como faturamento e número de usuários, e qualitativos, como o impacto no discurso público ou o foco em públicos vulneráveis . Defende ainda a governança multissetorial na definição e fiscalização das normas asseguradas por representantes do governo, do setor privado, da sociedade civil e da academia para preservar a independência das decisões regulatórias. Saiba mais no Repórter Brasil Tarde, da TV Brasil"	Agência Brasil	direitos-humanos	False
https://agenciabrasil.ebc.com.br/direitos-humanos/noticia/2026-09/pessoas-com-deficiencia-vivem-em-piores-condicoes-de-moradia-diz-ibge	2026-09-18	Pessoas com deficiência vivem em piores condições de moradia, diz IBGE	Acesso aos serviços de saneamento é inferior	Dados do Censo 2022, divulgados nesta sexta-feira (18) pelo Instituto Brasileiro de Geografia e Estatística (IBGE), mostram que as pessoas com deficiência vivem em moradias com menos estrutura do que aquelas sem deficiência. Um dos aspectos relevantes é o acesso ao esgotamento sanitário. Apenas 59,8% das pessoas com deficiência vivem em residências com fossas ou ligação à rede coletora de esgoto. Entre aqueles que não têm deficiência, o índice é de 63,1%. A desigualdade de repete também no acesso ao abastecimento de água potável e coleta de lixo. Para os que têm deficiência, o acesso à água por rede ou distribuição chega a 82% dos lares e a coleta de resíduos direta ou indireta, a 90,1%. Para os sem deficiência, os indicadores são, respectivamente, de 83,1% e 91,1%. O acesso aos três serviços de saneamento básico atinge 56,6% dos lares onde vivem pessoas com deficiência, contra 60,2% das moradias onde só residem pessoas sem deficiência. Há ainda 2,4% dos lares de pessoas com deficiência sem banheiro exclusivo do domicílio e 1,4% de casas com paredes externas construídas predominantemente com material não durável. Nas residências onde só vivem pessoas sem deficiência, os índices são mais baixos: de 2,2% e 1,2%, respectivamente. Apenas 78,9% dos lares onde residem pessoas com deficiência têm acesso domiciliar à internet. Para os sem deficiência, o serviço atinge 90,2% dos imóveis. A desigualdade é percebida ainda no acesso a eletrodomésticos. Em 60,4% dos lares onde vivem pessoas com deficiência há uma máquina de lavar, por exemplo. Por outro lado, o eletrodoméstico está presente em 68,9% nos imóveis habitados exclusivamente por pessoas sem deficiência. Apenas o indicador de adensamento excessivo no domicílio é favorável às pessoas com deficiência: 3% tinham três ou mais pessoas por dormitório. Entre os sem deficiência, a parcela é 4,8%. Segundo o IBGE, isso pode ser explicado pelo perfil etário das pessoas que têm dificuldade de enxergar, ouvir, se locomover, pegar objetos ou questões associadas a funções mentais. “Uma boa parte das pessoas com deficiência é idosa. E as pessoas idosas vivem mais em domicílios unipessoais, com apenas um morador”, explica o pesquisador do IBGE Leonardo Queiroz Athias. As pessoas com deficiência também têm mais dificuldades para se deslocar de casa para o trabalho. As pessoas com deficiência gastam, em média, 12% mais tempo para chegar ao trabalho (37 minutos) do que os sem deficiência (33 minutos). O principal contingente é formado por aquelas que precisam usar ônibus ou BRT (24,7%). Entre os sem deficiência, a parcela é 21%. Além disso, as pessoas com deficiência precisam se locomover mais a pé (23,7%) e de bicicleta (7,8%) do que os sem deficiência (17,4% e 6,1%, respectivamente). Os sem deficiência, por outro lado, usam mais automóveis e táxis (32,8%) e motocicletas ou mototáxis (17%) do que os trabalhadores com deficiência (22,8% e 14,3%, respectivamente). As pessoas com deficiência gastam, em média, 12% mais tempo para chegar ao trabalho (37 minutos) do que os sem deficiência (33 minutos). Segundo o IBGE, houve uma redução no número de pessoas com deficiência eleitas entre 2020 (578 eleitos) e 2024 (415 eleitos) . Os homens eleitos para vereador caíram de 459 para 356 entre os dois pleitos, enquanto as mulheres eleitas para câmaras municipais recuaram de 63 para 35. Entre as pessoas com deficiência eleitas para prefeituras, o número de homens diminuiu de 47 para 23 e o de mulheres despencou de nove para uma. Houve ainda recuo nas candidaturas para vereador e prefeito: de 6.409 em 2020 para 4.813 em 2024. “A gente vê uma piora na representação das pessoas com deficiência, com diminuição de candidaturas e de pessoas eleitas”, afirma Athias. No serviço público federal, o percentual de servidores com deficiência passou de 0,6% em 2019 para 3,1% em 2025. Também houve aumento da participação de pessoas com deficiência em cargos comissionados níveis 1 a 12 (de 0,5% para 2,8%) e cargos comissionados níveis 13 a 17, ou seja, os mais elevados (de 0,2% para 1,5%). Houve aumentos consideráveis também de 2024 para 2025: servidores (de 1,9% para 3,1%), comissionados níveis 1 a 12 (1,5% para 2,8%) e comissionados níveis 13 a 17 (de 0,9% para 1,5%). Esse aumento pode ser explicado pelo crescimento do número de servidores identificados com transtorno do espectro autista (TEA). Entre os 5.570 municípios brasileiros, 490 deles, onde viviam 34,5% das pessoas com deficiência no país, contavam com adaptação de espaços públicos para facilitar a acessibilidade a pessoas com deficiência ou mobilidade reduzida. Os dados se referem a 2023. Legislações específicas para garantir passe livre municipal a pessoas com deficiência no transporte coletivo apareciam em apenas 480 dos municípios do país, onde viviam 46,1% dessa população. Além disso, a pesquisa mostrou que 83,8% das pessoas com deficiência viviam em municípios com políticas ou programas de promoção para este público, 18,9% delas viviam em municípios com fundo municipal para os direitos da pessoa com deficiência, 36,5% viviam em municípios que tinham, na prefeitura, pessoal capacitado para atender a pessoas com deficiência.	Agência Brasil	direitos-humanos	False
https://agenciabrasil.ebc.com.br/direitos-humanos/noticia/2026-09/maioria-dos-projetos-no-congresso-ameacam-indigenas-diz-pesquisa	2026-09-15	Maioria dos projetos no Congresso ameaçam indígenas, diz pesquisa	Levantamento foi divulgado pelo Conselho Indígena Missionário	Dos 272 projetos que tramitam no Congresso Nacional que afetam diretamente os direitos dos povos indígenas, 146 (54%) são desfavoráveis a essas comunidades tradicionais. Essa é uma das conclusões de um levantamento divulgado, na tarde desta terça (15), pelo Conselho Indígena Missionário (Cimi). A avaliação aponta ainda que, dessas propostas consideradas negativas, 125 dizem respeito aos direitos territoriais. Os dados ficaram disponíveis pelo Cimi na plataforma denominada “ Congresso Antindígena ”. De acordo com o secretário executivo do Cimi, Luís Ventura, os números levantados confirmam que o Congresso tem um comportamento contrário aos direitos constitucionais dos povos indígenas. Essa configuração teve um aumento relevante, segundo ele, nas últimas duas legislaturas. “Na última legislatura, de 2023 para cá, foram 83 proposições legislativas contrárias aos direitos dos povos indígenas protocoladas na Câmara dos Deputados ou no Senado”, disse em entrevista à Agência Brasil. Entre as iniciativas negativas para os povos indígenas, o secretário do Cimi cita tentativas de instalar o Marco temporal, de abertura dos territórios à exploração econômica por terceiros, de reduzir as possibilidades de demarcação e até de levar a atribuição da demarcação para o Congresso Nacional e não para o Executivo, que é o que estabelece a Constituição. O secretário do Cimi acrescenta que há uma intensificação dos votos dos parlamentares contrários aos interesses dos indígenas no país. Por isso, há uma preocupação da entidade com o futuro. “É evidente que nós estamos preocupados caso o Congresso Nacional não tenha uma reconfiguração. Ao mesmo tempo, nós queremos lançar esta plataforma justamente para colocar esse problema diante da sociedade”. A iniciativa do Cimi sistematizou os votos e resultados de 110 votações nominais ocorridas no Senado, na Câmara e em sessões conjuntas do Congresso Nacional nas duas últimas legislaturas, entre janeiro de 2019 e junho de 2026. Foram avaliadas 98 votações de proposições com impacto direto sobre os direitos dos povos indígenas e 12 com impacto indireto. De um total de 41.391 votos analisados, foram computados 27.965 desfavoráveis aos direitos indígenas (67,6%) e 13.081 favoráveis (31,6%), além de 345 (0,8%) votos considerados neutros, como abstenções. A plataforma vai permanecer ativa depois das eleições também e passará a expor as ações dos parlamentares ao público. O objetivo é colocar diante da sociedade quais são os partidos políticos, deputados, senadores e bancadas, que, sistematicamente, estão trabalhando contra os direitos constitucionais dos povos indígenas. Ventura explica que uma das questões que a plataforma traz também é que as proposições legislativas contra direitos territoriais têm um andamento mais ágil do que as propostas favoráveis, que são principalmente relacionadas a políticas públicas como educação, saúde, direitos sociais e culturais. O secretário do Cimi argumenta que a garantia dos direitos constitucionais dos indígenas deve ser pauta de toda a sociedade e não apenas das comunidades tradicionais. “A proteção aos territórios indígenas gera um resultado evidente para a proteção da biodiversidade. E isso, efetivamente, é algo do qual toda a sociedade se beneficia”. Outro sentido é a ofensiva contra os direitos dos povos indígenas, que significaria impactos contra direitos fundamentais da Constituição. “Quando se atinge um direito fundamental, outros podem ser atingidos da mesma forma”. Esses impactos gerados pelo Congresso, na avaliação do Cimi, estão espalhados por todas as regiões. “O resultado final deste comportamento do Congresso Nacional é que, de um lado, as demarcações de terras indígenas são travadas, e, por outro lado, os territórios vão ser abertos à exploração econômica”. Não haver demarcação dos territórios elevaria, nessa concepção, a chance de violência direta contra os povos indígenas. “Isso não pode ser naturalizado pela sociedade brasileira. E, para não ser naturalizado, a gente precisa transformar esse congresso que está aí”. A cerca de mil quilômetros do Congresso Nacional, a liderança indígena Cleonice Pankararu, de 59 anos, está bastante preocupada com as decisões dos parlamentares em Brasília. Ela vive em uma pequena comunidade (de 30 famílias) chamada Aldeia Cinta Vermelha de Jundiba, na área rural de Araçuaí (MG), no Vale do Jequitinhonha. Ela relata sofrer ameaças por conta da busca por direitos e ao denunciar a exploração de minérios na região, particularmente o lítio. Inclusive, em 2023, foi até a sede da ONU, em Genebra (Suíça), para relatar as dificuldades e a violência. Atualmente, Cleonice tem sido atendida por programa de proteção. “O nosso território ainda precisa ser demarcado e nós estamos correndo risco devido aos grandes empreendimentos na região”, explicou, em entrevista por telefone. “Sabemos que a maioria dos deputados e senadores não estão preocupados com os povos indígenas”. No dia a dia, Cleonice lamenta que, além dos riscos à segurança, os filhos e netos não têm a vida que ela teve na infância. Banhar-se no rio Jequitinhonha e admirar os animais na mata na confluência de Cerrado e Caatinga. Com o desmatamento provocado por empresas e grileiros, tudo está diferente. “Tinha mata, frutas, rio limpo e muito peixe. A gente não pesca mais” A monocultura do eucalipto nesta região semiárida sofreu impacto, segundo explica. Pequi e mangaba desapareceram. Até as plantas medicinais que a comunidade utilizava sumiram. “A gente precisa estar atento e denunciar”.	Agência Brasil	direitos-humanos	False
https://agenciabrasil.ebc.com.br/direitos-humanos/noticia/2026-09/violencia-muda-rotina-e-escolhas-de-98-das-mulheres-brasileiras	2026-09-16	Violência muda rotina e escolhas de 98% das mulheres brasileiras	Pesquisa diz que 78% afirmam ter sofrido ao menos um tipo de violência	Oito em cada dez mulheres no país (78%) afirmam já ter sofrido pelo menos um tipo de violência. Quase todas as brasileiras (98%) recorrem a estratégias para reduzir riscos de sofrer violência no dia a dia. A sensação de insegurança que atinge as mulheres faz com que elas mudem comportamentos e limita suas escolhas em relação a lazer, mobilidade, trabalho e estudo. Os resultados estão na pesquisa de opinião Segurança das Mulheres: Percepção da Sociedade Brasileira sobre Violência”, realizada pelos institutos Patrícia Galvão e Locomotiva, com apoio da Uber. O levantamento será apresentado nesta quarta-feira (16), no painel (In)segurança das Mulheres e Mobilidade, durante o 20º Encontro do Fórum Brasileiro de Segurança Pública. Para a pesquisa, foram ouvidas 1,5 mil pessoas de 16 anos ou mais, de todas as regiões do país, entre os dias 22 e 30 de abril de 2026, por meio de entrevistas digitais de autopreenchimento. A margem de erro é de 2,8 pontos percentuais. O medo da violência faz parte da vida cotidiana da maioria dos brasileiros, mas afeta as mulheres de maneira ainda mais intensa, de acordo com os dados. Entre as entrevistadas, 94% afirmam se sentirem inseguras diante da violência no dia a dia, contra 84% dos homens. Nos deslocamentos pela cidade, 94% das mulheres e 90% dos homens dizem sentir medo da violência. “A pesquisa mostra que o medo da violência atravessa a forma como as mulheres vivem e circulam pelas cidades. E esse medo não surge do nada, ele é alimentado por experiências concretas de violência, vividas pelas próprias mulheres ou compartilhadas por outras ao seu redor”, afirma a diretora de Pesquisa do Instituto Locomotiva, Maíra Saruê. Para a população em geral, as mulheres são percebidas como mais vulneráveis do que os homens em diversas formas de violência, principalmente doméstica, sexual, psicológica e física. A violência doméstica, por exemplo, é motivo de temor para seis em cada dez brasileiras. Além disso, os espaços de lazer e o transporte público estão entre os locais em que as mulheres se sentem menos protegidas: 41% não se sentem nada segura em bares, festas e baladas e 42% não se sentem nada segura em pontos de ônibus e estações. Dentro dos transportes públicos, 33% dizem não se sentir nada segura. “Na prática, mulheres e homens não vivem a cidade da mesma maneira já que, para as mulheres, o acesso aos espaços e às oportunidades é constantemente condicionado pela preocupação com a própria segurança”, mencionou Maíra. O cenário de violência e insegurança leva quase a totalidade das mulheres (98%) a adotar no dia a dia ao menos uma das medidas pesquisadas para reduzir o risco de sofrer violência. Evitar determinados locais é a estratégia mais comum, citada por 90% das entrevistadas. Outras medidas mostram o grau de vigilância incorporado à rotina: 88% evitam compartilhar informações pessoais ou sua localização nas redes sociais, 84% evitam usar o celular na rua, 83% avisam alguém sobre seus deslocamentos e horários, e 83% evitam sair à noite. As mulheres também evitam o uso de aplicativos bancários no celular quando estão na rua (80%), compartilham sua localização com pessoas de confiança (77%), mudam trajetos habituais (69%), chamam carro ou moto por aplicativo para não precisar andar pelas ruas (66%) e pedem para alguém acompanhá-las quando saem de casa (66%). Para evitar situações de violência, 62% das mulheres já mudaram hábitos de lazer, e 58% deixaram de frequentar lugares de que gostavam . Mais da metade (56%) já preferiu utilizar algum meio de transporte em vez de ir a pé, mesmo quando o destino era próximo. Além disso, 27% praticam ou já praticaram técnicas de defesa pessoal, e 26% carregam itens de proteção pessoal, como spray de pimenta ou alarme pessoal. As decisões relacionadas à vida profissional e acadêmica também são afetadas. A pesquisa mostra que 45% das mulheres afirmam já ter deixado de aproveitar oportunidades de trabalho ou estudo por causa do medo da violência. Além disso, 44% já pensaram em mudar de bairro ou cidade para se sentirem mais seguras. “Os dados desta pesquisa confirmam algo que já vínhamos observando em nosso trabalho cotidiano: a insegurança deixou de ser uma percepção pontual e se transformou numa rotina de cálculos e renúncias silenciosas, em que quase todas as mulheres brasileiras precisam evitar lugares, mudar trajetos, abrir mão do lazer ou reconsiderar até uma oportunidade de trabalho por medo da violência”, ressaltou a diretora executiva do Instituto Patrícia Galvão, Vera Vieira. A pesquisa concluiu que, para as entrevistadas, a prevenção e o enfrentamento da violência no dia a dia são responsabilidades que devem envolver diferentes instituições públicas. As polícias Militar e Civil são apontadas por 73% das entrevistadas como responsáveis por essa atuação, seguidas pelo governo federal (69%), governo estadual (69%) e governo municipal (66%). No entanto, a maioria das mulheres avalia de forma negativa a atuação das instituições no combate à violência. Entre os piores resultados estão os representantes do Legislativo, com 74% de avaliação negativa, o governo estadual (72%), o Poder Judiciário (71%) e o governo federal (71%). Além disso, para 78% das entrevistadas, as propostas de combate à violência contra mulheres nas ruas e no transporte público influenciarão na decisão de voto nas próximas eleições. Para Vera Vieira, os resultados da pesquisa mostram que a segurança das mulheres não é uma pauta setorial, mas uma condição para o exercício pleno da cidadania. “Por isso, reforçamos a urgência de políticas públicas que ampliem os canais de denúncia, melhorem a infraestrutura das cidades e enfrentem as desigualdades que sustentam esse cenário”, acrescentou. Na avaliação de 95% das entrevistadas, é importante ampliar os canais de denúncia e apoio às vítimas de violência. A transformação dos espaços urbanos também aparece com destaque, com 93% das mulheres indicando a importância de melhorar a infraestrutura das cidades, incluindo transporte público, iluminação e espaços públicos. A pesquisa aponta que 93% consideram importante criar e ampliar políticas específicas de proteção às mulheres, com benefícios indiretos para os homens e para a população em geral, e realizar esforços de prevenção, como medidas de educação e mudança cultural. Reduzir as desigualdades sociais e econômicas como parte das estratégias de prevenção e enfrentamento da violência foi outra medida apontada por 92% das mulheres.	Agência Brasil	direitos-humanos	False
https://agenciabrasil.ebc.com.br/direitos-humanos/noticia/2026-09/irma-de-pm-suspeito-de-feminicidio-e-investigada-e-esta-foragida	2026-09-10	Irmã de PM suspeito de feminicídio é investigada e está foragida	Polícia Civil cumpriu mandados contra Thamires Matias nesta quinta	A Polícia Civil fez, nesta quinta-feira (10), uma operação para cumprir mandados de busca e apreensão contra a irmã do policial militar Vinícius Costa Silva, suspeito de ter cometido feminicídio contra a esposa, Larissa Cruz Morata. Thamires Matias, irmã do policial, está sendo investigada pela Delegacia de Embu das Artes, cidade na região metropolitana de São Paulo, por suspeita de fraude processual. A polícia não localizou Thamires em casa, e ela passou a ser considerada foragida. Novas investigações serão realizadas nesta sexta-feira (11) na casa onde Larissa morreu com o objetivo de reunir elementos que contribuam para a solução do caso. No último domingo (6), a radiologista Larissa Cruz Morata, de 29 anos, foi encontrada morta, com um tiro na cabeça, no banheiro da casa onde morava com Vinícius Costa. O casal vivia em Embu das Artes e tinha um filho pequeno. O PM disse às autoridades que a esposa tirou a própria vida após ele anunciar que queria terminar o relacionamento. Estudos periciais no corpo da vítima e no local indicaram que seria impossível Larissa ter cometido suicídio. Devido a essas conclusões, o policial militar foi detido no velório da radiologista, na última segunda-feira (7). À tarde, foi decretada a prisão temporária de Vinícius, que foi encaminhado ao Presídio Militar Romão Gomes. A Agência Brasil procurou a defesa do PM, mas não teve resposta, e tenta conseguir o contato do advogado de Thamires. *Estagiário da Agência Brasil sob supervisão de Odair Braz Junior	Agência Brasil	direitos-humanos	False
https://agenciabrasil.ebc.com.br/direitos-humanos/noticia/2026-09/justica-eleitoral-se-aproxima-de-indigenas-na-raposa-serra-do-sol	2026-09-12	Justiça Eleitoral se aproxima de indígenas na Raposa Serra do Sol	Roraima é o estado com maior proporção de população indígena	"A Raposa Serra do Sol, terra indígena em Roraima, no extremo norte do país, perto da fronteira com a Venezuela e com a Guiana, recebeu na sexta-feira (11) a visita de uma comitiva da Justiça Eleitoral, que busca aproximação com eleitores indígenas. Os presidentes do Tribunal Superior Eleitoral (TSE), ministro Kassio Nunes Marques, e do Tribunal Regional Eleitoral de Roraima (TRE-RR), desembargador Mozarildo Cavalcanti, participaram de uma série de atividades na comunidade indígena Maturuca. Nunes Marques acompanhou ações da Ouvidoria dos Povos Indígenas, iniciativa do TRE-RR que funciona como um canal de diálogo entre a Justiça Eleitoral e os povos indígenas. Além de ouvir a comunidade para identificar necessidades e aproximar os serviços eleitorais da realidade das aldeias, a comitiva realizou ações como a capacitação de mulheres indígenas sobre como votar. O treinamento era uma demanda da própria comunidade. As atividades ocorreram no malocão principal, espaço comunitário tradicional utilizado para reuniões. Também foram realizadas ações para jovens e entregues computadores para a escola de informática da comunidade, doados pelo TRE-RR. Os indígenas receberam também uma cartilha com informações sobre direitos, serviços e etapas da votação. O material foi produzido em Macuxi, uma língua indígena. De acordo com Nunes Marques, o TSE tem uma missão “que vai muito além de organizar a votação”. “Nosso dever é garantir que cada cidadão e cada cidadã possa exercer o seu direito de escolha com liberdade, segurança e dignidade”, declarou. Para ele, isso significa reconhecer que “o Brasil é formado por muitos”. “Um país democrático não pode ser construído a partir de uma única perspectiva, de uma única cultura ou de uma única forma de ver o mundo"", complementou. Um levantamento da Articulação dos Povos Indígenas do Brasil (Apib) indica que as eleições deste ano têm o maior número de candidaturas indígenas já registradas no Brasil. >> Leia aqui: Eleições de 2026 registram recorde de candidaturas indígenas Roraima pode ser considerado o estado mais indígena do Brasil. Cerca de 15% da população pertence a alguma etnia . São 97,7 mil indígenas em um estado com população total de quase 640 mil pessoas, de acordo com o Censo 2022 do Instituto Brasileiro de Geografia e Estatística (IBGE) . No país como um todo, os indígenas são 0,8% da população. Na Raposa Serra do Sol vivem os povos Macuxi, Wapichana, Ingarikó, Taurepang e Patamona . No fim da agenda, já na Praça das Águas, na capital, Boa Vista, os presidentes dos tribunais eleitorais participaram de uma ação de votação simulada na urna eletrônica. Nunes Marques incentivou eleitores a levarem a “colinha” no dia da eleição. Dona Vicentina, de 71 anos, uma das participantes, concordou. “A colinha ajudou muito na hora de votar”, disse. O primeiro turno será no dia 4 de outubro, quando serão eleitos deputados federais, estaduais, distritais (no caso do Distrito Federal), governadores, dois senadores por unidade da federação e o presidente da República. O segundo turno está marcado para o dia 25 e pode ocorrer na disputa para os cargos de governador e presidente. Os eleitores voltarão às urnas se nenhum dos candidatos obtiver mais de 50% dos votos válidos, excluindo brancos e nulos, no primeiro turno."	Agência Brasil	direitos-humanos	False
https://agenciabrasil.ebc.com.br/direitos-humanos/noticia/2026-09/plataformas-vao-informar-canais-de-denuncia-de-violencia-contra-mulher	2026-09-11	Plataformas vão informar canais de denúncia de violência contra mulher	Ofício de três secretarias busca aprimorar orientação do Ligue 180	As plataformas digitais terão prazo sugerido de 15 dias para informar ao governo federal como funcionam seus canais e mecanismos de denúncia de violência contra mulheres no ambiente digital. O pedido foi encaminhado em ofício conjunto pelas Secretarias de Políticas Digitais da Secretaria de Comunicação Social da Presidência da República, de Direitos Digitais do Ministério da Justiça e de Enfrentamento à Violência contra Mulheres do Ministério das Mulheres. A iniciativa tem como objetivo reunir informações que permitam qualificar o atendimento prestado pelo Ligue 180, especialmente na orientação a mulheres vítimas de violência praticada ou disseminada pela internet. O documento pede às empresas detalhes sobre os fluxos adotados para receber notificações relacionadas à divulgação não autorizada de conteúdo íntimo, conforme previsto no artigo 21 do Marco Civil da Internet e nas diretrizes estabelecidas pelo Decreto 12.976/2026 . Entre as informações pedidas estão: O governo também quer saber se esses procedimentos são aplicados a conteúdos manipulados ou produzidos com uso de inteligência artificial. O ofício questiona ainda a existência de canais específicos para denúncias de outras formas de violência digital contra mulheres, incluindo assédio e violência política de gênero. As plataformas também deverão indicar um ponto focal das empresas no Brasil para facilitar a interlocução com o poder público sobre o tema. Segundo o governo, a coleta das informações faz parte dos esforços para estruturar políticas de proteção de direitos no ambiente digital e fortalecer a rede de acolhimento e orientação às mulheres em situação de violência. Os dados fornecidos pelas plataformas serão utilizados para aprimorar as informações repassadas pelo Ligue 180. A intenção é ampliar a capacidade do serviço de orientar vítimas sobre os canais disponíveis em cada plataforma e os procedimentos necessários para solicitar providências. O pedido foi formulado em caráter cooperativo, no âmbito das competências dos órgãos envolvidos, e considera as novas obrigações relacionadas à proteção de mulheres no ambiente digital previstas no Decreto 12.976/2026.	Agência Brasil	direitos-humanos	False
https://agenciabrasil.ebc.com.br/direitos-humanos/noticia/2026-09/marighella-ha-30-anos-Estado-reconhecia-culpa-por-assassinato	2026-09-12	Marighella: há 30 anos Estado reconhecia culpa por assassinato	Filho do guerrilheiro destaca importância da reparação da memória	Quando tinha 20 anos de idade, o estudante Carlos Augusto foi chamado por jornalistas da Tribuna da Bahia para reconhecer uma imagem. Viu chegar pelo telex foto do corpo do pai, também chamado Carlos, crivado de balas. Foi assim que descobriu o assassinato ocorrido em 4 de novembro de 1969. Logo depois, foi também perseguido de diferentes formas por causa do sobrenome. Foi somente 27 anos depois, no dia 11 de setembro de 1996, há 30 anos, que ele recebeu o atestado de óbito em que o Estado assumia, pela primeira vez, a responsabilidade pela morte do pai, o ex-deputado federal e guerrilheiro Carlos Marighella “nos termos da Lei 9.140 (sancionada em 1995)”. Essa legislação criou a Comissão Especial sobre Mortos e Desaparecidos Políticos. Para o filho dele, foi o primeiro passo de reparação da imagem do pai. O pai guerrilheiro foi vítima de uma emboscada em São Paulo (SP) feita por agentes da ditadura. Mais do que a dor pessoal, Carlinhos, como costuma ser chamado o advogado hoje com 78 anos de idade, reconhece que aquele momento foi muito importante porque muitas vítimas do período militar não podiam ter acesso a bens por causa de que vítimas estavam desaparecidas. No caso de Marighella, ele foi inicialmente sepultado como indigente. Apenas em 1979, após a Lei de Anistia, os restos mortais puderam ser transportados para Salvador (BA), cidade natal do guerrilheiro. “Muitos dos companheiros que lutaram ao lado de meu pai não tiveram a dignidade de um sepultamento.” No ano passado, a família recebeu um novo documento, retificado, com mais informações do que apenas com a citação da lei, como explica a atual presidente da comissão, Eugênia Gonzaga. O primeiro presidente da comissão, o jurista Miguel Reale Júnior, recorda que, em 1996, a admissão de culpa pelo Estado foi um dos momentos mais importantes do grupo ao considerar a importância do momento histórico. Ele pondera que, no caso de Marighella, foi possível desmistificar as cenas montadas pela polícia como confronto, quando houve, na verdade, fuzilamento. “Havendo assassinato de pessoa sob controle [policial], configura responsabilidade do Estado.” O então presidente da Comissão de Direitos Humanos da Câmara, Nilmário Miranda, recordou que houve resistência na época em relação à reparação a Marighella. “O objetivo não era punir pessoas, mas reconhecer que o Estado foi responsável”. Na mesma decisão sobre Marighella, foi feita a certidão de óbito para Carlos Lamarca, capitão desertor do Exército e que atuou na guerrilha. Nilmário Miranda lembrou que Carlinhos e Clara Charf (a esposa) atuaram para pedir justiça à memória de Marighella. “Lutavam dia e noite, dia após dia, para que houvesse reconhecimento.” As ações da comissão foram detalhadas no livro Dos Filhos deste Solo , escrito por Miranda. Eugênia Gonzaga ressalta que os documentos foram retificados em função de que, inicialmente, informações ficaram omitidas. No caso de Marighella, por exemplo, ele foi casado na clandestinidade com a ativista Clara Charf, que morreu em 2025 . Eles nunca puderam ter um papel admitindo esse casamento, inclusive o atestado não trazia essa informação. “Quando fizemos a retificação, conseguimos fazer a retificação para contar que a viúva, a companheira dele, era a Clara.” Quando a família de Marighella recebeu o documento, outros 62 documentos foram entregues. “A alternativa que a Comissão Nacional da Verdade encontrou foi padronizar esses dizeres como morte não natural, violenta, decorrente da perseguição política do Estado brasileiro”, afirma Eugênia Gonzaga. Para Carlinhos, a reparação não se sustenta tão somente com ações que resolvam esses problemas legais, mas precisa, de fato, servir como uma lição para a sociedade para não aceitar nunca golpes e prezar pela democracia. “A gente ainda tem um longo caminho a percorrer. E o modo correto disso é conscientizar, sobretudo, a nossa juventude.” O filho deseja que a luta de Marighella pelo país seja mais conhecida pela sociedade brasileira. Eles ficaram especialmente emocionados, no mês passado, quando a Universidade Federal da Bahia (UFBA) fez a outorga simbólica do diploma de engenheiro ao pai. Marighella não pôde concluir o curso na Escola Politécnica por causa das ações contra a ditadura. Ele estudou por quatro anos na universidade. “Ele foi considerado um dos 10 alunos mais brilhantes. No último ano, ele foi preso e não pôde fazer as provas finais. A preservação da memória é fundamental”. Marighella não deixou bens, e o filho se ressente das incursões à casa da família, de onde tudo foi levado. “Nunca conseguimos recuperar a vasta produção intelectual de meu pai, como música, poesias e discursos. Tudo isso foi recolhido e nunca foi devolvido”. Mesmo assim, o filho sonha com a possibilidade de algum dia haver um memorial que faça justiça à memória do guerrilheiro. Tanto tempo depois, Carlinhos recorda os contatos afetuosos com o pai que precisava sumir de vez em quando. Ele recorda que, em maio de 1964, no mês seguinte ao golpe, Marighella ia na escola toda semana. “Ele estava de jeans, uma camisa colorida e de peruca. A gente ia numa padaria próxima para comer sanduíche de mortadela.” O filho enfatiza que Marighella, embora tenha lidado com a tensão do período da ditadura, não era uma pessoa deprimida. “Nunca vi nele um olhar de desânimo”. Isso o inspirou mesmo diante das dificuldades. “Confesso que, com tudo isso, com meu pai preso e depois assassinado, expulso da escola com 15 anos, impedido de estudar em escolas de Salvador, demitido do meu emprego [na Petrobras], alvo das maledicências, me considero uma pessoa feliz. Aprendi isso com ele. Ser feliz e lutar.”	Agência Brasil	direitos-humanos	False
https://agenciabrasil.ebc.com.br/direitos-humanos/noticia/2026-09/numero-de-lares-com-idosos-em-inseguranca-alimentar-cai-em-dois-anos	2026-09-10	Número de lares com idosos em insegurança alimentar cai em dois anos	Entre 2023 e 2024 a redução chegou a 300 mil lares em todo Brasil	"Um levantamento feito a partir dos dados da Pesquisa Nacional por Amostra de Domicílios Contínua (PNAD) do Instituto Brasileiro de Geografia e Estatística (IBGE) identificou que o número de domicílios com pessoas com mais de 60 anos em insegurança alimentar caiu no país entre 2023 e 2024, últimos anos com informações consolidadas. A queda foi de 300 mil lares, passando de 5,9 milhões em 2023 para 5,6 milhões em 2024. Entre as categorias possíveis - insuficiência alimentar grave, moderada e leve, segundo a Escala Brasileira de Insegurança Alimentar (EBIA) - o grupo em situação grave foi o que mais recuou, passando de 894 mil para 744 mil lares. ""A redução na insegurança alimentar grave nos domicílios com brasileiros 60+ é uma notícia importante. Os dados nos alertam que o desafio estrutural permanece, mostra onde as políticas públicas e as decisões estratégicas precisam focar com urgência”, aponta Marcelo Tokarski, CEO da consultoria Nexus, que realizou o estudo. O nível de insegurança moderado teve queda, passando de 1,2 milhão para 1,1 milhão. O número de lares com vulnerabilidade social e privação de comida leves se manteve em cerca de 3,7 milhões. Na soma, 21,8% de todas as moradias com idosos no país tem algum grau de vulnerabilidade com impacto na alimentação."	Agência Brasil	direitos-humanos	False
https://agenciabrasil.ebc.com.br/direitos-humanos/noticia/2026-09/ufrj-homenageia-vitimas-da-ditadura-com-diplomas-postumos	2026-09-10	UFRJ homenageia vítimas da ditadura com diplomas póstumos	Iniciativa busca preservar memória e reparar famílias de mortos	Há 53 anos, o estudante de economia Fernando Augusto da Fonseca foi levado para uma dependência do Exército no Recife. Enquanto era torturado por 20 dias, a mulher grávida e o filho de 3 anos ficaram presos em um hotel. A família foi liberada depois do assassinato de Fernando e da entrega do corpo. A viagem para o Nordeste tinha ocorrido para fugir da repressão da ditadura militar. Por causa da militância estudantil, Fernando havia sido expulso da Universidade Federal do Rio de Janeiro (UFRJ), teve de abandonar o emprego e a vida na capital carioca. Nesta quinta-feira (9), ele foi um dos 23 estudantes homenageados com um diploma de conclusão de graduação pela UFRJ. Outros dois professores da instituição vítimas da ditadura também foram lembrados. O filho de Fernando, o administrador André Luiz Araújo da Fonseca, de 56 anos, recebeu o diploma em nome do pai e disse que o documento simboliza a realização de um sonho interrompido pelo autoritarismo. “Essa identidade como estudante de Economia era muito forte para ele. O diploma encerra um ciclo, é como se ele estivesse atingindo aquele objetivo lá do passado. De todas as homenagens que ele já tinha recebido, essa para mim é a que tem mais peso”, diz. “Vou botar o diploma dele junto com o meu na parede”, complementa André, que se orgulha por ser hoje professor da mesma UFRJ. Durante a cerimônia, o reitor da UFRJ, Roberto de Andrade Medronho, disse que a entrega dos diplomas representa um compromisso com a memória, a verdade e a justiça. “O amanhã depende da nossa coragem de lembrar, da nossa disposição de lutar pelo que acreditamos e, sobretudo, da nossa determinação de defender a democracia todos os dias, para que ninguém se esqueça do que aconteceu”, disse Medronho. O jornalista Franklin Martins, que era presidente do Diretório Central dos Estudantes (DCE) da UFRJ em 1968, destacou o papel do movimento estudantil, dos jovens e dos professores na linha de frente da resistência contra a repressão estatal. Isso significou, segundo ele, na recusa em aceitar a submissão, mesmo diante de ataques de cavalaria, invasões a universidades, tiros e agressões. Franklin Martins disse que a recuperação dessa memória serve de exemplo para a melhoria das lutas sociais atuais. “Eu espero que outras universidades façam a mesma coisa. Para que a memória fique, para que eles sejam lembrados e semeiem a luta pela democracia pelo país”, disse. A atual coordenadora-geral do DCE Mário Prata da UFRJ, Malu Cerqueira, disse que a diplomação tem significado duplo: reparação às famílias dos desaparecidos e uma tomada de posição política voltada para o presente. “Essa é a memória que a gente quer que essa universidade preserve. Não a memória de torturadores, mas a dos melhores filhos do povo, dos lutadores que enfrentam esse regime autoritário”, disse Malu. Um primeiro nome já havia sido homenageado com um diploma póstumo em julho de 2026: o estudante de economia Stuart Angel Jones . Ele foi torturado e assassinado pelo regime em 1971. O documento foi entregue pelo reitor Roberto Medronho diretamente à irmã de Stuart, a jornalista Hildegard Angel. O levantamento dos outros nomes foi feito pela Comissão da Memória e da Verdade da UFRJ com base nos relatórios oficiais do país. Confira a reportagem do Repórter Brasil sobre o assunto, na TV Brasil Outros dois homenageados da noite já eram formados ou atuavam como docentes na época da sua morte e receberam o reconhecimento de seus vínculos e legados institucionais. São eles:	Agência Brasil	direitos-humanos	False
https://agenciabrasil.ebc.com.br/direitos-humanos/noticia/2026-09/morre-ativista-politica-e-feminista-amelinha-teles-aos-81-anos	2026-09-15	Morre a ativista política e feminista Amelinha Teles, aos 81 anos	Torturada na ditadura, atuou para implantação da Lei Maria da Penha	"A ativista política e feminista Amelinha Teles morreu nesta terça-feira (15), aos 81 anos. Presa em 28 de dezembro de 1972, foi levada à Operação Bandeirantes (Oban), onde passou por sessões de torturas. Amelinha foi castigada pelo major do exército Carlos Alberto Brilhante Ustra, então comandante do DOI-Codi de São Paulo. De acordo com o Memórias da Ditadura, seu marido César Augusto Teles e seu companheiro de militância Carlos Nicolau Danielli também foram levados ao órgão de repressão. Ela testemunhou o assassinato de Danielli. Seus filhos, Edson e Janaína, com 4 e 5 anos de idade, à época, também foram sequestrados e levados à Oban, onde viram os pais serem torturados. Feminista, participou do Jornal Brasil Mulher , na década de 1970, e teve papel importante na efetivação da Lei Maria da Penha como advogada e formadora de Promotoras Legais Populares. Amelinha Teles foi uma das entrevistadas do podcast Perdas e Danos , da Empresa Brasil de Comunicação (EBC) . A segunda temporada, lançada este ano, investigou quem saiu lucrando com o regime de exceção iniciado em 1964. Amelinha atuou em pesquisa que faz parte da iniciativa coordenada pela Universidade Federal de São Paulo (Unifesp), “Responsabilidades de empresas por violações de direitos durante a ditadura”. Uma de suas frases alerta para a importância de continuar a olhar para o período ditatorial: ""Nós temos que enfrentar o passado, sim, porque o presente está sendo ameaçado o tempo todo com os fantasmas do passado. Não adianta, não tem que virar a página, não dá para virar a página. A página tem que ser lida e compreendida, depois é que você vira, entendeu?"". A pesquisadora também faz uma reflexão sobre a perda coletiva que é a morte de uma pessoa que luta pelo fortalecimento democrático do Brasil. ""Cada pessoa que é assassinada, que está na luta junto com a gente, que a gente não volta mais a falar com ela, é nossa experiência de construção dos valores democráticos que nós perdemos. Nós vamos perdendo, perdendo, então a gente fica reduzida até no campo das ideias. Você começa a ter medo de pensar na liberdade, na criação, sabe? Expandir ideias. E nós precisamos recuperar isso."" A Rede de Desenvolvimento Humano postou no Instagram homenagem a Amelinha. Um post compartilhado por Rede de Desenvolvimento Humano (@redeh_org) “Hoje perdemos nossa companheira Amelinha Teles, mas a história da luta das mulheres brasileiras perde muito mais do que uma militante: perde uma mulher que fez da coragem, da memória e da resistência uma forma de vida.” A Rede também escreveu: “Sua voz, sua indignação e sua capacidade de transformar dor em luta continuarão entre nós; porque mulheres como Amelinha não partem por inteiro: ficam nas batalhas que ajudaram a construir, nas companheiras que inspiraram e no mundo mais justo que nunca deixaram de sonhar e lutar para construir”. Confira mais informações sobre o assunto no Repórter Brasil , da TV Brasil"	Agência Brasil	direitos-humanos	False
https://agenciabrasil.ebc.com.br/direitos-humanos/noticia/2026-09/fiscais-resgatam-479-vitimas-de-escravidao-moderna-no-mes-de-agosto	2026-09-10	Fiscais resgatam 479 vítimas de escravidão moderna no mês de agosto	Do total, 75 eram mulheres, 13 crianças e 66 migrantes de 8 países	"De 1° a 31 de agosto, as autoridades retiraram 479 pessoas de diversas nacionalidades de situações que configuravam trabalho análogo à escravidão. De acordo com o Ministério Público Federal (MPF), 75 vítimas eram mulheres, 9 atuavam em ambiente doméstico (1,9%) e 13 dos resgatados eram crianças ou adolescentes. Outra característica de destaque é a origem das pessoas exploradas. Além de brasileiras e brasileiros, foram localizadas 66 migrantes vítimas provenientes da Argentina, Uruguai, Paraguai, Bolívia, Venezuela, Burkina Faso, Senegal e Guiné-Bissau. De acordo com os dados da Operação Resgate VI, divulgados nesta quarta-feira (9), o Sudeste concentrou 55,7% das vítimas (267 pessoas resgatadas), das quais a maioria (208) no estado de Minas Gerais. A maior parte dos resgates (292 vítimas) ocorreu na zona rural, 57,5% das fiscalizações. O segmento econômico com maior número de casos foi o cultivo de café, com 53 vítimas, seguido por plantações de cebola (47), de batata-inglesa (44) e outras culturas de lavoura temporária (43). Da região urbana foram resgatadas 178 das vítimas (37,2%). A construção civil respondeu por quase metade desses casos (85 pessoas, ou 47,7% das vítimas). Iniciada em 2021, a força-tarefa da Operação Resgate combina esforços do MPF com o Ministério Público do Trabalho (MPT), a Polícia Federal (PF), a Defensoria Pública da União (DPU) e o Ministério do Trabalho e Emprego (MTE). Ao longo de cinco anos, os esforços de fiscalização resultaram no resgate de 1.192 trabalhadores sem carteira assinada, ou seja, trabalhando informalmente e sem os direitos básicos garantidos, como férias e décimo terceiro. Durante as fiscalizações realizadas no mês passado, os empregadores flagrados submetendo trabalhadores a essas condições foram notificados e instados a interromper as atividades e a rescindir os contratos de trabalho, formalizando-os retroativamente. O total em verbas trabalhistas e rescisórias chega R$ 1,4 milhão. Além do trabalho análogo à escravidão, os empregadores implicados deverão responder por outras irregularidades, como trabalho infantil e por descumprir normas de saúde e segurança, colocando as vítimas em risco. Segundo o MPF, na fase VI da Operação Resgate foram emitidos 1.836 autos de infração relacionados a esses contextos, assim como ordens de interdição e embargo de atividades com grave e possível risco para a integridade física e saúde dos trabalhadores. ""No âmbito da persecução penal e da atuação extrajudicial, o MPF acompanha atualmente 95 procedimentos extrajudiciais e 491 inquéritos relacionados à submissão ou à recondução de pessoas a condições análogas à escravidão. Na esfera judicial, em primeira instância, tramitam 759 ações penais. Outras 289 ações penais, apelações e recursos criminais em segunda instância, concentrados nas Procuradorias Regionais da República da 1ª, 3ª e 6ª Regiões"", detalhou o MPF. No início de julho, foi sancionada a Lei nº 15.455/2026 , que amplia a proteção às vítimas de trabalho análogo à escravidão no ambiente doméstico, permitindo que auditores fiscais entrem em residências para apurar suspeitas de irregularidades sem que precisem de um mandado judicial. A lei também prioriza as vítimas na fila do programa Bolsa Família e determina a aplicação da Lei Maria da Penha quando a vítima for mulher. A combinação com a Lei Maria da Penha deverá facilitar a obtenção de medidas protetivas de urgência e, com isso, evitar que patrões violentem ainda mais as vítimas resgatadas. Magistrados poderão, por exemplo, determinar o afastamento dos empregadores da residência e proibi-los de entrar em contato com a vítima e seus familiares. Estatísticas mostram que a maioria das pessoas que têm como ocupação o serviço doméstico remunerado, que assume variadas formas, como as atividades desempenhadas por diaristas, babás, jardineiros e cuidadores, é do gênero feminino e negra. Em 2018, levantamento do Instituto de Pesquisa Econômica Aplicada (Ipea) apurou um total de 6,2 milhões de pessoas exercendo serviços domésticos remunerados, dos quais 92% (5,7 milhões) mulheres e 3,9 milhões mulheres negras (62,9% do total de trabalhadores do setor), parcela mais vulnerável da pirâmide socioeconômica do país e também em termos de violência de gênero. Denúncias de trabalho escravo podem ser feitas de forma remota e sigilosa no Sistema Ipê, sistema da Secretaria de Inspeção do Trabalho (SIT) em parceria com a Organização Internacional do Trabalho (OIT)."	Agência Brasil	direitos-humanos	False
https://agenciabrasil.ebc.com.br/direitos-humanos/noticia/2026-09/comissao-global-sobre-drogas-pede-fim-de-punitivismo-contra-criancas	2026-09-09	Comissão Global sobre Drogas pede fim de punitivismo contra crianças	Mais de 1 milhão de crianças e adolescentes são mantidas sob custódia	"Um relatório divulgado nesta quarta-feira (9) pela Comissão Global de Políticas sobre Drogas ressalta que crianças e adolescentes são profundamente afetados pelas políticas de combate a substâncias químicas ilícitas. De acordo com o documento, leis punitivas e abordagens de controle das drogas frequentemente expõem essas pessoas à prisão. Além da privação da liberdade, leis punitivistas e abordagens de controle de drogas também submetem crianças e adolescentes à violência, negam-lhes acesso a medicamentos essenciais e a serviços de saúde, os separam de suas famílias, prejudicam sua educação e ainda os tratam como criminosos. Dados da Organização das Nações Unidas (ONU), citados pelo relatório, mostram que, todos os anos, mais de 1 milhão de crianças e adolescentes são mantidas sob custódia policial e 410 mil são encarceradas em prisões e centros de detenção. No Brasil, por exemplo, 27% dos cerca de 12 mil adolescentes cumprindo medidas socioeducativas em restrição ou privação de liberdade, em 2023, estavam encarcerados por tráfico de drogas. O relatório da Comissão Global sobre Drogas destaca um aumento do percentual de encarceramento por tráfico de drogas, destacando que eram 24% em 2020. O documento, divulgado nesta quarta-feira, foi baseado em consultas realizadas com 150 pessoas em 47 países, entre crianças e jovens, defensores dos direitos da criança, profissionais de saúde, organizações da sociedade civil, representantes de governos, autoridades das Nações Unidas e especialistas em políticas sobre drogas. Além da necessidade de mudança nas políticas punitivistas, a Comissão Global também pede que direitos, experiências e vozes de crianças e adolescentes sejam tornados visíveis na formulação das políticas sobre drogas. O relatório destaca que é necessário fazer reformas urgentes em quatro áreas. A primeira delas seria substituir a privação de liberdade nos casos de uso, posse ou venda de drogas, por medidas de desjudicialização, justiça restaurativa e respostas de base comunitária. A segunda medida seria garantir acesso equitativo a medicamentos essenciais sob controle , já que muitas crianças e adolescentes enfrentam sofrimento desnecessário devido a barreiras regulatórias e sistemas de saúde frágeis. Há ainda, segundo o relatório, a necessidade de garantir acesso a serviços de saúde adaptados a crianças e adolescentes, que sejam baseados em evidências e capazes de prevenir danos relacionados ao uso de drogas. A quarta proposta do relatório é que crianças e jovens recrutados ou explorados por redes de economias ilícitas de drogas devem ser reconhecidos como vítimas e não como criminosos. “Proteger as crianças deve ser uma das responsabilidades fundamentais de governos. Mas as políticas precisam ser avaliadas pelos seus resultados, não pela retórica usada para justificá-las. Durante décadas, políticas punitivas contra as drogas foram defendidas, em parte, com base no argumento de que leis e fiscalização rigorosas são necessárias para proteger nossas crianças. Mas as evidências mostram, cada vez mais, um quadro muito mais complexo e preocupante”, afirma Juan Manuel Santos, membro da Comissão Global e ex-presidente da Colômbia (2010 a 2018). Segundo o documento da Comissão, governos devem garantir a alocação de recursos de forma equitativa e priorizada para “as comunidades desproporcionalmente afetadas pelas políticas sobre drogas e pelos danos a elas relacionados, incluindo minorias raciais e étnicas e comunidades indígenas”. De acordo com a Comissão Global, no Brasil, pesquisas e diretrizes nacionais reconhecem o envolvimento no tráfico de drogas como uma das piores formas de trabalho infantil e incentivam que a Justiça priorize proteção e encaminhamento a serviços sociais, em vez da aplicação de medidas punitivas. Apesar disso, “na prática, crianças envolvidas no mercado de drogas ainda podem ser presas, processadas ou sofrerem intervenções punitivas quando indicadores de tráfico, exploração, coerção ou vulnerabilidade não são identificados ou reconhecidos como suficientes para justificar uma ação de proteção à criança”, diz o relatório. “Tratar essas crianças principalmente como jovens infratores leva à estigmatização, o que contribui para o desenvolvimento de padrões consistentes de comportamento indesejável entre os jovens”, afirma o juiz Eduardo Melo, do Tribunal de Justiça de São Paulo (TJSP), que também é conselheiro da Associação Internacional de Juízes da Infância e da Família (AIMJF). Segundo João Barbosa, integrante da Youth Rise, uma das organizações que colaboraram com o relatório, as crianças e adolescentes são afetados pelas políticas punitivistas mesmo quando elas não estão diretamente envolvidas com o uso ou o comércio de drogas. “Eles são impactados pela pobreza, pelo crime organizado que está relacionado à política de drogas, por tiroteio, por violência, por intervenção policial. Além da morte e da violência, em si, essas crianças e jovens faltam às aulas, sofrem com a falta de acesso aos serviços básicos, além do encarceramento de pais e familiares”, afirma Barbosa. O Ministério da Justiça e Segurança Pública (MJSP), por meio da Secretaria Nacional de Políticas sobre Drogas e Gestão de Ativos (Senad), disse que as recomendações ""dialogam com a abordagem que vem sendo desenvolvida pela Secretaria, baseada em direitos humanos, evidências científicas, prevenção ampliada, redução de danos e acesso a direitos."" Em texto enviado à reportagem, a Senad reforçou ""a necessidade de políticas públicas capazes de atuar antes que crianças e adolescentes sejam inseridos em situações de violência, recrutamento pelo crime organizado e participação em mercados ilícitos"", considerando fatores relacionados ""à família, à escola, ao território, à saúde mental, à proteção social, ao acesso a oportunidades e à exposição à violência."" De acordo com a secretaria, esse trabalho vem sendo desenvolvido pelo ministério por meio de programas como o Cria – Prevenção e Cidadania, Pronasci Juventude, Crescer em Paz e Crescer em Segurança. Além disso, a Rede de Centros de Acesso a Direitos e Inclusão Social (Cais) facilita o acesso a serviços de saúde, assistência social, educação, trabalho e renda, cultura, esporte e justiça aos jovens que já são usuários ""sem condicionar o acesso a direitos à abstinência."" ""Quanto à recomendação relacionada ao acesso a medicamentos sujeitos a controle especial, trata-se de tema que envolve principalmente competências da política sanitária, da regulação e da assistência farmacêutica. No âmbito de suas atribuições, a Senad defende que as políticas sobre drogas sejam orientadas por evidências e conciliem o controle necessário dessas substâncias com a garantia dos usos médicos e científicos legítimos."" A pasta declarou ainda que o Brasil já reconhece o envolvimento de crianças e adolescentes no tráfico como uma das piores formas de trabalho infantil. ""O desafio é fortalecer a capacidade do Estado de identificar situações de recrutamento, coerção e exploração e assegurar respostas adequadas às diferentes condições de vulnerabilidade, sem colocar sobre crianças e adolescentes todo o peso de dinâmicas estruturadas por organizações criminosas"", complementou. Como exemplo de política pública voltada para o problema, foi citado o Programa Território Seguro, Amazônia Soberana (TSAS), que investe em alternativas de desenvolvimento, geração de renda e criação de oportunidades para jovens indígenas e de povos e comunidades tradicionais, como forma de evitar o envolvimento deles com atividades ilícitas. ""De forma geral, a política conduzida pela Senad parte do entendimento de que crianças e adolescentes devem ser reconhecidos como sujeitos de direitos e que as respostas do Estado precisam combinar prevenção, proteção social, acesso a serviços, enfrentamento às organizações criminosas e oferta de alternativas concretas de desenvolvimento e projetos de vida"", conclui o texto."	Agência Brasil	direitos-humanos	False
https://agenciabrasil.ebc.com.br/direitos-humanos/noticia/2026-09/morre-zelia-amador-de-deus-referencia-na-luta-contra-o-racismo-na-amazonia	2026-09-08	Morre Zélia Amador de Deus, referência da luta antirracista no Pará	Professora emérita da Universidade Federal do Pará tinha 74 anos	"A professora emérita Zélia Amador de Deus, de 74 anos, da Universidade Federal do Pará (UFPA), morreu, nesta terça-feira (8), em Belém (PA). A pesquisadora em ciências sociais e ativista foi uma das fundadoras do Centro de Estudos e Defesa do Negro do Pará (Cedenpa) e atuou na defesa dos direitos das comunidades quilombolas. No último dia 18 de agosto, ela foi homenageada na universidade com o plantio de um baobá. Segundo divulgou a universidade na ocasião, a professora foi fundamental para a construção de uma instituição mais plural, inclusiva e comprometida com a igualdade racial. Ela é reconhecida como uma das principais referências do movimento negro na Amazônia. No evento, a professora estava emocionada. “Esse baobá representa muito para mim, porque fala de ancestralidade, de memória e daqueles que vieram antes de nós”, afirmou. A escolha do baobá tem relação com a importância simbólica da árvore para diferentes povos africanos. Em nota o Cedenpa ressaltou o legado de Zélia e afirmou que a luta dela ""seguirá viva em nós"". ""Pessoas como Zélia não partem verdadeiramente, pois permanecem naquilo que transformaram em vida', diz o texto. Ampliação de acessos Zélia Amador de Deus atuou contra o racismo e defendeu a ampliação do acesso e da permanência de grupos historicamente excluídos do ensino superior. “Zélia é uma referência, um símbolo, uma entidade. Mas nunca deixou de cultivar as relações humanas, a amizade e o cuidado com as pessoas”, disse, no evento, o reitor da UFPA, Gilmar Pereira da Silva. A pesquisadora foi vice-reitora entre 1993 e 1997 e recebeu, em 2019, o título de professora emérita de Antropologia e Ciências Sociais, entre outros saberes ancestrais e acadêmicos. Um post compartilhado por Ciberativistas Negras PA (@ciberativistasnegraspa) Ao receber a notícia da morte de Zélia, a historiadora Janira Sodré, fundadora do Instituto Pretas e secretária executiva da Articulação de Organizações de Mulheres Negras Brasileiras (AMNB), disse que a professora foi “insurgente” e que “nos ensinou a nortear o olhar sobre o país” ao colocar protagonismo às mulheres da Amazônia Negra. “Zelia Amador, mulher amazônida, insubmissa, insurgente, matripotência, primeira mulher negra em reitoria, fundadora do Cedenpa, parte da história da AMNB. Nos ensinou a Nortear o olhar  sobre o país, colocando ao centro as mulheres da Amazônia Negra. Será sempre bem lembrada por sua tenacidade e alegria."", afirmou a historiadora. O professor Jonas Pinheiro, pesquisador da área de educação, também destacou o legado da professora. Ele acrescenta que ela foi decisiva na luta pelas cotas raciais, pelo processo seletivo especial quilombola e por uma respeito aos saberes tradicionais. ""Zélia Amador de Deus abriu caminhos para que nós, quilombolas, negros, indígenas e povos tradicionais, pudéssemos ocupar e permanecer na UFPA”, afirmou. A cantora e compositora Gaby Amarantos também se pronunciou sobre a perda da cientista. “Obrigada por tudo professora, seus ensinamentos ficam conosco pra sempre!”, destacou. A  ativista do Cedenpa e professora do Instituto Federal do Pará (IFPA), Maria Malcher, destacou a dor da partida e a importância de Zélia em sua trajetória. ""Muito do que sou e dos caminhos que percorro carrega os ensinamentos de Zélia Amador de Deus. Nunca duvidei da dimensão do lugar que Zélia ocupa em mim e em cada militante do Cedenpa. E é assim que quero guardar você, Zélia: não apenas na memória, mas em tudo aquilo que sua existência ajudou a transformar"", afirma A história da luta de Zélia foi de luta. Ela foi filha de mãe solteira, de 15 anos de idade, e nasceu em uma fazenda de gado de Soure, na Ilha do Marajó, em 1951. A família se mudou para periferia de Belém. A mãe trabalhava como empregada doméstica. O avô, vaqueiro no Marajó, tornou-se operário da construção civil. A avó lavava roupa para fora. “A menina Zélia estudou em escolas públicas e sofreu racismo por causa da cor da pele e do cabelo crespo”, destacou a UFPA quando agraciou Zélia com o título de professora emérita. Zélia dizia que aprendeu com a avó não baixar a cabeça e impor sua presença em qualquer lugar que estivesse. *texto ampliado às 13h07 de 09/09/2026"	Agência Brasil	direitos-humanos	False
https://agenciabrasil.ebc.com.br/direitos-humanos/noticia/2026-09/programa-de-reforma-agraria-inclui-24-mil-quilombolas-no-maranhao	2026-09-08	Programa de Reforma Agrária inclui 2,4 mil quilombolas no Maranhão	Portaria autoriza seleção das comunidades inseridas no CadÚnico	O Instituto Nacional de Colonização e Reforma Agrária (Incra) reconheceu 2.451 famílias de comunidades quilombolas do Maranhão como beneficiárias do Programa Nacional de Reforma Agrária. A Portaria nº 2.173 autoriza o início da seleção das unidades familiares incluídas no Cadastro Único para Programas Sociais do Governo Federal (CadÚnico). O processo será feito por meio da Plataforma de Governança Territorial, sistema usado pelo Incra para o gerenciamento e a execução de ações relacionadas à política agrária. Segundo o Incra, a iniciativa está alinhada às normas que regulamentam a seleção e a permanência de famílias beneficiárias da reforma agrária, além das diretrizes do programa Terra da Gente , lançado pelo governo federal para atender ao público da Política Nacional de Reforma Agrária.	Agência Brasil	direitos-humanos	False
https://agenciabrasil.ebc.com.br/direitos-humanos/noticia/2026-09/policial-militar-e-preso-suspeito-de-feminicidio-em-embu-das-artes	2026-09-07	Policial militar é preso suspeito de feminicídio em Embu das Artes	Larissa Morata, mulher do PM, morreu com um tiro na cabeça	A Polícia Civil cumpriu, na tarde desta segunda-feira (7), o mandado de prisão temporária contra o policial militar Vinícius Costa Silva, marido de Larissa Cruz Morata, de 29 anos. Ele é suspeito de ter cometido feminicídio contra Larissa. Ela morreu com um tiro na cabeça no banheiro da casa em que morava com o policial, na cidade de Embu das Artes na região metropolitana de São Paulo. Foi o próprio Vinícius quem chamou a PM, afirmando ter achado a mulher morta ao acordar. Segundo a Secretaria Estadual de Segurança Pública de São Paulo (SSP-SP), a medida foi decretada após as investigações apontarem indícios de “ocorrência de infração penal a ser investigada, dada a dinâmica dos fatos e elementos objetivos preliminarmente angariados”. Por ser soldado da Polícia Militar (PM), Vinícius foi apresentado pela Corregedoria da PM e será encaminhado ao Presídio Militar Romão Gomes (PMRG). “O caso é investigado como morte suspeita pela Delegacia de Embu das Artes. As diligências prosseguem para esclarecer todos os fatos”, disse a SSP-SP. Saiba mais sobre os casos de feminicídio no Repórter Brasil Tarde, da TV Brasil	Agência Brasil	direitos-humanos	False
https://agenciabrasil.ebc.com.br/direitos-humanos/noticia/2026-09/recursos-precisam-chegar-povos-tradicionais-defende-fundo-brasil	2026-09-06	Recursos precisam chegar a povos tradicionais, defende Fundo Brasil	Diretora executiva da fundação concedeu entrevista à Agência Brasil	À frente da fundação filantrópica Fundo Brasil desde maio deste ano, a diretora executiva Allyne Andrade chegou à instituição para ajudar a repensar a luta por direitos humanos frente aos desafios que agravam a desigualdade social no país. Carioca de Realengo, na Zona Oeste, e com origem na política de cotas da Universidade do Estado do Rio de Janeiro (Uerj), Allyne é advogada, doutora, especialista em Teoria Crítica e construiu a carreira em paralelo ao trabalho ativista no movimento social antirracista . Em 2020, foi selecionada em um processo seletivo para ocupar o cargo de diretora executiva adjunta. “Esse lugar me dá a oportunidade de juntar, de fazer pontes entre esses três mundos, o mundo ativista, o acadêmico e o meu trabalho em si”, diz. Em entrevista exclusiva à Agência Brasil , ela avalia a readequação das iniciativas de filantropia em defesa dos direitos humanos, em um momento de crises globais. Criado pelos ativistas sociais Abdias do Nascimento, Margarida Genevois, Rose Muraro e Dom Pedro Casaldáliga, o Fundo Brasil é uma fundação independente, que surgiu com o objetivo de financiar, por meio da filantropia, organizações da sociedade civil, protagonizadas por pessoas e comunidades diretamente afetadas por violações de direitos. Agência Brasil: Você assumiu a diretoria em um momento em que o mundo enfrenta o desafio sem precedentes das mudanças climáticas, que agravam também questões sociais. Eu queria saber como o Fundo Brasil tem trabalhado isso aqui no país? Allyne Andrade: Além de a crise climática afetar desigualmente populações mais pobres da periferia e em comunidades tradicionais, vivemos um momento em que países importantes, poluidores, que agravam essa crise, decidiram não fazer parte das decisões e das negociações multilaterais. Já havia um diagnóstico da sociedade civil de que, embora essas grandes rodadas internacionais tratassem de financiamento de soluções climáticas e adaptação, esses recursos não chegavam aos povos e comunidades tradicionais ─ aquelas pessoas que estão mais próximas do território, que sofrem os efeitos da crise climática mas que também são aquelas que mantêm os territórios mais preservados dentro do Brasil. A gente trabalha muito a partir do que os movimentos sociais demandam à gente. O Fundo Brasil foi criado para atuar também nos gaps [lacunas] de financiamento, onde o dinheiro não está conseguindo chegar. Não só recurso, mas também apoio técnico, apoio programático. O Fundo Brasil tem uma longa trajetória de apoio a povos e comunidades tradicionais desde que surgiu, e eles estavam pedindo que passássemos a atuar nessa área de forma mais concentrada. Então, em 2023, a gente fez o [programa] Raízes, que é a nossa linha de justiça climática, para direcionar apoio financeiro para povos indígenas, quilombolas e todos os povos e comunidades tradicionais. Agência Brasil: E como funciona? Como os povos acessam esses recursos da filantropia? Allyne Andrade: A ideia é direcionar doações estruturantes, por meio de editais públicos, nos quais as organizações sociais que atuam nos territórios podem se candidatar com projetos. A escolha dos projetos vem de processos participativos, por meio dos comitês externos com especialistas, que decidem quais são os projetos que mais necessitam de financiamento. O Raízes também tem aportes emergenciais de resposta rápida para proteger as lideranças em territórios ameaçados. A gente sabe que o desmatamento atende a uma lógica de conflito territorial, que expõe lideranças a ameaças durante a proteção do território contra processos de grilagem, de avanço ilegal da fronteira agrícola, de desmatamento por mineração, madeireiras. Para emergências de extremos climáticos, como foi a do Rio Grande do Sul, a gente tem uma linha para apoiar as comunidades a reagir rapidamente. Agência Brasil: O Fundo Brasil completa 20 anos em 2026. O quanto já foi possível avançar até aqui? Allyne Andrade: Nós somos uma fundação independente, o que significa que a gente tem um fundo de reserva e trabalha com recursos próprios. E aplica esses recursos próprios onde a gente vê falta de recursos de filantropia. Mas a gente também busca doadores. Ao longo de 20 anos, o Fundo Brasil doou R$ 141 milhões à 2,5 mil iniciativas. Só em 2025, a gente doou R$ 32 milhões à sociedade civil organizada, o que foi um aumento de quase 20% em relação ao volume de doações de 2024. Com o Raízes, a gente teve mais de R$ 6 milhões em doação direta desde 2023, para projetos e respostas emergenciais voltados aos povos e comunidades tradicionais. Agência Brasil: Além dessa correlação com a crise climática, quais outras frentes em que o Fundo Brasil atua no campo dos direitos humanos? Allyne Andrade: A gente tem uma linha, o Labora, que é de apoio ao trabalho digno, por direitos dos trabalhadores e combate ao trabalho análogo à escravidão, e também apoia a organização de novas fronteiras de trabalho, como trabalhadores de aplicativo e do cuidado, além de empregados domésticos. A gente tem como prioridade o fortalecimento da sociedade civil e da democracia brasileira, e pensa nisso através do fortalecimento da sociedade civil organizada e defesa dos direitos raciais. Então, a gente tem linhas de enfrentamento ao racismo e também ao racismo digital, e linhas de direitos digitais, pela defesa dos direitos humanos nesse campo, combate à violência e defesa das pessoas LGBTQIAPN+, E a gente trabalha com uma linha de defensores de direitos humanos, em que a gente apoia as organizações a pensarem cultura e segurança, mas também a ter uma estrutura de resposta rápida em caso de ameaça a defensores de direitos humanos do Brasil. A gente combate a violência de gênero como uma das nossas prioridades, pensando também em trabalhadoras, mulheres, e como a gente apoia essas trabalhadoras a se organizarem. Por fim, tem uma linha de justiça criminal, em que a gente trabalha com diminuição de prisão provisória e combate à tortura no cárcere. A gente está também apoiando as organizações a incidirem no Plano Pena Justa, para transformar o estado de coisas inconstitucional, tentando fazer um sistema prisional brasileiro mais humanizado. Agência Brasil: Qual a sua expectativa à frente da diretoria executiva do Fundo Brasil? Allyne Andrade: Então, a ideia é estar mais próxima dos movimentos sociais, das organizações da sociedade civil, e também pensar uma comunicação estratégica junto com esse ecossistema, para essa reconquista da sociedade para a democracia, entendendo os direitos humanos como um valor reformulado pelo povo. Não é um direito humano da carta da ONU [Organização das Nações Unidas] – que também é importante. Queremos tratar de direitos repensados para os desafios atuais, a partir de povos e comunidades tradicionais e de um movimento decolonial, antirracista, com diversidade, inclusão e que respeite as cosmovisões e cosmogonias dos povos e comunidades tradicionais. Além disso, nesses 20 anos, a gente vai ter uma conferência para reunir ativistas, movimentos sociais, pesquisadores e iniciativa privada, para juntos pensarmos os desafios do país no campo dos direitos humanos e os caminhos da filantropia nesse contexto. Então, a gente espera também, a partir dessa conferência, ter um olhar construído coletivamente para o que serão os próximos 20 anos.	Agência Brasil	direitos-humanos	False
https://agenciabrasil.ebc.com.br/direitos-humanos/noticia/2026-09/unicef-15-milhoes-de-criancas-foram-expostas-conteudo-sexual-online	2026-09-06	Unicef: 15 milhões de crianças foram expostas a conteúdo sexual online	Dados fazem parte de relatório sobre tecnologia e abuso infantil	"Cerca de 20 milhões de crianças e adolescentes de 21 países já sofreram, no período de um ano, algum tipo de exploração ou abuso sexual facilitado pela tecnologia . Acredita-se, ainda, que 9 milhões tenham sido induzidas a manter conversas de teor sexual ou compartilhar imagens desse cunho contra sua vontade e que 4 milhões tiveram imagens delas vazadas. O quantitativo de crianças expostas a conteúdo sexual indesejado é estimado em 15 milhões. Os dados fazem parte do relatório Pelos Olhos das Crianças: Como as Tecnologias Digitais Facilitam o Abuso Sexual Infantil lançado nesta semana pelo Fundo das Nações Unidas para a Infância (Unicef). Na avaliação dos especialistas do Unicef, contudo, os números devem ser ainda maiores. A explicação é a de que muitas vítimas não chegam a comunicar a ninguém o que aconteceu a elas. Mais de 40% das ocorrências informadas durante a coleta de informações não foram reveladas pelas vítimas. O principal motivo para deixarem de contar é não saber aonde ir ou a quem recorrer. Quanto às plataformas digitais com maior número de violações, os dados revelam que, em média, cerca de 60% aconteceu em redes como o Facebook, Instagram, Snapchat, TikTok e WhatsApp. Cerca de 14% dos crimes ocorreram enquanto as vítimas se divertiam em jogos online. O relatório assinala que o ambiente de jogos online é especialmente propício para o cometimento dessas formas de abuso porque a dinâmica nas relações se baseia em um jogador explorar a confiança do outro. Mais da metade (57%) dos casos declarados aos pesquisadores envolviam alguém do convívio da criança e do adolescente, incluindo familiares, conhecidos, amigos, namorados e namoradas. O dado contraria o imaginário de que a violência online é perpetrada principalmente por estranhos. Ao mesmo tempo, ressalta o relatório, 38% das vítimas encontraram seus agressores pela primeira vez na internet, indicativo de que contas fake e o envio de mensagens privadas facilitam as violações. ""Essas experiências causam profundo desgaste emocional e mental. Muitas crianças sofrem em silêncio, sem saber ao certo onde procurar ajuda. Nós não podemos ignorar isso"", afirmou a diretora-executiva do Unicef Catherine Russell. O relatório foi produzido a partir das percepções de 21 mil crianças e adolescentes com idade entre 12 e 17 anos, provenientes de 21 países, entre 2020 e 2025 . Nas entrevistas realizadas com os participantes, observou-se como agressores exercem poder sobre as vítimas não somente as convencendo a agir de determinadas maneiras mediante presentes, dinheiro e atenção, mas também por meio da coerção. Uma jovem brasileira relatou como seu agressor a chantageou, ameaçando encaminhar à mãe dela mensagens anteriores trocadas entre os dois, caso ela não mandasse a ele mais uma foto. Outra entrevistada comentou que, por anos, vasculhou a internet para garantir que nenhuma imagem sua, inclusive criada como montagem, estivesse circulando sem seu consentimento. O Brasil teve 19% dos entrevistados marcados por este tipo de violência, o equivalente a quase 3 milhões de crianças e adolescentes, e uma parcela de menos de 1% de ocorrências denunciadas. A internet respondeu por 55,5% dos casos brasileiros e a escola por 24,5%. Como os canais mais perigosos apareceram os aplicativos de mensagens e as redes sociais (66,5%), com destaque para Instagram (57,2%) e WhatsApp (52,1%). Os jogos online responderam por 12,3%. Saiba mais no Repórter Brasil Tarde, da TV Brasil"	Agência Brasil	direitos-humanos	False
https://agenciabrasil.ebc.com.br/direitos-humanos/noticia/2026-08/violencia-contra-mulher-75-mil-agentes-serao-capacitados	2026-08-31	Violência contra a mulher: 7,5 mil agentes serão capacitados	Treinamento ocorre em todo o país nesta quarta-feira	"Pelo menos 7,5 mil agentes de segurança pública das 27 capitais brasileiras e de 81 cidades do interior vão passar, na próxima quarta (2), por um dia de capacitação, via transmissão simultânea, para atendimento de mulheres vítimas de violências. A diretora de Ensino e Pesquisa da Secretaria Nacional de Segurança Pública, Michele Gonçalves dos Ramos, explica que pelo menos outros dois mil profissionais já realizaram esse curso ao longo dos últimos três anos. “Esse Dia C de Capacitação é uma grande mobilização educacional e nacional com foco no atendimento, na proteção e na perspectiva de gênero na segurança pública”, acrescentou. O ministro da Justiça e Segurança Pública Wellington César Lima e Silva considera o dia de capacitação fundamental para colocar em prática iniciativas de proteção, visto que são necessários profissionais preparados. “Isso é muito importante porque estamos falando justamente de quem está todos os dias nas ruas, nas delegacias e nos serviços públicos, atendendo a população e sendo o primeiro contato de uma mulher com o Estado.” Ele explicou que vão participar da capacitação policiais civis, militares e penais, dos Corpos de Bombeiros, das guardas municipais e das perícias oficiais. Além da confirmação da capacitação na quarta-feira, o ministro da Justiça e a ministra das Mulheres, Márcia Lopes, assinaram também duas portarias sobre o tema. A primeira regulamenta procedimento de análise e de aprovação dos planos estaduais e do plano distrital de combate à violência contra a mulher. Segundo Michele Gonçalves dos Ramos, a portaria assegura uma aplicação mais transparente e rápida dos recursos do Fundo Nacional de Segurança Pública para essa finalidade. A segunda portaria institui o Grupo de Trabalho interministerial para a elaboração de um protocolo nacional de atendimento às mulheres vítimas de violência sexual. ""O objetivo desse protocolo é de servir como uma referência para o atendimento realizado nas delegacias de todo o país”, disse Michele Gonçalves dos Ramos. Assim, a ideia é avançar na uniformização de procedimentos para as delegacias de Polícia Civil de todo o país. “Para que esse atendimento realizado nessas delegacias seja feito de forma ainda mais qualificada, humanizada e articulada entre os diferentes serviços, incluindo a saúde e outros órgãos de rede de proteção.” Os ministérios ainda entregaram um dossiê com o título Mulheres e Meninas Seguras, Evidências para o Enfrentamento da Violência de Gênero com 14 artigos escritos por pesquisadores do tema. “Quando a gente publica uma revista, isso tem que fazer chegar lá na ponta para melhorar a qualidade das reflexões, do pensamento e das mudanças que a gente tem que ter”, disse a ministra Márcia Lopes. Ela destacou que houve queda do número de feminicídios, conforme o governo divulgou neste mês. O Brasil registrou 848 vítimas entre janeiro e julho deste ano, contra 876 no mesmo período de 2025. O resultado representou uma redução de 3,2% ."	Agência Brasil	direitos-humanos	False
https://agenciabrasil.ebc.com.br/direitos-humanos/noticia/2026-08/dia-do-voluntariado-iniciativas-levam-saude-mental-vulneraveis	2026-08-28	Dia do voluntariado: iniciativas levam saúde mental a vulneráveis	A distância ou nas ruas, psicólogos defendem ações coletivas	Terremoto, guerras, enchentes - diante de desastres pelo mundo, a psicóloga Esly Carvalho, que atua em Brasília e é especializada em atender pessoas que passaram por traumas, resolveu atuar como voluntária em causas humanitárias. No Dia Nacional do Voluntariado, comemorado nesta sexta-feira (28), ela e outros profissionais de saúde testemunham que doar o tempo transforma a vida dos outros e também de si mesmos, com resultados que inspiram o cotidiano. Com 45 anos de experiência profissional, ela se disponibilizou a treinar equipes para lidar com pacientes em momentos de estresse pós-traumático. “É possível a gente fazer intervenções em grupos e situações de desastres de forma eficaz”, afirma Esly. Ela defende uma terapia denominada EMDR, abordagem psicoterapêutica que desbloqueia memórias dolorosas Na Venezuela, onde mais de 6 mil pessoas morreram depois do terremoto em junho, a psicóloga desenvolveu um programa de intervenção para profissionais na diversidade . “Nós já formamos mais de 100 colegas nesse manejo, de forma que possam implementar o trabalho. E eles atenderam mais de 500 pessoas”. Ela, de forma online , e a equipe na Venezuela atendem todas as quintas-feiras. “Para quem vier, nós fazemos esses exercícios online gratuitamente”, diz. Entre as profissionais que receberam orientação da psicóloga desde o dia seguinte ao terremoto, está a psicoterapeuta Deglya Flores, de 59 anos. Ela vive em Caracas e testemunha que ficou muito impactada pelas cenas que viu nas cidades mais atingidas. “Contactaram a mim e outras pessoas para nos oferecer ajuda”, recorda. O contato foi por videoconferência. “O resultado foi maravilhoso porque muitos de nós estávamos altamente perturbados. Eu estava desesperada e angustiada pela magnitude do evento, da dor e da angústia nas pessoas”. Na Venezuela, há segundo ela, apenas 17 terapeutas especialistas no tratamento de traumas. Com o atendimento, ela explica que o grupo venezuelano tem também atendido, a distância, pessoas vítimas do terremoto na Colômbia. O grupo tem atuado com profissionais de saúde mental e também voluntários em geral dispostos a fazer uma escuta, inclusive prestando serviços aos acampamentos em La Guaira (região mais atingida pelo desastre). A psicóloga brasileira afirma que se sente bem em formar pessoas em locais de dificuldades porque o conhecimento se espalha. “O trabalho de voluntariado preenche um lugar muito especial no meu coração”. Outra iniciativa voluntária de apoiar a saúde mental nasceu de um grupo de seis amigos, em 2017, em São Paulo (SP). Saídos de crises de depressão, os rapazes resolveram amarrar mensagens por escrito em viadutos e pontes no centro da cidade, oferecendo ajuda a quem estava sofrendo. “Colocávamos nosso número de telefone e as pessoas entravam em contato”, lembra Felipe Santos, que hoje é o coordenador nacional do projeto Help . Os seis amigos se transformaram em 7 mil voluntários em todos as unidades federativas do país.  A página no instagram tem 389 mil seguidores. Há profissionais de saúde mental e de outras áreas que fazem palestras em unidades de ensino e também escutas em espaços públicos, como rodoviárias e parques. Essas atividades são chamadas de “cantinho do desabafo”. Em São Paulo, nesta semana, por exemplo, os voluntários atenderam na estação de trem de Francisco Morato. “Temos uma atenção especial com os mais jovens, que têm adoecido mais com ansiedade e depressão”, afirma Felipe Santos. O atendimento ocorre também de forma remota, com o primeiro contato por whatsapp. Ele testemunha que os mais jovens têm procurado com frequência e relatado problemas emocionais diversos relacionados a dependências de tecnologias e a apostas online. Em Brasília, o coordenador do grupo é um militar da Marinha, Thiago Domingos, de 31 anos, que se tornou voluntário depois de ter conhecimento de casos de suicídios entre jovens nas Forças Armadas. “O nosso projeto trabalha com prevenção e tenta ajudar as pessoas que não têm recursos para consultas com psicólogos”. Além das atividades do ‘cantinho do desabafo”, Thiago explica que tem ouvido relato, em palestras em escolas, de casos de bullying e outros problemas emocionais. “Aqui em Brasília, atendemos cerca de 5 mil pessoas nos últimos anos”. Em Brasília, há 15 psicólogos voluntários que atendem regularmente. Entre as profissionais, Juliana Cei, de 38 anos, encontrou na atividade um novo sentimento pela profissão. Ela trabalha na área organizacional de uma empresa e procura, nas horas livres, atender pessoas de forma voluntária nos espaços públicos. “A gente está vivendo uma crise de saúde mental generalizada. Há uma epidemia de solidão e as pessoas têm tido poucas oportunidades de interagir, de formar laços, de ter uma rede de apoio”, considera. Ela explica que, quando encontrou o projeto de voluntariado, percebeu que poucos jovens têm tempo de convivência de qualidade com os familiares. “Tudo isso tornou o jovem muito mais suscetível a crises”. Juliana destaca ainda que tem percebido maior número de mulheres em busca de ajuda . “Eu conversei com mulheres que contaram situações bem sensíveis. A gente ouve com muita atenção. Entre os retornos que recebeu de pessoas atendidas pelo projeto, ela recorda com especial carinho uma ocasião em que uma adolescente perguntou sobre a atividade de psicologia. “A gente acaba plantando uma sementinha naquela pessoa que, às vezes, está sofrendo. Mas ela não quer só sair do sofrimento. Ainda pensa em ser voluntária um dia”. Também sensível às dores alheias, o psicólogo brasiliense Lucas Hedler, de 45 anos, explica que aderiu ao trabalho voluntário para ajudar outras pessoas trans como ele . “Eu resolvi fazer um grupo de apoio para a gente poder falar sobre as nossas inseguranças. Poder compartilhar nossa história de forma segura e que também tenha um resultado psicológico”, afirma. Ele lamenta que a comunidade LGBTQIA+ em geral tem convivido, por vezes, com um ambiente familiar que pode ser mais inseguro do que a rua. Inclusive, Lucas diz ter muito interesse em atender pessoas vítimas de traumas. “A pandemia foi muito difícil para as pessoas trans. Muitas sofreram agressões, foram expulsas de casa e não tiveram para onde ir”. O psicólogo pretende criar mais projetos de atendimento voluntário para esse grupo. “Eu estou me especializando em autismo também porque a incidência desse transtorno em pessoas trans é alta”. Para atendimentos de saúde mental, há outros caminhos gratuitos: CVV: Centro de Valorização da Vida - Ligue 188 Rede de atenção Psicossocial do SUS Alcoólicos Anônimos	Agência Brasil	direitos-humanos	False
https://agenciabrasil.ebc.com.br/direitos-humanos/noticia/2026-09/movimento-contra-violencia-sexual-lanca-site-para-facilitar-denuncias	2026-09-05	Movimento contra violência sexual lança site para facilitar denúncias	Plataforma orienta como acionar os conselhos tutelares	Fruto de uma parceria entre a Childhood Brasil, o Instituto Liberta, o Grupo Mulheres do Brasil e a Vibra Energia, o Movimento Violência Sexual Zero lançou o Mapa Nacional dos Conselhos Tutelares . Gratuita, a plataforma funciona como atalho para os mais de 3,5 mil conselhos tutelares existentes pelo país, contendo informações de contato atualizadas. O site têm, ainda, instruções sobre como formalizar uma denúncia relacionada a esse tipo de crime. Um dos canais sugeridos é o Disque 100 , mantido pelo governo federal e que pode ser acionado para solicitar a apuração de situações suspeitas. A ligação é gratuita e o denunciante pode se manter em anonimato. Os telefones da Polícia Militar (190) e Polícia Federal Rodoviária (191) são indicados na plataforma para quando se presencia uma violação. Outra circunstância possível, mencionada pela plataforma, é o abuso sexual infantil cometido com o auxílio da internet e que demanda o envio de denúncia a instituições como a SaferNet (denuncia.org.br). O Brasil atingiu, nos últimos anos, um patamar bastante elevado de crimes sexuais envolvendo crianças, adolescentes e o ambiente online. Em balanço recente da rede internacional InHope, o país subiu da 27ª posição para a 5ª posição, no período de 2022 para 2024, no número de denúncias de páginas de distribuição de conteúdos de abuso sexual infantil . Empresas que desejem apoiar a causa e implementar ações e famílias e educadores que busquem materiais para saber conversar sobre o tema com crianças e adolescentes podem encontrar no site dicas de livros, ferramentas, materiais por escrito e visuais e séries de vídeos com essas finalidades. O Movimento Violência Sexual Zero também destaca dados estatísticos coletados por instituições de referência, como o Fórum Brasileiro de Segurança Pública e o DataSUS. O Instituto de Pesquisa Econômica Aplicada (Ipea), outro da lista, traz um número importante: apenas 8,5% dos casos registrados no país são denunciados.	Agência Brasil	direitos-humanos	False
https://agenciabrasil.ebc.com.br/direitos-humanos/noticia/2026-08/caminhos-da-reportagem-aborda-construcao-da-identidade-parda	2026-08-31	Caminhos da Reportagem aborda construção da identidade parda	Programa vai ao ar nesta segunda-feira, às 23h	"O programa Caminhos da Reportagem desta segunda-feira (31) aborda o tema A Cor do Meio, uma investigação sobre como a identidade parda foi construída ao longo da história do Brasil e como essas pessoas ocupam, hoje, os vários espaços da sociedade. A premiada atração da TV Brasil vai ao as às 23h e traz traz entrevistas com especialistas, acadêmicos, pensadores e pessoas comuns que ajudam a entender essa identidade que reúne diferentes tons, povos e culturas. No Brasil, mais de 90 milhões de cidadãos se declararam pardas no Censo de 2022, o que representa entre quatro e cinco de cada dez pessoas e a maioria delas está na Região Norte, onde se concentra 67,2% da população autodeclarada. É nessa região também que se encontram mais indígenas no país: 45% de quem se identifica com essa cor. “A Região Norte é majoritariamente habitada, tradicionalmente, por grupos indígenas. Muitos que não querem se identificar como indígenas, acabam incorporando a identidade parda. Muitas vezes até por uma questão de sobrevivência, para evitar massacres, para evitar opressões”, explica Gersem Baniwa, professor do Departamento de Antropologia da Universidade de Brasília. Já para o filósofo, ambientalista e líder indígena, Ailton Krenak, a invenção do pardo é um truque colonial: “Essa disputa na nossa história colonial de quem é pardo, quem é preto, quem é branco, quem é mulato, quem é indígena, é uma disputa política. É uma disputa política que os indígenas não entraram. E por isso eles perderam e passaram a ser chamados de pardos para que eles não pudessem reivindicar território, porque pardo não reivindica território.” Pretos e pardos são os que mais abandonam os estudos antes de chegar ao ensino superior: são três em cada cinco brasileiros. Uma realidade que vem mudando graças às ações afirmativas, como as cotas raciais, que destinam percentuais de vagas a pretos, pardos, indígenas e quilombolas. Na contramão das estatísticas, a assistente social Luiza Carvalho sabe bem o que é conviver com o preconceito desde criança. “Eu lembro de receber essa orientação, nitidamente. Que eu tinha que colocar o pregador no nariz, porque senão ia ficar largo. De controlar o meu consumo de café e Coca-Cola, dizendo que se eu consumisse mais, eu iria ficar mais escura.” Hoje, ela se orgulha de ter conquistado uma carreira acadêmica driblando preconceitos: “Eu acabei de concluir o doutorado, mas foi extremamente cansativo, eu quase desisti. Eu fui a única pessoa [negra] da minha seleção de doutorado. E eu sou uma mulher parda. Se isso não diz nada pra sociedade, sabe? Não é sobre ter vagas apenas. Mas é sobre quem consegue chegar a fazer essa seleção”. Para o presidente do Centro de Estudos e Dados sobre Desigualdades Raciais, Helio Santos, essas políticas devem sempre ser inclusivas. “Para cada cem afro-brasileiros, oitenta e dois são pardos e dezoito são pretos. Dentro dessa categoria, o pardo, vai ter uma elasticidade de tom de pele muito grande. Então, quando a pessoa tem uma dúvida, significa que ela deve ser incluída. Porque eu não tenho nenhuma dúvida quando estou diante de um branco”. Mas a questão da identidade parda passa por outros recortes, como a do apagamento social. “Quando a gente pensa em como a categoria parda se constituiu, foi justamente para esvaziar o ingrediente africano e indígena”. A historiadora Ana Flávia Magalhães chama atenção para como o racismo se mantém até hoje no país: “No Brasil não existe racismo porque os negros sabem o seu lugar. Quando se diz isso, o que está se justificando? Aqui a gente não tem problema porque há um pacto de silêncio sobre isso. Embora todo mundo saiba o que cor e origem significam nesse país, né?” Gustavo Amora é pesquisador e precisou recorrer à justiça para garantir seu direito de ingressar em concurso público por meio das cotas raciais: ""Fiz a prova, depois fui chamado para uma banca de heteroidentificação"". Após a avaliação ele teve o pedido indeferido. ""Fui a público, ingressei na justiça e depois pautei a imprensa. E a partir da primeira reportagem, centenas de pessoas do Brasil inteiro começaram a me procurar. Então a gente se organizou num grupo com aproximadamente 150 pessoas”. Gustavo ganhou a causa na justiça, mas ainda aguarda para assumir o cargo. Para ele, a união de candidatos negros não reconhecidos pelas bancas pressionou por mudanças na heteroidentificação dos concursos públicos. Mas garantir a representatividade de pessoas pardas no Brasil exige ações coordenadas em diversas frentes sociais, institucionais e políticas. E essa mudança também passa pela educação. Uma escola pública de Ceilândia, na região administrativa de Brasília, trabalha conteúdos antirracistas durante todo o ano em sala de aula. É o que explica a orientadora educacional Eliane dos Santos: “a gente voltou de novo na Lei 10.639. A lei tem mais de 20 anos, então por que isso não é feito? A gente não precisa de mais leis, a gente precisa de coisa efetiva, vamos mostrar o que dá pra fazer”. Na escola, são feitas diversas atividades em que os professores mostram para as crianças que não existe apenas uma cor de pele. Um aprendizado que a aluna Ana Luisa Souza, de 10 anos, diz que já experimenta na prática: ""Eu acho minha cor bonita. E não pode uma pessoa falar que a cor da outra pessoa que é feia. Acho isso errado.” Conhecimento que enche de orgulho os educadores da escola, como Eliane. “É muito transformador, dá esperança para a gente ver que é uma geração diferente e faz valer a pena o trabalho da gente. E você descobrir que tem cor de pele, te fazer sentir orgulho disso, não querer ser igual o outro. E a criança branca também, aprende a respeitar a criança negra e a entender que a diversidade é legal, porque tudo é aprendido”. Reportagem: Carina Dourado Apoio à reportagem: Thiago Padovan, Vitor Abdala Produção: Carol Oliveira Reportagem cinematográfica: Robson Moura, Sigmar Gonçalves Auxílio técnico: Alexandre Souza, Jairom Rio Branco Apoio à reportagem cinematográfica: Amâncio Ronqui, JM Barboza, André Rodrigo Pacheco, Manoel Lenaldo Colaboração técnica: Thiago Pinto, Thyago Pignata, Rafael Carvalho Edição de texto: Cintia Vargas Edição e finalização de imagem: Rivaldo Martins Arte: Aleixo Leite, Caroline Ramos, Wagner Maia No ar desde 2008, o Caminhos da Reportagem é uma das produções jornalísticas brasileiras mais prestigiadas pelo público e pela crítica. No final de 2025, o programa da TV Brasil ultrapassou a marca de 100 prêmios recebidos. Os reconhecimentos atestam a relevância editorial, a qualidade jornalística e o compromisso da equipe com reportagens aprofundadas sobre os mais variados temas de interesse público. Exibido às segundas, às 23h, o Caminhos da Reportagem tem horário alternativo na madrugada para terça, às 2h30. A produção disponibiliza as edições especiais no site e no YouTube da emissora pública. As matérias anteriores também estão no aplicativo TV Brasil Play , disponível nas versões Android e iOS, e no site . Acompanhe a programação da TV Brasil pelo canal aberto, TV por assinatura e parabólica. Sintonize: https://tvbrasil.ebc.com.br/comosintonizar . Seus programas favoritos estão no TV Brasil Play, pelo site http://tvbrasilplay.com.br ou por aplicativo no smartphone. O app pode ser baixado gratuitamente e está disponível para Android e iOS. Assista também pela WebTV: https://tvbrasil.ebc.com.br/webtv . Caminhos da Reportagem – A Cor do Meio . Segunda-feira (31/8), às 23h30, na TV Brasil – com reprise na madrugada de segunda (31/8) para terça-feira (1º/9), às 03h. TV Brasil na internet e nas redes sociais: Site – https://tvbrasil.ebc.com.br Instagram – https://www.instagram.com/tvbrasil YouTube – https://www.youtube.com/tvbrasil X – https://x.com/TVBrasil Facebook – https://www.facebook.com/tvbrasil TikTok – https://www.tiktok.com/@tvbrasil TV Brasil Play - http://tvbrasilplay.com.br"	Agência Brasil	direitos-humanos	False
https://agenciabrasil.ebc.com.br/direitos-humanos/noticia/2026-09/alcoolicos-anonimos-no-rio-comemora-79-anos	2026-09-04	Movimento Alcoólicos Anônimos no Rio comemora 79 anos	Participantes do movimento contam suas experiências de recuperação	"O movimento Alcoólicos Anônimos (A.A.) está comemorando 79 anos no Brasil com reunião inédita, com tradução em libras nesta sexta-feira (4), às 17h30, no grupo Posto 11, no Leblon, zona sul do Rio. O encontro será aberto ao público e uma oportunidade para acolher deficientes auditivos que enfrentam problemas com álcool. ""Celebraremos uma história construída por milhares de vidas que encontraram, em Alcoólicos Anônimos, um caminho de recuperação, esperança e uma nova maneira de viver"". Só no primeiro semestre de 2026, houve crescimento de 97% nos atendimentos feitos pela Linha de Ajuda (21 2253-3377) em relação ao mesmo período do ano passado, passando de 1.521 em 2025 para cerca de 3 mil em 2026. O número de downloads do aplicativo AARJ subiu 38% entre janeiro e junho deste ano, fechando o semestre com 97.340. O movimento dos Alcoólicos Anônimos nasceu em 1935, na cidade de Akron, Ohio (EUA), após o encontro entre um corretor de Nova York (Bill W.) e um cirurgião local (Dr. Bob S.), ambos com histórico de alcoolismo grave. No Brasil, a primeira reunião ocorreu no Rio de Janeiro, em 5 de setembro de 1947, impulsionada por pioneiros e relatos de visitantes estrangeiros. N o estado do Rio, o A.A. conta hoje com centenas de grupos ativos de apoio presencial e virtual. Neste sábado, (5), aniversário de 79 anos de Alcoólicos Anônimos no Brasil, haverá uma live comemorativa, das 11h às 12h30, transmitida no canal oficial do Escritório de Serviços Locais de Alcoólicos Anônimos do RJ (ESL RJ) no YouTube. “O Escritório do A.A. no Rio vem realizando algumas ações para garantir mais acessibilidade a pessoas com deficiência. Estamos avançando ano a ano e atualmente nossos eventos online contam com intérpretes de libras, diz o diretor do ESL RJ (o nome não é divulgado devido à política de privacidade do A.A.). Pela Linha de Ajuda, é possível saber quais grupos têm acessibilidade para cadeirantes. C.S, homem, morador da Rocinha, 54 anos e há 20 anos abstinente: “Percebi que minha vida não tinha progresso. O álcool afetou a minha memória e tinha dificuldade para parar de beber. Cheguei à irmandade aos 34 anos, depois de ir a vários lugares sem sucesso. Não estaria vivo sem a ajuda de Alcoólicos Anônimos, que foi fundamental na minha recuperação. Na verdade, continua sendo. Vou às reuniões de 3 a 4 vezes na semana e levo a mensagem de recuperação de A.A. a quem precisa, o que é muito gratificante”. C.D, homem, 65 anos, de São Gonçalo, região metropolitana do Rio, está há 34 anos e seis meses em abstinência: “Comecei a beber aos 15 anos, logo após o falecimento da minha mãe. Mas foi em 1992 que cheguei a Alcoólicos Anônimos e, desde então, participo continuamente. A.A. faz parte da minha família e uma das coisas mais importantes para mim. Devo a minha vida a Alcoólicos Anônimos e procuro praticar esse programa de recuperação com persistência todos os dias. A minha sobriedade depende do programa”. A.D, mulher, 27 anos, moradora da capital e há oito anos sem beber: “Comecei a consumir álcool aos 12 anos e desde o primeiro gole, percebi que meu padrão de consumo era diferente dos meus amigos. Lidava frequentemente com ""apagões"" (perdas de memória), comportamentos desmoralizantes e, por vezes, agressivos. Minha interação com o álcool me levou ao fundo do poço. Ingressei em Alcoólicos Anônimos aos 19 anos, no final do meu primeiro ano de faculdade, e não hesito em afirmar que essa irmandade salvou minha vida”. A jovem conta ainda que, “na verdade, o A.A. me presenteou com nova vida. Hoje, tenho dignidade, tomo decisões conscientes e faço projetos a longo prazo, mas todos os dias lembro que o mais vital é evitar o primeiro gole. Apenas assim posso alcançar todas as outras conquistas. Vivo um dia de cada vez, sem consumir álcool - a filosofia do ‘só por hoje’ também se aplica a diversas áreas da minha vida”. Outro depoimento é de M.T, mulher, moradora no Rio, 46 anos e 19 anos e meio de recuperação. Ela participa das reuniões mistas e de composição feminina: “Ingressei em Alcoólicos Anônimos com 26 anos, depois de diversos episódios de bebedeiras e perda de memória, que chamamos de ‘apagamentos alcoólicos’. Nesses apagamentos, eu permanecia ativa pelo Rio de Janeiro, dirigindo, conversando, me locomovendo, mas não lembrava de muita coisa no dia seguinte, apenas flashes do que se passou na noite anterior”. Ela diz que, “muitas vezes, sofria violência, muitas vezes era violenta, ou vivia situações humilhantes. Por isso, pessoas foram se afastando de mim, fui me isolando e me sentindo diferente, sozinha. Foi esse sentimento que me levou a pedir ajuda aos meus pais, que me direcionaram a uma terapia de 12 passos, e lá me indicaram o A.A. Desde que ingressei, vivo uma verdadeira transformação, falo que vivo uma nova vida em vida”."	Agência Brasil	direitos-humanos	False
https://agenciabrasil.ebc.com.br/direitos-humanos/noticia/2026-09/sistema-prisional-transfere-bilhoes-em-custos-para-familias-de-presos	2026-09-02	Sistema prisional transfere bilhões em custos para famílias de presos	Pesquisa da Pastoral Carcerária denuncia que ônus recai sobre mulheres	"A compra de suprimentos básicos de higiene e alimentação, que deveriam ser fornecidos pelo Estado nos presídios, faz com que famílias gastem, em média, cerca de 70% de um salário mínimo quando visitam detentos uma vez por semana no Brasil. Ao todo, esse gasto chega a somar R$ 4,33 bilhões por ano , estima a pesquisa A pena sem sentença: famílias, gênero e a expansão silenciosa do poder punitivo , divulgada na semana passada pela Pastoral Carcerária Nacional, em parceria com a Assessoria Popular Maria Felipa, sediada em Belo Horizonte e especializada no apoio a pessoas privadas de liberdade e familiares. Os pesquisadores afirmam que o sistema prisional brasileiro repassa para as famílias parcela significativa dos custos necessários ao seu funcionamento , produzindo danos sociais, econômicos e emocionais. ""Um ônus estrutural"", classificam. A experiência é vivida, em especial, pelas mulheres dessas famílias. Como retrata a pesquisa, 94,1% das pessoas que fazem visitas sociais no sistema carcerário são mulheres . Embora haja também mães, filhas, avós, irmãs, amigas e mulheres com outros tipos de parentesco e vínculo, as esposas estão em maior número (30,3%). Além disso, a maioria dos visitantes (65,5%) é preta ou parda, com idade entre 25 e 34 anos (32,6%) e ensino médio completo (31,9%). A pesquisa descreve que há uma ""feminização e racialização do trabalho social"" como sustentáculos do sistema penitenciário . O estudo reúne dados de 2.706 entrevistas, com nível de confiança de 95% e margem de erro de 3% Esses custos se tornam ainda mais pesados se contexualizados com a situação das mulheres negras no mercado de trabalho. Segundo o Instituto Brasileiro de Geografia e Estatística, elas chegam ter menos que a metade da renda dos homens brancos. Além disso, estão mais frequentemente no trabalho informal e sofrem mais com o desemprego. Entre os 25 e os 29 anos, a taxa de desocupação de mulheres negras chega a 10,3%, quase o dobro da observada entre mulheres brancas e 2,8 vezes a dos homens brancos . Na gíria utilizada dentro das prisões, as ""cunhadas"", como são chamadas as esposas e companheiras das pessoas privadas de liberdade, acabam organizando suas vidas em função das visitas. São elas os principais pilares dessas relações em várias medidas, tanto pela disponibilidade afetiva como material e de tempo. Também são, majoritariamente, quem denuncia violações de direitos ocorridas no interior das unidades prisionais. Mais da metade (56,9%) dos respondentes gasta mais de R$ 200 em cada visita ao detento . A segunda maior faixa é a de pessoas que desembolsam entre R$ 150 e R$ 200. Uma porcentagem bastante reduzida, de 7%, gasta até R$ 50. Segundo a pesquisa, o custo de um kit de itens de alimento, higiene e vestuário que dura 15 dias é de, em média, R$ 263,67, enquanto o valor do semanal é de R$ 293,52. As cifras são acrescidas dos gastos com transporte, refeição durante o deslocamento e, em alguns casos, hospedagem. Os pesquisadores estimam, então, que o custo das visitas quinzenais é de R$ 624,80, e o das semanais, de R$ 1.053,90. Em uma conta que considerava o salário mínimo vigente em 2025, de R$ 1.518,00, as visitas semanais consomem 69,4% da renda . Já as visitas quinzenais comprometem cerca de 41,2%; as mensais, 30,6%; as bimestrais, 27,5%; e as trimestrais, 23,2%. ""Não se trata, portanto, de gasto ocasional, mas de uma obrigação financeira continuada, diretamente associada ao exercício da visita social e à necessidade de suprir carências materiais do sistema prisional"", pondera o relatório. ""Parcela relevante do impacto econômico não decorre apenas do transporte, mas da necessidade de complementar condições materiais adequadas que deveriam ser garantidas pelo Estado durante a execução da pena"". De acordo com os autores do estudo, além da falta de fornecimento de itens indispensáveis, as prisões seguem marcadas por deficiências históricas, como superlotação, descumprimento de preceitos da Constituição Federal e precariedade estrutural. E os visitantes, que aparecem com a intenção de aliviar suas carências palpáveis e as intangíveis, são, com frequência, vítimas de violência institucional. Ao todo, 58,9% dos respondentes da pesquisa da Pastoral Carcerária declararam já ter passado por constrangimentos ou sido alvo de violências . Dentre as indignidades a que ficam sujeitos, estão a revista íntima (32,5%), medida que vem sendo questionada e denunciada há pelo menos duas décadas, segundo a organização. Há ainda impedimentos como a exigência de cadastramentos que podem demorar mais de três meses e da apresentação de documentos emitidos por cartórios para comprovar o vínculo, como as certidões de união estável, pelas quais as famílias nem sempre conseguem pagar. O estudo também aponta maus-tratos, humilhações, desprezo institucional, silenciamento e situações que se enquadram na categoria de tortura institucional. Os familiares compartilham a percepção de que são destratados porque os associam ao crime cometido pela pessoa presa, como se fossem cúmplices . A forma desumana com que os familiares visitantes são recebidos nas unidades prisionais provoca em muitos deles adoecimento. A maioria (90,1%) atribui a esse fator uma piora em sua saúde, sendo que 66,8% afirmaram ter ocasionado grandes consequências. A advogada e pesquisadora Fernanda Oliveira, cofundadora da assessoria Maria Felipa, conta que o dado sobre os efeitos das visitas sociais na saúde dos familiares que mantêm essa rotina surpreendeu a equipe de pesquisadores. Ver notícias sobre um acontecimento na prisão e não poder obter rapidamente informações sobre como o familiar preso está é apenas uma das circunstâncias que colaboram para ficarem em permanente estado de alerta, conta a ex-coordenadora-geral de Combate a Tortura e Graves Violações de Direitos Humanos no Ministério de Direitos Humanos e da Cidadania. ""Isso é uma produção de angústia e adoecimento mental absurda, em escala industrial, para as mulheres. Porque as mulheres sentem, entendem, até pela sua socialização, que esse dever de cuidado e proteção é delas"", analisa ela. Em entrevista à Agência Brasil , a profissional e militante contou que já atravessou o país verificando as condições em que unidades prisionais operam. Um dos casos que carrega até hoje consigo foi a de uma mãe cuja filha foi presa e que ficou totalmente sem recursos, pois se sentiu na obrigação de dar suporte a ela. A mãe era quem trabalhava para sustentar a casa e grande parte do dinheiro ia para as necessidades da filha. ""Então, se ela precisasse comer água de fubá, ela comia."" Uma das soluções para equilibrar as dívidas é o auxílio-reclusão , benefício concedido pela Previdência Social à família do preso. Contudo, os familiares só têm direito se o preso tiver contribuído por pelo menos 24 meses com o Instituto Nacional do Seguro Social (INSS), antes de sua detenção. A Secretaria Nacional de Políticas Penais (Senappen), do Ministério da Justiça e Segurança Pública (MJSP), registra que somente uma porção bem restrita das famílias, de 2,47%, recebe o auxílio-reclusão . O número acompanha a elevada quantidade de trabalhadores e trabalhadoras sem carteira assinada e, por conseguinte, sem contribuição à Previdência. Para Fernanda Oliveira, os grandes responsáveis pela situação no sistema carcerário são o Judiciário e o Ministério Público. “É impossível produzir vaga [nas cadeias] na velocidade que se prende. Não é possível, do ponto de vista fiscal, em termos de construção de obras adequadas, de números de trabalhadores que se precisa para funcionar adequadamente, porque eles também estão adoecidos. É absolutamente impossível”. “A gente iria ter que abandonar todas as outras questões públicas que precisam de recurso: saúde, educação, saneamento básico, infraestrutura. Parar tudo e ficar gastando só com cadeia. Já vi cadeias serem inauguradas e, em um estalar de dedos, já estarem superlotadas."" No sistema do Ministério da Justiça e Segurança Pública, consta que, no segundo semestre de 2025, a população nas penitenciárias era de 727.301 pessoas. Com 505.267 vagas nas unidades, o déficit era de 222.034. O total de visitas ultrapassou os 4,5 milhões. A coordenadora nacional da Pastoral Carcerária, irmã Petra Silvia Pfaller, avalia que violência policial e as torturas se aprofundaram em relação há 30 anos, quando iniciou sua atuação na área. A ativista compara que era mais comum o detento ficar em uma unidade prisional próxima à família e chama a atenção para a importância da presença de agentes de fiscalização, uma vez que as famílias se calam diante de injustiças, por medo de represálias. ""Hoje, não existe mais esse respeito [de permitir que a pessoa cumpra a pena perto da família]. E esse deslocamento aumenta bastante as questões financeiras da família"", pontua a representante da pastoral. Para Pfaller, o que geralmente acontece é a dupla marginalização dos detentos, e a segunda começa quando eles se tornam egressos. Com a falta de oportunidades, fruto da estigmatização e do preconceito, às vezes, o resultado é o retorno ao crime, argumenta a religiosa. ""Como ressocializar, se ele é tirado, excluído da sociedade e também do ambiente familiar? Vai aonde? Quem acolhe essa pessoa? Está estampado em seu rosto que é egressa."" Vinculada à Conferência Nacional dos Bispos do Brasil (CNBB), da Igreja Católica, a Pastoral Carcerária Nacional desempenha funções essenciais junto ao cárcere, monitorando, nesse contexto, a condução de políticas públicas e a efetividade de mecanismos de prevenção e enfrentamento à tortura. A pastroral representa a sociedade civil nos comitês estaduais do Plano Pena Justa em Santa Catarina, São Paulo, Piauí, Rio Grande do Sul, Paraíba, Pernambuco, Maranhão, Mato Grosso e Minas Gerais. A iniciativa, coordenada pelo MJSP, visa ""a construção de um sistema penitenciário mais eficiente e seguro"", a valorização das carreiras ligadas a ele, entre outros pontos. Embora reconheça o passo dado com a estruturação do plano, a pastoral cita a ausência de orçamento para tocar as ações pensadas em seu âmbito. A Agência Brasil tentou contato com o Ministério da Justiça e Segurança Pública e o Conselho Nacional de Justiça (CNJ), mas não teve retorno até o fechamento desta matéria."	Agência Brasil	direitos-humanos	False
https://agenciabrasil.ebc.com.br/direitos-humanos/noticia/2026-09/uniao-tera-que-indenizar-familia-de-perseguido-pela-ditadura-no-amapa	2026-09-01	União terá que indenizar família de perseguido pela ditadura no Amapá	Ex-líder estudantil ficou com sequelas de saúde causadas pelo regime	"A Justiça Federal do Amapá condenou a União a pagar R$ 200 mil por danos morais à viúva e aos seis filhos de Luís Messias Tavares, perseguido político pela ditadura civil-militar instaurada em 1964. A sentença, do último dia 24, foi decorrente da atuação da Defensoria Pública da União e baseada no relatório final da Comissão Estadual da Verdade do Amapá. Além de reconhecer que Luís Messias foi alvo de prisão arbitrária e exoneração do cargo público de agente de polícia em 1964, a decisão atribui ao Estado a responsabilidade por graves sequelas físicas e psicológicas sofridas por ele em decorrência da repressão . A sentença, do juiz federal Felipe Handro, considerou que as informações que constam no relatório Comissão Estadual da Verdade do Amapá têm força probatória e demonstram a perseguição política sofrida por Luís Messias Tavares. Depoimentos contidos no texto confirmam a atuação de Luís Messias no movimento estudantil, tendo sido presidente e um dos fundadores do Grêmio Estudantil da União dos Estudantes dos Cursos Secundários do Amapá (UECSA). Os depoimentos trazem ainda informações sobre a prisão por motivação política, as condições de encarceramento e o impacto psicológico causado pela repressão estatal, incluindo o surto psicótico associado a acidente vascular cerebral (AVC), que Luís Messias sofreu com 25 anos de idade. Não houve assistência psicológica ou neurológica, o que culminou na perda de forma irreversível da memória recente – circunstância que o impedia de reconhecer, no dia seguinte, pessoas com quem havia acabado de conversar. Para o juiz, ficou claro que a reparação deveria compreender não apenas a compensação financeira, mas também o direito à memória, à verdade e às garantias de não repetição das violações. Além disso, o juiz reconheceu que os efeitos da perseguição se estenderam à esposa e aos filhos de Luís Messias, que sofreram dano moral reflexo. “[A família experimentou], de forma direta e autônoma, a desestruturação da unidade familiar decorrente da privação de liberdade do chefe de família, a perda do sustento em razão da demissão arbitrária, o estigma social de serem rotulados como ""família de subversivos"" (...) e, sobretudo, o sofrimento prolongado de conviver com o quadro de enfermidade mental irreversível do ente querido”, diz trecho da sentença. A defensora pública federal Nayara Ribeiro Schröder Xavier, que atuou no caso, ressaltou que a decisão também reforça o entendimento de que familiares têm direito à reparação pelos danos morais reflexos decorrentes da perseguição . Ela destacou ainda que a sentença aprofunda o entendimento de que ações indenizatórias relacionadas a graves violações de direitos humanos praticadas durante a ditadura são imprescritíveis. Tal reparação civil não deve ser confundida com o pedido de reconhecimento da condição de anistiado político, previsto na Lei da Anistia, e sob responsabilidade do Ministério dos Direitos Humanos e da Cidadania. “A sentença possui especial relevância por conferir efetividade, no âmbito local, ao direito à memória, à verdade e à reparação, além de reconhecer juridicamente fatos históricos documentados pela Comissão Estadual da Verdade do Amapá e seus efeitos sobre a vítima e sua família”, destaca a defensora pública federal. O ex-agente de polícia e liderança estudantil do Amapá Luís Messias Tavares foi identificado pelos militares como opositor do regime e rotulado como ""comunista"". Ele foi preso pelo Exército e mantido na Fortaleza de São José de Macapá, em condições degradantes de higiene e alimentação e sob vigilância armada, além de ter sido exonerado sumariamente do serviço público. De acordo com o processo, o encarceramento provocou um surto psicótico e um acidente vascular cerebral (AVC), que resultaram em perda irreversível da memória e comprometimento permanente de sua saúde mental até sua morte, em 2011."	Agência Brasil	direitos-humanos	False
https://agenciabrasil.ebc.com.br/direitos-humanos/noticia/2026-08/sociedade-civil-propoe-27-pontos-para-seguranca-centrada-em-prevencao	2026-08-25	Sociedade civil propõe 27 pontos para segurança centrada em prevenção	Conferência popular foi realizada em Fortaleza no último fim de semana	"Movimentos sociais, familiares de vítimas da violência e organizações de 16 estados brasileiros vão apresentar aos candidatos nas eleições gerais de 2026 uma agenda nacional para a segurança pública, uma das principais preocupações dos brasileiros. Com 27 pontos, o documento foi elaborado após uma série de encontros que culminaram, no último final de semana, na 1º Conferência Popular de Segurança Pública, em Fortaleza. A Carta estabelece a prevenção à violência como uma prioridade e observa que a segurança pública não pode ser tratada apenas como uma questão de policiamento e repressão. Para isso, o documento defende articular políticas públicas que garantam direitos e melhorem a vida das pessoas, enfrentando desigualdades e discriminações. Entre as principais propostas estão também o controle da atividade policial, com responsabilização por violações, controle de armas e munições, assim como a redução da letalidade, desmilitarização das polícias e da vida social, além da adoção de medidas de proteção imediata para crianças, adolescentes e pessoas ameaçadas. O documento ressalta a necessidade de combater abordagens discriminatórias baseadas no perfilamento racial, ou seja, quando o agente policial escolhe um suspeito somente por causa de traços físicos e cor de pele, geralmente, negra. ""Trata-se de uma agenda concreta formulada a partir da experiência de quem vive nos territórios, convive com a violência e também com as omissões do Estado"", explica uma das articuladoras do Fórum Popular de Segurança Pública do Nordeste, Edna Jatobá, do Gabinete de Assessoria Jurídica às Organizações Populares (Gajop). Segundo ela, uma parte das propostas pode ser executada de imediato, por decisões administrativas e mudanças nos protocolos, como é caso do uso das câmeras corporais . Outras dependem de atualizações legislativas, além da previsão de recursos, como incentivos para a comunicação popular, educação midiática e ações de cidadania digital. A intenção, afirma a assessora das organizações, é transformar a agenda em compromisso político dos concorrentes a cargos públicos. A Carta será apresentada a candidatos à Presidência, ao Congresso Nacional e aos governos estaduais, explicitando qual órgão público que tem competência para colocar em prática cada proposta. Agência Brasil: Quais são as propostas principais da Carta? Edna Jatobá: Segurança pública é um assunto complexo e não se responde a um problema complexo de maneira simplória. Por isso, todos os 27 pontos são importantes. Eles são interdependentes. Alguns são mais conhecidos do grande público, como o controle de armas e munições e o investimento em prevenção e políticas públicas nos territórios. Mas há também outros pontos menos conhecidos, mas igualmente importantes, como a proteção imediata para pessoas ameaçadas e a reparação e o cuidado às vítimas da violência do Estado e seus familiares. Agência Brasil: As medidas levam em conta a violência de gênero, como os feminicídios, e o racismo? Edna Jatobá: Sim. Levam em conta também outros marcadores sociais, como o território em que vivem. Os dados mostram que determinadas populações e territórios são impactadas pela violência, insegurança e criminalidade de maneira desproporcional. Portanto, é preciso levar os marcadores sociais em consideração, pois são eles que estruturam a forma e o funcionamento da nossa sociedade. Agência Brasil: Como enfrentar a alta letalidade de jovens negros? Edna Jatobá: Com políticas públicas que dialoguem com a prevenção social da violência, levando em consideração questões como acesso à renda, às oportunidades de trabalho, à moradia digna, lazer e cultura. Tudo isso em paralelo com o controle externo da atividade policial previsto na Constituição, ouvidorias e corregedorias verdadeiramente independentes e tecnologia, como as câmeras corporais. Uma das propostas da Conferência é vincular repasses do Fundo Nacional de Segurança Pública ao investimento em ações de prevenção à violência. Agência Brasil: Como implementar todas essas medidas? Edna Jatobá: A implementação passa, primeiro, por transformar esses pontos em compromissos públicos. Apresentá-los ao Governo Federal, ao Congresso Nacional, aos governos estaduais e municipais e ao Sistema de Justiça, identificando quem tem competência e responsabilidade por cada um. Algumas medidas dependem de mudanças legislativas; outras, de orçamento; outras, de protocolos e práticas institucionais; e muitas podem começar imediatamente, por decisão administrativa. Um segundo caminho é fazer com que essa agenda incida sobre os instrumentos concretos de planejamento e financiamento da segurança pública. Os pontos precisam aparecer nos planos de segurança, nos orçamentos, nos programas de formação dos profissionais, nos protocolos de atuação e nos mecanismos de monitoramento e avaliação. Agência Brasil: Como a sociedade e os movimentos populares podem acompanhar a adoção dessa agenda? Edna Jatobá: Consideramos indispensável fortalecer a participação e o controle social. A Conferência Popular mostrou que a população tem capacidade de formular propostas para a segurança pública. Por isso, queremos acompanhar a implementação, construir indicadores e cobrar periodicamente dos governos respostas sobre o que avançou, o que não avançou e por quê. Os 27 pontos são chamados de inegociáveis justamente porque expressam um patamar mínimo de uma política comprometida com a vida, com a redução das violências, com o enfrentamento ao racismo e às desigualdades, com a valorização dos profissionais, com a transparência e o controle da atividade policial e com a participação popular. 1. Prevenção da violência com políticas sociais nos territórios; 2. Enfrentamento às desigualdades e às discriminações como política de prevenção; 3. Segurança pública cidadã, comunitária e participativa; 4. Controle de armas, munições e redução da letalidade; 5. Mais recursos da segurança pública para prevenção e oportunidades; 6. Proteção imediata para crianças, adolescentes e pessoas ameaçadas; 7. Abordagem sem violência, discriminação ou perfilamento racial; 8. Defensoria Pública presente nos territórios; 9. Controle da atividade policial e responsabilização por violações; 10. Revisão permanente das prisões e combate ao encarceramento ilegal; 11. Superar a guerra às drogas por uma política de cuidado e direitos; 12. Cuidado integral e redução de danos para pessoas que usam álcool e outras drogas; 13. Dados, transparência e participação social na política de drogas; 14. Direito à terra, moradia e permanência nos territórios; 15. Investimento em prevenção e políticas públicas nos territórios; 16. Segurança alimentar, agroecologia e proteção dos territórios populares; 17. Perícia independente para investigar a violência de Estado; 18. Controle da atividade policial e câmeras corporais obrigatórias; 19. Desmilitarizar as polícias e a vida; 20. Redirecionar recursos da repressão para políticas de proteção da vida; 21. Reparação e cuidado para vítimas e familiares da violência de Estado; 22. Participação popular permanente na política de segurança pública; 23. Financiamento público para organizações populares e proteção de lideranças; 24. Proteção integral aos defensores populares de direitos humanos; 25. Regulação democrática das plataformas digitais e da inteligência artificial; 26. Comunicação popular, educação midiática e cidadania digital; 27. Segurança digital e proteção de crianças, adolescentes e comunidades tradicionais."	Agência Brasil	direitos-humanos	False
https://agenciabrasil.ebc.com.br/direitos-humanos/noticia/2026-09/cai-numero-de-assassinatos-no-campo-mas-aumenta-o-de-conflitos	2026-09-02	Cai número de assassinatos no campo, mas aumenta o de conflitos	Levantamento da CPT traz dados do primeiro semestre de 2026	"O Brasil teve mais conflitos agrários no primeiro semestre deste ano, mas o número de pessoas assassinadas no campo diminuiu em relação ao mesmo período do ano passado. Os dados foram divulgados nesta quarta-feira (2) pela Comissão Pastoral da Terra (CPT), que aponta o aumento da mercantilização e da financeirização da terra no país. Nos primeiros seis meses deste ano, a comissão contabilizou seis assassinatos no campo, enquanto, de janeiro a junho de 2025, foram 27 . O número de conflitos, por outro lado, subiu de 798 para 841. O Maranhão se manteve como o estado que mais registrou conflitos no campo nos seis primeiros meses de 2026, com 156 casos. Na sequência, estão Pará (90), Bahia (85), Rondônia (63) e Amazonas (63). Os dados relativos ao primeiro semestre de 2026 servirão para avaliação das tendências dos conflitos no campo neste ano e vão contribuir para o relatório anual “Conflitos no Campo Brasil"", que será lançado em 2027. Os levantamentos são realizados com base nas fontes coletadas pelos agentes da CPT em todo o Brasil, além de notícias veiculadas pela imprensa, divulgações de órgãos públicos, movimentos sociais e organizações parceiras da CPT ao longo do ano. “O campo brasileiro está distante do que chamamos de um lugar de paz, onde as pessoas não precisam sempre resistir para a permanência na terra”, definiu a coordenadora nacional da CPT, Cecília Gomes, em entrevista à Agência Brasil . Na concepção da comissão, o número de assassinatos foi menor, mas se mantém uma característica do ano passado que são os massacres , quando há o assassinato de mais de uma pessoa. Na avaliação de Cecília Gomes e da CPT, tem se intensificado a mercantilização e a financeirização da terra, com a atuação de fundos de pensão e o interesse nas chamadas terras raras, que, muitas vezes, estão em comunidades tradicionais e camponesas. “Toda essa corrida pela terra e pelo que tem na terra acontece cada vez mais no território brasileiro, no sentido da financeirização da terra”, denunciou Cecília. Os casos registrados neste ano são em grande maioria conflitos por terra (711), seguidos por conflitos por água (100) e ocorrências de trabalho escravo rural (30). Os 711 conflitos por terra incluem casos de violência e de resistência envolvendo ocupações e acampamentos. Enquanto as violências aumentaram de 584 para 663, as resistências mantiveram a tendência de queda dos últimos 10 anos e caíram de 66 para 48 casos. O Maranhão (153) também concentra a maior parte desses conflitos, seguido pela Bahia (76), Pará (68) e Rondônia (54). Outro destaque foi o estado do Amazonas, onde as ocorrências subiram 140% em comparação ao mesmo período de 2025 ─ de 37 para 52. A forma de violência mais frequente nos conflitos por terra foi a contaminação por agrotóxicos , que aumentou de 98 para 169 casos, seguida de invasão aos territórios (de 96 para 109), desmatamento ilegal (de 67 para 107) e ameaça de despejo (de 63 para 70). O CPT atribui essas violências à expansão do agronegócio, destacando o estado do Maranhão. Cecília Gomes alertou para a gravidade da violência por agrotóxicos, usados como arma química: “Não vai matar no momento inicial, mas vai matando o sujeito aos poucos”. Os conflitos pela água foram constatados em 20 estados, com significativa expansão em relação ao primeiro semestre do ano passado ─ um aumento de 47 para 100 registros. O Pará teve o maior número de ocorrências (16), seguido por Minas Gerais (11), Amazonas (10) e Mato Grosso (10). No caso do Pará, o CPT informou que os primeiros meses deste ano têm sido marcados pela luta dos povos indígenas contra a privatização dos rios, por parte do governo federal, e contra a ação de garimpeiros. Há também a luta de ribeirinhos e outros povos contra a atuação de mineradoras. A Comissão Pastoral lembrou que a luta dos indígenas contra a privatização dos rios resultou na revogação do Decreto nº 12.600/2025 , em fevereiro de 2026. A medida incluía hidrovias nos rios Madeira, Tapajós e Tocantins no Programa Nacional de Desestatização. As ocorrências de trabalho escravo rural caíram no primeiro semestre de 2026, com 30 registros contra 101 no mesmo período de 2025. Do mesmo modo, o número de trabalhadores vitimados passou de 842 para 355. O maior contingente de trabalhadores resgatados ocorreu no primeiro semestre de 2023, quando 1.395 pessoas foram encontradas nessas condições. Um dos destaques nesse eixo foi o estado de São Paulo, que apresentou os maiores números de trabalhadores resgatados (148) e de casos registrados (cinco) . Em três dessas ocorrências, os trabalhadores foram encontrados em atividades de plantio e corte de cana-de-açúcar. Entre os seis assassinatos registrados até junho em conflitos no campo está incluído o massacre de três posseiras registrado em Lábrea (AM). Houve ainda dois indígenas assassinados, em Roraima e Mato Grosso do Sul, e um trabalhador rural sem-terra. As vítimas tinham entre 14 e 45 anos. A CPT informa também que os números de casos e de vítimas da violência aumentaram, passando de 418 para 588 e de 308 para 497, respectivamente. A violência com maior incidência foi a contaminação por minérios, com 195 casos. Não houve notícia dessas ocorrências no primeiro semestre de 2025. Todos esses registros foram em Jacareacanga, no Pará. As agressões decorreram do garimpo ilegal de ouro na Bacia do Rio Tapajós e atingiram a Terra Indígena Munduruku. A contaminação por agrotóxicos (132 em 2026, contra 10 nos primeiros seis meses do ano passado), a criminalização (51 contra 46) e os ferimentos (42 contra 26) também se destacam entre as formas de violência. As principais vítimas foram os povos indígenas, os trabalhadores e trabalhadoras sem-terra, os posseiros, os seringueiros e os quilombolas. Embora não integre o cálculo dos conflitos no campo, as manifestações representam importante estratégia das comunidades para denunciar as violências sofridas e lutar pela garantia de seus direitos, sendo uma forma de resistência contabilizada pela CPT. No primeiro semestre de 2026, houve 284 manifestações, um aumento em relação ao primeiro semestre de 2025, que teve 253. A CPT cita como destaques os atos públicos, marchas, protestos, romarias, bloqueios de rodovias, ocupações de prédios públicos e outras mobilizações. As principais reivindicações são pela demarcação de terras indígenas, contra os agrotóxicos, contra a mineração e a privatização das águas e por melhores condições de trabalho. Cecília Gomes afirmou que a CPT entra no campo não somente para denunciar, mas para mostrar como os povos atuam na resistência e no enfrentamento a essas formas de mercantilização e financeirização da terra. “Ela colabora e está junto das comunidades nesses enfrentamentos. A CPT não só documenta. Ela está lá auxiliando nas vivências com esses povos e comunidades na resistência”. Além disso, a entidade atua na perspectiva de construção de incidências e políticas públicas voltadas para o campo. A construção de documentos é também nessa perspectiva, indicou Cecília."	Agência Brasil	direitos-humanos	False
https://agenciabrasil.ebc.com.br/direitos-humanos/noticia/2026-08/ebc-promove-capacitacao-sobre-cobertura-jornalistica-de-feminicidios	2026-08-26	EBC promove capacitação sobre cobertura jornalística de feminicídios	Curso apresenta diretrizes para cobertura responsável	"A Empresa Brasil de Comunicação (EBC) promoveu, nesta segunda-feira (24), a capacitação Comunicar para Proteger , que reuniu empregados para discutir a cobertura jornalística de casos de feminicídio e as melhores práticas para uma abordagem responsável. A atividade teve como foco a apresentação do Guia de Comunicação de Feminicídios no Distrito Federal e a reflexão sobre o papel do jornalismo na abordagem responsável da violência de gênero. Conduzida pela juíza do Tribunal de Justiça do Distrito Federal e dos Territórios (TJDFT) Fabriziane Zapata e pelo delegado da Polícia Civil do Distrito Federal (PCDF) Marcelo Zago Gomes Ferreira, a capacitação abordou diretrizes e boas práticas para evitar a revitimização e a glamourização da violência, preservar a dignidade das vítimas e contribuir para a conscientização e a prevenção. A atividade também discutiu formas de tratar o tema com responsabilidade, considerando os impactos da cobertura jornalística sobre vítimas, familiares e sociedade. A proposta também destacou a responsabilidade da imprensa na construção de uma abordagem que contribua para a conscientização da sociedade e para a prevenção de novos casos. A forma como um feminicídio é noticiado pode reforçar estereótipos e expor vítimas e familiares ou, ao contrário, ajudar a contextualizar a violência de gênero como um problema social que precisa ser enfrentado. ""Promover essa formação é reafirmar o compromisso da EBC com uma comunicação pública responsável, comprometida com os direitos humanos e com a igualdade de gênero"", afirma a diretora-presidente da EBC, Antonia Pellegrino. ""A cobertura jornalística de feminicídios precisa ir além do relato do crime, evitando a revitimização e a exposição indevida das vítimas e de seus familiares. Queremos contribuir para que o jornalismo ajude a sociedade a compreender as causas e os contextos da violência contra as mulheres e, sobretudo, fortaleça a conscientização e a prevenção de novos casos"", explica. A diretora de jornalismo da EBC, Myrian Pereira, acrescenta que “o jornalismo da EBC tem a tradição de ser pioneiro na cobertura de temas relevantes para a sociedade que não tem tanto espaço fora da comunicação pública. Agora que o tema tem ganho cada vez mais espaço nos outros veículos, queremos também ter um diferencial, fazendo uma cobertura cada vez mais responsável e que apresenta à sociedade os serviços públicos disponíveis para combater tal violência”. A iniciativa está alinhada ao compromisso institucional da EBC com a promoção da equidade. Em 2026, a empresa recebeu o Selo Pró-Equidade de Gênero, reconhecimento do Ministério das Mulheres relacionado às ações voltadas à igualdade de oportunidades e ao enfrentamento das desigualdades de gênero no ambiente de trabalho. Neste ano, a diretoria da EBC também alcançou a paridade de gênero, com três diretoras mulheres e três diretores homens. Magistrada do TJDFT desde 2008, Fabriziane Zapata é titular, há dez anos, do Juizado de Violência Doméstica e Familiar contra a Mulher do Riacho Fundo. Ela atua desde 2016 como juíza coordenadora da Coordenadoria da Mulher em Situação de Violência Doméstica do TJDFT. Na função, coordena projetos nas áreas de educação e segurança pública sob a perspectiva de gênero. Fabriziane integra a Rede Distrital de Enfrentamento à Violência contra a Mulher e a Câmara Técnica de Monitoramento de Feminicídios. Marcelo Zago Gomes Ferreira é delegado de Polícia Civil do Distrito Federal e coordenador da Câmara Técnica de Monitoramento de Homicídios e Feminicídios da Secretaria de Segurança Pública do Distrito Federal (CTMHF). Foi coordenador do Grupo de Trabalho Imprensa, responsável pela elaboração do Guia de Comunicação sobre Feminicídios no Distrito Federal. É professor da Escola Superior de Polícia Civil do Distrito Federal e de cursos de pós-graduação e também atua como pesquisador e palestrante nas áreas de segurança pública, investigação criminal, governança baseada em evidências e enfrentamento aos homicídios e feminicídios. “É um tema cultural e enraizado, por isso não podemos fechar os olhos para essa realidade"", disse Zapata durante o curso. ""É nosso dever auxiliar, de alguma maneira, e ensinar a população com a ajuda do jornalismo”, explicou o delegado. Os palestrantes distribuíram um Guia de Bolso para Jornalistas, com diretrizes para uma cobertura mais cidadã, e destacaram a importância de reportagens sobre feminicidio sempre conterem um box de serviço para as vítimas. Se você ou alguém que você conhece é vítima de violência, procure ajuda: → DISQUE 190 – Polícia Militar (24h). Para emergência, ameaça iminente ou descumprimento de medida protetiva com risco atual. Envia viatura imediatamente. → DISQUE 197 – Polícia Civil (24h, anônimo). Para denúncia anônima ou repasse de informações. → LIGUE 180 – Central de Atendimento à Mulher (Governo Federal · 24h · gratuito · nacional). Para orientação sobre direitos, serviços da rede de atendimento e encaminhamentos. Para atendimento jurídico gratuito específico, procure a Defensoria Pública de seu estado."	Agência Brasil	direitos-humanos	False
https://agenciabrasil.ebc.com.br/direitos-humanos/noticia/2026-08/delegacia-digital-da-mulher-permite-que-vitima-denuncie-mais-rapido	2026-08-27	Delegacia Digital da Mulher permite que vítima denuncie mais rápido	Unidade virtual oferece suporte 24 horas por dia	Denúncias de violência doméstica podem ser feitas de forma remota, com rapidez e segurança, na Delegacia Especial de Atendimento à Mulher (Deam Digital) do Rio de Janeiro. O serviço especializado permite que a vítima formalize a denúncia online, sem a necessidade de deslocamento inicial até uma unidade física. A unidade virtual integra a rede estadual de atendimento especializado da Polícia Civil, que conta com 16 delegacias dedicadas ao público feminino, oferecendo suporte contínuo 24 horas por dia, sete dias por semana. Pela plataforma, é possível registrar o boletim de ocorrência, solicitar medidas protetivas de urgência e receber a guia de encaminhamento para exame de corpo de delito no Instituto Médico Legal (IML). Após o envio das informações pelo portal, o registro é analisado e validado pela equipe de plantão da Deam Digital que, desde março de 2026, já registou 1.040 casos. Na sequência, a delegada titular encaminha o procedimento para a delegacia da região onde o fato ocorreu, que fica encarregada de conduzir as investigações. a Em casos de emergência ou flagrante delito, a orientação permanece sendo o acionamento da Polícia Militar pelo telefone 190 ou o comparecimento direto à delegacia presencial mais próxima .	Agência Brasil	direitos-humanos	False
https://agenciabrasil.ebc.com.br/direitos-humanos/noticia/2026-08/brasil-multa-tiktok-em-r-1537-mi-por-falhas-em-dados-de-adolescentes	2026-08-25	Brasil multa TikTok em R$ 153,7 mi por falhas em dados de adolescentes	Plataforma terá de excluir perfis que não indicarem representantes	A Autoridade Nacional de Proteção de Dados (ANPD) aplicou multas que somam R$ 153,7 milhões à ByteDance Brasil Tecnologia, responsável pela plataforma TikTok no país, por infrações ligadas a perfis de crianças e adolescentes . A sanção está publicada no Diário Oficial da União desta terça-feira (25). Além da multa, a autoridade determinou a eliminação dos dados pessoais de adolescentes entre 13 e 18 anos cadastrados na plataforma cuja indicação de representante legal não ocorra em até 60 dias úteis. A empresa foi penalizada por irregularidades relacionadas ao tratamento de dados pessoais de adolescentes e por descumprimento de princípios previstos na Lei Geral de Proteção de Dados Pessoais (LGPD). As multas foram aplicadas por infrações ao Artigo 7º da lei, que trata das hipóteses legais para o tratamento de dados pessoais, e aos princípios da segurança e da responsabilização e prestação de contas, previstos no Artigo 6º da norma. A maior parte da penalidade corresponde a duas multas de R$ 63,1 milhões cada. Uma terceira multa, de R$ 27,4 milhões, completa o valor total de R$ 153,8 milhões. De acordo com a ANPD, a empresa poderá obter redução de 25% no valor da multa caso renuncie ao direito de recorrer da decisão em primeira instância e pague o valor dentro do prazo previsto. Nessa hipótese, o montante a ser recolhido cairia para R$ 115,3 milhões. Após o término desse prazo, a ByteDance Brasil terá cinco dias úteis para apresentar à ANPD relatório técnico comprovando o cumprimento da determinação. O documento deverá conter registros de auditoria dos sistemas e declaração formal assinada pelo encarregado pelo tratamento de dados pessoais da empresa. A autoridade informou ainda que poderá exigir auditoria externa independente caso considere insuficientes as comprovações apresentadas para atestar a exclusão definitiva dos dados. O despacho estabelece também multa diária de R$ 137 mil em caso de descumprimento das obrigações relacionadas à exclusão dos dados, à apresentação do relatório técnico ou à comunicação aos terceiros que receberam informações dos adolescentes afetados. A ByteDance Brasil foi intimada a cumprir as sanções e terá prazo de 10 dias úteis para apresentar recurso administrativo. Caso opte por não recorrer, poderá manifestar interesse na redução da multa dentro do mesmo período. Saiba mais sobre a decisão no Repórter Brasil Tarde, da TV Brasil	Agência Brasil	direitos-humanos	False
https://agenciabrasil.ebc.com.br/direitos-humanos/noticia/2026-08/buzios-inaugura-banco-vermelho-em-memoria-vitimas-de-feminicidio	2026-08-26	Búzios inaugura Banco Vermelho em memória a vítimas de feminicídio	Socialite Ângela Diniz, assassinada na cidade, será homenageada	"A Secretaria Municipal da Mulher de Búzios, na Região dos Lagos, no Rio de Janeiro, promoveu nessa terça-feira (25), na Praça dos Ossos, a ação “Búzios por Elas”.  A finalidade é aproximar a rede municipal de proteção da população, ampliando o acesso a informações sobre os serviços de atendimento e orientação às mulheres. A escolha da Praça dos Ossos tem significado histórico. O Banco Vermelho será dedicado à memória de Ângela Diniz, vítima de feminicídio em 1976, cujo caso está relacionado à história do bairro. A homenagem representa não apenas a memória de Ângela, mas a de todas as mulheres que tiveram suas vidas interrompidas pela violência, reforçando a necessidade de prevenção e enfrentamento ao feminicídio. A socialite Ângela Diniz, conhecida como ""Pantera de Minas"", foi assassinada a tiros em 30 de dezembro de 1976 por seu companheiro Raul Fernando do Amaral Street, o Doca Street, na casa de veraneio de Ângela, na Praia dos Ossos, em Armação dos Búzios. O crime ocorreu após uma discussão intensa sobre o fim do relacionamento. Doca disparou quatro tiros à queima-roupa contra Ângela, que tinha 32 anos. O caso chocou o Brasil e tornou-se um dos primeiros grandes marcos na discussão pública sobre violência de gênero e feminicídio no país. No primeiro julgamento, em 1979, o advogado de Doca Street, o ex-ministro do STF Evandro Lins e Silva usou o argumento da ""legítima defesa da honra"", alegando que o réu havia ""matado por amor"" e sido provocado pela vítima. Doca foi condenado a uma pena leve, de apenas dois anos de reclusão, obtendo o benefício de cumprir a pena em liberdade. Houve um clamor público e indignação com o resultado do julgamento, mobilizando movimentos feministas pelo país. O famoso lema ""quem ama não mata"" nasceu dessa mobilização e mudou para sempre o debate sobre a violência contra a mulher no Brasil. Devido à forte pressão social, o julgamento foi anulado e revisto em um novo julgamento, onde Doca Street foi condenado a 15 anos de prisão por homicídio qualificado."	Agência Brasil	direitos-humanos	False
https://agenciabrasil.ebc.com.br/direitos-humanos/noticia/2026-08/unicef-pede-candidatos-mais-acoes-de-prevencao-violencia-infantil	2026-08-24	Unicef pede a candidatos mais ações de prevenção à violência infantil	Fundo avaliou propostas dos candidatos à presidência sobre o tema	O Fundo das Nações Unidas para a Infância (Unicef) cobrou de candidatos à Presidência da República que dediquem maior atenção, em suas propostas eleitorais, a medidas de prevenção à violência infantil. Pesquisadores da entidade avaliaram as propostas de cinco candidaturas. O Unicef defende respostas “mais bem adaptadas às vulnerabilidades de diferentes grupos de crianças e adolescentes”. Segundo o fundo, as principais candidaturas têm propostas contra violências, mas a maioria promete políticas de resposta, e não de prevenção . A entidade considera que, nas últimas décadas, o Brasil avançou em áreas sociais, mas em relação à violência “a situação segue sendo grave”. “Para proteger crianças e adolescentes, é fundamental também agir antes que a violência aconteça, por meio de políticas de educação e oportunidades para jovens, da assistência social, da saúde, do fortalecimento das famílias e de sistemas que identifiquem e referenciem situações de violência”, afirmou o representante do Unicef no Brasil, Joaquin Gonzalez-Aleman. No estudo, o Unicef defende que os futuros governantes incluam a “parentalidade protetiva” nas políticas já existentes de primeira infância, cuidados, assistência social e enfrentamento às violências . Isso incluiria a formação de agentes públicos que hoje chegam às casas das famílias para que saibam orientar pais, mães e cuidadores a prevenir a violência e adotar práticas parentais não violentas. A entidade ainda defende a criação de uma Política Nacional de Prevenção de Violências contra Adolescentes, que vá além de ações de segurança pública. A ideia é que sejam coordenadas diferentes áreas, como educação, trabalho, emprego e assistência social para reduzir os fatores de risco associados à violência. Confira mais informações sobre a avaliação do Unicef no Repórter Brasil , da TV Brasil Inclusive, o Unicef contextualiza que, apenas no ano passado, 2.079 crianças e adolescentes foram mortos de forma violenta no Brasil . Seria o equivalente a seis vítimas por dia. A maioria delas é formada por adolescentes homens e negros. Segundo o último Anuário de Segurança Pública, o país registrou em 2025 mais de 38 mil casos de maus tratos de menores no ambiente doméstico. O número é mais que o dobro do registrado no ano anterior. Foram registrados ainda 61 mil estupros ou estupros de vulnerável cometidos por autores conhecidos das vítimas. Desigualdades A análise do Unicef observou que as propostas tratam as crianças como um grupo homogêneo “sem considerar recortes de raça, etnia, gênero, deficiência ou território, nem como eles influenciam a vulnerabilidade às violências”. Ainda nesse tema, a entidade criticou a ausência de referências específicas a crianças negras e indígenas, que têm os maiores riscos de exposição à violência em diferentes contextos. “As referências a meninas e a crianças com deficiência estão presentes, mas de forma limitada”, observa o fundo. Quanto à abordagem do tema O Unicef catalogou, nas propostas dos candidatos Lula (PT), Flávio Bolsonaro (PL), Ronaldo Caiado (PSD), Romeu Zema (NOVO) e Renan Santos (MISSÃO), as menções a crianças e adolescentes. Foram identificados 178 registros. O Unicef identifica que as plataformas eleitorais dos candidatos Lula, Ronaldo Caiado, Romeu Zema e Flávio Bolsonaro abordam o tema de forma explícita. Renan Santos não menciona dessa forma. Em geral, no entanto, a entidade considera que há mais ênfase em abordagens de resposta à violência do que em propostas voltadas a uma proteção integral de crianças e adolescentes por meio de políticas sociais. O Unicef avalia que os programas de Flávio Bolsonaro e Romeu Zema focam em medidas de punição e resposta às violências contra crianças e adolescentes ou cometidas por eles. Já o plano de Ronaldo Caiado dá ênfase na investigação e penalização de autores da violência, mas traz também propostas intersetoriais de prevenção. Por sua vez, o plano de Lula está mais voltado a ações de prevenção da violência infantojuvenil.	Agência Brasil	direitos-humanos	False
https://agenciabrasil.ebc.com.br/direitos-humanos/noticia/2026-08/entenda-como-fazenda-de-cliques-pode-influenciar-debates-em-eleicao	2026-08-24	Entenda como “fazenda de cliques” pode influenciar debates em eleição	Polícia encontra “fazenda de robôs” com ex-assessor de presidentes	A polícia da Bolívia encontrou uma “fazenda de bots” ou “robôs”, conhecida também como “fazenda de cliques”, em endereço ligado ao consultor político que trabalhou para presidentes latino-americanos, o marketeiro digital Fernando Cerimedo . Ele foi preso acusado de tentativa de feminicídio em Santa Cruz de la Sierra, na Bolívia. Cerimedo atuou como estrategista político em ambientes digitais de lideranças da extrema-direita e direita latino-americanas e assessorou os presidentes da Bolívia, Rodrigo Paz, da Argentina, Javier Milei, e de Honduras, Nasry “Tito” Asfura. O empresário argentino Fernando Cerimedo ainda participou da campanha de desinformação contra o resultado da eleição de 2022, questionando em audiência no Senado Federal, sem apresentar provas, a lisura da eleição brasileira. Ao realizar buscas em endereço ligado ao ativista de extrema-direita, o fiscal do departamento de La Paz, Luis Carlos Torrez Alarcón, afirmou que foi encontrada uma “minigranja de bots”, ou seja, uma fazenda de cliques . O argentino preso na Bolívia na última semana foi descrito pela revista The Economist como “o homem do MAGA na América Latina”, em alusão ao slogan político do presidente dos Estados Unidos (EUA), Donald Trump, Make America Great Again (Faça a América Grande de Novo). A Agência Brasil tenta contato com a defesa de Cerimedo, mas não obteve retorno até o fechamento desta reportagem. Nesses casos, os chamados “bots” são sistemas automatizados usados para gerar curtidas, comentários e compartilhamentos, se passando por pessoais reais para impulsionar engajamento nas redes sociais. Uma fazenda de bots pode administrar milhares de perfis falsos para influenciar debates nas plataformas, especialmente em períodos eleitorais. O pesquisador do Núcleo de Estudos Estratégicos em Comunicação, Cognição e Computação, Reynaldo Aragon, explicou que as fazendas de bots são estruturas de contas organizadas e usadas para simular uma mobilização social espontânea: “Muitas dessas contas repetem uma expressão e impulsionam uma hashtag , compartilham o mesmo conteúdo e interage entre si em pouco espaço de tempo. Com isso, produzem artificialmente volume e velocidade nas redes sociais”, disse à Agência Brasil . O doutor em ciência política pela Universidade de Brasília (UnB) Alexandre Arns Gonzales, membro do Direito à Comunicação e Democracia (DiraCom), explicou que as fazendas de bots são usadas porque os ambientes digitais dão visibilidade para os conteúdos que tem mais engajamento. “Essas fazendas de cliques são utilizadas para tentar alimentar artificialmente essas métricas de visualização e engajamento, servindo de instrumento para fazer ataques ou defesas coordenadas de determinada conta, tema, assunto ou candidato”, explicou. O jornalista Reynaldo Aragon, que também é editor do portal Código Aberto sobre política e tecnologia, citou, como exemplo de impulsionamento por fazenda de bots , a disseminação de uma notícia falsa que repercutiu na eleição de 2018 e alcançou 30 milhões de usuários, prejudicando um dos candidatos presidenciais daquele pleito. “A operação tenta dar impulso inicial para que aquele conteúdo alcance pessoas reais e atravesse os limites de uma rede artificial. Muitos desses bots conseguem, inclusive, dialogar com pessoas reais”, acrescentou Reynaldo Aragon. Um caso emblemático citado pelo especialista Alexandre Arns Gonzales envolveu uma empresa na Tunísia que tentou influenciar diversas eleições em dez países africanos. Em junho de 2020, o Facebook derrubou mais de 900 páginas ou contas ligadas a essa companhia. “Aproximadamente 3,8 milhões de contas do Facebook seguiram uma ou mais dessas páginas, com quase 132 mil grupos administrados por operação e mais de 171 mil seguindo suas contas no Instagram”, informou o Laboratório DFR, que estuda desinformação e segurança digital. O membro do Diracom Alexandre Gonzales destaca que esse tipo de prática, como exige um grande número de equipamentos e celulares, requer uma grande mobilização de recursos financeiros, materiais e humanos, sendo uma prática comum em processos eleitorais e registrada nos relatórios de segurança das bigtechs . “A Meta e o Google caracterizam essas práticas como redes de comportamento inautêntico coordenado”, disse Alexandre Gonzales. O especialista que estuda o impacto da tecnologia em processos eleitorais avalia que os planos de conformidade que o Tribunal Superior Eleitoral (TSE) passou a exigir das bigtechs pode ser uma ferramenta para identificar e denunciar indícios de fazendas de bots. “Se essas fazendas de bots atacarem a lisura do processo eleitoral, os sistemas de identificação de comportamentos inautênticos da Meta, do Google e do TikTok podem identificar e apresentar isso dentro do âmbito do plano de conformidade ou no âmbito do conselho que o TSE criou”, comentou Gonzales. Para Reynaldo Aragon, especialista em guerra psicológica e plataformas digitais, o TSE não estaria tão preparado para enfrentar esse problema. Ele acrescenta que é provável que existam diversas fazendas de cliques no Brasil. “Para combater esse tipo de manipulação, seriam necessárias investigações policiais ou de atores da sociedade civil. Não podemos contar com as plataformas porque isso significa regulação da informação circulante e eles não querem essa regulação”, comentou. Procurado para comentar o tema, o TSE não retornou até o fechamento desta reportagem. Em fevereiro de 2026, o marketeiro digital Fernando Cerimedo ganhou o prêmio de “consultor político hispânico do ano”, da organização Latino Wall Street, em cerimônia realizada na residência do presidente dos EUA, Donald Trump, em Mar-a-Lago, na Flórida. Cerimedo recebeu o prêmio das mãos do ex-deputado Eduardo Bolsonaro, condenado por coação no curso de processo judicial por ter articulado, junto a Casa Branca, o tarifaço contra o Brasil para evitar o julgamento por tentativa de golpe de Estado do pai dele, o ex-presidente Jair Bolsonaro, condenado há mais de 27 anos de cadeia. No Brasil, o argentino se tornou conhecido em 2022. Logo após o segundo turno das eleições presidenciais, Cerimedo participou de uma transmissão ao vivo na internet, na qual sustentava que o resultado das urnas tinha sido fraudado. O empresário e consultor político da direita latino-americana foi preso, na semana passada, por tentativa de feminicídio contra a ativista e advogada boliviana Nadia Beller, que o acusa de ser o mandante do atentado contra ela. No leito do hospital, Beller afirma que Cerimedo a convenceu a ir ao local do atentado, onde foi ferida por disparos de arma de fogo no pescoço, no tórax e no braço. A defesa de Cerimedo nega que ele esteja envolvido no caso, alegando que o cliente é vítima de uma armação política.	Agência Brasil	direitos-humanos	False
https://agenciabrasil.ebc.com.br/direitos-humanos/noticia/2026-08/saude-mental-ganha-destaque-em-seminario-sobre-riscos-no-trabalho-0	2026-08-20	Saiba como empresas devem prevenir riscos à saúde mental no trabalho	Em um ano houve aumento de 15% de benefícios por transtornos mentais	As empresas brasileiras passarão a ser obrigadas a identificar e tomar medidas para garantir a saúde mental e a segurança dos trabalhadores. É o que estabelece a Norma Regulamentadora 1 (NR-1). As sanções previstas às empresas que descumprissem a norma passariam a vigorar este mês, mas uma decisão do Supremo Tribunal Federal (STF) suspendeu a aplicação de multas outras sanções. A aplicação da NR-1 foi um dos assuntos tratados no seminário Entre a norma e o real: desafios e perspectivas do mundo do trabalho , que ocorre nesta quinta-feira (20) e sexta-feira (21), na Universidade Federal de Minas Gerais (UFMG), em Belo Horizonte. A NR-1 entrou em vigor em 26 de maio deste ano e passou a abranger os fatores de riscos psicossociais no gerenciamento de riscos ocupacionais. “A norma obriga as empresas a identificar quais são os riscos para a saúde e a segurança dos trabalhadores e a tomar medidas de controle”, disse à Agência Brasil o auditor-fiscal do Trabalho Airton Marinho, representante da DS-MG/SINAIT, que mediou o debate sobre o assunto. A NR-1 é uma norma de 2022, que teve a aplicação adiada em 2024 e 2025 e entrou em vigor em maio de 2026. Em junho, entretanto, uma decisão do Tribunal Superior do Trabalho (TST) suspendeu por 90 dias o efeito da norma na parte relacionada aos riscos psicossociais. Esta semana, por unanimidade, o Plenário do STF referendou a decisão do ministro André Mendonça que suspendeu a aplicação de multas e outras sanções ligadas à inclusão de fatores de riscos psicossociais nas regras de gerenciamento de riscos no ambiente de trabalho. Dados da Previdência Social mostram que foram concedidos 546.254 benefícios por incapacidade temporária por transtornos mentais e comportamentais em 2025, aumento de 15,66% em relação ao ano anterior. Os grupos de diagnósticos mais frequentes em 2025 foram os transtornos ansiosos e os episódios depressivos. Os números não significam, entretanto, que todos os afastamentos tenham sido causados pelo trabalho. Eles ajudam a dimensionar o crescimento do adoecimento mental e reforçam a importância de discutir os fatores presentes na organização e nas condições de trabalho. Airton Marinho informou que, na Europa, onde, teoricamente, as condições de trabalho são melhores do que as brasileiras, 19% dos afastamentos por doença mental são relacionados ao trabalho. “Se a gente colocar esse item aqui, você vai ter uma ideia da dimensão disso no Brasil que, provavelmente, é até maior”, afirmou. Segundo Marinho, excesso de trabalho, horas extras, trabalho noturno, violência no trabalho, bullying e assédio são alguns exemplos de fatores presentes no trabalho que podem afetar a saúde mental das pessoas. “A NR-1 exige das empresas que elas tenham programas de redução desses riscos”, explicou o auditor. Uma empresa de telemarketing, por exemplo, deverá adotar medidas para evitar a sobrecarga dos trabalhadores e possíveis problemas mentais decorrentes dela. Os bancos também deverão rever normas que estabelecem metas muito altas para gerentes e funcionários, com o objetivo de evitar o estresse. Segundo Airton Marinho, a mesma preocupação se aplica aos trabalhadores de sistemas de produção submetidos a metas muito elevadas. “Aumenta o risco de acidentes, aumenta o risco de outras doenças que a gente chama de psicossomáticas, como úlcera no estômago, pressão alta, problema de coração. Tudo isso tem um aumento nas empresas que demonstram excesso de riscos psicossociais.” Segundo o auditor-fiscal, as empresas já deveriam desenvolver por conta própria programas voltados ao alívio da tensão e da pressão no trabalho e ao controle da violência contra os trabalhadores. Agora, por obrigação legal, com a vigência da NR-1, o Ministério do Trabalho passa a ter uma ferramenta para multar as empresas que não tenham programas nessa área, quando as sanções entrarem em vigor. Uma empresa onde tenha ocorrido um suicídio que pudesse estar relacionado ao trabalho, por exemplo, deverá ter algum programa específico para tentar identificar a origem do problema e as medidas que poderiam ter evitado o episódio. “Em alguns casos, recebem uma notificação para dar um prazo de pagamento. Pode também haver negociação de alguma situação que está sendo resolvida. Às vezes, a negociação é com o sindicato; às vezes, é uma negociação coletiva. Mas a obrigação do fiscal é verificar o cumprimento da lei. Se não estiver sendo cumprida, ele deve atuar com o poder de polícia, no caso a fiscalização”, explica Marinho. Não há um valor específico para o descumprimento das normas relacionadas à saúde mental e aos fatores de risco psicossociais. A penalidade integra o rol geral de multas do Ministério do Trabalho, com valores definidos de acordo com o tamanho da empresa, a gravidade da situação e o número de empregados. Marinho reconhece que são multas relativamente baixas, mas afirma que o valor pode aumentar caso a empresa receba várias penalidades. Por enquanto, a fiscalização deve priorizar orientação, instrução e notificação das organizações sobre a necessidade de adequação. Com a entrada em vigor da norma, constatado o descumprimento das obrigações, poderão ser adotadas as medidas administrativas cabíveis. De acordo com as orientações do Ministério do Trabalho e Emprego, não existe um único questionário ou metodologia obrigatória para todas as organizações. A avaliação deve considerar a realidade de cada ambiente e estar integrada ao processo de Gerenciamento de Riscos Ocupacionais, observando também as demais normas vigentes.	Agência Brasil	direitos-humanos	False
https://agenciabrasil.ebc.com.br/direitos-humanos/noticia/2026-08/mais-de-3-milhoes-com-beneficios-federais-sao-bloqueados-em-bets	2026-08-21	Mais de 3 milhões com benefícios federais são bloqueados em bets	Objetivo é proteger população vulnerável das apostas online	Mais de 3 milhões de beneficiários de programas sociais federais, como o Bolsa Família, já foram impedidos de abrir ou manter contas em sites autorizados a explorar, no Brasil, as apostas de quota fixa, as chamadas bets. Segundo a Secretaria de Comunicação Social (Secom), da Presidência da República, o bloqueio se tornou possível graças a uma funcionalidade do Sistema de Gestão de Apostas (Sigap) , implementada em outubro de 2025. Entre os impedidos, estão beneficiários dos seguintes programas: O Módulo Impedidos foi desenvolvido pelo Serviço Federal de Processamento de Dados (Serpro), atendendo a uma decisão do Supremo Tribunal Federal (STF). Em novembro de 2024, o STF determinou que o governo federal adotasse medidas para impedir o uso de recursos de programas sociais em apostas on-line, para evitar “impactos negativos sobre o orçamento das famílias e a saúde mental, especialmente de pessoas em situação de vulnerabilidade”. O Sigap é uma plataforma tecnológica que permite a regulação, o monitoramento e a fiscalização do mercado de apostas no país. Capaz de processar cerca de 500 milhões de registros diários, o sistema já acumula mais de 5 milhões de arquivos operacionais em sua base de dados. Segundo a Secom, é a partir das informações reunidas pelo Sigap que as empresas licenciadas identificam os usuários impedidos de se cadastrar ou de manter uma conta já cadastrada nas plataformas de apostas. A verificação automática é feita em tempo real, no âmbito do Módulo Impedidos, por cruzamento entre o CPF e outras informações fornecidas pelo usuário. Quando o impedimento é identificado em conta já existente, a plataforma tem até três dias para encerrá-la e devolver ao usuário todo o saldo disponível. A decisão de negar cadastro ou encerrar conta é da própria operadora. Não há intervenção manual nesse processo e o bloqueio não gera nenhuma outra penalidade ao usuário ou às empresas. *Com informações da Secretaria de Comunicação Social (Secom), da Presidência da República.	Agência Brasil	direitos-humanos	False
https://agenciabrasil.ebc.com.br/direitos-humanos/noticia/2026-08/presidente-do-stm-defende-justica-comum-em-caso-de-violencia-domestica	2026-08-24	Presidente do STM defende justiça comum em caso de violência doméstica	Maria Elizabeth diz que varas especializadas oferecem melhor proteção	A presidente do Superior Tribunal Militar (STM), ministra Maria Elizabeth Rocha, defendeu nesta segunda-feira (24) que casos de violência doméstica envolvendo militares em âmbito federal sejam julgados pela Justiça comum, e não pela Justiça Militar . A defesa foi feita durante evento da Ordem dos Advogados do Brasil (OAB), seção Rio de Janeiro, na Escola Superior da Advocacia, em debate pelos 20 anos da Lei Maria da Penha. De acordo com a ministra, o fato de as mulheres integrarem as Forças Armadas não elimina a possibilidade de serem vítimas de agressões praticadas por companheiros dentro de casa. Para Maria Elizabeth, as varas especializadas em violência doméstica oferecem instrumentos de proteção que não estão disponíveis no âmbito da Justiça Militar. “A vara de violência doméstica dá à mulher uma série de garantias que nós, na Justiça Militar, não podemos dar, exatamente por sermos um foro eminentemente criminal”, afirmou a presidente do STM. Ela destacou que a Justiça Militar, por exemplo, não pode aplicar medidas protetivas de natureza cível. A presidente da OAB-RJ, Ana Tereza Basilio, destacou no evento a importância da participação da ministra do STM no encontro e a classificou como uma referência na defesa dos direitos humanos. O encontro discutiu os avanços conquistados ao longo de duas décadas da Lei Maria da Penha e os desafios para ampliar a efetividade da proteção às mulheres vítimas de violência. Durante a programação, foram lançados os livros 20 anos da Lei Maria da Penha: da Conquista Normativa aos Desafios da Efetividade, obra coletiva escrita por mulheres, e Curso de Direitos Humanos, de Sidney Guerra.	Agência Brasil	direitos-humanos	False
https://agenciabrasil.ebc.com.br/direitos-humanos/noticia/2026-08/quatro-envolvidos-na-morte-de-ciclista-espancado-no-rj-estao-presos	2026-08-21	Quatro envolvidos na morte de ciclista espancado no RJ estão presos	Acusados são seguranças e entregadores de aplicativo	Os quatro homens envolvidos no espancamento que levou à morte de um ciclista na capital fluminense estão presos, conforme nota do governo estadual. Os acusados são: os seguranças Davi Santos Machado e Jorge Luiz Ricardo Dias; e os entregadores por aplicativo Felipe Eduardo dos Santos Silva, 23 anos, e Ailton José da Silva, de 24 anos. O último se apresentou à polícia nesta sexta-feira (21). Um outro entregador é investigado também, pois aparece nas imagens de câmeras de segurança desferindo um chute na cabeça da vítima. Ele ainda não foi identificado e está foragido. Cláudio Rafael Landeiro Moreira, de 37 anos, saiu de casa, em Botafogo, às 22h30 da noite do último dia 11, para um passeio de bicicleta, como fazia habitualmente, segundo a família. A Ele parou na Rua Barata Ribeiro e foi abordado pelo segurança de rua, Davi Santos Machado, que suspeitava que Cláudio Rafael teria roubado a bicicleta. Ele passou a ser interrogado pelo segurança e os entregadores de aplicativo que estavam em bicicletas. Por sofrer de transtornos psicológicos, Cláudio Rafael não conseguiu responder que a bicicleta pertencia a irmã. Davi Machado agrediu a vítima com a primeira paulada. O outro segurança, Jorge Luiz, puxou a bicicleta de Cláudio Rafael. A vítima continuou sendo agredida com pauladas e chutes pelo grupo. O ciclista saiu andando e sentou-se na portaria de um prédio, porém continuou sendo espancado. Segundo a polícia, imagens das câmeras de segurança mostram que Cláudio Rafael levou 57 golpes com porrete desferidos por Davi, a maioria na cabeça, além de chutes e ter sido pisoteado na cabeça e em outras partes do corpo. Após o espancamento, os agressores foram embora e a vítima permaneceu deitada no chão. Os bombeiros chegaram cerca de 30 minutos depois. Cláudio Rafael Moreira foi levado para o Hospital Miguel Couto. Ele não resistiu aos ferimentos e morreu na madrugada do dia 12. O laudo do Instituto Médico Legal (IML) descreve que a causa da morte foi traumatismo craniano encefálico, lesões no baço e no rim esquerdo.	Agência Brasil	direitos-humanos	False
https://agenciabrasil.ebc.com.br/direitos-humanos/noticia/2026-08/bets-quatro-em-cada-dez-mulheres-apostam-ou-ja-apostaram-online	2026-08-17	Bets: quatro em cada dez mulheres apostam ou já apostaram online	Pesquisa que traçou perfil de apostadoras no Brasil foi divulgada hoje	"Quatro em cada dez mulheres brasileiras (42%) já jogaram ou continuam jogando em plataformas de apostas online , sendo que 20% apostam atualmente (com frequências variadas) e outras 22% já apostaram, mas não apostam mais. Dentre 58% das mulheres que nunca apostaram, 12% são afetadas por parentes ou amigos que apostam. Somadas, mais da metade das mulheres no Brasil (54%) sente o efeito direto das bets , sendo apostadoras ou não. Os dados são da pesquisa Mulheres e Bets: o Custo das Apostas Online para as Brasileiras e suas Famílias , conduzida pelo estúdio Clarice, Estratégia Latina e Instituto Ideia e divulgada nesta segunda-feira (17). A fundadora e diretora do estúdio Clarice, Beatriz Della Costa, explica que essa é a primeira pesquisa sobre o impacto das bets que traz a perspectiva não somente da apostadora, mas de quem é afetado por quem aposta. Ela enfatiza que as experiências colocadas lado a lado conseguem dar uma visão mais completa da crise: ""O impacto das bets vai muito além da crise financeira e afeta as estruturas familiares. Essa análise mostra que é possível pensar não apenas na contenção da crise, mas na prevenção da mesma."" O levantamento inédito mostra também que as mulheres com filhos apostam cerca de 1,6 vez mais do que mulheres sem filhos (72% das apostadoras têm filhos). No recorte racial, 45% das mulheres autodeclaradas pardas afirmaram que apostam ou já apostaram; 39% são brancas e 37%, mulheres pretas. Um dos achados da pesquisa é sobre as diferenças de gênero dos apostadores: para o apostador homem, ter filhos atenua o julgamento. Já para a apostadora, é o contrário: com filhos, ela é mais culpada e mais questionada como provedora. Para a cientista social Beatriz Della Costa, esse é um sintoma dos papéis sociais historicamente atribuídos a homens e mulheres. ""O homem é visto como alguém que está tentando sustentar a família – esse é um papel honrável que, em alguma medida, o redime. A mulher, por outro lado, sofre uma cobrança social muito maior enquanto gestora do lar: o papel fundamental atribuído a ela pela sociedade é o do cuidado, e por isso ela sofre um julgamento muito maior quando não cumpre a função designada."" Os relatos das apostadoras confirmam a dinâmica para jogar: elas apostam sozinhas e escondem o jogo dos parentes por vergonha. O segredo gera culpa ao mesmo tempo em que coloca em risco as relações mais fundamentais. Entre as apostadoras, 30% delas costumam jogar mais à noite ou de madrugada do que em qualquer outro momento do dia, contra 20% homens. Entre os entrevistados, 15% dos brasileiros acreditam que alguém que mora com eles faz apostas online , mas não conta a ninguém e faz dívidas escondidas. A pesquisa revela que, para a mulher, a aposta nasce menos como lazer ou entretenimento e mais como uma estratégia de administração financeira e sobrevivência doméstica para cobrir despesas essenciais , por exemplo pagar boletos, comprar comida ou itens para os filhos. A especialista em mulheres e poder explica que as apostadoras não estão correndo atrás de uma vida luxuosa. ""Elas querem viver com um pouco mais de dignidade: para além das necessidades imediatas, querem levar os filhos ao cinema, pedir um delivery e pagar o material escolar sem se preocupar com a conta de luz no final do mês."" As apostas online se infiltraram nos lares brasileiros com a fama de renda fácil. Segundo Della Costa, as plataformas atuam em duas frentes. Primeiramente, tentam seduzir pela promessa de vida digna - a conta paga, a mesa farta, o presente para os  filhos. Ao mesmo tempo que as apostas se associam ao dever do cuidado, papel historicamente atribuído às mulheres. ""O desejo de cuidar da família e prover para os filhos é o mais explorado pelas [casas de] apostas."" Por lei, as apostas são proibidas para menores de 18 anos no Brasil. Mas, as apostas chegam a crianças e adolescentes por influência de fora de casa — amigos, escola, redes sociais — ou, em alguns casos, pelas próprias mães, para quem jogar junto pode ser vivido como companhia e vigilância. Os dados da pesquisa identificaram que burlar a regra dos 18 anos passa, quase sempre, pelo uso do Cadastro de Pessoa Física (CPF) de um adulto da casa, com ou sem consentimento. O jogo é encarado pela apostadora como estratégia de investimento. Em alguns casos, o envolvimento é tão intenso que a aposta passa a ser encarada como trabalho. O estudo descobriu que as casas de apostas online conseguiram incutir a ideia de que existem macetes e estratégias para vencer jogos de azar, inclusive em cassinos online . Essa ideia falsa influencia a percepção das apostadoras, pois 25% das mulheres (e cerca de 40% das apostadoras frequentes) acreditam que é preciso ""habilidade ou expertise"" para vencer as apostas. Por esse motivo, elas buscam se especializar. A diretora do estúdio Clarice defende que, para desmistificar essa ilusão é preciso restringir a publicidade sobre as apostas online. ""Cursos, coaches e conteúdos com dicas e macetes precisam ser veementemente banidos. As restrições aos jogos de cassino online , que ainda são permeados pela ilusão da 'habilidade' e que concentram a maior parte das apostadoras, também devem ser consideradas"", diz Della Costa. Para 67% das entrevistadas, as apostas estão acabando com as famílias brasileiras (ante 59% dos homens). Além da perda financeira, eles percebem que os jogos levam para dentro de casa brigas, agressões, mentiras e o adoecimento mental: 23% dos brasileiros presenciaram ou conhecem alguma situação em que as apostas contribuíram para casos de violência dentro das famílias. Nas entrevistas, as mulheres impactadas por um familiar apostador são as que mais percebem a violência. Falam de comportamentos agressivos, xingamentos e perda de controle quando os companheiros perdem. Outra parte diz ter filhos endividados com agiotas e a sensação de insegurança que passa a acompanhar a família. Entre os efeitos declarados pelas impactadas na própria vida ou na família: Entre os impactados, 40% acreditam que as apostas online afetam a capacidade da pessoa viciada em relação a trabalhar ou gerar renda (36% entre as mulheres e 45% entre os homens). Quando questionadas se alguma vez pegou dinheiro emprestado para fazer apostas online, 7% das mulheres apostadoras declaram ter pegado dinheiro emprestado com agiotas. E 8% das mulheres impactadas declaram que elas próprias ou alguém próximo precisou fazer empréstimo com agiotas, como os filhos endividados, o que aumentou a sensação de insegurança nos lares das brasileiras. Entre as apostadoras, cerca de metade (49%) jogam em cassinos online (como roleta, Tigrinho e caça-níquel) e 29% em jogos de sorte instantânea ( crash games como Aviator ou raspadinhas), 26% em bets de futebol, com atrativos pelo resultado e ciclo imediatos de ganho ou perda. O estudo identifica que as plataformas capturam o imaginário feminino por três meios: A pesquisa apurou que 72% das mulheres acreditam que a publicidade das apostas contribui para que as pessoas apostem mais do que deveriam. Entre as entrevistadas, 79% das mulheres afirmam que as redes sociais passaram a mostrar mais conteúdos de apostas depois de seu primeiro acesso às plataformas. Quem aposta com mais frequência percebe mais (82,2%) do que quem aposta raramente (73,2%). A percepção das entrevistadas é de que quanto mais alta é a classe social, maior a percepção do aumento de conteúdo de apostas. O Brasil tem forte apoio à proibição das apostas. As mulheres são as que mais cobram uma solução para o problema: 62% defendem a proibição dos jogos online no país ante 50% dos homens. A posição que se mantém majoritária independente do viés político. ""Isso sinaliza aos políticos que existe apetite na opinião pública por medidas de combate às bets"", diz a coordenadora do estudo A conclusão da pesquisa traz diretrizes em três eixos de combate às bets: Na opinião dos entrevistados, 45% aprovam o bloqueio do Pix em apostas para quem recebe benefícios sociais e 32% teriam interesse em um canal anônimo de apoio. Esse índice sobe para 57% entre quem aposta com frequência. Em relação à publicidade, 41% das mulheres concordam que  as casas de apostas online podem continuar operando no Brasil, mas devem ser proibidas de fazer propaganda. Entre os homens, o percentual é maior (47%). Saiba mais sobre a pesquisa no Repórter Brasil Tarde, da TV Brasil O relatório foi feito a partir de estudos qualitativos e quantitativos (para mensurar o tamanho do fenômeno em números nacionais) realizados em junho e agosto de 2026. As entrevistas qualitativas ouviram 60 pessoas, sobretudo mulheres de 18 a 58 anos, das classes C, D e E, residentes em São Paulo, Rio de Janeiro, Minas Gerais, Bahia, Ceará, Paraíba, Pernambuco e Sergipe. Na enquete quantitativa, foram ouvidos 2.008 homens e mulheres em todo o país, de acordo com a distribuição da população contada no Censo demográfico de 2022 e na Pesquisa Nacional por Amostra de Domicílios (PNAD) 2025, ambos do Instituto Brasileiro de Geografia e Estatística (IBGE)."	Agência Brasil	direitos-humanos	False
https://agenciabrasil.ebc.com.br/direitos-humanos/noticia/2026-08/dia-nacional-do-orgulho-lesbico-e-celebrado-nesta-quarta-feira	2026-08-19	Dia Nacional do Orgulho Lésbico é celebrado nesta quarta-feira	Iniciativa homenagia mobilização ocorrida há 43 anos em um bar de SP	O Dia Nacional do Orgulho Lésbico é celebrado nesta quarta-feira (19) . A data foi instituída com o objetivo de combater a lesbofobia – o preconceito, a rejeição ou o ódio contra mulheres lésbicas –, a violência com base em orientação sexual e identidade de gênero e também pela luta para conquistar direitos. A iniciativa homenageia a mobilização do dia 19 de agosto de 1983, no Ferro’s Bar, no centro de São Paulo, quando mulheres lésbicas se recusaram a aceitar a discriminação e a violência dentro de um espaço e se levantaram contra a censura e a tentativa de silenciamento no local. Neste dia, há 43 anos, a administração do espaço proibiu a venda e circulação do boletim Chana com Chana , produzida pelo Grupo Ação Lésbica Feminista (Galf) – coletivo que existiu de 1981 a 1990. O chamado Levante do Ferro’s Bar tornou-se um marco da resistência lésbica brasileira por liberdade de expressão e direitos. Esta foi a primeira manifestação organizada por lésbicas contra a discriminação, realizada em plena ditadura militar. Elas também reivindicaram o direito civil de existir, falar, circular e se organizar. Entre as protagonistas da ocupação do espaço estava a ativista brasileira Rosely Roth (1959-1990 - imagem em destaque), considerada uma das pioneiras do movimento lésbico brasileiro. A publicação Chana com Chana foi o primeiro periódico brasileiro voltado exclusivamente para o público lésbico , criado em janeiro de 1981, em São Paulo. Ao todo foram publicadas 13 edições até 1987. O boletim da imprensa alternativa trazia em suas páginas entrevistas e textos focados em política, artes e na luta por diretos civis de lésbicas , pela visibilidade da população LGBTQIAPN+ (lésbicas, gays, bissexuais, transgêneros/travestis, queer, intersexo, assexuais, pansexuais, não-binários, o + é para outras identidades de gênero). No Brasil, agosto é também chamado de Mês da Visibilidade Lésbica por ter duas datas de comemoração e marca um período de debates sobre direitos. Além do Dia Nacional do Orgulho Lésbico, há a celebração do Dia da Visibilidade Lésbica, em 29 de agosto. A data foi criada há 30 anos por ativistas brasileiras durante o 1º Seminário Nacional de Lésbicas (Senale), ocorrido em 29 de agosto de 1996, no Rio de Janeiro. Em janeiro de 2003, durante o III Fórum Social Mundial, em Porto Alegre, ativistas lésbicas do Brasil, da América Latina e do Caribe aprovaram a incorporação de símbolos de lésbicas na tradicional bandeira arco-íris do movimento LGBT. O objetivo é promover a visibilidade à luta deste grupo pela garantia de direitos. A representatividade lésbica na bandeira é marcada por: Caso de discriminação, violências e outros desrespeitos aos diretos de pessoas LGBTQIAPN+ devem ser denunciados no Disque Direitos Humanos, o Disque 100. O serviço do Ministério dos Direitos Humanos e da Cidadania (MDHC) funciona diariamente, 24 horas, por dia, incluindo sábados, domingos e feriados. O atendimento é imediato e é garantido o sigilo de quem liga. As ligações podem ser feitas de todo o Brasil por meio de discagem direta e gratuita, de qualquer terminal telefônico fixo ou móvel. Basta discar o número 100. Também é possível utilizar o Disque 100 por meio do Telegram, basta digitar “Direitoshumanosbrasil”, na busca do aplicativo. Qualquer cidadão pode reportar algum fato relacionado a violações de direitos humanos, da qual seja vítima ou tenha conhecimento. As denúncias de violações de direitos humanos são registradas e analisadas pela equipe do Disque 100 e, posteriormente, encaminhadas aos órgãos competentes (de proteção, defesa e responsabilização em direitos humanos). Em situações de emergência, a Polícia militar local poderá ser acionada pelo telefone 190.	Agência Brasil	direitos-humanos	False
https://agenciabrasil.ebc.com.br/direitos-humanos/noticia/2026-08/lesbicas-cobram-saude-integral-trabalho-digno-e-fim-de-violencias	2026-08-19	Lésbicas cobram saúde integral, trabalho digno e fim de violências	Nesta quarta-feira (19), é lembrado o Dia Nacional do Orgulho Lésbico	"Praticamente oito em cada dez mulheres lésbicas enfrentam diversos tipos de violência cotidianamente, como mostra o LesboCenso Nacional: Mapeamento de Vivências Lésbicas no Brasil , realizado pela Liga Brasileira de Lésbicas e pela Coturno de Vênus (Associação Lésbica Feminista de Brasília) e divulgado ainda em 2022. A lesbofobia ocupa a segunda posição em registros de violências, e o assédio moral e o sexual estão entre as formas mais recorrentes, de acordo com o levantamento. Para marcar o combate à lesbofobia (preconceito, ódio ou discriminação contra mulheres que se relacionam com outras mulheres), o Dia Nacional do Orgulho Lésbico é lembrado nesta quarta-feira (19) no Brasil. O 19 de agosto simboliza, também, a luta pela visibilidade desse público e por avanços de direitos. Para analisar as principais reivindicações, avanços e desafios dessa agenda social e econômica, a Agência Brasil entrevistou a assistente social Michele Seixas, coordenadora política nacional na Articulação Brasileira de Lésbicas (ABL). Entre as prioridades listadas pela ativista social, está a busca por uma saúde integral de qualidade e por oportunidades para lésbicas no mercado de trabalho. A militante defende o atendimento qualificado no Sistema único de Saúde (SUS), para atender às especificidades de todos os corpos lésbicos, com profissionais de saúde capacitados. “A saúde é um gargalo para a população lésbica. Deparamo-nos com uma saúde que vem sendo invisibilizada e violada há muitos anos para nós.” Michele Seixas lamenta que as lésbicas ainda sofram com o senso comum de preconceito e, nos atendimentos em saúde, exista um fundamentalismo religioso somado à falta de formação continuada em educação permanente em saúde. Apesar do despreparo existente nos serviços de saúde ressaltado por Michele, ela cita que alguns municípios brasileiros até oferecem aulas online sobre a temática, mas a participação dos profissionais de saúde é voluntária e, na maior parte das vezes, ocorre em número reduzido. Outro ponto exigido pelo movimento lésbico é que a entrevista clínica realizada por um profissional de saúde no início de um atendimento colete, obrigatoriamente, a informação de orientação sexual do paciente, a fim de direcionar o cuidado clínico adequado. “Há alguns anos, não era obrigatório marcar raça/cor, durante a anamnese. Agora é. E precisa ser obrigatório preencher o quesito orientação sexual. Isso vai determinar como será o atendimento em saúde daquela lésbica.” Ao falar de direitos reprodutivos, Michele conclui que a Política de Planejamento Familiar no Brasil não assiste as lésbicas. Uma das reivindicações é que elas tenham acesso à dupla maternidade por via de reprodução humana. “Toda mulher deve ter o direito de escolher ser ou não mãe. Mas, quando as lésbicas chegam a uma clínica da família, os próprios funcionários dizem que não sabem o que fazer conosco em pleno 2026”, critica. Segundo Michele, na maioria das vezes, o direito de formar uma família fica restrito àquelas que tem melhores condições econômicas. Outro ponto crítico é a falta de reconhecimento e de cadastramento de arranjos familiares de lésbicas nos programas da Política Nacional de Assistência Social (PNAS). “Famílias lésbico-afetivas não são reconhecidas como tal. Então, estas não são contabilizadas dentro da Política de Assistência Social no Brasil”, constata a representante da Articulação Brasileira de Lésbicas (ABL). A lesbofobia também pauta a falta de acesso a postos de trabalho dignos que poderiam combater a vulnerabilidade social e a informalidade das mulheres lésbicas. Michele Seixas, que também é especialista em direitos humanos, gênero e sexualidade no Departamento de Direitos Humanos, Saúde e Diversidade Cultural da Escola Nacional de Saúde Pública Sergio Arouca, da Fundação Oswaldo Cruz (Fiocruz), aponta que as lésbicas que adotam uma identidade que desafia os padrões de gênero e o conceito de feminilidade passam por um processo de exclusão maior. A rejeição à não conformidade de gênero recai com mais força nas lésbicas classificadas como desfeminilizadas (o termo abreviado é desfem). “Lésbicas desfems, lésbicas caminhoneiras, lésbicas que não performam a feminilidade dos colonizadores tendem a passar por um processo de exclusão do mercado de trabalho”, aponta. Michele relata casos de mulheres lésbicas que, para conseguir uma vaga de emprego, se ajustam para performar uma feminilidade padrão – usando maquiagem e roupas que não utilizam no dia a dia –, pois a não conformidade com esse estereótipo resulta em exclusão nos processos seletivos. “Ela [a mulher lésbica] vive ainda uma vida totalmente escondida no trabalho. É sempre aquela solteira que não tem ninguém, porque ela não pode dizer, simplesmente, que é sapatão, que é casada ou namora [outra mulher]. Isso ainda perpassa nos nossos cotidianos.” A especialista aponta a relação entre a lesbofobia e o racismo, pois a situação no ambiente de trabalho piora se essas mulheres lésbicas são negras. O Brasil convive com a falta de estatísticas sobre mulheres lésbicas, o que limita a formulação de políticas públicas direcionadas à proteção de mulheres lésbicas. Os únicos dados nacionais de referência permanecem restritos a levantamentos independentes. A estudiosa menciona o Dossiê do Lesbocídio (com dados de 2014 a 2017) produzido pelo Núcleo de Inclusão Social (NIS), vinculado à Universidade Federal do Rio de Janeiro (UFRJ) e do Nós: Dissidências Feministas. Em nível nacional, Michele relata ainda a primeira fase do Lesbocenso, divulgado em 2022. A segunda fase do mapeamento sociodemográfico das vivências de lésbicas e sapatão do Brasil está em andamento . A iniciativa é da Coturno de Vênus (Associação Lésbica Feminista de Brasília) e da Liga Brasileira de Lésbicas (LBL). “Infelizmente, nós não temos dados produzidos pelo Estado sobre essas violências sobre os nossos corpos”, lamentou Michele. Embora existam avanços, Michele contabiliza que estes decorrem de vitórias de toda a comunidade LGBTQIA+, como a adoção de filhos por casais homoafetivos e o casamento entre pessoas do mesmo sexo, garantido em todo o Brasil desde 2013. Porém, não há marcos exclusivos da pauta lésbica. ""Conquista só nossa? Ainda nós não tivemos essa felicidade."" Casos de violências contra pessoas LGBTQIAPN+ podem ser denunciados no Disque Direitos Humanos, o Disque 100. O serviço do Ministério dos Direitos Humanos e da Cidadania (MDHC) funciona diariamente, 24 horas por dia, incluindo sábados, domingos e feriados. O atendimento é imediato. As denúncias de violações de direitos humanos são registradas e analisadas pela equipe do Disque 100 e, posteriormente, encaminhadas aos órgãos competentes (de proteção, defesa e responsabilização em direitos humanos). Em situações de emergência, a Polícia Militar local deve ser acionada pelo telefone 190."	Agência Brasil	direitos-humanos	False
https://agenciabrasil.ebc.com.br/direitos-humanos/noticia/2026-08/mobilizacao-nacional-coleta-dna-de-parentes-de-desaparecidos	2026-08-24	Mobilização nacional coleta DNA de parentes de desaparecidos	Material pode ajudar na identificação e solução dos casos	O Ministério da Justiça e Segurança Pública e os institutos de perícia federal e estaduais iniciaram, nesta segunda-feira (24), a quarta Mobilização Nacional de Coleta de DNA de Familiares de Pessoas Desaparecidas. A campanha busca incentivar os parentes de pessoas desaparecidas a doarem amostras de material genético (DNA) que possa ajudar na identificação e localização de pessoas declaradas desaparecidas . Quem já doou o material anteriormente não precisa repetir o procedimento. A mobilização se estenderá até a próxima sexta-feira (28) em 342 postos de coleta em todas as unidades da federação – inclusive no próprio Palácio da Justiça, edifício-sede do ministério, em Brasília (DF). Apesar disso, a doação pode ser feita a qualquer momento, em laboratórios ou institutos de perícia aptos a coletarem o material genético, e independentemente do tempo que a pessoa procurada estiver sumida . Os interessados devem se dirigir a um dos postos de coleta portando seu documento de identificação e, se possível, uma cópia do Boletim de Ocorrência (BO) do desaparecimento, ou informações a respeito deste (número do registro; delegacia, estado de registro etc). Confira mais informações sobre o assunto no Repórter Brasil , da TV Brasil O Ministério da Justiça e Segurança Pública recomenda que a doação seja feita por parentes de primeiro grau da pessoa desaparecida. De preferência, na seguinte ordem: pai ou mãe biológicos; filhos biológicos e o outro genitor, e, por fim, irmãos biológicos – filhos do mesmo pai e da mesma mãe. Crianças também podem doar material genético, desde acompanhadas pelo responsável legal. A doação pode ser feita em qualquer ponto de coleta oficial, independentemente da região onde a pessoa tenha desaparecido. O procedimento é simples, podendo ser feito de duas formas: passando um cotonete no interior da boca do doador ou colhendo uma gota de seu sangue, tirada de seu dedo . O material genético coletado só pode ser usado com o propósito de identificar pessoas desaparecidas. O DNA dos familiares é comparado com o de pessoas não identificadas (vivas ou falecidas) cadastrado nos bancos de DNA. Se o resultado apontar o parentesco, peritos elaborarão um laudo oficial que será encaminhado à delegacia responsável pelo caso, cuja equipe entrará em contato com a família.	Agência Brasil	direitos-humanos	False
https://agenciabrasil.ebc.com.br/direitos-humanos/noticia/2026-08/terremoto-brasil-doara-10-toneladas-de-arroz-colombia	2026-08-18	Terremoto: Brasil doará 10 toneladas de arroz à Colômbia	Grãos fazem parte do Programa de Aquisição de Alimentos (PAA)	O Brasil vai doar até 10 toneladas de arroz à Colômbia , depois de o país ser atingido por terremoto de magnitude 7,4 na escala Richter em 10 de agosto. Os grãos fazem parte do Programa de Aquisição de Alimentos (PAA) . De acordo com a autorização publicada no Diário Oficial da União desta terça-feira (18), os alimentos serão destinados ao país vizinho como parte de uma ação de assistência humanitária internacional. A Companhia Nacional de Abastecimento (Conab) ficará responsável por operacionalizar o repasse. O Ministério do Desenvolvimento e Assistência Social, Família e Combate à Fome (MDS) e o Ministério das Relações Exteriores (MRE) coordenarão a iniciativa. O Programa de Aquisição de Alimentos (PAA) é uma política pública voltada à compra de produtos da agricultura familiar para abastecimento de instituições e ações de segurança alimentar. A autorização excepcional permite que alimentos adquiridos pelo programa sejam destinados à cooperação humanitária internacional.	Agência Brasil	direitos-humanos	False
https://agenciabrasil.ebc.com.br/direitos-humanos/noticia/2026-08/entidades-publicam-carta-em-defesa-da-suspensao-de-lives-no-discord	2026-08-18	Entidades publicam carta em defesa da suspensão de lives no Discord	Medida faz valer dever de prevenção previsto no ECA Digital, diz texto	"A decisão da Agência Nacional de Proteção de Dados (ANPD) que suspendeu temporariamente a funcionalidade de transmissão ao vivo no aplicativo Discord foi classificada como medida equilibrada e que atende aos preceitos do ECA Digital , em abaixo-assinado divulgado nesta terça-feira (18) por um grupo de 67 entidades da sociedade civil. "" A medida é proporcional ao risco identificado, restringe temporariamente uma funcionalidade específica, sem bloquear a plataforma ou afetar os demais serviços e condiciona sua retomada à comprovação, pelo Discord, da capacidade de detectar crimes ocorridos em seu espaço virtual e implementar as salvaguardas necessárias"", diz o manifesto. ""Outras diversas funcionalidades permanecem intactas, como a troca de mensagens e a integração com plataformas terceiras para a execução de atividades automatizadas do dia-a-dia de empresas"", acrescenta a manifestação. A sanção foi imposta pela ANPD para frear episódios de violência e de coação de menores de 18 anos de idade, como o que culminou com o suicídio de uma adolescente de 13 anos, moradora de Naviraí (MS), em 22 de julho . A interrupção da possibilidade de os usuários no Brasil transmitirem vídeos no Discord já foi efetivada pela empresa norte-americana , nesta segunda-feira (17). Na carta, as organizações criticam o ambiente de polarização política em torno do assunto e ponderam que a suspensão não foi uma medida isolada, mas se soma a um esforço de investigação que envolve não apenas a ANPD, mas operações da Polícia Civil em ao menos oitos estados que apuram a prática de crimes no Discord e no Telegram. Entre as violações, segundo o Ministério da Justiça e Segurança Pública, estariam o recrutamento de crianças e adolescentes para a prática de crueldade contra animais, ao lado da automutilação e do induzimento ao suicídio. O manifesto observou que poucos dias antes da decisão sobre o Discord, a própria ANPD havia fixado prazo, até 17 de setembro, para que qualquer plataforma com mais de 1 milhão de usuários crianças ou adolescentes no Brasil publique relatórios semestrais detalhando denúncias recebidas, medidas de moderação adotadas e avaliações de risco realizadas. ""A lei exige que a própria plataforma demonstre, de forma contínua e verificável, que está prevenindo riscos conhecidos. No caso do 'Go Live', isso significa que cabe ao Discord comprovar que tem meios de identificar e conter esses problemas antes de retomar a funcionalidade, não à ANPD provar o dano depois que ele acontece"", ressalta a publicação. Entre as entidades signatárias do documento estão a Coalizão Direitos na Rede (CDR), o Instituto Alana, o Comitê Nacional de Enfrentamento à Violência Sexual contra Crianças e Adolescentes, o Conselho Federal de Psicologia (CFP), a SaferNet Brasil, o Instituto Sou da Paz e a Associação de Pesquisadores e Formadores da Área de Criança e do Adolescente (NECA). ""A alternativa encontrada pelo Brasil para atacar o problema da violência online contra crianças e adolescentes aposta em uma abordagem mais ampla de proteção, baseada na prevenção de riscos, na adoção de salvaguardas e na responsabilização dos diferentes atores do ambiente digital, em vez de concentrar a resposta apenas em restrições de acesso associadas à idade. Crianças e adolescentes do Brasil precisam ser protegidos já"", prossegue a carta das organizações da sociedade civil. O texto finaliza reiterando a responsabilidade do Discord em demonstrar, na prática, que é capaz de proteger seus usuários mais jovens na plataforma, e reafirma o papel da ANPD de exigir medidas reais que impeçam violação de direitos de crianças e adolescentes no ambiente digital."	Agência Brasil	direitos-humanos	False
https://agenciabrasil.ebc.com.br/direitos-humanos/noticia/2026-08/rio-de-janeiro-tem-segunda-maior-populacao-de-rua-do-pais	2026-08-19	Rio de Janeiro tem segunda maior população de rua do país	Dia de Luta da População em Situação de Rua é lembrado nesta quarta	No Dia Nacional de Luta da População em Situação de Rua, lembrado nesta quarta-feira (19), o estado do Rio de Janeiro chama a atenção, por reunir 35.406 pessoas registradas nessa condição no Cadastro Único para Programas Sociais (CadÚnico) , o segundo maior número do país. Diante de um cenário de pobreza extrema, pelo rompimento de vínculos familiares e pelas dificuldades de acesso à moradia e ao trabalho, o legislativo local aprovou leis para ampliar o acolhimento, garantir direitos e criar alternativas para a autonomia. Em maio de 2026, o CadÚnico contabilizava 388.855 pessoas em situação de rua no Brasil. São Paulo liderava o ranking nacional, com 159.290 registros. O Rio ocupava a segunda posição, seguido por Minas Gerais, que aparecia em terceiro lugar, com 34.849. A Lei 9.302/21 instituiu a Política Estadual para a População em Situação de Rua . A norma reconhece como população em situação de rua o grupo marcado pela extrema pobreza, pela fragilização ou pelo rompimento dos vínculos familiares e pela inexistência de moradia convencional regular. A legislação garante acesso amplo e simplificado às políticas públicas de saúde, educação, assistência social, moradia, segurança, cultura, esporte, lazer, trabalho e renda. Também prevê a implantação de uma rede de acolhimento temporário, ações de segurança alimentar, qualificação profissional, intermediação de empregos e programas habitacionais acompanhados por equipes multidisciplinares. A medida proíbe qualquer discriminação no atendimento em razão da condição econômica, étnico-racial ou de saúde, inclusive nos casos relacionados ao uso de álcool e outras drogas. Entre os municípios fluminenses, a capital lidera o ranking da população em situação de rua inscrita no CadÚnico. Veja os números: Uma das histórias de superação é a do escritor Leonardo Motta, que viveu nas ruas durante um ano e três meses após enfrentar duas décadas de dependência de álcool e outras drogas. Atualmente, está sóbrio há nove anos, é casado, mora na Ilha de Paquetá e tem três livros publicados. “O que me levou a essa situação foi a dependência química. Usei drogas durante 20 anos, entre álcool, cocaína e crack. Consegui sair das ruas quando aceitei ajuda e fui para uma instituição de tratamento, onde permaneci por sete meses.” Leonardo também é autor da Revista na Calçada, publicação de poesia dedicada a dar visibilidade às experiências da população em situação de rua. Hoje, ele participará de uma atividade na Biblioteca Estadual, na Avenida Presidente Vargas, no centro, para apresentar o trabalho e promover um debate sobre a realidade das ruas. “O conselho que deixo para quem está nessa situação é que aceite ser ajudado. De um lado, existe alguém disposto a ajudar; do outro, é preciso que a pessoa também aceite essa ajuda.”	Agência Brasil	direitos-humanos	False
https://agenciabrasil.ebc.com.br/direitos-humanos/noticia/2026-08/em-13-anos-mg-tirou-56-mil-pessoas-de-trabalho-analogo-escravidao	2026-08-17	Em 13 anos, MG tirou 5,6 mil pessoas de trabalho análogo à escravidão	Universidade federal do estado promove seminário sobre o assunto	"Em 13 anos, de 2013 a 2026, a Superintendência Regional do Trabalho em Minas Gerais (SRTE/MG) resgatou 5.651 pessoas em trabalho análogo ao de escravo. Foram fiscalizadas 1.042 empresas e 43.806 empregados. Nesse período, 4.566 trabalhadores tiveram seus contratos formalizados no curso do ato fiscal, enquanto 7.731 casos de trabalho análogo ao de escravo foram identificados. Os auditores-fiscais do Trabalho lavraram 10.665 autos de infração que resultaram no pagamento de seguro-desemprego para 5.475 trabalhadores. Somente em 2026, foram resgatados 416 trabalhadores em situação análoga à escravidão. O trabalho escravo é um dos temas principais do seminário Entre a Norma e o Real: Desafios e Perspectivas do Mundo do Trabalho , que ocorre nos próximos dias 20 e 21, na Universidade Federal de Minas Gerais (UFMG), em Belo Horizonte. O evento é promovido pela Delegacia Sindical de Minas Gerais do Sindicato Nacional dos Auditores-Fiscais do Trabalho (DS-MG/SINAIT), em parceria com a Clínica de Trabalho Escravo e Tráfico de Pessoas da Faculdade de Direito da UFMG (CTETP/UFMG). O diretor da Delegacia Sindical de Minas Gerais do SINAIT, auditor-fiscal do trabalho Rogério Lopes da Costa Reis contou à Agência Brasil que as empresas fiscalizadas têm prazo administrativo de dez dias para defesa, após o conhecimento do auto de infração, e mais dez dias para apresentar recurso, se a decisão for julgada procedente. No final, ficando caracterizado o trabalho escravo, o nome da empresa passa a figurar, pelo prazo de dois anos, na listagem de empregadores que submeteram trabalhadores a trabalho escravo. E pagam multas também. As multas são administrativas, representadas pelos próprios autos de infração lavrados. Esses autos incluem não só autuações referentes à irregularidade de ter trabalhadores na informalidade, que é a autuação por falta de registro, mas também a autuação por questões da segurança e saúde, como não entrega de equipamentos de proteção individual (EPIs), não fornecimento de banheiro, não fornecimento de água, dependendo de cada caso, disse Costa Reis. Segundo o diretor, às vezes as empresas fazem um termo de ajustamento de conduta, na própria ação, com o Ministério Público do Trabalho (MPT), que também pode definir valores a serem quitados como dano moral individual ao trabalhador, bem como dano moral coletivo. No caso de falta de registro, por exemplo, uma pequena empresa paga multa de R$ 800 para cada trabalhador sem registro. Esse valor sobe para R$ 3 mil por trabalhador sem registro, para uma empresa de maior porte. Pela caracterização de trabalho escravo, porém, a multa é quase irrisória e não chega a R$ 500, disse o auditor-fiscal do Trabalho. Costa Reis adverte, por outro lado, que a empresa autuada e julgada procedente pela caracterização de trabalho escravo sofrerá repercussões negativas da parte das instituições financeiras ao ter seu nome incluído na lista de trabalho escravo. Para ele, o seminário vai aproximar a experiência da fiscalização do debate acadêmico e jurídico. “A legislação estabelece direitos e parâmetros fundamentais para a proteção de quem trabalha, mas a realidade encontrada pelos auditores-fiscais muitas vezes revela situações de extrema vulnerabilidade e violações, demonstrando assim que parte da sociedade está longe de promover a dignidade no mundo do trabalho”. Para Costa Reis, o evento vai aproximar fiscalização, universidade, operadores do Direito e a sociedade para discutir caminhos concretos de enfrentamento dessas violações. De 2013 a 2026, os auditores-fiscais do Trabalho de Minas Gerais libertaram 3.676 pessoas vítimas de tráfico. O auditor Costa Reis esclareceu que as ações tentam sempre evitar que a exploração acabe caracterizando trabalho análogo ao de escravo, além de exploração sexual. “Para ter o tráfico de pessoas, você tem que ter, pelo menos, uma oferta enganosa da coisa. Por exemplo, falam que você pode vir que vai receber tudo. Chega lá, é tudo diferente. O alojamento não é adequado, o contratante começa a cobrar, a pessoa começa a ter dívida. Aí caracteriza esse tráfico”. Os auditores-fiscais enfrentam também resistência da parte de mulheres vítimas de tráfico sexual, que não querem ser caracterizadas como prostitutas. A Auditoria Fiscal do Trabalho vem combatendo o trabalho escravo desde 1995, quando foram realizadas as primeiras ações, que eram centralizadas em Brasília. “Os grupos especiais de trabalho, a análise, a fiscalização móvel eram todos gerenciados, planejados e executados pelo órgão central, na capital federal”. Minas Gerais foi o primeiro estado do Brasil a ter uma equipe específica de combate ao trabalho análogo ao de escravo, o que ocorreu a partir de 2013. Costa Reis afirmou que, por isso, Minas Gerais sempre apresenta os maiores números frente aos demais estados brasileiros, “porque a gente tem uma grande experiência nesse período todo”. A auditoria adquiriu procedimentos a serem usados nas operações, porque não se trata de uma fiscalização normal. ""Você tem que ir com proteção policial, porque nós já tivemos casos de colegas que foram assassinados em Unaí. Então, a gente sempre toma toda precaução para fazer essa fiscalização. Às vezes, há muita resistência da parte do empregador e, também, até do trabalhador pela caracterização de trabalho escravo”, explicou. A Chacina de Unaí ocorreu em 28 de janeiro de 2004, quando três auditores-fiscais do trabalho e um motorista do Ministério do Trabalho foram assassinados em uma emboscada na zona rural de Unaí (MG) durante fiscalização de combate ao trabalho escravo. Pela instrução normativa, os auditores-fiscais do Trabalho são obrigados a fazer a comunicação ao empregador de que tem que paralisar as atividades dos trabalhadores que estão na condição de trabalho análogo ao de escravo, fazer o acerto dos contratos de trabalho, se eles estiverem na informalidade, e efetuar o pagamento das rescisões contratuais , como se fosse demissão sem justa causa. “Porque o trabalhador não tem culpa da situação em que ele foi encontrado. A culpa é toda do empregador e ele deve ser responsabilizado por isso. Na conversa com esses empregadores, eles sempre falam assim: 'Eu estou fazendo um grande favor por dar emprego para essas pessoas, que não têm condição boa'”. Costa Reis argumenta que as pessoas têm de ter, no mínimo, o marco legal brasileiro de trabalho, que inclui o registro em carteira, a garantia de que a empresa vai fornecer os equipamentos para que o trabalhador realize suas tarefas. “É isso que acontece ainda, não só no meio rural, mas também no meio urbano, como os casos de trabalho escravo doméstico. A pessoa não recebe nenhum salário e, muitas vezes, é impedida até de ter contato com a família”."	Agência Brasil	direitos-humanos	False
https://agenciabrasil.ebc.com.br/direitos-humanos/noticia/2026-08/discord-suspende-lives-para-atender-medidas-determinadas-pela-anpd	2026-08-17	Discord suspende lives para atender medidas determinadas pela ANPD	Suspensão foi determinada após transmissão ao vivo de caso de suicídio	A empresa Discord informou nesta segunda-feira (17) que interrompeu, por tempo indeterminado, a possibilidade dos usuários transmitirem vídeos usando o aplicativo de mesmo nome. A suspensão preventiva da funcionalidade foi determinada pela Agência Nacional de Proteção de Dados (ANPD), no último dia 12. A medida foi imposta para frear episódios de violência e de coação de menores de 18 anos de idade, como o que culminou com o suicídio de uma adolescente de 13 anos, moradora de Naviraí (MS), em 22 de julho. “Em cumprimento à determinação da ANPD, suspendemos os recursos de vídeo do Discord no Brasil”, assegurou a companhia em nota divulgada na tarde desta segunda-feira (17). Hoje terminava o prazo que a agência regulamentadora estabeleceu para a companhia cumprir a determinação. Segundo a empresa, a suspensão das transmissões ao vivo e de compartilhamentos de vídeos não afeta as comunicações por texto e áudio e outros recursos da plataforma. Além disso, a companhia afirma que está “dialogando” com representantes da ANPD em busca de uma solução que lhe permita restabelecer as transmissões de vídeo para os usuários brasileiros. “O vídeo é uma parte importante e muito valorizada da experiência no Discord, permitindo que nossos usuários se comuniquem e criem conexões significativas ao compartilhar experiências, jogar juntos e manter contato com amigos e familiares”, acrescentou o Discord. A empresa classificou a morte da adolescente de Naviraí como “um caso devastador”, resultado de uma “situação muito séria”, uma “campanha coordenada de violência extrema conduzida em múltiplas plataformas” digitais. Conforme a Agência Brasil noticiou, a ANPD determinou que a plataforma suspendesse preventivamente as transmissões ao vivo e os compartilhamentos de vídeos no Brasil após a Superintendência de Fiscalização identificar falhas na proteção aos usuários, principalmente de crianças e adolescentes. “A medida cautelar de suspensão da funcionalidade de lives foi determinada pela Superintendência de Fiscalização em função de evidências robustas de que a empresa não adotou medidas razoáveis para prevenir e mitigar riscos de acesso, exposição, recomendação ou facilitação de contato com conteúdos ou práticas que representem graves violações de direitos de crianças e adolescentes no âmbito do seu serviço”, detalhou a agência reguladora responsável por zelar pela devida proteção de dados pessoais e pela aplicação do do Estatuto Digital da Criança do Adolescente (ECA Digital) . Veja mais detalhes no Repórter Brasil da TV Brasil:	Agência Brasil	direitos-humanos	False
https://agenciabrasil.ebc.com.br/direitos-humanos/noticia/2026-08/busca-por-memoria-e-justica-marca-tres-anos-da-morte-de-mae-bernadete	2026-08-17	Busca por memória e justiça marca três anos da morte de Mãe Bernadete	Missa na Igreja do Bonfim, em Salvador, é celebrada nesta segunda (17)	"Manter a memória e o legado de Mãe Bernadete vivos e também buscar justiça inspiram familiares, amigos e instituições em defesa dos direitos humanos três anos após o assassinato brutal da liderança quilombola . A ativista foi morta com 25 tiros (a maioria no rosto) quando estava no sofá de casa, na comunidade de Pitanga dos Palmares, na cidade de Simões Filho (BA) . Para marcar a data, uma missa no Santuário do Senhor do Bonfim da Bahia, a Igreja do Bonfim, em Salvador (BA), está marcada para esta segunda-feira (17), às 9h. “Acredito que, apesar dos desafios cotidianos, que existem em muitas comunidades quilombolas, a gente tem feito um bom trabalho ao preservar o legado dela”, afirma o neto, Wellington Pacífico, de 25 anos de idade, em entrevista à Agência Brasil . Wellington estava na casa, com mais duas crianças da família, quando a avó foi assassinada. A morte de Bernadete foi a segunda grande perda do rapaz. O pai dele, o também ativista Flávio Pacífico, o Binho, de 36 anos, também foi assassinado no ano de 2017. “São feridas que não foram reparadas. Para a nossa comunidade, é uma dor perder minha avó, perder meu pai e ainda por cima viver, conviver com a impunidade de não haver justiça.” Ele recorda que a avó buscava justiça por Binho. “Apesar dessa injustiça, a gente se esforça para motivar as boas memórias, semear novas expectativas e ressignificar tudo o que aconteceu”. Faz parte dessa ressignificação transformar o luto em luta. “Entendo que eu devo me qualificar cada dia mais para que eu possa ajudar de alguma forma as pessoas.” Wellington, que está no Programa de Proteção aos Defensores de Direitos Humanos (PPDDH) , resolveu ingressar no curso de direito em uma faculdade da Bahia, para lutar por justiça por sua família e pelas comunidades quilombolas no Estado. “Tive minha família destruída, atravessada por tragédias, tendo que se reconstruir a cada dia. Essas vivências me fizeram ter outro olhar para o direito”, afirmou. Ele conta que os acusados pela morte da avó estão presos. Dois dos acusados tiveram julgamento em abril. Arielson da Conceição dos Santos (o executor) foi condenado a mais de 40 anos de prisão e Marílio dos Santos, um dos envolvidos no planejamento do crime, recebeu pena de 29 anos e 9 meses. Outros três acusados aguardam julgamento, que deve ocorrer em outubro, segundo estimativa da família. O processo tramita em segredo, e o Tribunal de Justiça da Bahia não confirmou a data do julgamento. “A gente espera que a justiça seja feita. Toda vez que falarmos da Mãe Bernadete, a gente tem que falar do Binho do Quilombo. Suspeitos foram presos e depois soltos. Eu diria até que há risco de vitimar outras lideranças.” Wellington afirma que é necessário manter esses crimes sob visibilidade no País. “A gente aprende muito quando os holofotes se apagam.” Ainda na intenção de manter o legado de Mãe Bernadete, a família deve promover um novo festival de cultura e arte quilombola. À frente da iniciativa, está o filho dela, Jurandir Pacífico. Ele diz que o legado da mãe e do irmão o inspira a trabalhar em projetos que mobilizem a própria comunidade e também outros quilombos. Ele acrescenta que busca parcerias para os projetos a fim de que nada seja interrompido, como os festivais, os cursos de artesanato e a cozinha solidária. ""Estamos buscando políticas públicas para as comunidades quilombolas”. A ativista Selma Dealdina, da Coordenação Nacional de Articulação das Comunidades Negras Rurais Quilombolas (Conaq) conhecia de perto o trabalho de Mãe Bernadete. Ela estará nesta segunda na missa em homenagem à amiga. Emocionada, ela contextualiza que a brutalidade da morte de Bernadete deixa um recado dolorido. “A gente espera mais do Estado Brasileiro na proteção dos defensores e defensoras de direitos humanos, das lideranças quilombolas que fazem a luta pela terra, que fazem a luta para salvaguardar os territórios.” A Conaq emitiu nota em que exige a responsabilização dos acusados da morte de Bernadete, a segurança das lideranças quilombolas, além da resolução dos conflitos fundiários. ""A violência contra lideranças quilombolas não é um fenômeno isolado. Ela está diretamente relacionada aos conflitos territoriais, às ameaças, à presença de grupos criminosos e à insuficiência das políticas de proteção para defensoras e defensores de direitos humanos"", lembra a entidade. “Lembramos a mulher que cuidava, liderava, ensinava, acolhia e enfrentava as injustiças. carregava a força de sua ancestralidade.” A Conaq acrescenta que Bernadete fez de sua existência uma “trincheira” em defesa de seu povo e que, três anos depois do assassinato, a voz da ativista continua ecoando nos quilombos. “Sua memória está nas mulheres quilombolas que seguem ocupando espaços de decisão, está nas comunidades que resistem às ameaças e lutam pelo direito de existir com dignidade.” Pitanga dos Palmares é uma comunidade quilombola reconhecida pela Fundação Cultural Palmares desde 2005 e descende de uma fazenda-latifúndio falida. A titulação, que pode proteger as terras da especulação imobiliária, está a cargo do  Instituto Nacional de Colonização e Reforma Agrária (Incra). O processo aguarda a desapropriação de terras particulares e de terras do estado da Bahia. A historiadora baiana Valdecir Nascimento, fundadora do Odara - Instituto da Mulher Negra, destaca que as mulheres negras, defensoras de direitos humanos, são vítimas do racismo, da violência doméstica e de outras violações. “As desigualdades no Brasil têm cor e gênero. Esse conjunto de violências nos deixa acuada na luta por garantia de direitos.” O racismo, articulado com o sexismo, mantém as mulheres negras em uma condição de vulnerabilidade. Levantamento da Conaq mostrou que o assassinato de Bernadete não foi isolado. Pelo menos 22 mulheres foram mortas entre 2016 e 2024 e outras 33 foram ameaçadas apenas entre os anos de 2021 e 2023. Somente 12,6% dos mais de 1 milhão de brasileiros quilombolas estão em territórios demarcados. “Precisamos estar seguros no nosso território”, diz Selma Dealdina. Diante da situação, a Conaq apresentou um plano emergencial de proteção de mulheres quilombolas a fim de ser apresentado ao poder público. “Para que as pessoas não sintam medo de fazer a luta pela terra”, defendeu a ativista da Conaq."	Agência Brasil	direitos-humanos	False
https://agenciabrasil.ebc.com.br/direitos-humanos/noticia/2026-08/eventos-em-porto-alegre-se-manifestam-contra-intolerancia-religiosa	2026-08-15	Eventos em Porto Alegre se manifestam contra a intolerância religiosa	Rio Grande do Sul é o estado com mais casos de intolerância no país	A luta contra a intolerância religiosa volta às ruas de Porto Alegre, no Rio Grande do Sul, neste sábado (15), com a Marcha dos Quimbandeiros e o Encontro Internacional de Quimbandeiros. Os dois eventos terão à frente o presidente da Sociedade Beneficente Cultural Oxum e Oxalá, Pai Ricardo de Oxum, babalorixá de destaque nas religiões de matriz africana, que ao lado da Família Yecari do terreiro de batuque da instituição, idealizador da marcha. A marcha, em sua 3ª edição, marcada para as 14h, e o Encontro, na 19ª edição, a partir das 20h, pretendem transformar a cidade em referência nacional e internacional para sacerdotes e praticantes da Quimbanda no Brasil, no Uruguai e na Argentina. Pai Ricardo de Oxum lembra que o encontro surgiu justamente por causa do preconceito no Rio Grande do Sul, que é o estado com maior número de adeptos das religiões de matriz africana, mas também um dos estados com mais casos de intolerância religiosa. “Há 19 anos surgiu o Encontro de Quimbandeiros por causa do preconceito de não se poder andar caracterizado na rua, nem manifestar sua fé nas encruzilhadas. Se acendessem uma vela na esquina, já vinham e te tratavam com racismo e preconceito”, disse à Agência Brasil . Dados do Censo Demográfico 2022 do Instituto Brasileiro de Geografia e Estatística (IBGE), apontam que o Rio Grande do Sul tem o maior percentual de seguidores da umbanda e do candomblé em relação ao total da sua população (3,19%), seguido do Rio de Janeiro (2,58%), São Paulo (1,47%), Bahia (1%) e Distrito Federal (0,85%). O sacerdote disse que o encontro evoluiu ao longo dos anos a ponto de ser descoberto internacionalmente pela Argentina, pelo Uruguai e pelo Chile, onde já foi realizado. De acordo com Pai Ricardo de Oxum, a resistência é bem forte na Argentina. “Lá, o preconceito é descarado. Nos dias de hoje os terreiros quando estão manifestando o seu tambor e um vizinho denuncia que está alto, a polícia chega e tira o tambor e acaba. Não tem discussão”, relatou. “No Uruguai também há intolerância e no Chile a religião é mais fraca. Ela não predomina com tanta força, justamente porque não consegue evoluir por causa dos preconceitos”, avalia. No Rio Grande do Sul, além da umbanda, do candomblé e do batuque, a Quimbanda é uma das mais importantes expressões da espiritualidade afro e tem lugar especial entre as correntes religiosas de matriz africana com fundamentos ancestrais ligados à história da população negra no estado. “Existe o batuqueiro de batuque que veste branco e o quimbandeiro que veste preto com vermelho, que se chamam os Exu e Pomba-Gira. Essas entidades predominam muito em homossexuais e na comunidade LGBTQIA+ e aí surgiu um preconceito decorrente disso”, revelou. “Há um preconceito com os Exus e Pomba-Giras nas manifestações dos terreiros, onde os homens, que eram maioria, recebiam Pomba-Giras e se vestiam de saia e as mulheres calças quando eram incorporadas por Exu”, explicou. A intenção de realizar a marcha é para demonstrar que são entidades que fazem o bem e não escolhem o sexo porque podem se manifestar em qualquer pessoa, explica Pai Ricardo. No ano passado a marcha reuniu cerca de 2 mil pessoas. “É um manifesto na rua com trio elétrico e cantos de pontos de Exu e Pomba-Gira. O pessoal acompanha, muitos com cartazes refutando a intolerância religiosa. Vem gente de vários municípios relatando preconceitos das suas cidades e nos seus terreiros. É um momento de explanar. É para isso que existe”, explicou Pai Ricardo. Pai Ricardo de Oxum acrescentou que as entidades nada mais são do que mensageiros que passaram pela Terra, cada um dentro da sua origem. O malandro da Lapa, as Marias, as prostitutas, os trabalhadores, os médicos, hoje se manifestam com os nomes de Exu e Pomba-Gira que trabalham em um campo astral. Tem Exu que trabalha para o amor, outros para a família. Não tem quem trabalhe para o mal. O mal está na cabeça do ser humano”, esclarece. O Encontro em Porto Alegre será em um espaço doado pela prefeitura da cidade. “Isso é um marco histórico nacional que se chama Rótulo da Quimbanda. É um espaço que a prefeitura doou para colocar o monumento de Exu, que é o primeiro em céu aberto no Brasil. Isso ocorreu há cinco anos”, disse. Entre as principais lideranças do batuque gaúcho, uma das vertentes religiosas de matriz africana e bem representativo no Rio Grande do Sul, Pai Ricardo de Oxum se dedica há mais de três décadas à preservação das tradições afro-brasileiras. Na visão do sacerdote do Terreiro de Batuque, a luta contra a intolerância se torna ainda mais urgente ao se analisar os números do Disque 100, que recebe e encaminha denúncias de desrespeito aos direitos humanos. Conforme a instituição, um levantamento do Ministério dos Direitos Humanos e da Cidadania mostrou que entre janeiro de 2025 e janeiro de 2026, o canal registrou 2.774 denúncias de intolerância religiosa. Quando se trata dos casos com religião da vítima identificada, as de matriz africana estão em maiores números. Na Umbanda são 228 e no Candomblé, 161, o que demonstra racismo religioso estrutural. Pai Ricardo de Oxum apontou a necessidade de desmistificar as figuras de Exu e Pomba-Gira, o que foi feito, por exemplo, no desfile de 2022 da escola de samba Grande Rio, na Marquês de Sapucaí, no Rio de Janeiro. “Esse é o trabalho, botando o povo nas ruas mostrando as coisas que deram certo, relatando os seus milagres e as suas famílias unidas e mostrando que Exu não é diabo. Dentro do nosso panteão africano não existe a palavra diabo”, ressaltou. Nesse desfile da Grande Rio, com o enredo Fala, Majeté! Sete Chaves de Exu, desenvolvido pelos carnavalescos Gabriel Haddad e Leonardo Bora, a figura de Exu foi interpretada pelo ator Demerson D'Alvaro e a vermelho, verde e branco de Duque de Caxias conquistou o primeiro título de sua história no Grupo Especial do Rio de Janeiro. Para ele, o desfile e a dança ajudaram a desmistificar a figura de Exu, ainda visto por muitas pessoas contrárias às religiões de matriz africana, como um ser do mal. “Muitas pessoas conheceram Exu em um desfile de escola de samba, quando se fez uma narrativa que Exu é o orixá mais próximo de nós humanos, por sua singularidade. Não é que só faz o mal ou só faz o bem, ele erra e também acerta. Isso elucida muito para o público quem é Exu”, disse à Agência Brasil . A 3ª Marcha e o 19º Encontro ocorrem quatro meses depois que Pai Ricardo liderou um ato inter-religioso em homenagem a São Jorge, em parceria com a Igreja São Jorge de Porto Alegre.	Agência Brasil	direitos-humanos	False
https://agenciabrasil.ebc.com.br/direitos-humanos/noticia/2026-08/publicacao-lembra-50-anos-do-atentado-sede-da-abi-na-ditadura	2026-08-15	Publicação lembra 50 anos do atentado à sede da ABI na ditadura	Documento destaca importância da imprensa livre no combate à censura	Na próxima quarta-feira (19), um dos atentados que tentaram calar vozes democráticas que lutavam contra a ditadura militar (1964-1985) completa 50 anos: a explosão da bomba no prédio-sede da Associação Brasileira de Imprensa (ABI) , no centro do Rio de Janeiro. Para marcar a data, a instituição lançou neste sábado uma edição especial do Boletim da ABI . A explosão ocorreu no sétimo andar do edifício número 71 da Rua Araújo Porto Alegre. O atentado de 19 de agosto de 1976 destruiu dois banheiros próximo à sala da presidência da entidade. Houve estragos em salas vizinhas, no elevador e em outros dois andares. Ninguém se feriu. A publicação especial é fundamentada em documentos históricos e relatórios confidenciais que, além de relembrarem o atentado, a repercussão e a reação da sociedade civil, destaca a importância da imprensa livre para resistência em períodos autoritários e vigilância contra a censura e a violência política. Uma das principais fontes de pesquisa para a publicação foi a edição de julho-agosto de 1976 do Boletim ABI, publicada logo após o atentado terrorista. A ABI traz detalhes também de documentos produzidos pelos órgãos de informação da ditadura militar. Entre eles, um informe confidencial do Serviço Nacional de Informações (SNI), de setembro de 1976, disponibilizado pelo projeto Memórias Reveladas, do Arquivo Nacional. De acordo com a ABI, o registro do SNI impressiona pelo grau de informação de que dispunham os órgãos de segurança sobre acontecimentos, reuniões e movimentações da entidade. “Esse registro ajuda, assim, a dimensionar o aparato de vigilância política que atuava naquele período”, afirma a associação. A publicação, editada pelo conselheiro da associação Geraldo Cantarino, traz fotografias de como ficaram as áreas atingidas do prédio de 13 andares, inaugurado em 1938, considerado referência da arquitetura moderna brasileira. Até hoje o endereço é sede da ABI. O grupo paramilitar de extrema-direita Aliança Anticomunista Brasileira (AAB) assumiu a autoria do atentado em um panfleto deixado no prédio após a explosão. A organização acusava a ABI de estar “totalmente dominada pelos comunistas” e afirmava que a entidade havia sido escolhida para receber a “primeira advertência”. “Ao defender a liberdade de imprensa, os direitos humanos e a livre manifestação do pensamento, tornou-se também alvo da intolerância de grupos radicais de extrema-direita, contrários aos incipientes movimentos de abertura política – a chamada ‘distensão’ do regime ditatorial”, explica o atual presidente da ABI, Octávio Costa. À época, a ABI era presidida pelo jornalista Barbosa Lima Sobrinho. No corpo da instituição havia nomes como Alberto Dines, Maurício Azêdo, Marcelo Beraba e Odylo Costa Filho. Para a ABI, o atentado de 50 anos atrás não deve ser visto isoladamente. Fazia parte de um cenário de violência e intimidação política “que buscava conter qualquer possibilidade de avanço das liberdades democráticas”. Naquele mesmo dia, uma bomba atribuída à mesma organização clandestina foi colocada na sede da Ordem dos Advogados do Brasil (OAB), no Rio de Janeiro. O artefato não explodiu por causa de uma falha no mecanismo de detonação. A publicação lançada neste sábado contextualiza que o país sofreu outros atentados que tinham o objetivo de impedir a distensão da ditadura militar. O general Ernesto Geisel, que tinha assumido a Presidência em 1974, defendia uma abertura “lenta, gradual e segura”. No dia seguinte, 20 de agosto, duas bombas do tipo coquetel molotov foram jogadas de madrugada na 1ª Auditoria da 3ª Circunscrição Militar de Porto Alegre, provocando princípio de incêndio. Cerca de duas semanas depois, em 4 de setembro de 1976, uma bomba de fabricação caseira explodiu de madrugada no Centro Brasileiro de Análise e Planejamento (Cebrap), em São Paulo. O Jornal do Brasil, um dos periódicos mais importantes da época, informou que, entre agosto e novembro de 1976, aconteceram nove atentados terroristas no Rio de Janeiro, oito deles assumidos pela AAB. “Apesar disso, o aparato de inteligência e repressão nunca chegou aos autores dos atentados”, acrescenta a ABI. No dia 19, às 17h, a ABI fará um ato no sétimo andar o prédio-sede para lembrar os 50 anos do atentado. Também será colocada uma placa com frase de repúdio ao terrorismo e de valorização da democracia. “A Casa do Jornalista permanecerá vigilante diante de qualquer ameaça ao Estado Democrático de Direito”, conclui Octávio Costa.	Agência Brasil	direitos-humanos	False
https://agenciabrasil.ebc.com.br/direitos-humanos/noticia/2026-08/entidades-cobram-propostas-de-candidatos-contra-violencia-infantil	2026-08-13	Entidades cobram propostas de candidatos contra violência infantil	Unicef e Fórum de Segurança se unem em defesa das crianças	O Fundo das Nações Unidas para a Infância (Unicef) e o Fórum Brasileiro de Segurança Pública se uniram para tentar qualificar o debate político e cobrar dos candidatos às eleições de outubro de 2026 o compromisso de, se eleitos, implementarem medidas para reduzir a violência contra crianças e adolescentes no país. “A violência dentro e fora de casa é a maior preocupação do Unicef [nestas eleições]”, afirmou a jornalistas, nesta quinta-feira (13), o representante da agência da Organização das Nações Unidas (ONU) de defesa dos direitos de crianças e adolescentes, Joaquim Gonzales-Aleman. “Nossa campanha busca trazer para o debate a importância dos candidatos responderem a estes problemas, mas responder de uma forma adequada, que não seja simplista”, acrescentou Aleman. Com o fim do prazo de registro de candidaturas - no próximo sábado (15) - funcionários da Unicef vão se debruçar sobre os programas de governo que os aspirantes a cargos executivos de  presidente e governadores devem apresentar. O objetivo é verificar as propostas de cada candidato para fazer frente a violência contra crianças e adolescentes, incluindo o elevado número de assassinatos. Além do diagnóstico, a Unicef planeja convidar cada um dos candidatos a assumirem publicamente um compromisso de, se eleitos, priorizarem o combate às mortes intencionais de menores de 18 anos de idade. “Nossa ideia com esta campanha de advocacy [conjunto de ações em defesa de uma causa buscando influenciar decisões de autoridades públicas e a aprovação de leis] é falar com todos os candidatos, principalmente em nível federal, para propor ideias e falar sobre a importância do tema”, explicou Aleman. Dados do Fórum Brasileiro de Segurança Pública apontam que, entre 2024 e 2025, as mortes violentas intencionais de crianças e adolescentes caíram 10,8% no país. Ainda assim, as 2.079 ocorrências registradas no ano passado significam, em média, ao menos cinco óbitos diários em decorrência da violência. Oitenta e oito por cento das vítimas tinham entre 12 e 17 anos de idade, sendo a maioria, negra. Duzentos e quarenta das vítimas conhecidas tinham até 11 anos. “Os números têm impactos colaterais. Há, inclusive, uma certa banalização da violência contra as crianças e adolescentes. Daí a importância de enxergamos nisto um problema estrutural do país”, comentou a representante adjunta para Programas do Unicef no Brasil, Layla Saad. “Queremos aproveitar as eleições para pautar o tema de forma clara, ajudando a qualificar o debate para que as respostas [aos problemas] sejam baseadas em evidências [números e resultados], e não respostas meramente reativas, viscerais, diante de acontecimentos pontuais”, reforçou Layla. Para os representantes da Unicef, o Brasil já conta com boas leis e programas de proteção de crianças e adolescentes. O problema é que, por vários motivos, seus efeitos não alcançam a todos,. Daí porque a agência defende a importância da aprovação de uma política nacional de prevenção à violência contra crianças e adolescentes que estabeleça responsabilidades federal, estaduais e municipais, preveja fontes orçamentárias e possibilite ações coordenadas no país. “Isto requer uma série de medidas. Não é uma abordagem baseada só na segurança pública, pois ela contempla as raízes, as causas do problema”, disse Layla, criticando propostas açodadas, de caráter punitivista, como as eventuais reduções da responsabilização ou da maioridade penal. No Brasil, o adolescente de 12 a 17 anos de idade que cometer um ato infracional está passível de medidas socioeducativas previstas no Estatuto da Criança e do Adolescente (ECA), como advertência, prestação de serviços à comunidade, liberdade assistida e internação. A partir dos 18 anos, com a maioridade penal, quando o Estado passa a considerar o indivíduo plenamente imputável, quem comete um crime é julgado por tribunais comuns, de acordo com o Código Penal. E, se condenado, pode ter que cumprir sua pena em estabelecimentos carcerários. Para o sociólogo Cauê Martins, do Fórum Brasileiro de Segurança Pública, propostas como a redução da maioridade penal tendem a ignorar a realidade concreta. Segundo ele, entre 2016 e 2025, o número de adolescentes internados no sistema socioeducativo despencou cerca de 53%, recuando de 26.450 para 12.203 – na contramão do sistema carcerário. “Daí a razão para insistirmos que os candidatos compreendam a importância da transparência acerca dos dados da segurança pública. Segundo o sociólogo, para produzir uma política pública de enfrentamento à violência, é preciso evidências. E a transparência é um requisito fundamental para entender e desmistificar algumas ideias como, por exemplo, que quem pratica violência sexual é um desconhecido, em uma rua qualquer. Ele lembra que, segundo dados oficiais , a maioria dos crimes de violência sexual é cometida por pessoas próximas às vítimas. “Em 2025, 65% dos estupros de vulneráveis ocorreram na residência das vítimas. A absoluta maioria dos abusadores é conhecida, sendo muitas vezes um parente”, concluiu o sociólogo.	Agência Brasil	direitos-humanos	False
https://agenciabrasil.ebc.com.br/direitos-humanos/noticia/2026-08/relatorio-aponta-258-indigenas-assassinados-e-mais-violencia-em-2025	2026-08-13	Relatório aponta 258 indígenas assassinados e mais violência em 2025	Estudo do Cimi registra aumento de invasões, conflitos e violações	Dados divulgados nesta quinta-feira (13) pelo Conselho Indigenista Missionário (Cimi) mostram que 258 indígenas foram assassinados em 2025, número superior aos 211 casos registrados em 2024. Roraima (82), Amazonas (47) e Mato Grosso do Sul (37) registraram os maiores números, de acordo com o Sistema de Informação sobre Mortalidade, secretarias estaduais de saúde e Secretaria Especial de Atenção à Saúde Indígena (Sesai). O Relatório Violência contra os Povos Indígenas no Brasil afirma ainda que o contexto de insegurança enfrentado pelos povos indígenas no ano passado resultou em ataques na luta pela terra, vulnerabilidade e continuidade das invasões. Os dados mostram aumentos registrados em três tipos de violência – contra a pessoa, contra o patrimônio e por omissão do Poder Público –, além de crescimento de conflitos relativos a direitos territoriais, assassinatos, suicídios e mortalidade na infância. Nos primeiros dias de 2025, quatro indígenas do povo Avá-Guarani foram baleados durante ataque na Terra Indígena Tekoha Guasu Guavirá, área em processo de demarcação e sob intensos conflitos possessórios no oeste do Paraná. Um dos indígenas, atingido na coluna, perdeu os movimentos das pernas. Em março, o Pataxó Vitor Braz foi morto na Barra Velha do Monte Pascoal, no extremo sul da Bahia, no contexto da luta pela demarcação de terras. Em novembro, o Guarani Kaiowá Vicente Fernandes foi morto no Tekoha Pyelito Kue, na Terra Indígena Iguatemipegua I, em Mato Grosso do Sul, também em contexto de luta territorial. A publicação destaca que os três casos ocorreram em terras indígenas já oficialmente delimitadas pelo Estado, mas cujos processos demarcatórios se estendem há mais de uma década. “Enquanto os povos indígenas em luta pela terra sofrem com a violência e a vulnerabilidade, em terras demarcadas, as ações de invasores não cessaram, apesar de operações de desintrusão efetuadas pelo governo federal – grande parte delas por determinação judicial do Supremo Tribunal Federal (STF).” O estudo afirma não ser possível desvincular as violências e violações registradas em 2025 dos ataques a direitos territoriais indígenas ocorridos ao longo do ano e do impasse, no Poder Judiciário, em torno da Lei 14.701/2023, conhecida como Lei do Marco Temporal. “No STF, os pedidos para que a Corte analisasse as inconstitucionalidades da Lei 14.701 permaneceram sem julgamento até dezembro”, destaca o texto. Além da tese do marco temporal, o relatório avalia que a lei incorpora dispositivos que permitem a exploração de terras indígenas por terceiros e dificultam as demarcações. “Soma-se a este contexto a pressão econômica pela regulamentação da mineração, pela realização de grandes obras de infraestrutura para o escoamento de grãos e minério e pela exploração de gás e petróleo em áreas com impacto direto sobre povos indígenas.” Em 2025, os casos de violência contra o patrimônio totalizaram 1.276, sendo 897 relacionados à omissão e morosidade na regularização de terras; 169 a conflitos relativos a direitos territoriais; e 210 a invasões possessórias, exploração ilegal de recursos naturais e danos diversos ao patrimônio indígena. Os dados mostram que, das 1.443 terras e reivindicações territoriais indígenas existentes no Brasil, 897 estão pendentes de alguma medida administrativa para sua regularização. Desse total, 582 ainda não tiveram nenhuma providência para iniciar seu processo demarcatório. Nove terras indígenas tiveram seus relatórios circunstanciados de Identificação e Delimitação publicados pela presidência da Fundação Nacional dos Povos Indígenas (Funai), dez portarias declaratórias foram emitidas pelo Ministério da Justiça, sete terras foram homologadas e cinco foram registradas como patrimônio da União, concluindo o processo de regularização fundiária. Além disso, ao menos 16 grupos técnicos para delimitação de terras indígenas foram criados e 10 reservas indígenas foram constituídas pela Funai. “São avanços importantes, mas ainda muito aquém da demanda territorial dos povos indígenas”, avalia o documento. “Em muitas terras onde o avanço da demarcação é mais urgente, devido à gravidade dos conflitos e à vulnerabilidade das comunidades indígenas, a justificativa do governo para a estagnação do processo demarcatório foi o impasse jurídico em relação às demarcações.” Além disso, foram registrados 215 suicídios indígenas em 2025, superando os 208 em 2024. Amazonas (77), Mato Grosso do Sul (42) e Roraima (37) foram os estados com maior número de casos. Os suicídios mantiveram-se concentrados entre os jovens, com maior incidência entre indígenas de 20 a 29 anos (41%) e até 19 anos (34%). Dados coletados das mesmas fontes totalizaram 1.024 óbitos de bebês e crianças indígenas até 4 anos, aumento significativo em relação aos 922 casos contabilizados no ano anterior. Os maiores números foram registrados nos estados do Amazonas (306), de Roraima (158) e do Mato Grosso (123). Do total de 1.024 óbitos, a maioria – 586 (57%) – decorreu de causas consideradas evitáveis, como gripe e pneumonia (104), doenças infecciosas intestinais (85) e desnutrição (32). Foram registrados ainda 58 casos de falta de assistência de forma geral, 111 na área de educação e 121 na de saúde, além de 62 mortes por falta de atendimento em saúde e 14 casos envolvendo o consumo de álcool e outras drogas entre povos indígenas, totalizando 366 registros. “Além da falta de infraestrutura nos territórios, de profissionais e de medicamentos, a categoria de desassistência na área da saúde registrou grande quantidade de casos de falta de acesso ou acesso precário à água potável e ao saneamento básico, com severos impactos sobre as condições de saúde de diversas populações indígenas”, destaca o relatório. Em muitos casos, a situação é agravada pela poluição de cursos d’água utilizados pelos indígenas por agrotóxicos ou pelo mercúrio utilizado nos garimpos. No Rio Grande do Sul, que registrou o maior número de casos nesta categoria, a desassistência atinge especialmente indígenas em luta pela terra, que vivem acampados à beira de estradas e sob vulnerabilidade extrema. O quarto capítulo do documento analisa a situação de povos indígenas em isolamento voluntário, sobretudo grupos que, sem reconhecimento oficial do Estado, “permanecem sem nenhuma política de proteção e sob risco iminente de genocídio”. A Equipe de Apoio aos Povos Livres do Cimi apontou 119 registros de povos isolados no Brasil. Destes, apenas 28 foram confirmados pela Funai. Foram registrados casos de invasão e dano ao patrimônio em 20 terras indígenas onde há a presença de 45 registros de povos isolados.	Agência Brasil	direitos-humanos	False
https://agenciabrasil.ebc.com.br/direitos-humanos/noticia/2026-08/criptografia-do-discord-dificulta-monitoramento-de-lives-aponta-anpd	2026-08-14	Criptografia do Discord dificulta monitoramento de lives, aponta ANPD	Recurso foi ativado pelo app antes do ECA Digital entrar em vigor	A empresa Discord, dona do aplicativo de comunicação do mesmo nome, ativou globalmente a chamada criptografia de ponta a ponta para as chamadas de vídeo e voz pouco antes do Estatuto Digital da Criança e do Adolescente ( ECA Digital ) entrar em vigor, em março de 2026. A criptografia codifica o conteúdo de determinadas mensagens, tornando-a ilegível para qualquer pessoa que não esteja participando diretamente da conversa e tente interceptá-la. Segundo a companhia, a função amplia a privacidade de usuários, impedindo que qualquer pessoa não convidada a participar da conversa – inclusive seus próprios funcionários e sistemas automatizados – possa ouvir as chamadas ou assistir às transmissões de vídeo. A criptografia de ponta a ponta foi ativada para usuários de todos os países onde a plataforma está acessível. Para a Agência Nacional de Proteção de Dados (ANPD), contudo, a funcionalidade reduz a segurança das transmissões ao vivo (lives) . O que, no Brasil, contraria o ECA Digital, que exige que os provedores de aplicativos e sistemas operacionais adotem medidas “auditáveis e tecnicamente seguras” de proteção aos usuários com menos de 18 anos de idade, como a verificação de idade e mecanismos de supervisão parental. “Chama a atenção que o desenho de produto menos protetivo das funcionalidades de “lives” tenha sido implementado justamente após a promulgação do ECA Digital e às vésperas da sua entrada em vigor”, aponta a Superintendência de Fiscalização da ANPD na nota técnica que embasou a decisão de suspender de forma preventiva as transmissões ao vivo e o compartilhamento de vídeos na plataforma. De acordo com a agência, a suspensão das lives busca frear episódios de violência e a coação de menores de 18 anos , como o registrado em 22 de julho. Na data, uma adolescente de 13 anos, moradora de Naviraí (MS), tirou a própria vida durante uma transmissão em tempo real por canais do Discord. A determinação é resultado do processo de fiscalização que a ANPD instaurou, no início de agosto, para apurar se a Discord falhou na implementação “de medidas estruturais e procedimentais para assegurar a proteção de crianças e adolescentes” em sua plataforma digital, resultando no suicídio da adolescente. O caso também foi alvo da Operação Lívia , que a Polícia Civil de Mato Grosso do Sul e o Ministério da Justiça e Segurança Pública deflagraram para investigar uma suposta organização criminosa suspeita de atrair crianças e adolescentes para comunidades virtuais e submeter suas vítimas à coerção psicológica, convencendo-as a praticar atos de violência extrema contra animais; desafios de automutilação e até o autoextermínio. Cinco adolescentes com idades entre 13 e 17 anos foram apreendidos e um homem de 18 anos foi detido durante a primeira fase da Operação Lívia . Também foram cumpridos oito mandados de busca e apreensão em mais quatro estados além do Mato Grosso do Sul: Ceará, Minas Gerais, Pará e Rio de Janeiro, onde a ação contou com a colaboração de policiais civis locais. Em sua nota técnica, a Superintendência de Fiscalização da ANPD afirma que o suicídio da adolescente evidenciou “a facilidade de acesso e de utilização” da plataforma por usuários a partir dos 13 anos de idade. “As funcionalidades de comunicação privada e coletiva, incluindo canais de voz e transmissões audiovisuais, expõem esse público a riscos como contato prejudicial, assédio e aliciamento”, sustenta o órgão. De acordo com a superintendência, mais de 200 usuários acompanharam a transmissão feita pela adolescente de Naviraí. “Desde 2 de março de 2026, porém, as comunicações de áudio e vídeo [...] estão cobertas por criptografia ponta a ponta”, destaca a superintendência. A ANPD critica a postura do Discord que, provocada, afirmou que em razão da codificação de ponta a ponta não tem acesso ao conteúdo das comunicações enquanto elas ocorrem, não podendo, portanto, interrompê-las. “Não basta à empresa afirmar que a comunicação entre usuários é privada e, portanto, não possui acesso ao conteúdo”, sustenta a ANPD, argumentando que cabe à empresa atender às exigências das leis brasileiras. “Se uma escolha de segurança inviabiliza a implementação de determinado controle, cabe [à companhia] implementar controles substitutivos e demonstrar a efetividade equivalente ou superior” do mecanismo de proteção adotado. Dados da SaferNet Brasil indicam que, de janeiro a julho de 2026, o número de denúncias envolvendo a plataforma Discord aumentou 54% em comparação com o mesmo período do ano passado. Segundo a organização, que promove a defesa dos direitos humanos na internet, enquanto nos primeiros sete meses de 2025 foram registradas 264 queixas contra a empresa, de janeiro a julho deste ano foram 406. Além disso, entre janeiro de 2017 e julho de 2026, o canal de denúncias da instituição recebeu a analisou 2.059 links no Discord que direcionavam a conteúdos, servidores, perfis ou mensagens alvo de denúncias. Casos de violência online podem ser denunciados no site da SaferNet . A Secretaria de Fiscalização da ANPD afirma que as funcionalidades da Discord protegidas com a criptografia de ponta a ponta, como as transmissões ao vivo (lives), são palco de “diversos casos em que ocorreram graves violações de direitos de crianças e adolescentes , com “grupos maliciosos se aproveitando da plataforma como veículo para o cometimento de crimes”. Fato reconhecido pela própria companhia, que admite que o episódio que culminou com o suicídio da adolescente ocorreu por meio de comunicações privadas de voz e vídeo protegidas por criptografia de ponta a ponta. A Agência Brasil consultou a Discord sobre a implementação da criptografia e a incompatibilidade com as exigências do ECA Digital, mas não obteve resposta até a publicação desta reportagem. Anteriormente, a empresa informou não tolerar grupos ou indivíduos que promovem ou incentivam a violência, denunciando-os, de forma proativa, às autoridades policiais. “Temos o compromisso com a segurança dos nossos usuários e contamos com equipes dedicadas a desarticular esses grupos, remover conteúdos que violem nossas políticas e tomar medidas contra os responsáveis por essas condutas […] contribuindo para operações que resultaram em prisões”, assegurou a companhia, em nota. Relembre os problemas com o Discord no Brasil na reportagem do Repórter Brasil Tarde, da TV Brasil Adolescentes e seus responsáveis ou quaisquer pessoas com pensamentos e sentimentos de querer acabar com a própria vida devem buscar acolhimento em sua rede de apoio, como familiares, amigos, educadores e também em serviços de saúde. De acordo com o Ministério da Saúde, é muito importante conversar com alguém de confiança e não hesitar em pedir ajuda, inclusive para buscar serviços na área. Serviços de saúde que podem ser procurados para atendimento: Centros de Atenção Psicossocial (Caps) e unidades básicas de saúde; UPAs 24h, Samu 192, prontos-socorros e hospitais; Centro de Valorização da Vida – 188 (ligação gratuita). O Centro de Valorização da Vida (CVV) realiza apoio emocional e prevenção do suicídio, atendendo voluntária e gratuitamente todas as pessoas que querem e precisam conversar, sob total sigilo, por telefone (188), e-mail, chat e voip 24 horas todos os dias.	Agência Brasil	direitos-humanos	False
https://agenciabrasil.ebc.com.br/direitos-humanos/noticia/2026-08/pm-faz-operacoes-contra-o-cv-na-regiao-metropolitana-do-rio	2026-08-13	PM faz operações contra o CV na Região Metropolitana do Rio	Ao menos 27 batalhões participam das ações	A Polícia Militar do Estado do Rio de Janeiro (Pmerj) realiza uma série de operações em comunidades do estado, nesta quinta-feira (13), contra o Comando Vermelho (CV). Ao menos 27 batalhões participam, além de unidades especializadas ao Comando de Operações Especiais (COE). As diligências são na cidade do Rio e em municípios da região metropolitana, como São Gonçalo, Niterói, Magé, Itaboraí, Duque de Caxias, São João de Meriti, Queimado. Esses cinco últimos ficam na região chamada Baixada Fluminense. De acordo com a PM, o objetivo é combater crimes como roubos de veículos e de carga, conter a expansão do CV, cumprir mandados de prisão, apreender armas e drogas, recuperar veículos roubados e retirar barricadas criadas por traficantes para dificultar acesso a comunidades. Na Cidade de Deus, na Zona Sudoeste do Rio, houve troca de tiros e dois homens foram baleados . Com eles, a PM apreendeu uma pistola, uma granada, um radiotransmissor e uma mochila contendo drogas. Os dois feridos foram socorridos e encaminhados ao Hospital Municipal Lourenço Jorge. No Quitungo, comunidade de Brás de Pina, na zona norte, um homem foi preso. Ele é suspeito de participar da morte do sargento da PM Marco Antônio Matheus Maia, em dezembro de 2024. Com ele, a polícia apreendeu um fuzil AR-10. Em algumas regiões, como o Morro do Andaraí, na Zona Norte, a ação busca conter disputa territorial entre quadrilhas rivais que tem levado medo a moradores. De acordo com a organização não governamental Instituto Fogo Cruzado, somente no mês de julho, a Região Metropolitana do Rio registrou ao menos 34 tiroteios motivados por conflitos entre facções criminosas e milícias . O número é o maior registrado no ano e dobrou em relação a junho. No Complexo do Chapadão, também na Zona Norte, policiais realizaram a retirada de barricadas. O conjunto de favelas fica perto de vias expressas e serve de base para quadrilhas de roubo de carga. Na Vila Vintém, na Zona Oeste, dois suspeitos foram presos. Um fuzil também foi apreendido nas comunidades da Coronel e da Nova Brasília, em Niterói. A ação coordenada acontece um dia depois de a fonoaudióloga Aline de Siqueira Affonso, de 53 anos, ter sido baleada dentro de um ônibus, em Vicente de carvalho, na Zona Norte . O caso foi durante confronto entre policiais militares e criminosos. De acordo com levantamento da organização não governamental Instituto Fogo Cruzado, a fonoaudióloga foi a milésima pessoa baleada no Grande Rio em 2026 . O estudo aponta que, até 12 de agosto, 537 pessoas foram mortas e 463 ficaram feridas por disparos de arma de fogo na região metropolitana. “Isso significa uma média de 30 pessoas baleadas por semana, ou quatro por dia”, destaca a ONG. Cerca de metade das vitimas (509) foi baleada durante operações policiais. O levantamento detalha que 63 pessoas foram vítimas de balas perdidas em 2026, sendo 15 mortas e 48 feridas. Para o coordenador do Fogo cruzado, Carlos Nhanga, o caso da fonoaudióloga expõe como a violência armada não se restringe aos locais de confronto. “A violência também impõe riscos a quem circula pela cidade, inclusive dentro de ônibus e outros meios de transporte”, diz.	Agência Brasil	direitos-humanos	False
https://agenciabrasil.ebc.com.br/direitos-humanos/noticia/2026-08/juventudes-perifericas-querem-usar-voto-como-ferramenta-de-mudanca	2026-08-12	Juventudes periféricas querem usar voto como ferramenta de mudança	Mais de 150 jovens do DF pedem voz na formulação de políticas públicas	"Jovens do Distrito Federal uniram forças para mostrar que a transformação social exige que a voz de quem vive nas periferias seja ouvida. Uma delas, a geógrafa em formação Sara Lisboa, de 21 anos, defende que a presença da juventude periférica na construção de propostas políticas altera diretamente a qualidade dos serviços públicos prestados na ponta. ""Quando a política pública é realizada por gabinetes distantes da realidade, feita por pessoas que não usufruem do serviço público — como transporte, saúde e educação —, o resultado é outro. Política pública precisa ser pensada por quem vive essa rotina"", afirma a moradora de Ceilândia, região administrativa mais populosa do DF. Sarah está entre os adolescentes e jovens das periferias do DF e do entorno que elaboraram e lançaram nesta quarta-feira (12) a Carta-Manifesto da Rede de Juventudes e Adolescências com propostas para os candidatos nas eleições de 2026. A iniciativa faz parte da campanha Perifa nas Urnas , lançada hoje, data em que é celebrado o Dia Internacional da Juventude. Organizado pelo Instituto de Estudos Socioeconômicos (Inesc), o movimento busca fortalecer a formação política das juventudes e o protagonismo periférico, incentivar o voto consciente e, também, pautar os candidatos aos cargos de governador, deputado distrital, deputado federal e senador, nas eleições de 2026. O fotógrafo, designer gráfico e graduado em Gestão Pública, Victor Queiroz, de 27 anos, também participou da elaboração carta e defende a importância de se conscientizar a juventude periférica sobre o voto como ferramenta de mudança estrutural. ""A partir do momento em que a população adquire consciência da importância que o seu voto tem para fazer as políticas públicas chegarem ao seu território, a votação deixa de ser só um dever e passa a se tornar um instrumento real e valioso"", destacou o jovem, morador da região administrativa do Paranoá. Victor afirma que é preciso entender as demandas daquela população para atendê-las. “É diferente de um técnico que vai ao local apenas para analisar, fazer estudo e que, às vezes, nem escuta todo mundo, elaborando [políticas] apenas com base no que ele acredita."" Assessora política no Inesc na área de juventudes, crianças e adolescentes. Dyarley Viana de Oliveira explica que a campanha aposta na comunicação de jovem para jovem como forma de dizer que a política não é somente realizada por adultos. ""Na linguagem dos jovens, estamos anunciando que esse espaço é para eles também”, disse. A carta-manifesto com propostas das juventudes aos candidatos a cargos eletivos em outubro deste ano foi elaborada coletivamente durante dois anos em oficinas. As pautas relacionam temas como saúde, trabalho, segurança pública, proteção social, educação e cultura, mobilidade urbana, diversidade das juventudes. O período de mobilização envolveu mais de 150 adolescentes e jovens, negros e periféricos, de diferentes regiões administrativas do Distrito Federal, como Ceilândia, Estrutural, Itapoã, Paranoá, Planaltina, Riacho Fundo II, Samambaia, São Sebastião e Taguatinga, além de dois municípios de Goiás: Águas Lindas e Valparaíso. As propostas reunidas na carta-manifesto são endereçadas a candidatos ao governo do DF e à Câmara Legislativa do Distrito Federal e são divididas em oito eixos. Entre eles construção de hospitais, ampliação de assistência social, investimento em cursinhos populares, em segurança pública, além de uma mobilidade urbana decentralizada do centro de Brasília."	Agência Brasil	direitos-humanos	False
https://agenciabrasil.ebc.com.br/direitos-humanos/noticia/2026-08/stj-reconhece-crimes-de-maio-como-grave-violacao-e-rejeita-prescricao	2026-08-12	STJ reconhece Crimes de Maio como grave violação e rejeita prescrição	Massacre levou a mais de 500 mortes no estado de São Paulo em 2006	Por maioria dos votos, os ministros do Superior Tribunal de Justiça (STJ) reconheceram os chamados Crimes de Maio como grave violação de direitos humanos e votaram contra a prescrição dos pedidos de indenização referentes a esse caso. O caso trata de um massacre ocorrido no estado de São Paulo, em maio de 2006, que incluiu a morte de pelo menos 545 pessoas . Muitas dessas mortes tinham indícios de execução. No julgamento realizado nesta tarde (12), a maioria dos ministros acompanhou o voto do relator, o ministro Teodoro Santos, que considerou que, por se tratar de um caso de violação de direitos humanos, devem prevalecer as regras de tratados internacionais, que impedem a aplicação da prescrição. Com isso, os ministros entenderam que ainda há tempo para o Estado brasileiro ser condenado a indenizar as vítimas ou as famílias das vítimas desse episódio . A ação havia sido proposta pelo Ministério Público e pela Defensoria Pública de São Paulo. Com esse resultado, a ação agora vai retornar ao Tribunal de Justiça de São Paulo, para seja julgado o mérito da ação civil pública que pede a responsabilização do Estado por esse episódio. Para a Conectas e o Movimento Independente Mães de Maio, que atuam no processo como amici curiae , essa decisão representa um marco jurídico ao definir que a responsabilização civil do Estado por essas violações é imprescritível , abrindo caminho para medidas de reparação às vítimas e seus familiares. Em entrevista à Agência Brasil , a advogada Caroline Leal, da equipe de litígio estratégico da Conectas, comentou a importância desse julgamento. “Esse é um julgamento histórico. Tenho que ressaltar que não foi um julgamento unânime, mas a gente teve uma maioria que reconheceu os Crimes de Maio como uma grave violação dos direitos humanos e que a imprescritibilidade desses crimes acontece não só no período da ditadura, como também no período democrático”, afirmou. Segundo a advogada, esse julgamento do STJ “definiu o futuro da reparação para graves violações de direitos humanos”, além de reforçar que o Estado democrático de direito não pode reduzir a proteção da vida, batendo a tese de que só poderiam ser imprescritíveis os crimes ocorridos durante a ditadura militar. Os Crimes de Maio foram uma série de ataques realizados pelo Primeiro Comando da Capital (PCC) seguida por uma grande retaliação policial que resultou em mais de 500 mortos em todo o estado de São Paulo. Grande parte dessas mortes ocorreu com indícios de execução praticada por policiais. Esse episódio completou 20 anos em maio passado . Saiba mais no Repórter Brasil Tarde, da TV Brasil	Agência Brasil	direitos-humanos	False
https://agenciabrasil.ebc.com.br/direitos-humanos/noticia/2026-08/agressoes-domesticas-contra-mulheres-crescem-289-em-dias-de-futebol	2026-08-11	Agressões domésticas contra mulheres crescem 28,9% em dias de futebol	Estudo mostra aumento nos casos de ameaça quando ocorrem os jogos	Os registros de agressão - lesão corporal dolosa - decorrentes de violência doméstica contra mulheres crescem 28,9% em dias de jogos de futebol. É o que aponta a 2ª edição do estudo Futebol e violência contra a mulher , elaborado pelo Fórum Brasileiro de Segurança Pública e lançado nesta terça-feira (11) em evento na sede do Grupo Mulheres do Brasil, em São Paulo. Os resultados apontam também aumento de 27,4% nos casos de ameaça contra as mulheres em dias de jogos. Mulheres jovens, na faixa entre 15 e 29 anos, são as mais impactadas, com aumento de 44,4% em ameaças e em lesões corporais dolosas em dias de jogos. Para a pesquisa, foi feita uma análise da relação entre registros de ocorrência e resultados de jogos da série A do Campeonato Brasileiro, Copa Libertadores da América e Copa Sul Americana em cinco capitais: São Paulo, Rio de Janeiro, Salvador, Belo Horizonte e Porto Alegre cobrindo o período de 2023 a 2025. “Os dias de jogo são, hoje, fatores de risco comprovados para a violência doméstica contra mulheres. Mais do que um diagnóstico, esse conhecimento deve guiar o planejamento das forças de segurança — reforçando unidades especializadas como as Delegacias da Mulher e as patrulhas de fiscalização das Medidas Protetivas de Urgência — e engajar os clubes como aliados no enfrentamento ao problema”, avalia Juliana Brandão, coordenadora de Gênero e Raça do FBSP. Segundo ela, os times não são apenas protagonistas do espetáculo esportivo, eles são também instituições com enorme capacidade de influenciar comportamentos e valores. “Em partidas de alta rivalidade, por exemplo, eles têm a oportunidade e a responsabilidade de se converterem em agentes de mudança, mobilizando seus atletas, suas torcidas e o poder de suas marcas para desvincular a paixão pelo futebol da violência contra a mulher”. O FBSP ressalta que o atual estudo segue a mesma metodologia do anterior, partindo da hipótese central de que o calendário do futebol brasileiro exerce um papel de marcador temporal de risco para a violência doméstica contra mulheres. Em 2022, o Fórum Brasileiro de Segurança Pública divulgou o estudo Futebol e violência contra a mulher , cujos dados eram relativos ao período compreendido de 2015 a 2018. Na ocasião, as ameaças contra mulheres aumentavam 23,7% em dias de partida e as lesões corporais dolosas cresciam 20,8%. No novo levantamento, esses mesmos indicadores saltaram para 27,4% e 28,9%, respectivamente, o que representa uma elevação de 3,7 pontos percentuais nas ameaças e de 8,1 pontos percentuais nas lesões físicas.	Agência Brasil	direitos-humanos	False
https://agenciabrasil.ebc.com.br/direitos-humanos/noticia/2026-08/unicef-cobra-compromisso-com-infancia-do-proximo-governador-do-rio	2026-08-11	Unicef cobra compromisso com a infância do próximo governador do Rio	Investigação de crime contra criança e adolescente deve ter prioridade	A prevenção das violências contra crianças e adolescentes devem orientar as políticas públicas do próximo governo do estado do Rio de Janeiro, defendeu o Fundo das Nações Unidas para a Infância (Unicef). Nesta terça-feira (11), a organização fez um chamado às candidaturas, diante do alto índice de mortes violentas intencionais no estado e divulgou uma agenda com sugestões divididas em três eixos. “O estado [do Rio] precisa de um plano para reduzir homicídios, esclarecer cada morte e proteger os territórios mais afetados fazendo uma política de segurança pública de fato protetiva, que preserve vidas, com metas e transparência e governança”, destacou a chefe do escritório do Unicef para o Rio de Janeiro, Flávia Antunes. A redução da violência letal é um dos três tópicos da agenda do Fundo. No Rio, 1.261 crianças e adolescentes foram mortos e mais 12 mil estuprados, entre 2021 e 2023, segundo o Unicef e Fórum Brasileiro de Segurança Pública. Para a organização internacional, os números revelam uma violência persistente, dentro e fora de casa, que interrompe vidas, compromete a aprendizagem o próprio futuro do país. Por isso, afirma o Unicef, a proteção da infância e da adolescência deve orientar o programa de governo e as ações do próximo governador. Flávia Antunes, chefe do escritório do Unicef, explica que o chamado busca provocar um compromisso público, de não perder mais nenhuma criança ou adolescente para a violência. Segundo a especialista, proteger essa faixa de idade é estratégico. “Quando a gente protege esse público a gente fortalece a educação, a saúde, a segurança pública, a economia e a democracia ao mesmo tempo”, afirmou Antunes. Além das ações para reduzir as mortes violentas, a agenda do Unicef inclui medidas para garantir a permanência na escola, ampliar a coordenação entre áreas de governos e fortalecer a rede de proteção e atendimento às vítimas. As ações foram construídas com especialistas, sociedade civil, adolescentes e os próprios jovens. Ao divulgar a agenda, em evento na cidade do Rio, o Unicef também se ofereceu para apoiar o próximo governo a colocar em prática as medidas recomendas. Conheça os principais pontos da agenda: Educação que protege: . Garantir acesso, permanência e conclusão da educação básica, por meio da busca ativa e estratégias de prevenção às violências na escola; . Ampliar oportunidade de formação profissional, aprendizagem e inclusão produtiva para adolescentes e jovens. Segurança pública que preserva vidas: . Implementar integralmente a Lei Estadual Ágatha Félix (9.180/2021) e ampliar a investigação de dos homicídios de crianças e adolescentes; https://www.alerj.rj.gov.br/Visualizar/Noticia/50027 . Criar uma política estadual de redução dos homicídios de adolescentes e jovens, com metas, monitoramento e participação social; . Instituir uma governança intersetorial permanente entre segurança pública, educação, saúde e assistência social para a proteção da infância; . Garantir mobilidade segura para acrianças e adolescentes em territórios afetados pela violência. Rede de proteção que não abandona nenhuma criança: . Implementação plena da Lei Federal da Escuta Protegida (13.431/2017) no estado, buscando impedir novo sofrimento de vítimas ou testemunhas de violência; . Criar o primeiro Centro de Atendimento Integrado para crianças e adolescentes vítimas de violência na capital e expandir o modelo no estado; . Ampliar o acesso a serviços especializados de proteção e atendimento às vítimas; Fortalecer a rede de atenção à saúde mental de crianças, adolescentes e jovens.	Agência Brasil	direitos-humanos	False
https://agenciabrasil.ebc.com.br/direitos-humanos/noticia/2026-08/brasil-reduz-pobreza-mas-amplia-desigualdades-mostra-estudo	2026-08-12	Brasil reduz pobreza, mas amplia desigualdades, mostra estudo	Avanços envolvem melhoria de renda e redução da pobreza	O Relatório do Observatório Brasileiro das Desigualdades 2026 aponta que o Brasil avançou, no último ano, em 34 (71%) dos 48 indicadores estudados para análise do processo de enfrentamento das desigualdades. Os avanços apontados pelo estudo são relativos, principalmente, à melhoria de renda média, ao aumento do mercado de trabalho, à redução da pobreza, além de maior segurança alimentar e acesso aos serviços básicos. Índices de saúde – como redução da desnutrição infantil e de idosos; educação – como queda do analfabetismo; e segurança, – como redução da taxa de homicídios registrados de jovens de 15 a 29 anos, também melhoraram. Do total de indicadores analisados, oito pioraram e seis se mantiveram estáveis. Entre as pioras estão: Para os responsáveis pelo relatório, os indicadores que apresentaram piora revelam que os principais mecanismos de reprodução das desigualdades permanecem ativos. “O crescimento econômico beneficiou diferentes grupos sociais, mas não foi suficiente para reduzir as disparidades históricas de renda, gênero, raça e território”, destaca o relatório. O relatório publicado neste ano é a quarta edição. O primeiro foi publicado em 2023. A última publicação traz análises atuais sobre indicadores de 2025, com exceção de algumas bases de dados não atualizadas anualmente. Um exemplo são os indicadores derivados da Pesquisa de Orçamentos Familiares (POF), que analisam gastos com transporte e carga tributária a cada dois anos. Outro caso é o Indicador de Analfabetismo Funcional (Inaf), divulgado em 2024, após seis anos da pesquisa anterior. Na avaliação da diretora técnica do Pacto Nacional pelo Combate às Desigualdades, Adriana Marcolino, a indisponibilidade desses indicadores atualizados em 2025 não interfere no comparativo com as edições anteriores do relatório. “Nesses casos, a gente olha o dado em comparação com o mesmo dado do ano anterior, então isso não cria um viés de tempo.  Os indicadores que a gente acompanha já indicam tendências pelo fato de já termos quatro anos de relatórios”. No prefácio da publicação, Betina Ferraz Barbosa, coordenadora da Unidade de Desenvolvimento Humano do Programa das Nações Unidas para o Desenvolvimento (Pnud) Brasil e economista-chefe do Pnud Brasil avalia que a análise dos indicadores contribui para um aprofundamento de índices divulgados por diversas organizações e vão além do conceito de desenvolvimento humano com base exclusivamente em indicadores econômicos de saúde e educação. “Os números médios escondem uma realidade mais complexa: os avanços foram reais e, ao mesmo tempo, profundamente desiguais”, destaca.	Agência Brasil	direitos-humanos	False
https://agenciabrasil.ebc.com.br/direitos-humanos/noticia/2026-08/estudo-mostra-jovens-conscientes-de-que-internet-precisa-melhorar	2026-08-12	Estudo mostra jovens conscientes de que internet precisa melhorar	Metade dos entrevistados acha que passa tempo demais online	Uma pesquisa que ouviu mais de 500 jovens de 13 a 18 anos mostrou a ambivalência na relação dessa população com a internet. Ao mesmo tempo em que metade dos entrevistados reconheceu que passa tempo demais online , 63% disseram sentir felicidade ao se conectarem. Divulgado nesta quarta-feira (12), Dia Nacional da Juventude, a pesquisa Adolescência Sem Filtro traz o resultado de que 71% dos entrevistados acreditam que a internet deve continuar a existir, mas com mudanças , enquanto 9% acham que a internet deveria acabar. Encomendada pelo Instituto Alana, a pesquisa foi feita pela Agência Koga, que recrutou e treinou adolescentes para realizar a etapa qualitativa das entrevistas. Para a especialista em Planejamento Estratégico de Comunicação do Instituto Alana, Gabriela Barbosa, os resultados mostram que os adolescentes têm consciência do quanto a internet pode ser negativa e senso crítico apurado de que é preciso melhorar esse espaço virtual . De acordo com a pesquisa, embora a experiência online desse público seja majoritariamente positiva, uma vez que 71% a usam para diversão, 63% sentem felicidade e 55% curiosidade nesse ambiente, eles têm consciência sobre o quanto a internet também pode ser negativa. Quase metade dos entrevistados (49%) acredita que as plataformas são responsáveis por uma internet melhor , e 43% pedem mais controle das plataformas. Segundo os responsáveis pelo estudo, os próprios adolescentes e jovens têm consciência de que esse ambiente foi criado para prender a atenção deles além do esperado e que há uma necessidade de eles se protegerem de conteúdos negativos de forma ativa. A pesquisa relata que 44% bloqueiam contas ou conteúdos nocivos, e 32% fazem pausas ao longo do dia. Mesmo assim, além de 50% dizerem que passam mais tempo online do que gostariam, 41% se sentem mais dependentes do celular e 39% acham que perderam tempo nos estudos por causa da internet . “O tempo gasto na internet é uma grande preocupação para eles. Além da consciência de que nem tudo é positivo ou negativo, eles também estão conscientes da necessidade de se protegerem e conseguirem controlar o quanto puderem o que fazem desse tempo online também”, comentou Gabriela. Para os adolescentes entrevistados, as redes sociais constituem a atividade mais acessada no ambiente online: 46% usam a internet no dia-a-dia para acessar as redes sociais, 37% para conversar com amigos e famílias, 30% para jogar, 23% para estudar e 21% para assistir a vídeos. “A rede social é esse principal mecanismo em que eles vivem a internet. Acaba que a internet vai acontecer para eles de forma mais intensa em aplicativos como o Instagram, como o próprio TikTok que, inclusive, é citado na entrevista como esse lugar de anestesia do tédio”. Ao mesmo tempo, esses aplicativos criam ambientes dos quais saem muitas coisas importantes para eles, como pertencimento, informação, curiosidade e aprendizado . Por isso, não se pode colocar as redes sociais em um viés apenas negativo, defende o instituto. Os principais usuários do ambiente virtual são os meninos, que acessam mais a internet para jogar (66%, contra 44% das meninas). Estas, ao contrário, utilizam a internet com mais frequência para conversar com família e amigos (64%, ante 50% dos meninos) e para os estudos (60%, em comparação com 46% dos meninos). Confira mais informações sobre a pesquisa no Repórter Brasil , da TV Brasil Os oito pesquisadores adolescentes, com idades entre 13 e 18 anos, que colaboraram com a fase qualitativa fizeram oito a dez entrevistas cada um. A ideia do estudo era ouvir os entrevistados sem os filtros que haveria em uma conversa com adultos. Gabriela conta que a escolha de entrevistadores da mesma faixa etária teve como objetivo fugir de uma visão muito adultocêntrica da relação do adolescente com a internet e criar identificação. “Com isso, os entrevistados puderam se sentir confortáveis para participar e trazer a sua visão”, defende. A pesquisa destaca que, embora os adultos não tenham o hábito de escutar os mais jovens ou entender que eles também têm senso crítico, 19% dos adolescentes acreditam que conseguem ajudar a mudar a internet. “É um dado pequeno, mas que mostra que existe uma oportunidade. E se a gente abre esse espaço para que eles consigam ser escutados e fazer parte dos processos de discussão e de construção, a gente consegue extrair muita coisa valiosa”, afirmou Gabriela Barbosa. Os adolescentes e jovens também se mostram abertos a ter apoio para lidar melhor com a dependência da internet. “Eles estão conscientes dessa perda de controle e 69% estão abertos para receber ajuda”. Diante do percentual de que 19% dos entrevistados acreditam que conseguem ajudar a mudar a internet, o Instituto Alana lança a nona edição do Prêmio Criativos, cujo tema em 2026 é “A internet é nossa”. A premiação convida crianças e adolescentes de todo o país a transformar suas vivências no ambiente digital em projetos capazes de tornar a internet mais segura, inclusiva, divertida e acolhedora . Podem participar estudantes do ensino fundamental II e ensino médio, com idades entre 10 e 18 anos. As inscrições se encerrarão no dia 2 de setembro próximo , e os resultados serão divulgados em dezembro. Nesta edição, o prêmio traz uma nova categoria, que é a audiovisual , que permite a inscrição de vídeos e podcasts. Outros três prêmios são destinados à categoria geral, focada em formatos variados que vão desde campanhas, jogos, aplicativos, rodas de conversa, páginas nas redes sociais e intervenções artísticas. Independentemente do formato escolhido, os adolescentes têm a possibilidade de criar soluções para questões do seu dia a dia. Entre os temas que podem ser abordados estão o tempo de tela, o cyberbullying, saúde mental, uso da inteligência artificial, oportunidades de aprendizagem na internet, desigualdade de acesso à rede, cultura dos influenciadores, combate à desinformação e ambiente digital como espaço para amplificar a expressão e o protagonismo desse público. Os prêmios para os nove projetos alcançam R$ 12 mil.	Agência Brasil	direitos-humanos	False
https://agenciabrasil.ebc.com.br/direitos-humanos/noticia/2026-08/discord-entrega-agu-proposta-para-reforcar-seguranca-de-criancas	2026-08-11	Discord entrega à AGU proposta para reforçar segurança de crianças	Medida vem após caso de live que induziu menina a tirar a vida	"A empresa Discord, dona do aplicativo de comunicação de mesmo nome, entregou à Advocacia-Geral da União (AGU) uma proposta prevendo a adoção de medidas destinadas a reforçar a segurança de seus usuários no ambiente digital, especialmente crianças e adolescentes. Segundo a AGU informou em nota na tarde desta terça-feira (11), representantes da companhia apresentaram a proposta nesta segunda-feira (10) – quatro dias após terem se reunido com servidores da AGU , do Ministério da Justiça e Segurança Pública e da Autoridade Nacional de Proteção de Dados (ANPD), para tratar de falhas na verificação da idade dos usuários do aplicativo e na proteção de menores de 18 anos de idade. A AGU não detalhou os termos da proposta, mas destacou que vai analisá-la em parceria com os demais órgãos federais. “A partir da avaliação das medidas, procedimentos e mecanismos apresentados pela empresa, a AGU examinará a possibilidade de avançar na construção de um Termo de Ajustamento de Conduta (TAC), com compromissos, obrigações, mecanismos de acompanhamento e prazos destinados à adequação da plataforma às exigências [legais] brasileiras”, diz nota. Ainda segundo o órgão, a busca por uma solução consensual não afasta a possibilidade da União adotar as medidas administrativas e judiciais cabíveis para garantir o cumprimento da legislação e a proteção de crianças e adolescentes no ambiente digital. A reunião da última sexta-feira foi agendada após a repercussão do caso de uma adolescente de 13 anos que foi induzida a tirar a própria vida durante uma live transmitida em tempo real por canais do Discord, em 22 de julho. A situação foi investigada na Operação Lívia . Durante a reunião da semana passada, os representantes da empresa manifestaram disposição para cumprir as exigências legais e corrigir quaisquer falhas identificadas. De acordo com a AGU, “a identificação de falhas nos mecanismos de verificação de idade e de proteção”, previstos na Lei 15.211/2025 , o chamado ECA Digital, “suscitaram preocupações quanto à efetividade das medidas adotadas pela Discord para prevenir o acesso e a exposição de crianças e adolescentes a situações de risco no ambiente digital”. Confira mais informações sobre o assunto no Repórter Brasil , da TV Brasil Em nota, o Discord diz que não tolera grupos ou indivíduos que promovem ou incentivam a violência.  ""Estamos cooperando com as autoridades policiais na investigação deste grave caso. O Discord mantém um diálogo contínuo com as autoridades brasileiras, incluindo o Ministério da Justiça, e tem atuado de forma proativa ao reportar indivíduos às autoridades policiais brasileiras, contribuindo para operações que resultaram em prisões"". A plataforma diz que tem compromisso com a segurança dos usuários e que conta com equipes dedicadas a desarticular esses grupos, remover conteúdos que violem as políticas internas e tomar medidas contra os responsáveis por essas condutas. A empresa diz que conta com equipes especializadas que trabalham para combater indivíduos e grupos envolvidos em atividades violentas. ""Essas equipes atuam diariamente para detectar indivíduos que representam ameaças graves, identificar possíveis vítimas, mitigar comportamentos de alto risco por meio da remoção sistemática de indivíduos mal-intencionados e de seus conteúdos, monitorar novos grupos que representem ameaças, restringir a reincidência e fornecer, quando apropriado, informações relevantes às autoridades policiais e a organizações de segurança online que atuam em todo o setor."". *Matéria atualizada para acréscimo de posicionamento do Discord."	Agência Brasil	direitos-humanos	False
https://agenciabrasil.ebc.com.br/direitos-humanos/noticia/2026-08/policia-registrou-783-mil-atendimentos-especializados-mulher-em-2025	2026-08-09	Polícia registrou 783 mil atendimentos especializados à mulher em 2025	Levantamento é publicado por ocasião dos 20 anos da Lei Maria da Penha	As unidades especializadas no Atendimento à Mulher da Polícia Civil de todo o país realizaram 782.474 atendimentos no ano de 2025, incluindo ocorrências de ameaça, lesão corporal, injúria, importunação sexual, estupro e feminicídio, entre outras. Ao todo, foram 329.451 vítimas atendidas, número que demonstra que muitas vezes as mulheres precisam voltar para mais de um atendimento. Os dados foram divulgados no 10º Diagnóstico Nacional das Unidades de Polícia Civil Especializadas no Atendimento às Mulheres , publicado nessa sexta-feira (7) pelo Ministério da Justiça e Segurança Pública (MJSP). Publicado no contexto dos 20 anos da Lei Maria da Penha, o levantamento compilou dados de 530 das 585 unidades espalhadas pelo país, incluindo as delegacias especializadas e outros tipos de unidades. A Região Sudeste concentrou o maior número de vítimas (125.769), 47,8% do total nacional. Em seguida vêm as regiões Nordeste, com 53.067 vítimas (20,2%), Centro-Oeste, com 43.662 (16,6%), Sul, com 21.087 (8,0%), e Norte, com 19.712 vítimas (7,5%). Entre os estados, a maioria das vítimas atendidas foi de São Paulo (84.103). Segundo o levantamento, o tipo de ocorrência com maior número de registros em 2025, ano-base do estudo, foi a ameaça (148.544), seguida por lesão corporal (99.473) e injúria (88.739) . Os tipos que tiveram maior alta em relação à pesquisa anterior (ano-base 2023) foram a perseguição (52.855, alta de 44,3%) e a violência psicológica (23.911, alta de 49,7%). O diagnóstico mostra ainda que os atendimentos nas unidades especializadas resultaram no pedido de 302.626 medidas protetivas de urgência, das quais 118.672 foram concedidas, a maioria (74,2%) Dessas, 38.214 foram descumpridas pelos agressores. As unidades especializadas começaram a ser instaladas em 1985, com a criação da primeira Delegacia Especializada no Atendimento às Mulheres (Deam) do Brasil, na região central da cidade de São Paulo. Naquele mesmo ano seriam inauguradas mais 19 unidades. Desde então, novas unidades foram instaladas a cada ano, chegando às 585 atuais, em que 6.200 profissionais, entre delegados, agentes, escrivães, psicólogos e assistentes sociais que seguem protocolos especiais de acolhimento e escuta das vítimas. O diagnóstico, contudo. aponta desafios, como o fato de 80% dessas unidades ainda não funcionarem 24 horas. Entre as principais carências, o estudo identificou ainda a insuficiência de recursos de investigação, mencionada por 57% das unidades, a falta de viaturas, citada por 46%, e a falta de material de menor potencial ofensivo (40%).	Agência Brasil	direitos-humanos	False
https://agenciabrasil.ebc.com.br/direitos-humanos/noticia/2026-08/agencia-nacional-de-protecao-de-dados-investiga-plataforma-discord	2026-08-08	Agência Nacional de Proteção de Dados investiga plataforma Discord	Meta é apurar automutilação e suicídio de uma adolescente de 13 anos	A Agência Nacional de Proteção de Dados (ANPD) instaurou, nesta sexta-feira (7), processo de fiscalização contra a plataforma Discord para apurar indícios de falha na proteção a crianças e adolescentes. Conforme despacho que instaurou o procedimento, a investigação é motivada pelas notícias de um caso de automutilação e suicídio de uma adolescente de 13 anos, em 22 de julho. O episódio foi transmitido ao vivo pela plataforma. O processo vai analisar se o Discord descumpriu deveres previsto no Estatuto Digital da Criança e do Adolescente (ECA Digital), em especial se a plataforma falhou em adotar medidas para prevenir e mitigar o risco de exposição de menores a conteúdos sobre automutilação e suicídio. Outros pontos de atenção são a falta de mecanismos para verificação de idade e falha na remoção de conteúdos irregulares e comunicação às autoridades, obrigações previstas no ECA Digital. “O Discord terá cinco dias úteis para apresentar informações sobre mecanismos existentes para prevenir e combater violações graves contra crianças e adolescentes”, informou a ANPD, em nota. A agência alertou que legislação prevê multa de até R$ 50 milhões pelas violações investigadas. Também na sexta-feira (7), integrantes da Advocacia-Geral da União (AGU) se reuniram com representantes da Discord para tratar de falhas intensificadas na verificação de idade e proteção de crianças e adolescentes que utilizam a plataforma. Mais cedo, o advogado-geral da União, Jorge Messias , disse que o órgão deverá mover uma ação pedindo a retirada da plataforma do ar. O caso do suicídio induzido da jovem de 13 anos é investigado no âmbito da Operação Lívia , conduzida pela Polícia Civil de Mato Grosso do Sul e realizada com o apoio técnico do Laboratório de Operações Cibernéticas (Ciberlab) da Secretaria Nacional de Segurança Pública (Senasp/MJSP). Confira mais informações sobre o assunto no Repórter Brasil, da TV Brasil	Agência Brasil	direitos-humanos	False
https://agenciabrasil.ebc.com.br/direitos-humanos/noticia/2026-08/jornalistas-indigenas-lancam-manual-inedito-de-comunicacao	2026-08-10	Jornalistas indígenas lançam manual inédito de comunicação	Poranga Marandúa foi lançado na Câmara dos Deputados	"O manual de jornalismo indígena Poranga Marandúa foi lançado nesta segunda-feira (10), na Câmara dos Deputados, em Brasília. A ferramenta é inédita e traz termos, orientações e princípios a partir da perspectiva dos povos indígenas. Segundo a coordenadora geral da Articulação Brasileira de Indígenas Jornalistas (Abrinjor), Luciene Kaxinawá, o manual é o resultado de um trabalho desenvolvido pela articulação entre mais de 40 povos indígenas . “Este manual carrega essa diversidade e reafirma nosso compromisso com uma comunicação construída a partir dos nossos territórios, das nossas línguas e dos nossos modos de contar histórias”, reforça. A primeira edição do Poranga Marandúa foi editada e revisada pela Organização Indígena Instituto Kaingáng (Inka) e está disponível online, de forma gratuita. Para os integrantes da Abrinjor, a chegada do manual, após um ano e meio de trabalho, é uma “boa notícia"" – que é o significado da expressão Poranga Marandúa, na língua Nheengatu, da família Tupi-Guarani. A inovação trazida pelo manual deve servir como um instrumento de trabalho para jornalistas em todo o país, mas também como uma ferramenta de educação, afirma Sônia Kaingáng, jornalista indígena pioneira e comunicadora do Inka. “A gente precisa destacar que chegamos aqui pela via da educação. Nós somos brasileiros e temos visto que muitos brasileiros querem uma via que não é a da educação”, destaca. Para a pesquisadora e comunicóloga Andreza Baré, são exatamente os jornalistas que saem das universidades e escolas de jornalismo que muitas vezes invisibilizam os povos indígenas. “Essa é uma grande oportunidade que a gente oferece para os currículos, para as ementas dos cursos de jornalismo, que inclua esse manual como uma ferramenta pedagógica de redação antirracista para falar de povos indígenas e de outros povos e comunidades tradicionais."" Samela Sateré Mawé é assessora de comunicação da Articulação dos Povos Indígenas do Brasil (Apib) e acredita que a ferramenta também servirá para estimular a chegada de mais indígenas a ocuparem os espaços de comunicação das entidades representativas e dos canais de comunicação de todo o país. “Esse manual é uma porta que vai se abrir para dentro do movimento indígena que vai se abrir para os jornalistas indígenas ocupando esses espaços, porque ninguém melhor que a gente para falar sobre a gente”, conclui Samela."	Agência Brasil	direitos-humanos	False
https://agenciabrasil.ebc.com.br/direitos-humanos/noticia/2026-08/dia-dos-pais-combate-misoginia-comeca-pelo-exemplo-em-casa	2026-08-09	Dia dos pais: combate à misoginia começa pelo exemplo em casa	Terapeutas indicam que homens devem ajudar filhos com sentimentos	"Do gol a gol para o pique-pega. Do esconde-esconde ao skate, depois para o balanço e, em seguida, para a queimada. “Samuca, vem almoçar!”, alguém grita. “Só mais um pouco”, responde o menino, de 8 anos. Mais corrida, pique-bandeirinha e começa tudo de novo. O menino não se cansa, enquanto vive a pureza e a velocidade da infância. Só parou um dia das férias para levar um papo mais sério com o pai. Era para falar de uma conversa que teve com um amigo, em que os dois riram porque viram um pouco demais do corpo de uma amiguinha. O pai, o goianiense Cleomar Barros, de 43 anos, morador de Brasília, recorda que precisou falar sério. Disse que era preciso respeitar as meninas, como sempre tratou a irmã, de 11 anos. E que não se deve dar risada. O menino concordou e o abraçou. “Faço questão sempre de mostrar que devemos ser parceiros e amigos”, diz Cleomar, que é analista de sistemas. Ele destaca que tenta mostrar ao filho gestos de cuidado e respeito que tem com a esposa e com a filha. Aliás, a “educação pelo exemplo” é, segundo profissionais que estudam e trabalham com temas ligados à “masculinidade saudável”, uma chave para que os pais atuem contra a misoginia dentro de casa, segundo afirmaram em entrevistas à Agência Brasil . Cada passo contra o machismo em casa (ou em qualquer outro espaço) pode representar bem mais do que um presente de Dia dos Pais (que é só uma vez ao ano). Em um cenário de tantas violências, de estupros coletivos a demonstrações de grupos masculinistas que demonstram ódio às mulheres, a ação afetiva dos pais no tempo presente pode ser preventiva. Mais conscientes, pais podem agir pela consciência dos meninos, ser mais parceiro das escolas e cobrar políticas públicas que tragam condições civilizatórias. “As maiores e mais eficazes formas de aprendizado de uma criança se dão por meio do modelo que o pai apresenta”, afirma o psicanalista Thiago Queiroz, que tem uma página intitulada “ Paizinho, vírgula!” , com mais de 324 mil seguidores, e é autor do livro Amor de pai . No instagram, a página pode ser vista neste link . Ele, que atua no Rio de Janeiro, diz que o respeito às mulheres precisa ser naturalizado em todos os espaços que frequenta com as crianças. “Esse processo é interpretado pela criança, pelo filho, à medida que vai crescendo”, acrescentou. Para Cleomar, a qualquer momento, é necessário observar se os meninos fazem comentários inadequados sobre as meninas. “Existem muitos livros infantis que trazem esse assunto de forma lúdica para naturalizar a força das mulheres e que não precisam de um príncipe encantado para salvá-las sempre”. Na pré-adolescência, já é possível, segundo ele, tratar do tema violência contra as mulheres. A psicóloga Bárbara Lobato, que atua em Brasília com famílias, concorda com a intervenção positiva. Ela tem observado que aumentou o número de pais atentos ao combate à misoginia. “É uma construção que tem de ser feita  de forma cotidiana”. Para Bárbara, é muito importante que os homens saibam, na vida adulta, identificar e falar sobre as suas dores para que possam transmitir as melhores mensagens aos filhos, de forma que estejam abertos ao diálogo, à transparência e à conexão. “É importante observar que garotos em idade de adolescência têm as próprias dores e, eventualmente, relatam algum tipo de negligência afetiva ou social por não se sentirem compreendidos”. Por isso, ela indica ser necessário, com o apoio dos responsáveis, acolher esse sentimento e compreender a angústia daquele rapaz. Esse caminho deve ser compartilhado também no ambiente escolar, espaço em que crianças e adolescentes podem ter contatos também com representações de machismo. A professora e orientadora educacional Ana Paula Lilly, de 56 anos, de uma escola da cidade de Bauru (SP), observa que os discursos de misoginia chegam aos adolescentes também por grupos de mensagens no celular. “É preciso trabalhar com prevenção, com educação digital e midiática. É preciso ensinar nossos jovens a analisar criticamente o que eles estão consumindo”, afirma. Ana Paula explica que a escola deve auxiliar os pais sobre o que crianças e adolescentes vivenciam quando não estão em casa . “Família e escola devem agir em parceria com mensagens coerentes sobre respeito, igualdade e responsabilidade”. Por isso, é dever da unidade de ensino também chamar os pais ou responsáveis quando houver incidência de demonstrações de violências. Para ampliar as discussões sobre a paternidade, um grupo de pais em São Paulo criou, na última semana, o canal de vídeos Papicast . para ser um espaço de discussão e uma rede de apoio paterna. Tiago Koch, de 43 anos, defende que os pais apresentem aos filhos  limites nas questões relacionadas ao corpo. Ele, que é cofundador também de um projeto chamado “De Mano pra Mano” de atuação nas escolas diretamente com meninos, avalia que os garotos estão “pedindo ajuda em silêncio” sobre como se relacionar com as meninas. Para ele, o machismo estrutural faz parte do contexto de vida dos garotos, e eles precisam contar com o apoio dos pais para entender mais sobre o mundo. “Há um ensinamento (perigoso) cada vez mais reforçado por esses grupos masculinistas e pelas próprias redes sociais”, afirma. O educador aponta que os meninos carecem de espaços de escuta, e de construção de caminhos propositivos que fujam de estereótipos de homens atravessados pela violência, força, performance da masculinidade, da provisão financeira e da hipersexualização. Tiago Koch considera que os pais estão com dúvidas sobre como lidar com as características de um mundo diferente porque não contam com referências dos antepassados. “Eles estão sendo atropelados principalmente pelo avanço da tecnologia que, a cada dia, traz novos desafios”. Também no Papicast, o ator e conferencista Tadeu França - pai de dois meninos -, que trata de temas como antirracismo e antibullying na infância, exemplifica que os filhos reconhecem quando o homem e a mulher atuam pelo cuidado da casa. “Em algum momento da criação, ele entendeu e associou que as coisas da casa são da mãe”. O terceiro participante do projeto, Dennis Takada, relata que os pais queriam ter mais tempo para ficar com os filhos . “As políticas públicas devem levar em conta as necessidades da paternidade e são fundamentais para melhorar a relação da família”. Os integrantes do Papicast defendem mais ações no campo de direitos dos pais, como a licença paternidade, e materiais educativos e de orientação às famílias. Tiago Koch considera que as meninas têm reconhecido mais imediatamente demonstrações de machismo e cobrado dos rapazes uma postura diferente. “Elas continuam precisando de políticas públicas de proteção e de escuta. Quando elas falam que os homens estão sendo machistas, pode virar ressentimento, ódio e violência. E eles não entendem”, afirmou. Foi a partir das dores, que aprendeu em casa, que o terapeuta Fábio Manzoli, de Jundiaí (SP), pai de gêmeos e criador do canal “Masculinidade saudável”, resolveu tratar dos traumas de outros homens. Tinha na memória a ordem que ouviu em casa: “homem deve engolir o choro”. Em contrapartida, ouviu palavras pejorativas para se referir a mulheres. “Comecei a perceber também padrões machistas em mim”. Mudou a própria história, depois de entender que o caminho de sua vida poderia ser diferente. “Comecei a perceber que esse ‘engole o choro’ era a raiz da maioria dos meus problemas”. O nascimento dos filhos abriu ainda mais seus olhos. Não somente abriu, como também deixou molhar. “Nós pais podemos chorar para eles também. Mostrar que a gente é ser humano. E que eles também estão autorizados a chorar”, disse. Romper o silêncio permanente dos homens pode ser mais um dos passos no combate à misoginia de todos os dias . ""Romper também com a história das mensagens machistas que eram tidas como naturais. Eu cresci, meus amigos cresceram, com ideias muito erradas. Chegou a hora de a gente mudar isso”, diz Cleomar, pai do Samuca. O menino corre, brinca e é fã da irmã mais velha."	Agência Brasil	direitos-humanos	False
https://agenciabrasil.ebc.com.br/direitos-humanos/noticia/2026-08/oabdf-lanca-violentometro-sobre-estagios-da-agressao-mulheres	2026-08-07	"OAB/DF lança ""violentômetro"" sobre estágios da agressão a mulheres"	Objetivo da ferramenta é alertar para os primeiros sinais de violência	"A Seccional do Distrito Federal da Ordem dos Advogados do Brasil (OAB-DF) lançou nesta sexta-feira (7) o Violentômetro Jurídico , uma ferramenta que recomenda como um guia sobre os diferentes níveis de violência que uma mulher pode enfrentar. O lançamento foi no seminário ""20 anos da Lei Maria da Penha: Inovações Legislativas, Desafios e Novos Horizontes"", realizado no dia em que a Lei Maria da Penha ( Lei nº 11.340/2006 ) completou duas décadas. O material expõe os diferentes níveis de violência que uma mulher pode enfrentar, organizado em três estágios: ""Fique Atenta"", ""Proteja-se"" e ""Fuja"". A partir disso, são descritos, para cada situação, a ação violenta e o sentimento que a vítima costuma vivenciar . Desde sinais de violência psicológica e moral, como humilhação pública, controle da vestimenta e das redes sociais; evoluindo para violência patrimonial e a chantagem emocional e/ou sexual. No terceiro e mais grave dos três estágios, estão a violência física direta, o abuso sexual, a ameaça com armas e a até a tentativa de homicídio. Para a diretora de Mulheres da OAB/DF, Nildete Santana de Oliveira, que fez a apresentação do violentômetro, a ação é um avanço na proteção às mulheres do Distrito Federal. “O Violentômetro Jurídico nasce para dar nome ao que muitas mulheres ainda não conseguem identificar como violência. Ele mostra, de forma clara e didática, que a agressão não começa no tapa. Ela já começa na humilhação, no controle, na mentira. Ao reconhecer esses primeiros sinais, a mulher pode buscar ajuda antes que a situação se agrave. É um instrumento de prevenção e, sobretudo, de empoderamento”, disse Nildete. Durante o seminário, a OAB-DF foi certificada com o selo “Nós Por Elas”, entregue pelo instituto de mesmo nome. A certificação reconhece a seccional como uma organização comprometida com a construção de ambientes mais seguros, inclusivos e igualitários para as mulheres, sobretudo, para aquelas em situação de violência doméstica e familiar. O Brasil registrou, em 2025, 1.571 vítimas de feminicídio, o maior número da série histórica iniciada em 2015. No Distrito Federal, foram 29 casos. A representante do Ministério Público do Distrito Federal e Territórios (MPDFT) Cláudia Braga Núñez avaliou que os números elevados no distrito decorrem de um protocolo da Polícia Civil, que investiga todos os homicídios contra mulheres sob a perspectiva de gênero. “Enquanto a média nacional de classificação como feminicídio gira em torno de 40%, aqui, esse índice chega a 60%. Isso demonstra que nossas instituições estão atentas e que temos menos subnotificação, o que evidencia uma atuação institucional integrada e eficaz”, pontuou a promotora de Justiça. A presidente da Comissão de Combate à Violência Doméstica e Familiar da OAB/DF, Isabelle Duarte, destacou que, duas décadas depois da Lei Maria da Penha, é preciso debater as inovações da legislação e avançar para que o texto legal represente proteção de fato. “A Lei Maria da Penha é reconhecida por ser uma das melhores leis do mundo. Mas, percebemos que há, ainda, um número muito expressivo de casos [de violência contra mulheres], mesmo 20 anos depois da sua promulgação”, admite a advogada. Isabelle Duarte defende a educação da população como a melhor forma de lidar com o tema. “Há um problema estrutural, o machismo estrutural, o patriarcado, que infelizmente ainda oprimem muito as mulheres”, constata. A advogada aponta que a educação também serve para que as mulheres conheçam seus direitos e, sobretudo, identifiquem quando são vítimas de agressões"". A liderança destacou o fortalecimento do atendimento por meio das Delegacias Especiais de Atendimento à Mulher (DEAMs), das Patrulhas Maria da Penha e de equipes multidisciplinares (psicólogos e assistentes sociais), além do apoio da Casa da Mulher Brasileira e do trabalho conjunto da OAB com essas instituições. Mulheres em situação de violência e pessoas que desejam apoiá-las podem buscar orientação na Central de Atendimento à Mulher – o Ligue 180. A central fornece informações sobre os direitos das mulheres e indica os serviços de apoio mais próximos, como delegacias especializadas, centros de referência, defensorias públicas e unidades de saúde. Também recebe e encaminha denúncias aos órgãos competentes. A mulher pode procurar qualquer delegacia de polícia para registrar a ocorrência e solicitar medidas protetivas de urgência. Em casos de emergências e ocorrências imediatas, o telefone 190 da Polícia Militar do Distrito Federal. Já a Patrulha Maria da Penha é um serviço realizado pelas polícias militares em diversos estados e municípios para acompanhar mulheres que possuem medidas protetivas de urgência. As equipes da Patrulha Maria da Penha podem realizar visitas periódicas, orientar as mulheres e fiscalizar o cumprimento das determinações judiciais. Atualmente, o Brasil conta com 13 Casas da Mulher Brasileira, que reúnem, em um mesmo espaço, diferentes serviços especializados de atendimento às mulheres em situação de violência. A integração dos serviços busca evitar que a mulher precise percorrer diferentes locais para receber atendimento e proteção. O Ministério das Mulheres contabiliza outras 38 Casas da Mulher Brasileira em diferentes etapas de obras e de contratação pelos gestores estaduais e municipais."	Agência Brasil	direitos-humanos	False
https://agenciabrasil.ebc.com.br/direitos-humanos/noticia/2026-08/agu-se-reune-com-discord-e-cobra-protecao-de-criancas-na-plataformas	2026-08-07	AGU se reúne com Discord e cobra proteção de crianças na plataforma	Jovem foi induzida a cometer suicídio durante live na plataforma	A Advocacia-Geral da União (AGU) informou nesta sexta-feira (7) que se reuniu com representantes da rede social Discord para tratar de falhas intensificadas na verificação de idade e proteção de crianças e adolescentes que utilizam a plataforma. O encontro foi agendado após a repercussão do caso de uma adolescente que foi induzida a tirar a própria vida durante uma live transmitida pela plataforma . O episódio ocorreu no mês passado. Durante a reunião, os representantes da AGU ressaltaram que a proteção de crianças e adolescentes é um dever legal que deve ser cumprido pelas empresas que operam as redes sociais e cobraram medidas concretas para prevenção de riscos, identificação de situações de vulnerabilidade e de proteção de menores de idade. Segundo o órgão, os representantes do Discord manifestaram disposição para cumprir as exigências legais e corrigir as falhas identificadas. A AGU avalia propor a assinatura de Termo de Ajustamento de Conduta (TAC) para assegurar o cumprimento das regras. Em caso de descumprimento, o órgão estuda entrar com uma ação judicial contra a plataforma.	Agência Brasil	direitos-humanos	False
https://agenciabrasil.ebc.com.br/direitos-humanos/noticia/2026-08/relogio-da-longevidade-e-tema-do-caminhos-da-reportagem	2026-08-10	Relógio da longevidade é tema do Caminhos da Reportagem	Programa vai ao ar nesta segunda-feira às 23h na TV Brasil	A desigualdade social é uma das marcas do Brasil, característica que também se reflete na velhice. Seis de cada 10 brasileiros com 60 anos ou mais vivem de benefícios do Instituto Nacional do Seguro Social (INSS). Quem não faz parte desse bolo são servidores públicos vinculados a regimes específicos e gente que complementa a renda com previdência privada ou que ainda trabalha. O programa “ O relógio financeiro da longevidade ” vai ar ao ar nesta segunda (10), às 23h, na TV Brasil e no canal da emissora no Youtube . O teto pago pela previdência pública atualmente é R$ 8.475,55. Mas a maioria dos aposentados recebe, em média, R$ 3.207,05. Os dados são do Ministério da Previdência. “No mesmo país onde temos grupos sociais que estão chegando facilmente aos 80 anos com um acúmulo de poupanças – poupança de saúde, de segurança e financeira –, temos também um grupo que não está chegando com nada disso”, diz o secretário Nacional dos Direitos da Pessoa Idosa, Alexandre da Silva. Especialista em Finanças e CEO do Movimento Black Money, Nina Silva lembra que “trabalhadores pretos e pardos recebem cerca de 40% a 45% a menos que trabalhadores brancos. Como a aposentadoria é reflexo do histórico contributivo, essa massa chega à velhice com benefícios no piso mínimo”. A própria Nina ajuda a responder: “gerar capital dentro da comunidade tem impacto direto na base da pirâmide social. Nosso trabalho é quebrar o ciclo da pobreza intergeracional”, explica. Mas há muitos outros pontos importantes nessa discussão: ampliar a educação financeira de idosos, diminuir o número de golpes e controlar a violência patrimonial (tomar ou destruir bens, dinheiro ou documentos de uma pessoa), que explodiu no ano passado. “Em 2025, tivemos mais de 59 mil denúncias de violações de direitos humanos em questão patrimonial envolvendo a pessoa idosa. Neste ano, nós já temos mais de 19 mil denúncias desse tipo”, conta a coordenadora-geral do Disque 100, Franciely Almeida. É o caso da mãe do servidor público Flávio Amorim. Professora aposentada, ela foi alvo da filha, irmã de Flávio, enquanto enfrentava um aneurisma e um glaucoma que a deixaram cega de um olho. “Ela começou a morar com a minha mãe e passou a ter acesso ao celular que tinha a conta do banco. Fez cinco empréstimos consignados. Ao todo, um rombo de R$ 370 mil”, revela Flávio. Casos como esses têm se espalhado pelo país. Para entender o perfil de vítimas e agressores e apontar como se prevenir de fraudes e solucionar o problema, a equipe do Caminhos da Reportagem conversou com outras vítimas, policiais, defensores públicos e educadores financeiros.	Agência Brasil	direitos-humanos	False
https://agenciabrasil.ebc.com.br/direitos-humanos/noticia/2026-08/sao-paul-registra-dois-novos-casos-de-feminicidio	2026-08-11	São Paulo registra dois novos casos de feminicídio	Crimes ocorreram em Pindamonhangaba e Osasco	Um homem de 25 anos foi preso em flagrante na manhã de segunda-feira (10), suspeito de matar a tiros a ex-namorada, de 23 anos, em Pindamonhangaba (SP). A jovem tinha medida protetiva de urgência contra o suspeito. O caso foi registrado na Delegacia de Polícia da cidade como feminicídio, além de localização e apreensão de veículo. Segundo a Secretaria da Segurança Pública de SP (SSP), policiais militares foram acionados na própria segunda-feira para atender uma ocorrência de disparos de arma de fogo e encontraram a vítima caída em via pública, com ferimentos provocados por disparos. O Samu constatou a morte da mulher no local. Durante as investigações, familiares e testemunhas apontaram o ex-namorado como possível autor do crime. “Os policiais localizaram o veículo utilizado por ele e, posteriormente, o encontraram em seu apartamento, com ferimentos aparentemente provocados por disparo de arma de fogo. No imóvel, foi apreendido um revólver calibre 38”, informou a SSP, em nota. O local do crime e o apartamento foram periciados. O corpo da vítima foi encaminhado ao Instituto Médico Legal (IML). O veículo utilizado pelo suspeito foi apreendido e ele permaneceu hospitalizado, sob escolta policial. A Polícia Civil cumpriu um mandado de prisão contra um homem de 65 anos, na tarde de segunda-feira (10), em Osasco (SP). Ele é investigado pelo feminicídio de sua companheira, de 43 anos, ocorrido no sábado (8), segundo a SSP. Segundo boletim de ocorrência, a vítima foi encontrada caída na rua por policiais militares, que foram acionados por testemunhas. A mulher foi socorrida por uma equipe do Samu, mas não resistiu aos ferimentos. Segundo a SSP, antes de fugir, o homem ainda tentou atacar o filho da vítima. Foram solicitados exames ao IML e ao Instituto de Criminalística (IC).	Agência Brasil	direitos-humanos	False
https://agenciabrasil.ebc.com.br/direitos-humanos/noticia/2026-08/rio-delegacias-terao-sala-especial-para-mulheres-vitimas-de-violencia	2026-08-04	Rio: delegacias terão sala especial para mulheres vítimas de violência	As chamadas Salas Lilás também vão funcionar em unidades do IML	A Polícia Civil do Rio criou o Programa Salas Lilás, esta terça-feira (4), que estabelece diretrizes para a implantação de espaços especializados para atender mulheres e meninas vítimas de violência de gênero em delegacias de polícia e em unidades do Instituto Médico Legal (IML). A medida prevê a necessidade de ambientes próprios para oferecer um atendimento humanizado e garantir a redução da revitimização, em consonância com a Convenção Interamericana para Prevenir, Punir e Erradicar a Violência contra a Mulher (Convenção de  Belém do  Pará). A implantação das Salas Lilás seguirá critérios técnicos que consideram indicadores de incidência de violência de gênero nas regiões, como ocorrências de violência doméstica, registros de estupro, medidas protetivas solicitadas e feminicídios. Os espaços são organizados em três ambientes interligados: sala de espera, com material informativo e espaço lúdico para crianças; sala de atendimento, destinada ao acolhimento da vítima, ao registro de ocorrência e à solicitação de medidas protetivas de urgência,  além da sala de exames, de uso exclusivo dos serviços médico-legais.	Agência Brasil	direitos-humanos	False
https://agenciabrasil.ebc.com.br/direitos-humanos/noticia/2026-08/cientistas-cassados-pelo-ai-5-viram-pesquisadores-emeritos-da-fiocruz	2026-08-05	Cientistas cassados pelo AI-5 viram pesquisadores eméritos da Fiocruz	Homenagem foi realizada no Dia Nacional da Saúde	"A Fundação Oswaldo Cruz (Fiocruz) concedeu, nesta quarta-feira (5), o título de pesquisador emérito a nove cientistas da instituição que tiveram seus direitos políticos cassados em 1970, durante a ditadura militar. O episódio ficou conhecido como o Massacre de Manguinhos . A homenagem ocorreu no Dia Nacional da Saúde, celebrado em 5 de agosto, quando se comemora também o nascimento do médico e sanitarista Oswaldo Cruz, patrono da Fiocruz e seu segundo presidente. O tributo foi nas escadarias do Castelo Mourisco, na sede da instituição, no Rio de Janeiro, onde os trabalhadores foram reincorporados, há 40 anos, na gestão de Sérgio Arouca. Os nove homenageados são: Augusto Cid de Mello Perissé, Tito Arcoverde de Albuquerque Cavalcanti, Haity Moussatché, Fernando Braga Ubatuba, Moacyr Vaz de Andrade, Hugo de Souza Lopes, Masao Goto, Sebastião José de Oliveira e Domingos Arthur Machado Filho. Foi realizada ainda a entrega simbólica do título a herdeiros de Herman Lent, que também foi cassado em 1970, mas já era pesquisador emérito da Fiocruz desde 2004. O presidente da Fiocruz, Mario Moreira, lembrou que os pesquisadores foram afastados da fundação pelo Ato Institucional 5 (AI-5) e proibidos de exercer cargos em quaisquer outras instituições públicas pelo AI-10. O retorno deles à Fiocruz foi em 1986, já no processo de redemocratização. “Nós reintegrarmos os cassados em um ato político muito forte, simbólico, sinalizando, naquela época acreditávamos nisso, que estávamos afastando os perigos de governos autocráticos”, disse Moreira à Agência Brasil . O presidente da Fiocruz acredita ser um momento oportuno para preservar essa memória e reafirmar valores como a defesa da ciência e da democracia. “Contra o negacionismo e as ‘fake news’ que ainda nos rondam até o dia de hoje, reafirmamos a ciência como base da democracia, para que o país possa desenvolver-se de forma mais justa e mais equânime”. Moreira destacou que os homenageados tiveram papel importante para a ciência brasileira , produzindo conhecimento sobre grandes desafios da saúde de sua época. Além disso, eram importantes formadores, como professores de pós-graduação. “A Fiocruz foi se consolidando ao longo do tempo como uma instituição de ciência e tecnologia de excelência no campo da saúde por causa do trabalho que essa turma desenvolveu e vem desenvolvendo”. Walter Oswaldo Cruz, filho do patrono da fundação e um dos membros fundadores da Sociedade Brasileira para o Progresso da Ciência (SBPC), também recebeu o título de pesquisador emérito durante a cerimônia. A programação incluiu ainda homenagem à chanceler da Universidade Santa Úrsula, madre Maria de Fátima. O apoio dela permitiu que cientistas cassados, como Herman Lent, Domingos Arthur Machado Filho e Hugo de Souza Lopes, continuassem a lecionar. Confira mais informações sobre a homenagem no Repórter Brasil , da TV Brasil Augusto Périssé (1917–2008) Nascido em Barbacena (MG), em 1917, Augusto Périssé formou-se em farmácia (1938) pela Universidade do Brasil e obteve o título de Doutor em Ciências (Química) pela Universidade de São Paulo (USP). Sua trajetória no Instituto Oswaldo Cruz começou em 1943, através de concurso. Foi tecnologista, pesquisador e mentor e organizador do Laboratório de Química Orgânica. O AI-5 também o impediu de assumir a cátedra na USP, em Ribeirão Preto, apesar de ter sido aprovado em concurso. Suas pesquisas pioneiras sobre o veneno de diplópodes brasileiros, cujo objetivo era o desenvolvimento de anestésicos inovadores, foram interrompidas pelo regime militar. Os diplópodes são animais artrópodes de solo, geralmente pequenos, alongados e escuros, popularmente conhecidos por piolhos-de-cobra, embuás, gongolos, maria-café, entre outros nomes. No exílio, Périssé foi convidado para assumir o cargo de diretor de Pesquisa e Professor do Instituto Nacional da Saúde e da Pesquisa Médica (INSERM), em Paris, mas recusou o cargo porque exigia a naturalização francesa e ele não aceitava abdicar da cidadania brasileira. Foi professor catedrático na Universidade Eduardo Mondlane, em Moçambique, onde se dedicou ao desenvolvimento científico da África, retornando ao Brasil em 1979 para cuidar da saúde da esposa, Vera de Andrade Périssé. Foi reintegrado formalmente à Fiocruz em 1986, para a qual já prestava consultoria desde 1981. Produziu revisões fundamentais sobre a Bioquímica da Hanseníase e retomou seus estudos sobre diplópodes. Afastou-se por motivos de saúde em 1994, falecendo em 2008. Domingos Arthur Machado Filho (1914–1990) Domingos Arthur Machado Filho foi um cientista multidisciplinar, graduando-se em três áreas: veterinária, pela Escola Nacional de Veterinária, atual Universidade Federal Rural do Rio de Janeiro (UFRRJ); história natural, pela Universidade do Distrito Federal (UDF); e medicina, pela Escola de Medicina e Cirurgia do Instituto Hahnemanniano (atual Universidade Federal do Estado do Rio de Janeiro (UniRio). Nascido no Rio de Janeiro em 1914, sua carreira no Instituto Oswaldo Cruz (IOC) começou precocemente, em agosto de 1935, quando ingressou como estagiário voluntário na Divisão de Zoologia Médica. Foi bolsista, professor e pesquisador titular, culminando na chefia da Seção de Helmintologia, tema no qual se tornou uma autoridade internacional, com foco especial no estudo dos acantocéfalos (vermes parasitas de probóscide espinhosa). A ditadura militar interrompeu a ascensão do pesquisador em 1970. Mais do que a aposentadoria compulsória, a aplicação dos atos de exceção impôs-lhe um silenciamento intelectual severo, banindo-o do ensino e da pesquisa em qualquer instituição financiada pelo Estado. Durante o exílio institucional, exerceu sua vocação docente na Faculdade de Medicina de Valença (1968–1981) e na Faculdade de Medicina de Nova Iguaçu (1981–1988). Embora tenha sido reintegrado ao quadro de pesquisadores da Fiocruz, em 1986, o estado de saúde fragilizado pelos anos de perseguição impediu seu retorno pleno às atividades laboratoriais. Domingos Arthur Machado Filho faleceu em agosto de 1990. Em sua homenagem, a prefeitura do Rio de Janeiro deu seu nome ao Espaço de Desenvolvimento Infantil (EDI) situado na Rua Leopoldo Bulhões, em Manguinhos. Fernando Braga Ubatuba (1917–2003) Natural de Pelotas (RS), graduou-se em medicina pela Universidade do Brasil, atual Universidade Federal do Rio de Janeiro (UFRJ), em 1942, ano em que também ingressou no Instituto Oswaldo Cruz (IOC) como químico-analista. Doutor em Bioquímica pela Escola Nacional de Veterinária, onde atuou como professor catedrático, criou um núcleo de pesquisas em ciências fisiológicas que se tornou referência nacional. Membro titular da Academia Brasileira de Ciências (ABC), foi orientador de cientistas que viriam a ser grandes lideranças nacionais, como Jorge Guimarães, ex-presidente da Coordenação de Aperfeiçoamento de Pessoal de Nível Superior (Capes), e Eloi Garcia (ex-presidente da Fiocruz). Em 1968, foi preso na UFRRJ e mantido incomunicável por 14 dias no paiol de pólvora do Exército, em Paracambi, sendo posteriormente forçado a ministrar suas aulas sob escolta armada. O expurgo conjunto de Ubatuba, Haity Moussatché e Tito Cavalcanti desestruturou por completo a Divisão de Fisiologia e Farmacodinâmica do IOC. Atendendo a convite do governo da Venezuela, em 1970, instalou uma Unidade de Investigações em Ciências Fisiológicas na Universidad Experimental de la Región Centro-Occidental (UCO), em Barquisimeto. Ali realizou um antigo sonho científico, que foi a caracterização das saponinas esteroidais do sisal. O extrato do sisal servia de matéria-prima rica em intermediários para a síntese de hormônios esteroidais. Com o encerramento de seu contrato na UCO, no final de 1971, Ubatuba foi contemplado com uma bolsa na Inglaterra e indicou para substituí-lo na chefia da unidade em Barquisimeto seu colega de cassação, Haity Moussatché, que consolidou o projeto. Ubatuba integrou a equipe de elite do célebre farmacologista John Vane, participando diretamente das linhas de pesquisa sobre os peróxidos e hidroperóxidos do ácido araquidônico, o mecanismo de ação da aspirina e a descoberta e caracterização da prostaciclina (PGI2), uma nova prostaglandina produzida no endotélio vascular. O esforço científico coletivo culminou na concessão do Prêmio Nobel de Medicina a John Vane, em 1982, e inscreveu o nome de Fernando Ubatuba na história das maiores conquistas da farmacologia mundial. Com a abertura política e a Lei da Anistia, Ubatuba retornou ao Brasil em 1980, para reformular o Departamento de Farmacologia Médica da Universidade de Brasília (UnB). Em 1986, optou por permanecer na UnB, embora tenha sido formalmente reintegrado aos quadros da Fiocruz. O cientista faleceu em 2003. Haity Moussatché (1910–1998) Nascido na Turquia e naturalizado brasileiro, Haity Moussatché graduou-se em medicina pela atual UFRJ. Parte de sua formação inicial ocorreu no laboratório dos irmãos Álvaro e Miguel Ozório de Almeida, o principal centro de excelência em fisiologia e farmacologia do país na época. O local chegou a ser visitado por Albert Einstein, Marie Curie e Irène Joliot-Curie. Em 1934, após consolidar sua nacionalidade brasileira, Moussatché ingressou no Laboratório de Fisiologia do Instituto Oswaldo Cruz (IOC). Foi Moussatché que introduziu em Manguinhos o rigor da fisiologia experimental e da farmacodinâmica moderna. Com produção de mais de 200 artigos científicos ao longo de seis décadas, sua obra tornou-se referência global em áreas fundamentais da saúde pública e da ciência básica. Chefiou seções vitais no IOC entre as décadas de 1950 e 1960, realizando estudos pioneiros sobre a reação anafilática e a reatividade de músculos lisos e estriados. Ao lado de Maurício Rocha e Silva, integrou o grupo fundador da Sociedade Brasileira para o Progresso da Ciência (SBPC). A convite de Darcy Ribeiro, fez parte do grupo de trabalho responsável pelo planejamento da Universidade de Brasília (UnB). Durante o exílio na Venezuela, trabalhou na Universidad Centro-Occidental Lisandro Alvarado, dando continuidade à pesquisa de Fernando Braga Ubatuba. Com a redemocratização, em 1985, Moussatché retornou ao Brasil e reorganizou o Departamento de Fisiologia e Farmacodinâmica da Fiocruz, áreas que haviam sido virtualmente desmanteladas após o expurgo. Hugo de Souza Lopes (1909-1991) Hugo de Souza Lopes ingressou em Manguinhos em 1931, ainda estudante, como estagiário voluntário de Lauro Travassos. Ali, ao lado de nomes como Herman Lent, ajudou a consolidar um modelo de pesquisa baseado na observação rigorosa e na paixão pela diversidade biológica. Médico veterinário de formação, permaneceu como voluntário não remunerado em Manguinhos por mais de uma década (1938-1949), movido somente pelo compromisso com a ciência. Com mais de 200 publicações, foi professor conferencista do Conselho Nacional de Desenvolvimento Científico e Tecnológico (CNPq, 1-A na época) e tornou-se a maior autoridade mundial na família Sarcophagidae, que são moscas conhecidas como moscas da carne. Realizou mais de 1 mil criações de moscas em laboratório, descrevendo inúmeros gêneros e  espécies novas. Destacou-se também na malacologia (estudo dos moluscos) e na botânica, mantendo coleções vivas que serviam de base para seus orientandos. Em 1970, quando ocupava a chefia da Seção de Entomologia, Hugo de Souza Lopes foi cassado pelo AI-5 e viu-se impedido de entrar nos laboratórios que ajudou a construir. Apesar de tudo, foi para o Museu Nacional e para a Universidade Santa Úrsula, onde continuou a formar gerações de biólogos. Faleceu em 1991. Masao Goto (1919–1986) Nascido no Rio de Janeiro em 1919, Masao Goto formou-se em medicina pela Universidade do Brasil (atual UFRJ). Ingressou oficialmente em Manguinhos em 1944, por meio de concurso público, tornando-se pesquisador, professor e, posteriormente, chefe da Seção de Micologia. Especialista de renome internacional, Goto dedicou décadas ao estudo das micoses sistêmicas e superficiais, como a paracoccidioidomicose e a pitiríase, sendo o principal colaborador do eminente cientista Antônio Eugênio de Arêa-Leão. No Hospital Evandro Chagas, teve atuação clínica em alergia e imunologia, unindo a pesquisa de bancada ao atendimento médico direto à população. Em 1970, em parceria com Moacyr Vaz de Andrade e Arêa-Leão, liderava uma das linhas de pesquisa mais promissoras da área no país: o estudo de metabólitos fúngicos com potencial ação analgésica para pacientes com câncer, cuja investigação já se encontrava em fase de testes clínicos, conduzidos no Hospital Mário Kroff e no Instituto do Câncer. A cassação política do grupo resultou na perda de todos os avanços científicos acumulados ao longo de anos. No exílio institucional, dedicou-se exclusivamente à clínica particular. Embora tenha sido oficialmente reintegrado em 1986, o destino impediu seu retorno físico aos laboratórios de Manguinhos: Masao Goto faleceu precocemente em decorrência de problemas cardíacos logo após a conquista da anistia, sem chegar a reassumir o seu cargo na instituição que ajudou a construir. Moacyr Vaz de Andrade (1920–2001) Nascido no Rio de Janeiro em 1920, Moacyr Vaz de Andrade se graduou em química pela Faculdade Nacional de Filosofia e obteve o título de doutor em 1951. Foi aluno do Curso de Aplicação do Instituto Oswaldo Cruz (IOC), aprovado em concurso público para químico analista e contratado em 1943. No IOC, atuou como pesquisador e professor na Seção de Micologia, especializando-se em química e terapêutica de fungos. Sua reconhecida competência técnica e institucional levou-o a representar o Instituto na Comissão de Biofarmácia do Serviço Nacional de Fiscalização de Medicina e Farmácia do Ministério da Saúde. Teve o trabalho promissor com Masao Goto e Antônio Eugênio de Arêa-Leão interrompido em 1970, pelo ""Massacre de Manguinhos"". Cassado pelo AI-5 e impedido de exercer funções públicas pelo AI-10, todo o projeto foi descontinuado e os avanços acumulados ao longo de anos foram completamente perdidos. Após a cassação, enfrentou um doloroso período de dois anos e meio de desemprego forçado. A partir de 1973, transferiu sua expertise para a iniciativa privada, onde chefiou o controle de qualidade de produtos farmacêuticos, alimentícios e dietéticos. Com a conquista da anistia, em 1986, foi reintegrado ao quadro de pesquisadores da Fiocruz, retornando ao Departamento de Micologia, onde trabalhou até 1997, quando se afastou por questões de saúde. Faleceu em 2001. Sebastião José de Oliveira (1918–2005) Nascido no Rio de Janeiro, em 1918, Sebastião José de Oliveira, pesquisador negro de Cascadura, formou-se em medicina veterinária em 1941, pela Escola Nacional de Veterinária (atual UFRRJ). Sob a orientação de Hugo de Souza Lopes e Lauro Travassos, ingressou no Instituto Oswaldo Cruz (IOC), em 1939, como estagiário voluntário. Em 1944, iniciou as pesquisas que constituiriam o núcleo de estudos sobre os Chironomidae no IOC, dípteros que o fascinavam desde a infância, como moscas, mosquitos, varejeiras, pernilongos, borrachudos e mutucas. Sebastião foi um pilar nas históricas expedições científicas lideradas por Lauro Travassos, participando ativamente da coleta de milhares de exemplares que hoje compõem a prestigiada Coleção Entomológica do IOC. Sua produção científica soma 123 trabalhos publicados, incluindo a descrição de quatro gêneros novos (Lopescladius, Brasixenos, Corytibacladius e Laurotanypus) e 70 espécies. O amplo reconhecimento internacional de sua obra foi selado pelo gênero Oliveriella e por outras dez espécies que receberam o epíteto oliveirai, em sua homenagem. Na década de 1960, o pesquisador alemão Ernst Josef Fittkau, após realizar expedições de coleta na Amazônia pelo convênio entre o Max Planck Institut e o Instituto Nacional de Pesquisas da Amazônia (INPA), convidou Sebastião José de Oliveira para, juntos e com o amparo de uma bolsa de pesquisa, estudarem o material coletado. Essa colaboração, contudo, foi interrompida pelo Massacre de Manguinhos. Somente 30 anos após o convite original, uma pesquisadora brasileira, Maria Conceição Messias, ex-aluna de Sebastião, pôde estudar esse material durante a preparação de sua tese de doutorado. O trabalho foi realizado sob a orientação conjunta de Fittkau e Oliveira, constituindo a primeira tese sobre taxonomia de Chironomidae defendida no Brasil. Impedido de trabalhar no setor público, o pesquisador prestou consultorias e serviços à iniciativa privada até ser reintegrado à Fiocruz, em 1986. No seu retorno, assumiu a docência e a curadoria da Coleção Entomológica. Sua contribuição ao Estado do Rio de Janeiro expandiu-se também para a gestão pública, na qual atuou como Subsecretário Adjunto de Ciência e Tecnologia entre 1992 e 1993. Sebastião José de Oliveira faleceu em 16 de abril de 2005, deixando a afirmação da identidade negra na ciência brasileira. Tito Arcoverde de Albuquerque Cavalcanti (1905-1990) Natural de Taquaritinga (SP), Tito Arcoverde doutorou-se em Medicina pela Universidade de São Paulo (USP). Sua carreira docente teve início na própria USP, onde foi assistente e chefe de laboratório. Em 1939, após aprovação em concurso para a Faculdade de Odontologia da Universidade do Brasil, ingressou no Instituto Oswaldo Cruz (IOC), em Manguinhos. Na instituição, exerceu liderança científica, atuando como pesquisador, professor e chefe da Divisão de Fisiologia e Farmacodinâmica. A competência de Tito Arcoverde Cavalcanti levou-o a ocupar cargos de alta relevância no cenário científico nacional. Cedido pelo IOC, colocou-se à disposição do CNPq, onde foi diretor do Setor de Pesquisas Biológicas, de 1955 a 1963, e membro do Conselho Deliberativo, de 1963 a 1966. Tito também colaborou com o Instituto Nacional de Pesquisas da Amazônia (INPA). Em 1959, retornou a Manguinhos, onde exerceu o cargo de diretor do Instituto Oswaldo Cruz entre 1960 e 1961 (cargo equivalente ao de presidente da Fiocruz). Sua produção científica teve forte impacto social, com foco em nutrição e saúde ocupacional. Destacam-se seus estudos pioneiros sobre o valor energético dos alimentos brasileiros; problemas alimentares em regiões específicas como a Amazônia, Maranhão e Piauí; saúde do trabalhador, com ênfase em pesquisas no setor de indústrias gráficas; estudos sobre águas minerais, que lhe renderam o prêmio da Sociedade de Medicina e Cirurgia de São Paulo. Em 1986, após 16 anos de afastamento forçado, Tito Arcoverde foi reintegrado à Fiocruz. Já em idade avançada, retomou o trabalho ao lado de Haity Moussatché, dedicando-se à reorganização do Departamento de Fisiologia e Farmacodinâmica da instituição. Sua vida e obra permanecem como símbolos da resistência científica brasileira e da luta pela autonomia das instituições de pesquisa. Faleceu em 1990."	Agência Brasil	direitos-humanos	False
https://agenciabrasil.ebc.com.br/direitos-humanos/noticia/2026-08/lei-maria-da-penha-representou-avancos-mas-precisa-de-aplicabilidade	2026-08-07	Lei Maria da Penha completa 20 anos entre avanços e desafios	Especialistas apontam obstáculos para efetivar proteção às mulheres	Há exatos 20 anos, era sancionada a Lei Maria da Penha , um dos principais marcos no combate à violência contra as mulheres no Brasil. Ao definir a violência doméstica, a lei nº 11.340/2006 enfrentou à naturalização das agressões que aconteciam, em geral, entre quatro paredes. Embora o país tenha alcançado avanços importantes a partir dessa lei, ainda há desafios como a subnotificação, a dificuldade no acesso à Justiça e os altos índices de feminicídio . Só em 2025, foram 1.568 mulheres vítimas de feminicídio no Brasil , um crescimento de 4,7% em relação ao ano anterior. Desde a tipificação desse crime, em março de 2015, ao menos 13.703 mulheres já foram assassinadas por sua condição de ser mulher. Os dados são do Fórum Brasileiro de Segurança Pública (FBSP). Para a advogada Luciane Mezarobba, que atende exclusivamente mulheres, a Lei Maria da Penha é uma ferramenta avançada de enfrentamento à violência. “Ela elevou o combate à violência contra a mulher, nos âmbitos familiares, doméstico e amoroso, a um problema público, superando aquela velha e obtusa máxima de que ‘em briga de marido e mulher, ninguém mete a colher’.” A lei reconheceu ainda que essa violência não é apenas física, ela pode ser psicológica, sexual, patrimonial, moral e vicária. “Com isso, condutas até então normalizadas e mesmo socialmente aceitas, como constranger, humilhar, manipular, ridicularizar, insultar e explorar, inclusive financeiramente a mulher, nos contextos doméstico, amoroso e familiar, constituem violência e serão punidas”, disse Luciane, em entrevista à Agência Brasil. Ela mencionou que a lei seguiu sendo aprimorada ao longo dos anos. A violência vicária, por exemplo, foi incluída na lei em 2026. Ela acontece quando o agressor utiliza terceiros — como filhos, familiares ou pessoas da rede de apoio — a fim de atingir a vítima. “São avanços consistentes e que seguramente já salvaram muitas vidas, apesar dos terríveis números de feminicídio e violência contra a mulher que nos assombram diariamente.” Para a socióloga e cientista política Bruna Camilo, uma das principais contribuições de uma lei é dar nome àquilo que está acontecendo. “Antes da lei, era uma agressão como qualquer outra. As mulheres não tinham a quem recorrer nem ao que recorrer. Elas achavam que era o destino delas, era uma naturalização absurda da violência contra as mulheres”, disse. Ela ressaltou que não basta a existência da lei, é preciso que ela seja aplicada em todo o sistema de justiça. “Se [as disposições] fossem todas seguidas, certamente seria uma lei extremamente forte no nosso país. Ela é muito importante, é inegável, traz um norte para o nosso país, só que infelizmente ela não é cumprida em todo o seu teor.” O sistema de proteção à mulher falhou no caso de Júlia*, que denunciou uma agressão do ex-companheiro e pai de seu filho. Acompanhada pela Defensoria Pública no processo de pensão e guarda, a vítima solicitou também a medida protetiva de urgência contra o agressor, o que foi concedido pela Justiça paulista. No entanto, a aplicação desse dispositivo da lei nunca aconteceu. “A medida de manter o ex-companheiro longe acaba não sendo monitorada de forma alguma. Não é só comigo. Várias mulheres pedem a medida protetiva, ela é registrada, só que ela não é praticada”, relatou Júlia. O limite mínimo de distância fixado pelo juiz, em que o agressor fica proibido de ultrapassar em relação à vítima, não foi cumprido. Isso porque o agressor morava há menos de 1 quilômetro de Júlia e fazia trajetos pelo bairro em que passava em frente à casa da vítima com frequência, mesmo sabendo que ele precisava manter distância. “Ninguém fiscaliza, ninguém faz nada, é como se não tivesse [a medida protetiva]. Tanto que eu até larguei de mão, por mais que ele tenha me ameaçado e tudo mais, eu larguei de mão porque não adianta. E aí eu estou correndo só com a [ação de] pensão mesmo”, acrescentou Júlia. No primeiro semestre desse ano, houve descumprimento de 13.301 medidas protetivas de urgência no estado de São Paulo. O resultado representa um aumento de 18,7% em relação ao mesmo período de 2025, quando 11.209 medidas foram descumpridas. Os dados são da Secretaria da Segurança Pública do estado (SSP). Um desses casos levou ao feminicídio de Carla Carolina Miranda da Silva , esfaqueada pelo agressor em via pública, na capital paulista, em janeiro deste ano. A vítima já havia denunciado o agressor por violência doméstica e tinha medida protetiva determinando que ele não se aproximasse. Bruna Camilo avalia que as medidas para o combate à violência doméstica vão além da sanção da lei. Segundo ela, as delegacias precisam acolher as mulheres de forma que se sintam seguras para denunciar. Além disso, juízes e promotores devem considerar que a punição da violência doméstica é importante e não pode ser minimizada. “Nossa sociedade é patriarcal, ela é construída [com base] na misoginia e no machismo. A sociedade precisa se reeducar em relação à violência contra as mulheres. Então, muita coisa tem que melhorar”, disse Bruna, em relação aos desafios para o combate à violência doméstica. Um caso de grande repercussão, exemplo do machismo e da misoginia, foi o atropelamento de Tainara Souza Santos, arrastada - presa embaixo do veículo - por cerca de um quilômetro na Marginal Tietê, em novembro do ano passado. Na ocasião, a vítima teve as pernas severamente mutiladas. Ela chegou a ser socorrida, passou por cirurgias, mas morreu na noite de 24 de dezembro, aos 31 anos, deixando dois filhos. De acordo com a investigação, a vítima teve um relacionamento breve com o autor da agressão, que não aceitou o término. Segundo o delegado do caso, na ocasião, havia “sensação de posse, em um total desprezo à condição de gênero e de mulher, autêntica tentativa de feminicídio”. A advogada Luciane avalia que a lei está bem assimilada e absorvida na rotina forense. No entanto, um desafio para a aplicação da lei é a grande demanda diante de um sistema sobrecarregado. “Vejo os atores jurídicos ocupados, em regra, em viabilizar sua efetivação, com o acolhimento às vítimas e a punição aos agressores”, relatou. “Todavia, não é raro encontrar equipamentos públicos desatualizados, desequipados, com poucos funcionários, e alguns deles sem a sensibilidade e o preparo necessários. Há um volume grande de trabalho e um contingente insuficiente para atendê-lo”, ponderou Luciane. A advogada relatou que uma cliente recentemente passou pelo constrangimento de aguardar por cinco horas para ser ouvida sobre uma denúncia. “[Esse tempo todo] vendo outras mulheres em situação de extremo sofrimento e desespero chegando, o que a fez, inclusive, minimizar a própria dor e violência que sofreu.” Saiba mais sobre os 20 anos da legislação no Repórter Brasil Tarde, da TV Brasil Ativista pelos direitos da mulher, Maria da Penha Maia Fernandes deu nome à lei que criou mecanismos para combater a violência doméstica e familiar, da qual ela foi vítima. Em 1983, Maria da Penha sofreu dupla tentativa de feminicídio por parte do marido, Marco Antonio Heredia Viveros. Primeiro, ele deu um tiro pelas costas enquanto ela dormia, o que a deixou paraplégica. O agressor declarou à polícia, na época, que teria sido uma tentativa de assalto, versão que foi posteriormente desmentida pela perícia. Quatro meses depois, quando ela voltou para casa após cirurgias e tratamento, o agressor a manteve em cárcere privado por 15 dias e tentou eletrocutá-la durante o banho. Apesar de dois julgamentos, em 1991 e 1996, e duas sentenças, o criminoso seguiu em liberdade. Em 1998, o caso ganhou uma dimensão internacional com uma denúncia na Comissão Interamericana de Direitos Humanos da Organização dos Estados Americanos (CIDH/OEA). Em 2001, após receber quatro ofícios da comissão, o Estado brasileiro foi responsabilizado por negligência, omissão e tolerância em relação à violência doméstica praticada contra as mulheres. Uma das recomendações era completar, rápida e efetivamente, o processamento penal do responsável pela agressão. Viveros foi preso em 29 de outubro de 2002 em Natal. Em março de 2004, ele conseguiu ir para o regime semiaberto e, em fevereiro de 2007, conseguiu a liberdade condicional , segundo informações do Ministério Público do Ceará. A violência digital, que tem ganhado maior alcance com a tecnologia, pode ser entendida como uma extensão da violência contra as mulheres. As agressões que estavam concentradas “entre quatro paredes” tomaram também as redes sociais e podem acontecer por meio de mensagens por aplicativo. O objetivo, no entanto, é o mesmo: intimidar, humilhar, ameaçar ou controlar as mulheres. “A violência digital pode sim ser enquadrada na Lei Maria da Penha, porque existe ali a violência moral, que fere a dignidade da mulher, embora já tenha alguns projetos de lei e algumas leis que falem sobre segurança digital e punição de pessoas que cometem violência digital contra mulheres”, afirmou a cientista política Bruna Camilo . Ela citou a Lei Lola, a Lei Carolina Dieckmann e o ECA digital. Este último não trata de mulheres especificamente, mas de crianças, e isso envolve meninas. “Já existem iniciativas importantes, mas a gente precisa da aplicabilidade dessas leis, para que a gente consiga iniciar a mudança cultural da nossa sociedade.” * A fonte preferiu não se identificar.	Agência Brasil	direitos-humanos	False
https://agenciabrasil.ebc.com.br/direitos-humanos/noticia/2026-08/lei-que-aumenta-punicao-crimes-digitais-contra-criancas-e-sancionada	2026-08-06	Lei que aumenta punição a crimes digitais contra crianças é sancionada	Texto endurece pena em caso de uso de inteligência artificial	O presidente Luiz Inácio Lula da Silva sancionou, nesta quinta-feira (6), a lei que amplia a atuação da polícia em meios digitais e aumenta a punição para crimes de pornografia com uso de inteligência artificial envolvendo crianças e adolescentes . O Congresso Nacional concluiu a aprovação do texto em julho . A lei endurece a pena do aliciamento quando houver uso de inteligência artificial (IA), deepfake , perfis falsos, promessa de vantagem ou aproveitamento de relação de confiança. O objetivo é coibir criminosos, sobretudo os sexuais, de usarem a tecnologia para enganar e atrair crianças para explorá-las e abusar delas. “A liberdade de expressão não pode ser confundida com genocídio, violência, assassinato. Esse é o exercício da democracia plena. Por mais liberdade que a gente tenha, a gente tem que ter limite. E o limite é não ferir a liberdade do outro”, disse Lula. O presidente ainda afirmou que é dever do Estado se responsabilizar e criar condições de punição para qualquer pessoa que use os vários recursos do mundo digital e da tecnologia para cometer crimes . Para os crimes de produção, reprodução, direção, fotografia, filmagem ou registro de conteúdo de violência sexual contra criança ou adolescente, assim como a sua venda ou exposição, a pena passa de 4 a 8 anos de reclusão para 4 a 10 anos de reclusão. A pena é aumentada em um terço se a venda ou exposição ocorrer por meio da internet e das redes sociais. Além destas medidas, o PL aumenta a punição para quem oferece, troca, disponibiliza, transmite, distribui, publica ou divulga material de violência sexual contra criança ou adolescente. A pena nestes casos passa de 3 a 6 anos de reclusão para 4 a 10 anos de reclusão. A pena atual para quem adquire, possui ou armazena esse tipo de material é de 1 a 4 anos de reclusão. O projeto aumenta essa punição para 3 a 6 anos de reclusão. Em todos esses casos já era prevista multa além da reclusão, e a lei sancionada manteve essa previsão. O uso de inteligência artificial na prática dos crimes aumenta as penas de um terço a dois terços. Esse aumento de penas também é aplicado no uso de deepfake (quando a tecnologia simula de forma realista o rosto e a voz de uma pessoa), perfis falsos, jogos online e redes sociais para aliciamento de crianças e adolescentes. Quando uma pessoa se aproveita de uma relação de convivência pessoal, autoridade, cuidado ou convivência familiar para praticar violência contra a criança ou adolescente, a pena também aumenta de um terço a dois terços. Além da repressão penal, o projeto contém medidas de proteção às vítimas. O texto prevê que crianças e adolescentes vítimas ou testemunhas de violência sexual terão direito a atendimento psicológico e psicossocial individual, especializado, contínuo e integral.	Agência Brasil	direitos-humanos	False
https://agenciabrasil.ebc.com.br/direitos-humanos/noticia/2026-08/lei-amplia-punicao-crimes-sexuais-online-contra-criancas-entenda	2026-08-07	Lei amplia punição a crimes sexuais online contra crianças; entenda	Texto torna mais rígidas penas previstas no ECA	O Brasil já detém normas mais rígidas para combater crimes de violência sexual contra crianças e adolescentes, inclusive em ambientes digitais e com o uso de inteligência artificial (IA). A Lei nº 15.487 passa a vigorar nesta sexta-feira (7) e altera o Estatuto da Criança e do Adolescente (ECA) , o Código Penal, o Código de Processo Penal, a Lei dos Crimes Hediondos e a Lei de Combate ao Crime Organizado para endurecer o tratamento penal aplicado aos autores desses delitos. Entre as principais mudanças, a legislação amplia as possibilidades de investigação de crimes sexuais praticados pela internet. A nova lei autoriza rondas virtuais por órgãos de segurança a fim de identificar e coletar arquivos disponibilizados em ambientes digitais públicos. A atividade dispensa autorização judicial prévia. A norma também reforça a atuação de policiais infiltrados na internet para apurar crimes. O texto passa a considerar explicitamente o uso de tecnologias de inteligência artificial em crimes relacionados à violência sexual infantil. A legislação aumenta as penas para autores que usem recursos como deepfakes , filtros ou outras ferramentas capazes de alterar imagem e voz para se passar por crianças ou adolescentes e aliciar vítimas. Além disso, haverá aumento de pena para criminosos que empregarem mecanismos de anonimização digital, como ocultação ou falsificação de endereço IP e outros identificadores, com o objetivo de dificultar a identificação pelas autoridades. Em relação ao material ilegal, a lei amplia a definição de conteúdo de violência sexual contra crianças e adolescentes para incluir representações reais ou fictícias produzidas, manipuladas ou geradas por inteligência artificial quando apresentarem conotação sexual. Confira mais informações sobre o assunto no Repórter Brasil , da TV Brasil A nova lei assegura às crianças e adolescentes vítimas ou testemunhas de violência sexual o direito a atendimento psicológico e psicossocial especializado, contínuo e integral. O suporte deverá considerar os impactos emocionais decorrentes da circulação permanente de imagens e vídeos na internet, inclusive em plataformas internacionais. O texto também determina que vítimas recebam acolhimento em serviços de saúde do Sistema Único de Saúde (SUS) em ambiente que garanta privacidade e proteção contra o acesso de pessoas não autorizadas, especialmente do agressor. Além disso, o autor da violência ficará obrigado a ressarcir integralmente os custos do tratamento da vítima, incluindo os serviços prestados pelo SUS. A lei também amplia o rol de crimes considerados hediondos, incluindo diversas condutas ligadas à produção, divulgação, posse e aliciamento relacionados à violência sexual contra crianças e adolescentes. O texto prevê ainda a possibilidade de prisão preventiva para crimes contra a dignidade sexual praticados contra menores e para delitos previstos no ECA relacionados à exploração sexual infantil. A legislação ainda endurece as consequências para integrantes de organizações criminosas envolvidas em crimes contra crianças e adolescentes e reforça medidas de perda de bens e valores obtidos com a prática criminosa. A legislação aumenta as punições para diversos crimes previstos no ECA: Produção de conteúdo de violência sexual contra criança ou adolescente (Art. 240 do ECA) Venda de material de violência sexual infantil (Art. 241 do ECA) Divulgação, compartilhamento ou publicação de material (Art. 241-A do ECA) Posse, armazenamento ou solicitação de material (Art. 241-B do ECA) Simulação de violência sexual com uso de IA ou deepfake (Art. 241-C do ECA) Aliciamento, assédio ou constrangimento de menor de 14 anos ( Art. 241-D do ECA) A pena aumenta de 1/3 a 2/3 quando o crime for cometido: Exploração sexual de criança ou adolescente (Art. 244-A do ECA) Uso de anonimização digital para dificultar identificação (Art. 226-A do ECA) Aumento de pena de 1/3 a 2/3 para crimes sexuais, quando o autor utilizar: Crimes considerados hediondos A lei passa a enquadrar como crimes hediondos diversas condutas relacionadas a: Como consequência, os condenados ficam sujeitos ao regime mais rigoroso previsto na Lei dos Crimes Hediondos. Prisão preventiva (artigos 240 a 241-D e 244-A do ECA) A nova legislação também autoriza expressamente a prisão preventiva para investigados ou acusados de:	Agência Brasil	direitos-humanos	False
https://agenciabrasil.ebc.com.br/direitos-humanos/noticia/2026-08/sobrecarga-domestica-expoe-mulheres-a-violencia-dizem-especialistas	2026-08-07	Sobrecarga doméstica expõe mulheres à violência, dizem especialistas	Trabalho de cuidado e falta de renda aumentam vulnerabilidades	A responsabilidade de cuidar de filhos, familiares e do lar, que historicamente pesa mais em cima das mulheres, é um dos fatores que as tornam mais vulneráveis a violência de gênero. A avaliação é de especialistas ouvidos pela Agência Brasil , no cenário em que a Lei Maria da Penha , criada para prevenir agressões, punir os perpetradores e proteger mulheres da violência doméstica e familiar, completa 20 anos, exatamente nesta sexta-feira (7). A sobrecarga com o bem-estar de familiares e organização da casa, o chamado trabalho de cuidado, aliada às dependências financeira, psicológica e emocional são elementos que criam espaço para agressões e outras formas de violência contra a mulher. Especialista em políticas de cuidado, a professora Thamires da Silva Ribeiro, da Universidade do Estado do Rio de Janeiro (Uerj), aponta uma relação direta entre política de cuidado e enfrentamento à violência contra a mulher. Ela considera que mulheres sobrecarregadas com o trabalho de cuidado “estão no âmbito principalmente privado dentro das suas casas, sem autonomia econômica”. “Fica mais difícil de sair das situações de violência”, pontua. A professora ressalta que as condições são ainda mais críticas para as mulheres negras. “A mulher negra, no Brasil, é o próprio sistema de cuidados. Ela está mais suscetível às expressões da questão social, às desigualdades, também pela nossa formação sócio-histórica”, avalia. A percepção de Thamires encontra eco em dados. Enquanto elas gastam 21,3 horas semanais nessas atividades, em média, eles passam 11,7 horas com esses afazeres. Os dados são da Pesquisa Nacional por Amostra de Domicílio (Pnad) Contínua 2022. Thamires Ribeiro considera que a Política Nacional de Cuidados, criada por lei ( Lei 5.069/2024 ) em dezembro de 2024, é uma forma de avanço na promoção da corresponsabilização social entre homens e mulheres. Para ela, com política de cuidado que reduza a sobrecarga e a “remuneração desviada” de mulheres, fazendo com que elas consigam ter acesso à renda, a espaços de acolhimento e de sociabilidade com outras mulheres, elas “vão construir mais ferramentas e estratégias para conseguirem sair dessas situações de violência”. Para a especialista em geriatria e gerontologia Christine Silveira Abdalla, fundadora da organização não governamental (ONG) Associação Cuidadosa, a própria sobrecarga com o trabalho de cuidado já é uma violência contra as mulheres. “As mulheres deixam de trabalhar [fora], de estudar, saem da vida social, cuidam dos seus filhos, dos filhos dos outros, da casa, sem que exista uma rede de proteção”, constata. A violência sofrida pela mulher é uma realidade comprovada pelos números. Em 2025, o Brasil registrou 1.571 vítimas de feminicídio, alta de 4% em relação ao ano anterior e média superior a quatro por dia. Oito em cada dez casos foram cometidos por parceiro ou ex-parceiro. Os dados são do Anuário Brasileiro de Segurança Pública . O levantamento realizado pela ONG Fórum Brasileiro de Segurança Pública aponta ainda: A dependência financeira da mulher é outro elemento que a faz ter receio de romper um relacionamento onde a violência de gênero está presente. A advogada e professora universitária Marilha Boldt vai além e acrescenta outra forma de dependência, a psicológica, que faz a mulher ter a ilusão de que não pode interromper o ciclo abusivo. “Uma mulher pode ganhar R$ 20 mil, mas ficar totalmente dependente da administração financeira do homem”, exemplifica a presidente da Comissão de Combate à Violência contra a Mulher da Ordem dos Advogados do Brasil - Seção RJ. “O que a aprisiona é a noção de que ela depende financeiramente, mas, na verdade, ela tem uma dependência emocional”, completa Marilha. “ Elas têm muita potencialidade , mas não se enxergam como potenciais por conta da violência psicológica que acabaram sofrendo”, disse a advogada, que já sofreu violência doméstica e criou um grupo de acolhimento a vítimas . A superintendente de Enfrentamento à Violência contra a Mulher da Secretaria Estadual e de Políticas Inclusivas do Rio de Janeiro, Claudia Araujo, aponta mais um motivo que dificulta o rompimento do ciclo de agressão: o sistema patriarcal. Segundo ela, a mulher ainda é vista como “aquela que tem que cuidar da casa, do marido, dos filhos e ainda trabalhar”. “Quando a mulher consegue quebrar esse ciclo de violência familiar, muitas vezes ela também recebe o preconceito da sociedade porque rompeu com aquela estrutura que a sociedade acredita que é a mais é natural”, constata. Claudia enfatiza que a Lei Maria da Penha fortalece o entendimento de que as mulheres não podem permanecer sozinhas no enfrentamento à violência. “Elas têm instrumentos eficazes de legislação, de delegacias que podem atuar de forma imediata quando elas quiserem e tiverem a coragem de pedir ajuda”, diz. “Não podemos nos calar, porque quando nos calamos, a efetividade desse arcabouço jurídico e desses equipamentos fica fragilizado”, complementa ela, ressaltando que o problema não é particular. “Se o vizinho ou um familiar tenta amenizar, essa mulher pode sofrer o feminicídio”, alerta. Instituições em várias instâncias atuam no enfrentamento à violência doméstica contra as mulheres. Um dos principais canais de denúncia é a Central de Atendimento à Mulher Ligue 180, ligada ao Ministério das Mulheres. A ligação é gratuita, e o serviço funciona todos os dias, 24 horas. Há ainda o canal via chat no WhatsApp (61) 9610-0180 ou pelo e-mail central180@mulheres.gov.br . Em casos de emergência, a Polícia Militar deve ser acionada, por meio do número 190. O Conselho Nacional de Justiça (CNJ) mantém uma página com a forma de contato de Delegacias Especializadas de Atendimento à Mulher em todo o país e de Defensorias Públicas, que podem, por exemplo, ajudar a vítima em pedidos de medida protetiva na Justiça.	Agência Brasil	direitos-humanos	False
https://agenciabrasil.ebc.com.br/direitos-humanos/noticia/2026-07/mp-investigara-pms-que-entraram-em-escola-apos-atividade-sobre-orixas	2026-07-31	MP investigará PMs que entraram em escola após atividade sobre orixás	Elementos apontam que diligência foi injustificada, afirma promotoria	"O Ministério Público de São Paulo (MPSP) instaurou um inquérito civil sobre o episódio em que 12 policiais militares entraram armados em uma escola municipal, no dia 11 de novembro de 2025, após a denúncia de um pai de aluna de 4 anos sobre uma atividade pedagógica envolvendo a orixá Iansã . A promotoria vai apurar problemas de discriminação racial, ação policial violenta e na institucionalização de educação para relações étnico-raciais na EMEI Antônio Bento, na Zona Oeste da capital paulista. O pai, que também é policial militar, foi indiciado por intolerância religiosa pela Polícia Civil do Estado de São Paulo . Segundo o MP-SP, a investigação teve como base depoimentos, documentos e a análise das imagens das câmeras corporais dos policiais envolvidos. Para o Ministério Público, os elementos reunidos até o momento não apontam a existência de crime que justificasse a atuação policial na escola, tornando a diligência ""injustificada"". No documento, o MP-SP cita que a Secretaria Estadual de Segurança Pública (SSP-SP) concluiu, em investigação preliminar, que os policiais agiram em conformidade e que não havia necessidade de instaurar Inquérito Policial Militar ou Sindicância . O MP-SP também destaca que a Secretaria Municipal de Educação (SME) justificou que a atividade pedagógica questionada pelo pai da aluna estava “integralmente alinhada ao Currículo da Cidade-Educação Infantil, às Orientações Pedagógicas de Educação Antirracista e às Leis Federais 10.639/2003 e 11.645/2008 ”. A partir desses elementos o promotor de Justiça, Bruno Orsino Simonetti, decidiu que aprofundará a investigação para verificar uma possível violação ao direito à educação e ao livre exercício da atividade pedagógica, considerando a obrigatoriedade do ensino da história e da cultura afro-brasileira e indígena prevista na Lei de Diretrizes e Bases da Educação (LDB)."	Agência Brasil	direitos-humanos	False
https://agenciabrasil.ebc.com.br/direitos-humanos/noticia/2026-08/justica-condena-militar-por-estupro-de-guerrilheira-durante-ditadura	2026-08-03	Justiça condena militar por estupro de guerrilheira durante ditadura	Réu foi condenado a 12 anos de prisão, mas pode recorrer em liberdade	"A Justiça Federal condenou o sargento reformado do Exército Antônio Waneir Pinheiro de Lima, o “Camarão”, pelos crimes de cárcere privado qualificado e estupro cometidos contra a historiadora e militante política Inês Etienne Romeu, em 1971, na Casa da Morte (imagem em destaque), centro clandestino de tortura mantido pelo Centro de Informações do Exército (CIE) em Petrópolis, na região serrana do Rio de Janeiro. O réu foi condenado a 12 anos, 11 meses e 25 dias de prisão. Camarão poderá recorrer em liberdade. Ele sempre negou as acusações. As investigações do caso foram realizadas pelos procuradores Vanessa Seguezzi, Antonio do Passo Cabral e Sergio Suiama. Desde o início da ação, os procuradores foram favoráveis à perda do cargo público do acusado, com o ""cancelamento de aposentadoria ou qualquer provento de reforma remunerada de que disponha"". O grupo de Justiça de Transição do MPF sustentou que o estupro e o cárcere privado, praticados em um contexto de ataque estatal sistemático, constituem crimes contra a humanidade. Com base no direito internacional e em sentenças da Corte Interamericana de Direitos Humanos, o MPF defendeu que esses crimes não prescrevem e não são protegidos pela Lei de Anistia de 1979. Inês Etienne morreu em abril de 2015, aos 72 anos, por insuficiência respiratória, em sua casa, em Niterói, na região metropolitana do Rio. A ex-guerrilheira fez um relato histórico ao Conselho Federal da OAB, em 1979, revelando detalhes das torturas físicas e psicológicas a que foi submetida por agentes do Centro de Informações do Exército (CIE) na chamada Casa da Morte de Petropólis, um centro clandestino de tortura e desaparecimento durante a ditadura militar. Na sentença proferida em 31 de julho, a juíza federal Maria Isadora Frizao julgou procedente o pedido de condenação do Ministério Público Federal pelos crimes de estupro e cárcere privado. A pena fixada ao réu foi de 12 anos, 11 meses e 25 dias de reclusão, em regime inicial fechado, além da perda do cargo público militar. A sentença também reconheceu o crime de estupro, cometido durante a ditadura, como um crime contra a humanidade, portanto, imprescritível e não passível de aplicação da Lei de Anistia. A juíza também condenou o acusado ao pagamento das custas processuais e que fosse enviado ofício ao Ministério da Defesa a fim de que dê ciência sobe à pena de perda do cargo público aplicada ao militar. Saiba mais sobre o caso no Repórter Brasil Tarde, da TV Brasil"	Agência Brasil	direitos-humanos	False
https://agenciabrasil.ebc.com.br/direitos-humanos/noticia/2026-07/estado-de-sao-paulo-teve-10-mais-feminicidios-no-1o-semestre-de-2026	2026-07-31	Estado de São Paulo teve 10% mais feminicídios no 1º semestre de 2026	142 mulheres foram assassinadas por violência de gênero no período	O número de feminicídios no estado de São Paulo aumentou 10% no primeiro semestre de 2026, na comparação com o mesmo período de 2025, segundo os dados mais recentes do portal da Secretaria da Segurança Pública do estado (SSP). Nos primeiros seis meses deste ano, 142 mulheres foram assassinadas em crimes motivados por violência de gênero , contra 129 entre janeiro e junho do ano passado. Considerando apenas o mês de junho, o feminicídio caiu de 21 vítimas, em 2025, para 17, em 2026. No entanto, houve aumento em outros indicadores de violência contra a mulher. Os registros de descumprimento de medida protetiva de urgência (MPU) somaram 2.099 ocorrências em junho deste ano, uma alta de 23,3% em relação ao mesmo mês do ano passado, quando aconteceram 1.702 casos. Segundo as estatísticas criminais, foram 5.604 casos de lesão corporal dolosa contra mulheres em junho de 2026, o que representa aumento de 10,5% em relação a junho de 2025, quando houve 5.069 registros. As vítimas do crime de estupro de vulnerável passaram de 719 para 848, de junho do ano passado para o mesmo mês deste ano, ou seja, 129 vítimas a mais. No mesmo período de comparação, os registros de perseguição aumentaram de 2.731 para 3.037, enquanto as ocorrências de violência psicológica passaram de 326 para 509.	Agência Brasil	direitos-humanos	False
https://agenciabrasil.ebc.com.br/direitos-humanos/noticia/2026-08/governo-reune-dados-sobre-igualdade-salarial-de-homens-e-mulheres	2026-08-04	Governo reúne dados sobre igualdade salarial de homens e mulheres	Empresas com 100 ou mais empregados devem enviar informações	Começou na segunda-feira (3) o prazo para que empresas com 100 ou mais empregados atualizem informações que serão usadas na elaboração do 6º Relatório de Transparência Salarial e de Critérios Remuneratórios. O envio dos dados deve ser feito até 31 de agosto, por meio da área do empregador no Portal Emprega Brasil . O relatório é um documento previsto na Lei da Igualdade Salarial ( Lei nº 14.611/2023 ) e tem como objetivo dar transparência às diferenças salariais e remuneratórias entre mulheres e homens nas empresas. A legislação determina que empresas com 100 ou mais empregados adotem medidas para garantir essa igualdade , como transparência salarial, mecanismos de fiscalização e canais seguros para denúncias de discriminação. Elaborado pelo Ministério do Trabalho e Emprego (MTE), o relatório reúne dados do eSocial e informações complementares fornecidas pelos empregadores. Entre os itens informados pelas empresas, estão critérios de remuneração e promoção profissional, existência de plano de cargos e salários, incentivos à contratação de mulheres e ações de apoio à parentalidade e à diversidade. As informações são usadas para comparar salários, remunerações e a participação de homens e mulheres nos diferentes cargos das empresas. Caso sejam identificadas desigualdades salariais em função do gênero, a empresa pode ser notificada a apresentar um plano para corrigir as distorções encontradas.	Agência Brasil	direitos-humanos	False
https://agenciabrasil.ebc.com.br/direitos-humanos/noticia/2026-08/unifesp-identifica-residuo-compativel-com-sangue-no-antigo-doi-codisp	2026-08-03	Unifesp identifica resíduo compatível com sangue no antigo DOI-Codi/SP	Pesquisa examina espaços associados a tortura na ditadura	Pesquisadores identificaram resíduos compatíveis com sangue em áreas do antigo DOI-Codi de São Paulo, um dos principais centros de repressão da ditadura militar brasileira. E sob sucessivas camadas de tinta e reparos, foi identificado um calendário gravado na parede de um banheiro por alguém que esteve encarcerado no local. Coordenada pela Universidade Federal de São Paulo (Unifesp), a pesquisa no DOI-Codi/SP combinou arqueologia, análise do edifício e técnicas das ciências forenses para examinar espaços historicamente associados a detenções, interrogatório e tortura. A pesquisa integra um projeto interinstitucional coordenado por pesquisadores da Unifesp, da Universidade Estadual de Campinas (Unicamp) e da Universidade Federal de Minas Gerais (UFMG), com participação da UFSC e da USP. Os resultados obtidos em uma antiga enfermaria e em salas de interrogatório levaram à identificação de resíduos hemáticos. Em uma das amostras, coletada em uma antiga sala de interrogatório, a sala 7, um teste confirmatório apresentou resultado positivo para sangue humano. As análises laboratoriais, no entanto, não permitem determinar quando esse material foi depositado nem foi possível recuperar perfis de DNA , provavelmente em razão da degradação das amostras, das condições ambientais e das sucessivas reformas realizadas no edifício. Porém, o contexto arqueológico, que é uma das frentes da pesquisa, forneceu elementos que permitiram associar as amostras ao período de funcionamento do DOI-Codi/SP. “Os métodos forenses não permitem determinar a data exata da deposição, enquanto o contexto arqueológico permite situar os vestígios no período de funcionamento do DOI-Codi. Não é possível, contudo, associá-los a uma pessoa ou episódio específico”, explica Cláudia Plens, docente da Unifesp, coordenadora da frente de arqueologia forense na pesquisa. Outro resultado da investigação surgiu em um banheiro do terceiro andar. Sob diferentes camadas de tinta e reparos, a equipe encontrou números e inscrições gravados diretamente na parede. O conjunto foi interpretado pelos pesquisadores como um calendário, com marcações correspondentes aos dias 23 a 31 de outubro e 1º a 4 de novembro. Segundo os pesquisadores, o calendário constitui uma marca material da experiência do encarceramento e da tentativa de manter a percepção do tempo no interior do espaço repressivo. A relação entre as datas registradas e os dias da semana indicou inicialmente duas possibilidades para a produção do calendário: 1970 e 1981. “Essa ambiguidade pôde ser resolvida pelo cruzamento com o testemunho de uma ex-presa política, que declarou ter visto a inscrição quando esteve detida no local, em 1971, permitindo atribuir o calendário a 1970”, informou a Unifesp. Localizado na Rua Tutóia, zona sul da capital paulista, o complexo do DOI-Codi/SP reunia celas, salas de interrogatório, espaços administrativos, estruturas de vigilância e ambientes utilizados para tortura. Segundo a Unifesp, pelo menos 52 mortes ocorridas no local são oficialmente reconhecidas. O DOI-Codi/SP recebeu mais de 7 mil pessoas durante seu período de funcionamento. O edifício onde a pesquisa se concentra, denominado prédio 2-a, abrigava o setor de inteligência do órgão e foi identificado por sobreviventes como um dos principais espaços de interrogatório e tortura do complexo. “A ausência de plantas e de registros detalhados das reformas realizadas ao longo das décadas tornou necessária a combinação entre testemunhos, fontes documentais e análise arqueológica da própria arquitetura”, informou a Unifesp. Para definir os pontos de investigação, a equipe combinou documentos históricos, testemunhos e a análise das transformações que aconteceram no edifício. A partir das informações reunidas, foram selecionadas antigas salas de interrogatório, uma possível enfermaria, uma sala associada à prática de tortura e um banheiro. A primeira etapa do projeto de pesquisa, realizada em 2022, utilizou radar de penetração no solo e escaneamento tridimensional do complexo. Em agosto de 2023, foram conduzidas escavações, prospecção nas paredes e nos pisos, análises forenses e atividades abertas ao público. “Os edifícios não são apenas cenários passivos dos acontecimentos. Paredes, pisos, reformas, inscrições e resíduos também podem constituir evidências. Quando investigamos esses lugares arqueologicamente, o próprio edifício passa a ser tratado como documento”, avaliou Plens. A retirada de revestimentos mais recentes revelou ainda, em alguns ambientes, o contrapiso de madeira utilizado durante o funcionamento do DOI-Codi/SP. Nas paredes, a abertura de pequenas áreas de prospecção permitiu identificar camadas de tinta, reboco e reparos acumulados ao longo das décadas.	Agência Brasil	direitos-humanos	False
https://agenciabrasil.ebc.com.br/direitos-humanos/noticia/2026-08/gravidez-reduz-oportunidades-e-autonomia-de-meninas-mostra-pesquisa	2026-08-04	Gravidez reduz oportunidades e autonomia de meninas, mostra pesquisa	Entrevistadas relataram interrupção de estudos e perda de trabalhos	"A gravidez na infância ou na adolescência interrompeu os estudos de seis em cada dez (61%) jovens entrevistadas em uma pesquisa realizada pela organização não governamental Plan Brasil. Com o título Marcas do Tempo: Gravidez na Infância ou Adolescência e seus Impactos na Vida de Mulheres no Brasil , o estudo está disponível no site da organização A pesquisa ouviu mais de 1,5 mil mulheres de 19 a 29 anos, em todas as regiões do Brasil, e comparou dois grupos: as que engravidaram na infância ou adolescência e as que não passaram por essa experiência. No caso da interrupção dos estudos, o percentual cai para 33% entre esse segundo grupo. De acordo com a CEO da Plan Brasil, Cynthia Betti, a gravidez na infância ou adolescência é um ponto de inflexão que aprofunda desigualdades que já existiam antes mesmo da gestação . ""Os dados mostram que essas meninas enfrentam barreiras que se acumulam, seja na educação, na saúde, no mercado de trabalho ou no exercício de seus direitos mais básicos”, disse. Oito em cada dez entrevistadas (83%) disseram ainda já ter deixado um trabalho ou perdido uma oportunidade profissional por precisar cuidar dos filhos. Segundo os resultados da pesquisa, mesmo partindo de contextos parecidos, as jovens que engravidaram na infância ou adolescência acumulam desvantagens maiores ao longo da vida. O estudo ressaltou que 73% relatam já ter sido discriminadas por causa da gravidez , seja na família, na escola ou em serviços de saúde. Esse preconceito aparece de forma recorrente nos relatos, com descrições de julgamentos sobre a capacidade intelectual, moral e profissional dessas jovens. A pesquisa destaca também que 59% das jovens que engravidaram antes dos 19 anos passaram a viver em casamento ou união logo após a primeira gestação . O estudo identifica ainda um aumento de 19 pontos percentuais na chance de casamento antes dos 16 anos entre essas jovens. Os dados mostram que, entre as jovens que engravidaram antes dos 14 anos, metade (50%) não teve a possibilidade de interrupção legal da gestação nos serviços de saúde. Segundo a legislação brasileira, toda gravidez em menores de 14 anos é resultado de estupro de vulnerável . Para Cynthia, essas jovens não perderam apenas um emprego ou um ano de estudo, perderam a possibilidade de escolher os próprios caminhos no momento em que mais precisavam dessa autonomia. “Reverter esse quadro exige implementação, monitoramento e orçamento para políticas públicas integradas e de prevenção, e não respostas isoladas. Ouvir essas histórias é o que nos permite transformar estatística em compromisso público”, avaliou. O estudo aponta um conjunto de recomendações que vão da garantia de educação sexual baseada em direitos e do acesso descomplicado a métodos contraceptivos até a universalização de creches com horários compatíveis com a rotina de estudo e trabalho. Também são considerados importantes o combate à violência obstétrica e à coerção contraceptiva, e políticas de primeiro emprego voltadas especificamente para jovens mães."	Agência Brasil	direitos-humanos	False
https://agenciabrasil.ebc.com.br/direitos-humanos/noticia/2026-07/governo-do-rio-cria-orgaos-que-vao-coordenar-reocupacao-de-territorios	2026-07-31	Governo do Rio cria órgãos que vão coordenar reocupação de territórios	Gabinetes terão papel operacional de articulação institucional	O Governo do Estado do Rio de Janeiro publicou no Diário Oficial desta sexta-feira (31) a criação dos órgãos que vão coordenar, monitorar e acompanhar a execução do Plano de Reocupação Territorial, proposto para fazer frente ao domínio do crime organizado sobre localidades fluminenses. O Gabinete de Gestão Integrada (GGI) será responsável por promover a articulação entre órgãos estaduais, municipais, federais e instituições do sistema de Justiça. Já o Gabinete Integrado de Gestão Territorial (GIGT) terá caráter operacional, reunindo representantes dos cinco eixos que estruturam o plano: Segundo o governo fluminense, a Secretaria de Estado de Segurança Pública trabalha neste momento na conclusão do plano tático, etapa que antecede o plano operacional . Em dezembro do ano passado, o governo do Rio apresentou ao Supremo Tribunal Federal (STF) o plano estratégico de cinco eixos para recuperar territórios controlados por grupos criminosos. O documento era uma das exigências da Arguição por Descumprimento de Preceito Fundamental (ADPF) 635, conhecida como “ADPF das favelas”. Por meio da ação, a Suprema Corte determinou medidas para conter violações de direitos e o alto número de mortos em operações policiais nas favelas fluminenses. Em março deste ano, o plano estratégico, que antecedeu os planos tático e operacional, foi aprovado pelo Conselho Nacional do Ministério Público (CNMP). Ao divulgar os decretos desta sexta, o governo do Rio afirma que um dos diferenciais do Plano de Reocupação Territorial “é a participação da sociedade civil”. “A população terá voz ativa no Gabinete Integrado de Gestão Territorial, contribuindo no monitoramento das ações durante a reocupação. As iniciativas serão definidas com base nas demandas identificadas pelos próprios moradores das localidades atendidas”, informou. O projeto utilizou pesquisas realizadas pelo Instituto Data Favela, pela Central Única das Favelas (Cufa) e pela Secretaria de Estado de Desenvolvimento Social e Direitos Humanos. A participação da sociedade civil também está prevista nas próximas etapas de desenvolvimento do programa. A proposta é garantir que, durante a implementação do plano, a presença do Estado vá além das forças de segurança, assegurando que serviços públicos e políticas sociais cheguem de forma efetiva às regiões escolhidas pelo projeto.	Agência Brasil	direitos-humanos	False
https://agenciabrasil.ebc.com.br/direitos-humanos/noticia/2026-08/cristo-redentor-iluminado-na-cor-laranja-alerta-contra-o-feminicidio	2026-08-04	Cristo Redentor iluminado na cor laranja alerta contra o feminicídio	Campanha lembra os 20 anos da Lei Maria da Penha	"O monumento ao Cristo Redentor, no Rio de Janeiro, está iluminado na cor laranja, símbolo mundial de alerta de violência contra às mulheres. O gesto marca o 2º Ato da Campanha Judiciário pelo Fim do Feminicídio, em alusão aos 20 anos da Lei Maria da Penha. A iniciativa é promovida pela Comissão Executiva do XVIII Fórum Nacional de Juízas e Juízes de Violência Doméstica e Familiar contra a Mulher (Fonavid) e pela Coordenadoria Estadual da Mulher em Situação de Violência Doméstica e Familiar (Coem), do Tribunal de Justiça do Rio de Janeiro (TJRJ). A campanha divulga, em linguagem simples, fatores que contribuem para o crime de feminicídio, com o objetivo de conscientizar a população sobre os sinais que podem anteceder essa ação violenta. Tramitam na na Justiça estadual, 7.383 processos envolvendo feminicídio, consumado ou tentado, de janeiro a julho deste ano. A coordenadora estadual da Mulher em Situação de Violência Doméstica e Familiar (Coem), desembargadora Adriana Ramos de Mello, avalia que os 20 anos da Lei Maria da Penha é um marco decisivo na construção de uma sociedade mais justa, igualitária, comprometida com a proteção dos direitos fundamentais das meninas e mulheres . ""A Lei Maria da Penha representa um divisor de águas na vida de todas nós e sobretudo das meninas e mulheres do nosso Brasil. Ela nasce realmente da coragem dessa mulher que se recusou a aceitar a violência sofrida. A lei representa o resultado de uma longa trajetória das mulheres brasileiras"", afirmou."	Agência Brasil	direitos-humanos	False
https://agenciabrasil.ebc.com.br/direitos-humanos/noticia/2026-07/inscricoes-para-o-premio-brasil-que-alimenta-vao-ate-7-de-agosto	2026-07-31	Inscrições para o Prêmio Brasil que Alimenta vão até 7 de agosto	Serão premiadas 40 ações em quatro categorias	As inscrições para o Prêmio Brasil que Alimenta, previstas para terminar nesta sexta-feira (31), foram prorrogadas até 7 de agosto. A iniciativa vai reconhecer ações sociais que contribuam para o combate à fome e segurança alimentar e nutricional e para garantia ao direito à alimentação. Podem concorrer organizações populares de atuação territorial, da sociedade civil e de educação, ciência e conhecimento que atuam em todo o território nacional. O projeto deve estar em pleno funcionamento há, pelo menos, três anos e funcionar conforme o Guia Alimentar para População Brasileira . Serão premiadas 40 ações nas modalidades financeira e honorífica, sendo dividias em quatro categorias: Em cada categoria, as primeiras cinco classificadas receberão de R$ 50 a R$ 20 mil, somando um total de R$ 700 mil em premiação financeira. As ações classificadas 6º e o 10º lugar serão reconhecidas com um certificado honorífico. As organizações podem se inscrever em mais de uma categoria, mas só será premiada em uma delas. Para se inscrever, é necessário acessar o Portal de Compras do Governo Federal , por meio de uma conta Gov.br, e ter cadastro no Sistema de Cadastramento Unificado de Fornecedores (Sicaf) . No processo de inscrição, também será necessário apresentar o formulário do Prêmio Brasil que Alimenta . Para esclarecer dúvidas, os interessados em participar da premiação podem entrar em contato pelo telefone (61) 2030-3494 e pelo e-mail premio.mds.2026@mds.gov.br.	Agência Brasil	direitos-humanos	False
https://agenciabrasil.ebc.com.br/direitos-humanos/noticia/2026-07/mulheres-sob-protecao-receberao-aviso-quando-agressor-se-aproximar	2026-07-31	Mulheres sob proteção receberão aviso quando agressor se aproximar	Programa Alerta Mulher Segura quer aumentar rede de defesa	O Programa Alerta Mulher Segura vai monitorar eletronicamente agressores como medida protetiva de urgência em casos de violência doméstica e familiar contra a mulher. A iniciativa regulamenta dispositivo da Lei Maria da Penha que autoriza o monitoramento eletrônico de autores de violência. O programa, publicado no Diário Oficial da União desta quinta-feira (30), prevê duas frentes principais de proteção: o monitoramento eletrônico do agressor e a disponibilização de unidade portátil de rastreamento para a vítima. O equipamento permitirá que a mulher receba alertas automáticos quando houver descumprimento da distância mínima determinada pela Justiça e possibilitará o acionamento imediato das forças de segurança em situações de risco. De acordo com o decreto, a implementação ocorrerá de forma articulada entre os órgãos responsáveis pela monitoração eletrônica, as forças de segurança pública, o sistema de justiça e as redes de enfrentamento à violência contra a mulher. A execução caberá aos estados e ao Distrito Federal. O modelo de referência do programa será composto por Centrais de Monitoração Eletrônica, Núcleos Regionais de Monitoração Eletrônica e Polos de Monitoração Eletrônica. As centrais ficarão responsáveis pela coordenação técnica, acompanhamento das pessoas monitoradas e monitoramento geoespacial das medidas protetivas. Os núcleos regionais atuarão de forma descentralizada nas microrregiões, enquanto os polos serão destinados à instalação, manutenção e retirada dos equipamentos, podendo funcionar em delegacias ou em outras unidades definidas pelos governos estaduais. Embora estabeleça parâmetros nacionais, o decreto permite que estados e o Distrito Federal adotem modelos próprios de organização, desde que garantam a proteção das vítimas e o acompanhamento adequado dos agressores monitorados. A adesão ao dispositivo de rastreamento pela vítima será voluntária e dependerá de consentimento expresso e informado. O equipamento deverá ser entregue de forma imediata, sempre que possível, já no primeiro contato com a autoridade responsável pelo atendimento. O monitoramento ocorrerá por programa informatizado capaz de registrar, processar e consolidar informações sobre as medidas protetivas. O sistema também deverá permitir a produção de estatísticas desagregadas por raça, etnia, deficiência e outras situações de vulnerabilidade, com o objetivo de subsidiar o aperfeiçoamento das políticas públicas de enfrentamento à violência doméstica. O decreto estabelece ainda que eventuais alertas emitidos pelo sistema não serão considerados automaticamente como descumprimento da medida protetiva. Cada ocorrência deverá passar por análise técnica e contextualizada pelas equipes responsáveis. As ações serão financiadas com recursos do Ministério da Justiça e Segurança Pública, incluindo verbas do Fundo Nacional de Segurança Pública e do Fundo Penitenciário Nacional, além de recursos próprios dos estados e do Distrito Federal. O Ministério da Justiça e Segurança Pública poderá editar normas complementares para a execução da iniciativa.	Agência Brasil	direitos-humanos	False
https://agenciabrasil.ebc.com.br/direitos-humanos/noticia/2026-07/genero-raca-e-origem-familiar-definem-mobilidade-social-diz-estudo	2026-07-31	Gênero, raça e origem familiar definem mobilidade social, diz estudo	Educação é o fator mais associado à ascensão de renda	"O Atlas da Mobilidade Social, divulgado nesta sexta-feira (31), mostra que gênero, raça e origem familiar são os principais condicionantes para a baixa mobilidade social no Brasil. O Atlas é uma plataforma pública desenvolvida pelo Instituto Mobilidade e Desenvolvimento Social (Imds), em parceria com o grupo de pesquisa Prospera Lab. De acordo com o levantamento, entre jovens brancos que nasceram em famílias situadas entre os 25% mais pobres da distribuição de renda, 36,3% permanecem nesse mesmo grupo quando adultos. Entre os não brancos, essa probabilidade sobe para 51,6%, indicando que a questão racial é ainda mais determinante para esse grupo. Segundo os dados do Atlas, o gênero também altera significativamente as possibilidades de mobilidade social. Entre os filhos de pais que estavam entre os 25% mais pobres da população, cerca de um terço dos homens (32,9%) permanece nesse mesmo estrato de renda na vida adulta. Entre as mulheres, a proporção chega a 65,1%. Essa disparidade aparece também no recorte racial: enquanto 69% das mulheres não brancas continuam entre os 25% mais pobres quando adultas, entre as mulheres brancas esse percentual é menor, de 52,9%. O estudo mostra ainda que filhos de pais que estavam entre os 25% mais pobres da população têm 48% de chance de permanecer nesse mesmo grupo quando atingem a idade adulta. As possibilidades de romper esse ciclo são reduzidas: apenas 8,32% conseguem alcançar o grupo dos 25% mais ricos e somente 1,28% chegam ao estrato dos 10% com maior renda do país. Já a situação para quem nasce em famílias de maior renda é bastante diferente. Jovens cujos pais pertenciam à faixa intermediária da distribuição de renda (entre os 26% e os 75% dos mais ricos) têm 17,5% de probabilidade de alcançar o grupo dos 25% mais ricos na vida adulta. Entre os filhos das famílias que pertenciam aos 25% mais ricos, 56,5% permanecem nesse mesmo estrato quando adultos e 30,8% chegam ao grupo dos 10% mais ricos. A hierarquia de oportunidades, de acordo com o Atlas, mostra-se resiliente ao longo do tempo. Ao comparar duas gerações, nascidas de 1983 a 1987 e de 1988 a 1990, os dados mostram que, embora tenha havido um pequeno aumento na mobilidade social entre os dois grupos analisados, a possibilidade de ascensão social dos filhos permanece similar à dos pais. Filhos de pais que pertenciam aos 25% mais pobres da população e nasceram entre 1983 e 1987 tinham 7,9% de probabilidade de ascender aos 25% mais ricos quando adultos. Entre os nascidos de 1988 a 1990, essa probabilidade subiu para 8,8%. O cenário se repete entre os filhos de famílias de renda média: a chance de ascender aos 25% mais ricos passou de 16,6% para 18,6%, uma variação pequena que reforça a persistência da baixa mobilidade social. O Atlas analisou as chances de ascensão social de jovens oriundos de famílias de baixa renda nas diferentes regiões do país. As maiores probabilidades de mobilidade concentram-se nas regiões Sul, Sudeste e em partes do Centro-Oeste. Já grande parte do Norte e do Nordeste apresenta as menores taxas de mobilidade, revelando territórios onde a pobreza tende a ser mais persistente entre gerações. A reprodução das desvantagens sociais, em que filhos de famílias de renda mais baixa têm maior chance de permanecer no mesmo grupo da distribuição, se mostra mais intensa em municípios das regiões Norte e Nordeste. Os contrastes entre os municípios brasileiros ilustram a magnitude das desigualdades de oportunidades. Em Assis Brasil (AC), 84,4% dos jovens oriundos de famílias que pertenciam aos 25% mais pobres permanecem nesse mesmo grupo de renda quando adultos, um dos piores resultados do país. Já em Ponte Serrada (SC), apenas 2,13% dos jovens permanecem nesse estrato de renda, evidenciando um ambiente muito mais favorável à ascensão socioeconômica. Saiba mais no Repórter Brasil Tarde, da TV Brasil Entre os indicadores socioeconômicos incorporados ao Atlas, a educação apareceu como a dimensão mais associada à mobilidade social. Municípios com melhores indicadores educacionais, como maior Índice de Desenvolvimento da Educação Básica (Ideb) e menor distorção idade-série, tendem a apresentar maiores chances de mobilidade ascendente. ""A mobilidade social depende da capacidade de reduzir as desigualdades de origem. O Atlas mostra que políticas educacionais são fundamentais, mas precisam ser acompanhadas de estratégias econômicas capazes de ampliar oportunidades ao longo da vida. Nosso objetivo é oferecer evidências que ajudem gestores públicos a desenhar políticas mais eficazes para promover a ascensão social"", destacou o presidente do Imds, Paulo Tafner. Segundo o Atlas, os números apresentados no mapeamento têm como base os dados e a metodologia desenvolvidos no artigo acadêmico Intergenerational Mobility in the Land of Inequality (Britto et al., 2025). As estimativas de mobilidade intergeracional de renda foram calculadas utilizando métodos contemporâneos de mensuração da mobilidade social e dados administrativos da Receita Federal, dos Ministérios do Trabalho e Emprego e do Desenvolvimento Social, além de pesquisas domiciliares do Instituto Brasileiro de Geografia e Estatística (IBGE). O estudo completo pode ser consultado em: https://atlasmobilidadesocial.org.br/"	Agência Brasil	direitos-humanos	False
https://agenciabrasil.ebc.com.br/direitos-humanos/noticia/2026-07/sociologo-africano-diz-que-brasil-e-atacado-por-causa-de-terras-raras	2026-07-31	Sociólogo africano diz que Brasil é atacado por causa de terras raras	Miguel de Barros, da Guiné-Bissau, discursou em congresso na capital	O sociólogo e ambientalista da Guiné Bissau, Miguel de Barros, de 46 anos, disse que as comunidades tradicionais brasileiras e também da África são atacadas e ameaçadas por empresas de países ricos que buscam dominar suas terras raras. A fala ocorreu na noite desta quinta-feira (30) em evento na Universidade de Brasília (UnB). Em conferência magna do 14º Congresso Brasileiro de Pesquisadores (as) Negros (as), Barros avaliou que as ações de um novo projeto colonial por parte de países do Norte Global incluem a busca do monopólio do patrimônio dos recursos naturais. O evento termina nesta sexta (31). “Querem ter controle daquilo que chamam de terras raras. Não só para manipulação e controle de patentes, mas para a produção de instrumentos bélicos”, ressaltou o cientista social. Ele é considerado uma das principais referências no debate sobre políticas públicas e desenvolvimento social e eleito pela Confederação da Juventude da África Ocidental como a personalidade mais influente do ano. “Ter o controle da Amazônia significa controlar a capacidade de produção alimentar, reserva de energia e de água e ainda o poder de fazer guerra com quem quiserem.” Para ele, as empresas buscam elementos estratégicos para a produção de bombas nucleares, carros elétricos e telefones celulares. Os donos dessas empresas, disse ao público, são aqueles que “tiveram sempre um projeto de financiamento e criaram patrimônio econômico com a colonização. Estão no poder político com a colonização”. Ainda em seu discurso, o sociólogo afirma que esse “novo projeto colonial” é baseado sobretudo no controle das tecnologias da atualidade, o que inclui os desenvolvimentos das empresas de inteligência artificial. “Está baseado sobretudo na substituição da força e da capacidade humana pelas máquinas”. Em seus argumentos, o setor financeiro da inteligência artificial não abarca as necessidades dos povos sofridos e colonizados. “É um mecanismo de açambarcamento (apropriação) do saber, do conhecimento e do patrimônio do povo negro”. Miguel de Barros defende que é necessário haver uma contracorrente que permita aos negros terem suporte tecnológico para enfrentar esse cenário. “A inteligência artificial é também utilizada para a manipulação da biomedicina”. O sociólogo, no evento na UnB, ainda criticou a gestão de saúde brasileira durante o período da pandemia por não ter cooperado com as necessidades do povo africano. “O domínio do poder econômico não permitiu a transferência nem da tecnologia nem dos medicamentos. Até este momento, o continente africano só vacinou um quarto da sua população com duas doses de Covid”, exemplificou. Na lógica desse neocolonialismo, baseado no desenvolvimento seletivo de tecnologias, conforme avalia o pesquisador africano, existe uma espécie de seletividade sobre o direito à vida, que passa pelo racismo. Ele defendeu que a academia e o poder público devem apoiar formas alternativas de resistência e de emancipação para as populações mais vulneráveis. “No processo de construção de autonomia econômica e política, os resgates dos saberes das comunidades negras e tradicionais são elementos decisivos para garantir o direito à vida dos povos”. Por isso é que os Estados Unidos estão a disputar as eleições no Brasil.	Agência Brasil	direitos-humanos	False
https://agenciabrasil.ebc.com.br/direitos-humanos/noticia/2026-07/campanha-meu-tem-nome-oferecera-teste-de-paternidade-no-metro-do-rio	2026-07-30	Defensoria do Rio faz campanha de paternidade no metrô	Atendimentos serão feitos nesta sexta-feira das 9h às 15h	O MetrôRio recebe nesta sexta-feira (31) a campanha “Meu Pai Tem Nome”, para realizar exames de DNA e orientação jurídica gratuita na estação de metrô da Carioca, no centro da cidade. A iniciativa é promovida pela Defensoria Pública do Estado do Rio de Janeiro (DPRJ), e os atendimentos vão acontecer das 9h às 15h, no mezanino do Acesso B (Avenida Chile) da estação por ordem de chegada. “É importante também desmistificar o exame de DNA, porque muita gente, além de não conseguir ter recursos financeiros para pagar, pode deixar de fazer por medo. Então é importante dizer que esse exame é rápido, simples e praticamente indolor” informa a Defensora Pública, Larissa Davidovich. Para participar, basta comparecer com a documentação necessária, e em caso de realização do exame, todos os participantes precisam estar presentes para a coleta do material genético. A campanha também vai oferecer atendimento especializado para pessoas que desejam realizar o reconhecimento voluntário de paternidade ou maternidade, seja por vínculo biológico ou socioafetivo. Os resultados desta edição vão ser entregues no Dia D da campanha, 15 de agosto, no Estádio de São Januário. Não é necessário nenhum tipo de inscrição prévia, basta levar a documentação necessária e realizar o cadastro junto a equipe da DPRJ no local. Os documentos necessários são: Da pessoa interessada: Documento de identidade; CPF; Comprovante de residência atualizado. Da pessoa que busca o reconhecimento: Certidão de nascimento; Ou Declaração de Nascido Vivo (DNV), quando ainda não houver registro. Quando aplicável: Certidão de óbito do suposto pai ou da suposta mãe. A campanha que é promovida nacionalmente pelo Conselho Nacional das Defensoras e Defensores Públicos-Gerais (Condege), garante acesso gratuito ao reconhecimento da filiação, assegurando direitos como pensão alimentícia, herança, benefícios previdenciários, acesso ao histórico de saúde familiar e o fortalecimento dos vínculos familiares. A iniciativa busca enfrentar uma realidade que ainda afeta milhares de brasileiros. Em 2025, 173.112 crianças foram registradas sem o nome do pai na certidão de nascimento, o equivalente a 6,9% dos nascimentos registrados no país, segundo dados do Portal da Transparência do Registro Civil. No Estado do Rio de Janeiro foram 12.883 registros, representando 7,77% dos nascimentos, um percentual superior à média nacional. Ao longo dos próximos meses, a campanha está percorrendo diferentes locais do estado, ampliando o acesso da população ao serviço. As próximas etapas serão divulgadas pela Defensoria Pública. *Estagiária sob supervisão da jornalista Tâmara Freire.	Agência Brasil	direitos-humanos	False
https://agenciabrasil.ebc.com.br/direitos-humanos/noticia/2026-07/plataforma-estimula-denuncias-contra-censuras-jornalistas	2026-07-30	Plataforma estimula denúncias contra censuras a jornalistas	"Em live, comunicadores dizem que violações estão ""sofisticadas"""	"O coletivo Direito à Comunicação e Democracia (Diracom) lançou, nesta quarta-feira (29), o Observatório De Olho na Censura , uma nova plataforma dedicada ao monitoramento, registro e análise de casos que afetam a liberdade de expressão, o direito à comunicação e o acesso à informação. Na apresentação da iniciativa, em uma transmissão pela internet , comunicadores argumentaram que há novas formas de violação de liberdade de imprensa. S egundo a jornalista Ramênia Vieira, integrante do Diracom, a censura ganhou nova característica nas democracias ao ser praticada por agentes públicos, por empresas privadas, por plataformas digitais, por grupos organizados ou por instituições que detêm poder para restringir a circulação da informação e limitar o debate público. “As mídias tradicionais silenciam muitas vezes o debate público. Entendemos a censura como um conjunto de práticas que produz o silenciamento e restringe de forma indevida a circulação de informações, ideias e vozes na sociedade”, defende a jornalista. Ramênia Vieira explica que qualquer pessoa que tenha vivenciado ou acompanhado um possível caso de censura poderá registrar sua denúncia. As informações serão analisadas, sistematizadas e contribuirão para a produção de relatórios. estudos e ações de incidência em defesa do direito à comunicação. “Quanto mais pessoas e organizações contribuírem, mais condições nós teremos de compreender esse fenômeno e de fortalecer a proteção da liberdade de expressão e da pluralidade de vozes no Brasil”, disse. A presidente da Federação Nacional dos Jornalistas (Fenaj), Samira Castro, considerou que o lançamento do observatório pode ser um instrumento fundamental para que se possa garantir não apenas a defesa de uma categoria profissional, mas também de um direito humano, o de acesso à informação. “A censura se manifesta de maneiras muito mais sofisticadas e menos visíveis para a sociedade como um todo”, aponta Samira Castro. Para a presidente da Fenaj, ações judiciais intimidam profissionais e inviabilizam as investigações. “Nossos relatórios mostram que, depois de agressões físicas, o principal tipo de violação ao exercício do jornalismo no Brasil foi o assédio judicial”, diz Samira Castro. O jornalista Leonardo Sakamoto, que participou da transmissão de lançamento, disse que produtores de conteúdos independentes são vulneráveis a diferentes esferas de censura. “É um jornalismo que bate de frente com o interesse econômico”, afirmou. Sakamoto considera que, no interior do Brasil, poderes político e econômico muitas vezes são exercidos pela mesma pessoa ou grupos. “Aí o jornalista acaba sofrendo e é emparedado. Tirando as formas de assédio relacionadas à violência física, a principal forma de censura é o assédio judicial”. O jornalista aponta que um grande problema é quando juízes atuam contra comunicadores, e cita interdições realizadas por redes sociais em relação a textos com temas que desagradam grupos empresariais, como as discussões sobre a demanda do fim da escala 6x1. Ele também fala do sistema das redes sociais que favorece certos temas em detrimento de outros. “Temos visto jornalistas trocarem a sua pauta e denúncias por coisas que são mais palatáveis para a audiência. Existe um tipo de autocensura que é decorrente da busca por audiência”, lamentou. O diretor do Sleeping Giants , Humberto Vieira, opina também que as big techs têm intensificado a censura e atingido grupos minorizados. Ele exemplifica que no mês de junho, quando se celebra o orgulho LGBTQIAPN+ e foi destacada a demanda pela distribuição gratuita do medicamento Lenacapavir, a Meta removeu mais de 100 perfis vinculados a essa comunidade. O tema passou a ser investigado pelo Ministério Público Federal. Depois foram restaurados. Na página, a empresa aponta que, quando avalia um risco verdadeiro de agressão física ou ameaça direta à segurança pública. ""Removemos conteúdo, desabilitamos contas e trabalhamos com autoridades locais de aplicação da lei”. Também na transmissão a antropóloga Fernanda Martins, diretora de estratégia da Fundação Multitudes e pesquisadora de “democracia, plataforma digitais e direitos humanos”, o momento é de fortalecimento de direitos. Ela diz que há problemas comuns na América do Sul em ameaças particularmente às mulheres. “Na Argentina, por exemplo, mais de 40% dos ataques dirigidos às mulheres tinham como foco falar dos seus corpos, de sua aparência e de estereótipos de gênero”."	Agência Brasil	direitos-humanos	False
https://agenciabrasil.ebc.com.br/direitos-humanos/noticia/2026-07/grupo-arco-iris-denuncia-apagamento-de-dados-lgbti-na-policia-do-rio	2026-07-29	Grupo Arco-Íris denuncia apagamento LGBTI+ nos dados policiais do Rio	Estado não enviou informações ao Anuário de Segurança Pública	"O Grupo Arco-Íris de Cidadania LGBTI+ (GAI) enviou na terça-feira (28) um ofício à Secretaria de Estado de Polícia Civil do Rio de Janeiro cobrando uma explicação para a ausência de dados oficiais do estado sobre crimes motivados por LGBTIfobia e discriminação por orientação sexual e identidade de gênero no Anuário Brasileiro de Segurança Pública 2026. Outra representação da ONG foi encaminhada ao Ministério Público do Estado do Rio de Janeiro (MPRJ), afirmando que a Lei prevê sanções administrativas aplicáveis a agentes públicos e estabelecimentos que pratiquem atos discriminatórios em razão da orientação sexual e da identidade de gênero. Divulgado no último dia 23 de julho , o anuário não contou com informações sobre racismo por homofobia ou transfobia, lesão corporal dolosa, homicídio doloso e estupro contra LGBTQIAPN+ no estado do Rio de Janeiro. A unidade da federação é a única em que não consta na tabela do levantamento nenhuma informação sobre esses crimes nos anos de 2024 e 2025 . Mesmo com a ausência total de dados do Rio de Janeiro e com ausências parciais de outros estados, o Brasil registrou um crescimento de 35,6% em casos de racismo por homofobia ou transfobia em 2025 . A discriminação e a violência contra pessoas LGBTQIAPN+ foi tipificada como crime de racismo pelo Supremo Tribunal Federal (STF), em 2019, diante da ausência de leis específicas que punam essas condutas. No ofício aos órgãos de segurança pública estaduais, o GAI pede “que sejam adotadas medidas administrativas voltadas à instituição de mecanismos permanentes de produção, consolidação e transparência dos dados relativos à violência contra pessoas LGBTI+, garantindo a publicidade dessas informações a sua utilização como instrumento de planejamento das políticas públicas de segurança”. Já ao MP-RJ, a organização não governamental pede que, se for o caso, seja elaborado um Termo de Ajustamento de Conduta. “Caso sejam constatadas irregularidades ou omissões, adote as medidas extrajudiciais e judiciais cabíveis, inclusive, se entender pertinente, a celebração de Termo de Ajustamento de Conduta (TAC) com os órgãos competentes, visando à implementação de mecanismos permanentes de coleta, consolidação e divulgação periódica dos dados, bem como de programas continuados de capacitação dos agentes de segurança pública”. Em entrevista à Agência Brasil , o presidente do Grupo Arco-Íris de Cidadania LGBTI+, Cláudio Nascimento, disse ser inaceitável a ausência de dados, que invisibiliza a violência contra essa população e dificulta a formulação de políticas para combatê-la. A portaria da Polícia Civil nº 57.417, de 8 de fevereiro de 2012, incluiu a opção homofobia no campo motivação presumida dos registros de ocorrência antes mesmo da decisão do Supremo Tribunal Federal (STF) que passou a considerar a LGBTIfobia como um crime de racismo. Segundo o Dôssie LGBT+, produzido pelo próprio ISP em 2018, a Portaria nº 826, de 28 de novembro de 2017, adicionou ainda as opções transfobia e lesbofobia. “É obrigatório que o estado faça o registro de injuria racial, quando envolve a questão LGBTIfobia, e de crime de racismo também, quando se trata de LGBTIfobia. Não ter esses dados mostra uma total omissão da área de Segurança Pública com essa população. Não vamos admitir que a nossa população seja, de novo, escanteada, excluída e negligenciada pelo campo da Segurança Pública”. Nascimento critica que, além de deixar de encaminhar as informações à publicação, o estado não tem atualizado os dados. O último levantamento específico divulgado pela Polícia Civil e pelo ISP sobre violência contra a população LGBTI+ foi em 2018. O Grupo Arco-Íris ressalta que isso significa quase uma década sem divulgação dessas informações oficiais sistematizadas . “Precisamos repudiar com muita indignação o que ocorreu e cobrar das autoridades públicas uma reunião objetiva rápida com o movimento social LGBTI+ e o programa Rio sem LGBTIfobia para pensar o que vai fazer com esta informação e como tornar públicos os dados que tem no sistema. Não dá para continuar fingindo que a nossa comunidade não existe”, apontou. O ativista lembra que o estado foi o primeiro a ter um programa estadual contra essa discriminação, o Rio Sem LGBTIfobia , criado em 2010 e coordenado por ele ao longo de parte desses 16 anos. “É inaceitável para um estado como o Rio de Janeiro, que é considerado como uma referência em políticas públicas de atendimento a vítimas e de combate LGBTIfobia”. Para o presidente, esse apagamento compromete o monitoramento da violência no estado, interfere na formulação de políticas públicas para essa população e representa grave retrocesso na garantia dos direitos humanos das pessoas LGBTI+ . “Para serem estruturadas, [políticas públicas] dependem de dados para poder justificar a necessidade de uma nova, a ampliação de uma já existente ou a revogação de uma e a construção de outra. Esse apagão de dados produz uma invisibilidade estatística e gera com isso uma situação gravíssima, que é negar a violência e também direitos”, afirmou. Cláudio Nascimento relatou que, ainda hoje, pessoas da comunidade LGBTI+ se sentem inseguras de procurarem as delegacias de polícia para fazerem os registros de ocorrência , porque têm muito medo de serem discriminadas e rejeitadas nesses locais e acabarem saindo do lugar de vítima para virar réu. “É necessário mudar esta página”. Além da ausência de estatísticas, a entidade também critica a descontinuidade das ações de capacitação dos profissionais da segurança pública. Cláudio Nascimento lembrou que, durante muitos anos, coordenou um programa de capacitação das polícias Civil e Militar no Rio, que formou, até 2015, 12 mil policiais. “De lá para cá, são mais de dez anos que não tem nenhum programa robusto de formação continuada da área das polícias Civil e Militar sobre cidadania LGBT e segurança pública com cidadania LGBT”. O Instituto de Segurança Pública respondeu à Agência Brasil que os dados divulgados pelo órgão são produzidos com base nas tipificações definidas pela Secretaria de Estado de Polícia Civil (Sepol). “Atualmente, essas tipificações não contemplam uma categoria específica para crimes motivados por violências contra a população LGBTI+”, admitiu. “No entanto, o ISP disponibiliza, por meio do Painel Discriminação, no site ISPConecta, informações relacionadas a crimes de discriminação, incluindo registros de intolerância por orientação sexual”, acrescentou, informando que o painel pode ser consultado em: https://ispconecta.rj.gov.br/discriminacao/ . Ainda conforme o ISP, a produção de estatísticas sobre crimes cometidos contra pessoas LGBTI+ demanda um esforço adicional da equipe técnica do instituto . “Nesses casos, é necessária a análise individual de cada Registro de Ocorrência (RO), feita por policiais civis lotados no ISP, para verificar se o crime teve essa motivação. O Dossiê LGBT+, lançado pelo ISP em 2018, demandou à época um esforço adicional da equipe do Instituto, por não se tratar de um trabalho de rotina”, concluiu. Já a Polícia Civil disse à Agência Brasil que o Rio de Janeiro é um dos poucos estados do país a contar com uma unidade especializada como a Delegacia de Crimes Raciais e Delitos de Intolerância (Decradi) e contestou a falta de formação dos policiais para a questão de cidadania LGBTI+. “Todos os policiais civis são capacitados para atender qualquer cidadão em situação de vulnerabilidade, em todas as delegacias da instituição”, disse. “É importante destacar que os registros e a divulgação dos dados seguem a tipificação penal da ocorrência, e a Polícia Civil permanece empenhada em investigar, identificar e responsabilizar todos os autores de crimes de intolerância e discriminação”, destacou. A corporação alegou ainda que ""para evidenciar seu compromisso em proporcionar o melhor atendimento e acolhimento ao cidadão"", a Secretaria de Estado de Polícia Civil (Sepol) possui dois representantes no Conselho dos Direitos da População de Lésbicas, Gays, Bissexuais, Travestis e Transexuais do Estado do Rio de Janeiro (CELGBT-RJ), responsável por elaborar, acompanhar, monitorar, fiscalizar e avaliar a execução de políticas públicas. A Agência Brasil também procurou a Polícia Militar para comentar as críticas de falta de capacitação e não recebeu posicionamento até o fechamento dessa reportagem."	Agência Brasil	direitos-humanos	False
https://agenciabrasil.ebc.com.br/direitos-humanos/noticia/2026-07/violencia-atinge-mais-de-50-das-mulheres-que-se-relacionam-com-homens	2026-07-29	Violência atinge mais de 50% das mulheres que se relacionam com homens	Somente 11% dos homens admitem ter cometido agressões	Mais da metade das brasileiras (54%) que já tiveram relacionamento com homens declararam ter sofrido algum tipo de violência. No entanto, apenas 11% dos homens que já tiveram relacionamento com mulheres admitem ter cometido agressões contra parceiras ou ex-parceiras. Os resultados constam na pesquisa 20 anos da Lei Maria da Penha: percepção da sociedade brasileira , feita pelo Instituto Patrícia Galvão e Instituto Locomotiva, com o apoio da Uber, divulgada nesta quarta-feira (29). O objetivo do estudo, que ouviu 1,5 mil pessoas a partir de 16 anos de todas as regiões do país, em abril de 2026, é apresentar um retrato atualizado de como a sociedade brasileira percebe a violência doméstica e familiar. “A violência contra a mulher no Brasil segue em patamares alarmantes e crescentes: em 2025, a Central de Atendimento à Mulher – Ligue 180 registrou mais de 1 milhão de atendimentos, um aumento de 45% em relação ao ano anterior, e 155 mil denúncias de violência, o que equivale a 425 casos por dia”, diz Vera Vieira, diretora executiva do Instituto Patrícia Galvão. Vera avalia que os números revelam não apenas a persistência de agressões físicas, psicológicas, sexuais e patrimoniais no ambiente doméstico, mas os desafios ainda enfrentados para a efetiva proteção das mulheres, mesmo depois de duas décadas da Lei Maria da Penha. A Lei Maria da Penha (Lei nº 11.340/2006), sancionada em 7 de agosto de 2006, é considerada um dos mais importantes marcos legais no enfrentamento à violência doméstica e familiar contra as mulheres no Brasil. O principal entrave apontado pelas mulheres para efetivar uma denúncia de violência doméstica e familiar é a sensação de impunidade, mencionada por 56% das entrevistadas. Em seguida, a lentidão da Justiça na condução dos processos relacionados à violência doméstica no Brasil é citada por 39%. Além disso, a maioria das mulheres (77%) acredita que os homens ainda não entendem determinadas atitudes como violência, e 82% consideram que muitos homens se omitem diante de outros homens. A violência que as mulheres mais relatam ter sofrido de um parceiro ou ex-parceiro é a psicológica (42%), seguida pela física (25%). Ao presenciarem uma situação de violência contra a mulher, as mulheres afirmam com mais frequência que acionariam a polícia ou outras autoridades, enquanto os homens mencionam mais a intervenção direta, com ou sem uso da força. A Delegacia da Mulher é o canal de apoio mais conhecido pelas brasileiras, mencionado por 3 em cada 4 mulheres. Segundo as entidades que produziram a pesquisa, os resultados mostram avanços importantes promovidos pela legislação, mas indicam que a violência de gênero permanece como um problema estrutural, e concluem que a superação desse cenário exige atuação articulada do Estado. “Os dados mostram a Lei Maria da Penha como um mecanismo consolidado e reconhecido pela sociedade como essencial na proteção das mulheres. No entanto, o estudo também acende um alerta: a lei, isoladamente, não é vista como suficiente no enfrentamento à violência doméstica”, afirmou Maíra Saruê, diretora de pesquisa do Instituto Locomotiva. A pesquisa conclui que, após 20 anos, a Lei Maria da Penha é amplamente difundida no Brasil e que praticamente toda a população conhece ou já ouviu falar dela. Metade das mulheres (49%) afirma conhecer bem a legislação. Apesar disso, 82% das brasileiras entendem que, sozinha, ela não é suficiente para enfrentar o problema de forma efetiva. Sete em cada 10 mulheres sentem que essa lei tem impacto real na vida das mulheres e mais da metade (54%) se sente mais protegida pela existência da lei. Para 3 em cada 4 brasileiras, a lei faz com que elas se sintam mais conscientes sobre os riscos de sofrer violência. A maioria das mulheres avalia que, antes da Lei Maria da Penha, havia maior impunidade e menor proteção às vítimas: 81% acreditam que predominavam a omissão diante da violência e a falta de acolhimento às mulheres, enquanto 64% consideram que as punições aplicadas aos agressores eram brandas. Essa legislação é espontaneamente descrita pela maioria das brasileiras como destinada à proteção das mulheres. Nove em cada 10 mulheres (88%) afirmam conhecer a previsão da lei para casos de violência física, mas menos da metade (46%) conhece a inclusão da violência patrimonial entre as formas de violência previstas na lei. As medidas protetivas de urgência presentes na lei são conhecidas por oito em cada 10 brasileiras (83%). No entanto, o conhecimento sobre as medidas de proteção patrimonial alcança apenas 38% dessas mulheres. A diretora de pesquisa ressalta que uma parcela significativa da população ainda naturaliza comportamentos violentos em relacionamentos, sobretudo aqueles ligados a controle e vigilância. “Isso é bastante preocupante porque, como mostra a pesquisa, a violência psicológica é a realidade mais frequentemente enfrentada pelas mulheres.” Saiba mais sobre a pesquisa no Repórter Brasil Tarde, da TV Brasil *Título alterado às 12h08 do dia 30 de julho para correção de informação	Agência Brasil	direitos-humanos	False
https://agenciabrasil.ebc.com.br/direitos-humanos/noticia/2026-07/homenagem-luana-barbosa-marca-11a-marcha-das-mulheres-negras-em-sp	2026-07-25	Homenagem a Luana Barbosa marca a 11ª Marcha das Mulheres Negras em SP	Evento reuniu lideranças políticas, religiosas e populares	"Dez anos após a morte brutal de Luana Barbosa, mulher lésbica, negra e periférica, ainda não há nenhum envolvido preso ou condenado. E a 11ª Marcha das Mulheres Negras de São Paulo fez questão de lembrar o crime nesta tarde de sábado (25) em um evento na Praça Roosevelt, na região central da capital paulista. A manifestação reuniu centenas de pessoas — que vieram de cidades vizinhas e de diversos bairros paulistanos — lideranças políticas, feministas, religiosas, artistas e representantes de movimentos da comunidade negra. “Dez anos se passaram e muitas Luanas Barbosas seguem morrendo, como a gente viu o caso da Ieda e da Fabiana, duas mulheres negras e lésbicas que foram mortas em São Paulo”, disse Juliana Gonçalves, membro e cofundadora do evento. Luana foi abordada e agredida por policiais militares, em abril de 2016, na rua onde morava. Para a cofundadora, a população negra é negligenciada. ""A gente toma as ruas por direitos, reparação e bem viver, reparação porque o Estado brasileiro nos deve, porque as mulheres negras levantam essa economia, fazem o trabalho de cuidado que não é reconhecido e mesmo assim são as que menos ganham”. A abertura oficial do evento contou ainda com uma apresentação do coletivo Bando das Macuas, com uma performance focada na ancestralidade: “Nosso trabalho é em cima do corpo e nossa fonte de inspiração é o povo Macuas, presente no norte de Moçambique. Essa apresentação de hoje foi inspirada no espetáculo que esteve em cartaz em 2024 e 2025 chamado ‘Anunciação’, onde representamos figuras ancestrais reverenciando as mulheres que estão aqui unidas em marcha”, explicou Francine Moura, uma das sete mulheres que compõem o coletivo. No palco montado no meio da praça, duas DJs se revezaram nas pick-ups tocando rap e hip hop. As temáticas das canções eram todas de protesto. Mulheres negras ligadas a religiões de matriz africana também participaram da marcha. “Esse é um país que a gente ajudou a construir. Precisamos mostrar que esse povo está aí largado, sofrendo violência, apanhando, que não tem um lugar de fala dentro do governo. Não se tem algo firme que possa garantir segurança para nós e nossos filhos. Tem muita gente apanhando por causa da cor da pele, porque é de candomblé, porque é de umbanda. Então, você vê que esse país não é assim tão laico como se fala que é”, destaca Ìyalóde Marisa de Oya. Entre as mulheres que subiram ao palco estavam também lideranças da Rede de Mulheres Negras Evangélicas, grupo que existe desde 2018. Além de São Paulo, a Marcha das Mulheres Negras ocorreu em outras cidades brasileiras. Neste sábado, houve uma caminhada em Salvador (BA). Outra reunião ocorreu nesta sexta-feira (24), no Recife (PE)."	Agência Brasil	direitos-humanos	False
https://agenciabrasil.ebc.com.br/direitos-humanos/noticia/2026-07/forca-tarefa-resgata-89-pessoas-em-condicoes-degradantes-de-trabalho	2026-07-29	Força-tarefa resgata 89 pessoas em condições degradantes de trabalho	Grupo foi encontrado em três propriedades da Zona da Mata Mineira	"Força-tarefa coordenada pela Auditoria-Fiscal do Trabalho resgatou 89 trabalhadores em condições degradantes durante a colheita de café em três propriedades rurais localizadas nos municípios de Alto Caparaó, Mutum e Santana do Manhuaçu, na Zona da Mata mineira. A operação, em conjunto com o Ministério Público do Trabalho (MPT) e a Polícia Federal (PF), reforça a importância da atuação integrada para coibir violações de direitos trabalhistas e combater trabalho em condições análogas à escravidão. Todos os trabalhadores exerciam suas atividades sem registro em carteira e estavam submetidos a condições degradantes de trabalho e de alojamento. A informação foi dada nesta quarta-feira (29) à Agência Brasil pelo auditor-fiscal do Trabalho Wallace Pacheco, representante da Delegacia Sindical de Minas Gerais (DS-MG) e do Sindicato Nacional dos Auditores Fiscais do Trabalho (Sinait). “Em uma das propriedades, não havia trabalhadores alojados, em uma condição muito precária nas frentes. Todos estavam em informalidade, não se encontravam registrados, não tinham garantido o mínimo acesso a equipamentos de proteção individual (EPIs), não tinham acesso à situação sanitária na frente de trabalho”, disse. Pacheco destacou que além de exercerem suas atividades sem registro em carteira, havia homens e mulheres entre os trabalhadores que tinham que fazer suas necessidades no mato, “por absoluta impossibilidade ou omissão de fornecimento de instalações sanitárias nas frentes de trabalho”. Os trabalhadores estasvam alojados em ""condições muito ruins, degradantes mesmo”, disse o auditor-fiscal do Trabalho. A força conjunta constatou falta de monitoramento das condições mínimas de alojamento nas duas propriedades . Durante a fiscalização, os empregadores foram notificados para promover a regularização, ou seja, registrar todas as pessoas e, imediatamente, fazer a rescisão indireta do contrato de trabalho desses trabalhadores, uma vez que a rescisão se dá por culpa do empregador, segundo Wallace Pacheco. Será gerada para cada trabalhador, além das demais verbas rescisórias, também o aviso prévio indenizado que, normalmente, no contrato de safra, se tivesse tudo regular, não seria necessário se se estivesse tudo regular. Duas das propriedades quitaram integralmente o que havia sido calculado pelos fiscais como verbas rescisórias para cada um. Uma das propriedades, entretanto, questionou os valores e quitou parcialmente as verbas referentes às horas dos empregados que constavam da relação encaminhada na notificação. Caso a empresa não apresente provas, além das autuações decorrentes da situação degradante de trabalho, ela será penalizada também por falta de pagamento integral das verbas rescisórias e encaminhada posteriormente para o Ministério Público Federal, em relatório, com especificação dessa situação. Até o momento, os trabalhadores receberam R$ 654.600,00 em verbas rescisórias. Faltam ainda ser quitados em torno de R$ 180.200,00. Essa é a diferença que um dos empregadores questiona e que, agora, a força tarefa vai apurar de forma mais detalhada. Caso se confirme o que foi apurado ao longo da fiscalização, a empresa sofrerá outras autuações em decorrência dessa omissão. Pacheco informou que as três empresas serão autuadas com base no Artigo 444 da Consolidação das Leis do Trabalho (CLT), que trata da livre negociação entre patrão e empregado, sem violar a lei, que vai descrever todas as condições encontradas naquele ambiente de trabalho que caracterizaram uma condição laboral degradante. As empresas serão autuadas ainda de acordo com o Artigo 149 do Código Penal Brasileiro, que tipifica o crime de reduzir alguém à condição análoga à de escravo, por meio de trabalhos forçados, jornadas exaustivas, condições degradantes ou restrição de locomoção. A pena prevista é de reclusão de 2 a 8 anos e multa. O auditor-fiscal informou que os proprietários poderão sofrer ainda autuações relativas à falta de registro, não pagamento de salário, jornadas exaustivas. “Nós temos diversas autuações relativas ao meio ambiente de trabalho, tanto nas frentes de trabalho, quanto nos alojamentos”, afirmou. Pacheco disse que assim que houver o julgamento do auto de infração, após a defesa do empregador, caso quite a multa no prazo inicial definido, terá 50% de desconto. Independente do pagamento das multas decorrentes dos autos de infração, o empregador será incluído no cadastro de empregadores que foram flagrados submetendo trabalhadores a condições análogas de escravidão, mais conhecido como “lista suja”. Os 89 trabalhadores resgatados não estão mais trabalhando nas propriedades. Todos foram cadastrados também no sistema de seguro-desemprego e vão receber, a partir do mês de agosto, seis parcelas do seguro-desemprego, equivalentes a um salário mínimo cada, caso permaneçam sem nenhuma colocação. “Caso tenham um emprego formal ou qualquer outro tipo de renda, o benefício é suspenso. Mas, não tendo emprego, eles terão o suporte, o amparo de, pelo menos, seis parcelas de um salário mínimo para cada um deles”, esclareceu Wallace Pacheco. Os que vieram de outros estados, como da Bahia, por exemplo, tiveram o custo total do transporte para sua localidade de origem suportado pelos empregadores. Para cada irregularidade cometida na área de segurança, os empregadores poderão pagar multas no valor de R$ 3.500 a R$ 3.600 cada. A área engloba o não fornecimento de equipamento de proteção individual e de instalações sanitárias. Na área de alojamentos, houve multa para a falta de colchões, para a falta de armários, de camas adequadas, de local para higiene. “As multas vão se somando”, explicou Pacheco. Há possibilidade de os empresários sofrerem multa administrativa do Ministério do Trabalho. O Ministério Público do Trabalho, por sua vez, propôs um termo de ajuste de conduta, que foi aceito por duas empresas, que vão se ajustar para evitar situações semelhantes no futuro. Em relação à empresa que não aceitou, será proposta uma ação civil pública pelo MPT. Para a Delegacia Sindical em Minas Gerais do Sindicato Nacional dos Auditores-Fiscais do Trabalho, operações como essa demonstram a relevância da Auditoria-Fiscal do Trabalho na proteção da dignidade humana e na promoção do trabalho decente, especialmente em setores historicamente marcados pela vulnerabilidade social. A delegacia sindical destaca que o combate ao trabalho análogo à escravidão depende da continuidade das ações de fiscalização, da atuação integrada entre os órgãos públicos e da responsabilização dos empregadores que desrespeitam a legislação trabalhista. Além das operações de resgate, a prevenção e a conscientização da sociedade são fundamentais para reduzir a vulnerabilidade dos trabalhadores e impedir novas violações de direitos."	Agência Brasil	direitos-humanos	False
https://agenciabrasil.ebc.com.br/direitos-humanos/noticia/2026-07/racismo-foi-reduzido-chamar-alguem-de-macaco-critica-escritora	2026-07-29	“Racismo foi reduzido a chamar alguém de macaco”, critica escritora	Carla Akotirene abriu o Congresso de Pesquisadores Negros na UnB	A escritora e pesquisadora baiana Carla Akotirene criticou, na noite de terça (28), olhares simplificados a respeito do racismo na sociedade brasileira “A discussão do racismo foi reduzida a chamar alguém de macaco”, lamentou. Ela, que entende que essa violência é praticada de forma estrutural e institucional, fez a palestra de abertura do 14º Congresso Brasileiro de Pesquisadores (as) Negros (as) (Copene), que neste ano ocorre na Universidade de Brasília (UnB). Entre os focos principais da pesquisa de Carla, estão as intersecções de racismo e sexismo. Para ela, a militância deve ir além de flagrantes filmados de xingamentos. Carla Akotirene cita que em outros ambientes, como unidades de saúde e em penitenciárias, as ações de racismo e sexismo ocorrem diariamente e não há registro. “Não é filmado porque na cadeia não entra celular. A prisão é o próprio racismo”, cita a pesquisadora, que fez pesquisa etnográfica em uma penitenciária feminina na Bahia. “Quanto pior é a cadeia, maior é a função racista no tempo”. Ela defende que os pesquisadores conheçam mais sobre a lei de execução penal no Brasil.  “A gente não conhece as regras aplicadas no tratamento de presos. A gente não sabe como funciona a violência contra a mulher dentro da cadeia”. A escritora cita que o poder público mantém uma estrutura de violência para pessoas em privação de liberdade. “Uma mulher vítima de violência não pode gritar. Ela já está no braço do agressor, que é o Estado. As mulheres negras nunca deixaram de ser subalternizadas, escravizadas ou tomadas pelo patriarcado”, contextualizou. O 14º Copene tem, segundo os organizadores, o objetivo de debater projetos de pesquisa, ensino e extensão desenvolvidos acerca de estudos das relações étnico-raciais no Brasil. O evento tem programação até sexta (31). Clique aqui e confira a programação completa As temáticas abordam a realidade social brasileira e também tratam da valorização de experiências comunitárias, acadêmicas e políticas que fortalecem a luta antirracista em diferentes territórios. A escritora Carla Akotirene, por exemplo, conta que foi a primeira pessoa da família a ingressar no ensino superior. “A gente está aqui porque o movimento negro brasileiro reconfigurou as universidades públicas desse país. Quantas pessoas morreram para que a gente pudesse estar aqui?” Ao refletir sobre o processo racista no sistema judicial, ela afirmou que, do policial ao magistrado, há tentativas de criminalizar mais os indivíduos pardos e pretos. “A polícia chega em nossa comunidade e pede para ver quem vai assumir a droga. O nosso povo é submetido à tortura, principalmente à noite” Além disso, ela diz que os processos de prisão em flagrante também são feitos de forma propositalmente açodada e criminalizando mais as pessoas pretas.	Agência Brasil	direitos-humanos	False
https://agenciabrasil.ebc.com.br/direitos-humanos/noticia/2026-07/parada-brasilia-orgulho-traz-campanha-do-voto-contra-o-preconceito	2026-07-26	Parada Brasília Orgulho traz campanha do voto contra o preconceito	Parada neste domingo misturou diversão e luta política	O sol forte da seca brasiliense potencializou a explosão de cores na Esplanada dos Ministérios durante a Parada Brasília Orgulho, neste domingo (26) . Bandeiras, fantasias, maquiagens e leques, muitos leques, deixavam clara a mensagem “nós existimos, estamos aqui e amamos quem somos”. A estilista e performer maranhense Havenna Wandelookx está há 16 anos em Brasília. É o mesmo tempo que frequenta a parada do orgulho LGBT+ na capital. Ela exalta a mistura entre diversão e conscientização presentes no evento. “A gente tem que ter muita consciência, além da diversão, claro. A gente vem para se divertir, mostrar brilho, se jogar. Mas ter sempre uma consciência de que a gente tem uma vida além disso, e que podemos passar para as pessoas que isso pode ser muito bom, apesar do ódio de cada um”. Um dos organizadores da Parada Brasília Orgulho, Richard Alexandre, também destacou o caráter político da festa. “Não é só festa, é muita luta. Mas também a gente se diverte, a gente usa as nossas cores para se divertir, usa o espaço para mostrar que a gente exige, existe, que a gente quer respeito, quer dignidade”. Além de música e mobilização política, a Parada Brasília Orgulho trazia serviços à população, com várias tendas. Entre eles, atendimentos de enfermagem, suporte da Polícia Civil para denúncias contra LGBTFobia e um atendimento da Defensoria Pública para esclarecimentos sobre a inclusão do nome social em documentos. O tema deste ano é “LGBT, levante e vote”. A ideia é conscientizar a população LGBT+ a ir às urnas e a votar em pessoas que defendam o respeito e a garantia de direitos a todos. “A gente precisa, cada vez mais, de parlamentares que entendam a nossa pauta, que nos respeitem e que nos protejam, que usem a legislação a favor da proteção da comunidade”, explicou Richard Alexandre. O coordenador da Parada Brasília Orgulho, Welton Trindade, destaca a evolução nas conquistas da população LGBT+ ao longo dos anos. “A gente tem visto o aumento de pessoas LGBT eleitas. A parada começou em 1998, quando não tínhamos nenhum representante nos poderes”, disse. Enquanto a música e os discursos vindos do carro de som inundavam a Esplanada, uma senhora assistia a tudo, enrolada em uma bandeira do Brasil estilizada com o arco-íris do movimento LGBT. Sueli Oliveira tem 67 anos e frequenta marchas LGBT, em Brasília e em São Paulo, há vários anos. “Sou uma habitué, vamos dizer assim”, disse, com sorriso leve. Militante do movimento e lésbica, Sueli reforça a importância da presença da comunidade LGBT nas ruas e nas urnas. “É importante a gente participar das atividades como uma forma de dar visibilidade à nossa luta, à nossa existência”, disse. Para ela, é importante lutar, com o voto, contra o preconceito, o ódio e a LGBTfobia. E a parada é o momento ideal de alertar a todos sobre isso. “É o momento em que a gente para pra dizer: atenção, nós existimos, nós temos o direito, como qualquer outro cidadão e cidadã, de estarmos aqui, de votarmos, de amarmos quem nós quisermos.”	Agência Brasil	direitos-humanos	False
https://agenciabrasil.ebc.com.br/direitos-humanos/noticia/2026-07/cndh-manifesta-preocupacao-com-camelos-apos-programa-tolerancia-zero	2026-07-25	CNDH manifesta preocupação com camelôs após Programa Tolerância Zero	Prefeitura do Rio afirma que iniciativa ordena praia e combate crimes	"O Conselho Nacional dos Direitos Humanos (CNDH) divulgou nesta sexta-feira (24) nota pública em que manifesta ""profunda preocupação"" com a implementação do Programa Tolerância Zero, da Prefeitura do Rio de Janeiro. O CNDH considera que a iniciativa adotada para intensificar o ordenamento da orla inclui medidas voltadas aos trabalhadores ambulantes que têm provocado violações de direitos humanos . No documento, o conselho declara apoio às medidas requeridas pelo Ministério Público Federal (MPF) e defende a suspensão imediata dos efeitos do Decreto Municipal nº 58.256/2026, que instituiu o programa, no que se refere à atuação sobre os vendedores ambulantes. Segundo o CNDH, o enfrentamento ao crime organizado é uma obrigação do Estado, mas não pode resultar na estigmatização de uma categoria profissional. Para o órgão, a adoção de políticas de caráter exclusivamente repressivo e o uso da expressão ""tolerância zero"" sinalizam uma lógica de exclusão social de populações em situação de vulnerabilidade dos espaços públicos da cidade . A nota acompanha os argumentos do MPF, sustentando que as praias marítimas são bens da União. Diante disso, o CNDH afirma que a intervenção promovida pelo município nas orlas do Leme, Copacabana, Ipanema e Leblon ocorreu sem adesão prévia ao Termo de Adesão à Gestão de Praias (TAGP) e sem a elaboração de um Plano de Gestão Integrada (PGI), instrumentos previstos para a gestão compartilhada desses espaços. O CNDH também pondera que o trabalho ambulante é uma atividade profissional reconhecida por lei e representa a principal fonte de renda de milhares de famílias. Segundo o conselho, a atual política de fiscalização dificulta o exercício da atividade sem apresentar mecanismos efetivos de regularização, comprometendo o direito constitucional ao livre exercício do trabalho e ao chamado mínimo existencial. Outro ponto destacado refere-se às denúncias de violência durante as operações de fiscalização. O documento menciona relatos apresentados por movimentos sociais, entre eles o Movimento Unido dos Camelôs (Muca), de agressões contra trabalhadores ambulantes, incluindo o uso de spray de pimenta contra mulheres migrantes e crianças. Para o colegiado, caso confirmadas, as ocorrências configuram graves violações de direitos humanos e reforçam a necessidade de protocolos rigorosos para prevenir o uso desproporcional da força por agentes públicos. Na nota, o órgão também argumenta que os impactos da política recaem principalmente sobre pessoas negras, pardas, migrantes e refugiadas, grupos que encontram no comércio informal uma alternativa de geração de renda diante das dificuldades de inserção no mercado formal de trabalho . O conselho afirma que a ausência de políticas específicas para esses segmentos desconsidera compromissos assumidos pelo Brasil em tratados internacionais de proteção a refugiados e migrantes. O CNDH critica ainda a ausência de participação social na formulação das medidas para a orla carioca. Segundo o documento, a gestão desses espaços deve observar as diretrizes do Projeto Orla, política federal que prevê planejamento participativo com envolvimento de órgãos públicos, sociedade civil e trabalhadores. O colegiado defende a criação de uma mesa permanente de diálogo para construção de um plano de ordenamento urbano inclusivo e participativo, bem como a adoção de protocolos específicos para prevenir o uso excessivo da força durante ações de fiscalização. O Programa Tolerância Zero teve início na manhã de 16 de julho, com a apreensão de mercadorias e revolta dos ambulantes , que realizaram uma manifestação na orla de Copacabana, que se estendeu até ao Leme, em frente ao Copacabana Palace. Segundo a prefeitura, o objetivo da operação é combater a exploração ilegal do espaço público pelo crime organizado . “Vender produto de origem ilegal ou alugar equipamento com origem criminosa é crime. O recado é para que, a partir da data do início dessa operação, essas pessoas não procurem ocupar esses espaços ilegalmente, porque a tolerância vai ser zero. Quando você não tem legalização, você não pode desempenhar nenhuma atividade econômica no espaço público”, afirmou o prefeito Eduardo Cavaliere. Segundo a prefeitura, a estrutura irregular reúne cerca de 1 mil ambulantes e movimenta aproximadamente R$ 100 milhões por ano apenas com a locação clandestina de pontos, depósitos e equipamentos. A administração municipal afirma que o enfrentamento visa desarticular as estruturas que sustentam a exploração irregular do espaço público e interromper fontes de financiamento e cadeias logísticas associadas ao crime organizado."	Agência Brasil	direitos-humanos	False
https://agenciabrasil.ebc.com.br/direitos-humanos/noticia/2026-07/cidade-amiga-do-idoso-reconhece-politicas-publicas-municipais	2026-07-25	Cidade Amiga do Idoso reconhece políticas públicas municipais	Municípios precisam cumprir exigências para se candidatar ao título	Os municípios brasileiros que promovem políticas públicas e asseguram tratamento digno e envelhecimento ativo às pessoas idosas já podem ser reconhecidos com o Título Cidade Amiga do Idoso . A iniciativa garante ao local a divulgação do título para impulsionar turismo, comércio e gerar mais empregos. O reconhecimento está previsto na Lei 15.476/2026 , que entrou em vigor nessa sexta-feira (24), após publicação no Diário Oficial da União. A legislação também estabelece as regras para que os municípios possam se candidatar ao título. Entre elas a existência de ações de inserção e valorização dos idosos nos setores de transporte, moradia, saúde, emprego, em prédios públicos e espaços abertos. Também são consideradas as iniciativas que promovam segurança, participação, respeito e inclusão social; comunicação e informação e o apoio comunitário à pessoa idosa. A lei prevê a criação de um conselho com representantes dos governos federal, estaduais, distrital e municipais e de organizações sociais representativas da população idosa. O colegiado será responsável por analisar as candidaturas e decidir pela concessão do título. Ao receber a homenagem, o município poderá utilizar oficialmente a denominação Cidade Amiga do Idoso em documentos e materiais institucionais, por três anos. E o título poderá ser renovado ao final do prazo. A lei também prevê a possibilidade de revogação do reconhecimento, caso haja interrupção das políticas públicas voltadas à população idosa ou descumprimento dos compromissos assumidos com o Conselho.	Agência Brasil	direitos-humanos	False
https://agenciabrasil.ebc.com.br/direitos-humanos/noticia/2026-07/dia-internacional-da-mulher-negra-latino-americana-e-caribenha	2026-07-25	Mulheres negras exaltam Tereza de Benguela e cobram titulação de terra	Dia da Mulher Negra Latino-Americana e Caribenha é neste sábado (25)	"Neste sábado (25), é celebrado o Dia Internacional da Mulher Negra Latino-Americana e Caribenha , marco de reconhecimento da luta pelos direitos das mulheres negras. Desde 2014, o 25 de julho é também o Dia Nacional de Tereza de Benguela e da Mulher Negra, em homenagem à líder quilombola. Tereza de Benguela viveu no século 18 e se tornou líder do Quilombo do Quariterê, em Mato Grosso, depois que seu marido, José Piolho, foi assassinado por soldados do estado. Conhecida como “rainha Tereza”, ela liderou por 20 anos a comunidade de mais de 100 pessoas – entre indígenas e negros – que resistiu à escravidão até 1770. >> Ouça na Radioagência Nacional: Legado de Tereza de Benguela é celebrado no Dia da Mulher Negra Não se sabe se Tereza morreu em combate contra portugueses que invadiram o quilombo ou se ainda conseguiu viver mais alguns anos. Também é incerto o local onde nasceu – se em algum país do continente africano ou no Brasil. O que se sabe é que Tereza de Benguela tornou-se referência de luta e resistência para as mulheres negras do Brasil. Leonor Costa, jornalista, pesquisadora em Direitos Humanos e militante do Movimento Negro Unificado, destaca o legado deixado pela líder quilombola. “Teresa de Benguela tem a nos ensinar que, diante da opressão, não há outra alternativa que não seja a luta, que não seja o enfrentamento de um sistema que oprime.” Documentos históricos indicam que Tereza de Benguela governava o quilombo em um sistema semelhante ao de um Parlamento, com decisões tomadas coletivamente. Para Selma Dealdina Mbaye, da Coordenação Nacional de Comunidades Negras Rurais Quilombolas, a força da rainha Tereza está viva na luta das mulheres pelo direito à terra. Ela destaca a urgência da titulação de territórios quilombolas como pauta deste 25 de julho. ""A maioria do público dos territórios quilombos é formada por mulheres e essas mulheres também anseiam ver os seus territórios titulados, livres de grilagem de terras, da exploração, da mineração, livre de todas as violências e violações."" Segundo ela, há o Brasil mais de 8 mil quilombos, que reúnem mais de 1,3 milhão de pessoas, em 24 estados e mais de 1,7 mil municípios. ""Então, a gente tem um número significativo de pessoas nesses espaços e a gente precisa cada vez mais garantir esses territórios.” Desde 2014, a dia 25 de julho foi instituído por lei como Dia Nacional de Tereza de Benguela e da Mulher Negra. A data nacional soma-se ao Dia Internacional da Mulher Negra Latino-Americana e Caribenha, comemorado desde 1992, quando ocorreu o 1º Encontro de Mulheres Afro-latino-americanas e Afro-caribenhas, em Santo Domingo, na República Dominicana. O evento contou com representantes de mais de 30 países, que denunciaram violências como o racismo e as desigualdades sofridas por mulheres negras e buscaram construir uma agenda coletiva de mobilização. No Brasil, desde 2013, ocorre o Julho das Pretas , iniciativa criada pelo Odara, Instituto da Mulher Negra de Salvador. Este ano, a agenda da 14ª edição reúne mais de 600 atividades espalhadas pelo país, organizadas por quase 300 coletivos ao longo do mês. Um post compartilhado por Julho das Pretas (@julho_das_pretas) Entre as ações, está a Marcha das Mulheres Negras de São Paulo, que exige justiça por Luana Barbosa, mulher negra e lésbica, espancada e morta há dez anos, depois de se recusar a ser revistada por policiais homens durante uma abordagem em Ribeirão Preto, no interior de São Paulo."	Agência Brasil	direitos-humanos	False
https://agenciabrasil.ebc.com.br/direitos-humanos/noticia/2026-07/rede-de-jornalistas-pretos-oferece-formacao-em-seguranca-digital	2026-07-25	Rede de Jornalistas Pretos oferece formação em segurança digital	Seleção priorizará negras, indígenas e comunidades tradicionais	As inscrições para a segunda edição da Rede de Proteção Digital para Comunicadoras Negras (Repcone) seguem abertas até 5 de agosto para formação gratuita em cibersegurança, apoio psicossocial e orientação jurídica para proteger, formar e articular mulheres negras, indígenas e quilombolas contra violência digital na América Latina. As interessadas no processo seletivo podem se inscrever gratuitamente pela internet , por meio do preenchimento de um formulário online. O período das inscrições coincide com as celebrações do Mês Internacional da Mulher Negra Latino-Americana e Caribenha, que tem seu ponto alto em 25 de julho: Dia Internacional da Mulher Negra Latino-Americana e Caribenha. A iniciativa é da Rede de Jornalistas Pretos (Rede JP) que tem a expectativa de ampliar o alcance da Repcone, segundo a coordenadora geral da Rede JP, integrante da rede de mulheres líderes da Universidade e idealizadora da rede, Marcelle Chagas. “A expectativa é garantir que a oportunidade de participação chegue a comunicadoras e lideranças negras de diferentes regiões e territórios, fortalecendo uma rede cada vez mais diversa e conectada”, explica. O coletivo também pretende aprofundar as discussões sobre o contexto político atual no Brasil e na América Latina. “O ambiente digital tem se tornado um espaço cada vez mais complexo e, muitas vezes, mais nocivo para mulheres negras que ocupam espaços públicos, seja na comunicação, na defesa de direitos ou na liderança comunitária”, constata Marcelle Chagas. A formação visa fortalecer a capacidade de proteção, resposta e resiliência de mulheres em visibilidade pública diante de ameaças digitais, violência online e campanhas de desinformação, com objetivo final de promover a segurança, o cuidado e o apoio transnacional, em toda a América Latina. Na seleção das candidatas, terão prioridade mulheres que atuam em contextos de invisibilidade estrutural e de maior risco em razão de sua atuação pública. A edição 2026 da Repcone não se destina exclusivamente a jornalistas e comunicadoras. Também é voltada a mulheres do Brasil e da América Latina em posições de liderança comunitária, institucional ou organizacional, que estejam expostas a riscos de segurança digital e violência online em razão de sua atuação pública. A seleção priorizará mulheres negras (pretas e pardas), mulheres indígenas e mulheres pertencentes a povos e comunidades tradicionais (quilombolas, ribeirinhas, caiçaras, de terreiro, entre outras), sejam elas comunicadoras ou lideranças em outras frentes de atuação como associações, coletivos, organizações da sociedade civil, movimentos sociais e iniciativas de base. Neste ano, 30 mulheres da América Latina serão selecionadas entre jornalistas, ativistas, lideranças comunitárias e pesquisadoras que possam espelhar a diversidade de perfis, territórios, identidades e formas de atuação pública na região. As participantes receberão confirmação pelo e-mail e WhatsApp cadastrados no momento da inscrição. A formação da Repcone é estruturada em quatro frentes de atuação integradas: Na grade da programação, estão previstas quatro aulas online em uma plataforma de comunicação por vídeo (zoom). Nos encontros virtuais serão abordadas as temáticas sobre segurança digital, proteção de dados, resposta a incidentes e enfrentamento à desinformação, com acessibilidade em Libras e tradução para português e espanhol. No planejamento, as 30 participantes ainda contarão com: A iniciativa ainda contará com o lançamento do Latinas IA, criado pela Rede de Jornalistas Pretos para dar apoio e oferecer proteção de mulheres em situação de vulnerabilidade na América Latina. Esse agente digital estará disponível para dar suporte durante 24 horas contra violência digital, assédio e desinformação direcionada a mulheres na política e na mídia. A ferramenta funciona como um ambiente integrado de orientação e resposta, reunindo recursos de informação confiável, conectando usuárias a fontes verificadas e conteúdos de checagem, além de oferecer guias práticos de segurança digital adaptados a diferentes contextos de risco. A Rede JP informa que a plataforma segue em processo contínuo de desenvolvimento e aprimoramento para atender, especificamente, às realidades sociais, culturais e linguísticas das mulheres latino-americanas que atuam em defesa da democracia na América Latina. A Rede de Proteção Digital para Comunicadoras Negras surge da compreensão de que a violência digital é uma estratégia para afastar mulheres negras e indígenas dos espaços decisórios da comunicação. A iniciativa foi estruturada em 2025 a partir da escuta ativa e trocas de experiências entre Brasil, Argentina, Colômbia e outros países da América Latina. A primeira edição da Repcone foi lançada em agosto de 2025 e contou com a participação de 50 mulheres. A estimativa é que 17,1 milhões de pessoas foram alcançadas pela formação. Como resultado do primeiro treinamento, em dezembro de 2025, a rede lançou a cartilha Repcone Proteção Digital para Comunicadoras Negras na América Latina , que reúne dados, análises e orientações práticas para enfrentar a violência digital contra mulheres negras em posição de visibilidade pública. O material tem a missão de promover o acesso aberto ao conhecimento, à diversidade informacional e à formação livre de comunicadoras e comunidades. Na prática, a publicação orienta sobre como agir em situações de vazamento de dados, perseguição, assédio e campanhas coordenadas de desinformação, além de reunir protocolos de segurança digital e recomendações para o cuidado com a saúde mental. A cartilha também defende que a violência digital deve ser compreendida como parte das desigualdades estruturais de raça e gênero, com impactos que ultrapassam o ambiente virtual e afetam a saúde mental, a trajetória profissional e a permanência dessas mulheres em espaços de liderança e tomada de decisão.	Agência Brasil	direitos-humanos	False
https://agenciabrasil.ebc.com.br/direitos-humanos/noticia/2026-07/festival-latinidades-celebra-dia-da-mulher-afro-latino-americana-em-ny	2026-07-25	Festival Latinidades celebra Dia da Mulher Afro-latino-americana em NY	Evento estreia nos Estados Unidos nesta 19ª edição	"O Festival Latinidades 2026 , que celebra o Dia Internacional da Mulher Atro-latino-americana e Caribenha neste sábado (25), tem agenda pela primeira vez em Nova York, nos Estados Unidos. A iniciativa marca ainda mais a projeção  do evento no exterior em sua 19ª edição, com promoção de arte, cultura, formação, luta e empreendedorismo. Em 2026, o tema é ""Saúde Mental Importa!"" e foca em discutir condições de trabalho, riscos psicossociais e qualidade de vida, com destaque no setor cultural. Durante todo o mês de julho, o maior festival de mulheres negras da América Latina promove ações em Brasília, São Paulo e Nova York. A etapa norte-americana do evento conecta diretamente a produção cultural afro-latina à diáspora global. >>Veja aqui a programação completa . Um post compartilhado por Festival Latinidades (@festivallatinidades) O Festival Latinidades busca este ano chamar a atenção para a precarização das equipes técnicas, produtoras e artistas. Além dos shows e exibições, o Instituto Afrolatinas lançou a Pesquisa Nacional sobre Saúde Mental de Trabalhadoras e Trabalhadores da Cultura, durante a abertura do Festival, em Brasília. Elaborado em parceria com o Data labe e o Coletivo Mawê, o levantamento pretende subsidiar políticas públicas sobre a temática. Criado em 2028, o projeto do Festival Latinidades alcançou mais de 400 mil pessoas de público direto, mais de 2 milhões de pessoas afetadas no total, com presença em mais de 70 países e a realização de mais de 500 atividades educativas. Além disso, em 19 anos de trajetória, o encontro contabiliza 10 publicações, alcance de 200 mil pessoas nas redes sociais e mais de 400 apresentações artísticas de mulheres negras."	Agência Brasil	direitos-humanos	False
https://agenciabrasil.ebc.com.br/direitos-humanos/noticia/2026-07/julho-das-pretas-mulheres-negras-marcham-pelas-ruas-de-todo-pais	2026-07-26	Julho das Pretas: mulheres negras marcham pelas ruas de todo país	Mobilizações no Norte e Nordeste do país marcaram o fim de semana	Manifestações por todo o país neste fim de semana coroaram o Julho das Pretas, agenda de ações contra o racismo e pelos direitos das mulheres negras. O mês foi escolhido por abrigar o Dia Internacional da Mulher Negra Latino-Americana, celebrado neste sábado (25). Em todas as cidades, duas pautas estiveram no centro das discussões: a reparação pelas responsabilidades históricas do Estado e da sociedade na desigualdade; e o Bem Viver, modelo de sociedade que valoriza o cuidado, a ancestralidade e a coletividade, com o objetivo de alcançar a justiça social e a preservação da vida. O pontapé foi dado pela Marcha das Mulheres Negras de Pernambuco, realizada na capital, Recife, na sexta-feira (24). As participantes se concentraram no parque Treze de Maio, de onde caminharam até o Pátio do Carmo, denunciando a sub-representação das mulheres negras nos espaços de poder. No sábado (25), atos foram realizados em pelo menos três capitais. Em Belo Horizonte (MG), as participantes também homenagearam os 12 anos da Associação de Trabalhadoras Domésticas Tereza de Benguela, que atua na capital mineira, em defesa dessa categoria, composta majoritariamente por mulheres negras. Em Belém (PA), a marcha saiu em sua 11ª edição ao redor da Praça da República, no Centro. De acordo com Flávia Vieira, uma das organizadoras do evento, a escolha do local não foi aleatória, já que parte da praça foi erguida sobre um cemitério de pessoas escravizadas. Essa conexão através do tempo também marca o tema escolhido para a marcha deste ano, em Belém: “Ancestralidade, um projeto de futuro que se faz agora” “É um tema que nos convida a refletir sobre a importância dos direitos humanos, e a importância que precisamos dar para o nosso voto. Nós somos o maior grupo político e nós vamos decidir as eleições, então nós precisamos escolher bem as pessoas que vão nos representar”, destaca Flávia. Sábado também foi dia de marcha e celebração em Salvador (BA). Beatriz Souza, integrante do Odara - Instituto da Mulher Negra, que organizou o ato, comemorou que a participação aumenta a cada edição. “Foi um sábado perfeito, em que nós pudemos estar nas ruas com a força das yabás, pedindo licença para Exu, colocando as nossas crianças na frente da marcha. Foi um momento lindo que nos fez acreditar que é possível sonhar com um novo mundo e, principalmente, construir um novo mundo, com pactos novos de Bem Viver, igualdade e justiça para as pessoas” O Odara também é o principal articulador das outras atividades do Julho das Pretas. Este ano, ao longo de julho, serão quase 700 atividades, realizadas por mais de 290 coletivos em 23 estados brasileiros e o Distrito Federal. Galeria de fotos: Marcha das Mulheres Negras em Salvador, Belém e Rio de Janeiro. Julho/2025	Agência Brasil	direitos-humanos	False
https://agenciabrasil.ebc.com.br/direitos-humanos/noticia/2026-07/tiktok-e-acusada-de-violar-regras-da-ue-sobre-seguranca-de-criancas	2026-07-24	TikTok é acusado de violar regras da UE sobre segurança de crianças	Multa pode chegar a 6% do faturamento global	"O TikTok, da ByteDance, foi acusado de violar as regras da União Europeia sobre conteúdo online devido a recursos de design que poderiam expor crianças a predadores ou ao cyberbullying, informaram as autoridades reguladoras da UE nesta sexta-feira (24). As acusações, denominadas “conclusões preliminares” nos termos da Lei dos Serviços Digitais (DSA, na sigla em inglês), constituem a quarta denúncia contra o TikTok em dois anos. A DSA exige que as grandes empresas de tecnologia tomem mais medidas para combater conteúdos ilegais e prejudiciais. A Comissão Europeia, que atua como órgão regulador de tecnologia da UE, afirmou que as contas do TikTok não atendem aos padrões de segurança da DSA. Segundo a Comissão, a plataforma de mídia social permite que crianças tornem suas contas públicas, possibilitando que outras pessoas vejam o conteúdo e, potencialmente, expondo-as ao cyberbullying ou ao contato de agressores . A Comissão afirmou ainda que mesmo as contas privadas não são seguras para crianças, pois podem ser facilmente encontradas por meio das listas de “seguidores” e “seguidos” de outros usuários, inclusive por pessoas que não possuem uma conta no TikTok. O TikTok deve ajustar as configurações padrão das contas públicas de menores para que o conteúdo seja, por padrão, visível apenas aos usuários do TikTok aceitos pelas crianças, afirmou a Comissão. O TikTok afirmou que analisará as conclusões da UE e trabalhará de forma construtiva com o órgão regulador. “As contas de adolescentes no TikTok contam com mais de 50 recursos pré-configurados de privacidade e segurança, elaborados com base em recomendações de especialistas, desde o momento em que criam uma conta”, afirmou a empresa. O aplicativo complementou que as contas de menores de 18 anos são privadas por padrão e afirmou que o TikTok é uma das únicas plataformas em que os adolescentes mais jovens não podem usar mensagens diretas nem ter seu conteúdo elegível para aparecer no feed ""Para você"". O TikTok agora pode examinar os documentos da Comissão e responder antes que o órgão regulador emita uma decisão que poderia incluir uma multa de até 6% de seu faturamento anual global. “A Lei dos Serviços Digitais exige que as plataformas incorporem proteções para menores no design de seus serviços e as responsabiliza quando não o fazem”, afirmou a chefe de tecnologia da UE, Henna Virkkunen, em comunicado. “Um alto nível de proteção não deve ser uma opção; deve ser o padrão.” A empresa ofereceu concessões para evitar multas em dois casos anteriores, enquanto um terceiro caso ainda está em andamento. *É proibida a reprodução deste conteúdo."	Agência Brasil	direitos-humanos	False
https://agenciabrasil.ebc.com.br/direitos-humanos/noticia/2026-07/mulheres-negras-marcham-no-rio-por-direitos-e-pelo-bem-viver	2026-07-26	Mulheres negras marcham no Rio por direitos e pelo bem-viver	Famílias participaram do evento, que lembrou Marielle Franco	Milhares de mulheres negras marcharam neste domingo (26) em Copacabana, no Rio de Janeiro (RJ) em defesa da democracia, contra o racismo, pela reparação e pelo bem viver. Este foi o tema escolhido para a 12ª edição da Marcha das Mulheres Negras do Rio de Janeiro para cobrar políticas públicas que enfrentem as desigualdades históricas e o racismo, promovendo justiça social e condições dignas de vida para a população negra. A marcha foi realizada logo após o Dia Internacional da Mulher Negra Latino-Americana e Caribenha e o Dia Nacional de Tereza de Benguela, comemorados neste sábado (25). A coordenadora do Fórum Estadual de Mulheres Negras do Rio de Janeiro, Clátia Vieira, ressaltou que o bem-viver é o objetivo final, e ele só será alcançado com medidas de reparação. “Primeiro, fazer escuta das mulheres negras, e segundo, colocar o racismo como pauta estrutural da sociedade. A conexão do racismo com o capitalismo que mata as mulheres negras, que desemprega, que faz com que elas vivam uma instabilidade econômica, política e social.” A educadora Bárbara Carine participou da marcha junto com toda a família e considera importante inserir as crianças nos espaços de mobilização. “Eu acredito que a política está no processo de entender quem nós somos, os nossos direitos, e o quão longe nós ainda estamos de onde a gente deveria estar. A marcha é um momento de pensar tanto os nossos avanços históricos, de celebrar nossa caminhada, mas principalmente olhar para um futuro de bem-viver. A gente quer passar das pautas de sobrevivência”, afirmou. A vereadora carioca Marielle Franco, assassinada em 2018 em um crime de motivação política, novamente apareceu como símbolo de luta em faixas, camisetas e nas falas. A mãe de Mariele, Marinete Silva participou do ato. “A Marielle esteve na marcha em 2017 e tinha que estar hoje aqui, nas ruas com as mulheres negras. Ela foi tombada mas não nos deixa calar. A participação política das mulheres é essencial e também era um projeto dela. Então é importante que a gente venha”, disse Marinete. Durante toda a marcha, as falas políticas foram intercaladas por apresentações artísticas, de grupos como Afrolaje, Angoleiras e Obara Ylê de Ouro, que celebraram a ancestralidade, a resistência e a produção cultural negra. O casal Cinthia Garcia e Laísse Santos acredita que essa celebração é fundamental. “Se tivesse uma palavra para resumir a nossa presença aqui hoje é pertencimento”, destaca Laísse. “A marcha também é pelo direito da gente existir sendo quem a gente é. Usar os nossos cabelos, não ser criticada pela roupa que a gente veste,pelo turbante que a gente usa.Usa com orgulho os nossos elementos ancestrais”, explicou Cinthia As duas trabalham com afroturismo na cidade de Maricá, e reforçam que o racismo também se manifesta no apagamento das contribuições dadas pela população negra para o desenvolvimento do país. “A cidade sempre é apresentada a partir da presença de pessoas brancas importantes, mas pouco se fala de quem realmente construiu a cidade, quem foram as mãos que construíram, de quem foi a tecnologia e a nossa luta é de resgate dessas histórias invisibilizadas”,complementa Cinthia.	Agência Brasil	direitos-humanos	False
https://agenciabrasil.ebc.com.br/direitos-humanos/noticia/2026-07/mortes-violentas-caem-82-no-pais-em-2025-feminicidios-aumentam-4	2026-07-23	Mortes violentas caem 8,2% no país em 2025; feminicídios aumentam 4%	Anuário Brasileiro de Segurança Pública foi divulgado nesta quinta	A 20ª edição do Anuário Brasileiro de Segurança Pública , divulgada nesta quinta-feira (23), mostra que o número de mortes violentas intencionais (MVI) no Brasil caiu de 20,6 casos por 100 mil habitantes em 2024, para 19,1 casos por 100 mil habitantes, em 2025 – uma diminuição de 8,2%. Esse é o menor patamar registrado desde 2012, quando o índice começou a ser medido. Em números absolutos, foram registradas 40.775 mortes violentas intencionais no ano passado ante 44.127 em 2024. A categoria MVI inclui homicídio doloso, feminicídio, roubo seguidos de morte (latrocínio), lesão corporal seguida de morte, morte decorrente de intervenções policiais e morte de policiais em serviço e fora do horário de trabalho. Em 2025, foi a primeira vez que a categoria MVI ficou abaixo de 20 mortes por 100 mil habitantes no país. Em 2012, essa taxa era de 27,7 por 100 mil habitantes. No último ano, registraram queda os crimes de homicídio doloso (queda de 10%), latrocínio (-17%) e lesão corporal seguida de morte (-15,2%). Os dados mostram, no entanto, que as mortes por intervenção policial e os feminicídios subiram 5,4% e 4%, respectivamente. Apesar da queda na média nacional das MVI, sete unidades da federação tiveram alta em comparação com os dados do ano anterior: Rio Grande do Norte (19,6%), Rondônia (7,5%), Acre (6,3%), Roraima (5,8%), Distrito Federal (5,8%), Mato Grosso do Sul (4,9%) e Rio de Janeiro (2,1%). De acordo com o relatório, os demais estados apresentaram reduções nas MVI: Amazonas (-32,5%), Rio Grande do Sul (-25,7%), Mato Grosso (-23,2%), Piauí (-15,7%), Paraná (-15,5%), Minas Gerais (-14,2%), Goiás (-12,7%), Santa Catarina (-11,1%), Bahia (-9,6%), Pernambuco (-9,3%), Espírito Santo (-8,4%). Ceará (-7,5%), Alagoas (-6,6%), Amapá (-5,9%), Paraíba (-3,9%) São Paulo (-3,9%), Pará (-3,7%), Sergipe (-3%), Tocantins (-2,2%), e Maranhão (-2,2%). Em 2025, os registros do Anuário de Segurança Pública mostram que 44,4% das mulheres assassinadas no país foram mortas por razões de gênero – o maior percentual desde quando o feminicídio entrou para o Código Penal brasileiro, em 2015. Em números absolutos, no último ano, 1.571 mulheres foram vítimas de feminicídio, ou 4,3 mortes por dia. O resultado representa uma taxa nacional de 1,4 vítimas por grupo de 100 mil mulheres (alta de 4% em relação a 2024). As tentativas de feminicídio, segundo o Anuário, também continuaram a crescer em 2025. Foram 4.189 mulheres sobreviventes, um aumento de 5,9% em relação a 2024, ou seja, para cada feminicídio consumado registrado no país em 2025 houve quase três tentativas. Segundo a publicação, considerando conjuntamente os feminicídios consumados e tentados, as regiões Centro-Oeste e Norte apresentaram as maiores taxas do país, com 9,8 e 8 vítimas por 100 mil mulheres, respectivamente. Já as regiões Sudeste (4,2), Nordeste (4,8) e Sul (5,2) registraram menores níveis de violência letal de gênero consumada e tentada. Saiba mais no Repórter Brasil Tarde, da TV Brasil	Agência Brasil	direitos-humanos	False
https://agenciabrasil.ebc.com.br/direitos-humanos/noticia/2026-07/sancionada-lei-que-proibe-producao-e-comercializacao-de-foie-gras	2026-07-24	País veta produtos por alimentação forçada de animais, como foie gras	Proibição vale para produtos in natura e enlatados	Foi sancionada a Lei 15.475 , que proíbe a produção e a comercialização de alimentos obtidos por meio de alimentação forçada de animais, método conhecido como gavage . A norma entrará em vigor no prazo de 180 dias contados a partir desta sexta-feira (24). Aprovada pelo Legislativo e enviada no início do mês ao Palácio do Planalto para sanção, a nova lei tem como principal alvo o foie gras (fígado gordo de pato ou ganso), mas se aplica a qualquer produto obtido por esse método. A alimentação forçada é definida como qualquer procedimento manual ou mecânico, em geral por meio de um tubo metálico introduzido na boca de gansos, patos e marrecos até alcançar o esôfago, obrigando o animal a ingerir alimentos ou suplementos em uma quantidade acima do limite natural de saciedade. A introdução em grandes quantidades de alimento provoca uma doença chamada esteatose hepática, caracterizada pela hipertrofia do fígado. O produto final comercializado é este órgão adoecido. A proibição prevista na nova lei vale tanto para produtos in natura quanto para enlatados. De acordo com o texto sancionado, essas infrações podem ser enquadradas na Lei de Crimes Ambientais, com seus responsáveis respondendo por maus-tratos a animais. Além de multas e sanções administrativas (apreensão de produtos e suspensão da atividade), estão previstas penas de até um ano de detenção. Recentemente, o projeto recebeu apoio de organizações de proteção animal , por meio de uma carta aberta em favor de sua sanção.	Agência Brasil	direitos-humanos	False
https://agenciabrasil.ebc.com.br/direitos-humanos/noticia/2026-07/justica-condena-shopping-paulista-por-discriminacao-racial	2026-07-23	Justiça condena shopping paulista por discriminação racial	Empreendimento pagará indenização de R$ 1 milhão a fundo municipal	"Após a Justiça homologar um acordo firmado entre o Ministério Público do Estado de São Paulo (MPSP) e o Shopping Pátio Higienópolis, o empreendimento vai pagar R$ 1 milhão ao Fundo Municipal dos Direitos da Criança e do Adolescente , como resultado de uma ação civil pública ajuizada após um episódio de racismo contra um adolescente negro dentro do shopping, em abril de 2025. O fato foi apurado a partir de inquérito civil conduzido pela Promotoria de Justiça da Infância e da Juventude da Capital. O adolescente e um amigo, também negro, foram discriminados por uma funcionária terceirizada, integrante da equipe de segurança do centro comercial, em um bairro nobre da cidade. A mulher perguntou se eles estavam pedindo dinheiro a uma outra estudante, branca. Os dois jovens à época estavam no ensino fundamental II e haviam acabado de sair de uma atividade que se propunha a debater o racismo. O estudante discriminado era bolsista do Colégio Equipe. Uma semana após o caso, estudantes e professores da instituição realizaram um protesto no shopping . Além da indenização, o shopping assumiu obrigações voltadas à proteção integral a crianças e adolescentes frequentadores do local. Entre elas, está a manutenção de um núcleo social formado por dois educadores coordenados por uma assistente social, com atuação todos os dias da semana, e a determinação de que qualquer abordagem a crianças e adolescentes seja feita exclusivamente por integrantes desse núcleo, com foco no acolhimento e no encaminhamento à rede de proteção. O acordo prevê ainda treinamento periódico dos colaboradores operacionais, ministrado por consultoria externa ao menos duas vezes por ano, inclusão de cláusula antirracista nos contratos firmados pelo empreendimento, aprimoramento do canal de denúncias, com garantia de anonimato, e divulgação dos órgãos externos de proteção; realização anual de evento aberto ao público sobre respeito à diversidade e combate ao racismo; envio de relatórios semestrais ao Ministério Público e vigência das obrigações pelo prazo de três anos. Caso não cumpra com todos os compromissos assumidos, o Shopping Pátio Higienópolis estará sujeito a multa, com aumento em caso de reincidência. O montante de R$ 1 milhão deve ser aplicado em iniciativas de enfrentamento da discriminação racial e de proteção de crianças e adolescentes em situação de vulnerabilidade. Segundo o MPSP, a Justiça considerou que o acordo prevê medidas concretas para prevenir novas violações e institui mecanismos de acompanhamento e fiscalização de seu cumprimento. ""A construção deste acordo pela via do diálogo revela a maturidade institucional que se espera do Ministério Público e a robustez do valor destinado ao Fundo Municipal assegura que o compromisso se traduza em políticas públicas efetivas e permanentes de proteção à infância e à juventude"", afirmou a promotora de Justiça Florenci Cassab Milani. Saiba mais sobre o caso no Repórter Brasil Tarde, da TV Brasil"	Agência Brasil	direitos-humanos	False
https://agenciabrasil.ebc.com.br/direitos-humanos/noticia/2026-07/somente-tres-estados-tem-plano-vigente-contra-o-trabalho-infantil	2026-07-23	Somente três estados têm plano vigente contra o trabalho infantil	Estudo aponta falhas no monitoramento do combate a prática	"Apenas Maranhão, Paraíba e Rio Grande do Sul têm planos decenais de enfrentamento ao trabalho infantil vigentes. Nas outras 24 unidades da federação, esses documentos estão vencidos, em elaboração ou atualização, aguardam publicação ou ainda não existem . Os dados foram apresentados nesta quarta-feira (22) pelo Fórum Nacional de Prevenção e Erradicação do Trabalho Infantil e Proteção a Adolescentes no Trabalho (FNPETI), no estudo inédito Mapeamento dos Planos Estaduais e Distrital de Prevenção e Erradicação do Trabalho Infantil e Proteção a Adolescentes no Trabalho . Os planos estaduais definem responsabilidades do poder público, estabelecem metas e desempenham papel estratégico na articulação entre áreas para a promoção e garantia dos direitos de crianças e adolescentes. A secretária executiva do FNPETI, Katerina Volcov, destacou que, nas três unidades da federação que elaboraram os planos de enfrentamento ao trabalho infantil vigentes, houve convergência da vontade política por parte do Estado e da atuação e incidência política da sociedade civil. Katerina Volcov também detalhou, em entrevista à Agência Brasil , que, entre os fatores que levam à omissão dos outros estados e do Distrito Federal, estão as barreiras políticas em âmbito estadual, marcadas pela baixa prioridade política atribuída ao tema, pela baixa articulação e intersetorialidade das secretarias de estado e pela redução do apoio governamental. Ela também cita o enfraquecimento da sociedade civil organizada e os períodos de paralisação de fóruns estaduais que, por sua vez, fazem o controle social dos planos. De acordo com o FNPETI, o estudo “evidencia fragilidades na implementação, no acompanhamento e na continuidade dessas políticas públicas nos estados e no Distrito Federal"". A representante do fórum nacional ressalta que a falta de um plano vigente impacta mais diretamente as crianças e adolescentes de três formas: invisibilidade e desproteção contínua, ações isoladas e ineficientes e incapacidade de respostas . “Sem planejamento e monitoramento contínuos, as iniciativas não podem ser avaliadas, tampouco seus resultados podem ser aferíveis, além de reduzir a capacidade de resposta às distintas formas de trabalho infantil presentes nas regiões do estado ou Distrito Federal”, disse a secretária executiva do FNPETI, Katerina Volcov. A publicação também chama atenção para o fato de que 76,9% dos 27 fóruns estaduais relatam que não conseguem acompanhar com frequência se as poucas ações existentes estão dando resultado . O levantamento conclui que a falta de monitoramento ainda é um dos principais desafios da temática. E, sem planejamento e acompanhamento contínuos, aumentam as dificuldades para atualizar os planos, definir indicadores, manter registros das ações desenvolvidas e institucionalizar processos contínuos de avaliação. Além disso, as iniciativas tendem a se dispersar, ficam mais vulneráveis às mudanças de gestão e perdem capacidade de responder às diferentes formas de trabalho infantil. O estudo aponta desafios estruturais do próprio setor público para combater o trabalho infantil. Entre eles estão: A representante do fórum nacional entende que é possível blindar as políticas de enfrentamento ao trabalho infantil da descontinuidade por meio da garantia legal e orçamentária. Katerina Volcov defende que o tema seja transformado em política de Estado, por meio de leis, decretos e planos de longo prazo, com a garantia de orçamento público que assegure a continuidade das iniciativas, ações e programas, independentemente de gestão ou partido político. Ela ainda menciona o trabalho integrado e o controle social. “É fundamental o fortalecimento dos órgãos, secretarias e conselhos de direitos e a integração das distintas áreas, como educação, saúde, trabalho e geração de renda, sistema de Justiça e fiscalização, que podem e devem trabalhar de maneira coordenada e intersetorial. Por fim, a atuação da sociedade civil organizada é fundamental para o controle social dessas políticas e, sendo assim, pode e deve incidir no monitoramento, na avaliação e continuidade das políticas"". O Mapeamento dos Planos Estaduais e Distrital de Prevenção e Erradicação do Trabalho Infantil e Proteção a Adolescentes no Trabalho ainda percebe a naturalização do trabalho infantil em todo o país e o surgimento de novas formas de exploração de crianças e adolescentes, especialmente em ambientes digitais, como as redes sociais. No sentido de proteger as crianças e adolescentes no ambiente digital, a legislação brasileira atualizou o Estatuto da Criança e do Adolescente (ECA), por meio do ECA Digital , em vigor desde março deste ano. Entre as medidas previstas, ele estabelece regras para a atividade artística de crianças e adolescentes. Para além do ECA Digital, a Resolução nº 687/2026, do Conselho Nacional de Justiça (CNJ), instituiu o Banco Nacional de Alvarás para Atividade Artística de Crianças e Adolescentes (BNAC). Como defensora da proteção de crianças e de adolescentes no trabalho, Katerina Volcov explica que o trabalho infantil no ambiente digital é um desafio recente que exige atenção urgente e debate articulado . O mapeamento propõe a aplicação do IV Plano Nacional de Prevenção e Erradicação do Trabalho Infantil e Proteção a Adolescentes no Trabalho , elaborado pela Comissão Nacional de Erradicação do Trabalho Infantil (Conaeti), como um modelo completo, com metas, indicadores e estratégias, para ajudar os estados e o Distrito Federal a criarem ou atualizarem seus próprios planos estaduais. O documento nacional deve ser adaptado à realidade específica de cada unidade da federação, com especifidades como trabalho agropecuário, mendicância ou atividades em áreas litorâneas. “Cada plano estadual precisa partir de um diagnóstico e responder às demandas concretas daquele estado"", diz Katerine. Além disso, os estados devem criar comissões estaduais paritárias, com governo e sociedade civil, e garantir orçamento e recursos humanos para elaborar seus planos de enfrentamento. Apenas 30,8% dos fóruns estaduais e distrital de Prevenção e Erradicação do Trabalho Infantil informaram contar com participação ativa de adolescentes. Katerina Volcov explica que a baixa participação decorre da ausência de uma educação em direitos humanos consolidada na formação de todas as crianças e adolescentes do país . O estudo indica a necessidade de fortalecer o protagonismo desse público nos espaços de discussão e a construção das políticas voltadas à garantia de seus direitos. Para mudar essa realidade, foram criados os comitês de participação de adolescentes (CPAs) no Conanda, em conselhos estaduais e em fóruns estaduais de erradicação do trabalho infantil. A especialista defende que a participação deste público seja adaptada à capacidade de cada faixa etária, com a mudança no currículo da educação básica. “É preciso que, no currículo escolar da Educação Básica, de modo transversal, os direitos humanos sejam pautados em sala de aula, a fim de que mais crianças e mais adolescentes conheçam seus direitos e participem da vida pública, na medida de suas capacidades físicas e intelectuais relativas à própria idade”, disse. A Pesquisa Nacional por Amostra de Domicílios Contínua (PnadC) sobre o trabalho de crianças e adolescentes de 5 a 17 anos de idade revela que, no fim de 2024, havia cerca de 1,65 milhão de crianças e adolescentes em trabalho infantil no Brasil. O número significa um aumento de 34 mil casos (2,1%) em relação a 2023, apesar de ter ocorrido uma redução de 21,4% entre 2016 e 2024. Os dados foram coletados pelo Instituto Brasileiro de Geografia e Estatística (IBGE). A mesma pesquisa do IBGE revela que 586 mil crianças e adolescentes continuam vítimas de trabalho infantil em suas piores formas, de acordo com a Lista das Piores Formas de Trabalho Infantil (Lista TIP), instituída pelo Decreto nº 6.481/2008 , que regulamentou termos da Convenção 182 da OIT, definindo 93 piores formas de trabalho infantil. O Brasil também é signatário da meta número 8.7 dos Objetivos de Desenvolvimento Sustentável (ODS) , na Agenda 2030 da Organização das Nações Unidas (ONU), na qual, entre outros compromissos, o país se compromete a assegurar a proibição e a eliminação das piores formas de trabalho infantil."	Agência Brasil	direitos-humanos	False
https://agenciabrasil.ebc.com.br/direitos-humanos/noticia/2026-07/endrick-e-nomeado-embaixador-do-unicef-no-brasil	2026-07-22	Endrick é nomeado embaixador do Unicef no Brasil	Jogador atuará na promoção dos direitos de crianças e adolescentes	"O jogador de futebol Endrick, da Seleção Brasileira e do Real Madrid, foi nomeado nesta quarta-feira (22) o embaixador do Fundo das Nações Unidas para a Infância (Unicef) no Brasil. Com isso, o centroavante passa a integrar o grupo de personalidades que usam sua voz e influência para promover e defender os direitos da infância e da adolescência. No Brasil, também são embaixadores Maísa, Renato Aragão, Daniela Mercury, Lázaro Ramos, Bruno Gagliasso e a personagem Mônica. Em material divulgado pelo Unicef nesta quarta, o atleta afirma que o convite é mais que uma honra: ""É uma responsabilidade muito grande. Eu sei que milhões de crianças sonham todos os dias com um futuro melhor, assim como eu também sonhei. Quero usar minha voz para mostrar que elas podem acreditar em si mesmas, lutar pelos seus objetivos e nunca desistir. Nenhuma criança pode ficar para trás. Estou muito feliz de fazer parte dessa missão”. O Unicef conta com embaixadores e embaixadoras em todo o mundo desde 1954. Eles são artistas, atletas e outras personalidades que oferecem seu talento e reconhecimento para promover e defender os direitos de meninos e meninas. Segundo o fundo da Organização das Nações Unidas (ONU), embaixadores são escolhidos não só pela fama que possuem, mas, principalmente, pela credibilidade que têm perante o público e pela disposição para trabalhar pela infância e adolescência, mesmo tendo uma agenda profissional repleta de compromissos. Endrick construiu uma trajetória meteórica nas categorias de base no Brasil até o futebol europeu, consolidando-se como um dos maiores talentos de sua geração antes mesmo de completar 20 anos. Contratado pelo Real Madrid em 2024, o atacante acumulou atuações de destaque e confirmou o potencial que o transformou em uma das principais promessas do futebol mundial. No Real Madrid, tornou-se o jogador estrangeiro mais jovem a marcar em La Liga e o mais jovem da história do clube a balançar as redes na Liga dos Campeões, além de ser o primeiro atleta do Século 21 a marcar em suas estreias nas duas competições. Pela Seleção Brasileira, entrou para a história ao se tornar o jogador mais jovem a marcar um gol em Wembley por uma seleção principal e passou a integrar uma lista seleta de jovens que igualaram feitos de Pelé e Coutinho com a camisa do Brasil. De acordo com o Unicef, mais do que os números, Endrick simboliza a renovação do futebol brasileiro no cenário internacional. “Endrick é um jovem exemplo, que inspira milhões de crianças e adolescentes, e tem um grande potencial para levar as mensagens sobre os direitos de meninas e meninos para todo o Brasil”, afirma Joaquin Gonzalez-Aleman, representante do Unicef no Brasil."	Agência Brasil	direitos-humanos	False
https://agenciabrasil.ebc.com.br/direitos-humanos/noticia/2026-07/acervo-historico-do-antigo-iml-do-rio-e-retirado-de-predio-na-lapa	2026-07-23	Acervo histórico do antigo IML do Rio é retirado de prédio na Lapa	Equipe do MPF acompanhou ação do Arquivo Público e Iphan	O Arquivo Público do Rio de Janeiro , o Instituto do Patrimônio Histórico e Artístico Nacional e organizações de direitos humanos finalizaram mais uma etapa do recolhimento do acervo histórico mantido no antigo prédio do Instituto Médico Legal (IML), na Lapa, região central do Rio. A ação, ocorrida nessa quarta-feira (23), foi acompanhada por equipe do Ministério Público Federal e teve participação do Coletivo Memória, Verdade, Justiça e Reparação e do Programa Pró Memórias, do Instituto Galo da Manhã. A ação integra o cumprimento das decisões judiciais obtidas pelo MPF para assegurar a retirada integral e a preservação dos documentos armazenados em condições precárias no imóvel. Foram transferidos documentos funcionais de agentes da antiga Delegacia Especial de Segurança Política e Social (Desps), órgão que atuou como polícia política durante o Estado Novo, além de microfilmes contendo laudos cadavéricos produzidos entre 1965 e 1982. O material recolhido amplia o conjunto de documentos históricos retirados do antigo IML desde maio deste ano. As pastas funcionais podem contribuir para pesquisas sobre a estrutura da repressão estatal durante o Estado Novo , enquanto os microfilmes preservam registros periciais produzidos ao longo de quase duas décadas. “Cada etapa concluída representa avanço na proteção de um patrimônio documental indispensável para preservar a memória histórica do país e garantir o direito à verdade”, destacou o procurador regional dos Direitos do Cidadão adjunto Julio Araujo. A atuação do MPF começou em março de 2025, após inspeções identificarem cenário de abandono no prédio do antigo IML. Os documentos estavam expostos à umidade, infiltrações, fezes de pombos, riscos de incêndio, invasões e deterioração acelerada. Ao longo do processo, decisões da Justiça Federal e do Tribunal Regional Federal da 2ª Região determinaram medidas para proteger o imóvel, reforçar a segurança e assegurar a transferência do acervo para instalações adequadas. Em março de 2026, sentença da Justiça Federal determinou que a União concluísse a reversão do imóvel e que o estado do Rio de Janeiro promovesse a retirada e o tratamento técnico de toda a documentação. A primeira etapa do recolhimento ocorreu em maio deste ano, quando foram retirados livros de registro de entrada e saída de corpos do IML, livros de registro de óbitos das décadas de 1960, 1970 e 1980, objetos tridimensionais, mapas e fotografias.	Agência Brasil	direitos-humanos	False
https://agenciabrasil.ebc.com.br/direitos-humanos/noticia/2026-07/relatorio-denuncia-violencia-em-acoes-policiais-na-baixada-fluminense	2026-07-24	Relatório denuncia violência em ações policiais na Baixada Fluminense	Entre 2020 e 2025, foram 282 mortes, segundo o levantamento	Operações policiais na Baixada Fluminense, na Região Metropolitana do Rio de Janeiro, deixaram 282 mortos entre 2020 e 2025, segundo um levantamento divulgado nesta sexta-feira (24) pela Iniciativa Direito à Memória e Justiça Racial (IDMJRacial). Com base em dados de redes sociais da Polícia Civil e da Polícia Militar do Estado do Rio de Janeiro, a organização não governamental contabilizou 5.298 operações, nas quais também houve 5.783 presos e 652 feridos. As ações resultaram ainda na apreensão de 41 adolescentes. A Iniciativa Direito à Memória e Justiça Racial (IDMJRacial) é uma organização nascida na Baixada Fluminense e com sete anos de atuação, com foco no enfrentamento à violência do Estado, à violência policial e ao racismo estrutural. De acordo com a mestre em sociologia e pesquisadora da IDMJRacial Kharine Gil, “os números evidenciados no relatório demonstram qual é o modus operandi do Estado nos territórios favelados e periféricos”. “É preciso ver além da propaganda sobre as operações policiais na segurança pública e entender o que elas trazem de fato para a população submetida a esse tipo de ação violenta, e até mesmo saber se elas são efetivas dentro do que elas se propõem”. A maioria das ações (86%) foi realizada pela Polícia Militar, responsável pelo policiamento ostensivo e repressivo. As outras 14% foram da Polícia Civil. O dossiê aponta que o 15º Batalhão da PM, em Duque de Caxias, foi responsável por 1.289 ações, resultando em 71 mortes e 142 feridos, em 5 anos. Já o 20º BPM, que abrange Mesquita, Nova Iguaçu e Nilópolis, fez 1.034 operações, com 51 mortes e 156 feridos. O 39º Batalhão, de Belford Roxo, por sua vez, realizou 569 ações, com 45 mortes e 120 feridos. Por meio de nota, a assessoria de imprensa da Secretaria de Estado de Polícia Militar informou que a corporação não comenta dados ou levantamentos produzidos por instituições externas que não utilizem a base oficial de registros da Polícia Militar. Apesar disso, a secretaria afirma que a Polícia Militar emprega seu efetivo com base em critérios técnicos, estratégicos e de inteligência, considerando indicadores criminais, análises de risco, demandas operacionais e a necessidade de preservação da ordem pública em cada região do estado. A corporação informou ainda que “as áreas que recebem maior incidência de operações são justamente aquelas que apresentam maiores índices de violência e atuação de organizações criminosas fortemente armadas, responsáveis por disputas territoriais, ataques às forças de segurança e graves impactos à população local”. A Polícia Militar ressalta ainda que toda intervenção policial deve observar os protocolos operacionais vigentes e a legislação. “Sendo eventuais ocorrências com resultado de morte rigorosamente apuradas pelos órgãos competentes, com acompanhamento do Ministério Público e do Poder Judiciário, quando cabível”, concluiu a corporação. O relatório da IDMJRacial aponta que houve um aumento das operações da Polícia Civil na Baixada Fluminense, onde também cresceu a letalidade policial. Em 2020, o relatório identifica 47 ações policiais realizadas pela Civil na região, número que aumentou até 2024, quando foram 336 ações ─ uma alta de 614%. De 2020 a 2025, o índice de letalidade policial também cresceu. Em 2024, a instituição realizou 336 operações, com o índice de letalidade em 2%. No ano seguinte, o número de operações diminuiu para 66, mas a letalidade subiu para 18%. O documento observa que cada ação da Polícia Civil foi proporcionalmente mais letal que as da Polícia Militar. Em 2025, das 66 ações realizadas, 12 delas terminaram com pelo menos uma morte. “A queda na quantidade de operações não significa que menos vidas estão sendo perdidas, mas, sim, que as operações são mais concentradas e mais letais. Entendemos que a redução de operações não reduz a violência de Estado”. Em resposta, a Polícia Civil atribuiu o aumento à retomada plena das atividades policiais após as restrições impostas durante a pandemia e à recente criação de delegacias especializadas na Baixada Fluminense. Segundo a corporação, o objetivo dessas ações é cumprir mandados judiciais, prender criminosos e proteger a população. A Polícia Civil afirmou que não planeja confrontos, mas operações de polícia judiciária. “Quando há rendição, há prisão; quando há ataque com armas de guerra, a resposta policial ocorre nos estritos limites da lei”, afirma. A nota informa também que “a concentração de ocorrências em determinados territórios reflete a presença de organizações criminosas fortemente armadas nessas áreas, e não um critério de atuação da Polícia Civil, que age com base em inteligência, investigação e mandados judiciais, sem qualquer distinção quanto ao território ou à população”. O relatório da IDMJRacial aponta ainda a predominância das apreensões de motocicletas entre os veículos retirados de circulação nas operações. Dos veículos confiscados ao longo dos cinco anos na Baixada Fluminense, motos foram apreendidas em 60% das ações, seguidas por carros (20%), caminhões (15%) e vans (5%). O diretor executivo da IDMJRacial, Fransergio Goulart, diz que o crescimento das apreensões de motos evidencia como a política de segurança pública incide sobre a economia popular. Ele argumenta que, em um cenário de intensificação da uberização do trabalho, em que a motocicleta é o principal ativo produtivo de milhares de entregadores, mototaxistas e trabalhadores informais, sua apreensão significa, na prática, a suspensão da capacidade de produzir renda. “Dessa forma, o controle sobre esses veículos deixa de ser apenas uma ação administrativa e passa a integrar uma dinâmica de gestão da pobreza, produzindo novos mercados e formas de extração de recursos sobre populações já precarizadas”. O documento aponta que, de 2020 a 2025, a apreensão de fuzis em operações significou apenas 5,5% do total dos artefatos recolhidos nas operações na Baixada Fluminense. Pistolas (21%) e rádios comunicadores (19,9%) estão entre os itens mais apreendidos. A socióloga Kharine Gil critica que “o Estado, para justificar operações de grande porte, costuma alegar a necessidade de enfrentamento ao 'arsenal de guerra' nas favelas”. “Os dados mostram que a apreensão desse tipo de armamento é pontual, visto que fuzis apareceram em apenas 5,5% das apreensões e metralhadoras, em 0,8%. O que predomina são as armas de médio porte como pistolas e revólveres. “Esses dados nos fazem refletir se a violência empregada nas operações é condizente com a ameaça que o Estado alega enfrentar”, concluiu.	Agência Brasil	direitos-humanos	False
https://agenciabrasil.ebc.com.br/direitos-humanos/noticia/2026-07/brasil-continua-fora-do-mapa-da-fome-aponta-relatorio-da-onu	2026-07-22	Brasil continua fora do Mapa da Fome, aponta relatório da ONU	Insegurança alimentar grave no Brasil recua para 0,6% da população	O Brasil permanece fora do Mapa da Fome, segundo o relatório O Estado da Segurança Alimentar e Nutricional no Mundo 2026 (na sigla em inglês, SOFI). De acordo com o mapa interativo criado pela Organização das Nações Unidas para a Alimentação e a Agricultura (FAO-ONU), no triênio 2023-2025, o país manteve a proporção de população subnutrida abaixo do limite de 2,5%. Esse é percentual máximo adotado pela FAO como parâmetro mundial para considerar que um país está fora do Mapa da Fome. Em 2025, pela segunda vez, o país conseguiu sair do Mapa da Fome (com base nos dados do triênio 2022-2024 do relatório SOFI). A primeira vez foi em 2013. Porém, indicadores do mapa mostravam que 3,5% da população brasileira estava em situação de fome no período de 2020 a 2022. Os dados do SOFI 2026 foram divulgados nessa terça-feira (21), na sede da FAO, em Roma, durante a 30ª Sessão do Comitê de Agricultura da organização. Em discurso na sessão, a ministra do Desenvolvimento Agrário e Agricultura Familiar (MDA), Fernanda Machiaveli, comentou o resultado brasileiro. “Esses resultados nos lembram que a fome não é inevitável. Quando os governos priorizam o combate à fome, à pobreza e à desigualdade, é possível alcançar avanços concretos”, disse. O fundador do Instituto Fome Zero (IFZ) e ex-diretor-geral da FAO (de 2012 a 2019), José Graziano da Silva, comemorou o fato de o país ter avançado na redução da subalimentação e de continuar fora deste panorama. “O relatório da FAO traz muito boas notícias para o Brasil. Pelo indicador utilizado, de prevalência da subalimentação, nós temos menos de 2,5% da população [passando fome]”, disse em entrevista à Agência Brasil . Há mais de 50 anos, o índice oficial usado pela FAO para monitorar a fome no mundo se baseia no indicador de Prevalência de Subnutrição (PoU, na sigla em inglês). O PoU apresenta uma estimativa da população de um país que, dada a distribuição da renda e a quantidade de alimentos disponíveis, não teria acesso ao total suficiente de calorias diárias para uma vida saudável. O relatório foi elaborado por cinco instituições: a própria FAO, o Fundo Internacional para o Desenvolvimento Agrícola (FIDA), a Organização Mundial da Saúde (OMS), o Programa Mundial de Alimentos (PMA) e o Fundo das Nações Unidas para a Infância (Unicef). Baseado no relatório global, o diretor do Instituto Fome Zero estima que o Brasil tem, atualmente, números melhores na superação da fome. “Quando olhamos os outros dados do relatório, dá para dizer que o Brasil tem menos de 1% de subalimentação hoje. Provavelmente, algo em torno de 0,6%, 0,7%”, calculou José Graziano. O relatório mundial também apontou que o percentual de insegurança alimentar severa no Brasil segue uma trajetória de queda registrada pela organização. Segundo os dados, 0,6% da população ou 1,2 milhão de pessoas no país estão nesta condição, o menor patamar da série histórica. O representante do Instituto Fome Zero destaca que, apesar dos avanços, o Brasil precisa agir para tirar este público da vulnerabilidade causada pela falta de alimentos. “Mais de 1 milhão de pessoas ainda têm uma insegurança alimentar severa no Brasil, segundo os próprios dados do relatório. É muita gente”, alertou José Graziano. Na Escala de Experiência de Insegurança Alimentar (FIES, na sigla em inglês), aqueles que enfrentam a insegurança alimentar severa provavelmente, ficaram sem alimentos, passaram fome e, na situação mais extrema, ficaram um dia inteiro (ou mais) sem comer, colocando assim a sua saúde e bem-estar em grave risco. Quando considerada a prevalência da insegurança alimentar moderada ou grave na população total do Brasil, o registro é de 9,6% (2023-2025), cerca de 20,3 milhões de pessoas. Nos três triênios anteriores, a prevalência foi de 22,1% da população brasileira (2020-2022); 18,4% (2021-2023); e 13,3% (2022-2024). “Segundo o relatório, nós conseguimos também reduzir substancialmente o número de pessoas com insegurança alimentar moderada e grave”, frisou Graziano. A titular do MDA destacou os avanços nacionais que permitiram que milhões de brasileiros passassem a comer melhor. Para ela, o combate à fome exige uma abordagem conjunta que associa o aumento da renda da população; o fortalecimento da segurança alimentar, com a ampliação da oferta e do acesso a alimentos saudáveis; além da substituição de alimentos ultraprocessados por produtos frescos e diversificados e saudáveis. “Essa abordagem integrada reconhece que o acesso à alimentação saudável depende não apenas da disponibilidade de alimentos, mas também da capacidade das pessoas de adquiri-los, dos incentivos oferecidos aos produtores e da forma como os sistemas alimentares são organizados”, reforçou Fernanda Machiaveli. A Escala de Experiência de Insegurança Alimentar (FIES) define que as pessoas que vivenciam a insegurança alimentar moderada enfrentam incertezas quanto a sua capacidade de obter alimentos e reduziram, por vezes durante o ano, a qualidade e/ou a quantidade dos alimentos que consomem devido à falta de dinheiro ou outros recursos. A proporção de pessoas que não podem pagar por uma alimentação saudável também apresentou queda no Brasil, ficando em 21,1% da população, em 2025, o que equivale a 44,8 milhões de pessoas. Considerando a série histórica do relatório (entre 2017 e 2025), a maior proporção da população que não tinha condições de arcar com uma alimentação saudável foi registrada em 2021: 31,1% (65,3 milhões de pessoas). Os números revelam que 20,5 milhões de pessoas passaram a ter condições de condições de bancar uma dieta saudável. “O Brasil melhora as condições de acesso da população a uma dieta saudável. Isso é muito importante num país que está aumentando de maneira assustadora a obesidade, principalmente entre crianças e adolescentes”, destacou Graziano. O estudo demonstra que o custo da dieta saudável no Brasil foi de US$ PPC 4,89 (dólares em Paridade do Poder de Compra) por pessoa ao dia, em 2025. Custo mais alto que o registrado em 2024: US$ PPC 4,69 por pessoa ao dia. A média brasileira de 2025 ficou abaixo do mesmo custo da América do Sul (US$ 4,94) e da América Latina e Caribe (US$ 4,91). Para calcular este número, a FAO-ONU adota a Paridade do Poder de Compra (PPC) - em inglês, purchasing power parity (PPP). Esta metodologia converte as moedas locais para o dólar ajustando as diferenças de custo de vida e ainda considera variáveis como tamanho da população, perfil de renda e custo médio de uma cesta de alimentos saudável. Desta forma, a unidade de medida usada consegue comparar o poder aquisitivo entre países. A ministra brasileira enfatizou que a instabilidade dos preços dos alimentos continua sendo uma das maiores ameaças ao acesso à alimentação saudável, especialmente para as populações mais vulneráveis. Ela citou mecanismos para estabilizar os mercados e garantir o acesso a alimentos essenciais como forma de proteger tanto produtores quanto consumidores, como investimentos em armazenagem e estoques públicos de alimentos. “A disponibilização de estoques [de alimentos não perecíveis] em períodos de interrupção da oferta ou de inflação excessiva dos alimentos contribui para estabilizar os mercados e manter os alimentos básicos acessíveis, especialmente para a população mais vulnerável.” O relatório destaca globalmente que os avanços na nutrição de mães e crianças são lentos e marginais, o que ameaça o cumprimento das metas internacionais estipuladas para 2030. Enquanto a média dos países analisados é que 30,8% das crianças entre 6 e 23 meses no mundo consumiam uma alimentação minimamente diversificada, em 2024, especificamente no Brasil, o percentual de crianças nessa mesma faixa etária que atingem a diversidade alimentar mínima chegou a 63,3% ou 2,4 milhões de crianças. Os principais indicadores de alerta do relatório relativos ao Brasil, com base nos dados mais recentes, são: Na avaliação da fome global em 2025, o relatório da FAO retrata também que proporção da população mundial em situação de fome diminuiu pelo terceiro ano consecutivo. O relatório estima que cerca de 645 milhões de pessoas sofreram com fome em 2025 , representando uma redução de quase 14 milhões, em comparação com 2024, e de 43 milhões, em relação a 2022. A edição de 2026 da análise global calcula que 8,6% da população mundial sofreu de fome em 2022. Percentual que caiu para 8,1%, em 2024, e 7,8%, em 2025. Apesar da redução contínua nos níveis da fome, a recuperação é desigual entre os continentes. Enquanto a Ásia, a América Latina e o Caribe apresentam melhorias graduais nos últimos três anos, a África é, atualmente, o continente com o maior número absoluto de pessoas famintas, em um contexto de rápido crescimento populacional, diz a FAO. São cerca de 309 milhões de pessoas famintas na África, o que corresponde à proporção de 20,0% da população regional que passa fome. Em 2024, esse índice foi ligeiramente maior: 20,3% da população.	Agência Brasil	direitos-humanos	False
https://agenciabrasil.ebc.com.br/direitos-humanos/noticia/2026-07/fome-mundial-atinge-645-milhoes-de-pessoas-diz-relatorio-da-onu	2026-07-21	Fome mundial atinge 645 milhões de pessoas, diz relatório da ONU	Fome e insegurança alimentar estão acima de metas para 2030	"A população mundial em situação de fome diminuiu pelo terceiro ano consecutivo e chegou, em 2025, a 645 milhões de pessoas, representando uma redução de quase 14 milhões de pessoas que sofreram com fome em comparação com 2024 e 43 milhões, em comparação com 2022. As informações constam no relatório O Estado da Segurança Alimentar e Nutrição no Mundo 2026 (SOFI, na sigla em inglês), elaborado por cinco instituições: a própria FAO, o Fundo Internacional para o Desenvolvimento Agrícola (FIDA), a Organização Mundial da Saúde (OMS), o Programa Mundial de Alimentos (PMA) e o Fundo das Nações Unidas para a Infância (Unicef). A avaliação da fome global calcula que 7,8% da população mundial sofreu de fome em 2025. Em 2026, este índice era de 8,6%. Percentual que caiu para 8,1%, em 2024. Os dados foram divulgados nesta terça-feira (21), na sede da FAO, em Roma (Itália), durante a 30ª Sessão do Comitê de Agricultura da organização. Aos presentes no evento, o diretor-geral da FAO, Qu Dongyu, enfatizou que é preciso avançar mais rápido. “Acabar com a fome e tornar dietas saudáveis acessíveis exige compromisso político, investimento sustentado e políticas que o facilitem.” Em discurso na 30ª Sessão do Comitê de Agricultura da FAO, a ministra do Desenvolvimento Agrário e Agricultura Familiar (MDA) do Brasil, Fernanda Machiaveli, destacou que a fome é evitável. “Quando os governos priorizam o combate à fome, à pobreza e à desigualdade, é possível alcançar avanços concretos.” O relatório global de 2026 também destaca que houve progresso global no número de pessoas que viviam em situação de insegurança alimentar moderada ou severa. Esta condição de extrema vulnerabilidade ocorre quando as pessoas consomem alimentos em quantidade insuficiente para uma vida saudável ou comida com menor qualidade nutricional. A FAO estima que 25,8% da população mundial (cerca de 2,1 bilhões de pessoas) vivia em situação de insegurança alimentar moderada ou severa até 2025. O percentual representa uma queda em relação aos 27,1% em 2024 e 28,7% em 2020 – quase 86 milhões a menos do que em 2024 e 135 milhões a menos do que em 2020 – embora ainda esteja acima dos níveis pré-pandemia. Apesar da redução contínua nos níveis da fome, a recuperação é desigual entre os continentes. A principal publicação anual sobre fome no mundo indica que, enquanto a Ásia, a América Latina e o Caribe apresentam melhorias graduais nos últimos três anos, a África é, atualmente, o continente com o maior número absoluto de pessoas famintas, em um contexto de rápido crescimento populacional, diz a FAO. Estima-se que uma em cada cinco pessoas na África, ou seja, 20% enfrentaram a fome em 2025, o que corresponde a cerca de 309 milhões de pessoas famintas na África. Em 2024, este índice foi ligeiramente maior: 20,3% da população. Quando avaliada a situação de insegurança alimentar moderada ou severa, em 2025, mais da metade da população africana (56,6%) vivia nesta condição, em comparação com 22,9% na América Latina e Caribe, 8,7% na América do Norte e Europa, e 20,3% na Ásia. A insegurança alimentar também permanece maior nas áreas rurais do que nas áreas urbanas e periferias, enquanto as mulheres continuam sendo desproporcionalmente afetadas, embora a diferença de gênero tenha diminuído ligeiramente em 2025. Globalmente, apenas 62,7% das mulheres entre 15 e 49 anos atingiram a diversidade alimentar mínima priorizada no consumo saudável entre 2021 e 2025, o que significa que cerca de uma em cada três mulheres não a atingiu no planeta. No recorte continental, a menor prevalência de transtorno de diversidade alimentar em mulheres foi observada na África (43%), seguida pela Ásia (65%) e América Latina e Caribe (77,5%). Enquanto a maior de diversidade alimentar foi registrada na América do Norte e Europa (79,8%). Os avanços globais na nutrição de mães e crianças são lentos e marginais, o que ameaça o cumprimento das metas internacionais estipuladas para 2030. Apenas 30,8% das crianças entre 6 e 23 meses no mundo consomem uma alimentação minimamente diversificada. Entre os principais indicadores de alerta estão: ·         desnutrição infantil grave: 150 milhões de crianças menores de 5 anos ainda sofrem de atraso no crescimento; ·         anemia em mulheres: o quadro de anemia entre mulheres em idade fértil (15 a 49 anos) está piorando globalmente. ·         obesidade adulta: a prevalência cresceu de 12,1% (2012) para 16,2% (2024), descumprindo a meta global de parar esse crescimento até 2025. Entre os cenários destacados na análise global com alguma evolução está o aumento do aleitamento materno exclusivo em todas as regiões do planeta para as quais há dados disponíveis e houve registro da diminuição da prevalência do retardo infantil na África. O relatório ressalta que os custos continuam sendo um grande desafio para alcançar o Objetivo de Desenvolvimento Sustentável número 2 de, até 2030, erradicar a fome, alcançar a segurança alimentar e melhorar a nutrição. O número de pessoas que não podem pagar uma alimentação saudável no mundo caiu de 2,97 bilhões (37,4% da população mundial) em 2021 para 2,69 bilhões (32,7%) em 2025. O cenário é pior na África de 2025, onde 66,6% da população não podia arcar com os custos de uma dieta saudável. O percentual é mais do que o dobro da Ásia, América Latina e Caribe. Para calcular este número, a FAO-ONU adota a Paridade do Poder de Compra (PPC) - em inglês, purchasing power parity (PPP), que converte as moedas locais para o dólar ajustando as diferenças de custo de vida e ainda considera variáveis como tamanho da população, perfil de renda e custo médio de uma cesta de alimentos saudável. Desta forma, a unidade de medida usada consegue comparar o poder aquisitivo entre países. Por essa metodologia, em 2025, o custo médio de uma dieta saudável no mundo aumentou para U$ 4,28 com paridade de poder de compra (PPP) por pessoa e dia, acima de US$ 3,44 PPP, em 2021, e US$2,94, em 2017. América Latina e Caribe registraram o maior custo (US$ 4,91 PPP). A avaliação destaca que é urgente enfrentar os fatores estruturais por trás do custo persistentemente elevado de uma dieta saudável. Para os organismos internacionais que elaboraram o SOFI 2026, reduzir o custo de uma alimentação saudável exige políticas específicas que ampliem a oferta de alimentos nutritivos e, ao mesmo tempo, reduzam os custos estruturais em toda a cadeia produtiva da agricultura. “Isso inclui investimentos em infraestrutura, pesquisa e desenvolvimento, irrigação e cadeias de frio, além de reformas em subsídios, facilitação do comércio e marcos regulatórios”, diz o texto do relatório. A ministra destacou que o trabalho ainda está longe de ser concluído, mas que os governos podem mudar a realidade de quase um terço da humanidade que ainda não conseguir acesso a uma alimentação saudável. “O custo dos alimentos saudáveis continua sendo um dos maiores obstáculos para a efetivação do direito humano à alimentação adequada. A contribuição mais importante desta edição do SOFI é ir além da descrição do problema. O relatório nos ajuda a compreender por que as dietas saudáveis continuam sendo caras”, pontuou a ministra. Fernanda Machiaveli focou na instabilidade dos preços dos alimentos, que continua sendo uma das maiores ameaças ao acesso à alimentação saudável, especialmente para as populações mais vulneráveis. O relatório anual também oferece projeções do cenário da fome global para os próximos cinco anos e considera fatores que podem agravar a situação. Entre os mais destacados estão os efeitos do conflito no Oriente Médio e de eventos climáticos extremos, como o El Niño em 2026 e 2027, que não são considerados nessas projeções e podem intensificar ainda mais esses efeitos. Outro aspecto levantado foi a redução da ajuda oficial de governos ao desenvolvimento e do financiamento humanitário, que podem comprometer o progresso alcançado no combate à fome no mundo nos últimos anos. O diretor-geral da FAO, QU Dongyu, priorizou a necessidade de fortalecer os sistemas agroalimentares de todas as partes do mundo. ""Crises recentes – desde desastres naturais como a pandemia da doença do coronavírus (covid-19) até desastres causados pelo homem, como a guerra na Ucrânia, a crise de Gaza e a recente interrupção do tráfego no Estreito de Ormuz – evidenciaram tanto a resiliência dos sistemas agroalimentares quanto a necessidade de fortalecê-los ainda mais para melhor servir às pessoas mais vulneráveis do mundo, agricultores e consumidores”, concluiu. Saiba mais sobre o relatório no Repórter Brasil Tarde, da TV Brasil"	Agência Brasil	direitos-humanos	False
https://agenciabrasil.ebc.com.br/direitos-humanos/noticia/2026-07/luta-contra-o-racismo-marca-12a-marcha-das-mulheres-negras-no-rio	2026-07-18	Luta contra o racismo marca a 12ª Marcha das Mulheres Negras no Rio	Encontro será realizado no próximo dia 26 em Copacabana	"A luta contra o racismo, pela democracia e pela reparação histórica volta a ocupar a orla de Copacabana na 12ª Marcha das Mulheres Negras do Estado do Rio de Janeiro, marcada para o próximo 26 de julho, com concentração a partir das 10h, no posto 2, em Copacabana. Com o tema ""Em defesa da democracia, contra o racismo, pela reparação e bem viver"", a mobilização integra a programação do Julho das Pretas e reúne mulheres negras de diferentes municípios fluminenses em um dos maiores atos políticos do movimento negro no estado. Antes da caminhada, a organização promove, no próximo domingo (19), a tradicional Oficina de Pirulitos, no Instituto de Pesquisas das Culturas Negras (IPCN), no Centro do Rio. O encontro é dedicado à confecção dos cartazes que serão levados durante a marcha, mas também funciona como um espaço de formação política, integração e fortalecimento das participantes. A programação inclui ainda um churrasco colaborativo, construído de forma coletiva pelas próprias mulheres. Segundo a  coordenadora da 12ª Marcha das Mulheres Negras-RJ, Clatia Vieira, a oficina simboliza a forma como todo o movimento é organizado. ""A construção dos pirulitos também é um ato político. É nesse momento que as mulheres se encontram, debatem as pautas da marcha e fortalecem essa rede de solidariedade. Quem pode leva sua contribuição para o churrasco, quem não pode participa da mesma forma. A gente pensa para que nenhuma mulher fique de fora."" Embora esteja em sua 12ª edição, a história da Marcha das Mulheres Negras começou a ser construída ainda em 2011, quando organizações de mulheres negras de todo o país lançaram a proposta de realizar uma grande marcha nacional. Depois de quatro anos de articulação, a iniciativa ganhou as ruas de Brasília, em 2015, reunindo cerca de 100 mil mulheres. No mesmo ano, o Rio de Janeiro realizou sua primeira marcha estadual, que passou a acontecer anualmente como parte da mobilização permanente do Fórum Estadual de Mulheres Negras. Desde então, o movimento não parou de crescer. Mesmo durante a pandemia de covid-19, quando duas edições ocorreram de forma virtual, a articulação foi mantida. ""Estamos na 12ª marcha. Tivemos duas edições online por causa da pandemia, mas estamos há dez anos ocupando as ruas desde 2015. A marcha nunca deixou de existir porque o racismo também nunca deixou de existir"", afirma Clatia Vieira. A coordenadora lembra que, no ano passado, além da organização da marcha estadual, o movimento também participou da construção da 2ª Marcha Nacional das Mulheres Negras, realizada em Brasília, ampliando ainda mais a articulação entre os estados. Ao longo dos últimos anos, a marcha consolidou uma ampla rede de mobilização em todo o território fluminense. Segundo Rose Cipriano, integrante da coordenação, mulheres de dezenas de municípios organizam caravanas para participar da caminhada. ""Nós estamos mobilizando mulheres de São Francisco de Itabapoana, Cantagalo, Niterói, Baixada Fluminense e de diversas regiões do estado. A expectativa é reunir entre 10 e 15 mil mulheres em Copacabana."" Mais do que participar de um ato público, a proposta é que essas mulheres retornem aos seus municípios fortalecidas para criar fóruns locais, ampliar o diálogo sobre racismo e pressionar o poder público por políticas voltadas à população negra. A escolha de Copacabana para sediar a marcha também carrega um significado político. Rose Cipriano explica que o bairro representa um espaço historicamente marcado por desigualdades raciais e sociais. ""Muitas mulheres negras trabalham em Copacabana como empregadas domésticas e assistem à marcha das janelas dos prédios onde trabalham. Marchar ali é disputar esse território e mostrar que ele também pertence à população negra."" Clatia Vieira reforça que ocupar a Zona Sul é uma forma de denunciar o racismo estrutural presente na organização da cidade: ""É nessa Copacabana opressora que a gente precisa dizer o que acontece com as mulheres negras. É um território de disputa e de denúncia."" Ao longo de sua trajetória, a Marcha das Mulheres Negras tornou-se um dos principais espaços de articulação política do movimento negro feminino no estado. Para Clatia Vieira, a mobilização nasceu para enfrentar o racismo estrutural e denunciar as desigualdades vividas diariamente pelas mulheres negras. ""A Marcha é, antes de tudo, um ato político de denúncia ao racismo. A gente denuncia como as mulheres negras vivem, como são submetidas às desigualdades e como o racismo estrutural coloca essas mulheres em situação de ausência de políticas públicas. Quando falamos de reparação, estamos falando de dividir poder, garantir que as mulheres negras ocupem os espaços de decisão e sejam ouvidas"". E ainda ""também estamos falando da defesa da democracia, do enfrentamento ao racismo, do fim da escala 6x1, da defesa da PEC da Reparação, da luta contra a redução da maioridade penal, do direito à saúde, à educação, ao trabalho digno e à vida. São pautas construídas pelas próprias mulheres negras e que expressam a realidade de quem sente diariamente os efeitos do racismo."" Ela destaca que a marcha também se diferencia por ser construída horizontalmente. ""A Marcha das Mulheres Negras não tem dona. Ela é pensada por mulheres negras, para mulheres negras e com mulheres negras. Todas têm direito à fala. Quando chegamos à marcha, ninguém vai apenas bater palma. Cada mulher leva sua voz, sua experiência e sua luta."" Embora seja um ato político, a marcha também incorpora manifestações culturais que fazem parte da história da população negra. Durante a concentração e ao longo do percurso, haverá apresentações de jongo - também chamado de caxambu - dança e ritmo afro-brasileiro, samba, feira de artesãs, atividades para crianças e manifestações ligadas às religiões de matriz africana. Segundo Clatia , esses elementos representam a ancestralidade que sustenta o movimento. ""Ato de gente preta é ato de aquilombamento. Tem jongo, tem samba, tem ancestralidade, tem cultura. A nossa história vem da África e essa memória faz parte da nossa resistência."" A coordenadora também chama atenção para a importância da imprensa na divulgação das pautas do movimento. Para ela, ampliar a visibilidade da marcha significa enfrentar a invisibilidade histórica das mulheres negras. ""É muito importante contar com os meios de comunicação. A gente liga a televisão e quase nunca vê as nossas histórias ou as nossas pautas. A marcha não é apenas um encontro. Ela denuncia o racismo, fortalece a organização das mulheres negras e mostra que seguimos lutando por respeito, igualdade e pelo direito de viver com dignidade."""	Agência Brasil	direitos-humanos	False
https://agenciabrasil.ebc.com.br/direitos-humanos/noticia/2026-07/projeto-mobiliza-bibliotecas-no-combate-violencia-de-genero	2026-07-19	Projeto mobiliza bibliotecas no combate à violência de gênero	Iniciativa atua junto a bibliotecas comunitárias e escolares	Entender as bibliotecas como um espaço para além do acesso à informação, mas também como um lugar de conscientização e desenvolvimento do pensamento crítico, é o que levou a pesquisadora Luciane Cavalcante a criar o projeto Medeia.Info. Uma iniciativa de mediação cultural em bibliotecas, focada no enfrentamento a violência de gênero. “A gente precisa entender que o acesso à informação tem que também vir potencializado de ferramentas para estruturar essa informação para um uso. Então, por exemplo, eu posso colocar livros que falam sobre feminicídio, que falam sobre violência, mas o que eu posso fazer de atividade dentro das bibliotecas?”, explicou a pesquisadora. Com formação em biblioteconomia, Luciane Cavalcante conta que atuou como docente nos programas de pós-graduação da Universidade Federal do Rio de Janeiro e da Universidade Estadual de Londrina. Durante uma orientação, a pergunta de uma aluna sobre o papel das bibliotecas comunitárias no combate à violência de gênero a provocou. “Foi nessa parte que eu comecei a me envolver com os estudos de gênero e com os estudos feministas, com as perspectivas latino-americanas em relação a essa questão. E, aí, eu comecei a envolver pesquisas para entender melhor o que as bibliotecas fazem em relação a isso”. As ações do projeto Medeia.Info incluem palestras, cursos e debates voltados a profissionais que atuam em bibliotecas e outros espaços culturais. A proposta é abordar como esses profissionais podem não apenas aprender a reconhecer as manifestações que compõem a violência de gênero como também a conduzir ações de combate e conscientização a partir da cultura. Entre os jovens em idade escolar do sexo masculino, a disseminação de termos misóginos, popularizados na internet através de conteúdos masculinistas, vem ascendendo um alerta nas escolas. Essa ideologia, que prega a superioridade do homem dentro de uma “hierarquia social”, ganhou força no meio digital pela capacidade de mobilização e alcance da internet. Segundo a pesquisa TIC Kids Online Brasil 2024, 83% das crianças e dos adolescentes de 9 a 17 anos que usam internet no país têm ao menos um perfil em redes sociais , e são alvos fáceis desse tipo de conteúdo, por ser um período importante para a formação da identidade e da consciência. Luciane Cavalcante conta que um dos trabalhos realizado nos projetos é voltado justamente a bibliotecas escolares, pensando em atividades e mediações para crianças e adolescentes que estimulem a participação e a conscientização social também por meios lúdicos. “Hoje, com a questão dos jogos digitais, os adolescentes são muito chamados a isso. Então, por exemplo, por que não colocar para os adolescentes para criarem um jogo de enfrentamento?”, diz ela, mas pontua que a falta de recursos de muitos espaços é um desafio para o projeto. “No contexto escolar, infelizmente, muitas bibliotecas ainda são relegadas, então, é importante também essa construção conjunta disso. Trabalhar com as crianças é importantíssimo, mas o bibliotecário não vai conseguir fazer isso sozinho”. O projeto é vinculado ao Instituto Brasileiro de Informação em Ciência e Tecnologia (BICT), com apoio de outras instituições, como o Conselho Nacional de Desenvolvimento Científico e Tecnológico (CNPQ) e a Fundação de Amparo à Pesquisa do Estado do Rio de Janeiro (Faperj). Nas redes sociais, o principal trabalho é a democratização de pesquisas, traduzindo artigos acadêmicos complexos para uma linguagem clara e contemporânea, com o apoio de profissionais do serviço social, da psicologia e do direito. Já presencialmente, o projeto realiza cursos de extensão e outras ações na Biblioteca Parque Estadual, no centro do Rio de Janeiro. “A ideia é expandir para outras bibliotecas, trabalhar em parcerias com bibliotecas escolares, com universitárias e comunitárias, porque é um elo diferente. Elas partem da própria necessidade daquela comunidade, é  uma construção social daquela comunidade”, finalizou Luciane Cavalcante. *Estagiária sob supervisão da jornalista Mariana Tokarnia.	Agência Brasil	direitos-humanos	False
https://agenciabrasil.ebc.com.br/direitos-humanos/noticia/2026-07/onu-e-unicef-lancam-guia-para-orientar-pais-sobre-perigo-da-machosfera	2026-07-21	ONU e Unicef lançam guia para orientar pais sobre perigo da machosfera	Organizações defendem diálogo dentro de casa	A ONU Mulheres e o Fundo das Nações Unidas para a Infância (Unicef) lançaram um guia com orientações às famílias sobre os perigos da exposição de meninos e jovens à chamada machosfera, espaços nas redes focados na masculinidade e que promovem a misoginia (ódio, aversão e desprezo contra mulheres e meninas). Chamado de No Mesmo Time: Guia de Conversa para Pais e Responsáveis , o guia explica o que é a machosfera, como funciona, impactos prejudiciais na vida dos jovens e traz formas de promover o diálogo dentro de casa. Um levantamento feito pela Revista AzMina e o Núcleo Jornalismo (2025), citado pelas Nações Unidas, mostra que a misoginia chega às redes sociais de adolescentes de forma gradual e disfarçada, por meio de conteúdos de motivação e autoajuda. “A machosfera é um desafio de toda a sociedade, com consequências reais para a segurança e a liberdade de mulheres e meninas. Este guia nasce para dizer aos pais e responsáveis que eles não estão sozinhos e que não precisam ter todas as respostas. Quando os adultos abrem espaço para conversas francas e sem julgamento, mostram aos meninos que respeito e igualdade também são coisa de time. É assim, dentro de casa, que começa a prevenção da violência”, afirma Gallianne Palayret, representante da ONU Mulheres no Brasil. O representante do Unicef no Brasil, Joaquin Gonzalez-Aleman, alerta que a importância das famílias, escolas e das comunidades oferecerem referências positivas sobre a masculinidade no momento em que os adolescentes estão construindo a identidade e evitar que sejam expostos a conteúdos com estereótipos e intolerância de gênero. * Com informações do Unicef	Agência Brasil	direitos-humanos	False
https://agenciabrasil.ebc.com.br/direitos-humanos/noticia/2026-07/organizacoes-cobram-criacao-de-comissao-da-verdade-indigena	2026-07-21	Organizações cobram criação de Comissão da Verdade Indígena	Encontro em Brasília debate as violências sofridas na ditadura	Indígenas de todo o país estão em Brasília para em um encontro cujo objetivo é cobrar do governo federal a criação da Comissão Nacional da Verdade Indígena (CNIV). O encontro é capitaneado pela Articulação dos Povos Indígenas do Brasil (Apib), o Instituto de Políticas Relacionais (IPR) e o Observatório dos Direitos e Políticas Indigenistas da Universidade de Brasília (Obind/UnB). O governo recebeu, no fim do ano passado, uma minuta de decreto presidencial para criação do CNIV. O documento tem a chancela de 58 instituições e pareceres jurídicos favoráveis. O encontro teve início nesta terça-feira (21) e terá a presença de membros do “Fórum Memória, Verdade, Reparação Integral, Não Repetição e Justiça para os Povos Indígenas” e de vítimas da violência praticada contra os povos indígenas durante o período da ditadura . Elas poderão compartilhar casos como os centros de detenção ilegal criados em reservas administradas pelo antigo Serviço de Proteção ao Índio (SPI) e pela Fundação Nacional do Índio (Funai). Nesses centros, segundo a Apib, havia trabalho forçado e tortura física contra os indígenas guarani . Durante o encontro, serão apresentados oito relatórios inéditos com exemplos da violência vivida pelos povos indígenas nos anos de governo militar autoritário. Também será lançado o livro Povos Indígenas e Justiça de Transição: Registros de Memórias que Denunciam Violências. A obra detalha investigações e depoimentos de vítimas sobre crimes como tortura, genocídio e deslocamento forçado. “A publicação é considerada histórica pelas organizações por sintetizar os resultados de sete anos de trabalho e trazer na capa a fotografia de um ancião indígena vítima de tortura”, afirma a Apib. O encontro acontece até a próxima quinta-feira (23), na Casa de Retiro Assunção, em Brasília.	Agência Brasil	direitos-humanos	False
https://agenciabrasil.ebc.com.br/direitos-humanos/noticia/2026-07/operacao-resgata-29-trabalhadores-em-condicoes-analogas-escravidao	2026-07-13	Operação resgata 29 trabalhadores em condições análogas à escravidão	Ação conjunta na BA e em PE também flagrou exploração mineral ilegal	Uma operação do Ministério do Trabalho e Emprego (MTE) resgatou 29 trabalhadores em situação análoga à escravidão na Bahia e em Pernambuco. A ação de fiscalização foi feita em três pedreiras nas regiões dos municípios de Sento Sé (BA) e Casa Nova (BA), nas proximidades de Juazeiro, e Santa Cruz (PE). A função dos trabalhadores era extrair pedras usadas em obras de pavimentação, inclusive em serviços ligados a prefeituras da região. A Defensoria Pública da União informou nesta segunda-feira (13) que os órgãos firmaram Termos de Ajustamento de Conduta com as empresas responsáveis. Os empregadores pagarão quase R$ 500 mil em verbas rescisórias e indenizações individuais, bem como valores R$ 30 mil e R$ 102,5 mil em danos morais coletivos. Durante as fiscalizações, realizadas em parceria com o Ministério Público do Trabalho, a DPU e a Polícia Federal , foram identificadas condições degradantes de trabalho e de alojamento. Os trabalhadores não tinham acesso adequado à água potável, não contavam com espaço apropriado para refeições e estavam instalados em barracões de lona, dormindo em colchões no chão. Além disso, os empregados não contavam com equipamentos de proteção individual e estavam expostos à situações de risco à saúde e à segurança. “Em uma das pedreiras fiscalizadas, a equipe encontrou alimentos armazenados junto a substâncias tóxicas no alojamento. Parte dos equipamentos utilizados nas atividades também foi interditada devido ao risco oferecido aos trabalhadores”, disse a DPU. Também foram verificados indícios de exploração mineral sem autorização do órgão regulador competente, situação que deverá ser apurada pelos órgãos responsáveis. O trabalho em condição análoga à escravidão é caracterizado por situações como condições degradantes de trabalho, jornada exaustiva, trabalho forçado ou restrição de locomoção em razão de dívida. Casos de trabalho análogo à escravidão podem ser denunciados de forma anônima pelo Sistema IPÊ , canal oficial do governo federal para recebimento de denúncias sobre esse tipo de violação.	Agência Brasil	direitos-humanos	False
https://agenciabrasil.ebc.com.br/direitos-humanos/noticia/2026-07/pesquisa-mostra-persistencia-da-violencia-contra-criancas-no-pais	2026-07-14	Pesquisa mostra persistência da violência contra crianças no país	Maioria defende diálogo, mas agressões ainda são frequentes	"O uso de violência física e verbal contra crianças permanece uma prática disseminada na cultura brasileira, embora a maioria da população considere o diálogo a melhor forma de orientar os filhos . É o que mostra pesquisa realizada pela Quaest a pedido do Instituto Infinis. Casos extremos, como o de um pai flagrado chutando a filha de 3 anos em uma rua de Francisco Beltrão (PR), são exceção. Ainda assim, somente nos quatro primeiros meses de 2026 foram registradas 115.814 denúncias de violações de direitos de crianças e adolescentes, segundo o Ministério dos Direitos Humanos e da Cidadania. Atualmente, cerca de 55 milhões de pessoas com menos de 18 anos vivem no Brasil. De acordo com o levantamento, nove em cada dez entrevistados consideram que o diálogo é a melhor forma de corrigir comportamentos infantis. Apesar disso, 62% afirmaram já ter gritado com uma criança, 49% disseram ter dado tapas e 27% admitiram ter batido com objetos. A pesquisa não investigou as causas dessa discrepância nem a influência de fatores como estresse cotidiano ou uso de substâncias psicoativas. ""Compreender essas percepções é fundamental para romper o ciclo intergeracional de violência e orientar políticas públicas de prevenção. Cada criança protegida hoje representa menos violência amanhã"", afirmou em nota Márcia Kalvon, diretora executiva do Infinis. De acordo com os pesquisadores, a violência contra crianças atravessa gerações e tende a ser replicada por quem sofreu situações semelhantes. Esta foi a segunda edição da pesquisa Atitudes e percepções sobre a infância e violência contra crianças e adolescentes . Na primeira edição, de 2023, o paradoxo já era percebido, já que 93% da população também defendiam o diálogo como melhor forma de educação, mas, ao mesmo tempo, 66% admitiam já ter gritado com uma criança, 52% já haviam dado tapas e 38% reconheciam ter utilizado objetos para bater. Embora os comportamentos agressivos permaneçam frequentes, o levantamento aponta redução nas agressões com objetos, consideradas potencialmente mais graves. O levantamento, que ouviu 2.202 brasileiros maiores de idade entre maio e junho de 2026, buscou entender, ainda, como as pessoas se portam ao presenciar atos de violência. Dois terços dos que responderam (62%) disseram que não interferem. Destes, metade não considera correto interceder por se tratar de uma postura particular. Os demais afirmaram ter receio da reação do agressor, como ocorreu no caso registrado no Paraná, em que o pai ameaçou uma pessoa que questionou a agressão. O estudo também abordou a percepção sobre o trabalho infantil. Embora 93% dos entrevistados afirmem que os estudos devem ser prioridade para crianças, 61% consideram aceitável que elas trabalhem. Além disso, 88% defendem que adolescentes trabalhem, caso desejem, e 71% acreditam que eles devem trabalhar quando os pais determinarem. Outro dado apontado pela pesquisa é que 71% dos entrevistados não souberam citar leis de proteção à infância , mesmo após debates públicos recentes, como os relacionados ao ECA Digital. A versão completa do estudo será apresentada em setembro, durante o 8º Fórum de Políticas Públicas da Saúde na Infância (FPPSI), promovido pelo Instituto Infinis."	Agência Brasil	direitos-humanos	False
https://agenciabrasil.ebc.com.br/direitos-humanos/noticia/2026-07/camara-aprova-uso-de-indumentarias-tradicionais-em-fotos-de-documentos	2026-07-15	Câmara aprova uso de indumentárias tradicionais em fotos de documentos	Projeto de lei segue para o Senado Federal	A Câmara dos Deputados aprovou nesta quarta-feira (15) o Projeto de Lei (PL) 3839/23 , que assegura aos povos indígenas e tradicionais o direito de usar elementos de indumentária tradicional, como cocares e turbantes, em fotografias de documentos oficiais de identificação. A proposta segue agora para análise do Senado. A utilização de fotografia com indumentária tradicional poderá ser feita em documentos como as carteiras de identidade, de motorista e de trabalho e Previdência Social, além do passaporte, “desde que esses elementos não impeçam o reconhecimento da fisionomia da pessoa” . O projeto que prevê o uso de elementos que expressem pertencimento a uma comunidade, tradição cultural ou religião é de autoria deputada Célia Xakriabá (Psol-MG) e a relatoria é da deputada Sônia Guajajara (Psol-SP). A relatora destacou que a impossibilidade do uso de elementos associados à identidade cultural submete pessoas a constrangimentos, causa sofrimento e viola direitos. “As alterações legislativas têm potencial para encerrar casos de discriminação na identificação para documentos oficiais, sem representar ônus ao poder público e sem desconsiderar os requisitos de segurança”, afirmou. O direito deverá ser regulamentado segundo as obrigações internacionais assumidas pelo Brasil.	Agência Brasil	direitos-humanos	False
https://agenciabrasil.ebc.com.br/direitos-humanos/noticia/2026-07/eca-completa-36-anos-entre-avancos-e-desafios-para-proteger-criancas	2026-07-13	ECA completa 36 anos entre avanços e desafios para proteger crianças	Crianças e adolescentes seguem expostos a velhas e novas violências	O Brasil comemorou nesta segunda-feira (13) os 36 anos da Lei 8.069, que instituiu o Estatuto da Criança e do Adolescente (ECA). A data abre a semana dedicada à legislação e estimula debates sobre políticas públicas voltadas às crianças e aos adolescentes. O ECA foi uma das primeiras leis aprovadas após a Constituição de 1988 e consolidou o princípio da prioridade absoluta à proteção de crianças e adolescentes. Em situações específicas previstas na legislação, algumas medidas podem se estender até os 21 anos. “Por causa do ECA, a gente consegue enxergar crianças e adolescentes como sujeitos de direitos”, resume a assistente social Andressa Ferreira Cândido, que trabalha na Secretaria de Estado de Justiça e Cidadania do Paraná, onde promove clubes de leitura junto a adolescentes que estão internados no sistema socioeducativo do estado. Segundo a especialista, há motivos para comemorar os 36 anos do ECA. Desde sua criação, o país reduziu a mortalidade infantil, universalizou o acesso ao ensino fundamental, aperfeiçoou as regras de adoção e estruturou uma rede nacional de conselhos tutelares eleitos pela população. Está incompleta, no entanto, a travessia para que crianças e adolescentes tenham garantidos e respeitados todos os seus direitos, pondera Maurício Cunha, presidente executivo do ChildFund Brasil, ONG com sede nos Estados Unidos e que tem como missão apoiar crianças e adolescentes em situação de vulnerabilidade social. “Houve grandes avanços, mas quando a gente olha para os desafios, a gente vê que eles também cresceram muito”, lamenta o presidente do ChildFund Brasil. “Andamos menos que deveríamos. Por exemplo, o tema do orçamento da criança adolescente: não temos o monitoramento do orçamento da criança. Não conseguimos mensurar o quanto que a gente consegue que está sendo investido de fato na criança e no adolescente, porque isso está espalhado em diversas rubricas, na saúde, na assistência social e na educação”, assinala Cunha que é especialista em política pública e defende a ampliação da oferta de creches. “Um terço das crianças ainda não tem acesso a creche.” Para o presidente do ChildFund Brasil, além de faltar alguns passos na efetivação de direitos previstos no ECA, há retrocessos e novos riscos graves como à exposição à violência, ao abuso sexual e ao bullying . “Tem um tema que eu afirmo que a gente regrediu. É o tema das violências, seja a violência física, psicológica ou sexual. Digo que houve regressão porque houve nesse período o advento da internet. Você tem centenas de milhares de criminosos navegando na rede, criando redes de pedofilia, acessando sites, trocando imagens, se passando por criança.” Para Maurício Cunha, “o ECA digital, recentemente instituído, aponta caminhos para a melhoria. Ele traz um potencial grande de melhora ao responsabilizar as big techs . Ao impor mecanismos, por exemplo, de verificação de idade. Então, é um avanço significativo.” Em sua percepção, “o ECA Digital precisa ser melhor regulamentado. Por exemplo, a gente ainda não sabe como vão funcionar esses mecanismos de verificação de idade.” Além dos desafios do mundo virtual, o país ainda enfrenta problemas históricos, como o envolvimento de adolescentes em atos infracionais e a consequente internação no sistema socioeducativo. “O sistema é muito oneroso. Um menino parar nessa condição, chegar a essa condição, é a falência da sociedade”, lamenta. “Mais importante seria trabalhar com políticas públicas eficazes, com o fortalecimento das capacidades protetivas familiares, e a prevenção para que um menino não precise chegar a qualquer forma de encarceramento.” Para a assistente social Andressa Ferreira Cândido a “internação” no sistema socioeducativo, sob a responsabilidade do Estado, “tem estrutura de privação de liberdade, que é muito semelhante ao sistema penitenciário.” Cândido estranha quem defenda a prisão de adolescente e a redução da maioridade penal. Segundo ela, o risco é de serem recrutados por facções criminosas. “Indo para o sistema prisional comum, esse adolescente de 16, 17 anos, ele vai estar em contato com pessoas mais velhas, que vão utilizá-los. Eles vão acabar sendo aviãozinho dentro das penitenciárias.”	Agência Brasil	direitos-humanos	False
https://agenciabrasil.ebc.com.br/direitos-humanos/noticia/2026-07/entenda-o-que-e-blackwashing-e-como-o-antirracismo-de-aparencia-atua	2026-07-14	Entenda o que é blackwashing e como o “antirracismo de aparência” atua	Pesquisadores listam estratégias de comunicação utilizadas	"O chamado blackwashing consiste em estratégias de comunicação por meio das quais empresas projetam uma imagem de compromisso com a igualdade racial sem promover mudanças estruturais em suas práticas. Para explicar o conceito e mapear as táticas por trás dessa prática, foi lançado o estudo “As corporações são, de fato, engajadas na pauta racial?”, elaborado por pesquisadores da organização não governamental (ONG) ACT Promoção da Saúde. O levantamento de 133 páginas traz uma lista de práticas de comunicação e marketing utilizadas por empresas para construir uma imagem pública de compromisso com a pauta antirracista sem promover mudanças estruturais em suas práticas. Em tradução livre, blackwashing pode ser entendido como uma espécie de ""lavagem"" ou maquiagem da imagem de uma empresa em relação à pauta racial para obter lucro. O termo é análogo a greenwashing , usado para descrever ações que simulam compromisso ambiental, e pinkwashing , relacionado ao uso da pauta LGBTQIA+ para fins de imagem. Os autores do estudo definem o conceito blackwashing como “tática corporativa que instrumentaliza a causa antirracista para disfarçar a busca implacável por lucro”. Essa prática recebe a crítica de se tratar de uma demonstração de engajamento de pautas de justiça racial, mas que “não enfrentam a questão das iniquidades raciais” de maneira estrutural. Os pesquisadores mapearam oito variedades de blackwashing: Ao apontar que algumas empresas têm representatividade racial como fachada, o estudo traz dados de um levantamento do Instituto Ethos com as 1,1 mil maiores empresas do país. A publicação destaca baixa representatividade de pessoas negras, sobretudo mulheres, em posições de liderança. Enquanto 55,5% da população se identifica como preta ou parda, esse grupo, compõem menos de 6% dos conselhos das empresas e menos de 14% dos cargos executivos e de diretoria. O relatório afirma ainda que muitas organizações divulgam iniciativas de diversidade, mas não apresentam informações transparentes sobre a composição racial de seus quadros de liderança. Os autores do estudo apontam que o blackwashing “não é um desvio de percurso, mas uma peça de engrenagem que mantém a desigualdade racial funcional à acumulação”. Para os pesquisadores, enfrentar a prática exige mais que denúncias pontuais ou apelos éticos. “Requer a construção de respostas capazes de incidir sobre a arquitetura que o torna possível”, afirmam."	Agência Brasil	direitos-humanos	False
https://agenciabrasil.ebc.com.br/direitos-humanos/noticia/2026-07/brasil-ainda-mede-mal-os-impactos-do-racismo-diz-especialista	2026-07-11	Brasil ainda mede mal os impactos do racismo, diz especialista	Pesquisadores negros criam núcleo para estudar desigualdade racial	Apesar de haver inúmeros estudos sobre discriminação racial no Brasil, o país ainda tem dificuldades para entender como o racismo impacta nas desigualdades raciais. A avaliação é de um grupo de pesquisadores, a maioria deles negra, que criou núcleo que se propõe a preencher essa lacuna de avaliação. Eles lançaram, no fim de junho, o Dara , Dados e Análises do Racismo e do Antirracismo. O núcleo é ligado ao Instituto de Estudos Sociais e Políticos (Iesp) da Universidade do Estado do Rio de Janeiro (Uerj) e formado por 18 pessoas, entre coordenadores, pesquisadores e equipe de comunicação e de tecnologia. Vinculado à Uerj, o Dara conta com financiamento misto de suas atividades, recebendo recursos de agências públicas de financiamento à pesquisa e de instituições filantrópicas. A Agência Brasil entrevistou o professor de sociologia e ciência política Luiz Augusto Campos, coordenador-geral do núcleo recém-criado. Na conversa, ele aponta dificuldade de estudos sobre o racismo. “É muito mais complexo estimar como o racismo impacta nas desigualdades raciais”, avalia o especialista no acompanhamento de ações afirmativas. Na visão dele, pesquisas experimentais “ainda engatinham no Brasil”. Luiz Augusto Campos ressalta que o próprio time de pesquisa é fruto de ações que permitiram maior acesso de pessoas pretas e pardas ao ensino superior. “Muitos pesquisadores do Dara fazem parte desse processo histórico”, diz Campos, que integra conselhos consultivos de iniciativas voltadas à inovação democrática, políticas públicas e diversidade racial. O especialista sustenta que ações antirracistas ainda podem ser melhoradas. Confira a entrevista: Agência Brasil : O que o Dara pode oferecer à sociedade? Luiz Augusto Campos : O Dara se dedica à produção, análise e comunicação de dados sobre o racismo e o antirracismo. Nós desenvolvemos pesquisas com rigor metodológico e estratégias de comunicação acessíveis para contribuir com o debate público e com a formulação de políticas baseadas em evidências. Agência Brasil : Há no Brasil diversos núcleos acadêmicos e de organizações da sociedade civil que fazem pesquisas sobre questões raciais. O Dara se propõe a se diferenciar de alguma forma? Luiz Augusto Campos : De fato, o Brasil assistiu a uma multiplicação de vários centros acadêmicos de pesquisa sobre questões raciais nos últimos tempos. Várias organizações da sociedade civil também criaram setores específicos para a pesquisa. Mas, embora sejam plurais e de grande relevância, essas pesquisas ainda dialogam pouco entre si e utilizam metodologias ainda tradicionais nesses campos. Vale lembrar que o Brasil é um dos países mais produtivos do mundo quando pensamos em pesquisas sobre desigualdades raciais, mas o mesmo não vale em relação às pesquisas sobre o racismo enquanto mecanismo produtor dessas desigualdades. Apesar da similaridade desses rótulos, é muito mais complexo estimar como o racismo impacta nas desigualdades raciais do que mensurar essas últimas. Nesse sentido, o Dara pretende trabalhar em duas frentes. Primeiro, nossa intenção é colaborar com os grupos e pesquisas que já existem, ajudando a integrá-los e pensando em inovações metodológicas para expandir a fronteira do nosso conhecimento sobre o racismo e o antirracismo. Segundo, pretendemos aplicar ao Brasil novas metodologias que, aliás, vêm se sofisticando rapidamente no contexto internacional. Agência Brasil : Nos levantamentos e análises preliminares realizados pelo Dara, há alguma constatação ou fato que surpreendeu os pesquisadores? Luiz Augusto Campos : Talvez a principal constatação atual que, de certo modo, levou à criação do grupo, seja a de que o Brasil regrediu no seu processamento de dados para compreender o funcionamento do racismo. Não apenas o acesso aos dados oficiais, mas também a interlocução de pesquisas preexistentes é muito falha. Pode-se dizer que, em vários aspectos, o acesso aos dados regrediu no Brasil. Outra constatação importante tem a ver com uma alta concentração das pesquisas brasileiras na mensuração das desigualdades raciais, mas pouca atenção ao modo como práticas racistas produzem essas desigualdades. Agência Brasil : Há ainda algo sobre o racismo no Brasil que seja impossível medir por falta de dados? Luiz Augusto Campos : A rigor, o Brasil ainda enfrenta inúmeras dificuldades em mensurar o seu racismo e os seus efeitos. Os efeitos do racismo nas desigualdades socioeconômicas são mensurados de vários modos no Brasil, mas a crescente dificuldade de acesso e integração de microdados oficiais vem reduzindo a capacidade de gerar estimativas sobre seu funcionamento e seus efeitos de médio e longo prazos. Embora tenhamos várias pesquisas de opinião e percepção do racismo, elas dialogam pouco entre si, o que prejudica a comparabilidade dos dados e a geração de estimativas longitudinais. Um dos projetos em curso no Dara envolve justamente a integração dessas pesquisas de opinião. Finalmente, só é possível mensurar causalmente os efeitos do racismo se incorporarmos as chamadas pesquisas experimentais, especialmente os chamados experimentos de campo. Essas ainda engatinham no Brasil. Agência Brasil : Vocês citam já no nome do Dara (Dados e Análises do Racismo e do Antirracismo) os termos racismo e antirracismo. Falta à sociedade brasileira o entendimento sobre em que consiste o antirracismo? Luiz Augusto Campos : De certo modo, o antirracismo avançou e evoluiu muito na sociedade nos últimos anos, mas, ao mesmo tempo, encontra novos desafios hoje. As diferentes políticas de ação afirmativa na educação superior, no funcionalismo público ou nas eleições são consequências palpáveis do sucesso dos movimentos antirracistas em um país que, até pouco tempo, via-se como livre de qualquer racismo. Por outro lado, existem vários movimentos hoje que buscam conter ou mesmo contestar esses avanços. Vários setores vêm insistindo que tais ações afirmativas já teriam resolvido o problema do racismo, o que mina o avanço de outras políticas antirracistas. Romper essa resistência exige novos dados e análises que não apenas mostrem como o racismo produz nossas desigualdades, mas também como as políticas antirracistas podem ser melhoradas. Agência Brasil : A maioria da equipe do Dara é negra. Não é coincidência. O que significa essa representatividade majoritária? Luiz Augusto Campos : A diversidade de experiências sociais também influencia as perguntas que orientam a produção científica. Durante muito tempo, determinados grupos sociais estiveram sub-representados nos espaços de produção de conhecimento. A expansão das políticas de ação afirmativa modificou parcialmente esse cenário, permitindo que novas gerações de pesquisadores chegassem às universidades e à pós-graduação. Muitos pesquisadores do Dara fazem parte desse processo histórico. A presença de diferentes trajetórias e experiências sociais contribui para que questões, problemas e dimensões da sociedade brasileira que antes tinham menor espaço na produção acadêmica sejam incorporados às agendas de pesquisa. Isso não significa estabelecer uma oposição entre experiência social e rigor científico. Pelo contrário, a diversidade amplia as perguntas, os objetos e as perspectivas da ciência, enquanto o rigor metodológico permite transformar essas questões em conhecimento sistemático, verificável e aberto ao debate público. Acreditamos que uma ciência social mais diversa também amplia nossa capacidade de formular novas perguntas e produzir conhecimento sobre a sociedade brasileira. Coordenador-geral do Dara e professor associado de sociologia e ciência política no Iesp/Uerj, Luiz Augusto Campos é doutor em sociologia pela Uerj e bolsista de produtividade em pesquisa do Conselho Nacional de Desenvolvimento Científico e Tecnológico (CNPq).	Agência Brasil	direitos-humanos	False
https://agenciabrasil.ebc.com.br/direitos-humanos/noticia/2026-07/francy-baniwa-quando-um-parente-entra-estamos-representados	2026-07-11	"Francy Baniwa: ""Quando um parente entra, estamos representados"""	Primeira docente Baniwa da USP vê conquista como coletiva	Francineia Bitencourt Fontes é uma mulher de muitos primeiros. Mais conhecida como Francy Baniwa, ela foi a primeira mulher indígena a publicar um livro de antropologia no Brasil. Ela também foi a primeira mulher Baniwa a se tornar mestre e, mais recentemente, ela é a primeira mulher Baniwa a integrar o corpo docente da Universidade de São Paulo (USP). Mulher indígena, antropóloga, fotógrafa, escritora, dona de roça e pesquisadora do povo Baniwa, Francy Baniwa nasceu na comunidade de Assunção, no Baixo Rio Içana, na Terra Indígena Alto Rio Negro, no município de São Gabeiel da Cachoeira (AM). Em solo brasileiro, os Baniwas estão localizados no Baixo e Médio Içana e nos rios Cubate, Cuiari e Aiari. Também estão em comunidades do Alto Rio Negro, nas cidades de São Gabriel, Santa Isabel e Barcelos. Segundo o último censo do Instituto Brasileiro de Geografia e Estatística (IBGE), de 2022, os Baniwa somam atualmente 8.827 pessoas em território nacional. Engajada nas organizações e no movimento indígena do Rio Negro há mais de uma década, ela pesquisa as áreas de etnologia indígena, gênero, saberes femininos, objetos e acervos. Na maior universidade pública do país, Francy Baniwa vai atuar no Museu de Arqueologia e Etnologia (MAE). Em entrevista à Agência Brasil , Francy Baniwa falou que essa é uma conquista para todo um coletivo indígena e demonstra, principalmente para as mulheres indígenas, que elas podem ocupar qualquer espaço. “Essa vitória e essa presença nossa, pela primeira vez, em uma universidade tão importante, é um espaço que a gente vai conquistando aos poucos. Sabemos que somos donos dessa terra, mas por muito tempo fomos violentados”, disse ela. “E quando ocupamos esse espaço, isso significa muito. Não é apenas uma mulher Baniwa. É um povo que vai estar podendo ocupar esses espaços. E essa conquista é de todos nós, de todos os povos. Então, quando um parente entra nesse espaço, ficamos muito felizes porque estamos sendo representados”, acrescentou. Na entrevista, Francy reflete sobre seu pioneirismo e sobre sua condição de mulher indígena e ressalta a importância das universidades do país estarem, finalmente, se abrindo aos saberes e conhecimentos indígenas. “Eu tenho mediado esses mundos mostrando que a universidade também é uma boa porta, que ela pode dar visibilidade para os seus conhecimentos de uma outra forma”. Agência Brasil: Quem é Francy Baniwa? E como você chegou até aqui? Francy Baniwa: Eu sou Hipamaalhe, que significa o som da cachoeira. Sou uma mulher, uma mulher indígena, sou mãe, sou artesã, sou ativista, sou dona de roça. Eu venho de um território muito distante, que é um território chamado Alto Rio Negro, no município de São Gabriel da Cachoeira, no noroeste amazônico. E eu venho do Rio Içana, de uma comunidade chamada Assunção, que em baniwa é Wanaliana. E eu sou essa mulher indígena que nasceu numa comunidade indígena, que teve infância, adolescência e juventude numa comunidade indígena e que estudou desde as séries iniciais até o ensino fundamental e o ensino médio em uma escola indígena, com professores indígenas. Acho super importante ter esse contexto de que eu vim de uma educação escolar indígena. Eu sou fruto de uma educação escolar indígena, de professores indígenas. Nunca tive um professor, mestre ou doutor nesse conhecimento ocidental. Tive professores indígenas que são donas de roça, pescadores, caçadores e que tem essa visão do mundo muito diferente que é de conhecimento indígena, de uma ciência indígena. Então, eu sou fruto desse outro mundo de saberes indígenas. Eu venho dessa ancestralidade trazendo toda essa formação única que é um conhecimento indígena. Agência Brasil: Você foi nomeada professora da maior universidade da América Latina. Você foi também a primeira mulher Baniwa a se tornar mestre, a primeira Baniwa professora da USP. Primeira mulher indígena a publicar um livro de antropologia no Brasil. São muitos primeiros. Que significados isso traz para você e para seu povo? Francy : Acho que tem um significado único, não só para o meu povo Baniwa, mas para os povos indígenas. Eu acho que a ocupação do espaço vem dessa trajetória de muito silenciamento das vozes dessas mulheres. Por muito tempo, as pesquisas silenciaram esses conhecimentos, então acho que eu sou a voz desse conjunto de mulheres que, por muito tempo, estavam aí fazendo ciência, trazendo seus conhecimentos, mas através de outros, sabe? Então, acho que eu ser a primeira tem esse símbolo de muita resistência. Nós, como mulheres indígenas, estamos muito longe desses contextos de universidade. A gente veio das comunidades [para as universidades] muito maduras, já mães. Eu vim para a universidade já com dois filhos. Acho que isso significa muito dessa nossa caminhada de bagagem, mas também desse protagonismo porque a gente acabou dizendo: ‘nós somos capazes’. O que a gente ouvia muito é: ‘se você já tem filho, você já não pode ir para a universidade’. É como se a gente não tivesse o direito de estar na universidade. Então, acho que essa nossa presença de corpos, de vozes, de saberes, com filhos, traz muito dessa nossa determinação. Eu me vejo em muitas mulheres e eu tenho certeza que muitas mulheres se veem em mim também como uma mulher forte que superou muitos desafios e que passou por muita violência. Estar aqui hoje significa muito para a gente poder mostrar para as meninas e para as comunidades que a gente pode sim ocupar esses espaços. Acho que essa minha presença em ser a primeira mulher a terminar mestrado, depois doutorado e de ser a primeira consultora dos projetos da UNESCO (Organização das Nações Unidas para a Educação, a Ciência e a Cultura) no Museu Nacional dos Povos Indígenas, mostra que o estudo te coloca nesses lugares. O incentivo da comunidade e o incentivo dos pais em me dizer ‘vai, porque seus filhos vão ficar aqui comigo e vão estar bem’, me colocou nesses espaços. Se eu desistisse no primeiro desafio, eu não estaria aqui contando o quão foi difícil, o quão foi desafiador estar longe de casa, o quão foi difícil estar na cidade. Mas, ao mesmo tempo, quando você olha para o seu povo, você pensa: ‘Por eles eu preciso encarar esses desafios’. Eu tenho atravessado esses dois mundos ao mesmo tempo, então acho que é gratificante poder ser a porta-voz das mulheres. Falar com orgulho sobre as mulheres donas de roças é como se a minha mãe pudesse estar falando sobre os conhecimentos dela. Eu me vejo também em muitas das minhas tias. Eu trago muitas vozes dessa vivência coletiva que a gente tem. E isso me coloca nesse protagonismo de poder falar sobre nossos conhecimentos com muita determinação porque eu vivo, eu faço parte disso, eu sou elas como corpo também desses saberes. Agência Brasil: E como trazer essas vivências e saberes dessas mulheres que estão contigo, como trazer tudo isso para dentro da universidade? Como relacionar todo esse conhecimento com as teorias acadêmicas? Francy: Eu costuro muito isso. Eu sempre falo que eu sou tradutora desses mundos. Uma coisa são as minhas tias, a minha comunidade, as mulheres trabalharem sempre em coletivo. Mas o nosso maior desafio é como traduzir esses conhecimentos para a universidade e para o português porque na língua você vive e você sente. Eu tenho sido a tradutora de mundos, eu traduzo bem o que é ser dona de roça porque eu vivo isso. Eu sei como traduzir porque eu sei o quão é desafiante e o quanto é lindo ser dona de roça. Eu me orgulho muito de viver em um mundo muito diferente e de poder traduzir esses mundos. Isso me traz nesse lugar de compartilhar saberes, dessa vivência única que a gente tem na comunidade de como as mulheres são as guardiãs e pilares de conhecimento, de como as mulheres são únicas dentro da comunidade por esse fazer que elas vão costurando: a partir da roça, da vivência do dia a dia, do resguardo do parto, da infância, do cuidado com os maridos e com os filhos e com a comunidade, na preparação de festa, nas pinturas, nos grafismos, nas tecelagens. Eu trago essa ciência indígena para uma outra tradução e tento casar essas duas ciências. E eu acho que poder ser uma das mulheres tradutoras de mundo já me transforma em uma mulher cientista. E além de ser dona de roça, hoje eu me considero um braço do meu pai porque eu sou tradutora de narrativas de outros mundos, cosmológicas, de benzimentos e de cantos. Eu não sabia que seria resultado de uma parceria tão linda com meu pai. Trazer isso também para antropologia mostra como os mundos mudaram e que houve mudanças também nos conhecimentos indígenas. Não era um pai e um filho. Era um pai e uma filha. Isso me colocou também nesse espaço de ser tradutora de mundos, mas também de trazer essas informações e inspirações para a juventude. Hoje tenho mostrado para a juventude que o nosso território é o maior pilar do mundo. A gente precisa conhecer o nosso mundo para a gente poder sair por esse mundo tão grande, que é a universidade, e você poder falar do seu mundo com muito orgulho. É difícil, mas a gente traduz nossos conhecimentos e isso me fortalece também como mulher. Eu tenho mediado esses mundos mostrando que a universidade também é uma porta boa, que ela pode dar visibilidade para os seus conhecimentos de uma outra forma. Agência Brasil: Você sente que a universidade hoje já está mais aberta para esses saberes e esses conhecimentos indígenas? Francy: Acho que aos pouquinhos sim. Eu acho que essa nossa entrada por meio da luta dos movimentos indígenas, dos coletivos indígenas e de parceiros professores que pesquisam nas comunidades indígenas, tem de fato aberto um leque diferente, em ter esse olhar específico para os conhecimentos indígenas. Acho que nossa entrada [nas universidades] fortalece muito as pesquisas que já foram realizadas. E com o nosso olhar, com a presença de indígenas e quilombolas, ela fica muito mais rica. Quando a gente fala de povos indígenas, tem esse contexto da diversidade. Tem pessoas que vêm da comunidade que está lá na selva, que é o meu caso. Mas tem parentes que já estão em centros urbanos, que já dominam o português. A gente vem em um contexto muito específico de presença de indígenas nas universidades. Acho que o impacto maior sempre é para as pessoas que nunca tiveram acesso a esse mundo. E esse impacto é duro, eu diria assim, principalmente na questão da coletividade porque a gente vem de um território em que a coletividade é muito presente: a roça é coletiva, os trabalhos para limpar uma comunidade são coletivos, a gente compartilha a comida em coletivo. E a gente vem para uma cidade onde não existe isso. Então, o impacto de sobreviver de forma sozinha é muito pesado para a gente que veio de uma comunidade com uma liberdade para viver. Agência Brasil: Por muito tempo, essas histórias indígenas foram contadas, por exemplo, por antropólogos não-indígenas. E agora você chega à universidade e está contando a sua história. O indígena sempre foi um objeto de estudo e agora esse indígena estará contando sua própria história. Como é ser uma antropóloga indígena nessa perspectiva? E que histórias você pretende contar a partir de agora? Francy: É uma conquista em que a gente vem em passo de formiguinha. Mas acho que a gente acaba somando essa força da nossa presença nas universidades. A gente continua sendo objeto de estudo, mas acho que com a diferença de que a gente também está ocupando esses espaços. A gente ser objeto de estudo nos coloca nesse lugar de ‘vamos pesquisar o que é cerâmica ou cestaria’. A universidade tem um interesse muito específico. Com a nossa entrada [na universidade], tudo para a gente é importante. Mas como costurar essas informações para que a universidade, os professores e os pesquisadores possam entender o que estamos querendo falar? Nós já entramos [na universidade] sabendo qual vai ser a dissertação e qual vai ser a tese. E o diferencial é que a gente chega fazendo pesquisa em casa. A gente chega sempre iniciando com as narrativas. O tempo é o pilar para a gente escrever uma tese ou uma dissertação, porque é sempre ele que começa as narrativas. Como construir uma narrativa para que eu consiga chegar no meu objetivo? O que meu pai quer que eu escreva? Será que essa tradução é exatamente isso? O que as mulheres querem que eu fale sobre elas? Não de forma rasa, mas de uma forma que vai com o coração, porque pesquisa é afeto, é coletividade, é parceria, é escuta, é o tempo, é a floresta. São lugares sagrados e é importante trazer todas essas pessoas visíveis e invisíveis para uma tese. Quando resolvi fazer a minha dissertação, eu queria mergulhar no mundo das narrativas. Porque eu sempre vivi as narrativas, mas nunca me questionei o porquê dessas narrativas. Eu sempre digo que amo ser antropóloga porque a antropologia me deu uma ferramenta de querer me aprofundar mais, um aprofundamento que eu precisava como mulher indígena. A produção de tese, dissertações e TCCs hoje é fundamental para fortalecer os nossos conhecimentos. A gente pegou todo o conhecimento oral que a gente tem, dentro do nosso mundo e a gente está transformando essa oralidade em palavras, que é produção da escrita. E isso fortalece muito nessa questão da valorização das línguas, dos cantos, dos rituais, da importância do território, de como o movimento indígena é importante, de como as grandes malocas são importantes e de como esses acervos são bibliotecas vivas para a gente poder visitar. Hoje a gente está se apropriando dessa ferramenta e desses espaços para fortalecer os nossos territórios. Uma coisa que é bonita é poder ocupar esses espaços, mas sem deixar de olhar para os territórios. Acho que ocupar esses espaços é como um pilar: ele vai te proporcionar trabalhar com as comunidades não só Baniwa, mas com os vários territórios. Eu me coloco muito como uma pesquisadora que tem um olhar diferente, de sempre pensar nessa parceria, nessa coletividade, nessa produção de conhecimento coletivo e de como isso nos fortalece nessa nossa caminhada. Agência Brasil: Qual vai ser a sua função no MAE? Você pretende trazer alguma mudança aqui para o museu? Francy: Eu ainda estou chegando. E quando você chega em uma casa nova, você precisa observar, sentir e ver em qual setor ou qual atividade você vai contribuir melhor. Eu venho de uma área de etnologia, não como indígena, mas com essa bagagem que eu já venho construindo de trabalhar em acervos e com a parte da qualificação, requalificação e a importância das línguas. Hoje temos um centro de línguas indígenas aqui no MAE. Então acredito que são portas em que eu já vou poder contribuir no acervo. Acho que vou atuar muito nessa área de linguística e do acervo e no contato com as comunidades. Mas ao longo do tempo vou poder futuramente dar um curso indígena, voltado para os conhecimentos indígenas, mas sempre em conversa com a direção e com os professores. Agência Brasil: São Paulo é uma cidade fundada sobre um patrimônio indígena e muito desse patrimônio acaba vindo aqui para o MAE. Mas mesmo aqui no MAE esse patrimônio continua escondido, em uma reserva técnica. Como você vê isso? Francy: A gente tem esse grande desafio. Eu tenho trabalhado com a questão de acervos e a gente sempre depara com esses arquivos, tanto de objetos quanto de fotografias. Esse é um tema em que as instituições ainda estão pensando de que forma lidar, mas acho que a gente já vem trabalhando nisso. Acho que a nossa presença e nossas conversas com essas instituições têm aberto muitas ideias de como trabalhar com as comunidades indígenas e de como esse acervo deve estar. Tem muito acervo que está, de fato, escondido, engavetado. Mas é preciso construir isso com as comunidades indígenas. O que as comunidades indígenas têm a dizer sobre isso? Essa escuta sempre é fundamental para pensar o que fazer, tal como um acervo ou uma exposição. Precisamos de um grande estudo: qual é esse acervo, quem são os donos, onde eles estão? E a gente sabe que existe muita violência por trás disso, tanto do contexto histórico quanto acadêmico. Este é um assunto super delicado, mas é um assunto que já está sendo conversado hoje entre instituições e comunidades indígenas. Precisamos discutir como fortalecer essas instituições, esses acervos e as comunidades através desse espaço. Acho que a gente tem muito a aprender junto em relação a isso. Acho que a saída, muitas vezes, é a exposição, mas com essa exposição ou curadoria feita de forma participativa. Agência Brasil: Recentemente, tivemos a repatriação do manto tupinambá ao Brasil. E há uma discussão recente sobre outras repatriações desse patrimônio indígena. Qual sua visão sobre esse movimento de repatriação de artefatos indígenas? Francy: São muitos olhares e muitos entendimentos. Acho que cada território tem um jeito muito específico de entender aquele objeto. Tem uns [artefatos] que, de fato, precisam estar no território para um fortalecimento territorial, então o patrimônio precisa estar de volta para que dê outro sentido ao território. Dentro do nosso território (Baniwa) temos bastante cestarias. Mas no nosso território, nossos objetos estão em constante trabalho, são vivos. Então, tudo que existe no acervo hoje, para a gente não teria o mesmo cabimento de retornar para a comunidade. Seria melhor ficar naquele lugar do que retornar para as comunidades. Então, para os Baniwas, há um outro sentido essa repatriação. Mas em algumas comunidades, o objeto precisa, de fato, estar em casa. São muitos olhares, muitos entendimentos. Então, para cada povo isso vai ter um significado diferente. São olhares e entendimentos muito diversos. Agência Brasil: Muitos museus têm se dedicado recentemente a fazer exposições ou rediscutir seus acervos indígenas. Até mesmo a curadoria vêm passando a ser feita por pessoas indígenas. Você acha que, de fato, os museus estão se descolonizando? Francy: Acho que essa curadoria indígena dentro dos museus tem feito uma imensa diferença. Acho que a gente, como indígena, traz um olhar muito diferente sobre o que é uma exposição, sobre o que é uma curadoria, sobre o que gostaríamos de mostrar para o público. Quando você faz uma exposição, existe uma narrativa cosmológica por trás, existe uma vivência atual nessas exposições, existe o território presente nessas exposições. Mas o que essas exposições, fotografias, desenhos e obras significam para os povos indígenas? Não é apenas uma floresta. Isso é um caminho, uma narrativa, uma aula, um ensinamento da importância sobre os territórios. Fizemos recentemente a exposição Viva Viva Escolas Vivas no Instituto Tomie Ohtake. A gente sempre parte das narrativas. O nosso mundo, que é a oralidade, a gente está transformando em imagens e em cores, dando vida aos nossos deuses para uma forma visível e para que vocês possam entender o que é o nosso mundo. Nossas narrativas têm vida e são dessas cores. A gente transforma essa oralidade em uma imagem para dizer: ‘essas são as nossas vivências, esse é o nosso mundo indígena’. Então, quando a gente traz uma exposição indígena, não é apenas um artista, é a comunidade, é o coletivo, são várias mãos que pintaram um quadro. Além de uma imagem ou de um desenho, a gente traz povos, traz territórios, traz a oralidade, traz conhecimento, traz presença, traz força. Além de tudo isso, mostramos que sem o território a gente não existe. Acho que essas curadorias, essas exposições mostram que o nosso mundo precisa ser diverso. O nosso mundo é feito por muitas línguas indígenas, com várias origens do mundo, com vários umbigos do mundo, porque os territórios são diversos. Nós, povos indígenas, somos diversos, então a gente precisa ser respeitado por essa diversidade que existe no Brasil e no mundo. *Colaborou Thiago Padovan, repórter da TV Brasil	Agência Brasil	direitos-humanos	False
https://agenciabrasil.ebc.com.br/direitos-humanos/noticia/2026-07/pagina-do-tjrj-ja-teve-32-mil-pedidos-de-medidas-protetivas-em-2026	2026-07-16	Página do TJRJ já teve 3,2 mil pedidos de medidas protetivas em 2026	Maria da Penha Virtual permite que mulheres no RJ peçam ajuda	O Tribunal de Justiça do Estado do Rio de Janeiro (TJRJ) registrou 3.210 pedidos de medidas protetivas feitos por meio da página Maria da Penha Virtual , de janeiro a julho de 2026. Esse número se aproxima do total registrado em todo o ano de 2025, que teve 3.696 solicitações . Mulheres de 21 a 40 anos concentram mais da metade do total, com 56,5% dos pedidos. O serviço atende apenas a mulheres do estado do Rio de Janeiro . Os dados, do Observatório Judicial da Violência Doméstica e Familiar contra a Mulher, também traçam um perfil do agressor nos casos registrados neste ano. Em 38,1% das ocorrências, ele foi classificado como violento; em 35,7%, como controlador; e em 26,3%, o comportamento predominante foi de ciúmes excessivos. De janeiro até 15 julho deste ano, a plataforma recebeu, em média, 459 solicitações mensais. Mantendo esse ritmo até dezembro, a expectativa é de um crescimento de quase 50% em relação ao total de pedidos registrado em 2025. A série histórica também evidencia o aumento contínuo da utilização da ferramenta: foram 1.579 pedidos em 2022; 3.113, em 2023; 3.497, em 2024; 3.696, em 2025; e 3.210 apenas nos sete primeiros meses de 2026. O Maria da Penha Virtual foi criado em 2020, durante a pandemia, por universitários da Universidade Federal do Rio de Janeiro (UFRJ). Trata-se de um web app acessado por link, sem necessidade de download, o que preserva a segurança da mulher. Na plataforma, a vítima preenche um formulário com dados pessoais, informações sobre o agressor e sobre a agressão sofrida, podendo anexar fotos e áudios como prova, e seleciona a medida protetiva da Lei Maria da Penha mais adequada ao caso. Ao final, o sistema gera automaticamente uma petição em PDF, distribuída ao juizado competente, com consulta disponível para a vítima . O TJRJ cita exemplos de situações em que a mulher deve pedir medida protetiva: O tribunal recomenda que as mulheres vítimas de violência, após acessarem qualquer site que ofereça apoio ou canais de denúncia, como o próprio Maria da Penha Virtual, apaguem o histórico do navegador de internet. Também é possível pedir ajuda e denunciar casos de violência doméstica e contra a mulher na Central de Atendimento à Mulher – Ligue 180, um serviço gratuito que funciona 24 horas por dia, todos os dias da semana. O serviço está disponível também no WhatsApp: (61) 9610-0180 e pelo e-mail central180@mulheres.gov.br. Denúncias de violência contra a mulher também podem ser apresentadas em delegacias especializadas de atendimento à mulher (Deam), em delegacias comuns e nas Casas da Mulher Brasileira. Saiba onde encontrar Ainda é possível pedir ajuda por meio do Disque 100, que recebe casos de violações de direitos humanos, e pelo 190, número da Polícia Militar.	Agência Brasil	direitos-humanos	False
https://agenciabrasil.ebc.com.br/direitos-humanos/noticia/2026-07/tre-rj-vai-pedir-que-tropas-federais-atuem-no-estado-nas-eleicoes	2026-07-10	TRE-RJ vai pedir que tropas federais atuem no estado nas eleições	Desde 2012, as eleições no RJ contam com a presença das Forças Armadas	"O Tribunal Regional Eleitoral do Rio de Janeiro (TRE-RJ) decidiu solicitar ao Tribunal Superior Eleitoral (TSE) o envio de forças federais para atuar nas eleições deste ano no estado. Segundo a Corte, a medida é necessária diante do controle territorial exercido por organizações criminosas em parte dos municípios fluminenses. A decisão foi tomada na quinta-feira (9) no plenário do TRE, por unanimidade. O governador interino do estado, Ricardo Couto, apoia a solicitação. Para justificar a necessidade de colaboração de tropas federais, o presidente do TRE-RJ, desembargador Claudio de Mello Tavares, destacou que muitos eleitores votam em territórios controlados por criminosos armados, principalmente na Região Metropolitana da Rio de Janeiro . Claudio de Mello classificou a presença de áreas dominadas por criminosos como “fenômeno estrutural” do estado. Ele lembrou que, desde 2012, o Rio de Janeiro faz uso do auxílio de forças federais durante eleições. ""Não se trata de risco difuso ou pontual de tumulto, mas de fenômeno estrutural: o controle territorial armado exercido de modo ostensivo e continuado por organizações criminosas"", sustentou. O chefe da Justiça Eleitoral fluminense reforçou que não é possível o direito constitucional do voto livre em determinadas regiões. “ Quando o cidadão caminha até a urna sob a vigília de criminosos que dominam a comunidade, a sua liberdade não é plena , a coação difusa ainda que silenciosa contamina a formação e manifestação da vontade pública e vulnera a lisura do pleito"", disse. A resolução do TSE 21.843/2004 determina que o deslocamento de forças federais para um estado durante eleições só é cabível quando o governador se manifesta pela insuficiência das forças estaduais. No início da semana, o presidente do TRE-RJ havia se encontrado com o governador Ricardo Couto, para explicar questões relacionadas à segurança necessária para a organização das eleições, marcadas em todo o país para os dias 4 de outubro (primeiro turno) e 25 de outubro (eventual segundo turno). Caso o plenário do TSE aprove a solicitação regional, haverá requisição formal ao Ministério da Defesa . Após esse trâmite, o TRE poderá entrar em contato com o comando local da força federal para alinhar os detalhes da operação."	Agência Brasil	direitos-humanos	False
https://agenciabrasil.ebc.com.br/direitos-humanos/noticia/2026-07/conselho-debate-enfrentamento-discurso-de-odio	2026-07-10	Observatório do CNDH prepara proposta contra discurso de ódio no país	​Objetivo é subsidiar políticas públicas de prevenção ao extremismo	O Conselho Nacional de Direitos Humanos (CNDH) encerrou nesta sexta-feira (10), em Belém, uma missão voltada ao enfrentamento do discurso de ódio, do extremismo e do neonazismo. A iniciativa integra os trabalhos do Observatório Nacional de Enfrentamento ao Discurso de Ódio e ao Neonazismo, que prepara propostas para subsidiar políticas públicas sobre o tema. Levantamento do conselho aponta um aumento de 270% no número de células neonazistas entre 2019 e 2021, em atividade no território brasileiro. Para chamar atenção ao cenário considerado preocupante, o CNDH criou o Observatório Nacional de Enfrentamento ao Discurso de Ódio e ao Neonazismo no Brasil. O Observatório tem como missão central mapear células neonazistas, monitorar a disseminação de discursos de ódio (especialmente no ambiente online) e articular estratégias jurídicas e políticas para subsidiar novas diretrizes de segurança pública. Durante três dias, o observatório realizou atividades na capital paraense, voltadas para o monitoramento regional de discursos de ódio e extremismo. Entre elas, o diálogo direto com instituições locais, para fortalecer a rede de proteção e a construção coletiva de diagnósticos sobre o extremismo na Região Norte. O conselheiro do CNDH e coordenador da Relatoria Especial de Enfrentamento ao Discurso de Ódio, Extremismo e Neonazismo do CNDH Carlos Nicodemus disse à Agência Brasil que é necessário enfrentar o tema, uma vez que o neonazismo materializa uma forma de discurso de ódio, de supremacia e de ataque a grupos em situação de vulnerabilidade e minorias sociais. “A gente tem acompanhado, através do observatório, a existência de várias manifestações que vão acontecendo em todas as regiões, e vai ao encontro da última pesquisa foi promovida pela Unicamp no ano de 2022, que aponta um crescimento significativo em determinadas regiões do país, em especial sobre o neonazismo. Não só o neonazismo, mas formas extremistas de fascismo e tudo aquilo que ataca os grupos em situação de vulnerabilidade tem sido acompanhado pela relatoria, especialmente porque, além de afetar a esses grupos, também é uma ameaça à democracia”, alertou. Antes do Pará, a missão já havia passado por outras regiões do país, com eventos nas cidades de Florianópolis e Blumenau (SC); Porto Alegre (RS); Rio e Niterói (RJ); Recife e Caruaru (PE) e Goiânia (GO). Segundo CNDH, a criação do observatório responde a um avanço significativo de condutas que ameaçam a convivência democrática, os direitos humanos e a segurança pública. A ferramenta deve lançar ainda este ano um relatório com o diagnóstico da situação e sugestão para a elaboração de políticas públicas. “O observatório vai consolidar um relatório final no ano de 2026, em dezembro, quando se proporá, então, uma política pública nacional para o enfrentamento ao tema. Registrando que questões como a baixa densidade legislativa, com ausência de leis, e também a ausência de uma política articulada, impõem uma revisão de posicionamento do Estado brasileiro e que a relatoria pretende propor com a elaboração de uma política nacional”, afirmou. Nicodemus disse ainda que a agenda no estado do Pará debateu elementos para o desenvolvimento de uma política nacional sobre o tema, especialmente focada na educação e cultura, para frear o discurso de ódio empregado no processo político do neonazismo. “O propósito inicial é promover uma investigação administrativa para levantar os indicadores sobre o crescimento do extremismo no país e como ele afeta a região Norte e o estado do Pará. E a partir desses indicadores, propor a elaboração de uma política estadual de enfrentamento ao discurso de ódio que possa articular a área da educação, cultura, direitos humanos, segurança pública e justiça, promovendo no estado do Pará uma ação que possa ser denominada como política de Estado e que garanta à sociedade um enfrentamento permanente sobre esse tema” disse. O relator lembrou que o poder público tem uma responsabilidade estratégica, focada na formulação das políticas públicas sobre o tema. “Entre elas a construção de um plano estadual de enfrentamento ao extremismo, ao discurso de ódio e ao neonazismo, mas deve o poder público se articular com a sociedade civil, especialmente através dos conselhos, com uma ampla participação social, de modo que essa política possa ser entendida como uma política de Estado e que tenha a capacidade de chegar no território e fazer a sua incidência necessária de controle”, concluiu. O conselheiro lembrou que as redes sociais desempenham um papel importante na disseminação de discursos de ódio e defendeu uma maior regulamentação das plataformas. “Sem sombra de dúvida, o ambiente da internet constitui um capítulo especial que precisa ser trabalhado e defendido. O país tem, no reconhecimento da sua constituição democrática, a liberdade de expressão como um direito fundamental. Mas a liberdade de expressão não pode ser entendida como uma liberdade de agressão”, disse. Na avaliação de Nicodemus, o ambiente da internet vive uma ausência de controle demandando do Estado medidas de construção de parâmetros que preservem o direito à liberdade de expressão, mas que não permita o ataque aos grupos em situação de vulnerabilidade. “Misoginia, ataques contra as mulheres, contra pessoas com deficiência, a comunidade LGBTQIA+ não podem ser continuamente levados como uma estratégia de articulação de grupos fascistas, neonazistas e extremistas. Logo, é preciso ocupar o espaço da internet com uma política pública do Estado brasileiro”, afirmou.	Agência Brasil	direitos-humanos	False
https://agenciabrasil.ebc.com.br/direitos-humanos/noticia/2026-07/Programa-afiadas-desta-sexta-feira-discute-assedio-e-relacoes-toxicas	2026-07-10	Programa Afiadas desta sexta-feira discute assédio e relações tóxicas	Episódio é apresentado pela TV Brasil às 23h	O assédio em espaços públicos e as relações tóxicas que atravessam a vida das mulheres são os temas do terceiro episódio de Afiadas, que a TV Brasil exibe nesta sexta-feira (10), às 23h. Com o título Boy Lixo Blues , o capítulo mostra situação vivida pela personagem Adrielly que discute limites, constrangimentos, dificuldades de denúncia e impactos emocionais provocados por diferentes formas de violência. A edição recebe Maíra Recchia, advogada especialista em gênero e presidente da Comissão das Mulheres Advogadas da OAB/SP. Afiadas mostra a rotina do salão de beleza de Dona Márcia (Heloísa Périssé) e suas funcionárias Adrielly (Pretha Sousa), Samantha (Carol Portes) e Jéssica (Veronica Debom). A narrativa é conduzida pelo olhar de Adrielly, que registra o dia a dia com o celular e constrói um diário em movimento sobre a cidade, as pessoas e suas próprias descobertas. No enredo do terceiro capítulo, Adrielly chega abalada ao salão de Dona Márcia, após sofrer assédio dentro do ônibus a caminho do trabalho. Ao compartilhar o fato com as colegas, ela tenta explicar o incômodo de ser observada, comentada e sexualizada por homens em espaços públicos. A conversa leva as personagens a refletirem sobre situações muitas vezes naturalizadas, mas que afetam diretamente a liberdade, segurança e a rotina das mulheres. Afiadas - Episódio 3: Boy Lixo Blues Tema: Assédio e relações tóxicas Convidada: Maíra Recchia, advogada especialista em gênero e presidente da Comissão das Mulheres Advogadas da OAB/SP Exibição: sexta-feira (10), às 23h, na TV Brasil O programa Afiadas também pode ser assistido por meio do canal do YouTube da emissora pública da Empresa Brasil de Comunicação (EBC) , além do aplicativo TV Brasil Play. Acompanhe a programação da TV Brasil pelo canal aberto, TV por assinatura e parabólica. Sintonize: https://tvbrasil.ebc.com.br/comosintonizar . TV Brasil na internet e nas redes sociais Site – https://tvbrasil.ebc.com.br YouTube – https://www.youtube.com/tvbrasil X – https://x.com/TVBrasil TikTok – https://www.tiktok.com/@tvbrasil TV Brasil Play – http://tvbrasilplay.com.br	Agência Brasil	direitos-humanos	False
https://agenciabrasil.ebc.com.br/direitos-humanos/noticia/2026-07/deputados-do-rj-aprovam-tornozeleira-rosa-para-agressores-de-mulheres	2026-07-08	Deputados do RJ aprovam tornozeleira rosa para agressores de mulheres	Objetivo é facilitar o reconhecimento do monitorado por agentes	"Agressores de mulheres em casos de violência doméstica e familiar, violência de gênero e outras formas de violência sexual poderão ter que usar tornozeleira eletrônica na cor rosa. O parecer favorável ao Projeto de Lei 7.549/26, que institui a ""tornozeleira rosa"" no estado foi aprovado por unanimidade nesta quarta-feira (8) na Comissão de Constituição e Justiça (CCJ), da Assembleia Legislativa do Rio de Janeiro (Alerj). A norma trata sobre a identificação visual padronizada, na cor rosa, aplicada aos dispositivos de monitoramento eletrônico utilizados em medidas protetivas de urgência ou cautelares aplicadas a agressores de mulheres. A medida abrange agressores em casos de violência doméstica e familiar, violência vicária, violência de gênero praticadas em relações afetivas, sociais ou institucionais e outras formas de violência sexual, assédio ou perseguição. O texto seguirá para o plenário da Casa e poderá receber emendas dos deputados. De acordo com o projeto de lei, a finalidade é facilitar o reconhecimento funcional do monitorado por agentes de segurança pública em ocorrências, inibir a reincidência em todas as formas de violência contra a mulher e fortalecer a segurança das vítimas e de suas redes de proteção. A proposta também prevê determinações contra o uso vexatório do dispositivo. Fica vedada a divulgação da identidade do monitorado associada à marcação em meios de comunicação ou redes sociais sem finalidade legítima de segurança pública. O agressor deverá receber, por escrito, orientação sobre seus direitos e sobre os canais de reclamação disponíveis."	Agência Brasil	direitos-humanos	False
https://agenciabrasil.ebc.com.br/direitos-humanos/noticia/2026-07/governo-diz-que-vai-acertar-salarios-do-programa-rio-sem-lgbtifobia	2026-07-07	Governo diz que vai acertar salários do programa Rio Sem LGBTIfobia	Trabalhadores estão sem receber integralmente desde abril	"O governo do Estado do Rio de Janeiro informou que vai acertar nos próximos dias os salários atrasados dos trabalhadores do Programa Estadual Rio Sem LGBTIfobia. Eles estão sem receber integralmente desde abril e chegaram a decretar estado de greve na semana passada. O compromisso com a regularização do pagamento foi feito por meio de nota enviada à reportagem da Agência Brasil e nas falas de secretários do governo que participaram da audiência pública desta terça-feira (7) na Assembleia Legislativa do Rio de Janeiro (Alerj). O secretário de Estado de Desenvolvimento Social e Direitos Humanos, Anderson Coelho, justificou o atraso com base em decreto assinado em abril pelo governador interino Ricardo Couto, que estabelece fiscalização mais rigorosa sobre contratos acima de R$ 10 milhões. Aqueles que ultrapassam o valor devem ser submetidos à aprovação de um órgão jurídico. “É uma questão de honra resolver isso. Aqui, todas as forças estão se somando: governo, deputados, vereadores, movimento sociais. A causa é justa e nobre. Somos parceiros e nosso objetivo é construir pontes”, disse Anderson Coelho. O governo estadual também disse que está “adotando os ajustes administrativos e jurídicos necessários para garantir a continuidade do programa”. O subsecretário-geral da Casa Civil, Sérgio Pimentel, reconheceu que houve um erro de comunicação ao falar anteriormente em reestruturação do programa. “Isso gera um temor de quem está há meses sem receber. Reconheço esse problema e estamos comprometidos em busca da solução”, disse Pimentel. “Essa não é apenas uma política de governo, é um projeto de Estado que precisa ser reconhecido.” Ainda não houve posicionamento governo sobre a suspensão das contratações para o programa previstas em processo seletivo realizado em 2025. Os candidatos aprovados já haviam sido convocados para exames admissionais e assinatura de contrato. A coordenadora do Centro de Cidadania LGBTI+ Baixada, Sharlene Rosa, cobrou a convocação dos aprovados. “Hoje nós temos vários trabalhadores que deixaram outros trabalhos para estar nesse programa, passaram no processo seletivo e não foram chamados"", disse. Durante a audiência pública, trabalhadores do programa afirmaram que mantiveram o atendimento da população e que tiveram de custear do próprio bolso despesas para garantir o funcionamento dos serviços. “Mesmo com três meses de salários atrasados, estamos fazendo plantão para atender às pessoas, porque esse programa não pode fechar. É um programa que já tem 16 anos. Estamos lutando e resistindo todo o dia, porque essa é a nossa história”, disse Fernanda Machado, que atua no Rio Sem LGBTfobia. A ativista transgênero Indianara Siqueira, presidente do grupo Transrevolução, destacou a necessidade de valorização daqueles que têm mantido o programa há tanto tempo. “Precisamos valorizar as pessoas que já estão lá dentro: técnicos, gerentes, trabalhadores de uma maneira geral, para que não se tornem pessoas precarizadas”, disse Indianara. “Esperamos que o governador e os secretários olhem para o programa de uma maneira humana. Pessoas da comunidade já tem, historicamente, dificuldades para conseguir trabalho”, acrescentou. A deputada estadual Dani Balbi (PCdoB) reforçou que, para além de resolver os atuais problemas relacionados ao programa, o governo precisa investir na ampliação dele. “Enquanto mulher transexual sei o que é a vulnerabilidade das esquinas, o que é a interdição dos espaços institucionais e sei o que é procurar emprego mesmo tendo qualificação profissional e não encontrar. Esse programa precisa ser um pilar da sociedade”, disse a deputada. “Não é razoável em hipótese nenhuma qualquer inflexão no programa, diminuição de pessoal e de verba. Programa não precisa apenas se manter, precisa ganhar mais musculatura”, complementou. A vereadora Mônica Benício (PSOL) endossou a necessidade de fortalecer políticas públicas para a comunidade. “Não estamos pedindo favor nenhum. Estamos aqui cobrando um direito”, disse Mônica. “Devemos ampliar a amplitude de políticas públicas como essa. Esse programa existe e insiste apesar de governos. Não podemos ter desmonte de direitos desse tipo. Foi a luta organizada que garantiu a existência desse programa”, destacou. Criado pela Lei Estadual nº 9.496/2021, o Programa Rio Sem LGBTIfobia é executado pela Secretaria de Estado de Desenvolvimento Social e Direitos Humanos (SEDSODH), em parceria com a Universidade do Estado do Rio de Janeiro (Uerj). A iniciativa oferece atendimento psicológico, orientação jurídica, acolhimento social, acompanhamento de vítimas de violência em delegacias, articulação com a rede de proteção, capacitação de profissionais e ações educativas em todo o estado. De acordo com os trabalhadores, o programa atende a milhares de pessoas em situação de vulnerabilidade e mantém uma rede composta por 23 centros regionalizados, além de prestar suporte técnico a municípios, Ministério Público, Defensoria Pública e demais órgãos da rede de garantia de direitos. Atualmente, a estrutura do programa conta com mais de 300 profissionais, sendo 282 trabalhadores e 24 estagiários , distribuídos em 24 equipamentos: 20 centros de Cidadania LGBTI+, três centros comunitários e um Polo de Cidadania. Em 2024, o programa realizou 17.643 atendimentos a 11.518 pessoas usuárias. Em 2025, foram registrados 12.470 atendimentos e 4.133 usuários cadastrados. Já em 2026, até o momento, são 3.666 atendimentos e 1.682 pessoas atendidas. Os trabalhadores destacam que os números de 2025 e 2026 ainda são parciais, uma vez que os lançamentos dos atendimentos desses períodos ainda não foram concluídos."	Agência Brasil	direitos-humanos	False
https://agenciabrasil.ebc.com.br/direitos-humanos/noticia/2026-07/inclusao-digital-no-brasil-e-feita-pela-metade-mostra-pesquisa	2026-07-09	Inclusão digital no Brasil é feita pela metade, mostra pesquisa	Maioria dos domicílios (59,2%) não tem computadores ou tablets	“Existe um muro aqui” diz Ana Cláudia Miguel, enquanto aponta na direção da Rua do Moinho, que separa a comunidade do Pilar de um dos maiores polos de tecnologia do país, o Porto Digital, no coração do Recife Antigo. “Existia um arco que era a divisão desse pedaço com o bairro. Mesmo o muro sendo derrubado, ainda existe essa barreira”. O muro, construído por holandeses na capital pernambucana no século 17, foi demolido no final do século 19. Mais de 100 anos depois, Ana Cláudia, líder comunitária da única área residencial do Recife Antigo, explica como a barreira que já foi de pedra, agora é de bytes : “A gente mora no polo tecnológico, mas tem um déficit de tecnologia”, explica Ana Cláudia. O Pilar é uma comunidade de baixa renda que nasceu com a ocupação das ruínas do Recife Antigo por quem não tinha onde morar, ou tinha e foi expulso de outros cantos da cidade. Nos quase 600 domicílios do Pilar vivem famílias majoritariamente negras (73%), chefiadas por mulheres (76%), onde o trabalho informal é a principal fonte de renda (74%) e a remuneração média não passa de um salário mínimo e meio, segundo pesquisa feita em 2023 pela própria comunidade, com o apoio da Universidade das Nações Unidas. Atravessando a rua, fica o Porto Digital, endereço de mais de 500 empresas de tecnologia que, em 2025, faturaram R$ 7,4 bilhões. Pierre Lucena, presidente do Porto Digital, explica o que é essa espécie de vale do silício brasileiro: “Somos uma plataforma de inovação”, diz. “Aqui, a  gente tem seis incubadoras aceleradoras, públicas e privadas, uma faculdade própria, um conjunto de universidades parceiras e mais de 500 empresas”. A disparidade tecnológica dos dois lados da rua escancara o desafio que o Brasil precisa enfrentar para garantir inclusão digital de qualidade. O percentual de pessoas que usam a internet no Brasil chegou a 90,5% em 2025, índice que vem crescendo ano após ano. Em 2019, não chegava a 80%. Mas a qualidade do acesso é desigual. Enquanto 86% dos domicílios têm banda larga fixa e móvel ao mesmo tempo,  10,7% dependem exclusivamente dos dados da telefonia móvel para conseguir acessar bancos, serviços públicos, estudar, trabalhar e se comunicar. A grande maioria, 59,2% dos domicílios, não tem computadores ou tablets. Os dados estão na PNAD-TIC 2026, o capítulo de Tecnologia, Informação e Comunicação, da Pesquisa  Nacional por Amostra de Domicílios, do Instituto Brasileiro de Geografia e Estatística (IBGE). “As pessoas deixam de ter computador e internet fixa em casa porque é caro e elas acessam a internet por planos de telefonia móvel com uma quantidade limitada de dados que podem utilizar por mês, explica Flávia Lefrève, advogada, especialista em telecomunicações e direitos digitais. Geralmente, uma franquia baixa, que não passa de 100 gigabytes por mês. A partir do momento em que a franquia acaba, o acesso à internet é bloqueado”. Flávia diz que esse tipo de limitação é ilegal, segundo o Marco Civil da Internet. As provedoras não podem interromper a internet, exceto em casos de inadimplência. Na prática, o serviço é suspenso e limita a cidadania: “A grande maioria dos serviços públicos, por exemplo, você só faz pela internet: Bolsa Família, Enem, boletim de ocorrência, o imposto de renda. Tudo o que você faz hoje é pela internet. Então, para exercer a cidadania, precisa da internet. E o que acontece se você tem um plano limitado? Acabou a sua franquia, como é que vai se virar?”, questiona. A rotina do Pilar ajuda a entender como a limitação vira exclusão. Em 2023, a comunidade passou a contar com o programa Pilar Universitário, que garante bolsas de estudos integrais nas faculdades do Senac [Serviço Nacional de Aprendizagem Comercial] para os moradores numa política de universalização sem restrições : “Qualquer pessoa do Pilar que queira e esteja apta a fazer um curso superior, pode escolher qual curso quer fazer”, diz Pierre Lucena. Ainda que o estudante não precise se preocupar com a mensalidade, ainda resta o muro digital: “A internet que tem é do celular. E aí acabam os dados, como é que faz? Como é que se mantém na universidade?”, pergunta Ana Cláudia. “Hoje, a tecnologia da universidade é muito maior. A apresentação não é naquele papelzinho pautado. Hoje tem que fazer tudo digital.  Então é preciso ter o mínimo de condição de poder permanecer”, conclui . Em 2024,  Eurídize Lima de Santana, 23 anos, entrou no programa. Se matriculou no curso de Análise e Desenvolvimento de Sistemas. Um ano e meio depois, trancou a faculdade. Eurídize não tinha o básico: um computador. “No primeiro semestre eu não senti tanta dificuldade em não ter um notebook, porque a gente ainda não fazia códigos. No segundo, comecei a sentir. E quando chegou no terceiro semestre, tranquei”, afirmou. Segundo ela, um equipamento básico para quem trabalha com códigos custa, no mínimo, R$ 3,5 mil.  “Como a gente que é pobre, que ganha um salário mínimo, pode pensar em comprar um notebook? Como, se só tem o dinheiro pra sobreviver? Se a gente só pensa em pagar as contas de casa e comer?” pergunta. Depois de trancar a faculdade, a jovem ainda tentou mudar de curso, mas foi informada que o programa não permitia uma segunda inscrição para alunos que trancaram a faculdade. Hoje ela estuda Gestão Financeira, na modalidade de Ensino à Distância (EaD), usando o celular e a franquia de dados do telefone e pagando mensalidade de R$ 170. Ana Cláudia diz que na comunidade, a inclusão digital pela metade é regra: “A gente tem empresa de robótica aqui dentro da ilha [o Recife Antigo], mas não tem nenhuma criança sabendo disso. A gente precisa ter internet na escola, precisa trabalhar com os jovens na tecnologia”. Fabi Andrade é coordenadora de ESG do Centro de Estudos e Sistemas Avançados do Recife (Cesar). A instituição de ensino e incubadora de empresas é uma das precursoras do Porto Digital e ocupa alguns andares do Complexo do Moinho, um edifício de mais de 100 anos que fica bem ao lado do Pilar. O prédio foi todo modernizado para acolher empresas de tecnologia: “O projeto arquitetônico previa uma parede para que a gente não enxergasse a comunidade do Pilar”, explica Fabi . A proposta foi recusada e no lugar foi colocada uma parede de vidro que não deixa esquecer que a desigualdade é incômoda até para quem está do lado tecnológico do muro. “Incomoda muito porque estamos aqui trabalhando numa faculdade para educar pessoas em tecnologia, e não temos um único aluno da comunidade aqui do lado.  Isso incomoda”, conclui Fabi. “Esse contraste é real, há uma dívida real e uma forma ainda desorganizada de todos,  inclusive nossa [do Porto Digital], para agir com soluções”, reconhece o presidente do Porto Digital, que sabe que os vizinhos vivem realidade parecida com a de muitas outras comunidades do país. Ana Cláudia sabe que o impacto dessa inclusão digital pela metade tem custo alto : “a gente está perdendo os jovens na comunidade”. Questionada sobre o que significa perder os jovens, ela é direta: “Perdendo os jovens para o mundo ilícito, porque não se tem oportunidade”. Em 2025, pela primeira vez, mais de 90% dos brasileiros usaram a internet, segundo a PNAD-TIC, mas Flávia Lefrève chama a atenção para outro dado: o tipo de uso que tem sido feito da rede: “O uso principal que as pessoas fazem é de rede social. Por quê? Acabou a franquia, bloqueia o acesso à internet e a pessoa só acessa as aplicações da Meta: Instagram, Facebook e WhatsApp”. Segundo a pesquisa, entre as pessoas que usaram a internet, mais de 95% usaram para conversar por chamadas de voz ou vídeo, mais de 90% para enviar ou receber mensagens de texto, voz ou imagens sem ser por e-mail e 85% para usar as redes sociais (84,9%). Todos os serviços são prestados pela empresa de Mark Zuckerberg. Flávia explica que esse tipo de “oferta” também viola o Marco Civil da Internet: a neutralidade da rede, a regra que determina que os provedores não podem discriminar o tráfego de dados por origem, destino ou por tipo de aplicativo . “Uma medida fundamental para garantir que a internet continue aberta, democrática, que não haja discriminação”, diz Flávia. “A partir do momento em que o consumidor só tem acesso às aplicações da Meta, isso é quebra da neutralidade. Isso é muito cruel, porque esses planos atendem especialmente as pessoas das classes C,D e E”, conclui. Em janeiro de 2023, a  Coalizão de Direitos da Rede, que reúne organizações e ativistas, como Flávia Lefrève, que atuam pelo direito à comunicação, abriu um processo administrativo na Secretaria Nacional do Consumidor do Ministério da Justiça questionando o bloqueio ao acesso à internet por parte das provedoras e a quebra da neutralidade da rede. Entramos em contato com o Ministério da Justiça questionando qual a situação desse processo, mas não houve resposta.	Agência Brasil	direitos-humanos	False
https://agenciabrasil.ebc.com.br/direitos-humanos/noticia/2026-07/site-lancado-por-ongs-atualiza-informacoes-sobre-caso-dom-e-bruno	2026-07-07	Site lançado por ONGs atualiza informações sobre caso Dom e Bruno	Jornalista britânico e indigenista brasileiro foram mortos em 2022	As organizações não governamentais (ONGs) Instituto Dom Phillips, a Artigo 19 e a Repórteres Sem Fronteiras (RSF) lançaram um portal para reunir informações confiáveis e atualizadas sobre o assassinato do jornalista britânico Dom Phillips e do indigenista brasileiro Bruno Pereira, em 2022 no Vale do Javari, no Amazonas . O Observatório dos Povos Indígenas Isolados (Opi) também está entre os idealizadores do projeto, batizado de Defensores do Javari . O site contém informações que permitem acompanhar desdobramentos e consultar ações resultantes de reuniões do Grupo de Trabalho Vale do Javari, criado no âmbito do Comitê Interministerial de Desintrusão. Dom e Bruno eram figuras centrais nas denúncias de crimes socioambientais que ocorriam na Terra Indígena (TI) Vale do Javari, no Amazonas. que abriga o maior contingente dos chamados povos livres, que vivem em isolamento. A proteção desses grupos  é essencial, já que muitos são formados por pouquíssimas pessoas e sua cultura e suas comunidades correm risco de extinção.. Bruno Pereira era pessoa de confiança dos indígenas da região e atuava em conjunto com a União dos Povos Indígenas do Vale do Javari (Univaja). Ele estruturou a Equipe de Vigilância da Univaja (EVU), responsável por identificar pontos de vulnerabilidade e capacitar indígenas para fazer a segurança das comunidades . Dom Phillips estava em viagem pelo território com o propósito de escrever um livro , que, com sua morte, foi finalizado por seus amigos. Pela gravidade do caso, a Comissão Interamericana de Direitos Humanos foi acionada, a fim de provocar respostas ágeis das autoridades brasileiras na área.	Agência Brasil	direitos-humanos	False
https://agenciabrasil.ebc.com.br/direitos-humanos/noticia/2026-07/rio-sem-lgbtifobia-modelo-de-contrato-e-gestao-esta-em-revisao	2026-07-02	Rio Sem LGBTIfobia: trabalhadores entram em estado de greve	Eles reivindicam melhores salários e continuidade do programa	Os trabalhadores do Programa Estadual Rio Sem LGBTIfobia decretaram estado de greve na manhã desta quarta-feira (1º), em resposta ao atraso de salários, à suspensão de novas contratações e à falta de informações sobre a continuidade da política pública . A decisão foi tomada em assembleia da categoria, que denuncia o risco de paralisação da maior política estadual de promoção e defesa dos direitos da população LGBTI+ no país. Na manhã desta quinta-feira (2),  eles realizaram manifestação em frente ao Tribunal de Justiça do Estado do Rio de Janeiro (TJRJ), onde despacha o governador interino, desembargador Ricardo Couto. O ato teve como objetivo cobrar a regularização dos pagamentos, a retomada das contratações suspensas após processo seletivo realizado em 2025 e a garantia da continuidade do Programa Rio Sem LGBTIfobia. Segundo o Fórum das Trabalhadoras e dos Trabalhadores do Programa Rio Sem LGBTIfobia, os profissionais estão sem receber integralmente os salários desde abril de 2026. Naquele mês, apenas um pagamento parcial foi realizado. Os vencimentos referentes aos meses de maio e junho permanecem em aberto, sem previsão de quitação. Os trabalhadores afirmam que, mesmo diante da situação, seguem atendendo a população, muitas vezes custeando do próprio bolso despesas necessárias para garantir o funcionamento dos serviços. A categoria alerta, no entanto, que a manutenção dos atendimentos tornou-se insustentável diante da ausência de remuneração. >> Siga o canal da Agência Brasil no WhatsApp Criado pela Lei Estadual nº 9.496/2021, o Programa Rio Sem LGBTIfobia é executado pela Secretaria de Estado de Desenvolvimento Social e Direitos Humanos (SEDSODH), em parceria com a Universidade do Estado do Rio de Janeiro (UERJ). A iniciativa oferece atendimento psicológico, orientação jurídica, acolhimento social, acompanhamento de vítimas de violência em delegacias, articulação com a rede de proteção, capacitação de profissionais e ações educativas em todo o estado. De acordo com os trabalhadores, o programa atende milhares de pessoas em situação de vulnerabilidade e mantém uma rede composta por 23 centros regionalizados, além de prestar suporte técnico a municípios, Ministério Público, Defensoria Pública e demais órgãos da rede de garantia de direitos. Outro ponto que agravou a crise foi a suspensão das contratações previstas em processo seletivo realizado em 2025. Os candidatos aprovados já haviam sido convocados para exames admissionais e assinatura de contrato, marcada para quarta-feira (1º). Entretanto, a UERJ comunicou a suspensão das admissões, informando que a efetivação depende da disponibilidade orçamentária e que o Estado não realizou os repasses necessários para dar continuidade ao processo. Em carta aberta divulgada à sociedade, os trabalhadores classificam a situação como um “abandono” de uma política pública construída ao longo de mais de 15 anos e consolidada em lei há pouco mais de quatro anos. Segundo o documento, a interrupção dos repasses compromete não apenas os direitos trabalhistas da equipe, mas também o atendimento de uma população historicamente vulnerabilizada e exposta à violência e à discriminação . A categoria também manifesta preocupação com a proximidade do período de vedações eleitorais, argumentando que a regularização dos repasses financeiros precisa ocorrer antes dos prazos legais para evitar a interrupção definitiva da execução do programa. Os profissionais afirmam que o estado de greve representa um alerta às autoridades e à sociedade sobre o risco iminente de descontinuidade dos serviços. Eles cobram transparência, regularização imediata dos pagamentos e garantia dos recursos necessários para assegurar a continuidade do Programa Rio Sem LGBTIfobia. Atualmente, a estrutura do programa conta com mais de 300 profissionais, sendo 282 trabalhadores e 24 estagiários, distribuídos em 24 equipamentos: 20 Centros de Cidadania LGBTI+, três Centros Comunitários e um Polo de Cidadania. Em 2024, o programa realizou 17.643 atendimentos a 11.518 pessoas usuárias. Em 2025, foram registrados 12.470 atendimentos e 4.133 usuários cadastrados. Já em 2026, até o momento, são 3.666 atendimentos e 1.682 pessoas atendidas. Os trabalhadores destacam que os números de 2025 e 2026 ainda são parciais, uma vez que os lançamentos dos atendimentos desses períodos ainda não foram concluídos.	Agência Brasil	direitos-humanos	False
https://agenciabrasil.ebc.com.br/direitos-humanos/noticia/2026-07/estado-pede-desculpas-por-desaparecimento-de-aluno-da-unb-na-ditadura	2026-07-02	Estado pede desculpas por desaparecimento de aluno da UnB na ditadura	Ato reconhece a responsabilidade pelo caso de Paulo de Tarso Celestino	Após quase 45 anos, o governo brasileiro emitiu um pedido público de desculpas pelo desaparecimento de Paulo de Tarso Celestino da Silva , ex-aluno de Direito da Universidade de Brasília (UnB), vítima da repressão da ditadura militar aos 27 anos. O pedido de desculpas foi feito durante cerimônia na UnB, com a participação de familiares e ex-colegas da vítima, da comunidade acadêmica e de membros da Comissão de Mortos e Desaparecidos na ditadura e da Comissão de Anistia. O Ministério dos Direitos Humanos e Cidadania disse que o ato simbólico visa a promover uma reparação tanto a Paulo de Tarso Celestino e a sua família, diretamente lesada pela repressão, quanto uma reparação dirigida a toda a população brasileira. Natural de Morrinhos (GO) e filho de Pedro Celestino da Silva, deputado federal cassado pelo AI-5, Paulo de Tarso concluiu o curso de Direito em 1969. Militante da Ação Libertadora Nacional (ALN), fez pós-graduação na Universidade de Sorbonne, na França. O ex-estudante de Direito foi considerado morto pela Lei 9.140, de 1995, que reconhece a morte de pessoas detidas por agentes públicos durante a ditadura. Informações do portal Memórias da Ditadura , mantido pelo Instituto Vladimir Herzog, com o objetivo de divulgar a História do Brasil no período da ditadura civil-militar (1964 a 1985), relatam que Paulo de Tarso desapareceu em 12 de julho de 1971, após ser capturado, juntamente com Heleny Ferreira Telles Guariba, no Rio de Janeiro, por agentes do DOI-CODI do I Exército. O depoimento de outra ex-presa política, Inês Etienne Romeu, trouxe informações sobre o desaparecimento dos dois. Ela relatou que o ex-estudante foi levado para o centro clandestino mantido pelo Centro de Inteligência do Exército (CIE) em Petrópolis, a chamada “Casa da Morte”, onde passou por várias sessões de tortura. No depoimento, Inês disse que Paulo de Tarso foi torturado por 48 horas pelos carcereiros “Dr. Roberto”, “Laecato”, “Dr. Guilherme”, “Dr. Teixeira”, “Zé Gomes” e “Camarão”. Ele foi colocado no pau-de-arara e obrigado a comer uma grande quantidade de sal, tendo suplicado água durante horas. As investigações da Comissão da Verdade, da Comissão de Mortos e Desaparecidos, a partir de arquivos e relatos de agentes da ditadura, apontam que os corpos dos presos políticos executados na Casa da Morte eram esquartejados, para dificultar a eventual identificação dos restos mortais. Durante a cerimônia, a ministra dos Direitos Humanos e Cidadania, Janine Melo, fez o pedido de desculpas oficial, no qual o Estado brasileiro reconhece a sua responsabilidade pelas graves violações de direitos humanos ocorridas durante a ditadura. Janine afirmou ainda que o momento serve para que o país possa ter acesso à história vivida por Paulo de Tarso e outras vítimas da ditadura militar. “O seu desaparecimento [de Paulo de Tarso] representa uma das faces mais cruéis da violência praticada pelo Estado durante a ditadura militar. A ausência de respostas sobre o seu destino ainda impede a sua família de exercer plenamente o seu direito ao luto e desafia toda a sociedade brasileira na busca pela verdade e pela memória”, disse. Também egressa da UnB, do curso de Ciência Política, a ministra frisou que o ato integra uma série de ações públicas conduzidas pela pasta, voltadas à reparação simbólica das vítimas da ditadura e ao fortalecimento das políticas de memória e verdade no país. “O fim da ditadura militar não significou o fim dos seus efeitos. As marcas da violência de Estado, as ausências jamais reparadas e as estruturas que permitiram graves violações de direitos humanos não desapareceram com a redemocratização. Esses traumas atravessaram gerações e ainda desafiam o Brasil em seu processo de reconciliação com a própria história”, continuou. A reitora da UnB, Rozana Naves, lembrou das agressões sofridas pelas universidades durante a ditadura e disse que a memória de Paulo de Tarso representa a defesa da liberdade de pensamento, a autonomia universitária e a luta contra o autoritarismo. Rozana disse ainda que a defesa da liberdade acadêmica, do pensamento crítico, da organização estudantil e da produção científica comprometida com o Brasil são um legado de gerações que compreenderam a educação como força essencial da construção democrática nacional. “Estar aqui hoje é reconhecer uma ausência, mas também reconhecer uma presença. A ausência de uma vida interrompida pela violência de Estado. A presença de uma memória que segue nos convocando para defender com coragem aquilo que sustenta uma universidade pública: liberdade, pensamento crítico, justiça, democracia e compromisso com o país. As lutas do passado seguem presentes nas condições que temos hoje para ensinar, pesquisar, discordar, criar a participar da vida pública”, disse.	Agência Brasil	direitos-humanos	False
https://agenciabrasil.ebc.com.br/direitos-humanos/noticia/2026-07/proporcao-de-criancas-com-celular-cai-seguranca-e-motivo-mais-citado	2026-07-02	Proporção de crianças com celular cai; segurança é motivo mais citado	Faixa etária de 10 a 13 anos é a única que registrou recuo em 2025	"A preocupação com privacidade e segurança se consolidou como principal motivo para evitar que crianças e adolescentes tenham telefone celular. É o que mostra o módulo temático sobre tecnologia da informação e comunicação da Pesquisa Nacional por Amostra de Domicílios Contínua (Pnad Contínua), divulgado nesta quinta-feira (2), pelo Instituto Brasileiro de Geografia e Estatística (IBGE). No ano passado, a proporção de crianças de 10 a 13 anos que tinham o aparelho caiu pela primeira vez, desde que a pesquisa começou a ser feita em 2016. O IBGE identificou que 55,2% dos brasileiros nessa faixa etária tinham celular, um recuo de 1,5 ponto percentual na comparação com 2024. A principal explicação para essa queda pode estar entre aqueles que ainda não têm celular. O motivo mais alegado foi a preocupação com privacidade e segurança , indicada por 32% dos responsáveis, 7,8 pontos percentuais a mais do que em 2024. A série histórica mostra ainda que essa proporção quase dobrou desde 2022. Naquele ano, o principal motivo alegado pelos pais para que os filhos dessa faixa etária não tivessem celular era o preço elevado do aparelho, seguido pela falta de necessidade e pelo fato de que essas crianças já usavam o celular de outra pessoa. A preocupação com segurança e privacidade aparecia apenas em quarto lugar. O analista do IBGE Gustavo Fontes destaca ainda que o grupo de 10 a 13 anos foi o único que registrou queda na posse de celular em 2025. Nas outras faixas etárias, o crescimento se manteve, fazendo com que esse uso alcançasse 89,8% da população em geral. ""A gente tem visto cada vez mais uma preocupação com a segurança das crianças, com a exposição delas nas redes sociais, por exemplo. A gente teve também em 2025 uma restrição ao uso de celulares nas escolas"", avalia Fontes. Outro dado da pesquisa que fortalece essa avaliação é a ligeira queda no acesso à internet nessa faixa etária, independentemente do aparelho utilizado, de 84,9% para 84,4% . Entre as crianças que se mantêm desconectadas, o principal motivo alegado é a falta de necessidade, mas a preocupação com privacidade e segurança aparece em segundo lugar. Novamente, este foi o único grupo etário a registrar queda, mas a pesquisa também identificou uma estabilidade entre os adolescentes de 14 a 19 anos. Considerando a população geral, o uso da internet subiu de 89,2% para 90,5%. >> Siga o canal da Agência Brasil no WhatsApp Confira as informações sobre a pesquisa no Repórter Brasil , da TV Brasil Outro destaque da pesquisa é o avanço da tecnologia entre os idosos. Em 2025, 74,5% dos brasileiros com mais de 60 anos utilizavam a internet, um aumento de 4,4 pontos percentuais em comparação com 2024 e de mais de 29 pontos em relação a 2019. A proporção dos idosos que têm celular também cresceu de 78,3%, em 2024, para 80,3%, em 2025. Nos dois casos, a análise dos idosos que ainda não estão conectados mostra uma situação diversa da verificada entre as crianças. O principal motivo apontado é não saber utilizar a internet e o celular. Mas, como destaca o analista Gustavo Fontes, é cada vez mais difícil viver fora da rede. ""A internet está cada vez mais inserida no cotidiano. Muitos serviços hoje são feitos pela internet, então existe um certo estímulo para os idosos buscarem utilizá-la."" Essas diversas utilidades também aparecem na pesquisa. Em 2025, 74,2% das pessoas acessavam bancos ou outras instituições financeiras pela internet, por exemplo, uma alta de 14,4 pontos percentuais com relação a 2022. O acesso a serviços públicos pela rede também subiu de 33,2% para 41,1% no mesmo período. Além disso, no ano passado, pela primeira vez, mais da metade da população conectada declarou que compra ou encomenda bens ou serviços pela internet. A proporção, que era de 47,9%, passou para 52,7%. Entre as 12 funcionalidades pesquisadas, a mais frequentes é ""conversar por chamadas de voz ou vídeo"", hábito de 95,3% dos brasileiros que usam a internet. Em seguida, vêm ""enviar mensagens de texto, voz e imagens por aplicativos"", declarado por 90,2%, e ""assistir vídeos, incluindo programas, filmes e séries"", algo feito por 89,3% da população."	Agência Brasil	direitos-humanos	False
https://agenciabrasil.ebc.com.br/direitos-humanos/noticia/2026-07/anistia-conselheiro-quer-que-empresas-paguem-por-apoio-ditadura	2026-07-04	Anistia: conselheiro quer que empresas paguem por apoio à ditadura	Proposta prevê que empresas que apoiaram regime ressarçam a União	Conselheiro da Comissão de Anistia do Ministério dos Direitos Humanos e da Cidadania, Prudente José Silveira Mello defende que as empresas que apoiaram a ditadura militar (1964-1985) devolvam aos cofres públicos parte do dinheiro que o Estado brasileiro vem gastando com indenizações pagas a perseguidos políticos. Relator do processo que resultou no reconhecimento, pela comissão, de que agentes do Estado perseguiram o Sindicato dos Metalúrgicos de São Paulo e Mogi das Cruzes e seus associados, o advogado trabalhista incluiu em seu relatório a recomendação para que o Estado acione a Justiça a fim de estabelecer a corresponsabilidade de companhias nacionais e multinacionais que colaboraram para a repressão e a violação de direitos de trabalhadores. “Considerando que não se mostra juridicamente aceitável que o ônus financeiro dessas indenizações permaneça [sendo] exclusivamente suportado pela sociedade brasileira, quando existirem elementos suficientes a demonstrar que pessoas jurídicas e de direito privado participaram, concorreram ou se beneficiaram diretamente da estrutura repressiva instalada durante a ditadura, recomenda-se que o Estado brasileiro adote medidas institucionais destinadas ao exercício do direito regressivo em face das empresas nacionais e multinacionais que tenham colaborado direta ou indiretamente com a repressão política e com a prática de violações de direitos humanos”, sustentou Mello, durante a sessão plenária da comissão que culminou com o pedido oficial de desculpas ao sindicato. Em entrevista exclusiva à Agência Brasil , o conselheiro destacou que há provas suficientes de que algumas grandes empresas contribuíram de forma sistemática e estrutural para o golpe de 1º de abril de 1964, quando o presidente eleito João Goulart foi deposto. “A ditadura civil-militar contou com o apoio financeiro, econômico e logístico de parte do empresariado nacional e internacional” , afirmou Mello ao voltar a defender a responsabilização civil e financeira das empresas que colaboraram com a execução e manutenção do golpe de Estado. Leia, a seguir, os principais trechos da entrevista que Mello concedeu à Agência Brasi l. Agência Brasil - O senhor pode explicar a recomendação que incluiu em seu voto? Prudente Mello - Sim, mas, antes, é importante uma explicação prévia. O golpe de 1964 não foi um golpe militar. Não se trata de uma ditadura militar, mas sim de uma ditadura civil-militar que contou com o apoio financeiro, econômico e logístico de parte do empresariado nacional e internacional, via multinacionais. Há muitos documentos para sustentar o entendimento de que o empresariado não só foi conivente, como várias corporações ajudaram a financiar o regime e ações militares como a Operação Bandeirante [Oban] . Já no primeiro momento, em 1964, mais de 400 entidades sindicais de todo o país foram atingidas mediante intervenções, cassações e prisões de dirigentes. Agência Brasil – Como agiam as empresas colaboracionistas que o senhor afirma que participaram, contribuíram e/ou se beneficiaram da estrutura repressiva militar a partir de 1964? Prudente Mello – Por meio do conluio. Elas demitiram funcionários grevistas; patrocinaram a elaboração de `listas sujas´ que dificultavam ou impediam a recolocação de trabalhadores demitidos, chegando mesmo a repassar informações aos órgãos de segurança, o que, em alguns casos, resultou em prisões e mortes. E por quê? Por interesse do capital. O intuito empresarial era impedir a organização e a luta dos trabalhadores; suprimir seus direitos de reivindicar melhorias trabalhistas. Agência Brasil – E o que exatamente o senhor propôs em relação a isso? Prudente Mello – Minha recomendação é que, nos casos em que houver provas suficientes para estabelecer que uma determinada empresa contribuiu com a ditadura civil-militar e as graves violações de direitos humanos por agentes do Estado durante o período, o Estado brasileiro busque, na Justiça, responsabilizá-la. E, assim, cobre dela parte do dinheiro público que vem desembolsando para reparar financeiramente a perseguição política. Agência Brasil – De quanto em dinheiro estamos falando? Prudente Mello – Considerando os processos julgados pela Comissão de Anistia e que envolvem a reparação econômica em prestação única ou mensal permanente, já passa de R$ 1 bilhão . O importante não é só a recuperação financeira, mas a responsabilização das empresas que contribuíram para que uma ditadura civil-militar se instalasse e se perpetuasse por 21 anos. Levando essa discussão a cabo, talvez possamos impedir que fatos semelhantes voltem a ocorrer. Agência Brasil – Mas há clima para fazer uma proposta como esta prosperar? Prudente Mello – A resposta a esta pergunta vale um milhão de dólares . Não sei dizer. É um tema duro. Estamos provocando o poder econômico; grandes empresas, especialmente transnacionais que resistem a admitir seus erros – no Brasil e em outros países, como Argentina ou Chile. Agência Brasil – Na prática, como o Estado cobraria a responsabilização destas empresas e a restituição de parte dos valores gastos? Prudente Mello - Instâncias estatais como a Advocacia Geral da União, Procuradoria-Geral da República, Ministério Público Federal ou Ministério Público do Trabalho têm legitimidade para promover essas ações, buscando o chamado direito regressivo do Estado. Mas o que apresentei é uma sugestão, uma recomendação que, primeiramente, precisa passar pelo crivo da Consultoria Jurídica do Ministério dos Direitos Humanos e da Cidadania. Agência Brasil - Existem, na legislação brasileira, mecanismos que permitam à Justiça estabelecer esta corresponsabilidade das empresas e ao Estado cobrar parte dos valores indenizatórios com que vem arcando sozinho? Prudente Mello – Entendo que sim. Podemos ter que enfrentar alguns aspectos, como a questão da prescrição, mas como o Estado brasileiro continua pagando ações decorrentes da perseguição política; como alguns destes casos podem não estar prescritos e como há outros que ainda vão ser julgados, pode ser que o Estado recupere uma parte daquilo que cabe às companhias que contribuíram para as violações. Agência Brasil – Sua recomendação conta com o apoio da comissão de anistia? Prudente Mello – Acredito que sim. Até porque, embora a sugestão em si não tenha sido votada na sessão desta quinta-feira, gerou manifestações favoráveis e nenhuma divergência ao fim da leitura do meu relatório. Arrisco dizer que esta é uma recomendação coerente com o aspecto político. Temos que aprender com a nossa história para impedir que fatos assim se repitam. A democracia é algo que a gente constrói todos os dias. Daí a importância do debate, da propagação de ideias. A Agência Brasil pediu ao Ministério dos Direitos Humanos e da Cidadania que comentasse a recomendação de Mello, mas não recebeu resposta até o momento da publicação desta reportagem.	Agência Brasil	direitos-humanos	False
https://agenciabrasil.ebc.com.br/direitos-humanos/noticia/2026-07/sindicato-dos-metalurgicos-de-sao-paulo-recebe-anistia-politica	2026-07-02	Sindicato dos Metalúrgicos de São Paulo recebe anistia política	Relator do processo sugere que empresas paguem pela repressão	O Estado brasileiro pediu desculpas oficiais ao movimento sindical pelas perseguições e violências que os sindicalistas sofreram durante a ditadura militar (1964-1985). O reconhecimento das graves violações a direitos individuais e trabalhistas que agentes do Estado cometeram durante o período de exceção ocorreu nesta quinta-feira (2), durante sessão plenária da Comissão de Anistia do Ministério dos Direitos Humanos e da Cidadania, que declarou o Sindicato dos Metalúrgicos de São Paulo e Mogi das Cruzes como anistiado político coletivo. “Em nome do Estado brasileiro, a Comissão pede desculpas a todos os sindicalistas, a todo o movimento sindical brasileiro, por todas as atrocidades que lhes causou o estado ditatorial. Ao mesmo tempo, agradecemos por toda resistência deste grande sindicato, que até hoje continua na luta”, declarou a presidente da comissão, a procuradora federal aposentada Ana Maria Lima de Oliveira. Em seu voto, o relator do processo, o advogado trabalhista Prudente José Silveira Mello destacou que militares e apoiadores do golpe cívico-militar de 1964 começaram a perseguir os sindicatos antes mesmo da deposição do presidente eleito João Goulart, em 1º de abril de 1964. Segundo Mello, várias empresas também apoiaram o golpe, “promovendo crimes contra os trabalhadores e a humanidade, ações que também não podem ficar impunes”. “Toda sorte de violência institucional aconteceu decorrente da ditadura civil-militar. Dirigentes e militantes [do Sindicato dos Metalúrgicos de São Paulo e Mogi das Cruzes] foram assassinados”, destacou o relator, recorrendo a um vídeo institucional em que a entidade lembra algumas de suas “perdas irreparáveis: os assassinatos dos “companheiros” Olavo Hanssen (1970); Luiz Hirata (1971); Manoel Fiel Filho (1976); Nelson Pereira de Jesus (1978); Santo Dias (1979), entre outros. “[Olavo] Hanssen, por exemplo, foi morto aos 33 anos nos porões do Departamento Estadual de Ordem Política e Social de São Paulo (Deops-SP) em maio de 1970. Ou seja, a perseguição se estendeu, teve continuidade . E claro que todas as mortes aludindo fatos mentirosos [para tentar esconder a real causa do óbito]”, comentou Mello. Ele sugere que, quando ficar provada a participação e a responsabilidade de empresas na estrutura repressiva da ditadura, essas devem ser obrigadas a arcar com parte dos custos da reparação econômica devida a vítimas individuais da ação estatal . “Considerando que não se mostra juridicamente aceitável que o ônus financeiros dessas indenizações permaneçam exclusivamente suportado pela sociedade brasileira, quando existirem elementos suficientes a demonstrar que pessoas jurídicas e de direito privado participaram, concorreram ou se beneficiaram diretamente da estrutura repressiva instalada durante a ditadura, recomenda-se que o Estado brasileiro adote medidas institucionais destinadas ao exercício do direito regressivo em face das empresas nacionais e multinacionais que tenham colaborado direta ou indiretamente com a repressão política e com a prática de violações de direitos humanos contra trabalhadores, buscando ressarcimento integral ou parcial dos valores desembolsados pela União”, propôs o relator. Saiba mais no Repórter Brasil Tarde, da TV Brasil O representante do sindicato dos metalúrgicos Geraldino dos Santos Silva contou que, desde que chegou em São Paulo, em 1974, e começou a trabalhar em uma metalúrgica, testemunhou abusos contra trabalhadores, em particular contra os sindicalistas . “ Ali eu comecei a conhecer as profundezas da ditadura. Era quase impossível mais de três trabalhadores andarem juntos pelo centro de São Paulo [sem serem abordados pela polícia]. E se você fosse abordado e não estivesse com a carteira profissional ou estivesse desempregado, era considerado vagabundo e levado para a cadeia”, relembrou Silva. De acordo com o sindicalista, o Sindicato dos Metalúrgicos de São Paulo e Mogi das Cruzes tornou-se alvo do regime por ser uma das maiores e mais importantes entidades sindicais, aglutinadora do movimento trabalhista e de resistência democrática. “A gente chegava na porta das fábricas para distribuir o jornal do sindicato ou para conversar com os trabalhadores, logo chegava o Deops, os seus agentes à paisana. E a gente não sabia quem era trabalhador, quem era agente, mas assim que deixávamos o local, era feito um relatório sobre nós, sobre nossas atividades” , lembrou Silva. “Eles [companheiros presos e torturados pela atuação sindical e política] contavam para a gente o que era a tortura. Cruel é pouco. A maioria desses companheiros já faleceu, com sequelas físicas, mas, principalmente, psicológicas”, disse o sindicalista ao elogiar o relatório e a decisão da Comissão de Anistia. “Esta reparação histórica, este reconhecimento a uma instituição que batalhou e sofreu muito, é mais do que justo. É uma honra para nosso sindicato”, afirmou.	Agência Brasil	direitos-humanos	False
https://agenciabrasil.ebc.com.br/direitos-humanos/noticia/2026-07/ufrj-da-diploma-55-anos-depois-da-morte-de-stuart-angel	2026-07-07	UFRJ dá diploma 55 anos depois da morte de Stuart Angel	Cerimônia póstuma foi no Salão Dourado da universidade no Rio	O estudante da Universidade Federal do Rio de Janeiro (UFRJ), Stuart Angel, membro do Movimento Revolucionário Oito de Outubro (MR-8), que lutou contra a ditadura militar no Brasil e, por isso, foi sequestrado, preso, torturado, assassinado e dado como desaparecido político em 1971, aos 25 anos, finalmente, recebeu a conclusão do seu curso, 55 anos após ter sua trajetória interrompida pelos seus torturadores. Nesta terça-feira (7), a UFRJ, onde cursava economia, realizou uma cerimônia no Salão Dourado da universidade, na Avenida Pasteur, Praia Vermelha, zona sul do Rio, para conceder o diploma de bacharelado em ciências econômicas a Stuart Edgard Angel Jones. Até chegar à diplomação póstuma foi um caminho longo que a jornalista Hildegard Angel, irmã de Stuart, e o economista formado no fim do ano passado, Lucas Duda, ex-membro e ex-diretor do Centro Acadêmico Stuart Angel (CASA), do Instituto de Economia da UFRJ, levaram à diante para entregar o pedido ao reitor Roberto Medronho. Lucas contou que a história começou quando Hildegard e Samuel Reis, amigo de Stuart, procuraram o Centro Acadêmico para que fosse feita uma homenagem aos 54 anos de morte, o que ocorreu no dia 14 de maio do ano passado, na presença de amigos, alunos e pessoas da família. Segundo Lucas, foi ali que fez a promessa de se empenhar para que a diplomação ocorresse, inclusive a outros companheiros de Stuart da época e de Sônia Moraes, mulher de Stuart, também torturada e morta na ditadura. “Um tipo de reparação histórica do Estado que tirou a vida do Stuart e agora entrega uma profissão para ele entre aspas”,  falou à Agência Brasil . “Nosso compromisso geral é manter vivo o legado do Stuart para que nos próximos 55 anos, a gente continue lembrando da história dele e o que ele representa para a história do nosso país e tentar motivar as pessoas e os alunos, principalmente os calouros, os mais novos que estão entrando agora”, completou. Hildegard Angel classificou a diplomação póstuma como pitada de vitória de todos que lutaram contra a ditadura. “São várias pitadas de vitórias e essa é uma pitada bem substancial ao longo desse ativismo para manter viva a memória brasileira dos nossos heróis da resistência, dos que lutaram, e ainda se dedicaram e dos que deram suas vidas pela liberdade de você poder falar, pensar e agir. Ter projetos para o nosso país e querer uma sociedade mais justa sem essas enormes agudas diferenças sociais”, disse em entrevista à Agência Brasil. Hilde, como é chamada carinhosamente, disse que ninguém dá a sua vida sem uma forte motivação. “Essa motivação é tão importante e bonita que mesmo tantos anos depois ela me emociona, porque não é comum, não é usual, causa até estranhamento nos contemporâneos que não conseguem entender como um jovem e tantos outros jovens e também velhos se arriscaram e não se deixaram anular pelo medo”, analisou. Ainda emocionada, a jornalista lembrou que a ditadura encerrou a vida de três pessoas da sua família. Além de Stuart, a mãe a estilista Zuzu Angel foi assassinada depois de fazer inúmeras denúncias sobre a morte e desaparecimento do filho, e ainda a cunhada Sônia. “Outras famílias tiveram mais perdas. Isso tem que ser enaltecido porque um país sem heróis não existe. Precisa da motivação dos seus heróis mortos, precisa ter essas referências para ser grande no sentido de nação”, afirmou. “Stuart Angel de certa forma representou para muitos e representa aquele período e aquele martírio como se ele tivesse se ofertado para a imolação. Isso é muito forte e não pode ser omitido da nossa história e apagado. Tem que ser mostrado com sua fisionomia verdadeira”, disse. Para Hildegard, a diplomação é também representativa para a dedicação de sua mãe Zuzu Angel, que por anos buscou o corpo do filho ainda não encontrado. “Ela [a diplomação] mostra a consistência da luta de Zuzu Angel. Resgata esse desejo maternal de proteção aos filhos. Ela foi a essência da missão da maternidade de exigir o corpo de seu filho, já que a morte era confirmada”, concluiu. O reitor da UFRJ, Roberto Medronho, disse que além de uma forma de reparação, a diplomação de Stuart, que entregou a sua juventude lutando pela liberdade democrática do Brasil, é uma parte de memória para os atuais 70 mil alunos de graduação e pós-graduação e serão a futura elite intelectual do país. “É uma forma de lembrar que vivemos este tempo terrível, que não pode mais retornar. Os jovens têm a responsabilidade de não permitir que voltemos a um período tão obscuro da nossa sociedade”, explicou em entrevista à Agência Brasil. De acordo com a UFRJ, o atestado de óbito de Stuart Angel foi retificado em 2019 pelo Estado brasileiro. “O documento passou a registrar oficialmente que sua morte foi violenta e causada pelo Estado, no contexto da perseguição sistemática a opositores da ditadura militar instaurada em 1964”. Além de Stuart, a UFRJ vai homenagear 25 alunos desaparecidos ou mortos pela ditadura e que estudavam em diferentes escolas da universidade. A data da cerimônia ainda não foi marcada, mas o coordenador da Comissão de Memória e Verdade da UFRJ, professor emérito José Sérgio Leite Lopes, que está à frente do processo, acredita que pode ser em agosto, porque antes é preciso concluir os trâmites burocráticos da instituição. O professor informou que três dos que estão na lista, já tinham diploma: Lincoln Bicalho Roque, era docente do IFCS (Ciências Sociais) da UFRJ quando foi morto; Raul Amaro Nin, já diplomado pela PUC-RJ, recém pesquisador na Engenharia da UFRJ; e Solange Loureiro Gomes, graduada na Medicina da UFRJ. “Ela se suicidou por sequelas da prisão e das torturas que sofreu”, disse o professor, acrescentando que ainda está sendo definido, mas é possível que recebam uma medalha póstuma, porque já eram diplomados. A identificação dos alunos foi feita com base no volume 3 do relatório da Comissão Nacional da Verdade, que tem uma lista de mais de 400 mortos e desaparecidos de diversas atividades comprovados pela CNV, entre eles, trabalhadores rurais. “Nós nos baseamos nas minibiografias que estão na lista da Comissão Nacional da Verdade (CNV), que por sua vez já aproveitou a pesquisa pela comissão de mortos e desaparecidos políticos que é uma comissão anterior desde os anos 90 e a CNV foi em 2014”, informou. Lista de mortos e desaparecidos em ordem alfabética que também vão ser diplomados: Adriano Fonseca Fernandes Filho, Ana Maria Nacinovic, Antônio de Pádua Costa, Antônio Teodoro de Castro, Antônio Sérgio de Matos, Arildo Airton Valadão, Áurea Eliza Pereira Valadão, Ciro Flávio Salazar e Oliveira, Fernando Augusto da Fonseca, Flávio Carvalho Molina, Frederico Eduardo Mayr, Guilherme Gomes Lund, Hélio Luiz Navarro, Jana Moroni Barroso, José Roberto Spiegner, Kleber Lemos da Silva, Lincoln Bicalho Roque, Luiz Alberto Andrade de Sá e Benevides, Maria Célia Corrêa, Maria Regina Lobo Leite Figueiredo, Mário de Souza Prata, Paulo Costa Ribeiro Bastos, Raul Amaro Nin Ferreira, Solange Lourenço Gomes Sonia Maria Lopes de Moraes	Agência Brasil	direitos-humanos	False
https://agenciabrasil.ebc.com.br/direitos-humanos/noticia/2026-07/ditadura-estado-pede-desculpas-indigenas-ava-canoeiro-por-abusos	2026-07-02	Ditadura: Estado pede desculpas a indígenas avá-canoeiro por abusos	Comissão declarou povo indígena anistiado político	"O Estado brasileiro pediu desculpas oficiais ao povo indígena avá-canoeiro do Araguaia pelas atrocidades que a etnia sofreu durante a ditadura militar (1964-1985) . O reconhecimento das graves violações aos direitos do grupo hoje reduzido a menos de 40 pessoas ocorreu nesta quinta-feira (2). Durante sessão plenária, a Comissão de Anistia do Ministério dos Direitos Humanos e da Cidadania declarou os Âwa – como também são conhecidos – anistiados políticos coletivos. “Em nome do estado brasileiro, [a Comissão de Anistia] lhes pede desculpas por todas as atrocidades que lhes causou o estado ditatorial. Ao mesmo tempo, lhes agradece pela luta e pela resistência, por sua sobrevivência”, declarou a presidenta da comissão , a procuradora federal aposentada Ana Maria Lima de Oliveira. “A luta de vocês não foi em vão”, acrescentou Ana Maria, dirigindo-se aos representantes dos avá-canoeiro que viajaram a Brasília (DF) e acompanharam a sessão presencialmente. A anistia política coletiva é o reconhecimento oficial de que agentes do próprio Estado perseguiram e violaram direitos de grupos, comunidades e movimentos sociais, por motivação exclusivamente política, durante o período ditatorial. Segundo o Ministério dos Direitos Humanos, a medida visa a preservar a memória histórica, garantir a justiça reparativa e reafirmar o compromisso nacional com a democracia e a promoção dos direitos humanos. Desde 2023, quando a reparação coletiva foi incluída no regimento da Comissão de Anistia, o colegiado já apreciou sete casos de comunidades perseguidas: Em seu voto, o relator do pedido de anistia coletivo aos avá-canoeiro do Araguaia, o conselheiro Manoel Severino Moraes de Almeida, cita documentos da própria Fundação Nacional dos Povos Indígenas (Funai). Segundo ele, os arquivos mostram que, entre as décadas de 1940 e 1960, a comunidade foi alvo da ação de fazendeiros que viam a presença indígena como um “incômodo” à expansão agropecuária no então estado de Goiás. O conselheiro conta que após a sucessão de massacres promovidos por proprietários rurais, a Funai criou, em 1971, uma nova frente de atração indígena, com o objetivo de capturar e pacificar o povo avá. “A atuação estatal, em vez de protegê-los, teria empregado técnicas voltadas à captura; à exposição pública depreciativa, vigilância e remoção compulsória, tornando-os mais vulneráveis.” Almeida acrescentou que, na Ilha do Bananal (TO), os avá-canoeiro foram obrigados a conviver, em situação de minoria, com os javaé, em seus rivais históricos. “Este episódio lançou os avás à condição permanente de cativos de seus inimigos, passando a viver em situação de subordinação e exclusão social, política, econômica e cultural, com impactos persistentes sobre sua organização coletiva e seu modo de vida”, completou o relator, que acolheu recomendações do Ministério Público Federal (MPF), como a conclusão do processo de retirada dos não indígenas da Terra Indígena Taego Ãwa. Localizada na região do médio curso do Rio Araguaia, no Tocantins, foi reconhecida como de ocupação tradicional avá-canoeiro em 2016. A área tem cerca de 29 mil hectares (cada hectare corresponde, aproximadamente, às medidas de um campo de futebol oficial). Presidenta da Associação do Povo Ãwa, Kamutaja Silva Ãwa classificou a decisão da comissão de “histórica”. Tentando conter as lágrimas, ela descreveu sua infância para ilustrar as consequências da privação e do preconceito que seu povo enfrenta há décadas. “Nascer e crescer fora de nosso território não foi fácil. Como não foi fácil os âwa terem que se alimentar com restos de comida. Não foi fácil ser discriminada por viver no território de nossos inimigos históricos; ser uma estudante em uma escola de brancos e ser discriminada por ser indígena.” Filha da matriarca idosa Kawkamy Ãwa, Kamutaja destacou o sofrimento transgeracional que atinge as poucas famílias sobreviventes. “Não é fácil olhar para a minha mãe e saber que ela carrega um sofrimento psicológico muito grande por ter sido privada de ser criança e ter a infância que todo mundo merece. Não é fácil saber que o corpo da minha mãe foi vítima de violências."" Embora reconheça que o pedido de desculpas do Estado brasileiro represente um avanço institucional, Kamutaja ressaltou que a sobrevivência dos avá-canoeiro – hoje reduzidos a menos de 40 pessoas, a maioria crianças e jovens – segue ameaçada pelas barreiras burocráticas do próprio Estado. ""Temos buscado acesso às políticas públicas, o que não é fácil. Todas as vezes, somos barrados pela burocracia. Solicitamos atendimento e nos dizem que é preciso ter um certo número de pessoas, sendo que o nosso povo é o menor do Tocantins. O povo Âwa passou por todo este sofrimento e ainda passa."""	Agência Brasil	direitos-humanos	False
https://agenciabrasil.ebc.com.br/direitos-humanos/noticia/2026-06/estado-pede-desculpa-familiares-de-vitimas-de-violencia-policial	2026-06-30	Estado pede desculpa a familiares de vítimas de violência policial	País reconheceu responsabilidade por violações aos direitos humanos	Em uma iniciativa para enfrentar a ausência de respostas judiciais a crimes cometidos por agentes públicos, o Estado brasileiro reconheceu, nesta terça-feira (30), sua responsabilidade internacional por graves violações de direitos humanos em dois casos em trâmite na Comissão Interamericana de Direitos Humanos (CIDH) . A ministra dos Direitos Humanos e da Cidadania, Janine Mello, pediu desculpas em nome do Estado às famílias de Maicon de Souza Silva e Renato da Silva Paixão em razão de violações de direitos humanos em operação policial ocorrida em 1996, na comunidade de Acari, na zona norte do Rio de Janeiro, que resultou na morte de Maicon, de 2 anos, e deixou Renato, na época com 6 anos, gravemente ferido. Ele ficou sem uma das pernas. A ministra também pediu desculpas à família de José Carlos da Silva, assassinado em 2006, vítima de tortura, enquanto estava sob custódia no sistema prisional fluminense. “Hoje a gente se reúne para a assinatura de dois acordos de cumprimento de recomendações celebrados no âmbito da Comissão Interamericana de Direitos Humanos. Mais que instrumentos jurídicos, esses acordos representam o reconhecimento pelo Estado brasileiro de que graves violações de direitos humanos produziram consequências profundas na vida de pessoas e famílias que jamais deixaram de acreditar na Justiça,“ disse a ministra. >> Siga o canal da Agência Brasil no WhatsApp O procurador-geral de Justiça, Antonio José Campos Moreira, disse que a cerimônia de hoje, na sede do Ministério Público do Rio de Janeiro, reconhece as falhas do Estado na investigação e punição dos responsáveis por essas mortes. “Esse compromisso tem dupla finalidade: reparatória e preventiva. O fundamental é prevenir acontecimentos semelhantes”, afirmou Moreira. Segundo o procurador-geral, no registro de ocorrência do Maicon, constava que a vítima de 2 anos havia oposto resistência à uma ação policial. Somente agora, a Polícia Civil fará a retificação do registro de ocorrência . “Sairá a resistência a ação policial e constará vítima de intervenção estatal, o que é de extrema relevância para a família”. Para a organização Justiça Global, que representa as vítimas, o ato significa uma vitória na busca por verdade e justiça, assegurando medidas de reparação integral e compromissos de não repetição para que outras famílias não enfrentem o mesmo ciclo de violência, injustiça e abandono institucional. A diretora-executiva da Justiça Global, Glaucia Marinho, espera que, mais que um acordo, haja um compromisso das autoridades para enfrentar esse cenário de graves violações. “A gente espera políticas reais e eficientes. Hoje é um dia de luto e de luta”. Os pais de Maicon, José Luiz Faria da Silva e Maria da Penha de Sousa Silva, estiveram presentes à solenidade. “Esse dia é um marco para nós. É muito importante que a mancha na imagem do meu filho saia dele como auto de resistência. Lutei 30 anos por Justiça. O importante é nunca desistir”. A irmã de José Carlos da Silva, Damiana Nascimento de Souza, contou que a mãe, que lutou tanto por Justiça, faleceu há dois meses e não pôde ver a reparação ao filho. “Meu irmão escrevia cartas pedindo socorro porque sofria espancamentos dentro da prisão. Ele foi sepultado como indigente e a família só soube da morte tempos depois”, afirmou Damiana. Saiba mais no Repórter Brasil Tarde, da TV Brasil	Agência Brasil	direitos-humanos	False
https://agenciabrasil.ebc.com.br/direitos-humanos/noticia/2026-07/em-2025-16-mulheres-foram-vitimas-de-crimes-virtuais-por-dia-no-rj	2026-07-01	Em 2025, 16 mulheres foram vítimas de crimes virtuais por dia no RJ	Crimes contra mulheres na internet cresceram 1.300% em uma década	Os crimes de violência psicológica e moral praticados pela internet contra mulheres cresceram mais de 1.300% em uma década no estado do Rio de Janeiro. Em 2025, em média 16 meninas e mulheres foram atingidas por esse tipo de crime por dia, totalizando 5.970 vítimas. Os dados fazem parte do Dossiê Mulher 2026, do Instituto de Segurança Pública (ISP), divulgado nesta quarta-feira (1º). Ao longo de 2025, 159.041 meninas e mulheres sofreram algum tipo de violência no estado do Rio de Janeiro, o equivalente a aproximadamente 18 vítimas por hora. O perfil predominante é de mulheres negras (52,3%), solteiras (47,9%) e jovens entre 18 e 29 anos (29,8%). O estudo traz dados inéditos sobre a disseminação de discursos de ódio e do chamado movimento redpill nas redes sociais, apontando como a misoginia vem se adaptando ao ambiente digital e ampliando diferentes formas de violência de gênero. O termo redpill é utilizado para designar grupo de homens que defendem o discurso do “masculinismo”, em contraposição ao feminismo. Nesses espaços, eles pregam que o homem deve reassumir o domínio e manter a mulher submissa. Em 2015, primeiro ano da série histórica, foram registradas 239 vítimas de violência psicológica e moral cometidas em ambiente virtual. Em 2025, do total de 5.970 vítimas, 3.417 foram de violência psicológica, correspondendo a 57% dos registros - é o quinto ano seguido que esse tipo de violação aparece como a mais recorrente. O levantamento também mostra que os ambientes digitais passaram a ser utilizados para descumprir medidas protetivas de urgência. Em 2025, um em cada dez descumprimentos ocorreu por meio de redes sociais, mensagens por aplicativos e até transferências via PIX utilizadas para monitorar, perseguir ou manter contato com as vítimas. >> Siga o canal da Agência Brasil no WhatsApp O dossiê apresenta uma análise inédita sobre a violência digital e o movimento redpill na plataforma X, antigo Twitter. De acordo com o estudo, há um fortalecimento de discursos misóginos, que se adaptam para difundir conteúdos de ódio e atacar mulheres nas redes sociais, mesmo diante do avanço das políticas de proteção e enfrentamento à violência de gênero. “Infelizmente, a gente vê que o público jovem está sendo muito atraído por esse discurso. Isso é muito triste para a nossa sociedade. A gente está regredindo nesse pensamento misógino, machista e que vai contra todos os ganhos que tivemos recentemente”, avaliou a diretora-presidente do ISP, Bárbara Caballero. Em março, o Senado aprovou um projeto de lei que criminaliza a misoginia . A proposta insere o delito entre os crimes de preconceito e discriminação previstos na Lei do Racismo. A matéria seguiu para análise da Câmara dos Deputados. A violência física permaneceu como a segunda forma de violência mais frequente contra mulheres no estado, com 43.307 vítimas em 2025: uma ocorrência a cada 12 minutos. A lesão corporal dolosa respondeu por 42.363 registros, sendo que, em mais da metade dos casos, os autores eram companheiros ou ex-companheiros das vítimas. As Delegacias Especializadas de Atendimento à Mulher (DEAMs) concentraram 28,3% de todos os registros de violência contra mulheres no estado. As 15 unidades especializadas realizaram, em média, uma denúncia a cada 12 minutos. O estudo aponta, ainda, que 105 mulheres foram vítimas de feminicídio em 2025 no Rio de Janeiro. A maior parte dos crimes ocorreu dentro das próprias residências (83,8%), e os companheiros foram responsáveis por mais da metade dos casos (51,4%). Mais de 70% das vítimas já haviam sofrido violência doméstica anteriormente, mas não procuraram as autoridades para registrar ocorrência. Os dados também mostram que 67,3% dos autores possuíam antecedentes criminais e que 78,2% dos feminicídios tiveram como motivação conflitos relacionados a ciúmes, separação, suspeita de traição ou discussões consideradas banais. Em quase metade dos casos (46,4%), os autores estavam sob efeito de álcool ou drogas. Entre as vítimas, 59% eram mães, e, desse grupo, 71% deixaram filhos menores de idade. A violência sexual atingiu 8.681 meninas e mulheres em 2025. As meninas de 13 anos concentraram a maior parcela das vítimas. Entre os crimes, o estupro de vulnerável apresentou o maior número de registros (3.415 vítimas), seguido pela importunação sexual (2.723) e pelo estupro (1.653). Quase metade das vítimas de estupro de vulneráve l tinha até 11 anos de idade. Em 46,6% dos casos, o crime ocorreu dentro de casa. Mais da metade dos autores era conhecida da vítima, incluindo pais e padrastos em 21,3% das ocorrências. Entre os demais delitos, a importunação sexual cresceu 11,6% em relação ao ano anterior. Já o assédio sexual apresentou redução de 10,3%, enquanto os registros de ato obsceno aumentaram 3,5%. Assista à reportagem sobre a pesquisa no Repórter Brasil Tarde, da TV Brasil	Agência Brasil	direitos-humanos	False
https://agenciabrasil.ebc.com.br/direitos-humanos/noticia/2026-07/oito-em-cada-10-mortes-em-acoes-policiais-sao-negros-mostra-relatorio	2026-07-01	Oito em cada 10 mortos em ações policiais são negros, mostra relatório	No ano passado, número de óbitos aumentou 6,4% na comparação com 2024	"Em 2025, nove estados brasileiros registraram, juntos, 4.330 mortes em decorrência de ações policiais, alta de 6,4% na comparação com 2024. Quase nove em cada dez desses registros – 86,3% ou 3.104 mortes –, envolveram vítimas negras (pretas ou pardas). Os dados constam da 7ª edição do relatório Pele Alvo – entre Racismo e Letalidade, o Amanhã , divulgada nesta quarta-feira (1°) pela Rede de Observatórios, do Centro de Estudos de Segurança e Cidadania (CESeC). O documento reúne dados das secretarias estaduais de Segurança do Amazonas, da Bahia, do Ceará, Maranhão, Pará, de Pernambuco, do Piauí, Rio de Janeiro e de São Paulo. Além do padrão de vítimas majoritariamente negro, chama a atenção ainda a pouca idade dos envolvidos nas ocorrências: 64,8% do total (2.804 mortes) eram jovens com até 29 anos, sendo 310 eram crianças e adolescentes. ""Ao transformar adolescentes de favelas e periferias em alvos preferenciais de um confronto permanente, o aparato policial sabota o futuro de comunidades inteiras."" De acordo com o relatório, em média, os negros têm quatro vezes mais chances de serem mortos pela polícia do que brancos. Essa probabilidade é ainda maior em alguns estados como Pernambuco, onde essa parcela da população tem 11 vezes mais chance de ser vítima de ações policiais, e também no Rio de Janeiro, onde a probabilidade é seis vezes maior. >> Siga o canal da Agência Brasil no WhatsApp Segundo os pesquisadores, mesmo com alterações nas dinâmicas de violência no país, os alvos preferenciais (homens, jovens e negros) se mantêm inalterados. ""A centralidade do racismo, enquanto instrumento de operação de uma lógica hierarquizante da sociedade, segue a sua marcha silenciosa e constante, determinando quem são aqueles que podem e devem ser alvos do aparato estatal."" O relatório chama a atenção para a expansão e a articulação de facções como o Comando Vermelho (CV) e o Primeiro Comando da Capital (PCC) para o Norte e o Nordeste do país, que dominaram o debate de pesquisadores e da imprensa. Os dados do relatório Pele Alvo trazem destaques que ""exigem atenção urgente"". Quatro estados brasileiros registraram o maior número de mortes em decorrência de ações policiais, desde 2019: Ceará (200), Maranhão (142), Pará (632) e São Paulo (834). O Maranhão apresentou alta recorde (86,8%) na comparação com os dados de 2024. Mais da metade das vítimas (56,3%) tinha idade entre 18 e 29 anos. Em sete anos, foram notificadas 628 mortes. Os pesquisadores justificam esse ""aumento explosivo"" em função da mudança na dinâmica do crime: ""Hipóteses para esse fenômeno apontam para a interiorização de facções oriundas do Rio e de São Paulo, que articulam-se com grupos locais, como o Bonde dos 40, na disputa por rotas de escoamento."" O relatório também cita a negligência histórica de governos estaduais no registro dos dados sobre raça e cor. No Maranhão, por exemplo, a falha no detalhamento de perfil étnico-racial das vítimas em 2.023 abrangia 67,7% dos casos, proporção que caiu para 54,9%, mas ainda preocupa os autores do estudo. Embora também tenha registrado uma ligeira melhora nos dados, o Ceará também tem deixado essa lacuna por resolver. A caracterização incompleta das vítimas passou de 77,2% dos casos em 2023, para 57,5% em 2025. Segundo os pesquisadores, após o Maranhão reconhecer o erro e passar a fornecer mais dados, o total de vítimas negras cresceu 22 pontos percentuais, ao passo que no Ceará o aumento foi de aproximadamente oito pontos, o que, ressaltam, consolida o racismo como componente essencial para se compreender a letalidade cometida por agentes da segurança pública. Na Bahia, a letalidade policial atingiu o ápice em 2023, com 1.702 pessoas mortas por agentes de segurança. Apesar da queda no ano passado (1.570 mortes) a equipe que assina o relatório chama a atenção para o fato de que em apenas 19 dos 365 dias de 2025, não houve registro de morte em decorrência de ações policiais no estado que reúne a maior população negra do país, e palco de disputas de mais de 20 facções criminosas. Pernambuco apresentou alta de 30,8% na letalidade policial, em um cenário em que a presença do Comando Vermelho (CV) e do Primeiro Comando da Capital (PCC) também contribuiu para o resultado, na leitura dos especialistas. São Paulo e Pará registraram alta de 2,3% e 12,3% no número de mortes por agentes de segurança. O Amazonas manteve um total de 43 mortes; enquanto o Piauí foi o único estado com recuo no índice (16,67%). Neste estado do Nordeste, a pressão e o controle social exercidos coletivamente, por movimentos sociais, universidades públicas e o Ministério Público do Estado, podem ter influenciado o resultado, como pondera o relatório. Sobre o Rio de Janeiro, que viu o índice subir 13,8%, enfatiza-se que, no âmbito da Operação Contenção , nos Complexos da Penha e do Alemão, 115 mortos foram classificados como “narcoterroristas”. ""A utilização do termo narcoterroristas, assim como a associação desses indivíduos à chamada 'chacina do Alemão', reflete a normalização da violência extrema como elemento estruturante da segurança pública fluminense. Ao mesmo tempo, a caracterização recorrente do Rio de Janeiro como um narcoestado funciona como uma admissão institucional da incapacidade de formular políticas eficazes"", comentam os pesquisadores. Confira alguns destaques de cada estado: Amazonas 75% das mortes foram provocadas pela Polícia Militar 100% das vítimas eram homens Manaus concentrou 37,21% dos casos Bahia 99,6% das vítimas eram homens 12 municípios concentraram metade das vítimas De 365 dias do ano, 346 registraram mortes Ceará 12 municípios registraram 50,5% das vítimas 64% das vítimas tinham entre 18 e 29 anos 57,5% das vítimas não tinham informação de raça ou cor Maranhão 100% das vítimas eram homens 67,6% das vítimas tinham até 29 anos 11 municípios concentraram 50,7% das vítimas Pará 61,4% das vítimas tinham entre 18 e 29 anos 89,7% das vítimas foram mortas pela Polícia Militar 4.028 mortos pela polícia em sete anos Pernambuco Recife concentrou 12,4% das vítimas 1 policial foi morto decorrente de intervenção policial 100% das vítimas eram homens Piauí 55% das vítimas tinham de 18 a 29 anos 85% das vítimas eram negras 65% das vítimas foram mortas em confronto com a PM Rio de Janeiro Aumento de 13,8% no número de vítimas 96,5% das vítimas eram homens A capital registrou 56,3% das vítimas São Paulo Quase 5 mil mortes em sete anos 98,7% das vítimas eram homens A capital teve 30,5% das mortes Os dados de mortes decorrentes da intervenção policial são obtidos junto às secretarias de segurança dos estados e órgãos correlatos por meio de solicitações via Lei de Acesso à Informação (LAI). A Agência Brasil entrou em contato com a pasta de Segurança Pública dos nove estados mencionados no estudo, mas nem todas se pronunciaram. A Secretaria de Defesa Social de Pernambuco (SDS), a quem as polícias estão vinculadas, afirmou que todas as ações realizadas pelas forças de segurança são norteadas por preceitos técnicos, operacionais e legais e protocolos que priorizam a preservação da vida. A pasta nega adotar como critério para autorizar intervenções policiais ""características pessoais, como a cor da pele"" e enumera como procedimentos considerados nesses casos o registro de ocorrências, informações produzidas pelos setores de inteligência, cumprimento de mandados judiciais ou situações de flagrante delito. Na nota encaminhada à reportagem, a SDS disse submeter à sua Corregedoria-Geral casos envolvendo operações que culminam em mortes, para que os fatos sejam apurados, em condução consonante com diretrizes do Ministério Público. E que, quando são identificadas irregularidades, os responsáveis respondem por seus atos, conforme prevê a lei. ""A SDS também destaca que investe permanentemente na formação e no aperfeiçoamento dos profissionais de segurança pública"", informou. ""O fortalecimento das ações de inteligência e o aperfeiçoamento contínuo dos protocolos operacionais também integram a estratégia da Secretaria para reduzir situações de confronto e ampliar a eficiência e a responsabilidade das ações policiais"", conclui. Também em nota da Secretaria de Estado de Segurança Pública, o governo fluminense salientou que o indicador de Mortes por Intervenção de Agentes do Estado (Miae) vem apresentando queda. ""Segundo dados do Instituto de Segurança Pública (ISP), no acumulado de janeiro a maio de 2026, foram registradas 295 ocorrências, uma redução de 12% em relação ao mesmo período do ano anterior. Trata-se do menor número para o período desde 2014"", pontuou. ""Vale destacar que as forças policiais atuam com planejamento e inteligência, porém ressaltamos que os confrontos são provocados pela resistência criminosa, que insiste em atacar as forças de segurança. A Secretaria reafirma seu compromisso com a segurança pública, com a preservação da vida da população fluminense e com o combate permanente ao crime organizado."" Os demais estados não se manifestarem até a publicação desta reportagem. Saiba mais sobre o levantamento no Repórter Brasil Tarde, da TV Brasil"	Agência Brasil	direitos-humanos	False
https://agenciabrasil.ebc.com.br/direitos-humanos/noticia/2026-06/familias-de-vitimas-da-ditadura-recebem-novas-certidoes-retificadas	2026-06-30	Famílias de vítimas da ditadura recebem novas certidões retificadas	Documentos corrigem causa da morte e reconhecem ação do Estado	O Ministério dos Direitos Humanos e da Cidadania (MDHC) entregou nesta terça-feira (30) uma nova remessa de certidões de óbito retificadas de pessoas mortas e desaparecidas durante a ditadura militar brasileira, no período de 1964 a 1985. Esta foi a oitava entrega de certidões corrigidas desde 28 de agosto de 2025. Um total de 95 certidões corrigidas foram emitidas para serem entregues aos familiares na sede do Banco Nacional de Desenvolvimento Econômico e Social (BNDES), no Rio de Janeiro, e 24 foram entregues hoje. A retificação das certidões é realizada também em parceria com o CNJ e o Operador Nacional do Registro Civil de Pessoas Naturais. Familiares das vítimas receberam os documentos. Um deles foi Jorge Thadeu Mello do Nascimento, filho do economista Dilermano Mello do Nascimento. Quando foi morto pela ditadura, no dia 15 de agosto de 1964, Dilermano era diretor do Departamento de Administração e Finanças do Ministério da Justiça. Jorge Thadeu entende que a certidão de óbito corrigida “é o reconhecimento de um procedimento que demorou muito para ser visto pelas autoridades, mas que eu encaro como uma observação que deve ser revista para todas as pessoas (vítimas da ditadura), independente do meu caso”, disse. A jornalista Hildegard Beatriz Angel Bogossian, irmã do estudante de economia da Universidade Federal do Rio de Janeiro (UFRJ) Stuart Edgar Angel Jones, torturado e morto pela ditadura militar, disse que receber a certidão de óbito retificada do irmão dava a ela segurança em relação ao Estado brasileiro. “Significa que o Estado brasileiro está cumprindo a Constituição, os princípios de uma democracia. Isso me dá uma segurança maior como cidadã brasileira”, concluiu. Hildegard foi representada na cerimônia por seu marido, o engenheiro e professor Francis Bogossian. “No momento político que a gente está vivendo, esse evento é fundamental: a lembrança de que ditadura nunca mais”, afirmou Rosângela Lins Tozzi, sobrinha de José Dalmo Guimarães Lins. Preso em 18 de maio de 1970 pelo Departamento de Ordem Política e Social (DOPS), José Dalmo permaneceu detido durante seis meses, enquanto sua esposa, Maria Luiza, ficou no Presídio Talavera Bruce, em Bangu, zona norte do Rio, por mais de um ano. Ambos foram torturados. Depois de libertado, ele se sentia perseguido pelos algozes e acabou cometendo suicídio no dia 11 de fevereiro de 1971. Rosângela foi à cerimônia no BNDES acompanhada da mãe, Liége Guimarães Lins, irmã de José Dalmo. Para ela, a atitude do governo é emocionante. “Acho absolutamente importante essa validação a toda a luta do tio Dalmo e de todos eles que resolveram ir em busca dos seus ideais, como se fosse em nome da pátria e a injustiça que aconteceu com toda uma população que estava indo em busca do que acreditava ser retificada”. A entrega das certidões cumpre a Resolução n.º 7 da Comissão Nacional da Verdade (CNV) e a Resolução n.º 601/2024 do Conselho Nacional de Justiça (CNJ), que determinam a correção da causa de morte indicando ação violenta do Estado. As retificações abrangem pessoas nascidas, falecidas ou desaparecidas no Rio de Janeiro, casos ocorridos no estado e solicitações de familiares que manifestaram interesse em receber os documentos na unidade federativa. A ministra dos Direitos Humanos e da Cidadania, Janine Mello, informou que, em parceria com a Comissão Especial sobre Mortos e Desaparecidos Políticos (CEMDP), foram feitas retificações de todas as certidões de óbito para correção da causa de morte de 434 pessoas desaparecidas ou mortas durante a ditadura militar. “Para a gente, tem sido sempre um evento emocionante, um evento de defesa da democracia, não só de celebração, de encerramento de ciclos e de luta dessas famílias, mas também uma oportunidade de o Estado brasileiro se retratar, pedir desculpas, e avançar na reparação para essas famílias, reconhecendo erros do passado e evitando que eles se repitam no futuro”, disse a ministra. A presidente da CEMDP, Eugênia Gonzaga, informou que a política de retificações foi iniciada em 2018, por recomendação da Comissão da Verdade, que determinava o reconhecimento oficial do Estado. Em 2024, após um período descontinuado, com a reinstituição da Comissão Especial sobre Mortos, conseguiu-se junto ao MDHC e ao CNJ a edição de uma resolução que permitiu retificar as certidões de todas as pessoas até hoje já reconhecidas como vítimas da ditadura militar. “Mais do que um ato burocrático, é um reconhecimento do Estado brasileiro dos seus erros, pela primeira vez formalizados nesse documento. E, para as famílias, é um encerramento de ciclo finalmente”. Integrante da CEMDP, onde representa a sociedade civil, Vera Silvia Facciolla Paiva, filha do ex-deputado federal Rubens Paiva, torturado e morto pela repressão militar em 1971, disse que era particularmente importante essa entrega no Rio de Janeiro, onde seu pai foi assassinado. “Eu estou feliz por ver outras famílias além da nossa receberem essa mudança de certificado que muda a história para essas famílias, na medida em que corrige uma mentira. Ninguém foi morto por uma lei. As pessoas foram assassinadas, depois de presas e torturadas, com os corpos que, inclusive, não foram entregues, como no caso dos desaparecidos”. O presidente do BNDES, Aloizio Mercadante, destacou que, como casa do desenvolvimento, o Banco tem que ter um espaço nobre para tudo que diz respeito à democracia, ao estado democrático, aos direitos humanos. “Esse é um capítulo muito doloroso e importante da história do Brasil”. Mercadante lembrou de sua amizade com Vera Paiva, a quem conhece há 53 anos, acompanhando a família de perto com todas as suas dificuldades após a morte do pai e marido. “O Estado brasileiro tem obrigação de fazer homenagem a essas famílias, junto com a reparação e outras medidas complementares”. Já foram realizadas solenidades para entrega de certidões de óbito retificadas em Belo Horizonte, em São Paulo e em Brasília, em 2025, e em Salvador, em Fortaleza, no Recife, em Natal e no Rio de Janeiro, em 2026. Das 434 certidões aptas a serem retificadas, já foram corrigidas 400. Desde 2025, foram entregues 158 documentos em cerimônias realizadas nessas sete capitais brasileiras. O MDHC esclareceu que a entrega das certidões não tem relação com indenizações, que seguem legislação e procedimentos específicos, independente da retificação dos registros civis. Saiba mais na reportagem do Repórter Brasil Tarde, da TV Brasil As certidões aptas para serem entregues às famílias no Rio de Janeiro pertencem às seguintes pessoas:	Agência Brasil	direitos-humanos	False
https://agenciabrasil.ebc.com.br/direitos-humanos/noticia/2026-06/estado-de-sp-registra-crescimento-de-casos-de-feminicidios-em-2026	2026-06-30	Estado de SP registra crescimento de casos de feminicídios em 2026	Entre janeiro e maio deste ano foram contabilizadas 124 ocorrências	Entre janeiro e maio deste ano, o estado de São Paulo registrou um aumento nos casos de feminicídio, puxado principalmente pelos assassinatos de mulheres ocorridos no interior paulista. Nesse período foram contabilizadas 124 ocorrências de feminicídios no território paulista, contra 107 que foram registradas no mesmo período do ano passado . Grande parte dessas mortes ocorreram no interior, com 85 notificações. Os dados foram divulgados na tarde de hoje (30) pela Secretaria de Segurança Pública do estado de São Paulo. O feminicídio é todo assassinato de mulher caracterizado por violência doméstica ou familiar ou que ocorre por menosprezo e discriminação à condição de mulher. Para a secretaria, os dados acumulados do ano “mostram que o enfrentamento ao feminicídio segue como um desafio permanente para as forças de segurança e para toda a rede de proteção às mulheres.” Considerando-se apenas o mês de maio, no entanto, houve queda nos casos de feminicídio, que passaram de 26 para 18 notificações na comparação com o mesmo mês do ano passado. A redução foi mais expressiva nos municípios do interior do estado, que passaram de 15 ocorrências para nove. “Nenhum caso de feminicídio é aceitável. Por isso, temos investido em ações preventivas, no fortalecimento dos canais de atendimento e na capacitação permanente dos policiais para acolher e proteger as vítimas. A redução registrada em maio é um resultado importante, mas seguimos atuando de forma incansável para preservar vidas e garantir que as mulheres se sintam seguras para denunciar qualquer tipo de violência”, disse a coronel Glauce Anselmo Cavalli, comandante-geral da Polícia Militar. Para a delegada Cristiane Braga, que coordena as Delegacias de Defesa da Mulher do estado de São Paulo, é preciso incentivar as pessoas a denunciar a violência doméstica e familiar. “O feminicídio normalmente é o último estágio de uma sequência de violências que, muitas vezes, já vinha sendo praticada contra a mulher. Se não há denúncia, não temos como saber que há um problema ali”, disse em nota. “Quanto mais cedo essa vítima consegue acessar os canais de atendimento e denunciar o agressor, maiores são as chances de interromper esse ciclo e evitar uma tragédia. Por isso, trabalhamos continuamente para ampliar o acesso das mulheres aos serviços especializados e garantir que elas encontrem acolhimento e proteção”, acrescentou a delegada. Além dos feminicídios, o estado de São Paulo também registrou aumento no total de estupros entre janeiro e maio deste ano. Neste mesmo período do ano passado, o estado havia recebido um total de 6.219 notificações relacionadas a esse tipo de crime. Neste ano, o total passou para 6.500 ocorrências. Só no mês de maio foram registradas 1.320 ocorrências, contra 1.183 casos notificados em 2025. Em maio deste ano, o estado de São Paulo registrou 163 homicídios dolosos ou intencionais, menor número para o mês da série histórica, iniciada em 2001. No mesmo mês do ano passado foram contabilizados 190 casos. No acumulado do ano, entre janeiro e maio, o estado somou 970 ocorrências, o menor patamar da série e a primeira vez que o indicador ficou abaixo de mil casos durante esse intervalo. Em 2025, foram registradas 1.028 ocorrências de homicídios nesse mesmo período. “A redução consistente dos índices criminais em São Paulo é resultado direto de uma atuação orientada por dados”, disse, em nota, o secretário da Segurança Pública, Osvaldo Nico Gonçalves. “Intensificamos o combate ao crime organizado em todas as regiões, ampliamos o uso de tecnologia e fortalecemos o trabalho integrado das polícias.” Quanto aos latrocínios – os chamados roubos seguidos de morte, eles se mantiveram estáveis no resultado do mês, com sete ocorrências, mesmo número registrado em maio do ano passado. No acumulado do ano, houve queda nesse indicador, que passou de 58 ocorrências em 2025 para 38 entre janeiro e maio deste ano.	Agência Brasil	direitos-humanos	False
https://agenciabrasil.ebc.com.br/direitos-humanos/noticia/2026-06/mpf-assegura-que-candidatos-com-autismo-concorram-vagas-no-ibge	2026-06-30	MPF assegura que candidatos com autismo concorram a vagas no IBGE	Ao todo, 354 pessoas garantiram inscrição em concurso	O Ministério Público Federal (MPF) assegurou o direito de 354 candidatos com Transtorno do Espectro Autista (TEA) a concorrerem às vagas reservadas para pessoas com deficiência (PCD) nos processos seletivos simplificados do Instituto Brasileiro de Geografia e Estatística (IBGE). As vagas são para os cargos de agente de pesquisas e mapeamento e de supervisor de coleta e qualidade. A procuradora da República Marina Filgueira instaurou a investigação a partir da representação de um candidato diagnosticado com TEA que teve sua inscrição na modalidade PCD indeferida sob o argumento de que seu laudo médico não indicava a data de início da doença, conforme exigido pelo edital. Para o MPF, a exigência configurava uma barreira intransponível e tecnicamente incompatível com condições congênitas e permanentes do neurodesenvolvimento, apresentando contornos de discriminação técnica e de violação das normas de proteção às pessoas com deficiência. >> Siga o canal da Agência Brasil no WhatsApp Para evitar a violação de direitos coletivos, o MPF fez gestões junto ao IBGE e à Fundação Getulio Vargas (FGV), responsável pela organização do concurso. A FGV reconheceu o equívoco das cláusulas limitadoras e publicou as listas de deferimento das inscrições dos candidatos que haviam sido irregularmente excluídos. Ao todo, 354 candidatos foram reintegrados às listas oficiais de inscritos na condição de pessoa com deficiência, distribuídos em dois certames. Para a procuradora Marina Filgueira, o resultado mostra que os instrumentos de tutela coletiva podem resolver conflitos de forma eficaz, sem necessidade de ação judicial. “Ao obter o resultado útil de forma inteiramente administrativa, o MPF evitou a judicialização desnecessária, garantiu o cronograma dos concursos e assegurou um tratamento equânime com a imediata regularização da situação dos candidatos que haviam sido prejudicados”, disse. Os novos atos de inclusão no resultado definitivo de inscrição na condição de pessoa com deficiência já foram formalmente publicados nos portais oficiais da FGV.	Agência Brasil	direitos-humanos	False
https://agenciabrasil.ebc.com.br/direitos-humanos/noticia/2026-06/policia-legislativa-proibe-bandeira-lgbtqia-em-gramado-do-congresso	2026-06-28	Polícia legislativa proíbe bandeira LGBTQIA+ em gramado do Congresso	Grupo relata que agentes foram hostis e mandaram recolher	"Neste domingo (28), Dia do Orgulho LGBTQIA+, ativistas da causa foram proibidos, por policiais legislativos da Câmara dos Deputados, de estender a bandeira do movimento no gramado em frente ao Congresso Nacional, em Brasília. A bandeira com as cores do arco-íris, de aproximadamente 50 metros de comprimento, foi levada por ao menos 20 ativistas que pretendiam realizar um ato pacífico no local. Segundo o ativista Michel Platini, o grupo chegou antes das 10h e, assim que a bandeira foi estendida inteira no gramado, policiais legislativos chegaram em viaturas. “A polícia veio de uma forma violenta para gente. Nós nos ajoelhamos e mostramos que estávamos desarmados e que não haveria confronto”. Platini explicou aos policiais que a bandeira era um símbolo para representar a comunidade LGBTQIA+ e o orgulho. “É nosso orgulho em resposta às violências”. Platini testemunha que os policiais alegaram não haver autorização para o ato. “A Constituição garante que a gente realize uma manifestação pacífica e a gente informou com mais de 24 horas de antecedência”, disse. Os ativistas garantem que pediram autorização para o ato na última semana. “Reprimiram o ato sem justificativa. Eles não pararam os atos antidemocráticos de 8 de janeiro (de 2023), que promoveram destruição, mas nos pararam porque estávamos com uma bandeira”. Para Michel Platini, essa expressão de hostilidade materializa a violência estatal contra a comunidade. O ativista diz que o Grupo Estruturação e o Centro Brasiliense de Defesa dos Direitos Humanos do Distrito Federal, do qual ele faz parte, pretendem entrar com representação na Câmara para pedir investigação da conduta dos policiais ao obstruírem uma ação legítima. Outro ativista presente ao ato, o design Rafael Lira, de 39 anos, lamentou o episódio e disse que o grupo ficou assustado com a presença das viaturas e com a abordagem dos policiais. “Foi uma confusão que os policiais proporcionaram. Queríamos fazer um ato pacífico em nome da visibilidade de nossa luta"". Ao tomar ciência do episódio em um encontro de ativistas em Brasília, nesta tarde de domingo, o deputado distrital Fábio Felix, presidente da Comissão de Defesa dos Direitos Humanos da Câmara Distrital do DF, disse que pedirá explicações sobre a abordagem dos policiais legislativos. A reportagem da Agência Brasil buscou esclarecimentos com a assessoria de comunicação da Câmara dos Deputados, mas não obteve retorno até o momento. O espaço está aberto para a participação."	Agência Brasil	direitos-humanos	False
https://agenciabrasil.ebc.com.br/direitos-humanos/noticia/2026-06/orgulho-lgbt-pessoas-trans-celebram-projeto-de-inclusao-pelo-futebol	2026-06-28	Orgulho LGBT: pessoas trans celebram projeto de inclusão pelo futebol	Professor explica que atividade excede a finalidade esportiva	“Meninas de um lado. Meninos de outro”. Na escola ou na faculdade de educação física, o educador físico brasiliense Loeh da Silva Araújo, de 32 anos, homem trans, não esperava esse tipo de orientação. “E agora?”, se perguntava. Hoje, o professor, como repudia a exclusão, abraçou um projeto que reúne pessoas trans masculinas e femininas para jogar futebol em espaços públicos no Distrito Federal. “ Mas é muito mais do que futebol. Conversamos, nos unimos, cuidamos da nossa saúde mental, nos conhecemos e não nos sentimos mais solitários”, diz o professor. Ele participou, neste domingo (28), de uma celebração do Dia do Orgulho LGBTQIA+ no centro de Brasília. No evento, aproveitou para pedir visibilidade ao projeto “Instituto Menines Bons de Bola”, que se reúne às quintas e domingos em nome de pertencimento, um “golaço” dentro e fora das quadras. Já são 150 pessoas inscritas. Para ele, é fundamental garantir espaço de visibilidade, representação e união para um público que lida diariamente com hostilidades e processos de exclusão. O coordenador do núcleo trans do grupo ativista Estruturação, Ceu Otaviano, de 37 anos, avalia que pessoas trans têm sido excluídas de práticas esportivas. “O projeto do futebol ajuda na saúde mental de muitas pessoas”. Entre as participantes, a lojista Mayura Kali, de 24 anos, gostaria de ter mais tempo para a prática esportiva, mas ainda trabalha em escala de seis dias trabalhados para um de descanso (6x1). “Mas quando chego no futebol, tudo fica melhor. Já me destaquei no gol. Agora sou atacante. No futebol, posso ter conversas que não tenho no trabalho”. Da mesma forma, a autônoma Lilith Lunar, de 25 anos, que trabalha como artesã e bartender. “Esses encontros que nos proporcionamos nos fortalecem para o dia a dia da vida da gente, que é tão difícil”. O professor Loeh lamenta que recebe das participantes um retorno que muitos não gostavam das aulas de educação física da escola, porque quadras e vestiários eram reconhecidos como espaços de violência, incluindo de agressões físicas a bullying. “Precisamos escolher os espaços que frequentamos para que sejam de construção e que a gente possa se blindar das violências”, afirma. O professor diz que, enquanto as pessoas esperam a hora de jogar, durante os revezamentos em quadra, podem desabafar. “Piadinhas ou apelidos não autorizados são proibidos na nossa atividade”. Para o professor, o projeto mostra que a população tem possibilidades de viver e se divertir. “Não é só estar vivo. Além de uma época de luta, é tempo comemoração também”. Entre as pessoas que celebravam a data, outro atleta era Daymon Luiz, de 27 anos, que ama o futebol e trabalha em uma rede de bares no Distrito Federal. Ele, que já teve uma gestação, é pai de uma menina de três anos de idade. “Eu a levo para o futebol e também para os nossos atos. Ela é uma menina preta e já conversamos com ela sobre diversidade. Espero que, quando ela crescer, o mundo seja bem melhor”.	Agência Brasil	direitos-humanos	False
https://agenciabrasil.ebc.com.br/direitos-humanos/noticia/2026-06/ipea-atualiza-plataforma-antirracista-no-servico-publico	2026-06-27	Ipea atualiza plataforma antirracista no serviço público	Inclua foi elaborada a partir de pesquisas do instituto	Está no ar a nova versão da Plataforma de Recursos Pró-Equidade em Políticas Públicas, a Inclua, desenvolvida pelo Instituto de Pesquisa Econômica Aplicada (Ipea), para melhorar a qualidade do atendimento da população negra no serviço público . A plataforma foi elaborada a partir de pesquisas e análises elaboradas nos últimos anos pelo Ipea, sobre desigualdade racial e racismo, um repositório de mais de 500 publicações. O recurso traduz o conhecimento para o dia a dia e ajuda a identificar como e quando grupos tradicionalmente excluídos têm dificuldades de acessar serviços públicos. “É no cotidiano das interações das pessoas com os serviços públicos, que essas desigualdades podem ser mitigadas ou reforçadas”, assinala Roberto Pires,  técnico de Planejamento e Pesquisa do Ipea, doutor em Políticas Públicas e coordenador da plataforma desenvolvida em parceria com o Ministério da Igualdade Racial. Segundo Pires, a Inclua deve ser utilizada por gestores públicos para identificar situações que possam perpetuar discriminação racial. O recurso, diz o coordenador, “oferece alguns materiais que inspiram ações para aprimorar a equidade, o acesso e a inclusão. A Inclua foi criada em 2022. A nova versão acrescenta a aba Temáticas, que reúne instrumentos de diagnóstico de riscos de exclusão racial em políticas e serviços públicos. Também foi incorporado um assistente de inteligência artificial que auxilia a elaboração de planos de ação , e a Coleção Gestão Pública Antirracista, composta por materiais de apoio destinados a gestores e equipes da administração pública. Toda a administração pública direta ou indireta, seja federal, estadual ou municipal; os poderes Executivo, Legislativo e Judiciário, nos três níveis da Federação, e até empresas que prestam serviço para o Estado podem utilizar a plataforma no portal do Ipea . A Inclua dispõe de tutorial que orienta o uso. Conforme Roberto Pires, “a Inclua é voltada para estimular o uso autônomo de suas ferramentas.” O coordenador disse que a plataforma Inclua “é dinâmica” e “continuará sendo aperfeiçoada”, inclusive com as contribuições dos usuários, que podem enviar seus comentários para o e-mail da Inclua .	Agência Brasil	direitos-humanos	False
https://agenciabrasil.ebc.com.br/direitos-humanos/noticia/2026-06/em-evento-drag-rita-von-hunty-ataca-capitalismo-de-plataforma	2026-06-27	Em evento drag, Rita von Hunty ataca “capitalismo de plataforma”	Personagem é interpretado por professor Guilherme Terreri	Personagem do professor Guilherme Terreri, pesquisador em literatura e ciências sociais, a palestrante Rita von Hunty criticou as práticas atuais do que ela chamou de “capitalismo de plataforma”, termo relacionado às relações de trabalho por meio de plataformas digitais. A um público formado majoritariamente por estudantes de ensino médio de Brasília (DF), a aula, no Centro Cultural Banco do Brasil (CCBB), marcou a abertura do Fest Drag 2026, que tem programação durante o final de semana. Domingo (28) é Dia do Orgulho LGBT. Rita von Hunty explicou ao público que o capitalismo de plataforma é caracterizado por rotinas sem direitos, como horários de descanso ou férias. “O capitalismo de plataforma remonta ao primeiro momento de acumulação do capital. Esses trabalhadores não têm mais jornada ou local de trabalho”, lamentou. Ela avaliou que os trabalhadores de aplicativo experimentam uma realidade similar ao feudalismo. “Eles estão pagando para usar as ferramentas que vão usar para trabalhar, inclusive a internet. Eles estão pagando para trabalhar”. Haveria assim uma nova classe de trabalhadores sem perspectivas. Rita von Hunty alertou também que as redes sociais proporcionam espaços reduzidos de discussão ou reflexão. Por isso, teria diminuído também a capacidade de escutas e discussões adequadas. Para ela, tem sido cultivado mais o ódio do que a conversa. “Ou você curte ou você bloqueia. São os sentimentos antidemocráticos. Não há possibilidade de espaço democrático sem a possibilidade de escuta atenta, leitura aprofundada e dissenso”, afirmou. Ela ponderou que consensos praticamente não existem na democracia porque deveria haver pressupostos de pluralidades e dissensos. Ela disse ao público que a rede social é uma empresa com visão de lucro. “Todas as redes sociais já sabem que a forma mais cabal de dar lucro é produzindo afetos irracionais. Quem viraliza com mais facilidade na rede? Afetos irracionais”. Além do trabalho, Rita citou que a era da comunicação das plataformas fez crescer discussões desprovidas de conteúdos políticos. Os usuários das redes teriam erguido inimigos imaginários em guerra. “A gente só vai conseguir sair dessa mais ou menos ileso se a gente voltar a sustentar entre nós os espaços que fomentam debate, aprofundamento, dissenso, conversa e garantias de direitos para as minorias”, disse. Para ela, há uma experiência de condução ao isolamento. “Nós precisamos recusar a resposta fácil, insistir no pensamento crítico. Recusar a sensibilidade imediata e investir nas formas mais perenes de afeto”. Em entrevista à Agência Brasil, Rita von Hunt defendeu o engajamento dos jovens para a defesa da democracia. No entanto, ela chama a atenção para o fato de que há fenômenos de violência na juventude, inclusive contra a mulher. “A gente está vendo, por exemplo, uma crescente violência masculina nas gerações mais novas”. Por outro lado, ela explica que há esperança em manifestações relacionadas à conscientização sobre os danos da inteligência artificial e das mudanças climáticas. Outra preocupação manifestada na entrevista é relacionada ao avanço das bets , os sites de apostas esportivas. “Não há nenhum motivo para que as bets operem nesse país da forma que operam”. Para ela, as bets estão atuando para a dilapidação do patrimônio das pessoas e do poder de compra das classes mais baixas. Nesse cenário atual, ela entende que falar em democracia no Brasil é “otimismo”. “Estado Democrático de Direito em um país que tem genocídio de população preta não é possível”. Rita disse que é preciso combater todas as formas de opressão, como as visões machistas, misóginas, capacitistas e LGBTfóbicas. “Eu faço isso como drag , entre drags , entre não drags. Hoje a gente fez um evento com estudantes do ensino médio. É a minha semente de vida. O que eu almejo deixar de legado é o combate a esses discursos de destruição”. O evento, realizado pelo Distrito Drag, continua no CCBB Brasília neste final de semana de forma gratuita. Estão previstas apresentações de artistas como Sandra Sá, Majur e Lorena Simpson. Confira a programação no site do evento . A programação ainda conta, na programação, com performances de artistas como Dacota Monteiro e Las Bibas. A classificação indicativa é livre é livre. Rita von Hunty é a apresentadora da série Como Nascem os Heróis , exibida pela TV Brasil. Composta por 10 episódios, a série investiga a construção histórica e simbólica dos personagens inscritos no Livro de Aço de Heróis e Heroínas da Pátria, no Panteão da Pátria, em Brasília (DF). A produção propõe um diálogo crítico sobre as biografias de figuras como Zumbi dos Palmares, Anita Garibaldi e Getúlio Vargas, utilizando uma linguagem ágil que mescla reflexão histórica, humor e ironia. >> Assista aqui a série Como Nascem os Heróis	Agência Brasil	direitos-humanos	False
https://agenciabrasil.ebc.com.br/direitos-humanos/noticia/2026-06/parada-lgbtqia-no-rio-defende-mais-representantes-no-legislativo	2026-06-28	Parada LGBTQIA+ no Rio defende mais representantes no Legislativo	Lema é chamar para eleição de pessoas comprometidas com o movimento	"O Dia Internacional do Orgulho LGBTQIA+ foi comemorado neste domingo (28) pela 4ª Parada LGBTQIA+, na Lapa, região central do Rio de Janeiro, com o tema ""Nosso Orgulho Também se Defende nas Urnas"". Um manifesto será lançado durante o ato estimulando a presença de mais representantes da população LGBT no Congresso Nacional. Ao ocupar os Arcos da Lapa, a parada teve, além da celebração, como objetivo ser um espaço de mobilização social, fortalecimento comunitário e enfrentamento às violências históricas que atingem pessoas dessa comunidade (travestis, transexuais, pessoas trans periféricas, lésbicas, bissexuais, intersexo). A fundadora da Casa Nem, Indianarae Siqueira, destacou a necessidade de se eleger pessoas que, de fato, entendam as demandas da comunidade. “Como estamos em um ano eleitoral, o povo será, mais uma vez, chamado a decidir os rumos do país. Mas não basta eleger governos. Nós precisamos eleger parlamentares comprometidos com a democracia, os direitos sociais, a vida do povo. Não queremos parlamentares inimigos do povo e amigos de banqueiros”. Indianarae Siqueira assegurou que a luta é também por uma vida digna para a classe trabalhadora, entre elas as pessoas LGBTQIA+ que têm trabalhos precarizados. “Defendemos o fim da escala 6 x 1 e um salário mínimo digno de R$ 2 mil ainda este ano para os trabalhadores brasileiros e condições justas para as pessoas autônomas e profissionais informais”. O manifesto reivindica também a empregabilidade trans, educação e saúde pública de qualidade, políticas públicas humanizadas e acesso universal aos direitos básicos. Os coletivos que assinam o documento reivindicam segurança para as mulheres, pessoas negras e periféricas e LGBTQIA+, “para que possam ser vistas dentro dessa segurança e não como problema na segurança, nem como réus e criminosos porque, historicamente, essas são as pessoas mais atingidas pela violência"". Indianarae Siqueira garantiu que os eleitores LGBTQIA+ irão às urnas em outubro para defender a democracia e contra golpistas. “Nossos corpos são políticos, nosso voto é resistência”, disse. Marcio Villard, coordenador do Grupo Pela Vidda do Rio de Janeiro, destacou que a comunidade LGBTQIA+ ainda enfrenta vários problemas devido à não existência de leis sobre direitos dessa população. ""Nós não temos, através do Legislativo, nenhuma lei. A gente tem garantias através da Justiça, do Supremo Tribunal Federal (STF), de decisões de juízes nos estados. Precisamos ter, como a Argentina e a Colômbia têm, leis aprovadas pelo Legislativo que garantam direitos"", disse, ao citar a LFGBTfobia que passou a ser equiparada ao crime de racismo, a partir de 2019, após decisão do STF, ""mas que, na prática, não funciona”. Márcio Villard ressaltou o aumento anual de assassinatos e casos de violência cometidos contra as pessoas LGBTs, e que, segundo ele, são subnotificados pelas autoridades policiais. ""Parece que não acontece, quando, na verdade, acontece todos os dias”. Ele mencionou ainda retrocessos recentes para a comunidade LGBT, como proibição de terapia hormonal antes dos 21 anos e tentativa de proibir a realização das paradas em vias públicas e sem a participação de crianças e adolescentes. “Nós somos uma democracia. Existem famílias de LGBTs que têm filhos”. A 4ª Parada LGBTQIA+ foi organizada pelos movimentos sociais CasaNem, Grupo Transrevolução, Fórum Estadual de Travestis e Transexuais do Rio de Janeiro (Fórum TT RJ), Marcha Trans RJ, Liga Transmasculina Carioca João W. Nery, coletivos trans das universidades Federal Fluminense (UFF), Federal do Rio de Janeiro (UFRJ) e do Estado do Rio de Janeiro (UERJ), Associação de Gays e Amigos de Nova Iguaçu e Mesquita (AGANIM), Artgay, BrCidades-Rio, Fórum LGBT de Maricá, Frente LGBTIA+, Grupo Pela Vidda e o Coletivo LGBTI+ do Movimento Negro Unificado (MNU LGBT). Um festival de pipas abriu o evento, no Aterro do Flamengo, organizado pelo Grupo Arco Íris, seguido do piquenique do Orgulho, Amor e Direitos, também com o Grupo Arco Íris, na Praça Paris. Houve ainda teste rápidos de HIV e de infecções sexualmente transmissíveis (ISTs), distribuição de camisinhas e gel lubrificante. Além disso, 30 empreendedores LGBTQIA+ mostraram sus produtos e serviços em uma feira."	Agência Brasil	direitos-humanos	False
https://agenciabrasil.ebc.com.br/direitos-humanos/noticia/2026-06/restos-mortais-de-grenaldo-silva-morto-pela-ditadura-sao-sepultados	2026-06-26	Restos mortais de Grenaldo Silva, morto pela ditadura, são sepultados	Cerimônia ocorre 54 anos após sua morte em São Paulo	“Descanse em paz, pai!”, foi a mensagem que Grenaldo Mesut mandou gravar para o seu pai, que foi colocada em uma coroa de flores repleta de rosas, gérberas brancas e alstroemerias, e que foi depois posta no pequeno caixão onde os restos mortais de seu pai finalmente descansam. Morto em 1972 pela ditadura militar brasileira e enterrado como indigente na vala clandestina do Cemitério Dom Bosco, em Perus , na capital paulista, os restos mortos de Grenaldo de Jesus da Silva, pai de Grenaldo Mesut, foram finalmente sepultados na manhã desta sexta-feira (26), em São Paulo, enquanto o público presente entoava a canção Pra Não Dizer que Não Falei das Flores , de Geraldo Vandré. Foi “caminhando e cantando” que eles saíram em cortejo pelo cemitério e, 54 anos após a sua morte, puderam finalmente enterrar o caixão com os restos mortais de Grenaldo na sepultura 105, na gleba 1, quadra 2, do Cemitério Dom Bosco, e que foi cedida pela concessionária Cortel, que administra o cemitério. E para que o país não se esqueça das vítimas da ditadura, uma imensa placa foi colocada na sepultura com uma foto de Grenaldo e um texto informando quem foi ele e a data em que foi morto, seguido pela mensagem de seu filho: “Podia ser diferente, não é, meu pai?”. A cerimônia de sepultamento é resultado dos trabalhos da Comissão Especial sobre Mortos e Desaparecidos Políticos (Cemdp), do Ministério dos Direitos Humanos e da Cidadania (MDHC), pela Comissão de Familiares de Pessoas Mortas e Desaparecidas Políticas de São Paulo, pela Concessionária Cortel e pelo Centro de Arqueologia e Antropologia Forense da Universidade Federal de São Paulo (Caaf/Unifesp). Antes do sepultamento, o filho de Grenaldo - que carrega seu mesmo nome - fez uma emocionante homenagem ao pai, que ele pouco pôde conhecer. “Para mim é uma felicidade muito grande, é uma mistura de emoções, mas eu estou muito feliz”, disse Grenaldo ao lado da filha e da esposa. “E que essa felicidade possa também ser passada aos outros que estão ainda na luta buscando os seus entes queridos e seus familiares. E que um dia eles possam ter a mesma felicidade que eu estou tendo, de poder dar um lugar digno para o meu pai, que foi um herói dessa nação”, completou. Emocionado, Grenaldo não conseguiu ler a mensagem que havia escrito junto da filha para o momento. E que acabou sendo lida por sua filha. “Hoje eu me despeço de alguém que nunca pôde realmente fazer parte da minha vida. Existem dores que nascem da convivência e outras que nascem da ausência. A sua ausência atravessou décadas, gerações e histórias que nunca puderam ser vividas e mesmo assim, senti falta de todos esses momentos que nunca tive”, escreveu. “Perder alguém que nunca as teve parece impossível de se explicar. É sentir falta de conversas que não aconteceram, de abraços que não vieram e de memórias que não puderam ser construídas. Ainda assim, sua existência permaneceu viva na espera, na busca e na esperança de que um dia eu o encontraria”, prosseguiu na mensagem. “Mesmo que não fosse da maneira que eu imaginei. Hoje dou um lugar à memória, ao luto que ficou suspenso e a história que insistiu em permanecer. Que esta despedida traga a possibilidade do descanso que eu não pude ter durante todos esses anos e que o senhor, meu pai, possa finalmente encontrar esse descanso e, desta vez, de uma forma digna, honrada e justa, assim como imagino que o senhor tenha sido em vida”, concluiu. A ministra dos Direitos Humanos e da Cidadania, Janine Mello, acompanhou o sepultamento. “[Este momento] tem um profundo significado para a história do Brasil” e “significa um grande avanço para o Estado brasileiro”, disse. “A gente quer garantir não só o direito à memória, mas à verdade, à reparação e à justiça. Esse sepultamento para a gente tem um simbolismo muito grande, principalmente por ser realizado no dia de hoje, que é o Dia Internacional de Apoio às Vítimas da Tortura. Isso mostra o compromisso do nosso governo em não aceitar que a tortura seja uma prática possível dentro do nosso país em nenhum outro momento”, disse a ministra à reportagem. Janine Mello disse que o governo federal pretende continuar investindo recursos nos trabalhos de identificação dos mortos pela ditadura militar, que permitiu que Grenaldo pudesse ser enfim sepultado. “A gente ainda tem um longo caminho pela frente. A gente já conseguiu alguns avanços importantes aqui em relação à alteração das certidões de óbito. A gente tem tido também avanço na identificação de vítimas da ditadura. Hoje a gente avança do ponto de vista simbólico com esse sepultamento, mas temos um plano de ação pela frente que vai nos demandar muito trabalho e muito esforço, mas que estamos muito comprometidos a fazer”, afirmou. Para a procuradora da República Eugênia Augusta Gonzaga, presidente da Comissão Especial sobre Mortos e Desaparecidos Políticos, a cerimônia ajuda a devolver alguma dignidade para as famílias que foram vítimas das violências provocadas pela ditadura militar brasileira. “Isso devolve a dignidade para esses corpos que foram escondidos e que ficaram aqui no meio da lama, e também devolve para as famílias a esperança de um dia poder fazer esse sepultamento”, disse. “Esse é um momento de valor imensurável para a família dele e, de certo modo, para todas as famílias, porque a luta de um é a luta de todos”, afirmou. Em entrevista à Agência Brasil , o professor da Unifesp e coordenador do Centro de Antropologia e Arqueologia Forense, Edson Teles, reconheceu a importância da identificação das ossadas encontradas na vala clandestina que existia no Cemitério Dom Bosco para a construção da memória do país. “Quando a gente entrega para a família os restos mortais de um desaparecido, a gente também faz uma grande reparação histórica ao país e aos movimentos de direitos humanos. Conhecer essa história é entender a fundo a estrutura de violência de Estado que a gente vive de forma cotidiana no país”, disse. Segundo Ricardo Polito, diretor executivo do grupo Cortel, o sepultamento de Grenaldo representou não “só o encerramento de uma busca, mas também um símbolo da força, da memória, da verdade e da dignidade humana”. “Quando fui procurado para que pudéssemos viabilizar esse sepultamento, entendi imediatamente que não se tratava de um serviço comum. Tratava-se de uma família que aguardava há mais de cinco décadas por um momento como este. Tratava-se da oportunidade de devolver dignidade, memória e respeito a uma história que jamais poderia ser esquecida”, explicou Polito. Para a escritora, ex-presa política e atualmente integrante da Comissão de Familiares de Mortos e Desaparecidos Políticos Amelinha Teles, o sepultamento de Grenaldo é um “reconhecimento de que essa luta [dos familiares] vale a pena”. “A luta dos familiares contribuiu para a gente construir a verdade, a memória e a justiça”, disse. “Esse é um momento de vitória, de agradecimento e de mostrar que a necessidade dessa luta continua. O Grenaldo hoje teve a felicidade de poder enterrar o seu pai. Mas muitos ainda não tiveram essa oportunidade. A pergunta ‘onde estão os desaparecidos políticos?’ continua no ar e nós precisamos dar uma resposta para isso”, acrescentou. Grenaldo foi militar da Marinha brasileira, nascido em São Luís, no Maranhão. Ele foi preso em 1964 e expulso da Força enquanto reivindicava melhores condições de trabalho. Chegou a fugir da prisão e viver na clandestinidade, mas foi morto em 30 de maio de 1972 ao tentar capturar uma aeronave no Aeroporto de Congonhas, em São Paulo. Na época, a imprensa chegou a divulgar que ele teria se suicidado, seguindo a versão informada pela ditadura. No entanto, o Comitê Brasileiro pela Anistia, os movimentos de familiares de mortos e desaparecidos políticos e ex-presos políticos não aceitaram essa versão oficial e seu caso acabou sendo incluído entre as vítimas de repressão. As circunstâncias da sua morte permaneceram obscuras até que uma reportagem da jornalista Eliane Brum, publicada em 2003, contou que ele havia sido morto por agentes do Estado com dois tiros, um na nuca e outro no peito. Documentos do Instituto Médico Legal (IML) registraram que Grenaldo teria sido sepultado em 1º de junho de 1972 no Cemitério Dom Bosco como indigente, e constava como desaparecido até ter seus remanescentes ósseos identificados pela equipe do Projeto Perus , em abril do ano passado. A vala clandestina de Perus foi descoberta pelo jornalista Caco Barcellos, em 1990, quando investigava homicídios praticados por policiais militares. Analisando laudos periciais em uma sala do IML, em particular nos processos de 1971 a 1973, referentes a encaminhamentos de mortos feitos pelo Departamento de Ordem Política e Social (Dops), o jornalista notou que havia a letra “T” escrita com lápis vermelho em alguns documentos. Ele então perguntou aos funcionários do IML o significado daquela marcação e descobriu que a letra T se referia a “terrorista”. Barcellos comunicou à gestão da então prefeita de São Paulo Luiza Erundina sobre a existência dessa vala, que determinou o início das escavações. No local, foram encontradas 1.049 ossadas sem identificação de vítimas de esquadrões da morte, indigentes e presos políticos. Assim que a vala foi descoberta, a prefeitura assinou um convênio com a Universidade Estadual de Campinas (Unicamp) para a identificação das ossadas. Também houve encaminhamento para a Universidade Federal de Minas Gerais (UFMG). O trabalho foi interrompido pouco tempo depois e, em 2002, as ossadas foram levadas para o Cemitério do Araçá, na capital paulista, sob responsabilidade da Universidade de São Paulo (USP). A demora para conclusão do trabalho de identificação foi questionada em uma ação civil pública de 2009, do Ministério Público Federal. Em 2014, uma parceria da Secretaria Especial de Direitos Humanos, hoje Ministério dos Direitos Humanos, da Secretaria Municipal de Direitos Humanos e Cidadania e da Universidade Federal de São Paulo (Unifesp) permitiu a retomada do trabalho de identificação dos restos mortais resgatados da vala clandestina do Cemitério de Perus. Mas poucas ossadas foram identificadas até hoje. Em 2024, o Ministério dos Direitos Humanos e da Cidadania assinou um novo acordo de Cooperação Técnica junto à Unifesp e à Secretaria Municipal de Direitos Humanos e da Cidadania de São Paulo para financiar a contratação da equipe pericial e a retomada dos trabalhos. Em março do ano passado, a então ministra dos Direitos Humanos e da Cidadania Macaé Evaristo reconheceu publicamente a falha do Estado brasileiro na guarda e na identificação dos remanescentes ósseos da Vala Clandestina de Perus. “O Ministério dos Direitos Humanos e da Cidadania, em nome do Estado brasileiro, pede desculpas aos familiares dos desaparecidos políticos durante a ditadura militar brasileira, iniciada em 1964, e à sociedade brasileira pela negligência, entre 1990 e 2014, na condução dos trabalhos de identificação das ossadas, encontradas na vala clandestina de Perus, localizada no Cemitério Dom Bosco em São Paulo”, disse a ministra, na ocasião, a familiares das vítimas. Até então, apenas seis restos mortais, das 42 pessoas que provavelmente foram assassinadas durante a ditadura militar e sepultadas na vala de Perus, haviam sido identificados: Denis Casemiro, identificado em 1991, e depois confirmado em 2025; Frederico Eduardo Mayr (1992); Flávio Carvalho Molina (2005); Dimas Antônio Casemiro (2018), Aluísio Palhano Pedreira Ferreira (2018) e Grenaldo de Jesus Silva (2025).	Agência Brasil	direitos-humanos	False
https://agenciabrasil.ebc.com.br/direitos-humanos/noticia/2026-06/governo-de-sp-diz-que-acao-policial-armada-em-escola-seguiu-protocolo	2026-06-26	Governo de SP diz que ação policial armada em escola seguiu protocolo	Pai acionou PM alegando que filha foi obrigada a desenhar orixá	"A Secretaria Estadual de Segurança Pública de São Paulo (SSP-SP) concluiu que os policiais militares seguiram o protocolo da corporação ao entrarem armados na Escola Municipal de Educação Infantil Antônio Bento, em São Paulo, após um pai reclamar sobre o desenho da orixá Iansã feito pela filha. O caso ocorreu em 12 de novembro do ano passado , quando quatro policiais militares entraram na unidade portando armas, uma delas um fuzil, depois de terem recebido a ligação do pai da menina. Os policiais permaneceram na escola por mais de uma hora. Em nota, a SSP disse que a atuação no caso ocorreu após acionamento para atendimento de ocorrência de desentendimento em ambiente escolar e que o armamento foi mantido em posição segura, ""preso à correia usada para carregar armas longas presas ao corpo, conforme os protocolos estabelecidos pela instituição"". A secretaria ressaltou que a PM recebe treinamento para atuar em ocorrências de intolerância religiosa e desinteligência. Soldado da PM, o pai da criança de 4 anos alegou que a unidade estaria obrigando a filha a ter “aula de religião africana”. No dia anterior (11), o pai da criança já havia ido à escola demonstrar sua insatisfação em relação à aula e teria se portado de maneira inadequada, retirando do mural o desenho de Iansã que a filha havia feito. Na época, a diretora Aline Aparecida Nogueira informou por meio de nota, que a escola “não trabalha com doutrina religiosa"" e que o ""trabalho centrado a partir do currículo antirracista”. Ela disse ainda ter sido “coagida e interpelada pela equipe por aproximadamente 20 minutos”. >> Siga o canal da Agência Brasil no WhatsApp Para a diretora-executiva do Centro de Estudos e Pesquisas em Educação, Cultura e Ação Comunitária  (Cenpec), Beatriz Cortese, que vem acompanhando o caso desde início, o episódio revela pelo menos três camadas críticas de análise que expõem o desconhecimento sobre o papel da escola e a legislação vigente. A primeira questão central envolve a legitimidade da presença da PM dentro do ambiente escolar. Segundo Beatriz, a corporação tem o dever de entrar nas escolas para garantir e proteger a integridade física de alunos, professores, pais ou funcionários. No entanto, o uso da força policial para intervir em discussões pedagógicas é inadequado. “Pode entrar como cidadão, como munícipe, como pai de aluno para discutir o currículo, mas a Polícia Militar armada, em horário de serviço, entrar na escola para discutir o currículo não está adequado e não deveria acontecer”, afirmou. Beatriz destacou que a conduta da direção da escola estava respaldada pela legislação nacional, e que o currículo escolar não é definido de forma isolada por diretores ou professores, mas sim por diretrizes legais, como as leis 10.639 de 2003 e 11.645 de 2008. “Mostrar a cultura africana, indígena, trazer as referências que estão no nosso cotidiano dessas culturas faz parte da lei de diretrizes e bases da educação nacional”, explicou. Ao analisar o vídeo divulgado amplamente na época, Beatriz percebe um equívoco na interpretação do que constitui o ensino religioso em oposição ao estudo cultural de um povo . No registro, o policial militar acusa a instituição de promover o ensino de uma religião de matriz africana. A atividade que gerou o incômodo consistiu na leitura de um livro que trazia informações sobre os orixás, seguida de uma proposta para que os alunos fizessem um desenho a partir da leitura. “A religião é parte indissociável da cultura, da arte e do cotidiano das sociedades, e estudá-la não se confunde com a prática de catequização ou ensino religioso, explica. Beatriz exemplifica que as escolas frequentemente estudam o nazismo e as diferenças entre as culturas anglo-saxã e latina (cristã) sem que isso seja visto como doutrinação. ""Ninguém vai dizer que você está dando aula de ensino religioso se na época do Natal tem uma árvore de Natal na escola. Nós normalizamos a referência à cultura cristã e não normalizamos a referência a outras religiões”, ponderou. O advogado e especialista em direito público, Paulo Peixoto, disse que a abordagem realizada pela Polícia Militar foi além daquilo que é permitido e que não havia uma situação de emergência ou flagrante de crime que justificasse a presença policial. “A polícia não tem qualquer direito de interferência sobre as questões pedagógicas de uma escola. Rege aqui o princípio da própria autonomia das escolas, da liberdade de cátedra dos professores, de poder ministrar os temas que estão previstos em lei”, afirmou. Peixoto destacou que o tema em questão não configura prática criminosa e trata-se de um conteúdo obrigatório e se houver discordância por parte dos pais, o assunto deve ser levado à diretoria e discutido estritamente dentro do âmbito escolar, e não por meio de acionamento policial. Em caso de abordagem policial indevida na escola, ele orienta a direção a conversar com os policiais para entender exatamente qual é o motivo da abordagem e registrar todo o ocorrido. “Se possível, deve-se documentar a ação por meio de vídeos e imagens, especialmente se houver qualquer conduta abusiva ou intimidadora por parte dos agentes. A conduta deve ser levada à Corregedoria ou à Ouvidoria da Polícia Militar para que sejam adotadas as providências cabíveis e o caso deve ser relatado à Secretaria da Educação. Além disso, acionar o Ministério Público”, explicou o advogado."	Agência Brasil	direitos-humanos	False
https://agenciabrasil.ebc.com.br/direitos-humanos/noticia/2026-06/dia-do-orgulho-lgbtqia-conheca-marcos-da-luta-por-direitos-no-brasil	2026-06-28	Dia do Orgulho LGBTQIA+: conheça marcos da luta por direitos no Brasil	Conquistas vieram após décadas de mobilização	Ter o direito de existir e ter orgulho de ser quem se é. Dia Internacional do Orgulho LGBTQIA+, 28 de junho é uma data para reconhecer uma luta que vem de muito tempo e juntar forças pela conquista de direitos. A celebração nesse dia faz referência a uma revolta ocorrida em 1969, na cidade de Nova York . Na ocasião, frequentadores do Stonewall Inn, um dos bares gays populares de Manhattan, reagiram a uma operação policial violenta, prática habitual do período. A resistência virou um marco do movimento LGBTQIA+ por direitos nos Estados Unidos (EUA) e passou a ser comemorada em muitos outros países, incluindo o Brasil. A luta, no entanto, não se restringe a essa data. Apenas no Brasil, pode-se citar marcos como a criação do Grupo Somos e dos jornais Lampião da Esquina e ChanacomChana, em 1978; o levante de lésbicas do Ferro’s Bar, em 1983, e a retirada da homossexualidade do rol de doenças, concretizada em 1985. Para o coordenador do Observatório Brasileiro LGBTI+, Ciro Henrique Santos, a data representa uma vitória. “Chegamos até aqui, né? Mesmo dentro de um sistema em que a nossa vida é impossível, em que a todo momento eles querem negar a nossa existência, a gente continua resistindo”, diz. Segundo relatório divulgado este ano pelo Observatório, apenas entre janeiro e março de 2026, o país registrou 50 mortes por LGBTfobia. “Muito se fala dos torturados e mortos da ditadura, mas a gente também precisa pensar e lutar pelos torturados e mortos da nossa democracia. A população LGBT continua sendo violentada por ser quem se é dentro de um Estado Democrático de Direito”, diz Santos. “Ao mesmo tempo que a todo momento eles querem nos matar, a gente propõe a mudança e a transformação através da vida, através da alegria, através de movimento. E eu acho que é isso que esse dia 28 traz para a gente”. Em ano eleitoral, a presidente da Aliança Nacional LGBTI+, Rafaelly Wiest, reforça a necessidade de um voto consciente em pessoas que defendam os direitos LGBTs. Isso vale para cargos executivos, como a Presidência da República e governos estaduais, mas sobretudo para Câmara Federal, Senado e Assembleias Legislativas, que escolherão novos membros neste ano. Segundo ela, existe uma lacuna nos legislativos do país em relação aos direitos LGBTs. Prova disso é que a maior parte dos direitos da população de lésbicas, gays, bissexuais, pessoas trans, intersexo e mais foi garantida por decisões judiciais do Supremo Tribunal Federal (STF). “A gente tem ainda um legislativo muito parado para nossas causas. Ele não legisla em favor da nossa comunidade, muito menos pacifica decisões importantes da Suprema Corte” diz. Direitos como o casamento civil entre pessoas do mesmo gênero e a criminalização da LGBTfobia , ou seja, as atitudes de preconceito e ódio contra pessoas LGBTQIA+, foram garantidos por decisões do Supremo. “A gente não vai voltar atrás, a gente não quer perder direitos e não vai aceitar nenhum retrocesso”, enfatiza Wiest. “Não é tolerável, não é admissível que a gente ainda sofra por LGBTfobia, sofra por discriminação, não consiga utilizar banheiro, espaço público, não consiga estar dentro de escola, direitos fundamentais que estão garantidos na Constituição Federal”.	Agência Brasil	direitos-humanos	False
https://agenciabrasil.ebc.com.br/direitos-humanos/noticia/2026-06/censo-da-populacao-em-situacao-de-rua-sera-feito-em-5-capitais	2026-06-23	Censo da população em situação de rua será feito em cinco capitais	Levantamento estatístico inédito será realizado pelo IBGE	"O governo federal lançou nesta terça-feira (23), em Brasília, as ações preparatórias para o primeiro Censo Nacional da População em Situação de Rua a ser realizado pelo Instituto Brasileiro de Geografia e Estatística (IBGE). O lançamento ocorreu em evento realizado no Palácio da Justiça, sede do Ministério da Justiça e Segurança Pública (MJSP), para divulgar diversas ações para garantir direitos da população em situação de rua, ampliar o acesso a serviços públicos e proteção social. O levantamento estatístico inédito , já anunciado em abril deste ano, irá mapear, de forma padronizada em todo o país, o perfil demográfico e socioeconômico dessa população, com a missão de fornecer dados oficiais para subsidiar políticas públicas mais eficazes. De acordo com o lançamento feito, a etapa inicial do censo ocorrerá em cinco capitais, cobrindo um município por região do país: Belo Horizonte, Goiânia, Florianópolis, Manaus e Salvador. Em vídeo divulgado durante a cerimônia, o presidente do órgão, Márcio Pochmann, destacou que a iniciativa inédita muda a metodologia adotada pelo IBGE desde o primeiro censo do país, em 1872, que sempre fez a contagem demográfica no Brasil com base nos residentes em domicílios fixos. Pochmann destacou a importância de incluir essa parcela da população nos índices oficiais para a formulação de políticas públicas precisas. “A partir de agora, nós teremos a informação que inclui os brasileiros que não têm um domicílio fixo"", afirmou. ""O IBGE, contando com toda a sabedoria técnica e o apoio que vem tendo, terá condições de estabelecer uma referência metodológica que até hoje nós não temos. Será um marco necessário, que esperamos, através desse censo, revelar uma realidade talvez não tão bem conhecida no Brasil"", afirmou o economista Márcio Pochmann. Previsto para ocorrer entre 3 e 7 de julho de 2028, o pioneiro Censo Nacional da População em Situação de Rua terá os primeiros resultados divulgados em dezembro de 2028. Para o ministro da Secretária-geral da Presidência da República, Guilherme Boulos, a iniciativa do IBGE vai estruturar políticas públicas mais eficientes e baseadas na realidade, assim como já é feito com recortes de gênero, raça e idade. “O censo nos dá os dados seguros para que a gente possa ter uma política pública que chegue em quem ela precisa chegar. [...] O censo do IBGE [da População em Situação de Rua] nos dando dados exatos, precisos, vai permitir, de uma vez por todas, tirar a população de rua da invisibilidade estatística.” Aos presentes, a ministra do Ministério dos Direitos Humanos e da Cidadania (MDHC), Janine Mello, previu que o estudo demográfico da população em situação de rua em todo o território brasileiro servirá como referência para os outros países que também convivem com essa questão. “O crescimento da população de rua está presente, hoje, em vários outros países, que não sabem como contar a sua população em situação de rua. E a gente tem metodologia. Mas, precisamos aprimorá-la e queremos avançar, inclusive, para discutir isso com os outros países.” A confirmação do primeiro Censo Nacional da População em Situação de Rua pelo IBGE foi celebrada como a vitória de uma ""luta histórica"" pelo Padre Júlio Lancellotti, da Pastoral do Povo da Rua da Arquidiocese de São Paulo. O líder religioso convidado do evento na capital federal destacou que a contagem oficial põe fim à distorção deliberada das estatísticas demográficas por gestões municipais. Segundo Júlio Lancellotti, estes levantamentos locais fazem apenas uma checagem visual distante. “O censo [municipal] é muito manipulado, segundo o interesse da prefeitura de diminuir o número, esconder [as pessoas em situação de rua]. Muitas vezes, o contato era só visual e uma barraca era considerada como uma pessoa. Então, não se levou em conta os grupos familiares que estavam ou estão pelas ruas das nossas cidades.” Para ele, a entrada do IBGE para fazer a contagem oficial corrigirá a distorção metodológica que invisibiliza este público. A confirmação da realização do 1º Censo Nacional da População em Situação de Rua foi destacada pelo presidente do Comitê Intersetorial de Acompanhamento e Monitoramento da Política para Inclusão Social da População em Situação de Rua (CIAMP-Rua), Anderson Miranda, como uma conquista de uma luta histórica contra o argumento antigo de que o IBGE não tinha metodologia para fazer a contagem — o que levava os municípios a criarem levantamentos censitários próprios. Anderson Miranda falou com a experiência de quem viveu mais de 35 anos em situação de rua. “Contava-se cachorro, gado, mas não contavam a população em situação de rua. Para nós, é importante, com orçamento, incluir a população de rua nos dados censitários. O IBGE vai fazer o censo, vai nos apoiar e vai sensibilizar. Não falar da população de rua, é um 'não' à garantia”, apontou a liderança."	Agência Brasil	direitos-humanos	False
https://agenciabrasil.ebc.com.br/direitos-humanos/noticia/2026-06/movimentacao-nas-fronteiras-do-brasil-sobe-156-em-2025	2026-06-25	Movimentação nas fronteiras do Brasil sobe 15,6% em 2025	Brasileiros e turistas são maioria nas entradas e saídas	"Mais de 36,4 milhões de pessoas se movimentaram pelas fronteiras brasileiras em 2025, trânsito que foi o maior da série histórica e representou um aumento de 15,6% em relação a 2024. Os dados foram divulgados nesta quinta-feira (25) pelo Observatório Nacional dos Direitos Humanos (ObservaDH) , na data em que é celebrado o Dia Nacional do Imigrante. Esse movimento leva em conta as entradas e saídas do país feitas por brasileiros e estrangeiros, sejam eles migrantes, residentes temporários ou turistas. Segundo o ObservaDH, grande parte dessa movimentação nas fronteiras está associada ao deslocamento de brasileiros, turismo e viagens temporárias, indicando que essa circulação vai muito além da imigração permanente . Do total de movimentações registradas no ano passado, 17,2 milhões corresponderam a brasileiros. Em seguida, aparecem os turistas, com 14,7 milhões de movimentações. As demais categorias têm proporções significativamente menores. Quase 2,4 milhões se referiam a trânsito, indicando deslocamentos de passagem pelo território nacional, enquanto os temporários e residentes somaram pouco mais de 1 milhão de registros cada um. De acordo com o ObservaDH, o número relativamente reduzido das categorias “temporário” e “residente” em comparação aos brasileiros e turistas mostra que a maior parte da movimentação fronteiriça não corresponde necessariamente a processos migratórios permanentes, mas, sim, à circulação internacional cotidiana, temporária ou de curta duração. O levantamento do ObservaDH tem como base o Observatório das Migrações Internacionais (OBMigra)/DataMigra; o Sistema de Registro Nacional Migratório (SisMigra); o Sistema de Tráfego Internacional (STI) da Polícia Federal; as solicitações de refúgio; e os registros administrativos do programa Aqui é Brasil, coordenado pelo Ministério dos Direitos Humanos e da Cidadania. Nesta quinta-feira, o ObservaDH incorporou novas narrativas e painéis temáticos sobre migração, refúgio, apatridia e repatriação, passando a sistematizar novos dados e apresentar séries históricas e recortes para subsidiar a formulação de políticas públicas. Esses dados mostram, por exemplo, a trajetória anual da entrada e do registro de migrantes no Brasil, entre 2010 e 2025, além dos processos de regularização migratória no país. No caso da entrada, que apresenta o fluxo de pessoas que ingressaram no território brasileiro pelos postos de controle migratório, o ObservaDH informa que, a partir de 2021, houve uma retomada dos fluxos migratórios, que haviam caído em 2020 devido à pandemia de Covid-19. Em 2023 esse número bateu recorde, alcançando 190,5 mil pessoas. No ano passado, o indicador apresentou uma leve redução, chegando a 157,3 mil pessoas. Já os registros migratórios, por sua vez, mostraram ampliação da regularização migratória e maior formalização da permanência de estrangeiros no Brasil. O maior valor da série foi registrado em 2023, com 202.044 pessoas regularizadas. No ano passado, esse número apresentou uma pequena queda, somando 199.646 pessoas. De acordo com os dados do Sistema de Tráfego Internacional (STI), o número de solicitações de refúgio permaneceu relativamente baixo e estável até o início dos anos 2010, com registros anuais reduzidos, geralmente inferiores a 1 mil pedidos. Entre 2013 e 2015, o número de pedidos aumentou, passando de 6.810 solicitações, em 2013, para 15.906, em 2015, o que foi provocado principalmente pela chegada de haitianos, sírios e outros grupos impactados por crises humanitárias internacionais. O auge desses pedidos ocorreu entre os anos de 2018 e 2019, alcançando 79.831 pedidos, em 2018 e 82.552, em 2019. No ano passado, o Brasil recebeu 75,6 mil novos pedidos de reconhecimento da condição de refugiado. Com isso, o país soma atualmente 165.774 pessoas reconhecidas como refugiadas . Desde 2010, o país já acumulou 551.072 solicitações de reconhecimento dessa condição. A coordenadora-geral de Promoção dos Direitos das Pessoas Migrantes, Refugiadas e Apátridas do Ministério dos Direitos Humanos e Cidadania, Fernanda da Rosa Becker, explica que o Brasil vem se consolidando como um país de acolhimento, marcado por fluxos migratórios cada vez mais diversos em termos de nacionalidades, perfis e motivações. ""Esse cenário exige informações qualificadas que permitam compreender as transformações da mobilidade humana no país. Mais do que resposta emergencial, a política migratória precisa ser tratada como política permanente de Estado, o que demanda monitoramento contínuo e capacidade de adaptação às diferentes dinâmicas de migração e refúgio”. De acordo com o Relatório Anual de Política Migratória no Brasil de 2025, do Observatório das Migrações Internacionais (OBMigra), mais de 2 milhões de pessoas migrantes, refugiadas e solicitantes de refúgio compõem o cenário migratório brasileiro atual ."	Agência Brasil	direitos-humanos	False
https://agenciabrasil.ebc.com.br/direitos-humanos/noticia/2026-06/saude-cria-comite-para-reduzir-morte-materna-e-infantil-indigena	2026-06-24	Saúde cria comitê para reduzir morte materna e infantil indígena	Colegiado vai propor diretrizes e monitorar indicadores	A Secretaria de Saúde Indígena (Sesai) , do Ministério da Saúde, instituiu nesta quarta-feira (24) o Comitê de Redução da Mortalidade Materna, Fetal e Infantil Indígena . O grupo atuará no âmbito do Subsistema de Atenção à Saúde Indígena (SasiSUS). O colegiado será responsável por propor diretrizes, estratégias e instrumentos voltados à diminuição da mortalidade materna, fetal e infantil, respeitando as especificidades de cada Distrito Sanitário Especial Indígena (DSEI) . A atuação inclui o monitoramento de indicadores de saúde , análise de fatores de risco e avaliação das ações desenvolvidas nas regiões atendidas. >> Siga o canal da Agência Brasil no WhatsApp Entre as principais competências do colegiado estão a elaboração de metodologias estratégicas e do Plano de Redução da Mortalidade Materna, Fetal e Infantil Indígena, além do acompanhamento da implementação das medidas nos DSEIs. Outra função é promover a articulação entre órgãos públicos, organizações da sociedade civil, comunidades indígenas e especialistas, incluindo representantes das medicinas tradicionais indígenas. O grupo ainda poderá recomendar medidas para prevenir riscos epidemiológicos, especialmente em áreas com povos indígenas isolados ou de recente contato. Nesses casos, as ações deverão seguir princípios como a precaução, o respeito à autodeterminação dos povos e a não imposição de contato, além da proteção integral à vida, às culturas e aos territórios tradicionalmente ocupados.	Agência Brasil	direitos-humanos	False
https://agenciabrasil.ebc.com.br/direitos-humanos/noticia/2026-06/plano-contra-trabalho-infantil-alerta-para-violacoes-no-mundo-digital	2026-06-25	Plano contra trabalho infantil alerta para violações no mundo digital	Documento traz diretrizes para ações públicas até 2035	O governo federal lançou, nesta quinta-feira (25), um novo Plano de Prevenção e Erradicação do Trabalho Infantil . Nesta quarta edição do documento, com orientação de políticas públicas até o ano de 2035, uma das metas é combater as condições estruturais que levam crianças a exercer atividades laborais, o que é proibido no Brasil. Entre as novidades, o plano alerta para a necessidade de monitorar o espaço virtual como campo de trabalho . O plano destaca que trabalhos on-line são atividades naturalizadas no ambiente familiar e social. No entanto, envolvem riscos concretos de violação de direitos fundamentais em vista de exposição excessiva e permanente da imagem, assédio virtual, monetização indevida do trabalho, pressão por desempenho e ausência de limites claros de jornada. “O Brasil ainda não dispõe de regulamentação específica voltada ao trabalho infantil no ambiente digital, o que não impede sua caracterização como trabalho infantil ou exploração econômica”, destaca o documento. No entanto, o plano aponta que o Estatuto Digital da Criança e do Adolescente (Lei nº 15.211/25) representa avanço ao atualizar os princípios do ECA para a realidade virtual. Em evento nesta quinta, o ministro do Trabalho e Emprego, Luiz Marinho, ressaltou que o objetivo é o de intensificar a prevenção, fortalecer a rede de proteção e avançar de forma estruturada na erradicação do trabalho infantil no país. No país, há uma estimativa de haver 1,6 milhão de crianças e adolescentes nessas condições. Para ele, o enfrentamento ao trabalho infantil é possível com a articulação de toda a sociedade e não depende apenas do Poder Público, mas também da sociedade civil. “Enquanto houver uma criança ou um jovem sendo explorado, não podemos descansar. Esse é um compromisso de todos nós e um objetivo que precisa mobilizar toda a sociedade brasileira.” O plano nacional estabelece diretrizes estratégicas para a próxima década com a ampliação das ações de prevenção e proteção social. Também no evento, a ministra da Igualdade Racial, Rachel Barros, destacou que o enfrentamento a esse tipo de violação necessita de olhar na perspectiva étnico-racial nas políticas públicas. Segundo ela, crianças e adolescentes negros são os mais afetados e representam 66% das pessoas em situação de trabalho infantil no país . O coordenador Nacional de Erradicação do Trabalho Infantil, Roberto Padilha, avaliou que o plano consiste em uma renovação de um compromisso do Estado. Ele entende que o trabalho infantil constitui uma das mais graves violações de direitos humanos ao perpetuar ciclos de pobreza e desigualdades. “Compromete o desenvolvimento físico, emocional, intelectual de crianças e adolescentes em suas fases mais sensíveis e determinantes. Retira dessas crianças o direito de brincar, de aprender e de sonhar”, afirmou. Roberto Padilha afirmou que a ampliação da vigência do plano para 10 anos representa uma mudança estratégica para haver maior estabilidade, continuidade e capacidade de planejamento de longo prazo às ações propostas. “Avançamos também na atualização do conceito do trabalho infantil, em consonância com as transformações sociais e econômicas e tecnológicas que marcaram os últimos anos”. O evento teve a participação de integrantes do Conselho Nacional dos Direitos da Criança e do Adolescente (Conanda). Uma das representantes, Helen Hipólito, de 18  anos, lamentou que o país está “perdendo infâncias” para satisfazer a vontade dos adultos que determinam que crianças devem trabalhar. “É muito importante que a gente desenraize essa cultura”, disse a jovem.	Agência Brasil	direitos-humanos	False
https://agenciabrasil.ebc.com.br/direitos-humanos/noticia/2026-06/criterios-para-monetizacao-com-menores-nas-redes-estao-mais-claros	2026-06-25	Critérios para monetização com menores nas redes estão mais claros	Especialistas elogiam nova regra que regulamenta o ECA Digital	"Especialistas avaliam como positiva resolução aprovada pelo Conselho Nacional de Justiça (CNJ) nesta semana que estabelece como os magistrados deverão decidir sobre a participação de crianças e adolescentes em plataformas digitais. Para a psicóloga na Safernet Brasil Bianca Orrico o principal objetivo da resolução é criar critérios mais claros e uniformes para que juízes de todo o país analisem situações envolvendo crianças e adolescentes que produzem conteúdo para redes sociais. “A tendência é que os pedidos de autorização judicial passem a ser avaliados considerando fatores como frequência de publicação, monetização, participação em campanhas publicitárias, impacto na rotina escolar, no lazer, na convivência familiar e na saúde mental da criança ou adolescente”, explica Bianca. De acordo com a psicóloga, também deverão ser observadas medidas para proteger a privacidade, a imagem e os recursos financeiros eventualmente obtidos com as atividades dos menores. >> Siga o canal da Agência Brasil no WhatsApp A psicóloga vê a nova medida como um avanço porque reconhece uma realidade que já existe. Atualmente, muitas crianças e adolescentes participam de atividades digitais que podem gerar renda, visibilidade e oportunidades comerciais. “Quando isso acontece, é importante que existam mecanismos de supervisão e proteção compatíveis com o princípio do melhor interesse da criança ou adolescente”, disse Para a especialista, também é positivo que a discussão amplie a responsabilidade para além das famílias. “Plataformas, anunciantes, agências e o próprio Judiciário têm um papel importante na prevenção de situações de exploração econômica, exposição excessiva e outros riscos associados à atuação e presença de crianças e adolescentes nas plataformas”. O desafio agora, de acordo com a psicóloga, será garantir que a implementação dessas regras seja clara, proporcional e efetiva. ""O foco deve estar sempre na garantia de direitos e não apenas na regulação da atividade em si”. A gerente do eixo Digital do Instituto Alana, Maria Mello, vê a medida como algo ""importantíssimo"", um passo bastante relevante na proteção de crianças e adolescentes no ambiente online, em especial as que desenvolvem algum tipo de atividade artística. A liberdade de expressão, segundo a especialista, não pode ser um cheque em branco em situações que desrespeitem seus direitos, principalmente quando a expressão artística das crianças consideradas influenciadoras acaba sendo usada por interesses comerciais, seja para que as plataformas digitais lucrem com essa exploração ou as empresas lucrem fazendo essa publicidade. ""Estamos falando de pessoas que estão num momento muito sensível de seu desenvolvimento psicossocial”, disse Maria. A gerente destaca que juízes vinham adotando entendimentos diferentes de quando e como conceder os alvarás (autorização judicial). A resolução cria parâmetro para que o Poder Judiciário atue de uma forma mais unificada. “Crianças não poderão fazer publicidade para outras crianças ou fazer publicidade para jogo do tigrinho. Também as plataformas têm sua responsabilidade na hora de verificar essas autorizações judiciais”, afirmou. A medida pretende regulamentar o Estatuto Digital da Criança e do Adolescente (ECA Digital), norma que estabeleceu as regras para participação de menores de idade em vídeos, lives e conteúdos publicados em perfis nas rede sociais. De acordo com o CNJ, a autorização judicial deverá ser individual para cada criança ou adolescente, mesmo quando a atividade envolver participação coletiva. A análise dos pedidos deverá ser feita caso a caso, considerando aspectos como a frequência da exposição, o conteúdo produzido, as formas de divulgação, eventual monetização e impulsionamento, bem como a compatibilidade da atividade com o desenvolvimento físico, psíquico, moral, social e educacional da criança ou do adolescente."	Agência Brasil	direitos-humanos	False
https://agenciabrasil.ebc.com.br/direitos-humanos/noticia/2026-06/governo-anuncia-r-130-milhoes-para-acoes-de-apoio-populacao-de-rua	2026-06-23	Governo anuncia R$ 130 milhões em apoio à população em situação de rua	Pacote inclui iniciativas articuladas por diversos ministérios	"O Ministério da Justiça e Segurança Pública (MJSP) apresentou nesta terça-feira (23), em Brasília, um pacote de ações de saúde, emprego, assistência e direitos humanos voltadas à população em situação de rua. Os investimentos ultrapassam R$ 130 milhões e, segundo a pasta, são o maior orçamento já endereçado à proteção de direitos deste público . De acordo com o secretário-executivo do MJSP, Ademar Borges, o trabalho foi construído com outros ministérios, estados, municípios e sociedade civil para dar acesso a direitos e dignidade a essas pessoas. “Reconhecer a dignidade de todos os brasileiros e de todas as brasileiras significa que todo ser humano tem o mesmo valor intrínseco, digno de igual respeito e consideração.” Durante a cerimônia de entregas do Governo Federal para a População em Situação de Rua, o ministro da Secretaria-Geral da Presidência da República, Guilherme Boulos, destacou a urgência de enxergar essa população como cidadãos de direitos. “Por mais que esse preconceito ecoe nas mentes de parte da sociedade brasileira, nós não vamos desistir dos valores de solidariedade e humanidade e vamos pagar o preço que for necessário para manter esses valores como orientadores da política pública”, disse o ministro Guilherme Boulos. O MJSP anunciou a formação, em direitos humanos e respeito à dignidade das pessoas em situação de vulnerabilidade, de 5.077 profissionais de segurança pública que atuam em contato direto com a população em situação de rua. O investimento será de R$ 900 mil. Convidado para o evento na capital federal, o padre Júlio Lancellotti, da Pastoral do Povo da Rua da Arquidiocese de São Paulo, reivindicou o fim da violência de agentes da segurança pública contra a população de rua. “Há princípios fundamentais que não podem ser desrespeitados, e, na Declaração Universal dos Direitos Humanos, está que ninguém pode ser submetido à tortura, a tratamento vexatório, de constrangimento, e é isso o que nós vemos em muitos municípios”, protestou Júlio Lancellotti. O padre ainda cobrou a atuação dos Ministérios Públicos Federal e estaduais e da Defensoria Pública para proteger os interesses das pessoas mais vulneráveis. Entre as iniciativas apresentadas nesta terça, está o lançamento das ações preparatórias para o primeiro Censo Nacional da População em Situação de Rua , que será realizado pelo Instituto Brasileiro de Geografia e Estatística (IBGE).​​ ​Além do censo demográfico inédito, o Ministério da Justiça e Segurança Pública (MJSP) e o Ministério do Desenvolvimento e Assistência Social, Família e Combate à Fome (MDS) também firmaram um acordo de cooperação técnica e financeira para fortalecer a rede de serviços do Sistema Único de Assistência Social (Suas). A iniciativa prevê o investimento anual de R$ 50 milhões, para integrar 263 Centros de Referência Especializados para População em Situação de Rua (Centros-Pop) à Rede Centros de Acesso a Direitos e Inclusão Social (Cais). O ministro do MDS, Wellington Dias, defende que o ponto principal é tirar essas pessoas da invisibilidade. O chefe da pasta reconheceu que o conjunto de anúncios de políticas governamentais deve cruzar as barreiras institucionais e chegar de fato, ""lá na calçada, na praça, onde as pessoas estão"". Segundo o ministro do Desenvolvimento e Assistência Social, os repasses financeiros respeitarão as peculiaridades locais, considerando as diferenças de demanda entre uma capital e uma cidade de médio porte, para garantir as condições de atendimento. Em outra parceria do Ministério da Justiça, essa com o Ministério do Trabalho e Emprego (MTE), o governo federal vai investir R$ 2,9 milhões no fortalecimento das Cozinhas Solidárias, para garantir alimentação digna a este público. O valor servirá para contratar e capacitar 88 bolsistas, que atuarão como agentes formadores e articuladores da economia popular e solidária junto à população em situação de rua, em todas as 27 unidades da federação. De acordo com o MDS, o programa Cozinha Solidária distribuiu, em 2025, cerca de 15 milhões de refeições nas unidades em funcionamento no Brasil. A nova etapa do Cozinha Solidária terá foco na população em situação de rua. O secretário nacional de Economia Popular e Solidária do Ministério do Trabalho e Emprego (MTE), Fernando Zamban, afirmou que é prioritário garantir a dignidade e os direitos deste público, sem medidas assistencialistas, que não resolvem o problema da invisibilidade das pessoas que estão em situação de vulnerabilidade e de rua. “É preciso ter ações concretas, mais estruturantes, que deixem o legado histórico para essa população que foi tão marginalizada pelo Estado brasileiro.” “Reconhecer os talentos que as pessoas em situação de rua têm hoje e dar a elas a oportunidade de reconstruir suas vidas economicamente, baseadas em princípios de cooperação, de solidariedade, de autogestão, é fundamental e necessário.” O Ministério da Saúde anunciou R$ 120 milhões anuais para políticas voltadas à população em situação de rua. De acordo com a secretária de Atenção Primária à Saúde, Ana Luiza Caldas, a pasta atingiu o número recorde de equipes do Consultório na Rua (eCR), formadas por equipes multiprofissionais do Sistema Único de Saúde (SUS).  A expansão consolida a presença do Estado em todas as 27 unidades da federação. “Estamos falando literalmente de 170 equipes, até 2022, e, hoje, são 333 equipes espalhadas ao longo do território nacional."" A representante da Saúde adiantou que uma agenda em São Paulo formalizará, nesta quarta-feira (24), um aumento imediato de 20% de equipes na capital paulista. “Onde tem gente, tem SUS presente. Então, onde tiver população em situação de rua, vai ter o SUS presente, chegando a cada uma e cada um que precisar do cuidado, da assistência, da articulação intersetorial, baseada na ‘rualidade’ e na territorialidade”, defendeu Ana Luiza Caldas. O ministro Guilherme Boulos revelou também que o governo está finalizando a regulamentação, junto à Caixa Econômica Federal e ao Ministério das Cidades, para garantir um percentual obrigatório de unidades habitacionais do programa Minha Casa, Minha Vida reservado especificamente para a população em situação de rua e mulheres vítimas de violência. A vice-presidente do Comitê Intersetorial de Acompanhamento e Monitoramento da Política para Inclusão Social da População em Situação de Rua (CIAMP-Rua), Joana Basílio, enfatizou que a situação de vulnerabilidade é fruto do abandono do próprio Estado. Joana argumentou que, para cobrar deveres dos cidadãos, o Estado precisa, primeiramente, ofertar e garantir os seus direitos básicos. “A gente precisa fazer com que essa política chegue na ponta e, de fato, a quem está na rua.” Conhecido por denunciar sistematicamente a instalação da chamada ""arquitetura hostil"" para impedir a permanência e abrigo de pessoas em situação de rua em espaços públicos, como em viadutos, pontes e marquises, o padre Júlio Lancellotti ainda pediu ao ministro Boulos que os órgãos federais sejam os primeiros a retirar este tipo de estrutura de seus prédios. São exemplos de arquitetura hostil pedras e grades pontiagudas, pinos chumbados e arames. Por fim, Boulos disse que, brevemente, será lançada a segunda edição do Plano Nacional Ruas Visíveis. A iniciativa do governo federal, articulada a estados e municípios, visa ao enfrentamento das vulnerabilidades sociais e à promoção de mais inclusão da população em situação de rua no Brasil."	Agência Brasil	direitos-humanos	False
https://agenciabrasil.ebc.com.br/direitos-humanos/noticia/2026-06/antes-estigmatizado-pajuba-guarda-memoria-da-resistencia-lgbtqia	2026-06-23	Antes estigmatizado, Pajubá guarda memória da resistência LGBTQIA+	Museu da Diversidade Sexual (MDS) promove debate sobre reconhecimento	Com quase um século de registros, a linguagem Pajubá constitui uma importante ferramenta de proteção e comunicação para a comunidade LGBTQIA+, principalmente entre pessoas transgêneras e travestis, sobretudo negras. Em meio ao Mês do Orgulho LGBTQIA+, o Museu da Diversidade Sexual (MDS) promove, nesta quinta-feira (25), uma discussão aberta para todos os públicos sobre o reconhecimento da linguagem Pajubá como patrimônio linguístico . Esta linguagem foi criada para cifrar conversas da comunidade e ganhou força durante o período da Ditadura Militar. O vocabulário incorpora termos de línguas africanas, como o iorubá e o banto, além de contribuições do francês, italiano, espanhol e inglês. A palavra “pajubá”, inclusive, significa segredo, conversa ou novidade em iorubá. Por muito tempo, contudo, a linguagem foi estigmatizada por ser amplamente utilizada por trabalhadoras sexuais travestis , segundo conta Amara Moira, escritora e curadora da Masterclass Pajubá: “A própria comunidade, muitas vezes, olhou para essa linguagem como uma língua de marginais e fazia questão de se distanciar. Hoje, a gente pode sentir orgulho dela, mas é importante pensar que até algum tempo atrás essa era uma linguagem estigmatizada”. Ao longo do tempo, à medida em que a discriminação contra pessoas LGBTQIA+ diminuiu, a língua Pajubá começou a entrar em desuso. As gerações mais novas pararam de utilizá-la, o que contribuiu para seu esquecimento. Amara argumenta que a linguagem precisa ser relembrada porque representa um importante recorte da vida da comunidade LGBTQIA+ . “Olhar para essas palavras é também pensar o que estava no horizonte e quais eram as necessidades e urgências [da comunidade]. Além disso, vai mostrando como a nossa imaginação operava e documentando a transformação dos momentos e das épocas,” explica. Nos últimos anos, a linguagem Pajubá tem ressurgido por meio de produções artísticas. “Acho que o novo caminho para o Pajubá pode ser justamente esse, com o cinema, o teatro, a música e a literatura”, acredita Amara. O encontro começa às 19h, no Centro de Empreendedorismo e Pesquisa do museu. Rua do Arouche, 24, na República. *Estagiário da Agência Brasil sob supervisão de Odair Braz Junior.	Agência Brasil	direitos-humanos	False
https://agenciabrasil.ebc.com.br/direitos-humanos/noticia/2026-06/cubanos-superam-venezuelanos-em-pedidos-de-refugio-no-brasil-em-2025	2026-06-22	Cubanos superam venezuelanos em pedidos de refúgio no Brasil em 2025	Foram registradas 75.599 solicitações, sendo 55,4% feitas por cubanos	Dados do Observatório das Migrações Internacionais (OBMigra) indicam que, em 2025, os cubanos ultrapassaram, pela primeira vez, os venezuelanos e assumiram o primeiro lugar no ranking de pedidos de refúgio no Brasil. O estudo Refúgio em Números 2026 , divulgado nesta segunda-feira (22), revela que, ao longo de todo o ano passado, foram registrados 75.599 pedidos de refúgio no Brasil, sendo 41.919 solicitações por parte de cubanos – 55,4% do total. O número de cubanos que solicitaram reconhecimento da situação de refugiado no Brasil em 2025 representa um aumento de 88,1% em relação ao total contabilizado no ano anterior. Os venezuelanos aparecem em seguida no ranking , com 21.233 pedidos de refúgio, respondendo por 28,1% do total de solicitações registradas ao longo do ano de 2025. Em seguida, aparecem pedidos de refúgio no Brasil feitos por colombianos (1.432), angolanos (1.253), marroquinos (888) e ganenses (792). O volume de solicitações verificado para o ano de 2025, de acordo com o estudo, deve ser compreendido no contexto de retomada de fluxos em direção ao Brasil já verificados anteriormente nos anos de 2022 (50.355), 2023 (58.628) e 2024 (68.159), após período de maiores restrições provocado pela pandemia de covid-19. >> Siga o canal da Agência Brasil no WhatsApp Confira mais informações sobre o assunto no Repórter Brasil , da TV Brasil O estudo mostra ainda que 52,4% das solicitações atendidas pelo Comitê Nacional para os Refugiados (Conare) foram registradas na Região Norte, enquanto o Sudeste respondeu por 29,2%. No Norte, os solicitantes de reconhecimento da condição de refugiado tinham como origem, principalmente, Venezuela (13.125) e Cuba (11.490), além da Colômbia (524). A Região Nordeste, por outro lado, foi a que registrou o menor percentual de solicitações atendidas pelo Conare: 1,9%. O Sul registrou 13,3% e o Centro-Oeste, 3,2%.	Agência Brasil	direitos-humanos	False
https://agenciabrasil.ebc.com.br/direitos-humanos/noticia/2026-06/policia-confronta-indigenas-que-buscam-retomar-territorio-no-ms	2026-06-18	Polícia confronta indígenas que buscam retomar território no MS	Força Nacional atua no local como mediadora do diálogo	Depois de retomarem a Fazenda Limoeiro, propriedade sobreposta ao Tekoha Tapy Kora, parte da Terra Indígena (TI) Iguatemipeguá II, no município de Amambai (MS), famílias Kaiowá e Guarani relataram que, entre 15h e 16h de ontem, batalhões da Polícia Militar (PM) foram ao território para realizar um despejo. Segundo informações do Conselho Indigenista Missionário (Cimi), mais de dez viaturas policiais estavam nas proximidades, incluindo o Batalhão de Choque, e houve invasão das autoridades, o que provocou correria, disparo de bombas e tiros contra as famílias. Vídeos disponibilizados nas redes sociais mostram a perseguição policial em território indígena. Segundo o Cimi, as famílias permanecem no local e a Força Nacional atua como mediadora do diálogo entre indígenas, produtores rurais e a polícia. O Tekoha é um território limítrofe à Reserva Limão Verde. Situação semelhante já havia acontecido em 26 de abril deste ano, quando um grupo de cinco indígenas foi preso após confronto com as autoridades. O Cimi informa que o Relatório Circunstanciado de Identificação e Delimitação (RCID), referente à Fazenda Limoeiro, estabelecido pela Portaria 790 da Fundação Nacional dos Povos Indígenas (Funai), está em estudo para remarcação desde 2008. Já a Reserva Limão Verde, uma das oito existentes em Mato Grosso do Sul, foi criada por um decreto estadual, em 1928, após solicitação do Serviço de Proteção ao Índio (SPI), com 2 mil hectares. Fazendas invadiram esta área reservada e os Kaiowá e Guarani ocupam, hoje em dia, 668 hectares. A TI Iguatemipeguá 2 está inserida no Compromisso de Ajustamento de Conduta firmado entre o Ministério Público Federal (MPF) e a Funai em fevereiro de 2007. “O acordo surgiu como resposta à morosidade da Funai na demarcação, à violência crescente na região e à grave situação humanitária vivida pelos indígenas, muitos vivendo em acampamentos na beira de rodovias”, explica o Cimi. >> Siga o canal da Agência Brasil no WhatsApp Em postagem em uma rede social da Abid (Articulação dos Povos Indígenas do Brasil), a Aty Guasu Guarani e Kaiowá disse repudiar a ação da Polícia Militar durante a retomada. “Mais uma vez, o povo Guarani e Kaiowá foi alvo de violência, intimidação e violação de direitos fundamentais garantidos pela Constituição Federal, por tratados internacionais de direitos humanos e pela legislação que assegura os direitos originários dos povos indígenas sobre seus territórios tradicionais”. A Aty Guasu pede ainda que as autoridades apurem as denúncias de violência, garantam a proteção das comunidades indígenas e adotem medidas concretas para assegurar os direitos territoriais do povo Guarani e Kaiowá. O Ministério dos Povos Indígenas (MPI) informou que o Ministério da Justiça e Segurança Pública autorizou a ampliação do efetivo da Força Nacional de Segurança Pública (FNSP) na região nesta quarta-feira (17). Paralelamente, equipes da Funai foram designadas para acompanhar o caso in loco , prestando assistência direta aos indígenas detidos e monitorando o cumprimento dos parâmetros legais estabelecidos pelas instâncias superiores. Segundo o MPI, como resposta imediata para mediar a situação e garantir a segurança jurídica e física dos envolvidos, a pasta realizou uma reunião de emergência com representantes da Secretaria-Geral da Presidência da República, do Ministério Público Federal (MPF), Defensoria Pública da União, da Fundação Nacional dos Povos Indígenas (Funai) e do Conselho Nacional de Justiça (CNJ). “No encontro, os órgãos destacaram a necessidade de observância rigorosa da legalidade e do cumprimento dos protocolos estabelecidos pelo judiciário na atuação das forças de segurança na realização de reintegrações de posse que envolvam direitos coletivos constitucionalmente assegurados”, diz a nota. Segundo o MPI, nesta quinta-feira (18), a 2ª Vara Federal de Ponta Porã determinou a expedição de Mandado Probatório em favor dos ocupantes da Fazendo Limoeiro, mas a decisão tem natureza exclusivamente preventiva, não constituindo autorização para remoção compulsória de pessoas eventualmente presentes na área, providência que dependerá de específica apreciação judicial. “Nenhuma ação policial deverá ser adotada na propriedade sem decisão judicial prévia que a fundamente e sem que a operação seja acompanhada da Funai, Ministério Público Federal e da Polícia Federal, sob pena de responsabilização funcional dos agentes envolvidos. O MPI mantém o monitoramento contínuo da área por meio de seus órgãos competentes e está realizando articulações para consolidar Procedimentos Operacionais Padrão (POPs) para a atuação das forças de segurança em territórios e com povos indígenas”. A Agência Brasil procurou a Secretaria de Estado de Justiça e Segurança Pública do Mato Grosso do Sul e o comando da Polícia Militar local, mas não obteve resposta até o momento da publicação da reportagem.	Agência Brasil	direitos-humanos	False
https://agenciabrasil.ebc.com.br/direitos-humanos/noticia/2026-06/brasileiras-muculmanas-relatam-preconceito-na-internet-e-nas-ruas	2026-06-22	Muçulmanas são vítimas de islamofobia na internet e nas ruas no Brasil	Maioria não denuncia ataques à polícia, aponta estudo	"No Brasil, oito em cada dez mulheres muçulmanas sofrem ataques motivados por islamofobia, ou seja, intolerância e ódio contra sua religião. É o que conclui a 3ª edição do Relatório de Islamofobia do Brasil , produção científica do Grupo de Antropologia em Contextos Islâmicos e Árabes (Gracias), da Universidade de São Paulo (USP). Os pesquisadores analisaram os relatos de 328 mulheres, tanto da vertente sunita como da xiita. Elas foram divididas em quatro grupos: brasileiras que nasceram no seio de uma família de tradição islâmica, brasileiras que se reverteram, estrangeiras nascidas muçulmanas e estrangeiras revertidas. A equipe constatou que 84,5% das vítimas de islamofobia são brasileiras revertidas. Os pesquisadores acreditam que um dos fatores é sua intensa articulação coletiva. A porcentagem cai para 80,4% no caso das brasileiras que já descendem de uma família seguidora do islamismo e, entre estrangeiras revertidas e estrangeiras nascidas muçulmanas, para 75% e 60%, respectivamente, conforme o relatório divulgado no último sábado (20). Quase todas as participantes brasileiras revertidas (96,7%), por exemplo, afirmam que a mulher muçulmana é discriminada no país. As fiéis do islamismo são vitimadas nas ruas (36,4%), na internet (30,9%) e no trabalho (19,7%). Para os integrantes do Gracias, a islamofobia está mais presente em espaços de maior exposição pública e convívio diário. Para algumas das entrevistadas, a discriminação tem acarretado danos imensos, com depressão e transtorno de ansiedade. ""Fui obrigada a migrar de carreira após a reversão, não consegui mais atuar na área"", disse uma delas. Associá-las ao terrorismo é outra forma de menosprezo comum. ""No trabalho, fui chamada de mulher bomba por um médico"", conta uma das vítimas de ofensas do gênero. Uma terceira narra como foi demitida de uma empresa. ""Eu era recepcionista num conjunto de salas. O contador veio muito simpático e falso perguntar sobre a minha religião e vestimenta e depois disse para meu chefe que não era bom que eu trabalhasse na recepção, pois causava má impressão aos clientes dele. Fui demitida."" ""A mídia não tem interesse em dar espaço ao Islam, aos muçulmanos, não tem interesse em aprender que usar o véu não retira o pensamento, não transforma mulheres em seres ignorantes, nem tudo é sobre opressão, pode ser também liberdade, escolha e principalmente devoção. A imprensa é colonizada, há domínios de agências de notícias"", afirma a coordenadora do Gracias, a professora Francirosy Campos Barbosa. Apenas 6% das brasileiras revertidas registram boletim de ocorrência na polícia, taxa inferior à de brasileiras nascidas, de 8,7%. Elas não acreditam que a denúncia será investigada. No Brasil, não se tem o quantitativo exato da comunidade islâmica, pois o Censo Demográfico não o informa de modo desagregado. A quantidade de pessoas que se declaram muçulmanas está reunida com as de outras religiões com menos seguidores. Ainda segundo o Gracias, o Instagram é a rede social que mais concentra casos de agressões, com um total de 120 (74,5%). O Facebook, também controlado pela Meta, juntamente com o Whatsapp, responde por 55 (34,2%). O TikTok e o X são mencionados 27 (16,8%) e 12 (7,5%) vezes, respectivamente. Os pesquisadores argumentam que, no Instagram, o que favorece a marginalização é a exposição da aparência, do cotidiano e das práticas ligadas à religião, enquanto no Facebook é a polarização propiciada pela formação de comunidades. A colaboração do TikTok, por sua vez, consiste em possibilitar a replicação de vídeos muito rapidamente e entre públicos distintos. Em seu site, o Instagram declara ter como objetivo ""prevenir possíveis casos de violência no meio físico que possam estar relacionados ao conteúdo em nossas plataformas."" ""Embora entendamos que as pessoas geralmente expressam desdém ou desacordo por meio de ameaças ou incitação à violência de maneiras casuais e sem seriedade, removemos palavras que incitem ou facilitem a violência e ameaças plausíveis ​​à segurança pública ou pessoal."" Para a professora Francirosy Campos Barbosa, a política implementada nesses termos minimiza a gravidade das ameaças e incitações à violência. Procurada pela reportagem, a Meta afirmou não permitir ""conteúdo que promova ataques contra pessoas com base em características protegidas, conforme estabelecido em seus Padrões da Comunidade, como raça, etnia, nacionalidade, deficiência, religião, casta, orientação sexual, sexo, identidade de gênero e doença grave. ""Removemos esse tipo de conteúdo sempre que identificamos violações e aplicamos as medidas previstas em nossas diretrizes. Também incentivamos as pessoas a denunciarem qualquer publicação que considerem violar nossas diretrizes."" O TikTok não respondeu o questionamento da Agência Brasil. A reportagem não conseguiu contato com o X até o momento."	Agência Brasil	direitos-humanos	False
https://agenciabrasil.ebc.com.br/direitos-humanos/noticia/2026-06/bid-anuncia-us-58-bi-para-alianca-global-contra-fome-e-pobreza	2026-06-19	BID anuncia US$ 5,8 bi para a Aliança Global contra a Fome e a Pobreza	Dinheiro pode ser usado em empréstimos e doações a países membros	O Banco Interamericano de Desenvolvimento (BID) anunciou nesta sexta-feira (19), em Roma, a destinação de US$ 5,8 bilhões para a Aliança Global contra a Fome e a Pobreza, apoiada pelo governo brasileiro. Conforme o banco, “a Aliança Global contra a Fome e a Pobreza tem como objetivo acelerar o progresso na erradicação da fome e da pobreza por meio de apoio coordenado de seus membros a políticas e programas nacionais de grande escala e baseados em evidências”. Ainda segundo o BID, “a Aliança conta com mais de 215 membros, incluindo mais de 107 países, 31 organizações internacionais, 14 instituições financeiras internacionais e mais de 63 organizações filantrópicas e não governamentais”. Os recursos anunciados se somam aos US$ 4,1 bilhões alocados no ano passado para programas sociais de diferentes países. O somatório do dinheiro destinado em 2024 e neste ano, cerca de US$ 10 bilhões, perfazem 40% do valor que o BID propôs financiar até 2030, de US$ 25 bilhões. Os recursos podem ser usados para empréstimos e para cooperação técnica com doação de valores. A discriminação dos totais para cada projeto financiado, conforme o país, e a distribuição entre recursos doados e valores que serão recebidos como empréstimo, a serem pagos, deverão ser divulgados na próxima semana, de acordo com BID. >> Siga o canal da Agência Brasil no WhatsApp Os juros dos empréstimos do BID para o setor público de países têm como base a taxa diária de financiamento overnight garantido (SOFR na sigla em inglês), mais a margem de captação do banco, e mais o spread do empréstimo, que é a  margem de lucro obtida entre a captação feita pela instituição e o crédito concedido. Desde dezembro de 2022, o BID tem como presidente o economista brasileiro Ilan Goldfajn , que foi presidente do Banco Central durante o governo de Michel Temer (2016 a 2018). O banco é composto por 48 países. Desses, 26 são membros mutuários na América Latina e Caribe e podem receber financiamentos, como o Brasil. Os outros 22 membros não são mutuários, ou seja, participam da capitalização, mas não recebem financiamentos, como os Estados Unidos, o Canadá, alguns países da Europa e da Ásia. A Aliança Global contra a Fome e a Pobreza tem como co-presidentes a secretária de Estado para Cooperação Internacional da Espanha, Eva Granados, e o ministro do Desenvolvimento e Assistência Social, Família e Combate à Fome do Brasil, Wellington Dias.	Agência Brasil	direitos-humanos	False
https://agenciabrasil.ebc.com.br/direitos-humanos/noticia/2026-06/dia-mundial-do-refugiado-pedidos-de-asilo-sobem-11-no-brasil-em-2025	2026-06-20	Dia Mundial do Refugiado: pedidos de asilo sobem 11% no Brasil em 2025	Número de refugiados nas Américas chegou a 22,8 milhões	"Dados da Agência da Organização das Nações Unidas (ONU) para Refugiados (Acnur) apontam que os pedidos de asilo no Brasil aumentaram 11% em 2025 . A agência também avalia que houve avanço nas políticas nacionais para garantir acesso à permanência legal, ao emprego, a serviços essenciais e a oportunidades de inclusão. O aumento dos pedidos no Brasil segue a tendência do continente americano que, no ano passado, foi a principal região em deslocamento forçado, superando a África Oriental e Austral e o Oriente Médio. O número de refugiados nas Américas chegou a 22,8 milhões de pessoas, liderados por cidadãos venezuelanos acolhidos, quase em totalidade, por outros países da América Latina ou do Caribe. Este sábado, dia 20 de junho, marca o Dia Mundial do Refugiado e, de acordo com o representante da Acnur no Brasil, Davide Torzilli, esta é uma data de alerta: mais de 117 milhões de pessoas ainda estão deslocadas à força no mundo, apesar deste contingente ter registrado queda pela primeira vez, em mais de uma década. “Das cinzas da Segunda Guerra Mundial surgiu uma promessa: proteger as pessoas forçadas a fugir de conflitos, da violência e da perseguição. A comunidade internacional está falhando coletivamente com essas milhões de pessoas.” O representante da Acnur cobrou que as autoridades de todo o mundo promovam autonomia, independência e soluções de longo prazo para os refugiados, além de ações humanitárias. “Isso significa facilitar o acesso ao emprego formal e ao empreendedorismo, reconhecer qualificações, ampliar oportunidades de formação e fortalecer políticas de inclusão a quem já não pode contar com seus estados para proteger as suas vidas. Proteger uma pessoa refugiada é proteger toda a sociedade.” Confira mais informações sobre o assunto no Repórter Brasil Tarde , da TV Brasil Este ano, a campanha da Acnur para o Dia Mundial do Refugiado incentiva as gerações mais jovens a defenderem o direito ao asilo como um bem comum para toda a humanidade e o fundamento da proteção internacional. O lema escolhido foi: Até Cada Pessoa Estar a Salvo. No Rio de Janeiro, a data foi lembrada com a realização da feira Rio Refugia, coorganizada pela instituição Abraço Cultural, PARES Cáritas RJ e Sesc RJ, desde 2017. No ano passado, o evento foi reconhecido como patrimônio cultural imaterial do Estado do Rio de Janeiro pela Assembleia Legislativa. O público estimado das últimas edições foi de 6 a 7 mil pessoas. A programação ocupa o Sesc Tijuca, na Zona Norte da capital neste sábado (20) e domingo (21), das 10h às 18h, com feira gastronômica e de produtos de moda e arte, além de apresentações musicais e oficinas. Todos os expositores das feiras são pessoas refugiadas que vivem no Brasil, originárias de nove países: Venezuela, Colômbia, Angola, República Democrática do Congo, Síria, Nigéria, Irã, Cuba e Líbano. Refugiados de outros países também participam como mediadores das oficinas. As origens e histórias dos participantes do evento são diversas, mas todos vieram ao Brasil com o objetivo de reconstruírem suas vida com mais qualidade e dignidade. A artesã venezuelana Mili Yanes vive entre o Brasil e Venezuela há 14 anos, e em 2016 conseguiu autorização para viver de forma permanente em nosso país. “Eu tenho casa na Venezuela, mas eu sei que o que deixei lá eu não vou mais encontrar. Todo mundo sabe o que acontece na Venezuela. Eu vim com uma filha, depois chegaram mais dois filhos e depois chegou minha outra filha com as crianças. Eu já tenho três netinhos que nasceram aqui. Me identifiquei com o Brasil e criei uma vida”, ela conta. Anitha Agossou, nascida no Benim, participou do evento oferecendo uma oficina de turbantes ao lado da amiga Sylivia Korberwa, de Uganda. Elas se conheceram nas aulas de português oferecidas pelo Pares Cáritas aos refugiados recém-chegados que não falam o idioma. Anitha chegou ao Brasil em 2019, seguindo os passos da mãe, do tio e do irmão, que já viviam no país. “Quando minha mãe me ligou e disse que tinha uma oportunidade de eu vir, eu não pensei duas vezes. Larguei namorado, trabalho, e priorizei minha família… Fazia uns 10 anos que eu não a via”. Formada em Comunicação e Marketing no Benim, ela faz questão de lembrar que os refugiados deixam seus países para fugir de situações adversas, e não porque não tem qualificação. “Quando a gente é refugiada, pensam que a gente vem da pobreza, do mato. Mas a gente saiu de um lugar de privilégio, porque precisava vir para cá. Eu preciso falar isso porque muitas pessoas olham pra gente com desprezo. Têm medo da gente porque acham que nós somos selvagens, que não temos educação. Mas nós temos educação.” A amiga de Anitha, Sylivia, por exemplo, é formada em assistência social e trabalhava como bancária em Uganda, antes de vir para o Brasil há 7 anos, com a filha de apenas um ano. Aqui, foi acolhida por amigas de Uganda que já viviam no país. “As mulheres sempre apoiam mulheres, na minha experiência”, ela diz. Seguindo esse preceito, Sylivia fez de tudo para ajudar Anitha a conseguir uma vaga como professora na Abraço Cultural, uma das organizadoras da feira. Hoje ambas lecionam idiomas na organização: Syliva dá aulas de inglês e Anitha de francês. Recentemente, Syliva concluiu um mestrado em Segurança Pública e Justiça na Universidade Federal Fluminense, onde pesquisou a situação de mulheres africanas imigrantes e refugiadas. “Eu sou muito grata por essa oportunidade de trabalhar como professora porque foi uma experiência única, mas quero crescer profissionalmente”, ela acrescenta. O Pares Cáritas, instituição onde as amigas se conheceram, costuma ser o primeiro lugar que os refugiados procuram ao chegar ao Rio de Janeiro. La recebem acolhimento, informações sobre como regularizar a situação no país e acessar direitos básicos, e também aulas de português e capacitação profissional. De acordo com a coordenadora geral do Pares Cáritas, Aline Thuler, somente no primeiro trimestre deste ano, a instituição já realizou cerca de 1,2 mil atendimentos, a pessoas de quase 60 nacionalidades diferentes. Quase metade é venezuelana, e houve aumento este ano de pessoas vindas do Haiti e da Síria. Ela diz que as leis de acolhimento a refugiados do Brasil são exemplo mundial, mas há gargalos para efetivar os direitos previstos. ""Ainda há desconhecimento de quem está na ponta sobre os refugiados, o que gera dificuldade pra ser atendido em uma unidade de saúde ou para matricular uma criança na escola…” Mas o principal desafio, segundo a coordenadora do Pares Cáritas, é a reinserção profissional. “A gente tem muita gente com nível de graduação, às vezes mestrado e quando chega ao Brasil, não consegue trabalhar na área de formação. A burocracia é muito grande para validar o diploma e exige documentação que às vezes um refugiado não tem como conseguir” Aline Thuler alerta também que essa dificuldade torna os refugiados mais vulneráveis à exploração e até ao trabalho análogo à escravidão. “É preciso sensibilizar as empresas para duas coisas, explicar que ele não está empregando uma pessoa ilegal, que o refugiado pode trabalhar e também que essa pessoa tem os mesmos direitos que o trabalhador brasileiro”"	Agência Brasil	direitos-humanos	False
