URL	Data	Titulo	Subtitulo	Conteudo	Author	Categoria	is_fake
https://agenciabrasil.ebc.com.br/esportes/noticia/2026-10/fim-de-uma-era-messi-se-aposenta-da-selecao-argentina-apos-21-anos	2026-10-07	Fim de uma era: Messi se aposenta da seleção argentina após 21 anos	Craque marca e dá duas assistências em vitória de 3 a 0 sobre o Benin	A história de Lionel Andrés Messi com a camisa de listras azuis e brancas chegou ao fim. No Monumental de Nuñez, em Buenos Aires, o que menos importou foi o marcador do amistoso contra o Benin - os sul-americanos venceram por 3 a 0. A noite de terça-feira (6) valeu mesmo por proporcionar ao torcedor argentino e do resto do mundo uma última oportunidade de ver o camisa 10 desfilar, pela seleção, o talento que fez dele um dos maiores jogadores da história. Messi se despediu da Albiceleste (alviceleste, na tradução do espanhol, apelido do time argentino) com 208 jogos, 126 gols e 70 assistências. Foram 21 anos de seleção e quatro títulos: as copas América de 2021 e 2024, a Finalíssima - duelo entre os campeões sul-americano e europeu - e a Copa do Mundo, em 2022.  O capitão venceu o Mundial sub-20 de 2005 e o ouro na Olimpíada (cujo torneio é sub-23) de 2008, em Pequim (China). No ônibus, a caminho do Monumental, Messi já estava em prantos, flagrado pelas câmeras de TV que acompanhavam a viagem. Durante o aquecimento, foi a vez de Lionel Scaloni - técnico com quem o ídolo, enfim, sagrou-se campeão pela Argentina em torneios oficiais - não segurar a emoção. Na execução do hino nacional, os dois deixaram as lágrimas escorrerem pelo rosto novamente. Confira mais informações sobre a despedida de Messi no Repórter Brasil, da TV Brasil Inicialmente marcado para 20h (horário de Brasília), o duelo em Buenos Aires começou com meia hora de atraso. Com a bola rolando, Messi foi justamente quem mais buscou o gol na primeira etapa do lado argentino, parando duas vezes em defesas do goleiro Marcel Dandjinou e mais duas em finalizações para fora. Sem pressão, a seleção do Benin foi quem esteve mais perto de balançar as redes. A melhor chance foi aos 18 minutos. Após cruzamento do atacante Rodolfo Aloko pela direita, o meia Junior Olaitan se antecipou ao goleiro Dibu Martínez na pequena área e concluiu para fora. Se o primeiro tempo deixou uma sensação agridoce pelo 0 a 0 contra um rival 91 posições atrás no ranking da Federação Internacional de Futebol (Fifa), Messi e companhia resolveram o problema na volta do intervalo . Aos dois minutos, o camisa 10 bateu escanteio da esquerda e o zagueiro Nicolás Otamendi - que também se despedia da seleção argentina - mandou para as redes de primeira. Foi a 69ª assistência do astro pela Albiceleste. Aos dez, foi a vez de Messi ser acionado na direita e encontrar Nico Paz na entrada da área. O meia levou a bola para a perna esquerda e chutou cruzado, sem chances para Dandjinou. Um gol simbólico, iniciado com a 70ª assistência pela seleção do astro maior da festa e finalizado por um jovem de 22 anos, cotado justamente para ser o substituto do craque. Veio, então, o clímax da noite. Aos 22 minutos, o zagueiro Taminou Ouorou fez dura falta no lateral Agustín Giay, do Palmeiras, na área. Pênalti claro. E Messi não desperdiçou. O atacante cobrou no ângulo esquerdo da meta do Benin, deslocando Dandjinou. Êxtase no Monumental, fora e dentro de campo. Messi ainda teve duas grandes chances. Aos 29, ele recebeu cruzamento rasteiro pela esquerda do atacante Nico González e concluiu para fora, na cara do gol. Aos 43, teve o chute de primeira no canto direito defendido pelo goleiro Saturnin Allagbé, que espalmou para a trave. Aos 49 minutos do segundo tempo, o apito do árbitro chileno Fernando Véjar deu fim à era Messi na seleção argentina. A última dança do craque - ao menos a serviço de seu país - está completa.	Agência Brasil	esportes	False
https://agenciabrasil.ebc.com.br/esportes/noticia/2026-10/alison-dos-santos-concorre-ao-premio-melhor-do-ano-da-world-athetics	2026-10-06	Alison dos Santos concorre ao prêmio Melhor do Ano da World Athetics	Brasileiro quebrou o recorde mundial nos 400m com barreiras	Atual recordista mundial nos 400 metros com barreiras, o brasileiro Alison dos Santos foi indicado nesta terça-feira (6) ao prêmio de Melhor Atleta do Ano da Federação Internacional de Atletismo (World Athetics). Piu fez uma temporada memorável, com direito à quebra de recorde na Diamond League Zurique (Suiça) e a conquista da Liga Diamante, prinicipal circuito de atletimo, pela terceira vez na carreira. E teve mais: Alison levantou o troféu da edição inaugural do Mundial de Atletismo Ultimate, em Budapeste (Hungria), que reuniu os melhores do mundo. Além do paulista de São Joaquim da Barra, outros nove atletas homens concorrem com Piu ao prêmio, entre eles o sueco Mondo Duplantis (recordista mundial no salto com vara) e o queniano Sebastian Sawe, que este ano foi o mais rápido na história da maratona de Londres, com o tempo de 1h59min30. Na relação de 10 corredoras mulheres indicadas não constam representantes brasileiras. Os finalistas ao prêmio de Melhor Atleta do Ano serão definidos  por meio de votação até meia-noite de 17 de outubro (horário da Europa Central). Quatro grupos estão aptos a votar, cada um com 25% de peso: fãs da World Athetics ( clique AQUI para votar) ; atletas que tenham disputado competições da World Athetics Series 2026; profissionais da imprensa; e integrantes da “Família World Athletics”, como membros do Conselho e de comissões, organizadores de competições e representantes de atletas. The 2026 Men’s World Athlete of the Year Nominees ✨ Who has your vote? 👉 https://t.co/QGROSu3J3K Voting closes on Saturday 17th of October at 11:59 PM CEST. #AthleticsAwards https://t.co/62wyFKXJdr Os três finalistas em cada gênero serão anunciados nos dias 10 e 11 de novembro. A entrega do prêmio Melhor Atleta do Ano será em Mônaco, em 29 de novembro. Duas vezes medalhista olímpico (bronze em Tóquio 2020 e Paris 2024), Piu estabeleceu o novo recorde mundial na prova dos 400m com barreiras ao cravar 45s80 na Diamond Lague Zurique (Suíça), superando a marca anterior (45s94) do norueguês Karsten Warholm, obtida em 2021 na Olimpíada de Tóquio. O paulista também foi tricampeão da Liga Diamante ao vencer todas as seis etapas da Diamond League que disputou: Shaoxing (China), Xiamen (China), Oslo (Noruega), Estocolmo (Suécia), Silésia (Polônia), Zurique (Suíça) e Bruxelas (Bélgica). Piu já arrematara a Liga Diamente em 2022 e 2024. Em setembro, Alison do Santos também venceu a primeira edição do Mundial de Atletismo Ultimate, em Budapeste (Hungria), que reuniu os melhores do planeta, entre eles o norte-americano Rai Benjamin e o norueguês Warholm.	Agência Brasil	esportes	False
https://agenciabrasil.ebc.com.br/esportes/noticia/2026-10/dupla-de-luisa-stefani-avanca-quartas-do-wta-1000-de-pequim	2026-10-06	Dupla de Luisa Stefani avança às quartas do WTA 1000 de Pequim	Recém-bicampeã do SP Open deve voltar à quadra na quinta-feira (8)	"A dupla da tenista brasileira Luisa Stefani com a canadense Gabriela Dabrowski se classificou às quartas de final do WTA 1000 de Pequim (China). Nesta terça-feira (6), elas emplacaram a segunda vitória no torneio: derrotaram por 2 sets a 0 (parciais de 6/3 e 6/4) a parceria da norte-americana Quinn Gleason com a norueguesa Ulrike Eikeri. As adversárias na próxima fase serão as vencedoras do duelo entre as italianas Sara Errani e Jasmine Paolini contra a dupla da britânica Katie Boulter com a ucraniana Yuliia Starodubtseva, programado para as 2h (horário de Brasília) desta quarta (7). Após a vitória de hoje, Stefani se encontrou com o multicampeão Novak Djokovic, momentos após o sérvio faturar o  momentos após o sérvio vencer o heptacampeonato na China. “Incrível o que ele vem fazendo aqui em Pequim, nunca perdeu nessa quadra. Assistimos o jogo dele contra o Zverev [quartas de final], basicamente uma escola de tênis. Ele foi simpático para tirar uma foto mesmo com todas as exigências pós-jogo"", disse a brasileira. Já classificadas para o WTA Finals - torneio que reúne as melhores oito duplas da temporada -, Stefani e Dabrowski estrearam no torneio de Pequim no último domingo (4), quando superaram as chinesas Qianhui Tang e Yifan Xu, com um duplo 6/4.  A parceria Brasil-Canadá deve voltar à quadra na próxima quinta (6)."	Agência Brasil	esportes	False
https://agenciabrasil.ebc.com.br/esportes/noticia/2026-10/ex-zagueiro-do-tottenham-ramon-vega-concorrera-a-presidencia-da-fifa	2026-10-07	Ex-zagueiro do Tottenham Ramon Vega disputará presidência da Fifa	Ele é o primeiro candidato a desafiar Infantino na eleição de 2027	"O ex-zagueiro do Tottenham Hotspur Ramon Vega declarou nesta quarta-feira (7) sua intenção de concorrer à eleição presidencial da Fifa no próximo ano contra seu compatriota suíço Gianni Infantino, tornando-se o primeiro candidato a declarar publicamente sua ambição de desafiar o atual presidente. Infantino, que busca a reeleição em março, tem enfrentado oposição crescente desde sua tentativa fracassada, em julho, de atrair investidores privados para uma nova entidade comercial da Fifa que deteria direitos relacionados a competições, incluindo a Copa do Mundo. Vega, de 55 anos, representou a Suíça de 1993 a 2001 e teve uma carreira em clubes que incluiu passagens por Cagliari, Spurs, Celtic e Watford. Ele conquistou a Copa da Liga com o Spurs em 1999, antes de ajudar o Celtic a conquistar a tríplice coroa nacional na temporada 2000-01, levando para casa o título da Premier League escocesa, da Copa da Escócia e da Copa da Liga escocesa. “Meu objetivo é claro: servir ao futebol e às pessoas que dão vida a esse esporte”, afirmou Vega em seu manifesto. “Estou concorrendo para reunir a família global do futebol, promover reformas genuínas e duradouras, modernizar a Fifa para o século 21, restaurar a estabilidade e a credibilidade e reconstruir a confiança de que nosso esporte precisa urgentemente.” No mês passado, a Federação Suíça de Futebol tornou-se a mais recente entidade nacional a retirar seu apoio à candidatura de Infantino para um novo mandato como presidente da Fifa. A decisão representou mais um revés para o candidato de 56 anos, já que as federações de futebol da Inglaterra, do País de Gales, da França, da Sérvia e de vários outros países europeus já haviam retirado seu apoio antes da eleição. A Uefa, órgão que rege o futebol europeu, comprometeu-se a apresentar um candidato rival antes do prazo final de novembro. No mês passado, Infantino escreveu às 211 federações-membro da Fifa propondo uma análise independente dos processos de tomada de decisão da entidade. Vega é o primeiro candidato a confirmar publicamente sua intenção de desafiar Infantino. Vega também havia considerado concorrer à presidência da Fifa em 2015, 2019 e 2022. “O futebol não pertence a presidentes, confederações ou administradores”, acrescentou Vega. “O futebol é maior do que qualquer cargo, qualquer indivíduo ou qualquer instituição."" “É o esporte do povo e pertence a todos: jogadores, treinadores, árbitros, torcedores, voluntários, clubes, ligas, federações e comunidades que dão vida ao futebol"", continuou. “A atual liderança desmoralizou o esporte... A governança fraca prejudicou a credibilidade da Fifa e minou a confiança em toda a família do futebol mundial. Precisamos impedir que esse conflito se agrave.” A Reuters entrou em contato com a Fifa para solicitar comentários da entidade e de Infantino. * É proibida a reprodução deste conteúdo."	Agência Brasil	esportes	False
https://agenciabrasil.ebc.com.br/esportes/noticia/2026-10/com-sete-ouros-brasil-lidera-open-das-americas-de-halterofilismo	2026-10-07	Com sete ouros, Brasil lidera Open das Américas de halterofilismo	Evento no México vale pontos no ranking que dá vaga em Los Angeles	"O Brasil tem dominado as disputas do Open das Américas de halterofilismo, torneio realizado na Cidade do México que vale pontos no ranking de classificação à Paralimpíada de Los Angeles (Estados Unidos), em 2028. Após três dias de competição, que segue até esta quinta-feira (8), a delegação já acumula 14 pódios, ocupando o topo sete vezes e liderando o quadro geral de medalhas. O desempenho dessa terça-feira (6) foi decisivo para os brasileiros dispararem na ponta do quadro. Foram quatro ouros e três dobradinhas - quando dois atletas de um mesmo país chegam juntos ao pódio. A paulista Mariana D'Andrea, atual bicampeã paralímpica, fez jus ao favoritismo e venceu entre as atletas até 73 quilos (kg). De quebra, estabeleceu o novo recorde das Américas da categoria, erguendo 146 kg, um quilo a mais que a marca dela própria em 2024. A mineira Caroline Fernandes, com 119 kg, levou a prata. ""O meu treinador [Valdecir Lopes, técnico-chefe da seleção de halterofilismo] sempre fala que é difícil chegar [ao topo], mas o mais difícil é se manter, porque a gente vira alvo de todo mundo. Então, a gente tem que estar bem disciplinada, que isso faz diferença na hora de buscar uma medalha. E quando você sente o gosto do ouro, de ser uma campeã paralímpica, isso te motiva a querer mais e manter seu espaço"", disse Mariana, que tem nanismo, em entrevista à TV Brasil antes do embarque para o México. Na categoria até 80 kg, melhor para Ailton de Souza. O paraibano, que sofreu com paralisia infantil após um erro médico no nascimento, levantou 201 kg e conquistou o ouro, com boa vantagem para o equatoriano Sebastian Ayala (166 kg) e o mexicano Jairo Santiago (161 kg), que completaram o pódio. Medalhista de bronze na Paralimpíada de Paris (França) em 2024, entre halterofilistas até 67 kg, Maria de Fátima Castro passou a competir com atletas de até 79 kg. No Open, a amazonense venceu na nova categoria ao erguer 135 kg, quatro a mais que a brasiliense Gabrielle Lima, segunda colocada em outra dobradinha brasileira. O Brasil também repetiu a parceria ouro-prata na antiga categoria de Maria de Fátima. A paulista Laira Guimarães assegurou o primeiro lugar com 109 kg de marca, superando a paraense Naira Cruz (106 kg). Ambas competiam entre atletas até 61 kg e mudaram de peso neste novo ciclo paralímpico. Na segunda-feira (5), a potiguar Maria Rizonaide da Silva conquistou o ouro na categoria até 50 kg. A gaúcha Ana Paula Marques (até 61 kg) e a mineira Cristiane Reis (até 55 kg) levaram o bronze. Já o rondoniense Kauê Motta, estreante em torneios internacionais após trocar o fisiculturismo pelo halterofilismo, ficou em quarto lugar entre os competidores até 65 kg, a um quilo do pódio. A participação brasileira teve início no último domingo (4), com quatro medalhas. Os mineiros Marco Túlio Cruz (até 49 kg) e Lara Lima (até 45 kg) foram ouro, enquanto o potiguar João Maria França (até 59 kg) conquistou a prata e a paulista Brenda Pepe (até 41 kg) foi bronze. O Open das Américas é uma das competições obrigatórias para atletas do continente que buscam vaga em Los Angeles. No ano que vem, os Jogos Parapan-Americanos de Lima (Peru) e o Campeonato Mundial da Cidade do México serão os dois eventos necessários para cumprir a exigência da World Para Powerlifting (WPPO), braço do Comitê Paralímpico Internacional (IPC, sigla em inglês) que cuida da modalidade. Já em 2028, quando fecha o ranking, os atletas devem participar de, ao menos, duas etapas da Copa do Mundo de halterofilismo. Os oito melhores de cada categoria de peso que tenham cumprido os requisitos da WPPO se classificam à Paralimpíada."	Agência Brasil	esportes	False
https://agenciabrasil.ebc.com.br/esportes/noticia/2026-10/tecnico-de-portugal-e-federacao-abrem-portas-para-retorno-de-cr7	2026-10-05	Técnico de Portugal e federação abrem as portas para retorno de CR7	Atacante deixou a equipe depois de não entrar em campo contra Noruega	O técnico da seleção portuguesa, Jorge Jesus, afirmou que Cristiano Ronaldo pode retornar à seleção caso assim o deseje, deixando a porta aberta para o capitão de 41 anos após sua saída repentina do elenco na semana passada. Ronaldo deixou o centro de treinamento de Portugal depois de ficar no banco sem entrar em campo na vitória sobre a Noruega e de saber que não seria titular contra a Dinamarca. Posteriormente, ele afirmou nas redes sociais que explicaria os motivos de sua saída da seleção “no momento oportuno”. “Se ele quiser, vai voltar à seleção. Podemos conversar antes da próxima convocação, mas é o Cris quem vai decidir”, disse Jesus aos repórteres após a vitória de Portugal por 2 a 1 sobre a Noruega na Liga das Nações, no domingo (4). “É ele quem deve decidir como quer encerrar sua passagem pela seleção. Na minha primeira convocação, eu disse: ‘Preciso de você, preciso que você esteja ao meu lado, jogando ou não, preciso de você’. E agora estou dizendo a mesma coisa.” Portugal, atual campeão, venceu por 4 a 2 na Dinamarca sem Ronaldo e, em seguida, derrotou a Noruega no domingo (4), mantendo um histórico perfeito no Grupo A4 e garantindo uma vaga nas quartas de final da Liga das Nações. Ronaldo, cinco vezes vencedor da Bola de Ouro, é o maior artilheiro e o jogador com mais partidas pela seleção de Portugal, com 146 gols em 234 partidas internacionais. O presidente da Federação Portuguesa de Futebol, Pedro Proença, também afirmou que Ronaldo continua fazendo parte dos planos da seleção, descrevendo o episódio como um mal-entendido que deve ser resolvido internamente. “Ele está na seleção nacional por mérito esportivo, e isso deve ser inquestionável”, disse Proença à RTP. “Temos que prestar homenagem a Cristiano Ronaldo.” Jesus, que também treinou Ronaldo no clube saudita Al-Nassr, espera que o atacante esteja disponível para a próxima janela de jogos internacionais, caso queira retornar. Portugal recebe a Dinamarca no dia 14 de novembro, antes de visitar o País de Gales três dias depois. * É proibida a reprodução deste conteúdo.	Agência Brasil	esportes	False
https://agenciabrasil.ebc.com.br/esportes/noticia/2026-10/selecao-feminina-sub-17-e-convocada-para-mais-uma-copa-do-mundo	2026-10-04	Seleção feminina sub-17 é convocada para mais uma Copa do Mundo	Lista de 26 atletas tem Corinthians, Ferroviária e São Paulo com base	A seleção brasileira feminina está convocada para disputar a Copa do Mundo sub-17 deste ano, em Marrocos, entre os dias 17 de outubro e 7 de novembro. A técnica Rilany Silva anunciou a lista com 26 jogadoras, que embarca ainda neste domingo (4), às 22h (horário de Brasília). A vaga na Copa foi garantida em abril, com o título do Campeonato Sul-Americano sub-17, no Paraguai. As convocadas para a competição faziam parte do grupo de 28 atletas que treinava na Granja Comary, em Teresópolis (RJ), desde o último dia 22 de setembro. A base da seleção chamada por Rilany atua no futebol paulista. Corinthians, São Paulo e Ferroviária contam, cada um, com seis convocadas. A lista também reúne atletas do Internacional e do Flamengo (duas de cada), além de dois clubes do exterior: Wichita (Estados Unidos) e Nordsjelland (Dinamarca). A Ferroviária é a atual campeã brasileira sub-17. Na decisão deste ano, as Guerreirinhas Grenás conquistaram o título em cima do Internacional, após empatarem por 4 a 4 na Arena da Fonte Luminosa, em Araraquara (SP), e vencerem por 2 a 1 no Passo D'Areia, em Porto Alegre. Os jogos foram transmitidos ao vivo pela TV Brasil . O Brasil está no Grupo C do Mundial, ao lado de Canadá, Noruega e Gana. Os jogos da primeira fase serão disputados na Academia de Futebol Mohammed VI, em Salé, região metropolitana da capital marroquina Rabat. A estreia brasileira será no dia 18 de outubro, às 12h, diante do Canadá . Três dias depois, às 15h, o desafio será contra Gana. Por fim, dia 24, novamente às 12h, a seleção canarinho encerra a participação na fase de grupos tendo pela frente a Noruega. A Copa reúne 24 seleções, divididas em seis grupos com quatro equipes. Os dois primeiros de cada chave mais os quatro melhores terceiros colocados avançam às oitavas de final. Esta será a 10ª edição da competição, realizada pela primeira vez em 2008. Até 2024, o torneio ocorria a cada dois anos. A partir de 2025, passou a ser realizado anualmente. Na última edição, em 2025, também disputada no Marrocos, o Brasil realizou a melhor campanha da história, chegando às semifinais. A seleção canarinho foi eliminada pela Coreia do Norte, que chegou ao quarto título, e caiu nos pênaltis para o México no jogo que valia o terceiro lugar. Goleiras Nathalia Borges – Corinthians Isa Dossena – Ferroviária Andressa Macedo – Wichita (EUA) Defensoras Andreyna – Ferroviária Kaillany Ranifah – Corinthians Eloisa Feijó – São Paulo Emilly França – Ferroviária Isadora Rech – Internacional Meio-campistas Sarah Coelho – São Paulo Carol Melo – Corinthians Gigi Pires – São Paulo Pepê – Corinthians Indy Botasso – Nordsjelland (Dinamarca) Helena Rodrigues – São Paulo Atacantes Nayane Souza – Ferroviária Laurinha – Internacional Letícia Pinho – Flamengo Greise – Ferroviária Sofia Gamonal – São Paulo Marcelinha – Ferroviária Nicolly Manuel – Flamengo	Agência Brasil	esportes	False
https://agenciabrasil.ebc.com.br/esportes/noticia/2026-10/alcaraz-derrota-lehecka-e-volta-conquistar-titulo-no-atp-do-japao	2026-10-06	Alcaraz derrota Lehecka e volta a conquistar título no ATP do Japão	É a 1ª conquista do espanhol após afastamento de 5 meses por lesão	"Carlos Alcaraz teve mais uma partida com início lento, mas acabou derrotando o tcheco Jiri Lehecka por 7/6(4) e 6/4 na final do Aberto do Japão, nesta terça-feira (6), mantendo o título e dando continuidade à sua recuperação após um longo período de afastamento devido a uma lesão no punho. A vitória no torneio ATP 500 é a terceira de Alcaraz neste ano, depois do Aberto da Austrália e do Aberto do Catar, antes de o tenista de 23 anos ficar afastado das quadras por quase cinco meses e retornar no Aberto dos Estados Unidos no final de agosto. “Estou muito feliz por poder levantar um troféu novamente”, disse Alcaraz. “Já faz um tempo e, obviamente, é ainda mais especial depois da minha lesão e do meu retorno, no segundo torneio que estou disputando."" “Foi uma semana muito difícil e não joguei meu melhor tênis nem atingi meu melhor nível, mas encontrei boas soluções e é isso que importa no final das contas.” Winning vibes 🔥 #KinoshitaJOTennis https://t.co/xSNjYrbrxN Alcaraz se tornou o primeiro homem a conquistar dois títulos consecutivos em Tóquio desde o norte-americano Pete Sampras, em 1993-94. O número três do mundo começou vacilante, perdendo o saque no primeiro game, mas logo se recuperou e aumentou a intensidade para quebrar o saque do número 19 do mundo, Lehecka, com um backhand fulminante, empatando em 3-3. Alcaraz disse que sua vitória ajudou a dissipar as dúvidas que enfrentou durante o período de afastamento por lesão. “Muitos pensamentos negativos vêm à sua mente”, acrescentou Alcaraz. “Se vou voltar saudável, se vou voltar igual a como era antes, se serei capaz de bater na bola normalmente sem dor. Confiei em mim mesmo e deu certo.” Alcaraz voltará à ação no Masters de Xangai. * É proibida a reprodução deste conteúdo."	Agência Brasil	esportes	False
https://agenciabrasil.ebc.com.br/esportes/noticia/2026-10/sao-paulo-segura-corinthians-e-e-campeao-brasileiro-pela-1a-vez	2026-10-03	São Paulo segura Corinthians e é campeão brasileiro pela 1ª vez	Soberanas derrubam rivais e torcida bate recorde de público	O dia 3 de outubro de 2026 já está marcado na história do futebol feminino do Brasil. Após uma soberania absoluta do Corinthians, vencedor das seis edições anteriores, de sete das últimas oito e finalista pela décima vez consecutiva do Campeonato Brasileiro A1, o São Paulo empatou com o rival neste sábado por 1 a 1, no Morumbis e, com a vitória no jogo de ida, confirmou o título inédito da competição. De quebra, jogando em casa, a torcida tricolor bateu recorde de público em partidas entre clubes na América do Sul. Foram exatas 49.405 pessoas presentes no estádio, fazendo e presenciando a história. A TV Brasil transmitiu a partida ao vivo para todo o país. O confronto final do campeonato começou com roteiro parecido com o do primeiro duelo da final. Naquela ocasião, o Corinthians, que era o mandante na Neo Química Arena, abriu o placar antes dos 10 minutos e sofreu o empate por volta dos 20 (o Tricolor viria a virar e vencer por 2 a 1). Neste sábado, foi o São Paulo que marcou primeiro aos 10 minutos. Bia Menezes recebeu pela esquerda e, quando todos esperavam que ela fizesse o cruzamento para a área, a lateral procurou o gol e, mesmo com ângulo desfavorável, surpreendeu a goleira Nicole para colocar as Soberanas na frente. O Tricolor passava a ter uma frente de dois gols e ao Corinthians só restava ir atrás da virada. Aos 18, as Brabas receberam um presente. Após lançamento longo que não causou problemas, tudo parecia sob controle para o São Paulo. No entanto, ao tentar afastar, a goleira Carlinha jogou a bola diretamente no pé de Juliete. O desvio foi suficiente para a bola entrar e igualar o placar. O susto deixou o São Paulo alerta novamente. As Soberanas chegaram a marcar de novo aos 23 minutos, com Crivelari, de cabeça, mas a posição de impedimento foi assinalada. Na volta do intervalo, o Corinthians adiantou suas linhas e passou a pressionar mais a saída do São Paulo do seu próprio campo. As Soberanas cometeram alguns erros, que proporcionaram chances às Brabas. Jaqueline arriscou de fora da área para defesa de Carlinha e, poucos minutos depois, Jhonson recebeu no meio da defesa tricolor já dentro da área mas acabou chutando para fora. Aos 20 minutos, veio o lance capital. Após cobrança de falta pela direita, Robinha puxou Érika dentro da área e o VAR alertou. Pênalti para o Timão. Um gol igualaria o placar agregado da decisão e levaria a definição para mais penalidades. No entanto, não foi o que aconteceu. Gabi Zanotti cobrou fraco, no canto esquerdo e Carlinha defendeu sem dar rebote. Dali em diante, os dois times partiram em busca de um último golpe e o jogo ficou mais aberto, porém sem a organização suficiente para que mais chances realmente perigosas fossem criadas. O primeiro êxtase veio na reta final, quando o público presente foi anunciado, estabelecendo o novo recorde, superando, aliás, uma partida da final de 2024, em que o Corinthians levou mais de 44 mil pessoas à Neo Química Arena para testemunharem o título diante justamente do São Paulo. Num final tenso, com mais de nove minutos de acréscimo, o torcedor tricolor pôde enfim vibrar com o título inédito no Morumbis recheado de gente. A conquista do São Paulo interrompeu a sequência do Corinthians mas estendeu outra: pelo décimo campeonato consecutivo, um time paulista levantou a taça. Foram sete conquistas do Timão, além de uma de Santos, Ferroviária e São Paulo cada.	Agência Brasil	esportes	False
https://agenciabrasil.ebc.com.br/esportes/noticia/2026-10/elas-em-campo-e-tema-do-caminhos-da-reportagem-desta-segunda-feira	2026-10-05	"""Elas em campo"" é tema do Caminhos da Reportagem desta segunda-feira"	Programa vai ao ar às 23h na TV Brasil	"Em menos de um ano, em junho de 2027, oito cidades brasileiras sediarão jogos da primeira edição de uma Copa do Mundo Feminina realizada na América do Sul, recebendo 32 seleções de todo o mundo. A grandiosidade do evento reforça a importância do debate sobre o futebol feminino e demonstra que, ainda que estejamos evoluindo na modalidade, ainda há desafios a serem superados. Se a geração das primeiras jogadoras a representar o país na seleção não tinha salários e recebia apenas uma ajuda de custo, inclusive nos seus clubes, hoje já existem várias competições nacionais e internacionais e mesmo de categorias de base, com um cenário consolidado de jogos. Se antes era preciso conciliar a paixão pelos campos com outros trabalhos, hoje já existe toda uma cadeia de mulheres atuando profissionalmente em cada etapa da modalidade, dentro e fora das quatro linhas. Apesar disso, ainda há machismo e preconceito. Competições de várzea femininas ou espaços de formação e treinamento exclusivos para meninas são raros e surgem de iniciativas pontuais. Na semana em que é coroada mais uma equipe como vencedora do Campeonato Brasileiro de Futebol Feminino, com grandes torcidas enchendo estádios e apoiando suas atletas, é preciso lembrar que se uma mulher quisesse jogar bola entre os anos 1940 e meados de1980 no Brasil, ela era proibida por lei de praticar esse esporte, sob a justificativa de que teria a saúde física prejudicada. Hoje, no entanto, apesar das resistências que surgem, inclusive dentro das próprias famílias e de toda a sociedade, já é possível ver meninas e jovens sonhando com uma carreira no esporte, ou mesmo desejando simplesmente jogar bola, seja por amor ou diversão, em diferentes fases da vida. Também já é possível reconhecer e reverenciar toda uma geração de pioneiras que pavimentaram esse caminho e são referências da potência que ainda podemos nos tornar, algumas inclusive trabalhando pela modalidade mesmo após oficialmente 'pendurarem as chuteiras'. Márcia Honório, uma dessas precursoras na seleção brasileira e que fez parte da primeira equipe a representar o Brasil em uma Copa do Mundo, fala sobre a emoção desse momento. ""Quando você pega um telegrama daquele e se vê convocada, e quando está fora do seu país e ouve o Hino Nacional, é emocionante até hoje. A gente gostava e tinha garra, uma vontade de querer ganhar para chegar ao país e falar assim: 'ó, agora vocês precisam ajudar o futebol feminino'"". A equipe do Caminhos da Reportagem conversou com especialistas, atletas e ex-atletas, gestoras, jogadoras de várzea, empreendedoras, meninas e mulheres que vivem e, acima de tudo, amam o futebol. Elas contam como está a modalidade hoje, os desafios já superados e as expectativas para o que as próximas gerações encontrarão. A ex-jogadora Formiga, recordista absoluta em tempo de atuação e em número de vezes representando o Brasil em copas do mundo, reconhece a importância desse pertencimento dentro da categoria: ""Eu passei de Miraíldes, a Mira, da família e dos amigos, para Formiga. E só aí vim entender que não só a Miraíldes jogava futebol, existiam outras mulheres que também passaram o mesmo ou pior, que eu não era a única mulher estranha no mundo.  Até então eu me achava um ser humano estranho, por ser a única menina ali que jogava realmente futebol no meio dos meninos"". A jornalista Milly Lacombe lembra a importância dessa participação coletiva nos processos: ""Eu acho que a principal mudança é a ideia de que juntas, conseguimos coisas, sozinha ninguém consegue nada. Então, a ideia de que a luta pela emancipação feminina não se separa da luta pelo futebol feminino. Eu diria que essa consciência de que a gente é classe, é um grupo, de que vamos juntas. Eu acho isso muito bonito no futebol feminino, que tem uma história de amor que o masculino não tem"", afirma. O momento é de otimismo e de maior espaço para a modalidade, inclusive por causa da copa no Brasil, e as entrevistadas imaginam um futuro com mais desenvolvimento para o futebol feminino . A treinadora de times da várzea Lu Leal diz o que espera para as novas gerações: ""Meu maior sonho é ver as atletas que estão batalhando alcançar o objetivo chegar, ganhar e ter oportunidades. É o que elas merecem."" O Caminhos da Reportagem ""Elas em campo: futebol, paixão e resiliência "" será exibido hoje (5), às 23h, na TV Brasil. No próximo mês, o tema será retomado em outro programa que tratará das condições e do cenário do futebol feminino como profissão e possibilidade de carreira para jovens mulheres."	Agência Brasil	esportes	False
https://agenciabrasil.ebc.com.br/esportes/noticia/2026-10/campea-brasileira-carol-gil-e-convocada-para-amistosos-da-selecao	2026-10-05	Campeã do Brasileirão, Carol Gil é convocada para amistosos da seleção	Brasil encara Argentina no sábado (10), às 16h30, em Porto Alegre	Campeã do Brasileirão Feminino no último sábado (3), a zagueira do São Paulo Carol Gil se juntará à seleção brasileira para os amistosos contra a Argentina nos dias 10 e 13 de outubro, em Recife e Porto Alegre, respectivamente. A atleta foi convocada pelo técnico Arthur Elias nesta segunda-feira (5) no lugar de Thais Ferreira (Corinthians), cortada da equipe em razão de um desconforto no joelho esquerdo. Boa parte das 28 convocadas começou a se apresentar no domingo (4) em Porto Alegre, onde ocorrerá a primeira partida no próximo sábado (10), às 16h30 (horário de Brasília), no Estádio Beira Rio. Já estão na concentração as jogadoras Kaylane, Raíssa Bahia, Bia Zaneratto, Tainá Magalhães, Yanne, Marília, Duda Sampaio, Jhonson, Jaque, Tayla e Carlinha. As demais atletas se unem ao grupo até terça (6). Um post compartilhado por Seleção Feminina de Futebol (@selecaofemininadefutebol) O grupo participa das primeiras atividades nesta segunda e terça-feira. A partir de quarta (7), Arthur Elias comanda os treinos no Sesc Protássio Alves, na capital gaúcha, com presença da imprensa nos 15 minutos iniciais. O último deles será na sexta (9) no Beira-Rio. Sábado (10) Brasil x Argentina, às 16h30, no Estádio Beira-Rio, em Porto Alegre (RS) Terça-feira (13) Brasil x Argentina, às 20h30, na Arena Pernambuco, em Recife (PE)	Agência Brasil	esportes	False
https://agenciabrasil.ebc.com.br/esportes/noticia/2026-10/na-malasia-verstappen-faz-sua-primeira-pole-position-da-temporada	2026-10-03	Na Malásia, Verstappen faz sua primeira pole position da temporada	Tetracampeão tenta primeira vitória em 2026; Bortoleto largará em 10º	Na manhã deste sábado (3), o holandês Max Verstappen, da Red Bull Racing, fez o que ainda não havia conseguido em 2026. Na 16ª etapa da temporada, enfim, veio a primeira pole position para o piloto tetracampeão do mundo de Fórmula 1. No GP do Bahrein, que este ano está sendo disputado na Malásia por conta das tensões bélicas no Oriente Médio, Verstappen encerrou um jejum que começou em dezembro de 2025, quando fez o melhor tempo no treino classificatório no GP de Abu Dhabi, que encerrou o calendário da categoria no ano passado. Verstappen fez o tempo de 1min35s130, ficando 0s298 à frente de Lewis Hamilton, da Ferrari e 0s501 do atual líder da temporada, o italiano Kimi Antonelli, da Mercedes. O companheiro de Verstappen na RBR, o francês Isack Hadjar, originalmente havia registrado o terceiro melhor tempo, mas foi punido com a perda de cinco posições por ter feito trocas no motor. Esta foi a 49ª pole position na carreira de Verstappen, que no momento ocupa a sexta colocação no Mundial de pilotos. O brasileiro Gabriel Bortoleto, da Audi, fez o décimo melhor tempo da classificação e vai largar dentro da zona de pontuação na corrida marcada para a madrugada deste domingo, a partir das 4h da manhã no horário de Brasília.	Agência Brasil	esportes	False
https://agenciabrasil.ebc.com.br/esportes/noticia/2026-10/em-ritmo-de-treino-brasil-vence-india-em-calcuta-4-0	2026-10-03	Em ritmo de treino, Brasil vence a Índia em Calcutá: 4 a 0	Seleção de Carlo Ancelotti encerra amistosos com duas vitórias	O Brasil confirmou o favoritismo e não teve dificuldades para derrotar a Índia neste sábado (3), em Calcutá, por 4 a 0. No primeiro confronto da história entre as duas seleções, a diferença técnica ficou evidente. Sem forçar, a equipe de Carlo Ancelotti, que representa o país com mais títulos de Copa do Mundo (cinco), se impôs diante do número 138 do ranking da Fifa, mesmo com diversas alterações na escalação. Os gols foram marcados por Estêvão, Pedro e Samuel Lino (2). O gol que abriu o placar até demorou para sair. Aos 27 minutos, Estêvão recebeu pela direita, puxou para o meio com a perna esquerda e chutou sem tanta força no canto esquerdo. O goleiro Singh Sandhu não conseguiu conter a finalização e a bola entrou. Aos 41, veio o segundo: Estêvão encontrou grande passe em profundidade para Pedro. O atacante tocou na saída de Sandhu, que ainda desviou a bola mas não conseguiu evitar o gol. Na volta do intervalo, com as duas equipes muito mexidas, a Índia chegou a ameaçar a meta defendida pelo estreante Pedro Morisco, com Mauro Júnior salvando um chute em cima da linha. Mas o Brasil marcou mais duas vezes com Samuel Lino, que entrara no lugar de Vini Jr. Aos 12, Douglas Luiz roubou a bola ainda na defesa indiana, tocou para Pedro, que ajeitou de letra para Samuel Lino chutar colocado no canto direito, marcando um belo gol. Já nos acréscimos, aos 49, Samuel Lino fez jogada pela esquerda, ajeitou para o meio e chutou forte. O goleiro Singh Gill, que entrou no segundo tempo, não conseguiu reagir a tempo e sofreu o gol. A seleção brasileira fechou o período de amistosos com duas vitórias (venceu a Austrália por 4 a 2 na última terça-feira) e um empate (1 a 1 contra a mesma Austrália no dia 25 de setembro). Os dois próximos compromissos serão em novembro, ambos em Singapura: no dia 14 contra o Japão e no dia 17 contra a seleção da casa.	Agência Brasil	esportes	False
https://agenciabrasil.ebc.com.br/esportes/noticia/2026-10/santa-cruz-empata-com-maringa-e-voltara-serie-b-apos-10-anos	2026-10-03	Santa Cruz empata com Maringá e voltará à Série B após 10 anos	Time pernambucano é o primeiro a conseguir acesso na C em 2026	Foi sofrido, mas no fim o Santa Cruz presenteou a torcida que encheu a Arena Pernambuco neste sábado (3). Com direito a recorde de público, o Santinha empatou com o Maringá por 1 a 1 e garantiu matematicamente o acesso à Série B em 2027, dez anos depois da última vez em que esteve na segunda divisão nacional. Foi o segundo acesso consecutivo do time pernambucano, que em 2025 foi vice-campeão da Série D (o Barra, de Santa Catarina, conquistou o título na ocasião). A Cobra Coral soma agora 11 pontos no grupo B da Série C, que está na segunda e decisiva fase. Como o Maringá tem oito pontos e o Floresta, que empatou com o já eliminado Botafogo-PB, tem cinco, o Santa Cruz já tem vaga garantida na próxima Série B. O time, aliás, foi o primeiro a confirmar o acesso na terceira divisão em 2026. Depois de vencer as três primeiras partidas dentro do grupo e ficar a um passo de confirmar a subida, o Santa Cruz empatou com o Floresta no último fim de semana, adiando o sonho. Neste sábado, 45,5 mil pessoas compareceram ao estádio, igualando o recorde de público da Arena Pernambuco, registrado duas vezes, uma delas justamente na final da D no ano passado. Com apenas 20 segundos, a equipe transformou o clima de festa em agonia. Eurico cometeu erro na saída de bola, que foi roubada pelo time visitante. Adeilson Maranhão chutou no ângulo esquerdo do goleiro Thiago Coelho e abriu o placar. O placar adverso tornava ainda mais importante acompanhar o resultado do outro jogo da chave, entre Floresta e Botafogo. O alívio veio na volta do segundo tempo. Aos cinco minutos, Everaldo cruzou e Pedro Favela empatou de cabeça. Mesmo com a vitória parcial do Floresta sobre o time paraibano, o Santa Cruz estava confirmando o acesso. E a euforia ficou completa quando o Botafogo empatou a partida na reta final. Festa total na Arena Pernambuco. Ao que tudo indica, a equipe vai encontrar os dois grandes rivais locais na Série B do ano que vem. Neste momento, faltando sete rodadas para o fim, o Sport ocupa a 9ª colocação e o Náutico a 13ª na atual temporada da segunda divisão do Brasil.	Agência Brasil	esportes	False
https://agenciabrasil.ebc.com.br/esportes/noticia/2026-09/cristiano-ronaldo-deixa-selecao-de-portugal-apos-fala-de-jorge-jesus	2026-09-30	Cristiano Ronaldo deixa seleção de Portugal após fala de Jorge Jesus	Atacante se retira de concentração em meio à atrito com novo técnico	"O atacante Cristiano Ronaldo deixou, nesta quarta-feira (30), a concentração da seleção de Portugal em Copenhague (Dinamarca), onde a equipe ibérica terá os anfitriões pela frente nesta quinta-feira (1º), às 15h45 (horário de Brasília), pela terceira rodada do Grupo D da Liga das Nações. A decisão foi tomada após a entrevista coletiva do técnico Jorge Jesus, mais cedo. Maior artilheiro da história do time português, com 146 gols, sendo também o atleta com mais gols por uma mesma seleção, Ronaldo não participou da vitória por 2 a 1 sobre a Noruega, fora de casa, domingo passado (27), no Estádio Ullevaal, em Oslo. Na etapa final, o atacante se aqueceu com os demais reservas e se irritou ao não ser aproveitado no jogo, válido pela segunda rodada. Três dias antes, CR7 foi titular no triunfo por 1 a 0 sobre País de Gales, no Estádio José Alvalade, em Lisboa (Portugal), na estreia pela competição europeia. Foi, também, a primeira partida de Jesus a frente da seleção portuguesa. O artilheiro foi titular, teve um gol anulado e atuou até os 22 minutos do segundo tempo, quando deu lugar ao atacante Gonçalo Ramos. Questionado sobre a ausência de Ronaldo, Jesus revelou que havia um planejamento de não utilizar o jogador, de 41 anos, contra Noruega e Dinamarca, mas que, se fosse necessário, poderia mandá-lo a campo. O treinador disse que o controle de carga do atacante é algo que já era administrado desde quando trabalharam juntos no Al-Nassr (Arábia Saudita), clube atual do camisa 7. ""Sou o treinador e disse ao jogador que ele não iria jogar. 'Vou levar você para o banco. Se precisar de você por 30 minutos, você vai jogar. Se não precisar, não vai jogar'. Nunca nenhum jogador vai mudar as minhas ideias. Nem ele, nem ninguém no futebol. Nem presidente nenhum. Nunca. Zero"", declarou o técnico, que trabalhou no Flamengo entre 2019 e 2020. Ronaldo, que estava reunido com a seleção, saiu do Estádio Parken - onde será o jogo desta quinta - pouco depois da coletiva e sequer participou do treino. Depois, publicou uma mensagem nas redes sociais confirmando que havia deixado a concentração após conversa com o presidente da Federação Portuguesa de Futebol (FPF), Pedro Proença. ""A seu tempo, direi a verdade a todos os portugueses sobre as razões que motivaram a minha saída da equipe nacional, à qual sempre me dediquei. Agora é tempo de desejar boa sorte a Portugal e a todos os meus companheiros de equipe, sem exceção"", escreveu CR7. A FPF, também pelas redes sociais, confirmou a decisão do atacante de deixar a concentração e afirmou que a preparação para os jogos com Dinamarca e Noruega - que será no domingo (4), às 15h45, no Estádio do Dragão, na cidade portuguesa do Porto - segue ""nos termos previstos, com os restantes 24 jogadores convocados"". Por conta desse imbróglio, Ronaldo pode ser até suspenso da seleção portuguesa. O parágrafo 1º do artigo 160 do código disciplinar da Federação indica que o abandono das atividades é passível de um a seis meses de afastamento. Em meio ao atrito entre CR7 e Jesus, Portugal lidera o Grupo D da Liga das Nações com seis pontos, seguido por Noruega, Dinamarca (três pontos cada) e País de Gales (zerado). Os dois primeiros vão às quartas de final. A seleção ibérica é a maior vencedora do torneio, com dois títulos (o último na edição passada, em 2025)."	Agência Brasil	esportes	False
https://agenciabrasil.ebc.com.br/esportes/noticia/2026-10/sp-tv-brasil-fecha-acordo-para-exibir-41-partidas-de-futebol-feminino	2026-10-02	SP: TV Brasil fecha acordo para exibir 41 partidas de futebol feminino	Parceria com Federação Paulista reforça posicionamento da emissora	"Na semana em que o Brasileirão Feminino chega ao fim, a TV Brasil reafirma seu compromisso com a modalidade e anuncia desde já uma nova etapa de sua cobertura esportiva. A emissora pública da Empresa Brasil de Comunicação (EBC) fechou acordo com a Federação Paulista de Futebol (FPF) para transmitir 41 partidas organizadas pela entidade em 2026 e 2027, mantendo o futebol feminino como presença contínua em sua programação. A primeira partida vai ao ar no sábado (10), com a final do Paulista F Sub-15 Petrobras. Estão previstas 19 partidas para este ano e 22 jogos para o ano que vem. A parceria reforça o posicionamento da TV Brasil como a tela do futebol feminino no país. Entre os grandes destaques está a exibição da 4ª edição da Copinha F Petrobras – competição que vai contar com 20 equipes de todas as regiões do Brasil, entre 24 de novembro e 12 de dezembro. Mais do que ampliar o calendário de transmissões, o acordo garante ao público da emissora uma cobertura permanente da modalidade, com espaço para categorias de base, incluindo a Copinha F Petrobras, e para as competições profissionais previstas, em uma estratégia que valoriza a formação de novas atletas e acompanha o desenvolvimento do esporte dentro e fora de campo. “Apostamos na TV Brasil como a tela do futebol feminino porque entendemos que a modalidade precisa de continuidade, calendário e presença nos meios de comunicação. O acordo com a Federação Paulista de Futebol reforça esse caminho em um momento estratégico que é o de preparação para a Copa do Mundo Feminina de 2027 no Brasil. A comunicação pública tem papel essencial na difusão desse movimento, aproximando o público das atletas, dos clubes, das competições de base e das histórias que ajudam a transformar o futebol feminino em uma agenda permanente no país”, afirma a diretora-presidente da EBC , Antonia Pellegrino. Há três anos consecutivos a TV Brasil transmite importantes competições nacionais da modalidade, a exemplo do Brasileirão Feminino, com o maior pacote de transmissões do futebol feminino na TV aberta desde 2024. Em 2025, a audiência das partidas cresceu 25%. A nova etapa da cobertura cria uma linha de continuidade para o público que acompanha o futebol feminino na TV Brasil . Depois do Brasileirão Feminino, a emissora passa a exibir competições da FPF, com destaque para torneios que acompanham a formação de atletas desde a base até o futebol profissional. Entre as transmissões deste ano estão a Copinha F Petrobras, o Paulista F Sub-20 Petrobras, o Paulista F Sub-17 Petrobras e o Paulista F Sub-15 Petrobras. Em 2027, além desses torneios, serão exibidas partidas do Paulista F Sub-13 Petrobras, da Taça Paulistana Petrobras e da Copa Paulista F Petrobras. A Copinha F Petrobras entra como um dos grandes destaques do acordo. A competição terá 11 partidas transmitidas por temporada e reunirá clubes de diferentes regiões do país, o que amplia a dimensão nacional da parceria e fortalece a visibilidade de novas gerações do futebol feminino. O presidente da FPF, Reinaldo Carneiro Bastos, destaca que a parceria com a TV Brasil é motivo de alegria. ""Uma televisão pública de qualidade tem um papel que vai além de transmitir jogos: ela leva o futebol feminino a mais brasileiros, dá visibilidade a jovens atletas de diferentes regiões do país e ajuda o público a conhecer suas histórias”, explica. Além da capilaridade da própria TV Brasil , a transmissão da Copinha F Petrobras também ganha alcance com o apoio das emissoras integrantes da Rede Nacional de Comunicação Pública ( RNCP ) distribuídas em todas as regiões do país, conectando torcidas aos clubes de suas localidades. Campeonatos previstos na parceria com a FPF Para 2026: Para 2027: Todas as anteriores, e também: Ajude a escolher a vencedora da categoria Craque da Torcida do Prêmio TV Brasil Petrobras Para Elas. A premiação criada pela TV Brasil e pela Petrobras vai reconhecer ainda atletas, treinadores e treinadoras, dirigentes, departamentos de futebol feminino e clubes que se destacarem ao longo da temporada de 2026. A votação da categoria com voto popular já está aberta, é gratuita e tem votos ilimitados! Clique aqui e acesse o link para votar até 31 de outubro. Acompanhe a programação da TV Brasil pelo canal aberto, TV por assinatura e parabólica. Sintonize: https://tvbrasil.ebc.com.br/comosintonizar . Seus programas favoritos estão no TV Brasil Play, pelo site http://tvbrasilplay.com.br ou por aplicativo no smartphone. O app pode ser baixado gratuitamente e está disponível para Android e iOS. Assista também pela WebTV: https://tvbrasil.ebc.com.br/webtv . Site – https://tvbrasil.ebc.com.br Instagram – https://www.instagram.com/tvbrasil YouTube – https://www.youtube.com/tvbrasil X – https://x.com/TVBrasil Facebook – https://www.facebook.com/tvbrasil TikTok – https://www.tiktok.com/@tvbrasil TV Brasil Play - http://tvbrasilplay.com.br"	Agência Brasil	esportes	False
https://agenciabrasil.ebc.com.br/esportes/noticia/2026-10/santos-regulariza-ocupacao-do-centro-de-treinamento-rei-pele	2026-10-01	Santos regulariza ocupação do Centro de Treinamento Rei Pelé	Acordo com a União foi concluído nesta quinta-feira	O governo federal e o Santos Futebol Clube firmaram, nesta quinta-feira (1º), um acordo para a regularização do Centro de Treinamento Rei Pelé, em Santos, São Paulo. O termo estabelece a concessão de uso onerosa do imóvel por 20 anos, prorrogável por igual período. O Santos Futebol Clube pagará, mensalmente, a quantia de R$ 145.167,42, valor a ser corrigido pelo Índice Nacional de Preços ao Consumidor Amplo (IPCA). “A solução consensual permite a continuidade da utilização do imóvel pelo clube e, ao mesmo tempo, assegura a preservação do patrimônio público e a geração de receitas para a União”, informou a Secretaria de Comunicação Social (Secom) da Presidência. Ainda como parte do acordo, o clube reconhece uma dívida de cerca de R$ 23 milhões relativa ao período anterior de utilização do imóvel, com previsão de pagamento em 120 meses. Com uma área de aproximadamente 39 mil metros quadrados, o Centro de Treinamento Rei Pelé, de propriedade da União, é atualmente avaliado em R$ 79,76 milhões, incluindo benfeitorias realizadas pelo clube. De acordo com a Secom, pelos valores atuais, sem considerar a atualização monetária, a cessão representa cerca de R$ 34,84 milhões em contraprestações ao longo dos primeiros 20 anos, além de R$ 23 milhões relativos ao passivo pretérito. “A solução construída pela Advocacia-Geral da União, por meio da Câmara de Mediação e de Conciliação da Administração Federal, e pelo Ministério da Gestão e da Inovação em Serviços Públicos encerra uma controvérsia relacionada à ocupação do imóvel, às benfeitorias realizadas e à possibilidade de alienação do terreno”, esclarece a pasta. Ainda segundo a Secom, o acordo mantém a titularidade do bem com a União e estabelece remuneração pelo uso futuro, além da recuperação dos valores referentes ao período anterior. “A medida também preserva a possibilidade de a União reavaliar futuramente a conveniência de alienar o imóvel, caso deixe de existir interesse público, econômico ou social em sua manutenção”, diz a Secom. Além da regularização patrimonial, o Santos Futebol Clube assume obrigações relacionadas à conservação do imóvel e ao cumprimento das exigências administrativas, tributárias, ambientais, urbanísticas e patrimoniais. “A Secretaria do Patrimônio da União mantém o acompanhamento e a fiscalização da utilização do bem. A regularização transforma uma ocupação que se estendia há décadas em uma relação formal de cessão onerosa, com receita para a União, recuperação de valores pretéritos, preservação da propriedade pública e continuidade de uma estrutura voltada à formação esportiva”, concluiu a Secom.	Agência Brasil	esportes	False
https://agenciabrasil.ebc.com.br/esportes/noticia/2026-09/no-ultimo-segundo-baltimore-ravens-batem-dallas-cowboys-no-rio	2026-09-28	No último segundo, Baltimore Ravens batem Dallas Cowboys no Rio	Primeira partida da história da NFL no Rio tem final emocionante	No palco mais famoso do futebol brasileiro - onde jogar com as mãos não é permitido - uma jogada com os pés decidiu uma partida do futebol americano, onde se usa mais as mãos do que os pés. Nesse domingo (27), na primeira partida da história da NFL (liga norte-americana da modalidade) no Rio de Janeiro, os Baltimore Ravens venceram os Dallas Cowboys por 34 a 31 no Maracanã, literalmente no último segundo . Um chute do kicker Tyler Loop a 56 jardas (pouco mais de 51 metros) de distância com o cronômetro zerado deu o triunfo à equipe. Os 72.792 espectadores presentes ao Maracanã fizeram dele o maior público do estádio no ano, superando os 72.481 da partida entre Flamengo e Cruzeiro, pelas oitavas de final da Libertadores. A partida, um evento de gala na Cidade Maravilhosa, teve presença do atacante Neymar (presenteado com uma camisa dos Cowboys) e show no intervalo, protagonizado pelo DJ Pedro Sampaio e o cantor Ricky Martin. Para completar o espetáculo, um jogo emocionante com diversas reviravoltas até o lance final . Depois de ficarem 11 pontos atrás, os Dallas Cowboys emendaram 15 pontos consecutivos para virar na reta final. Os Ravens marcaram um touchdown - jogada principal do esporte, que vale seis pontos - a um minuto e meio do fim, reassumindo a frente do placar. Os Cowboys empataram com um field goal - jogada com os pés que pode salvar uma posse de bola sem pontos, valendo três - e deixaram apenas sete segundos no relógio. Foi tempo suficiente para o quarterback Lamar Jackson, dos Ravens, avançar a bola até uma posição em que outro field goal fosse possível. Restando um segundo, Tyler Loop acertou o difícil chute e todo o elenco dos Ravens invadiu o gramado para comemorar a épica vitória.	Agência Brasil	esportes	False
https://agenciabrasil.ebc.com.br/esportes/noticia/2026-10/sao-paulo-e-corinthians-decidem-campeao-brasileiro-feminino-de-2026	2026-10-03	São Paulo e Corinthians decidem campeão brasileiro feminino de 2026	Tricolor tenta quebrar sequência do Timão, que mira 7º título seguido	"O campeão brasileiro feminino de futebol da Série A1 (primeira divisão) será conhecido no início da noite deste sábado (3). A partir de 16h30 (horário de Brasília), São Paulo e Corinthians medem forças no Morumbis, pelo segundo jogo da grande final. A partida será transmitida ao vivo pela TV Brasil. A vantagem é do Tricolor, que ganhou o jogo de ida, há uma semana, por 2 a 1, de virada, na Neo Química Arena, também na capital paulista - a TV Brasil exibiu o confronto. Foi a primeira derrota da equipe feminina do Timão atuando no estádio, após 32 jogos de invencibilidade. O empate dá o título ao São Paulo. A conquista seria inédita no atual modelo da competição, realizado desde 2013. Em 1997, porém, as Soberanas venceram a primeira edição do chamado ""Campeonato Brasileiro de Futebol Feminino"" organizado pela CBF - entidade responsável pela modalidade - e que durou até 2001. Nomes históricos da seleção como a zagueira Ju Cabral, a volante Formiga, a meia Sissi e a atacante Kátia Cilene faziam parte do elenco. Aquela geração, que ainda conquistou duas vezes o Campeonato Paulista (1997 e 1999), contava também com uma jovem volante chamada Emily. Hoje conhecida como Emily Lima, ela é, justamente, a treinadora do Corinthians, adversário tricolor. Para serem campeãs no tempo normal, as Brabas têm de vencer por dois ou mais gols de diferença. As alvinegras alcançaram o saldo necessário em 13 das 22 vitórias da temporada, sendo quatro delas fora de casa. Se ganharem por um gol e igualarem o placar agregado, a decisão do título será nas penalidades. É a décima vez seguida que o Corinthians chega à final do Brasileirão Feminino, mas a primeira em que faz o jogo de volta como visitante. Para conquistar o oitavo título, sendo o sétimo seguido, o Timão terá de buscar a virada no confronto. Em 2017, última ocasião em que se viu em cenário semelhante, a equipe perdeu a ida para o Santos (2 a 0), e não conseguiu reverter a vantagem rival na segunda partida (derrota por 1 a 0). A edição de 2019 foi a última em que o time campeão foi visitante do jogo de volta. Após dois empates (1 a 1 e 0 a 0), Corinthians e Ferroviária decidiram o título nos pênaltis. O mando era do Timão, mas quem se deu bem foi o clube do interior paulista, ao vencer por 4 a 2 no Parque São Jorge. Desta vez, são as Brabas que esperam festejar a conquista na casa dos rivais. Esta é a quarta vez que o Majestoso (apelido do clássico entre tricolores e alvinegros) decide um título no futebol feminino desde a retomada dos projetos. A vantagem é do Corinthians, que levou a melhor nas finais paulistas de 2019 e 2021 e do Brasileirão de 2024. Nesta última, a Neo Química Arena recebeu 44.529 torcedores, o recorde de público da modalidade em jogos entre clubes no país. A meta do São Paulo é superar essa marca. Até o começo da tarde de sexta-feira (2), o clube informou que mais de 38 mil ingressos haviam sido vendidos para a decisão. Se não quebrar o recorde corintiano, o público deve ser, pelo menos, o maior do ano no futebol feminino brasileiro, superando os 21.828 presentes na partida de ida da final. A expectativa é que os times mantenham a base do primeiro jogo . As Soberanas têm força máxima à disposição. O técnico Thiago Viana deve mandar a campo Carlinha; Bruna Calderan, Tayla, Carol Gil e Bia Menezes; Robinha, Karla Alves e Aline Milene; Giovanna Crivelari, Serrana e Isa. Nas Brabas, destaque à volta da zagueira Thaís Regina, que cumpriu suspensão. Com o provável retorno dela à equipe titular, a provável escalação de Emily terá Nicole; Gi Fernandes, Duda Mineira, Thaís Ferreira, Thaís Regina e Tamires; Duda Sampaio, Vic Albuquerque e Gabi Zanotti; Belén Aquino, Jaqueline e Jhonson."	Agência Brasil	esportes	False
https://agenciabrasil.ebc.com.br/esportes/noticia/2026-09/apos-empate-frustrante-brasil-reencontra-australia-em-novo-amistoso	2026-09-28	Após empate frustrante, Brasil reencontra Austrália em novo amistoso	Ancelotti deve fazer sete mudanças em relação à equipe de sexta (25)	"Quatro dias após empatarem por 1 a 1, Brasil e Austrália se reencontram nesta terça-feira (29) para novo amistoso no país da Oceania. Desta vez, no Suncorp Stadium, em Brisbane, a partir das 7h (horário de Brasília). O técnico Carlo Ancelotti deve realizar pelo menos sete mudanças no time que foi a campo na última sexta-feira (25), no Queensland Country Bank Stadium, em Townsville. Autor do gol brasileiro, já nos acréscimos, o atacante Rayan é um dos que devem iniciar o duelo como titular. O sistema defensivo será totalmente diferente, com o goleiro Otávio, os laterais Vanderson (direita) e Mauro Júnior (esquerda) e os zagueiros Jair e Gabriel Magalhães. Os volantes Danilo e Bruno Guimarães terão a companhia do meia Gabriel Bontempo. Na frente, Rayan forma o trio de ataque com Raphinha e Vinícius Júnior. Dos 26 convocados por Ancelotti, oito nunca haviam sido chamados à seleção principal. Deles, dois estrearão com a Amarelinha nesta terça: Otávio e Gabriel Bontempo. O lateral Matheuzinho foi titular no jogo passado, enquanto Jair e Mauro Júnior entraram na etapa final no lugar de Vitor Reis e Douglas Santos, respectivamente. O goleiro Pedro Morisco, o zagueiro Arthur Dias e os volantes Breno Bidon aguardam uma oportunidade. ""O Breno [Bidon] é um jogador que tem muita qualidade, que está jogando muito bem no Campeonato Brasileiro [pelo Corinthians]. Gostei muito de Arthur Dias e dos goleiros, que eu não conhecia. A verdade é que são todas surpresas positivas. Gostei muito do Gabriel Bontempo, Jair… Quero ser objetivo: temos futuro, apesar das críticas"", disse Ancelotti, em entrevista coletiva nesta segunda-feira (28). ""Eu acho que a geração que jogou a Copa do Mundo de 2018, 2022 e 2026 acabou. Temos que construir uma nova geração levando em consideração alguns jogadores da geração anterior com idade para a próxima Copa do Mundo. É um momento muito interessante para novos e jovens jogadores, de 17, 18, 19 anos. Esperamos ter a possibilidade e a oportunidade de ajudá-los a crescer mais rápido"", concluiu o treinador. Do lado australiano, a meta é repetir o nível de atuação da partida anterior. Segundo o técnico Tony Popovic, que também atendeu à imprensa nesta segunda, a seleção do país não está acostumada a enfrentar adversários ""de nível top"" a cada quatro dias, ao contrário dos brasileiros, que atuam regularmente em grandes competições e na Liga dos Campeões da Europa, principal torneio de clubes do mundo. ""Será um grande teste para observarmos: podemos nos recompor fisicamente? Mentalmente? Podemos apresentar novamente a qualidade que mostramos com e sem a bola? É por isso que estamos encarando o Brasil e estamos satisfeitos de eles terem vindo aqui nos proporcionar esse grande teste"", analisou o treinador. Se repetir a formação do último amistoso, Popovic deve escalar a Austrália com Patrick Beach; Alessandro Circati, Harry Souttare e Lucas Herrington; Jacob Italiano, Jackson Irvine, Paul Okon-Engstler e Connor Metcalfe; Aziz Behich, Kusini Yengi e Nestory Irankunda. Este último marcou, de falta, o gol que abriu o marcador em Townsville. Após os jogos na Austrália, o Brasil viaja para a Índia. O amistoso contra a seleção da casa será no próximo sábado (3), às 11h, no Salt Lake Stadium, em Calcutá."	Agência Brasil	esportes	False
https://agenciabrasil.ebc.com.br/esportes/noticia/2026-09/saiba-diretrizes-para-desenvolvimento-do-futebol-feminino-no-brasil	2026-09-29	Saiba as diretrizes para desenvolvimento do futebol feminino no Brasil	Nova lei pretende combater preconceito e estimular profissionalização	O futebol feminino brasileiro passa a ter diretrizes legais permanentes para o desenvolvimento da modalidade no país. A nova lei, publicada no Diário Oficial da União , reconhece a modalidade como prioridade da política pública esportiva nacional. Além disso, o texto define ações para ampliar a participação de mulheres no esporte , fortalecer a profissionalização das competições e combater diferentes formas de discriminação. A legislação prevê ainda a promoção da equidade de oportunidades no futebol feminino, ao considerar desigualdades territoriais, socioeconômicas, raciais, etárias e relacionadas às pessoas com deficiência. Também determina a adoção de medidas para garantir a segurança, a integridade física e psicológica das atletas, além da proteção dos direitos ligados à gravidez e à maternidade. Entre os objetivos da nova lei estão: A lei atribui ao Ministério do Esporte a responsabilidade de promover condições favoráveis para o desenvolvimento do futebol feminino profissional e amador. Entre as medidas previstas estão o estímulo à inclusão da modalidade em programas de formação esportiva, o apoio a competições de base e o incentivo à criação de calendários organizados com antecedência para clubes, atletas e demais profissionais do setor. O texto também prevê ações voltadas à capacitação e à empregabilidade de mulheres em diferentes funções ligadas ao futebol, como arbitragem, treinamento, gestão e educação física. Além disso, o governo poderá fomentar parcerias entre escolas, universidades e clubes para a identificação e o desenvolvimento de talentos. A norma estabelece limites para inscrição de atletas não profissionais em competições oficiais femininas, como forma de incentivar a profissionalização gradual da modalidade. Os parâmetros iniciais são: De acordo com a lei, o governo federal deverá definir cronograma para reduzir progressivamente esses limites até que as competições sejam totalmente profissionalizadas. A nova lei determina que o Ministério do Esporte – em conjunto com a Confederação Brasileira de Futebol (CBF), federações e clubes – elabore protocolos de prevenção e enfrentamento à discriminação, intolerância e violência contra as mulheres no futebol. As medidas deverão abranger atletas, árbitras, treinadoras, torcedoras, gestoras, profissionais de educação física e outras trabalhadoras da modalidade. Confira mais informações sobre a nova lei no Repórter Brasil , da TV Brasil A nova legislação altera dispositivos da Lei Geral do Esporte e passa a exigir das entidades esportivas: Essa última exigência entrará em vigor em 180 dias, prazo que poderá ser prorrogado por igual período. A lei também determina a elaboração de um plano de legado da Copa do Mundo Feminina da Fifa 2027. A competição ocorrerá no Brasil entre 24 de junho e 25 de julho de 2027. O texto deve estar alinhado às estratégias nacionais de desenvolvimento do futebol feminino. A expectativa do governo é que o torneio internacional funcione como instrumento para ampliar a participação das mulheres no esporte, aumentar a profissionalização da modalidade e fortalecer sua sustentabilidade econômica no país.	Agência Brasil	esportes	False
https://agenciabrasil.ebc.com.br/esportes/noticia/2026-09/sao-paulo-vence-o-corinthians-faz-historia-e-fica-perto-do-titulo	2026-09-26	São Paulo vence o Corinthians, faz história e fica perto do título	Triunfo de virada quebra invencibilidade de uma década	Neste sábado (26), o São Paulo se encontrou com a história na Neo Química Arena. As Soberanas viraram sobre o Corinthians por 2 a 1, na partida de ida da final do Campeonato Brasileiro Feminino A1, que teve transmissão ao vivo da TV Brasil. O resultado representou a primeira derrota da equipe feminina do Timão no estádio. Desde 2016, eram 32 jogos, com 29 vitórias e três empates até então. No próximo sábado (3), no Morumbis, o Tricolor pode ter outro encontro com a história. Um empate será suficiente para garantir o primeiro título brasileiro das Soberanas e interromper uma sequência de seis troféus do rival . Para emendarem outra conquista, as Brabas terão que vencer fora de casa. Uma vitória por um gol de diferença levará a definição do campeão para os pênaltis e um triunfo por margem maior dará o título ao Timão. Diante de mais de 21 mil pessoas na Neo Química Arena, o Corinthians teve seu melhor momento logo no começo. Aos quatro minutos, Vic Albuquerque recebeu na entrada da área, matou no peito e chutou por cima, levando perigo. Aos nove, veio o primeiro gol: Vic recebeu pela direita e cruzou na cabeça de Gabi Zanotti. Posicionada entre as zagueiras tricolores, ela testou para o fundo das redes. Dono da melhor campanha na fase inicial, o São Paulo se recompôs relativamente rápido. O empate veio aos 20 minutos. Após cruzamento da direita, Crivelari, infiltrada entre as defensoras rivais completou de primeira para bater a goleira Nicole. As Soberanas ainda tiveram duas grandes chances de marcar na primeira etapa: primeiro, Robinha aproveitou erro na saída de bola corintiana e chutou forte, com efeito, à esquerda do gol. Pouco depois, Isa Guimarães recebeu no meio da zaga alvinegra, já dentro da área e chutou fraco, para fora. No segundo tempo, a técnica Emily Lima foi obrigada a sacar Gabi Zanotti por uma lesão. Jhonson entrou em seu lugar e se tornou uma ameaça constante no jogo aéreo. Em um destes lances, ela cabeceou à esquerda do gol defendido por Carlinha. A bola tocou as redes pelo lado de fora, enganando muitos torcedores. Logo depois, o São Paulo foi cirúrgico. Em outro erro na saída de bola do Timão, Isa Guimarães recebeu em profundidade e tocou de leve, na saída da goleira Nicole, para virar o placar. Organizado em campo, o Tricolor conseguiu conter as investidas adversárias e levar algum perigo em contra-ataques. Insistindo nas bolas alçadas à área, as Brabas não tiveram sucesso. A última grande chance veio no derradeiro dos nove minutos de acréscimo. Ao tentar fazer uma reposição, a goleira Carlinha colocou um dos pés fora da área. Falta para o Corinthians. Na cobrança, no entanto, Duda Sampaio chutou fraco, no meio do gol, e Carlinha segurou. O apito final que veio logo depois foi acompanhado de uma efusiva comemoração das jogadoras tricolores, cientes da história que havia acabado de ser feita. Saiba mais sobre a partida no Repórter Brasil Tarde, da TV Brasil	Agência Brasil	esportes	False
https://agenciabrasil.ebc.com.br/esportes/noticia/2026-09/brasil-conquista-bronze-nos-mundiais-paralimpicos-de-judo-e-triatlo	2026-09-27	Brasil conquista bronze nos mundiais paralímpicos de judô e triatlo	Competições foram realizadas na Europa neste fim de semana	O Brasil conquistou medalhas de bronze neste domingo (27) no Mundial Paralímpico de judô, em Tbilisi, na Geórgia, e no Mundial Paralímpico de triatlo, em Pontevedra, na Espanha. No judô, as competições foram por equipes, e os judocas brasileiros subiram ao terceiro lugar do pódio em ambos os naipes. Entre as mulheres, a equipe foi formada por Rebeca Silva, Meg Emmerich, Larissa Silva e Brenda Freitas. As brasileiras fizeram 4 a 1 no Cazaquistão, que só pontuou na categoria em que o Brasil não tinha representante. O ouro foi para a China, e a prata para a equipe de atletas neutros. Já os homens bateram a França no desempate, após igualdade inicial de 3 a 3. Deyverson de Souza venceu a luta decisiva. Os outros atletas brasileiros foram Arthur Silva, Denis Rosa, Felipe Amorim e Thiego Marques. A Geórgia levou o ouro, e a prata ficou novamente com a equipe formada por atletas neutros. Com os resultados do dia, o Brasil fechou a competição em segundo lugar no quadro geral de medalhas, com 12 pódios, sendo três ouros, cinco pratas e quatro bronzes. A China ficou em primeiro, com menos medalhas no total (nove), mas com quatro ouros. Ainda em terras europeias, o Mundial Paralímpico de Triatlo também teve brilho brasileiro. A prova do revezamento em Pontevedra, na Espanha, terminou com o bronze da equipe do Brasil, além do ouro dos Estados Unidos e da prata da Austrália. Com isso, o país encerrou sua participação com dois pódios, já que Erica Rodrigues, da classe PTS5 (deficiências físico-motoras e paralisia cerebral), havia conquistado a prata na sexta-feira. Na prova de domingo, o Brasil foi representado por Jéssica Ferreira, da classe PTWC (cadeirantes), Ruiter Silva, da classe PTS5, além de Erica Rodrigues.	Agência Brasil	esportes	False
https://agenciabrasil.ebc.com.br/esportes/noticia/2026-09/brasil-conquista-tres-ouros-no-mundial-paralimpico-de-judo	2026-09-26	Brasil conquista três ouros no Mundial Paralímpico de Judô	Alana Maldonado é tetracampeã do mundo	O segundo dia de competições no Mundial Paralímpico de judô, em Tbilisi, na Geórgia, foi extremamente produtivo para o Brasil. Neste sábado (26), vieram os três primeiros ouros do país nesta edição, junto com mais duas pratas e dois bronzes. Com isso, os atletas brasileiros até agora somam dez medalhas, sendo três ouros, cinco pratas e dois bronzes. O Mundial se encerra neste domingo (27), com as disputas por equipes. O grande destaque do sábado ficou por conta de Alana Maldonado. A judoca paulista, atual bicampeã paralímpica da classe J2 (baixa visão), categoria até 70 kg, conquistou o quarto título mundial ao bater a cazaque Ayala Mereke na decisão, que foi para o golden score. Maldonado venceu a luta com um wazari. Ela não foi a única atleta brasileira a repetir como campeã do mundo. Arthur Silva, da classe J1 (cegos), categoria até 95 kg, levou o bicampeonato consecutivo ao derrotar o britânico Daniel Powell, também por um wazari. Além do Mundial de 2025, em Astana, no Cazaquistão, o potiguar também tem o título paralímpico de Paris 2024. O terceiro ouro brasileiro neste sábado veio com Brenda Freitas, atleta da classe J1 na categoria até 70 kg. Com um ippon, ela venceu a chinesa Wang Wenjing em menos de um minuto na grande final. Brenda foi mais uma atleta do país a defender o título conquistado no ano passado. Os outros medalhistas brasileiras neste sábado foram: Milena Freitas (prata na classe J1 categoria acima de 70 kg), Marcelo Casanova (prata na classe J2 categoria até 95 kg), Rebeca Silva (bronze na classe J2 categoria acima de 70 kg) e Felipe Amorim (bronze na classe J2 categoria acima de 95 kg).	Agência Brasil	esportes	False
https://agenciabrasil.ebc.com.br/esportes/noticia/2026-09/brasil-decepciona-e-empata-com-australia-em-amistoso	2026-09-25	Brasil decepciona e empata com Austrália em amistoso	Seleção cria muito pouco e fica no 1 a 1 em primeiro teste pós-Copa	Seleção leva gol de falta, com falha do goleiro, e empata apenas no último lance do jogo, com Ryan de cabeça após escanteio cobrado por Raphinha. Equipe volta a enfrentar a Austrália na terça-feira (29). O Brasil empatou por 1 a 1 com a Austrália, na manhã desta sexta-feira (25), no Queensland Country Bank Stadium, em Townsville (Austrália). O gol da equipe da Oceania foi marcado por Irankunda, aos 22 minutos da segunda etapa, em cobrança de falta, com falha do goleiro Hugo Souza. E, no último lance da partida, a Seleção Brasileira empatou o amistoso com Rayan. O ex-atacante do Vasco deixou tudo igual de cabeça após cobrança de escanteio de Raphinha aos 49 minutos da etapa final. Durante o jogo, o Brasil produziu muito pouco. Mesmo após as seis modificações feitas pelo treinador Carlo Ancelotti, a equipe não criou praticamente nada. Nem mesmo após sofrer o gol, o time verde e amarelo conseguiu ter chances claras de gol. Na etapa inicial, o destaque ficou apenas para o gol anulado pelo VAR. Aos 45 minutos, a seleção roubou a bola e Estêvão finaliza. Após revisão, a arbitragem confirma falta de Bruno Guimarães em Souttar, na origem da jogada, e anula o lance. Após o amistoso, o Brasil segue a Data Fifa, período de preparação e observação para a Copa América de 2028 e a Copa do Mundo de 2030, na próxima terça-feira (29 de setembro), às 7h, o Brasil volta a enfrentar a Austrália. O jogo ocorrerá no Suncorp Stadium (Brisbane). Em 3 de outubro, às 11h (de Brasília), a Seleção enfrentará pela primeira vez na história a Índia. O jogo ocorrerá no Salt Lake Stadium (Calcutá). Saiba mais sobre a partida no Repórter Brasil Tarde, da TV Brasil	Agência Brasil	esportes	False
https://agenciabrasil.ebc.com.br/esportes/noticia/2026-09/brasileiro-feminino-corinthians-x-sao-paulo-sustenta-forca-paulista	2026-09-26	Brasileiro Feminino: Corinthians x São Paulo sustenta força paulista	TV Brasil transmite competição às 16h30 deste sábado	A final da Série A1 (primeira divisão) do Campeonato Brasileiro Feminino de futebol, entre Corinthians e São Paulo, sustenta um cenário que se mostra desde a primeira edição, em 2013. Além de todas as decisões terem contado com pelo menos um clube paulista, a de agora é a nona em que ambas as equipes são do estado. O clássico, conhecido pelo apelido Majestoso, terá o primeiro jogo neste sábado (26), às 16h30 (horário de Brasília), na Neo Química Arena. A TV Brasil exibe ao vivo, abrindo a transmissão às 16h10. A volta será no sábado (3), no mesmo horário, mas no Morumbis. A emissora da Empresa Brasil de Comunicação (EBC) também exibe a partida. Maior campeão com sete títulos - os seis últimos consecutivos - o Timão chega à decisão pelo décimo ano seguido. As Brabas acumulam 11 participações e não foram à final do Brasileirão somente em 2016, na primeira temporada, quando caíram na segunda fase. Na ocasião, o time competia como Corinthians/Audax, devido à parceria com o clube de Osasco (SP). Já o tricolor está em sua segunda final de Brasileirão. Em 2024, as Soberanas decidiram o título justamente contra o Corinthians, que levou a melhor ganhando os dois jogos do confronto: 3 a 1 no Morumbi e 2 a 0 na Neo Química Arena. A equipe, que estreou na elite em 2020, ficou outras quatro vezes entre as quatro primeiras colocadas (2020, 2022, 2023 e 2025). A final de 2024 não foi a única na história de confronto entre Corinthians e São Paulo no futebol feminino. A decisão deste ano será a quinta envolvendo os rivais por três competições diferentes. A vantagem é das alvinegras. Além do Brasileirão, elas foram campeãs paulistas em cima das rivais em 2019 e 2021. No ano seguinte à perda do título nacional para as Brabas, o tricolor deu o troco na Supercopa do Brasil. Ao contrário da edição masculina, a feminina contava, na ocasião, com oito clubes que jogaram em sistema eliminatório até a final. Após empate sem gols no Morumbis, as Soberanas venceram por 4 a 3 nos pênaltis e ficaram com a taça na última decisão entre os rivais. Das jogadoras que estiveram em campo na decisão do Brasileirão de dois anos atrás, sete estão do lado corintiano, sendo que seis defendendo o Timão: a goleira Nicole, a zagueira Érika, a volante Duda Sampaio, a meia Gabi Zanotti e as atacantes Vic Albuquerque e Jaqueline - a lateral Tamires ficou fora das finais devido a uma lesão no tornozelo direito. A atacante Ariel Godoi, que estava no São Paulo e fez gol no jogo de ida, hoje defende as Brabas. Do atual elenco tricolor, a goleira Carlinha, a lateral Bia Menezes, a volante Robinha, as meias Aline Milene, Camilinha e Duda Serrana e a atacante Isa entraram em campo na decisão de 2024. O técnico também é o mesmo: Thiago Viana - no Corinthians, Lucas Piccinato saiu e o time é comandado por Emily Lima. Neste sábado, Emily não terá Thaís Regina. A zagueira foi expulsa na vitória por 1 a 0 sobre o Bahia, na última segunda-feira (21), na Neo Química Arena, pelas semifinais. Como Érika é dúvida, por conta de um desconforto no joelho esquerdo, a argentina Agustina Barroso - que passou boa parte da temporada tratando uma lesão na panturrilha esquerda e ainda não atuou no ano - pode ser opção. A provável escalação das Brabas terá Nicole; Érika (Agustina Barroso), Thaís Ferreira e Ddua Mineira; Gi Fernandes, Duda Sampaio, Vic Albuquerque, Gabi Zanotti e Tamires; Jhonson e Belén Aquino. No São Paulo, Thiago Viana tem força máxima à disposição e deve repetir a escalação da vitória por 1 a 0 sobre o Flamengo, no sábado passado (19), no Brinco de Ouro da Princesa, em Campinas (SP), que sacramentou a classificação à decisão. O triunfo assegurou às Soberanas a melhor campanha geral e o direito de jogarem em casa a partida de volta da final O Tricolor deve ir a campo com Carlinha; Bruna Calderan, Tayla, Carol Gil e Bia Menezes; Robinha, Aline Milene e Karla Alves; Vi Amaral, Isa e Serrana.	Agência Brasil	esportes	False
https://agenciabrasil.ebc.com.br/esportes/noticia/2026-09/f1-russell-supera-verstappen-por-01s-e-vence-gp-do-azerbaijao	2026-09-26	Fórmula 1: Russell supera Verstappen por 0.1s e vence GP do Azerbaijão	Piloto cola no companheiro Antonelli na disputa pelo título	O GP do Azerbaijão, na manhã deste sábado (26), teve fim emocionante. Numa corrida com seis abandonos e muitas bandeiras amarelas, o britânico George Russell, da Mercedes, terminou apenas 0.196s à frente do holandês Max Verstappen, da Red Bull, em uma das corridas mais apertadas da história. O triunfo foi fundamental para Russell se aproximar do companheiro de equipe, Kimi Antonelli, na briga pelo título. O francês Isack Hadjar, companheiro de Verstappen na Red Bull, completou o pódio. Antonelli, líder da corrida do Mundial de pilotos, com 302 pontos, teve um fim de semana para esquecer. O italiano sofreu um acidente ainda na classificação e largou na 16ª posição, longe da disputa pelo topo. Lá em cima, Russell seguiu soberano depois de largar na pole, mas viu os adversários se aproximarem depois das diversas pausas durante a corrida. Na reta final, Verstappen colocou pressão no britânico, passando várias voltas a menos de um segundo de distância do líder. Enquanto isso, o brasileiro Gabriel Bortoleto, da Audi, que havia largado logo atrás de Antonelli, na 17ª posição, se aproveitou de algumas desistências para ganhar posições, terminando em 13º. Russell aguentou a pressão de Verstappen e garantiu a terceira vitória na temporada, chegando a 236 pontos na tabela de classificação de pilotos, em segundo lugar. Antonelli, que fechou a corrida em quinto, ainda tem uma frente confortável. Os pilotos já voltam às pistas no próximo fim de semana, quando ocorre o GP do Bahrein.	Agência Brasil	esportes	False
https://agenciabrasil.ebc.com.br/esportes/noticia/2026-09/brasileirao-feminino-tv-brasil-transmite-corinthians-e-sao-paulo	2026-09-25	Brasileirão Feminino: TV Brasil transmite Corinthians e São Paulo	Primeiro jogo da final é neste sábado, às 16h30	A TV Brasil transmite neste sábado (26) a partida de ida da grande final do Campeonato Brasileiro Feminino Série A1 entre Corinthians e São Paulo . A exibição do clássico Majestoso tem início a partir das 16h10 com bola rolando direto da Neo Química Arena, em São Paulo (SP), às 16h30. O Corinthians garantiu a vaga na decisão ao bater o Bahia nos dois confrontos, ambos por 1 a 0 - o primeiro na Arena Fonte Nova e o segundo na Neo Química Arena. Já o São Paulo carimbou o passaporte para a final ao eliminar o Flamengo com duas vitórias: 3 a 1 no jogo de ida, no estádio Luso-Brasileiro, e 1 a 0 na volta, no Brinco de Ouro da Princesa. São Paulo e Corinthians voltam a se enfrentar na partida decisiva de volta no dia 3 de outubro no Estádio MorumBIS, também na capital paulista. Confira os detalhes da final no Repórter Brasil Tarde, da TV Brasil As exibições fazem parte da estratégia da TV Brasil , a tela do futebol feminino, para ampliar a visibilidade da modalidade no país. Pelo terceiro ano consecutivo, o canal público exibe os jogos da elite feminina. Também serão transmitidos os confrontos decisivos das Séries A2 e A3, a partir das semifinais. Além disso, o público poderá acompanhar as decisões das categorias de base pelo título do Brasileirão Feminino Sub-17 e Sub-20. A equipe de profissionais que comanda as transmissões do Brasileirão Feminino conta com o narrador Thiago Julianelli e um time de mulheres formado pelas comentaristas Brenda Balbi e Rachel Motta e as repórteres Marília Arrigoni e Verônica Dalcanal. As competições ganham ainda mais visibilidade por meio da parceria com os canais que formam a Rede Nacional de Comunicação Pública (RNCP) , que podem retransmitir a programação da TV Brasil em seus estados. Sobre o Brasileirão Feminino Série A1 A edição de 2026 do campeonato mobiliza 18 equipes que se enfrentam em turno único na fase de classificação. Os oito primeiros avançam para a segunda fase. As etapas a partir das quartas de final são disputadas no formato de mata-mata com duelos de ida e volta. Os times reunidos na Brasileirão Feminino Série A1 são: América (MG), Atlético Mineiro, Bahia, Botafogo, Corinthians, Cruzeiro, Ferroviária, Flamengo, Fluminense, Grêmio, Internacional, Juventude, Mixto (MT), Palmeiras, Red Bull Bragantino, Santos, São Paulo e Vitória. Aproveite o mata-mata na Série A1 e ajude a escolher a vencedora da categoria Craque da Torcida do Prêmio TV Brasil Petrobras Para Elas . A premiação criada pela TV Brasil e pela Petrobras vai reconhecer ainda atletas, treinadores e treinadoras, dirigentes, departamentos de futebol feminino e clubes que se destacarem ao longo da temporada de 2026. A votação da categoria com voto popular já está aberta, é gratuita e tem votos ilimitados! Acesse ebc.com.br/premiotvbrasilpetrobrasparaelas até 31 de outubro. Ao vivo e on demand Acompanhe a programação da TV Brasil pelo canal aberto, TV por assinatura e parabólica. Sintonize: https://tvbrasil.ebc.com.br/comosintonizar. Seus programas favoritos estão no TV Brasil Play , pelo site http://tvbrasilplay.com.br ou por aplicativo no smartphone. O app pode ser baixado gratuitamente e está disponível para Android e iOS. Assista também pela WebTV: https://tvbrasil.ebc.com.br/webtv. Serviço Brasileirão Feminino Série A1 –Corinthians X São Paulo– Sábado (26), a partir das 16h10, na TV Brasil.	Agência Brasil	esportes	False
https://agenciabrasil.ebc.com.br/esportes/noticia/2026-09/sorteio-define-grupos-da-copinha-f-que-tera-transmissao-da-tv-brasil	2026-09-24	Sorteio define grupos da Copinha F, que terá transmissão da TV Brasil	Quarta edição do torneio feminino sub-20 reúne 20 clubes em São Paulo	A Federação Paulista de Futebol (FPF) sorteou, nessa quarta-feira (23), os grupos da quarta edição da Copinha F, versão feminina da Copa São Paulo, maior competição de base do país. A cerimônia ocorreu em uma casa de eventos na Vila Leopoldina, zona oeste da capital paulista. O torneio sub-20 terá transmissão da TV Brasil . O campeonato será disputado entre os dias 24 de novembro e 12 de dezembro, com 20 clubes de todas as regiões do país. A decisão será no Canindé, que também foi palco da primeira final da Copinha F, em 2023, vencida pelo Flamengo . Nas duas últimas edições, o campeão foi conhecido na Mercado Livre Arena Pacaembu. Em 2024, o Fluminense levantou o troféu. Já no ano passado, o Rubro-Negro levou o bi. Para 2026, são três estreantes: Vasco, Tarumã-AM e Ação-MT. As equipes foram sorteadas em cinco grupos de quatro, sediados em diferentes estádios de São Paulo. Os vencedores de cada um, mais os três melhores segundos colocados, avançam às quartas de final. As chaves levam o nome de pontos icônicos da capital paulista. O Grupo A, por exemplo, faz referência ao Museu de Arte de São Paulo (Masp) e desponta como o de mais clássicos logo na primeira fase, reunindo Palmeiras, Flamengo, Vasco e Tarumã. Os jogos serão no Canindé. Arquirrival alviverde, o Corinthians figura no Grupo B, que homenageia o Copan, um dos edifícios mais importantes de São Paulo, projetado pelo arquiteto Oscar Niemeyer. A chave ainda terá Red Bull Bragantino, Atlético-MG e Ação, com as partidas no Estádio Nicolau Alayon. O Parque do Ibirapuera nomeia o Grupo C, sediado no Centro Esportivo, Recreativo e Educativo do Trabalhador (Ceret), que fica no Tatuapé, bairro da zona leste da cidade. Os integrantes são: Ferroviária, Centro Olímpico, Grêmio e Aliança-GO. O Grupo D, com jogos na Arena Ibrachina, situada na Mooca, também na zona leste, representa o Mercadão, como é conhecido o famoso Mercado Municipal paulistano. A chave conta com São Paulo, Fluminense, Vitória e Criciúma. O Grupo E leva o nome do Parque Estadual da Cantareira, que tem uma das maiores áreas urbanas de Mata Atlântica preservada no mundo. O Ceret será palco das disputas entre Santos, Botafogo, Internacional e Sport. A edição de 2025 teve média de 4,1 bolas na rede por partida ao longo de 37 jogos . Por meio de parceria da FPF com a prefeitura de São Paulo, uma muda de árvore foi plantada a cada gol marcado, no parque do Ceret. Ao todo, foram plantadas 170 mudas. Para este ano, a meta é que cada gol represente o plantio de cinco novas árvores.	Agência Brasil	esportes	False
https://agenciabrasil.ebc.com.br/esportes/noticia/2026-09/federacoes-questionam-promessa-de-reforma-de-gianni-infantino-na-fifa	2026-09-23	Federações questionam promessa de reforma de Gianni Infantino na Fifa	Dirigentes do futebol europeu exigem reformulação mais profunda	A proposta do presidente da Fifa, Gianni Infantino, de revisar os processos de tomada de decisão do órgão regulador não conseguiu acalmar as preocupações de várias federações-membro, com dirigentes do futebol na Alemanha, Holanda, Suécia e País de Gales afirmando que as reformas não abordam questões mais profundas relacionadas à liderança. Em carta divulgada na segunda-feira (21) e vista pela Reuters, Infantino escreveu às 211 federações-membro da Fifa propondo uma análise independente dos processos de tomada de decisão da entidade, bem como consultas sobre reformas de governança, após uma reação negativa à sua tentativa fracassada de vender uma participação de 20% nas operações comerciais da Fifa, incluindo direitos associados à Copa do Mundo. Adotando um tom conciliador, Infantino também afirmou que proporia consultas com as confederações, associações-membro e outras partes interessadas sobre o fortalecimento do processo decisório da Fifa. A proposta de vender uma participação nos direitos comerciais da Fifa foi abandonada em julho após forte oposição das confederações continentais, com a Uefa, a Confederação Asiática de Futebol e a Concacaf acusando a Fifa de levar adiante o plano sem consulta adequada. Desde então, Infantino tem enfrentado uma reação violenta, com o órgão europeu expressando sua perda de confiança no atual presidente. Infantino também afirmou na carta que as posições das federações-membro sobre propostas ou questões de governança não afetariam o tratamento que recebem da Fifa, cujos programas de desenvolvimento e solidariedade continuariam de acordo com as regras vigentes. O suíço concorre à reeleição em março do ano que vem, com seus adversários tendo dificuldades para encontrar um candidato que o desafie. Pessoas a par das discussões disseram à Reuters neste mês que Infantino ainda parecia ter apoio suficiente para conquistar outro mandato, o que levou os críticos a se concentrarem em restringir os poderes da presidência da Fifa. O presidente da Federação Alemã de Futebol (DFB), Bernd Neuendorf, membro do Conselho da Fifa, rejeitou a carta na terça-feira (22) como uma tentativa de garantir mais um mandato. “Considero a carta de Gianni Infantino uma manobra transparente para garantir sua reeleição no ano que vem”, disse Neuendorf. “A Fifa parece agora ter reconhecido que mudanças são essenciais. No entanto, Gianni Infantino definitivamente não é a pessoa certa para liderar um processo de reforma. Ele esgotou toda a sua credibilidade.” A Federação Holandesa de Futebol (KNVB) ecoou essas preocupações, afirmando que as propostas não haviam restaurado a confiança, apesar de conterem alguns elementos que ela havia solicitado anteriormente. A KNVB, um dos membros fundadores da Fifa, propôs no mês passado a realização de uma cúpula internacional em Amsterdã com o objetivo de reformular a Fifa e pediu que Infantino seja substituído até 2027. “As medidas propostas estão parcialmente alinhadas com nosso apelo por reformas na Fifa. A prática mostrará se isso realmente é o caso”, afirmou um porta-voz da Federação Holandesa de Futebol, segundo a agência de notícias holandesa ANP. “Ao mesmo tempo, as propostas não podem ser vistas separadamente da pressão [pública], e elas não teriam surgido sem a dinâmica atual.” O presidente da Federação Sueca de Futebol, Simon Astrom, acolheu positivamente partes da proposta, mas afirmou que ela ficou aquém das reformas mais amplas necessárias. “O conteúdo da carta está de acordo com o que temos reivindicado há muito tempo”, disse Astrom. “Essas iniciativas chegam tarde, e várias das medidas já deveriam ter sido implementadas há muito tempo.” Astrom acrescentou que a carta não alterou a opinião da Suécia de que a Fifa precisa de uma nova liderança. O diretor-executivo da Federação de Futebol do País de Gales, Noel Mooney, também questionou as caracterizações  da carta como um grande pacote de reformas. “Na verdade, ela não fala em reforma da própria Fifa. Trata-se de reformas em torno de projetos e iniciativas estratégicas”, disse Mooney à BBC Radio Wales. Mooney reiterou sua oposição ao plano de investimento privado que foi abandonado, afirmando que a Fifa deveria usar seus recursos financeiros existentes para apoiar as federações-membro, em vez de buscar investidores externos. “Não se está procurando alguém para vender partes do esporte. A Copa do Mundo não precisa de capital privado”, disse ele. * É proibida a reprodução deste conteúdo.	Agência Brasil	esportes	False
https://agenciabrasil.ebc.com.br/esportes/noticia/2026-09/brasil-reinicia-caminhada-pelo-hexa-com-amistoso-contra-australia	2026-09-24	Brasil reinicia caminhada pelo hexa com amistoso contra Austrália	Seleção terá outro jogo com os anfitriões e mais um contra a Índia	"Oitenta e dois dias. Esse é o intervalo entre a eliminação do Brasil para a Noruega, nas oitavas de final da última Copa do Mundo, e o primeiro compromisso do ciclo rumo ao próximo Mundial, na Espanha, em Portugal, no Marrocos, na Argentina, no Uruguai e no Paraguai. A caminhada rumo à sexta estrela recomeça nesta sexta-feira (25), na Austrália, em amistoso contra a seleção da casa. A bola rola às 7h (horário de Brasília), no Queensland Country Bank Stadium, em Townsville. O técnico Carlo Ancelotti não fez mistério e confirmou a equipe titular deste que é o primeiro de uma sequência de três amistosos. Além da partida desta sexta, o Brasil faz outro jogo diante dos australianos na terça-feira (7), em Brisbane, no Suncorp Stadium, novamente às 7h. No dia 3 de outubro, os brasileiros visitam a Índia no Salt Lake Stadium, em Calcutá, a partir das 11h. A seleção canarinho inicia o ciclo rumo à Copa de 2030 com Hugo Souza; Matheuzinho, Marquinhos, Vitor Reis e Douglas Santos; Danilo e Bruno Guimarães; Raphinha, Estêvão, Endrick e Vinicius Junior. Sete deles estiveram no Mundial deste ano, realizado nos Estados Unidos, no México e no Canadá. As exceções são o goleiro Hugo Souza, o atacante Estêvão, o lateral-direito Matheuzinho e o zagueiro Vitor Reis. Os dois últimos, respectivamente defensores de Corinthians e Manchester City (Inglaterra), terão a primeira chance de vestir a camisa da seleção masculina principal. Mais oito jogadores podem estrear pelo Brasil nesta sexta: os goleiros Pedro Morisco e Otávio, os zagueiros Arthur Dias e Jair, o lateral-esquerdo Mauro Júnior, o meia Gabriel Bontempo e os volantes Breno Bidon e Martinelli. Próximo de fazer 25 anos, este último é segundo o mais velho entre os novatos da convocação, atrás somente de Matheuzinho (26 anos). ""Não é que começamos um novo trabalho, continuamos o trabalho feito até um ano e tentando melhorar. O grupo é bom, temos jovens de qualidade. Acho que esses jogos aqui na Austrália são muito boas oportunidades para os jovens que temos aqui"", disse Ancelotti, em entrevista coletiva nesta quinta-feira (24), em Townsville. ""Temos o objetivo de achar novos jogadores, uma nova geração para as próximas Copa do Mundo e Copa América"", concluiu o técnico, repetindo o discurso adotado após a derrota por 2 a 1 para a Noruega , em Nova Jersey (Estados Unidos), que eliminou o Brasil do Mundial, sacramentando a pior campanha desde 1990. O Brasil tem ampla vantagem em jogos contra a Austrália. São seis vitórias, um empate (sem gols) e uma derrota por 1 a 0, na disputa pelo terceiro lugar da Copa das Confederações de 2001, em Ulsan (Coreia do Sul). Em edição anterior do torneio, na Arábia Saudita, em 1997, as seleções decidiram o título e teve goleada brasileira por 6 a 0 em Riad. Na ocasião, os atacantes Ronaldo e Romário fizeram três gols cada. A última vez em que os dois países se encontraram foi no dia 13 de junho de 2017, também na Austrália. Em Melbourne, o Brasil venceu por 4 a 0, com o zagueiro Thiago Silva e os atacantes Taison e Diego Souza (duas vezes) balançando as redes. O primeiro gol dele, aos dez segundos de jogo, é o mais rápido da história da seleção canarinho."	Agência Brasil	esportes	False
https://agenciabrasil.ebc.com.br/esportes/noticia/2026-09/arthur-elias-convoca-selecao-feminina-para-amistosos-contra-argentina	2026-09-22	Arthur Elias convoca seleção feminina para amistosos contra Argentina	Lista com 28 nomes tem Yane, goleira do Bahia, e três atletas sub-20	O técnico Arthur Elias convocou 28 jogadoras que defenderão a seleção brasileira de futebol em dois amistosos em casa contra a Argentina em outubro, na penúltima Data Fifa deste ano. Entre as novidades na lista apresentada nesta terça-feira (22) está a goleira Yanne, do Bahia, e o retorno à equipe de três atletas da seleção sub-20 (Kayane, Clarinha e Thaís Lima) -  embora convocadas anteriormente, elas ainda não entraram em campo pelo time principal. O primeiro jogo está programado para o dia 10 de outubro (um sábado), às 16h30 (horário de Brasília), no Estádio Beira Rio, em Porto Alegre. Três dias depois, as brasileiras encaram as argentinas na Arena Pernambuco, em Recife, às 20h30. Um post compartilhado por EC Bahia (@ecbahia) A quase nove meses para a abertura da primeira Copa do Mundo Feminina de futebol no Brasil, o técnico Arthur Elias destacou a importância do embate contra a equipe sul-americana. “O confronto contra a Argentina é interessante porque talvez seja o último antes da Copa contra uma equipe sul-americana”, afirmou Elias, durante a coletiva na sede da CBF, no Rio de Janeiro. “A Argentina fez uma grande campanha nas eliminatórias e também na Copa América. Então, a gente espera dois jogos bastante difíceis e um estilo diferente que a gente vai pegar nas próximas Data Fifa, então a gente vai aproveita bastante”, pontuou. Um post compartilhado por Seleção Feminina de Futebol (@selecaofemininadefutebol) O treinador também elencou os critérios utilizados na convocação. “A performance [nos clubes] é um dos principais critérios; O que o atleta fez conosco dentro da seleção, sem dúvida nenhuma; a projeção desta jogadora para daqui a nove meses, na Copa do Mundo, a gente tenta fazer uma perspectiva com a experiência que temos; e também o momento na temporada. A gente tem calendários diferentes no mundo: México e Europa é um calendário, os Estados Unidos outro tipo de calendário, assim como na Arábia [Saudita]”, detalhou o técnico. Próximos compromissos até a estreia na Copa A seleção feminina tem outros dois amistosos agendados contra o Japão, na casa do adversário: no dia 29 de novembro, em Hiroshima, em 5 de dezembro, em Okayama. No ano que vem, as brasileiras terão duas Datas Fifa, ambas com três amistosos, antes da estreia na Copa do Mundo: a primeira entre 26 de fevereiro e 6 de março, e a outra entre 13 a 24 de abril. GOLEIRAS Lorena - Kansas City (EUA) Yanne - Bahia Thaís Lima - Benfica (POR) Carlinha - São Paulo ZAGUEIRAS Thaís Ferreira - Corinthians Isa Haas - América (MEX) Tarciane - Lyon (FRA) Mariza - Tigres (MEX) Tayla - São Paulo LATERAIS Isabela - Paris Saint-Germain (FRA) Raissa Bahia - Palmeiras Bruninha - Gotham FC (EUA) Tamara Bolt - Washington Spirit (EUA) MEIO-CAMPO Duda Sampaio - Corinthians Angelina - Orlando Pride (EUA) Jaqueline - Corinthians Kaylane - Flamengo Clarinha - Benfica (POR) ATACANTES Kerolin - Barcelona (ESP) Priscila - América (MEX) Gio Garbelini - Atlético de Madrid (ESP) Bia Zaneratto - Palmeiras Tainá Maranhão - Palmeiras Geyse - América (MEX) Jhonson - Corinthians Maiara - Angel City (EUA) Marília - Cruzeiro Luany - Atlético de Madrid (ESP)	Agência Brasil	esportes	False
https://agenciabrasil.ebc.com.br/esportes/noticia/2026-09/alonso-pede-mudancas-apos-assassinato-dos-circuitos-de-formula-1	2026-09-23	Alonso pede mudanças após “assassinato” dos circuitos de Fórmula 1	Críticas recaem sobre pistas de Madri, Silverstone e Spa-Francorchamps	O piloto espanhol Fernando Alonso pediu nesta quarta-feira (23) que a Fórmula 1 torne as corridas mais divertidas no ano que vem, afirmando que muitos dos circuitos atuais perderam seu caráter tradicional. O Grande Prêmio do Azerbaijão começa com o primeiro treino na sexta-feira (25). A última corrida foi realizada em Madri pela primeira vez, mas o circuito enfrentou críticas de vários pilotos, incluindo o campeão mundial Lando Norris. Outros classificaram a corrida como “uma procissão”. Alonso não se limitou a criticar o circuito MadRing em declarações ao Motorsport.com, mas afirmou que várias pistas não são propícias a corridas emocionantes. “Silverstone, uma pista incrível, não é mais divertida”, disse Alonso. “Spa foi quase constrangedor ao passar por Eau Rouge; Suzuka, a 130R... Há circuitos que foram assassinados este ano.” O piloto da Aston Martin se mostrou otimista em relação à popularidade atual da Fórmula 1, mas também se manifestou a favor de mais mudanças na potência do motor. A Fórmula 1 anunciou mudanças para 2027 em relação ao equilíbrio de potência entre o componente elétrico e o componente de combustão. Alonso gostaria de reduzir a aceleração imediata proporcionada pelo componente elétrico em favor da manutenção da velocidade por mais tempo. É um assunto, diz ele, que discute regularmente com o presidente-executivo da Fórmula 1, Stefano Domenicali, e com Mohammed Ben Sulayem, presidente da Federação Internacional de Automobilismo (FIA). “Talvez da cabine, ao volante, especialmente se você pilota em outras categorias ou já experimentou outros carros de Fórmula 1, haja um pouco de frustração”, disse Alonso. “Não tenho todas as informações. Temos que confiar no esporte.” * É proibida a reprodução deste conteúdo.	Agência Brasil	esportes	False
https://agenciabrasil.ebc.com.br/esportes/noticia/2026-09/dois-anos-depois-corinthians-e-sao-paulo-decidem-brasileiro-feminino	2026-09-22	Dois anos depois, Corinthians e São Paulo decidem Brasileiro Feminino	Timão elimina Bahia e repete final de 2024, quando bateu as Soberanas	O campeão brasileiro feminino de futebol da Série A1 (primeira divisão) começa a ser decidido neste sábado (26). A partir das 16h30 (horário de Brasília), Corinthians e São Paulo fazem o primeiro jogo da final na Neo Química Arena. A volta será no outro sábado (3), no mesmo horário, no Morumbis, também na capital paulista. A TV Brasil transmite as partidas ao vivo. O Timão chega pela 10ª vez seguida à decisão. Donas de sete títulos e atuais hexacampeãs, as Brabas se classificaram na última segunda-feira (21) ao vencerem o Bahia por 1 a 0 na Neo Química Arena. Foi o mesmo placar do jogo de ida, na Casa de Apostas Arena Fonte Nova, em Salvador. O duelo em São Paulo registrou o maior público do futebol feminino em 2026: 9.755 torcedores. FIM DE JOGO NA NEO QUÍMICA ARENA! 🏟️🔥 As Brabas vencem em casa, com uma jogadora a menos, e estão em mais uma FINAL do Brasileirão Feminino! Jhonson marcou na ida. Jhonson marcou na volta. E escreveu o nome dela nessa semifinal. 🖤🤍 Do outro lado, uma campanha HISTÓRICA das… pic.twitter.com/TDLOWUAmQn Assim como na terça passada (15), quem balançou as redes foi a atacante Jhonson. As duas partidas tiveram transmissão da TV Brasil . As Soberanas, por sua vez, garantiram-se na final ao superarem o Flamengo. Após ganharem no dia 12, no Estádio Luso-Brasileiro, no Rio de Janeiro, por 3 a 1, as tricolores fizeram 1 a 0 no Brinco de Ouro da Princesa, em Campinas (SP), no último sábado (19). A atacante Késia fez o gol da vaga, confirmando, também, a campanha são-paulina como a melhor dos finalistas. FIM DE JOGO NO ESTÁDIO BRINCO DE OURO DA PRINCESA COM AS TRICOLORES PAULISTAS LEVANDO A VITÓRIA NAS SEMIFINAIS DO #BrasileirãoFeminino ! ⚽ Com o gol da Kesia Sena do @SaoPauloFC_Fem as Tricolores Paulistas estão CLASSIFICADAS PARA A FINAL DO BRFEM ✍️ pic.twitter.com/ve9nWiR5gJ Há exatos dois anos, Corinthians e São Paulo estiveram em campo na Neo Química Arena para decidir o Brasileirão Feminino. Naquele 22 de setembro de 2024, o Timão venceu por 2 a 0 diante de 44.529 torcedores, maior público da modalidade em jogos entre clubes no país, conquistando o sexto dos sete títulos nacionais. As alvinegras já tinham ganhado por 3 a 1 no Morumbis. A TV Brasil exibiu os dois compromissos. Em 2025, as Soberanas deram o troco na Supercopa do Brasil. Depois de um empate sem gols no tempo normal, a decisão foi aos pênaltis. As são-paulinas - que atuaram em casa - venceram por 4 a 3 e ficaram com a taça. Nas nove finais anteriores, o Corinthians foi mandante do segundo jogo. Pela primeira vez, as Brabas terão de fazer a partida decisiva longe da Fiel. Como no estado de São Paulo os clássicos são disputados com torcida única, o duelo de volta, no Morumbis, terá somente são-paulinos nas arquibancadas. O de ida, na Neo Química Arena, contará apenas com corintianos.	Agência Brasil	esportes	False
https://agenciabrasil.ebc.com.br/esportes/noticia/2026-09/internacional-contrata-tecnico-eduardo-baptista-ate-o-fim-da-temporada	2026-09-23	Internacional contrata técnico Eduardo Baptista até o fim da temporada	Time gaúcho ocupa a antepenúltima colocação na tabela do Brasileirão	O Internacional anunciou a contratação do técnico Eduardo Baptista nesta quarta-feira (23), três dias após a demissão do uruguaio Paulo Pezollano. O novo treinador terá o desafio de tirar o Colorado da zona de rebaixamento (Z4) a 10 rodadas do fim do Campeonato Brasileiro. Com 28 pontos, o Inter amarga o 18ª lugar no Brasileirão. Baptista comandará o Inter até o final deste ano. Até a última terça (22), Baptista comandava o Criciúma. Após um ano e quatro meses de trabalho no clube, ele deixou o time catarinense na sexta posição da Série B. Baptista retorna a um clube da elite do futebol brasileiro após quatro anos. Em 2022 ele teve uma passagem meteórica (seis jogos apenas) pelo Atlético-GO. Desde que iniciou a carreira de técnico em 2014 no Sport, Baptista acumulou passagens no comando de Fluminense, Palmeiras, Athletico-PR, Vila Nova, Mirassol, Remo, Juventude e Atlético-GO, entre outros. Aos 56 anos, o técnico paulista assume o Colorado junto com o auxiliar Julio Cesar Schiavon e com o analista de desempenho Lucas Brito Souza.	Agência Brasil	esportes	False
https://agenciabrasil.ebc.com.br/esportes/noticia/2026-09/selecao-ancelotti-comanda-1o-treino-com-grupo-completo-na-australia	2026-09-23	Seleção: Ancelotti comanda 1º treino com grupo completo na Austrália	Brasileiros enfrentam australianos em amistoso na próxima sexta, às 7h	O técnico Carlo Ancelotti comandou na tarde desta quarta-feira (23) em Brisbane (Austrália) o primeiro treino com todos os 26 convocados da seleção brasileira. Em processo de renovação, a Amarelinha enfrentará a anfitriã Austrália na próxima sexta (25), às 7h (horário de Brasília). Os últimos jogadores a desembarcarem hoje em Brisbane foram o goleiro Otávio, o zagueiro Arthur Dias e o lateral Vanderson, que juntaram ao grupo durante as atividades físicas no campo anexo do Ballymore Stadium. O lateral Vanderson, do Monaco (França) foi convocado no último domingo (20), no lugar de Wesley (Roma), cortado da seleção devido a uma lesão. Um post compartilhado por CBF • Seleção Brasileira de Futebol (@brasil) Ancelotti ainda não definiu o time titular que entrará em campo contra a Austrália, no primeiro de dois jogos no país da Oceania. O último treino ocorrerá na manhã de quinta (24) e logo após a atividade a seleção viajará rumo a Townsville, local do amistoso. A Amarelinha encara a anfitriã Austrália às 7h (horário de Brasília) de sexta (25), no Queensland Country Bank Stadium, em Townsville. Depois a equipe retorna à Brisbane onde enfrentará novamente os anfitriões na próxima terça (29), às 7h, no Suncorp Stadium. O último amistoso do Brasil neste período de Data Fifa será contra a Índia em 3 de outubro (um sábado), às 11h, no estádio Salt Lake, na cidade de Calcutá.	Agência Brasil	esportes	False
https://agenciabrasil.ebc.com.br/esportes/noticia/2026-09/federacao-alema-diz-que-carta-de-infantino-e-manobra-para-reeleicao	2026-09-22	"Federação Alemã diz que carta de Infantino é ""manobra"" para reeleição"	Documento propondo reformas foi enviado a 211 membros da Fifa	"Uma carta enviada esta semana pelo presidente da Fifa, Gianni Infantino, a todos os 211 membros, oferecendo-se para discutir reformas dentro do órgão que rege o futebol mundial — em meio a uma crise em curso devido ao fracasso de seu plano de vender uma participação na Copa do Mundo —, é uma mera manobra para garantir sua reeleição, afirmou nesta terça-feira (22) o presidente da Federação Alemã de Futebol (DFB), Bernd Neuendorf. Na carta de segunda-feira (21), à qual a Reuters teve acesso, Infantino propôs uma análise independente do processo de tomada de decisões da Fifa, em uma iniciativa que poderia ajudá-lo a reconquistar apoio após a retirada de seu polêmico plano de investimento privado. Adotando um tom conciliador, ele também disse que proporia consultas com confederações, federações membros e outras partes interessadas sobre o fortalecimento do processo de tomada de decisões da Fifa. Infantino enfrentou uma forte reação contra sua proposta de vender uma participação de 20% nos direitos comerciais da Fifa, incluindo a Copa do Mundo, a investidores privados. O plano foi abandonado em julho após oposição e ameaças de boicote. Uefa, Confederação Asiática de Futebol e Concacaf exigiram mudanças na liderança da Fifa. Elas afirmaram que não houve consulta a nenhuma confederação continental em nenhuma etapa, com Infantino agindo sozinho. A Uefa declarou que uma mudança na liderança é agora necessária, já que o órgão europeu havia perdido a confiança no atual presidente. “Considero a carta de Gianni Infantino uma manobra transparente para garantir sua reeleição no ano que vem”, disse o presidente da DFB, Neuendorf, na terça-feira (22). “Fundamentalmente, a Fifa parece agora ter reconhecido que mudanças são essenciais."" ""No entanto, Gianni Infantino definitivamente não é a pessoa certa para liderar um processo de reforma. Ele esgotou toda a sua credibilidade.” Neuendorf também é membro do Conselho da Fifa, o principal órgão decisório da organização. * É proibida a reprodução deste conteúdo."	Agência Brasil	esportes	False
https://agenciabrasil.ebc.com.br/esportes/noticia/2026-09/futebol-feminino-tv-brasil-exibe-corinthians-e-bahia-pela-semifinal	2026-09-21	Futebol feminino: TV Brasil exibe Corinthians e Bahia pela semifinal	Times disputam jogo de volta da semifinal do Brasileirão Feminino	A TV Brasil transmite nesta segunda-feira (21) a partida de volta das semifinais do Campeonato Brasileiro Feminino Série A1 2026 entre Corinthians e Bahia. A exibição do confronto tem início às 21h30, direto da Neo Química Arena, em São Paulo (SP). Na partida de ida disputada na última terça-feira (15), o Corinthians levou a melhor e venceu o adversário por 1 a 0 na Casa de Apostas Fonte Nova, em Salvador (BA). Com o resultado, o timão joga agora pelo empate. Já as Mulheres de Aço do Bahia precisarão vencer por 1 gol de diferença para que o jogo seja levado aos pênaltis, ou dois ou mais gols para avançar à próxima fase. As exibições fazem parte da estratégia da TV Brasil , a tela do futebol feminino, para ampliar a visibilidade da modalidade no país. Pelo terceiro ano consecutivo, o canal público exibe os jogos da elite feminina. Também serão transmitidos os confrontos decisivos das Séries A2 e A3, a partir das semifinais. Além disso, o público poderá acompanhar as decisões das categorias de base pelo título do Brasileirão Feminino Sub-17 e Sub-20. A equipe de profissionais que comanda as transmissões do Brasileirão Feminino conta com o narrador Thiago Julianelli e um time de mulheres formado pelas comentaristas Brenda Balbi e Rachel Motta e as repórteres Marília Arrigoni e Verônica Dalcanal. As competições ganham ainda mais visibilidade por meio da parceria com os canais que formam a Rede Nacional de Comunicação Pública (RNCP) , que podem retransmitir a programação da TV Brasil em seus estados. A edição de 2026 do campeonato mobiliza 18 equipes que se enfrentam em turno único na fase de classificação. Os oito primeiros avançam para a segunda fase. As etapas a partir das quartas de final são disputadas no formato de mata-mata com duelos de ida e volta. Os times reunidos na Brasileirão Feminino Série A1 são: América (MG), Atlético Mineiro, Bahia, Botafogo, Corinthians, Cruzeiro, Ferroviária, Flamengo, Fluminense, Grêmio, Internacional, Juventude, Mixto (MT), Palmeiras, Red Bull Bragantino, Santos, São Paulo e Vitória. Aproveite o mata-mata na Série A1 e ajude a escolher a vencedora da categoria Craque da Torcida do Prêmio TV Brasil Petrobras Para Elas . A premiação criada pela TV Brasil e pela Petrobras vai reconhecer ainda atletas, treinadores e treinadoras, dirigentes, departamentos de futebol feminino e clubes que se destacarem ao longo da temporada de 2026. A votação da categoria com voto popular já está aberta, é gratuita e tem votos ilimitados. Acesse ebc.com.br/premiotvbrasilpetrobrasparaelas até 31 de outubro. Ao vivo e on demand Acompanhe a programação da TV Brasil pelo canal aberto, TV por assinatura e parabólica. Sintonize: https://tvbrasil.ebc.com.br/comosintonizar. Seus programas favoritos estão no TV Brasil Play , pelo site http://tvbrasilplay.com.br ou por aplicativo no smartphone. O app pode ser baixado gratuitamente e está disponível para Android e iOS. Assista também pela WebTV: https://tvbrasil.ebc.com.br/webtv. Serviço Brasileirão Feminino Série A1 –Corinthians X Bahia– Segunda-feira (21), a partir das 21h30, na TV Brasil.	Agência Brasil	esportes	False
https://agenciabrasil.ebc.com.br/esportes/noticia/2026-09/brasil-fecha-copa-do-mundo-de-ginastica-com-mais-cinco-podios	2026-09-20	Brasil fecha Copa do Mundo de ginástica com mais cinco pódios	Domingo na Hungria tem 2 ouros brasileiros com Flávia e Nory	Neste domingo (20), último dia de disputas da Copa do Mundo da Hungria de Ginástica Artística, o Brasil conquistou cinco medalhas. Rebeca Andrade, prata, e Flávia Saraiva, com ouro, fizeram uma dobradinha verde e amarela na trave. No solo, mais uma dobradinha: Flávia (prata) e Lorrane Oliveira (bronze). Artur Nory fechou o dia com uma medalha de ouro na barra fixa. A prata da campeã olímpica Rebeca Andrade veio com a somatória de 13,600, apesar de um desequilíbrio na apresentação. Flávia, com uma série limpa, foi a melhor com uma nota de 13,766. No solo, Flávia Saraiva foi prata e ganhou a terceira medalha da competição. Ela ficou com 13,433. A campeã Dulcy Caylor, dos EUA, somou apenas 00,033 a mais do que a brasileira. Lorrane Oliveira foi bronze com 12,933, completando o pódio. Na última final do dia, Arthur Nory foi o melhor na barra fixa com 14,133 e uma série sem erros. Com as vitórias de hoje, o Brasil fecha sua participação com seis medalhas: três ouros, duas pratas e um bronze. Ontem (19), Flávia já tinha tinha levado o ouro nas barras assimétricas .	Agência Brasil	esportes	False
https://agenciabrasil.ebc.com.br/esportes/noticia/2026-09/conmebol-anuncia-datas-e-horarios-das-semifinais-da-copa-libertadores	2026-09-21	Conmebol anuncia datas e horários das semifinais da Copa Libertadores	Fase terá Flamengo, Fluminense, Palmeiras e o argentino Estudiantes	As datas e horários das semifinais da Copa Libertadores da América foram definidas nesta segunda-feira (21) pela Conmebol. O primeiro duelo será entre Fluminense e Palmeiras no dia 14 de outubro (uma quarta-feira), às 21h30 (horário de Brasília), no Maracanã. No dia seguinte, no mesmo horário, o Estudiantes (Argentina) recebe o Flamengo, em local ainda indefinido. Os jogos de volta ocorrerão na semana seguinte. O Verdão decidirá a vaga em embate contra o Tricolor carioca no Nubank Parque, em São Paulo, no dia 21 de outubro, às 21h30. No dia seguinte, será a vez de o Flamengo duelar contra o Estudiantes no Maracanã, também às 21h30. 🗓️🏆 Tabela definida! As datas e horários da Semifinal da CONMEBOL #Libertadores 2026, em outubro. pic.twitter.com/K4MGu6JqGc Os times que avançarem à final receberão prêmio de US$ 7 milhões (aproximadamente R$ 36 milhões). A decisão do título será no dia 28 de novembro no Estádio Centenário, em Montevidéu (Uruguai). Quem vencer levantará a taça e será contemplado com US$ 25 milhões (R$129 milhões). Já o vice-campeão receberá US$ 7 milhões (R$ 36 milhões). Nos últimos cinco anos, somente times brasileiros decidiram a taça Libertadores, com exceção da final de 2023, quando o Fluminense faturou o título ao ganhar do Boca Juniors (Argentina). Em 2020, o Palmeiras foi campeão com vitória sobre o Santos. No ano seguinte, o Verdão voltou a levantar a taça ao superar o Flamengo. Em 2022, o Flamengo foi campeão ao bater na final o Athletico-PR. Em 2024, o Botafogo conquistou o título inédito ao superar o Atlético-MG. Já no ano passado, o Flamengo arrematou seu quarto título da Libertadores ao derrotar o Palmeiras. Jogos de ida 14/10 - Fluminense x Palmeiras - às 21h30, no  Maracanã; 15/10 - Estudiantes x Flamengo - às 21h30, em local ainda a ser definido; Jogos de volta 21/10 - Palmeiras x Fluminense - às 21h30 - no Nubank Parque; 22/10 - Flamengo x Estudiantes - às 21h30, no Maracanã.	Agência Brasil	esportes	False
https://agenciabrasil.ebc.com.br/esportes/noticia/2026-09/stefani-e-bicampea-de-duplas-do-sp-open-o-1o-ao-lado-de-dabrowski	2026-09-21	Stefani é bicampeã de duplas do SP Open, o 1º ao lado de Dabrowski	Brasileira e canadense derrotaram norte-americanas por 2 sets a 1	A tenista brasileira Luisa Stefani faturou o bicampeonato consecutivo de duplas do WTA 250 SP Open, o primeiro ao lado da parceira canadense Gabriela Dabrowski. Nesta segunda-feira (21), em partida adiada devido às chuvas na capital paulista no domingo (20), elas superaram na final as norte-americanas Anna Rogers e Allura Zamarripa por 2 sets a 1 com parciais de 6/3 3/6 10/7. No ano passado, Stefani já levantara a taça do SP Open ao lado da antiga parceira, a húngara Time Babos. Um post compartilhado por SP Open (@spopenoficial) Segunda melhor dupla da temporada e classificada para o WTA Finals em Indian Wells (Estados Unidos), Stefani e Dabrowski venciam por 4/3 na primeira parcial, iniciada no domingo (20), quando o duelo foi interrompido por conta da chuva. Ao ser retomado nessa segunda (21), a parceria Basil-Canadá quebrou o saque das norte-americanas e também levou a parcial seguinte, fechando o set em 6/3. A parcial seguinte seguiu equilibrada até o quarto game, quando as adversárias conseguiram uma quebra, passaram à frente com 3/2 e depois dominaram a quadra até fechar em 6/3. Com o empate em 1 a 1, a decisão seguiu para o super tie-break. As norte-americanas lideravam o placar por 4/2 quando Stefani e Dabrowski reagiram. Após empatar em 7/7, a dupla Brasil-Canadá emplacou pontos seguidos até fechar em 10/7 que assegurou o título, o quarto delas nesta temporada. Além do SP Open, a dupla “Stefanowski” – apelido dado pelos fãs nas redes sociais – arrematou nesta temporada os títulos o WTA 250 de Eastbourne (Inglaterra), o WTA 500 de Estrasburgo (França) e o WTA 1000 de Dubai (Emirados Árabes). Elas também foram vice-campeãs de Wimbledon e semifinalistas do US Open, Australian Open, Roland Garros, Doha e o Miami Open. Um post compartilhado por Joao Fonseca (@joaoffonseca) Dois dias após ajudar a seleção brasileira a se classificar para os Qualifers da Copa Davis , o carioca João Fonseca anunciou nesta segunda (21) que desistiu de participar dos torneios da Ásia (ATP 500 de Tóquio e o Masters 1000 de Shangai).  Em comunicado nas redes sociais, Fonseca falou da frustração de ficar fora de competições devido às lesões e disse que “precisa de mais tempo” para cuidar do corpo e da cabeça.  O ATP de Tóquio (Japão) terá início em 30 de setembro e o Masters de Shangai (China) em 7 de outubro. No início do ano, Fonseca não disputou os ATPs 250 de Brisbane e de Auckland - preparatórios para o Aberto da Austrália - devido à lesão nas costas. Depois, não competiu no ATP 500 de Hamburgo, no saibro, por conta de um problem ano pulso. O brasileiro também desistiu ATP 250 de Eastbourne, na grama, em razão de dores no ombro. Em agosoto, na gira de quadra dura, Fonseca ficou fora do Masters 1000 de Cincinnati e do US Open devido a problemas no abdômen.	Agência Brasil	esportes	False
https://agenciabrasil.ebc.com.br/esportes/noticia/2026-09/vasco-e-campeao-do-brasileirao-a2-feminino	2026-09-20	Vasco é campeão do Brasileirão A2 Feminino	Título vem apesar da derrota para Itabirito neste domingo	O Vasco é campeão do Brasileirão Feminino Série A2. A conquista foi confirmada neste domingo (20), em São Januário, no Rio de Janeiro (RJ). Com a vitória de 3 a 1 no jogo de ida, em Minas Gerais, mesmo derrotada por 2 a 1 no segundo confronto, que teve transmissão ao vivo da TV Brasil , a equipe carioca garantiu a taça. Bruna Marques e Luana Rodrigues marcaram para o Itabirito, enquanto Ju Santos fez o gol do título. O A2 é a segunda divisão do campeonato nacional de futebol feminino, organizado pela Confederação Brasileira de Futebol (CBF). As finalistas, ao lado de Atlético (PI) e Minas Brasília, estão confirmadas na elite do futebol feminino nacional de 2027.	Agência Brasil	esportes	False
https://agenciabrasil.ebc.com.br/esportes/noticia/2026-09/equipe-do-sao-paulo-e-primeira-finalista-do-brasileirao-feminino	2026-09-19	Equipe do São Paulo é a primeira finalista do Brasileirão Feminino	Soberanas vencem Flamengo por 1 a 0	O São Paulo está na final do Brasileiro Feminino de 2026. As Soberanas, que chegaram com a vantagem da vitória por 3 a 1 no Rio de Janeiro, venceram novamente o Flamengo nesta tarde em Campinas. O placar foi 1 a 0. O gol saiu no final da partida, em contra-ataque rápido, Kesia finalizou na saída de Vivi. O São Paulo volta à grande decisão depois de duas temporadas. As Soberanas já venceram a Série A2 do Brasileirão em 2019, mas ainda buscam o título inédito da primeira divisão do torneio. O adversário da decisão será decidido na segunda-feira (21). Com transmissão ao vivo da TV Brasil, o Corinthians receberá o Bahia na Neo Química Arena a partir das 21h30. As Brabas jogam com a vantagem da vitória por 1 a 0 na primeira partida em Salvador.	Agência Brasil	esportes	False
https://agenciabrasil.ebc.com.br/esportes/noticia/2026-09/contra-argentina-brasil-e-tetracampeao-mundial-de-futsal-down	2026-09-20	Contra a Argentina, Brasil é tetracampeão mundial de futsal down	Brasileiros marcaram 10 a 1 contra a argentina em partida no México	De goleada, o Brasil conquistou o quarto título mundial de futsal down, modalidade esportiva adaptada voltada exclusivamente para atletas com síndrome de Down. Na partida deste sábado (19), contra a Argentina, os brasileiros venceram por 10 a 1 a final do campeonato que foi disputada na cidade de Mérida, no México. Renato Gregório, atleta do Corinthians, marcou 29 gols na competição e levou o prêmio de melhor jogador. Durante todo o torneio, a Seleção ficou invicta, com vitórias marcantes como 9 a 3 na estreia contra a própria Argentina e 13 a 2 sobre a Guatemala na fase de grupos. .	Agência Brasil	esportes	False
https://agenciabrasil.ebc.com.br/esportes/noticia/2026-09/podoroska-e-quevedo-decidem-sp-open-2026-neste-domingo	2026-09-19	Podoroska e Quevedo decidem SP Open 2026 neste domingo	Tenista campeã somará 250 pontos no ranking e levará US$ 37,4 mil	A tenista argentina Nadia Podoroska se garantiu na decisão do torneio WTA 250 de São Paulo. Aos 29 anos, ela conquistou a vaga na decisão do SP Open, primeira final de WTA 250 da carreira, ao passar pela espanhola Paula Badosa. As parciais foram 6/3 e 6/4 em 1h27 de partida neste sábado (19), no Parque Villa Lobos, na capital paulista. A final ocorre neste domingo (20), às 15h30, e a adversária de Podoroska será a espanhola Kaitlin Quevedo. A 105ª do ranking mundial garantiu vaga na final ao vencer, também neste sábado, Anna Blinkova, 94ª colocada por 2 sets a 1. As parciais foram de 6/2, 2/6 e 6/4. O SP Open WTA 250 tem premiação total de US$ 283 mil. A campeã da final de simples somará 250 pontos no ranking e leva US$ 37,4 mil;  vice leva 163 pontos e US$ 22,1 mil.	Agência Brasil	esportes	False
https://agenciabrasil.ebc.com.br/esportes/noticia/2026-09/volei-brasil-vence-sul-americano-e-esta-na-olimpiada-2028	2026-09-20	Vôlei: Brasil vence Sul-Americano e está na Olimpíada 2028	Vaga vem com 3 a 0 sobre Argentina no Rio de Janeiro	A seleção masculina de vôlei está classificada para os Jogos Olímpicos de Los Angeles 2028. A vaga foi conquistada com a vitória sobre a Argentina por 3 sets a 0 na manhã deste domingo (20), no ginásio do Maracanazinho, no Rio de Janeiro (RJ). Diante de um público de 11.968 pessoas, o time do técnico Bernardinho fez 25/20, 25/23 e 25/20. Desde 1964, estreia do voleibol, a seleção masculina do Brasil não ficou de fora de uma edição olímpica. Além da vaga, essa vitória também confirmou o 34ª título do Campeonato Sul-Americano. O comando foi do oposto Darlan, maior pontuador da partida com 23 acertos. A seleção do Campeonato, que reúne os melhores jogadores do torneio, foi formada pelo oposto Darlan, o levantador Cachopa, os ponteiros Adriano e Aravena (Chile), os centrais Flávio e Loser (Argentina), e o líbero Massimino (Argentina).	Agência Brasil	esportes	False
https://agenciabrasil.ebc.com.br/esportes/noticia/2026-09/brasil-e-eliminado-pela-espanha-nas-quartas-da-copa-feminina-sub-20	2026-09-19	Brasil é eliminado pela Espanha nas quartas da Copa Feminina sub-20	Time perdeu por 1 a 0 e está fora da competição mundial	A seleção brasileira de futebol feminino perdeu para a Espanha por 1 a 0, na Arena Sosnowiec, na Polônia, neste sábado (19). O resultado eliminou o time da técnica Camilla Orlando nas quartas de final da Copa do Mundo feminina sub-20. O gol das europeias foi marcado aos 26 minutos do primeiro tempo. Rosalia cruzou e Pau Comendador concluiu de cabeça. A Espanha enfrenta, agora, a Itália na semifinal. Enquanto isso, o Brasil volta para casa. As jogadoras conseguiram três vitórias na primeira fase: 4 a 1 contra a Tanzânia , 3 a 0 diante do Canadá e 2 a 1 sobre a Inglaterra. Já nas oitavas de final, a vaga foi conquistada na disputa de pênaltis diante dos Estados Unidos. A Seleção ainda tenta o título inédito, as melhores campanhas foram o terceiro lugar em 2006 e 2022. A Espanha tenta o bicampeonato depois do título de 2022 sobre o Japão.	Agência Brasil	esportes	False
https://agenciabrasil.ebc.com.br/esportes/noticia/2026-09/radio-nacional-exibe-corinthians-x-fluminense-neste-domingo	2026-09-20	Rádio Nacional exibe Corinthians x Fluminense neste domingo	Jogo pelo Brasileirão começa às 15h30 na emissora pública	A Rádio Nacional leva ao ar, neste domingo (20), a partida válida pela 28ª rodada da Série A do Brasileirão 2026, entre Corinthians e Fluminense. As equipes duelam pelos três pontos cruciais no gramado da Neo Química Arena, em São Paulo (SP). A transmissão na emissora pública tem início às 15h30. Terminada a 27ª rodada, o Corinthians figura na 14ª posição da tabela, após ter perdido para o Flamengo por 2 a 1 no domingo (13). O Fluminense aparece em situação melhor, na 5ª colocação, mas perdeu a última partida contra o Atlético-MG por 3 a 1, no sábado (12). As transmissões da Rádio Nacional iniciam com a faixa Show de Bola Nacional e contará com uma equipe completa para levar ao público todas as emoções dos confrontos. A cobertura da partida tem um time de peso na equipe de esportes da emissora: a narração fica por conta de André Luiz Mendes com comentários de Mário Silva. Por fim, Marcelo Smigol comanda a reportagem e o plantão de informações da rodada. A transmissão da partida entra no ar para parte da rede em AM e OC, além da FM no Rio de Janeiro , no Alto Solimões e parceiros da Rede Nacional de Comunicação Pública (RNCP). A Nacional FM nas demais praças segue com o conteúdo musical. O ouvinte pode ficar ligado nas produções preferidas pelo dial, no app Rádios EBC e no site da emissora. Os áudios ainda estão disponíveis em tempo real por streaming nas duas plataformas. O Campeonato Brasileiro é a liga brasileira de futebol profissional entre clubes do Brasil, sendo a principal competição futebolística no país. Por meio da disputa, são indicados os representantes brasileiros para a Copa Libertadores da América (junto ao campeão da Copa do Brasil). Vinte clubes participam do torneio. No decorrer da temporada, cada time joga duas vezes contra os outros (em um sistema de pontos corridos), uma vez em seu estádio e a outra no de seu adversário, em um total de 38 jogos. As equipes recebem três pontos por vitória e um por empate. Os clubes são classificados pelo total de pontos, depois pelo saldo de gols e, em seguida, pelos gols marcados. Em caso de empate entre dois ou mais times, os critérios de desempate são: maior número de vitórias; maior saldo de gols; maior número de gols pró; confronto direto; menor número de cartões vermelhos recebidos; e menor número de cartões amarelos recebidos. Esporte que é paixão do povo brasileiro, o futebol é um dos destaques da programação da Rádio Nacional , emissora pública referência em transmissões de partidas no país há décadas. Os jogos das principais competições e as notícias mais importantes têm espaço nas jornadas esportivas diárias. Os torcedores podem ficar ligados pelo rádio, site ou streaming para acompanhar as emoções das disputas entre os maiores clubes brasileiros. Antes e depois dos confrontos, o ouvinte se informa sobre a preparação das equipes e a repercussão do placar nas ondas da Nacional . A análise sobre os resultados da rodada ainda ganha janela diária para um rico debate em produções consagradas no radiojornalismo esportivo. A equipe da Rádio Nacional reúne craques da crônica esportiva. São produtores, jornalistas e apresentadores que buscam o diferencial da notícia. Além de informar o público nas ondas do rádio, o time também faz bonito na telinha da TV Brasil. Os profissionais realizam o programa Stadium, terça a sexta, às 18h30. Sempre ao vivo, as tradicionais produções da emissora pública trazem análises e apurações atualizadas. O esporte tem espaço destacado na programação do canal. O telejornal diário Repórter Brasil , às 12h15 e às 19h, também oferece uma ampla cobertura dos principais resultados do dia. Aproveite a transmissão do Brasileirão Masculino e ajude a escolher a vencedora da categoria Craque da Torcida do Prêmio TV Brasil Petrobras Para Elas . A premiação criada pela TV Brasil e pela Petrobras vai reconhecer ainda atletas, treinadores e treinadoras, dirigentes, departamentos de futebol feminino e clubes que se destacarem ao longo da temporada de 2026. A votação da categoria com voto popular já está aberta, é gratuita e tem votos ilimitados! Acesse ebc.com.br/premiotvbrasilpetrobrasparaelas até 31 de outubro. Campeonato Brasileiro 2026 – Corinthians x Fluminense, 20/9, a partir das 15h30, na Rádio Nacional RJ, AM, OC e AS + RNCP e Parceiros Rádio Nacional na internet e nas redes sociais:	Agência Brasil	esportes	False
https://agenciabrasil.ebc.com.br/esportes/noticia/2026-09/wesley-e-cortado-e-vanderson-e-convocado-para-amistosos-da-selecao	2026-09-20	Wesley é cortado e Vanderson é convocado para amistosos da Seleção	Ancelotti chama lateral do Monaco para jogos com Austrália e Índia	Assim como havia ocorrido às vésperas da Copa do Mundo de 2026, Wesley (ex-atleta do Flamengo) foi cortado da Seleção por conta de uma lesão. A CBF não detalhou o problema enfrentado pelo atual lateral-direito da Roma (Itália). O técnico Carlo Ancelotti chamou Vanderson, do Monaco, para compor a lista da Seleção Brasileira para os amistosos da data Fifa . Os dois primeiros amistosos do Brasil serão na Austrália, contra a seleção da casa. No próximo dia 25, o jogo está marcado para 7h (horário de Brasília), no Queensland Country Bank, em Townsville. Quatro dias depois, as equipes se enfrentam no Suncorp Stadium, em Brisbane, no mesmo horário. Da Austrália, a delegação brasileira vai para a Índia. O duelo com os anfitriões será no dia 3 de outubro, às 11h, no Salt Lake Stadium, em Calcutá. A trinca de amistosos abre o ciclo da seleção verde e amarela rumo à Copa do Mundo de 2030, que terá seis sedes: Espanha, Portugal, Marrocos, Argentina, Paraguai e Uruguai. O Brasil vem de uma eliminação nas oitavas de final do Mundial deste ano, realizado em Estados Unidos, México e Canadá. Entre os 26 convocados por Ancelotti para os jogos contra Austrália e Índia, nove estiveram na última Copa, entre eles os zagueiros Marquinhos e Gabriel Magalhães, o lateral Douglas Santos, os volantes Bruno Guimarães e Danilo Santos e os atacantes Endrick, Rayan, Raphinha e Vinícius Júnior.	Agência Brasil	esportes	False
https://agenciabrasil.ebc.com.br/esportes/noticia/2026-09/brasil-bate-suica-e-avanca-na-copa-davis	2026-09-19	Brasil bate Suíça e avança na Copa Davis	Orlando Luz e Rafael Matos carimbam vaga no Rio de Janeiro	A dupla brasileira de Orlando Luz e Rafael Matos confirmou o favoritismo diante dos suíços Jakub Paul e Dominic Stricker, venceu por 2 sets a 0, e fez o terceiro ponto da equipe brasileira. Com o resultado, o time nacional fez 3 a 0 nl duelo contra os europeus e avançou no Grupo Mundial 1 da Copa Davis. As parciais do jogo no Rio de Janeiro foram 7/6(1) 6/2 após 1h45 de encontro. As outras vitórias foram de João Fonseca e Gustavo Heide em simples, na sexta-feira. Com o resultado, o Brasil está classificado para os Qualifers, e tem chances de brigar por vaga na fase final na temporada 2027.	Agência Brasil	esportes	False
https://agenciabrasil.ebc.com.br/esportes/noticia/2026-09/flavia-saraiva-e-ouro-nas-assimetricas-da-copa-do-mundo-de-ginastica	2026-09-19	Flávia Saraiva é ouro nas assimétricas da Copa do Mundo de ginástica	Conquista é o primeiro pódio do Brasil na Hungria	A ginasta Flávia Saraiva foi campeã das disputas das barras assimétricas na etapa da Hungria da Copa do Mundo. A brasileira alcançou, na manhã deste sábado (19), a somatória de 13,366. Em quarto lugar, Lorrane Oliveira ficou a apenas 00,067 pontos do pódio. A norte-americana Tatum Drusch foi a segunda colocada e a eslovaca Barbora Kundraft fechou o pódio. Integrando a série challenge e também o circuito mundial da modalidade, o evento é a penúltima competição do tipo na temporada. Na próxima semana, a etapa de Paris (França) fecha a temporada. Depois, acontecerá o Mundial de Ginástica Artística 2026 em Roterdã (Holanda), entre 17 e 25 de outubro.	Agência Brasil	esportes	False
https://agenciabrasil.ebc.com.br/esportes/noticia/2026-09/nana-e-victoria-caem-mas-luisa-stefani-vai-semifinais-do-sp-open	2026-09-18	Naná e Victória caem, mas Luisa Stefani vai às semifinais do SP Open	Dupla da brasileira, 3ª do mundo, avança por W.O. após rival adoecer	O Brasil tem apenas Luisa Stefani como representante ainda na briga por título no SP Open. Nesta sexta-feira (18), a parceria da paulista, número 3 do ranking de duplas da Associação de Tênis Feminino (WTA), com a canadense Gabriela Dabrowski (5ª) sequer precisou ir entrar em quadra no Parque Villa-Lobos, que fica na zona oeste de São Paulo, para avançar às semifinais. Segundo a organização, a tcheca Dominika Salkova (146ª), que jogaria ao lado da espanhola Katlin Quevedo (105ª do ranking de simples da WTA, 888ª entre as duplistas), ficou doente e teve que se retirar do evento, principal torneio profissional de tênis feminino no Brasil. Assim, Luisa e Dabrowski se classificaram por W.O. A brasileira volta a jogar neste sábado (19), em horário e quadra a serem confirmados. As adversárias saem do confronto das chinesas Yiming Dang (232ª) e Xaodi You (227ª) contra a parceria da tcheca Vendula Valdmannova (147ª) com a norte-americana Mary Stoiana (282ª entre as duplistas, 116ª em simples), que ocorre ainda nesta sexta-feira (18). O Brasil ainda estava representado no torneio de duplas pelas também paulistas Nahuany Silva, a Naná (434º) e Victória Barros (1066ª no ranking de duplistas, 827ª em simples). As jovens de apenas 16 anos não resistiram ao favoritismo da parceria entre a russa Anastasia Tikhonova (80ª) e a ucraniana Valeriya Strakhova (92ª), que ganharam por 2 sets a 0, com parciais de 6/2 e 7/5. Pela presença nas quartas de final, as duas darão saltos relevantes na próxima atualização do ranking de duplas da WTA. Principalmente Victória, que ganhará 413 posições e aparecerá no 653º lugar, entrando para o top-10 das tenistas até 18 anos como a oitava da estatística. Naná, por sua vez, ascenderá 97 degraus para ocupar a 337ª colocação, sendo a terceira melhor sub-18 entre as duplistas. Ambas também subirão no ranking de simples. Apesar da queda na estreia da chave individual, Victória terá um salto de oito posições, passando à 819ª colocação. Naná, que avançou às oitavas de final, avançará 53 lugares na lista, assumindo o 541º posto na lista, tornando-se a 10ª melhor tenista sub-18 do mundo.	Agência Brasil	esportes	False
https://agenciabrasil.ebc.com.br/esportes/noticia/2026-09/pela-quinta-vez-brasil-poe-trinca-nas-semifinais-da-libertadores	2026-09-18	"Pela quinta vez, Brasil põe ""trinca"" nas semifinais da Libertadores"	Flamengo passa pelo Del Valle e se junta a Fluminense e Palmeiras	"Pela quinta vez na história, sendo a quarta no atual formato e envolvendo brasileiros, a Libertadores chega às semifinais com três clubes do mesmo país na briga pelo título. A classificação do Flamengo diante do Independiente del Valle (Equador) confirmou a ""trinca"" ao lado de Fluminense e Palmeiras. O ""intruso"" é o Estudiantes (Argentina). Cinco anos atrás, Flamengo, Palmeiras e Atlético-MG tiveram a companhia do Barcelona de Guayaquil entre os semifinalistas, na primeira ""trinca"" brasileira da história. O Rubro-Negro despachou os equatorianos e o Verdão eliminou o Galo. Na final, os paulistas levaram a melhor. Uma decisão que pode se repetir em 2026 e que, coincidentemente, será no mesmo lugar: o Centenário, em Montevidéu (Uruguai). Em 2022, o Athletico-PR superou o Palmeiras em uma das semifinais. Na outra, o Flamengo tirou o Vélez Sarsfield (Argentina), levantando a taça na decisão contra o Furacão. Já em 2023, a ""trinca"" teve Verdão (eliminado pelo Boca Juniors), Internacional e Fluminense - o Tricolor despachou o Colorado e foi campeão em cima dos argentinos. Na noite de quinta-feira (17), com transmissão ao vivo da Rádio Nacional, o Flamengo empatou por 1 a 1 no Maracanã e se beneficiou da vitória por 2 a 0, uma semana antes, no Estádio Olímpico Atahualpa, nos 2.850 metros de altitude de Quito. O Rubro-Negro jogou a maior parte da etapa final com um a menos após expulsão do volante Jorginho, mas a estrela do meia Giorgian de Arrascaeta sacramentou a classificação. O primeiro tempo iniciou sob controle do Flamengo, que poderia ter aberto o placar aos 13 minutos. O atacante Bruno Henrique foi lançado pelo meia Lucas Paquetá em contra-ataque e finalizou na saída de Aldair Quintana, mas o goleiro defendeu com o pé. Aos poucos, o Del Valle equilibrou as ações. Na primeira oportunidade mais clara, saiu o gol equatoriano. Aos 30, o zagueiro Léo Pereira tentou afastar a bola no meio-campo, mas furou o chute, e Hugo Quintana aproveitou. O volante lançou Matías Perelló, que ganhou do lateral Ayrton Lucas, invadiu a área pela esquerda e cruzou rasteiro. O goleiro Agustín Rossi deu rebote e o também atacante Djorkaeff Reasco mandou para as redes. A etapa final teve contornos dramáticos para o Flamengo. Aos sete minutos, Lucas Paquetá deu um tapa no zagueiro Mateo Carabajal e levou cartão amarelo, para revolta dos jogadores do Del Valle, que pediram expulsão do meia rubro-negro e intervenção da arbitragem de vídeo. Aos 19 minutos, o time brasileiro não escapou do cartão vermelho. Pior para Jorginho, que recebeu o segundo amarelo – ao acertar o rosto do volante Jordy Alcívar – e deixou a equipe carioca com um homem a menos. A pressão equatoriana quase foi recompensada aos 32 minutos, com o atacante Yandri Vázquez balançando as redes no rebote de escanteio batido pelo meia Júnior Sornoza. O gol foi anulado por impedimento de Carabajal, que participa da jogada ao disputar a bola com Rossi. Preocupado, o torcedor no Maracanã pôde respirar aos 38 minutos – com certa ""ajuda"" do goleiro do Del Valle. Depois de um chutão de Rossi desde o campo defensivo, a bola cruzou o gramado, quicou alto duas vezes e encobriu Aldair Quintana. Esperto, Arrascaeta tomou a frente e completou de cabeça para as redes. Alívio no Rio de Janeiro. O Flamengo terá pela frente o ""forasteiro"" Estudiantes. Na última quarta-feira (16), o time argentino venceu o Corinthians por 1 a 0 na Neo Química Arena, em São Paulo, evitando o que seria uma inédita semifinal 100% brasileira. O volante Alexis Castro fez o gol do clube de La Plata. Nos acréscimos, o atacante Memphis Depay teve a chance do empate em cobrança de pênalti, mas isolou o chute. O outro confronto será entre Fluminense e Palmeiras, o que significa que, pela oitava edição seguida, a Libertadores terá um finalista do Brasil. Por ter campanha melhor, o Verdão será mandante da segunda partida. Na terça-feira (15), o Tricolor se classificou ao eliminar o Platense (Argentina) graças a soma dos placares dos jogos (3 a 2). Na quarta, a equipe paulista foi superada por 3 a 2 pela LDU no Estádio Casa Blanca, em Quito. Como havia vencido no Nubank Parque, em São Paulo, uma semana antes, por 1 a 0, a vaga às semifinais foi decidida nos pênaltis, com brilho do goleiro Carlos Miguel, ao defender duas cobranças. No primeiro tempo, o volante Marlon Freitas colocou o Palmeiras a frente, mas o zagueiro Luis Segóvia empatou. Na volta do intervalo, Vitor Roque fez o segundo dos alviverdes. Na reta final, o também atacante Michael Estrada, com dois gols, decretou a virada. Nas penalidades, Carlos Miguel parou as cobranças do meia Lucas Rodríguez e de Segóvia, garantindo o Verdão pela 13ª vez em uma semifinal de Libertadores. O Atlético-MG conheceu, na noite de quinta, o adversário pelas semifinais da Copa Sul-Americana. Será o uruguaio Montevideo City Torque, que venceu o Cienciano por 3 a 0 no Centenário. Na ida, uma semana antes, os peruanos tinham ganhado por 2 a 0 nos 3,4 mil metros de altitude de Cusco, no Estádio Garcilaso de la Vega. Os atacantes Salomón Rodríguez e Nahuel da Silva fizeram os gols do City Torque. O time pertence ao City Football Club, mesmo grupo do qual fazem parte o Manchester City (Inglaterra) e, desde 2023, a Sociedade Anônima do Futebol (SAF) do Bahia. A partida terminou em confusão entre atletas das equipes uruguaia e peruana. O Galo será anfitrião do jogo de volta contra o City Torque. No outro confronto, o Vasco terá de fazer a segunda partida diante do Boca na Argentina. A final da Sul-Americana será no dia 21 de novembro, um sábado, no Estádio Metropolitano de Barranquilla (Colômbia)."	Agência Brasil	esportes	False
https://agenciabrasil.ebc.com.br/esportes/noticia/2026-09/brasil-vence-venezuela-e-esta-no-mundial-de-volei-masculino	2026-09-19	Brasil vence Venezuela e está no mundial de vôlei masculino	Seleções brasileira e argentina decidem vaga olímpica no domingo	A seleção masculina de vôlei venceu a equipe da Venezuela por 3 sets a 0 na manhã deste sábado (19) na quarta rodada do Sul-Americano da modalidade. A partida foi disputada no ginásio do Maracanazinho e valeu a vaga para o Brasil no mundial de 2027. As parciais foram 25/19, 25/14 e 25/19 para mais de 7200 pessoas. O resultado mantém o time com 100% de aproveitamento e na liderança brasileira na competição. O oposto Bryan foi novamente o maior pontuador em quadra, desta vez com 13 acertos. Neste domingo (20), às 10h, o time do técnico Bernardinho enftenta a Argentina, valendo o título e a vaga nos Jogos Olímpicos Los Angeles 2028.	Agência Brasil	esportes	False
https://agenciabrasil.ebc.com.br/esportes/noticia/2026-09/tv-brasil-exibe-final-do-brasileirao-feminino-a2-com-vasco-e-itabirito	2026-09-19	TV Brasil exibe final do Brasileirão feminino A2 com Vasco e Itabirito	Emissora pública inicia partida esportiva às 10h45 deste domingo (20)	A TV Brasil transmite, neste domingo (20), a partir das 10h45, a partida de volta da grande final do Brasileirão Feminino Série A2, entre Vasco (RJ) e Itabirito (MG). A decisão será em São Januário, no Rio de Janeiro (RJ). Por ter feito melhor campanha nesta décima edição do torneio, o time cruzmaltino tem a vantagem de jogar a finalíssima em casa. No jogo de ida, que ocorreu no domingo (13) na cidade mineira de Sete Lagoas, o Vasco levou a melhor e fez 3 a 1 sobre o rival. A transmissão integra a estratégia da TV Brasil de ampliar a visibilidade das competições femininas. Além da Série A2, a emissora também exibe jogos das Séries A1 e A3 do Brasileirão Feminino, a grande final da competição sub-17 e exibiu as partidas da Liga de Basquete Feminino (LBF). A equipe de profissionais que comanda as transmissões do Brasileirão Feminino conta com o narrador Thiago Julianelli e um time de mulheres formado pelas comentaristas Brenda Balbi e Rachel Motta, e as repórteres Marília Arrigoni e Verônica Dalcanal. As competições ganham ainda mais visibilidade por meio da parceria com os canais que formam a Rede Nacional de Comunicação Pública (RNCP), que podem retransmitir a programação da TV Brasil em seus estados. Aproveite o clima de decisão e ajude a escolher a vencedora da categoria Craque da Torcida do Prêmio TV Brasil Petrobras Para Elas . A premiação criada pela TV Brasil e pela Petrobras vai reconhecer ainda atletas, treinadores e treinadoras, dirigentes, departamentos de futebol feminino e clubes que se destacarem ao longo da temporada de 2026. A votação da categoria com voto popular já está aberta, é gratuita e tem votos ilimitados! Acesse ebc.com.br/premiotvbrasilpetrobrasparaelas até 31 de outubro. Acompanhe a programação da TV Brasil pelo canal aberto, TV por assinatura e parabólica. Sintonize: https://tvbrasil.ebc.com.br/comosintonizar . Seus programas favoritos estão no TV Brasil Play , pelo site http://tvbrasilplay.com.br ou por aplicativo no smartphone. O app pode ser baixado gratuitamente e está disponível para Android e iOS. Assista também pela WebTV : https://tvbrasil.ebc.com.br/webtv .	Agência Brasil	esportes	False
https://agenciabrasil.ebc.com.br/esportes/noticia/2026-09/brasil-bate-colombia-e-segue-100-no-sul-americano-masculino-de-volei	2026-09-17	Brasil bate Colômbia e segue 100% no Sul-Americano masculino de vôlei	Darlan comanda 3º triunfo no torneio, que dá vaga olímpica ao campeão	A caminhada da seleção masculina de vôlei no Campeonato Sul-Americano, disputado no Rio de Janeiro, segue sem percalços. Nesta quinta-feira (17), os brasileiros chegaram à terceira vitória em três partidas, ao superarem a Colômbia por 3 sets a 0, parciais de 25/23, 25/14 e 25/16, após uma hora e 18 minutos de jogo no Maracanãzinho. O Brasil lidera a competição com os mesmos nove pontos da Argentina, mas fica a frente por ainda não ter cedido sets . O torneio reúne seis seleções, que jogam entre si em cinco rodadas. O campeão assegura vaga antecipada à Olimpíada de Los Angeles (Estados Unidos), em 2028. As vitórias por 3 sets a 0 ou 3 a 1 valem três pontos. No caso de um 3 a 2, a equipe ganhadora faz dois pontos e a que perder soma um ponto. O triunfo verde e amarelo foi comandado por Darlan, com 19 pontos. Poupado na estreia contra o Chile por conta de uma gripe, o oposto foi titular na vitória por 3 a 0 (25/18, 25/13 e 25/16) sobre a Bolívia na última quarta-feira (16), mas atuou somente no primeiro set. Nesta quinta-feira (17), ele participou normalmente das parciais. O próximo desafio do Brasil será no sábado (19), às 11h (horário de Brasília), diante da Venezuela. No domingo (20), às 10h, a seleção de Bernardinho decide o título e a vaga olímpica contra a Argentina.	Agência Brasil	esportes	False
https://agenciabrasil.ebc.com.br/esportes/noticia/2026-09/cbf-anuncia-amistosos-da-selecao-feminina-em-palcos-da-copa-do-mundo	2026-09-16	CBF anuncia amistosos da seleção feminina em palcos da Copa do Mundo	Brasil pega Argentina no Beira-Rio e na Arena Pernambuco em outubro	"A Confederação Brasileira de Futebol (CBF) anunciou, nesta quarta-feira (16), os adversários dos quatro últimos amistosos da seleção feminina em 2026. Em outubro, serão duas partidas diante da Argentina, ambos no Brasil e em palcos da Copa do Mundo do ano que vem. Entre o fim de novembro e o começo de dezembro, são mais dois compromissos no Japão, contra as donas da casa. Os duelos com as argentinas estão marcados para 10 e 13 de outubro. O primeiro será no Beira-Rio, em Porto Alegre, e o segundo na Arena Pernambuco, em São Lourenço da Mata (PE), região metropolitana de Recife. É a primeira vez que o Beira-Rio receberá um jogo da seleção feminina principal. Já a Arena Pernambuco foi casa da vitória brasileira por 4 a 0 sobre a Jamaica, em junho de 2024, para quase 34 mil pessoas. Foi neste amistoso que Marta ​anotou o golaço vencedor do prêmio que leva o nome da própria craque, concedido pela Federação Internacional de Futebol (Fifa). As partidas em território japonês serão em 29 de novembro e 5 de dezembro, nas cidades de Hiroshima (Edion Peace Wing) e Okayama (JFE Harenokuni Stadium), respectivamente. Ainda não há definição dos horários. ""A Argentina teve um grande desempenho nas eliminatórias e na Copa América. É uma seleção que evoluiu muito. E a seleção japonesa é uma das favoritas para a Copa e sempre um confronto muito difícil pela qualidade das suas jogadoras e sua velocidade de jogo”, disse o técnico Arthur Elias, em depoimento ao site da CBF. A convocação para os jogos contra a Argentina será no próximo dia 22 de setembro, às 15h (horário de Brasília), no auditório da entidade, que fica no Rio de Janeiro. O anúncio dos nomes para os amistosos diante do Japão ainda será agendado."	Agência Brasil	esportes	False
https://agenciabrasil.ebc.com.br/esportes/noticia/2026-09/vasco-mantem-possibilidade-de-final-brasileira-na-copa-sul-americana	2026-09-16	Vasco mantém possibilidade de final brasileira na Copa Sul-Americana	Cruzmaltino bate Santa Fe e pega o Boca, que eliminou o São Paulo	A definição dos dois primeiros semifinalistas da Copa Sul-Americana manteve viva a possibilidade de uma final 100% brasileira. Graças ao Vasco, que derrotou o Santa Fe por 2 a 0 na noite de terça-feira (15) em São Januário, no Rio de Janeiro. Uma semana antes, na capital colombiana Bogotá, os times não saíram do zero no El Campín. O Suipes empataram por 1 a 1 na capital paulista, o que beneficiou os argentinos, que venceram por 1 a 0 na terça-feira passada (9), na Bombonera, em Buenos Aires. Nesta quarta-feira (16), será conhecido o outro representante brasileiro nas semifinais, no duelo entre Atlético-MG e Santos, que se enfrentam às 19h (horário de Brasília), na Arena MRV, em Belo Horizonte. A vantagem é do Peixe, que ganhou por 2 a 0 na Vila Belmiro, no litoral paulista, há uma semana. O Galo precisa vencer por três ou mais gols de diferença. Caso iguale o placar agregado, leva a decisão para os pênaltis. O Alvinegro Praiano avança mesmo se perder por um gol de saldo. Quem passar, terá como adversário o ganhador do confronto entre Montevideo City Torque e Cienciano, que fazem o segundo jogo nesta quinta-feira (17), às 21h30, no Centenário. A equipe uruguaia precisa reverter a vantagem do time peruano, que venceu por 2 a 0 no Estádio Garcilaso de la Vega, em Cusco. Neste cenário, é possível uma decisão brasileira entre Vasco e Santos ou Atlético-MG, caso os representantes brasileiros também avancem nas semifinais. Apenas uma vez a final da Sul-Americana envolveu dois clubes do Brasil. Em 2021, Athletico-PR e Red Bull Bragantino se enfrentaram em Montevidéu, com vitória rubro-negro por 1 a 0. A Sul-Americana em 2026 será decidida no Estádio Metropolitano Roberto Meléndez, na cidade colombiana de Barranquilla, em 21 de novembro. O triunfo vascaíno começou a ser construído no primeiro tempo. Aos 36 minutos, o zagueiro Alan Saldivia apareceu na ponta direita e cruzou na medida para Bruno Duarte mandar para as redes. Já aos 19 da etapa final, o também atacante David, de cabeça, completou para o gol a bola alçada na área pelo lateral Puma Rodríguez. Há 15 anos o Vasco não se colocava entre os quatro melhores de uma competição continental. Curiosamente, assim como em 2011, o Gigante da Colina também está nas semifinais da Copa do Brasil. Na ocasião, o Cruzmaltino foi eliminado na Sul-Americana pela Universidad de Chile, mas ficou com o título nacional, batendo o Coritiba. No Morumbis, o Boca abriu o placar aos 14 minutos do segundo tempo com o lateral Leandro Lozano, sozinho na frente do goleiro Rafael. Aos 43, o atacante Artur cobrou falta na área e o zagueiro Domingos Duarte, de cabeça, deixou tudo igual. O São Paulo pressionou, mas não conseguiu a virada e deu adeus à Sul-Americana.	Agência Brasil	esportes	False
https://agenciabrasil.ebc.com.br/esportes/noticia/2026-09/thais-lima-brilha-nos-penaltis-e-brasil-segue-na-copa-feminina-sub-20	2026-09-16	Thais Lima brilha nos pênaltis e Brasil segue na Copa Feminina sub-20	Goleira pega 1ª cobrança e comanda vitória sobre Estados Unidos	O Brasil está nas quartas de final da Copa do Mundo Feminina sub-20, que ocorre na Polônia. Nesta quarta-feira (16), pelas oitavas de final, a seleção verde e amarela derrotou os Estados Unidos, tricampeões do torneio, por 5 a 4 nos pênaltis, após um empate por 1 a 1, com bola rolando na cidade de Katowice. Em busca de um título inédito, as brasileiras encaram o ganhador de Espanha e Portugal, que se enfrentam ainda nesta quarta-feira, às 13h30 (horário de Brasília), também em Katowice. O duelo pelas quartas será no sábado (19), em Sosnowiec, novamente às 13h30. A goleira Thais Lima, do Benfica (Portugal), foi a protagonista da classificação ao defender a primeira cobrança norte-americana na disputa de pênaltis. A seleção comandada por Camilla Orlando, por sua vez, teve 100% de aproveitamento nas penalidades. Os Estados Unidos foram melhores no primeiro tempo, mesmo sem terem oportunidades claras. O Brasil encontrou dificuldades para trocar passes e, por vezes, cedeu contra-ataques às adversárias, que saíam em velocidade a partir do meio-campo. Na volta do intervalo, as brasileiras, enfim, conseguiram se impor. Aos três, a atacante Brendha, do Flamengo, depois da marca do pênalti, finalizou por cima. Seis minutos depois, a meia Nogueira, da Ferroviária, chutou da entrada da área e mandou rente à trave esquerda. A pressão do Brasil deu resultado aos 13 minutos. Após cruzamento pela esquerda da meia Clarinha, do Benfica, a zagueira Sofia, do Flamengo, cabeceou no canto da goleira Caroline Birkel. A bola ainda bateu na trave antes de entrar no gol dos Estados Unidos. A vantagem, porém, durou apenas quatro minutos. Aos 17, a meia Ainsley McCammon chutou de fora da área, a bola desviou na zagueira Thay, do Botafogo, e foi no canto direito de Thais Lima. As norte-americanas quase viraram aos 34 minutos. A lateral Hope Munson cruzou pela direita e Sealey Strawn desviou na pequena área, para grande defesa de Thais Lima. Na sobra, a também atacante Alex Buck acertou a trave esquerda. Nos acréscimos, a grande chance brasileira veio na batida de fora da área de Emilly. Com liberdade, a meia do Flamengo buscou o ângulo esquerdo e o chute passou muito perto do travessão. O duelo se estendeu por mais 30 minutos de prorrogação sem que as seleções conseguissem balançar as redes. A decisão, então, foi para os pênaltis, quando brilhou a estrela de Thais Lima. A goleira brasileira defendeu a primeira cobrança norte-americana, de Emeri Adames, no canto esquerdo. Na sequência, Brendha colocou a seleção canarinha em vantagem. McCammon igualou, mas a atacante Gisele, do Grêmio, manteve o Brasil na frente. As meias Y-Lan Nguyen e Lilyana Joseph e a lateral Aven Alvarez também balançaram as redes, mas Emilly e a atacante Aninha, do Internacional, converteram os respectivos chutes e não deixaram as rivais reagirem. Coube à zagueira Bianca, outra representante das Gurias Coloradas, fazer o gol da classificação.	Agência Brasil	esportes	False
https://agenciabrasil.ebc.com.br/esportes/noticia/2026-09/libertadores-radio-nacional-transmite-fla-e-independiente-del-valle	2026-09-17	Libertadores: Rádio Nacional transmite Fla e Independiente del Valle	Partida pelas quarta de final é nesta quinta (17), a partir de 21h15	O Flamengo entra em campo nesta quinta-feira (17) para o jogo de volta contra o Independiente del Valle, válido pelas quartas de final da Copa Libertadores da América. O duelo será disputado no Maracanã, no Rio de Janeiro (RJ), e a Rádio Nacional transmite todas as emoções ao vivo a partir das 21h15. O Flamengo chega à disputa após ter vencido o clube equatoriano por 2 a 0 no jogo de ida, ocorrido na quinta-feira (10), na capital Quito. Bruno Henrique e Léo Pereira marcaram os gols da vitória rubro-negra no segundo tempo. A transmissão da Rádio Nacional inicia com a faixa Show de Bola Nacional e contará com uma equipe completa para levar ao público todas as informações do confronto. O jogo terá narração de André Luiz Mendes e comentários de Mário Silva. Mauricio Costa comanda a reportagem e o plantão da rodada. A partida será transmitida para parte da rede em AM e OC, além da FM no Rio de Janeiro, no Alto Solimões e parceiros da Rede Nacional de Comunicação Pública (RNCP) . A Nacional FM nas demais praças segue com o conteúdo musical. O ouvinte pode ficar ligado nas produções preferidas pelo dial, no app e no site da emissora. Os áudios ainda estão disponíveis em tempo real por streaming nas duas plataformas. A Copa Conmebol Libertadores é o principal torneio de clubes da América do Sul, organizado pela Confederação Sul-Americana de Futebol (Conmebol). Disputada anualmente desde 1960, a competição reúne as equipes mais qualificadas de cada país do continente, definidas por seus desempenhos nas ligas nacionais. Considerada o equivalente sul-americano da Liga dos Campeões da Europa, a Libertadores consagra o campeão continental, que passa a representar a região no Mundial de Clubes. Esporte que é paixão do povo brasileiro, o futebol é um dos destaques da programação da Rádio Nacional , emissora pública referência em transmissões de partidas no país há décadas. Os jogos das principais competições e as notícias mais importantes têm espaço nas jornadas esportivas diárias. Os torcedores podem ficar ligados pelo rádio, site ou streaming para acompanhar as emoções das disputas entre os maiores clubes brasileiros. Antes e depois dos confrontos, o ouvinte se informa sobre a preparação das equipes e a repercussão do placar nas ondas da Nacional . A análise sobre os resultados da rodada ainda ganha janela diária para um rico debate em produções consagradas no radiojornalismo esportivo. A equipe da Rádio Nacional reúne craques da crônica esportiva. São produtores, jornalistas e apresentadores que buscam o diferencial da notícia. Além de informar o público nas ondas do rádio, o time também faz bonito na telinha da TV Brasil . Os profissionais realizam o programa Stadium , de terça a sexta, às 12h30. Ajude a escolher a vencedora da categoria Craque da Torcida do Prêmio TV Brasil Petrobras Para Elas . A premiação criada pela TV Brasil e pela Petrobras vai reconhecer ainda atletas, treinadores e treinadoras, dirigentes, departamentos de futebol feminino e clubes que se destacarem ao longo da temporada de 2026. A votação da categoria com voto popular já está aberta, é gratuita e tem votos ilimitados. Acesse: ebc.com.br/premiotvbrasilpetrobrasparaelas até 31 de outubro. Serviço Copa Libertadores 2026 – Flamengo X Ind. Del Valle, quinta-feira (17), a partir das 21h15, na Rádio Nacional RJ, AM, OC e AS + RNCP e Parceiros. Além disso, partida também será transmitida pelo canal da Rádio Nacional no YouTube. Saiba como sintonizar a Rádio Nacional Brasília: FM 96,1 MHz e AM 980 Khz Rio de Janeiro: FM 87,1 MHz e AM 1130 kHz São Paulo: FM 87,1 MHz Recife: FM 87,1 MHz São Luís: FM 93,7 MHz Amazônia: 11.780KHz e 6.180KHz OC Alto Solimões: FM 96,1 MHz	Agência Brasil	esportes	False
https://agenciabrasil.ebc.com.br/esportes/noticia/2026-09/brasil-vence-chile-na-estreia-pelo-sul-americano-de-volei-masculino	2026-09-15	Brasil vence Chile na estreia pelo Sul-Americano de vôlei masculino	Assim como no feminino, competição dá vaga olímpica à seleção campeã	A seleção masculina de vôlei estreou com triunfo no Campeonato Sul-Americano da modalidade, que classifica o campeão à Olimpíada de Los Angeles (Estados Unidos). Nesta terça-feira (15), os brasileiros venceram o Chile por 3 sets a 0 , parciais de 25/23, 25/16 e 25/11, em uma hora e 20 minutos de partida. A competição ocorre no Rio de Janeiro, com os todos os jogos no Maracanãzinho. São seis participantes: Brasil, Chile, Argentina, Bolívia, Colômbia e Venezuela. As seleções jogam entre si ao longo de cinco rodadas, sendo campeã a que fizer melhor campanha. As vitórias por 3 sets a 0 ou 3 a 1 valem três pontos. Se o triunfo for por 3 a 2, a equipe ganhadora soma dois pontos e a que perder faz um ponto. Pressionado após a má campanha na Liga das Nações, em que ficou fora da fase final pela primeira vez desde a criação do torneio, em 2018, o Brasil quase se complicou no primeiro set, encontrando dificuldades para abrir distância. Nas demais parciais, os brasileiros fizeram valer a superioridade e venceram sem maiores problemas. O ponteiro Adriano, com 13 pontos, comandou a vitória da seleção comandada por Bernardinho, que ainda teve o oposto Bryan, maior pontuador da última edição da Superliga Masculina, anotando 11 pontos. O central Judson, por sua vez, fez nove pontos, sendo três deles de bloqueio. O Brasil volta a quadra nesta quarta-feira (16), novamente às 20h (horário de Brasília), para encarar a Bolívia. No mesmo horário, mas na quinta-feira (17), o adversário será a Colômbia. No sábado (19), às 11h, os brasileiros enfrentam a Venezuela. A participação chega ao fim no domingo (20), às 10h, diante da Argentina.	Agência Brasil	esportes	False
https://agenciabrasil.ebc.com.br/esportes/noticia/2026-09/ancelotti-convoca-martinelli-do-fluminense-para-amistosos-na-asia	2026-09-16	Ancelotti convoca Martinelli, do Fluminense, para amistosos na Ásia	Volante terá 1ª chance na seleção e substitui o lesionado João Pedro	O volante Martinelli foi chamado pelo técnico da seleção brasileira masculina, Carlo Ancelotti, para os amistosos contra Austrália e Índia, entre os dias 25 de setembro e 3 de outubro. A convocação do atleta do Fluminense se deu após a lesão do atacante João Pedro, do Chelsea (Inglaterra), que se contundiu. Esta será a primeira chance de Martinelli com a Amarelinha. O volante de 24 anos tem 333 partidas (18 gols) pelo Fluminense, sendo o atleta revelado no clube com mais jogos no time. Ele é também o jogador com maior número de partidas pelo clube em Libertadores (39), participando da campanha do título de 2023. Os dois primeiros amistosos do Brasil serão na Austrália, contra a seleção da casa. No próximo dia 25, o jogo está marcado para 7h (horário de Brasília), no Queensland Country Bank, em Townsville. Quatro dias depois, as equipes se enfrentam no Suncorp Stadium, em Brisbane, no mesmo horário. Da Austrália, a delegação brasileira vai para a Índia. O duelo com os anfitriões será no dia 3 de outubro, às 11h, no Salt Lake Stadium, em Calcutá. A trinca de amistosos abre o ciclo da seleção verde e amarela rumo à Copa do Mundo de 2030, que terá seis sedes: Espanha, Portugal, Marrocos, Argentina, Paraguai e Uruguai. O Brasil vem de uma eliminação nas oitavas de final do Mundial deste ano, realizado em Estados Unidos, México e Canadá. Entre os 26 convocados por Ancelotti para os jogos contra Austrália e Índia, nove estiveram na última Copa: os zagueiros Marquinhos e Gabriel Magalhães, o lateral Douglas Santos, os volantes Bruno Guimarães e Danilo Santos e os atacantes Endrick, Rayan, Raphinha e Vinícius Júnior.	Agência Brasil	esportes	False
https://agenciabrasil.ebc.com.br/esportes/noticia/2026-09/brasileiro-feminino-corinthians-abre-vantagem-para-cima-do-bahia	2026-09-16	Brasileiro Feminino: Corinthians abre vantagem para cima do Bahia	Jhonson garante triunfo em noite de público recorde na Fonte Nova	A noite da última terça-feira (15) foi histórica para o futebol de mulheres baiano, com o recorde de público para a modalidade no Arena Fonte Nova, em Salvador. No entanto, para a maioria dos 5.811 presentes (5.758 pagantes) faltou algo. É que no primeiro duelo do confronto entre Bahia e Corinthians pelas semifinais da Série A1 (primeira divisão) do Campeonato Brasileiro Feminino, as paulistas levaram a melhor e venceram por 1 a 0. A TV Brasil transmitiu a partida ao vivo. As Brabas, que buscam a 10ª final consecutiva, têm a vantagem do empate no reencontro da próxima segunda-feira (21), às 21h30 (horário de Brasília), na Neo Química Arena, em São Paulo, outra vez com transmissão da emissora da Empresa Brasil de Comunicação ( EBC ). Pela primeira vez entre as quatro melhores equipes do país, as Mulheres de Aço precisam vencer por dois ou mais gols de diferença. Quem avançar, terá como adversário o vencedor de São Paulo e Flamengo, que fazem o jogo de volta neste sábado (19), às 16h30, no Brinco de Ouro da Princesa, em Campinas (SP). No último fim de semana, as tricolores ganharam por 3 a 1 no Luso-Brasileiro, no Rio de Janeiro, e se classificam mesmo se perderem no interior por um gol de saldo. Mesmo em Salvador, o Corinthians iniciou a partida se impondo no campo ofensivo e acabou premiado logo cedo. Aos 13 minutos, Belén Aquino roubou de Raquel quase na meia-lua e acionou Jhonson na área. A camisa 9 dominou e chutou entre as pernas da goleira Yanne, abrindo o placar. O Bahia tentou responder três minutos depois, com Cássia. A capitã das Mulheres de Aço foi lançada na área pela esquerda pela também atacante Taty Sena e teve espaço para finalizar cruzado, mas optou pelo chute rasteiro, buscando o contrapé da goleira Nicole, que conseguiu a defesa. A primeira chance das anfitriãs foi também a única mais clara do primeiro tempo. As tricolores trocavam passes, mas com dificuldade para chegar na frente. As Brabas, por sua vez, eram perigosas nos contra-ataques. Como aos 37 minutos, em chute da atacante Vic Albuquerque, da entrada da área, no ângulo esquerdo, que Yanne salvou. Na segunda etapa, o Bahia ficou na bronca com a arbitragem aos nove minutos, quando a lateral Juliete derrubou Roque na área, após desarmar a atacante com um carrinho. As Mulheres de Aço pediram pênalti entendendo que a defensora, apesar de mandar a bola para escanteio, atingiu a jogadora. Nada foi marcado. Aos 15, foi a vez do Corinthians se frustrar com a árbitra Andreza Helena de Siqueira, depois de uma solada da lateral Dan no tornozelo da zagueira Thaís Ferreira. As alvinegras cobraram expulsão. Assim como na jogada anterior, nem a juíza, nem a arbitragem de vídeo (VAR) se manifestaram. O Bahia pressionou durante toda a etapa final. Aos 29 minutos, a atacante Dany Silva cobrou falta pela direita, quase na linha de fundo, direto para o gol. A bola buscava o ângulo esquerdo e foi salva no limite por Juliete, de cabeça. Aos 37, foi a vez de Ju Oliveira assustar a meta corintiana. Na sobra de uma cobrança de escanteio, a meia arriscou de fora da área e acertou o alto da trave esquerda. Nos acréscimos, até Yanne foi para a área auxiliar o jogo aéreo do Bahia, nos lances de bola parada. O Corinthians, porém, segurou a pressão e levou a vantagem mínima para decidir o confronto em casa.	Agência Brasil	esportes	False
https://agenciabrasil.ebc.com.br/esportes/noticia/2026-09/fluminense-leva-susto-mas-e-1o-classificado-semi-da-libertadores	2026-09-15	Fluminense leva susto, mas é 1º classificado à semi da Libertadores	Tricolor perde do Platense por 2 a 1, mas avança pelo placar agregado	O Fluminense é o primeiro classificado às semifinais da Libertadores. O Tricolor se garantiu nesta terça-feira (15), mesmo com a derrota por 2 a 1 para o Platense no Coliseo de Victoria, em Vicente López, região metropolitana de Buenos Aires. A equipe brasileira se beneficiou da vitória por 2 a 0 sobre os argentinos na partida de ida, há uma semana, no Maracanã. Na soma dos placares, 3 a 2 para o time carioca. Esta é a terceira vez que o Fluminense se coloca entre os quatro principais clubes da América do Sul. Em 2008 e 2023, o Tricolor também foi à decisão, sendo campeão na edição de três anos atrás. O adversário nas semifinais sai nesta quarta-feira (16), no duelo entre LDU e Palmeiras, que se enfrentam no Estádio Casa Blanca, na capital equatoriana Quito, a partir das 19h (horário de Brasília). O Verdão tem a vantagem do empate, pois venceu a partida de ida, uma semana antes, por 1 a 0 no Nubank Parque, em São Paulo. Se na última terça-feira (9) o Fluminense construiu a vitória no primeiro tempo, o Platense necessitou dos mesmos 45 minutos iniciais para igualar o placar agregado. O time da casa acuou o Tricolor na defesa e obrigou o goleiro Fábio a trabalhar. Aos 24, o goleiro fez grande defesa após uma cabeçada do zagueiro Ignacio Vázquez, no canto. Cinco minutos depois, Fábio nada pôde fazer. Na sobra de uma tentativa de drible que esbarrou no zagueiro Julián Millán, o meia Guido Mainero chutou quase da marca do pênalti, a bola desviou no volante Hércules e saiu do alcance do arqueiro da equipe carioca, abrindo o marcador. Nos acréscimos, Mainero cruzou pela direita e o atacante Bruno Sepúlveda apareceu às costas do zagueiro Thiago Silva para fazer, de cabeça, o segundo do Platense, deixando tudo igual na soma dos placares. Se a partida acabasse naquele momento, a decisão seria nos pênaltis. A partida ficou mais brigada no segundo tempo. O Fluminense, que pouco conseguiu sair para jogar na etapa inicial, encontrou mais espaços. Aos 11 minutos, veio o respiro. Em contra-ataque, o volante Martinelli acionou Hulk, que abriu para o também atacante Agustín Canobbio na esquerda. O uruguaio entrou na área, driblou Vázquez e bateu cruzado, deixando o Tricolor novamente à frente no agregado. Precisando do terceiro gol para forçar os pênaltis, o Platense se lançou com tudo ao ataque. Aos 36 minutos, Fábio brilhou novamente ao defender uma cabeçada forte de Vázquez. O time argentino empilhou bolas na área, mas a equipe brasileira conteve a pressão e garantiu a classificação.	Agência Brasil	esportes	False
https://agenciabrasil.ebc.com.br/esportes/noticia/2026-09/sp-open-apos-reves-nana-silva-da-volta-por-cima-e-avanca-nas-duplas	2026-09-17	SP Open: após revés, Naná Silva dá volta por cima e avança nas duplas	Parceria com Victória Barros supera rivais com quase o dobro da idade	O Brasil não tem mais representantes no torneio de simples do SP Open, principal competição de tênis feminino no país, que ocorre no Parque Villa-Lobos, na zona oeste de São Paulo. A paulista Nauhany Silva, a Naná, foi eliminada nas oitavas de final da chave individual no início da tarde desta quinta-feira (17). Horas depois, veio a redenção, ao lado da conterrânea Victória Barros, também 16 anos, com a classificação às quartas de final nas duplas. O dia não começou bem para Naná, número 660 do ranking de simples da Associação de Tênis Feminino (WTA, sigla em inglês). Única brasileira a passar da primeira rodada, na quarta-feira (16), com a vitória por 2 sets a 1 (5/7, 6/4 e 7/5) sobre a australiana Astra Sharma (atual 1170ª, foi 84ª do mundo em 2022), a paulista não encaixou o jogo contra a espanhola Kaitlin Quevedo (105º) e perdeu por 2 a 0 (6/2 e 6/1). Naná, porém, não se deixou afetar. Atualmente em 434º lugar entre as duplistas no ranking da WTA, a paulista voltou a quadra com Victória (1066ª nas duplas, 827ª em simples). As promessas do tênis brasileiro tiveram pela frente a parceria da norte-americana Rasheeda McAdoo (108ª) com a australiana Alexandra Osbourne (133ª), ambas de 31 anos - quase o dobro da idade das brasileiras. Após saírem atrás com um 6/3, Naná e Victória reagiram no segundo set e venceram por 7/6, com 7-2 no tie-break (desempate). Na terceira parcial, definida com um super tie-break (em que ganha a dupla que chegar primeiro a 10 pontos), as paulistas levaram a melhor por 10 a 6, garantindo a classificação. Nas quartas, as brasileiras terão pela frente a dupla formada pela russa Anastasia Tikhonova (80ª) e a ucraniana Valeriya Strakhova (92ª). O jogo será na quadra 1 do Parque Villa-Lobos, às 14h (horário de Brasília) desta sexta-feira (18). Além delas, a também paulistana Luisa Stefani, número três do mundo e que atua ao lado da canadense Gabriela Dabrowski (5ª), segue na briga pelo bicampeonato do SP Open. Também nesta quinta, elas não tiveram dificuldades para vencerem a fluminense Rebeca Pereira (471ª) e a paulista Marjorie Souza (664ª) por 2 sets a 0 (6/0 e 6/1). A dupla adversária nas quartas é formada pela tcheca Dominika Salkova (146ª) e a espanhola Quevedo - que ocupa o 888º lugar do ranking da WTA entre as duplistas. O duelo será na sequência da partida de Naná e Victória, também na quadra 1, após 16h. Luisa e Dabrowski vivem uma temporada histórica, marcando presença nas semifinais dos quatro principais eventos da modalidade, os chamados Grand Slams, chegando à final em Wimbledon, na capital inglesa Londres. Este ano, são três títulos nos torneios de Dubai (Emirados Árabes Unidos), Estrasburgo (França) e Eastbourne (Inglaterra). As outras duplas com brasileiras que jogaram nesta quinta foram eliminadas. A paulista Ana Candiotto (228º) e a brasiliense Luiza Fullana (360ª) perderam das chinesas Yiming Dang (232ª) e Xaodi You (227ª) por 2 sets a 0 (7/5 e 6/4). Medalhista olímpica de bronze nos Jogos de Tóquio (Japão) ao lado de Luisa, a paulista Laura Pigossi (86ª) jogou o SP Open com a russa Ekaterina Ovcharenko (124ª). Elas foram superadas pela parceria da tcheca Vendula Valdmannova (147ª) com a norte-americana Mary Stoiana (282ª nas duplas, 116ª em simples) por 2 a 0 (6/3 e 6/1). Já a carioca Ingrid Martins, atuando com a argentina Jazmin Ortenzi (398ª entre as duplistas, 160ª em simples), despediu-se com revés em dois sets (6/3 e 6/1) para as norte-americanas Anna Rogers (95ª) e Allura Zamarripa (132ª). As ganhadoras podem entrar no caminho de Naná e Victória caso as brasileiras vençam o jogo desta sexta.	Agência Brasil	esportes	False
https://agenciabrasil.ebc.com.br/esportes/noticia/2026-09/tecnico-da-espanha-luis-de-la-fuente-revova-contrato-ate-mundial-2030	2026-09-15	Técnico da Espanha Luis de la Fuente revova contrato até Mundial 2030	País será co-anfitrião da próxima Copa, junto com Portugal e Marrocos	O técnico da Espanha, Luis de la Fuente, campeão da Copa do Mundo, assinou uma extensão de contrato até 2030, após conduzir a seleção à conquista de dois títulos importantes consecutivos, segundo noticiou a mídia nesta terça-feira. De la Fuente, que levou a Espanha à glória na Euro 2024 antes de conquistar a Copa do Mundo em julho, tinha um contrato válido até 2028. O novo acordo garante que de la Fuente permanecerá no comando quando a Espanha tentar defender seu título mundial em casa. A Espanha será co-anfitriã da Copa do Mundo de 2030 junto com Marrocos e Portugal. Desde que assumiu o cargo, a seleção espanhola comandada por De la Fuente sofreu apenas duas derrotas em 41 partidas oficiais. A Reuters entrou em contato com a Federação Real Espanhola de Futebol para obter comentários. * É proibida a reprodução deste conteúdo.	Agência Brasil	esportes	False
https://agenciabrasil.ebc.com.br/esportes/noticia/2026-09/apoiado-pela-ebc-evento-debate-desenvolvimento-do-futebol-feminino	2026-09-15	Apoiado pela EBC, evento debate desenvolvimento do futebol feminino	Congresso no Museu do Amanhã discute avanço às portas da Copa de 2027	"O Museu do Amanhã, no Rio de Janeiro, recebeu a primeira edição do Women's International Football Summit (Wifs). O evento, voltado à expansão, crescimento e visibilidade do futebol feminino, ocorreu entre segunda (15) e terça-feira (16) e reuniu atletas, federações, patrocinadores, clubes e entidades ligadas ao desenvolvimento do esporte. A Empresa Brasil de Comunicação (EBC) foi apoiadora institucional do encontro, organizado pela Conferência de Futebol (Confut), plataforma global de negócios e que proporcionou trocas de experiências e de propostas de avanço do futebol feminino a menos de um ano da Copa do Mundo, que será no Brasil. A TV Brasil , emissora pública da EBC , transmite o Campeonato Brasileiro da modalidade, além das fases finais das Séries A2 e A3 (segunda e terceira divisões, respectivamente) e as decisões nacionais das categorias sub-17 e sub-20. A diretora-presidente da EBC , Antonia Pellegrino, participou do painel Comunicação do futebol feminino em transformação: novos formatos, plataformas e narrativas , na tarde desta terça. ""É importante a gente promover esse tipo de evento, com um público super engajado e que faz com que a conversa transborde para além do jogo. Esse é o objetivo do Prêmio TV Brasil Petrobras Para Elas, que, para além de campo e bola, também olha para o clube que teve mais ações de enfrentamento ao feminicídio, portanto, à violência contra a mulher. E tem o prêmio da Craque da Torcida, com votação aberta, que já teve mais de 22 mil votações"", destacou Antonia Pellegrino, em entrevista ao Stadium , programa de esportes da TV Brasil . A jornalista, historiadora e comentarista esportiva da TV Brasil , Rachel Motta, mediou a mesa, que ainda reuniu a fundadora do Donas FC, Suleima Sena; a fotojornalista esportiva Lívia Villas Boas e a diretora-executiva da NO MORE, fundação global dedicada ao fim da violência doméstica e sexual. ""Ser convidada para participar de um evento da dimensão que está sendo o Wifs é importantíssimo em questões de visibilidade, troca de conhecimento e know-how, contatos, de estar com gente que atua na área há muitos anos e de todas as redes, seja na parte de gestão, bastidores, dos clubes. Coloca, principalmente, o nome da TV pública nesse quadro de importância e a TV Brasil como uma das instituições que auxilia a realização deste evento"", avaliou Rachel Motta. Na segunda-feira (14), a jornalista Marília Arrigoni, apresentadora do Stadium , fez parte do painel Futebol feminino entre gerações: experiências, conquistas e novos horizontes . A mesa foi moderada pela presidente da Bancada Feminina do Flamengo, Marion Kaplan, e contou ainda com Renata Armiliato, gerente de Futebol Feminino do Internacional. ""Ter um espaço dedicado a debater o futebol de mulheres brasileiro com personalidades do meio era algo muito esperado por quem cobre a modalidade, principalmente no Rio de Janeiro em que havia uma carência de eventos desse tipo. Além de suprir essa necessidade, o Wifs mostra os passos evolutivos que o futebol feminino vem dando. Foi muito especial falar da experiência de cobre e ouvir as especificidades de quem atua na gestão. Que seja o primeiro de muitos"", disse Marília Arrigoni. ""Nós somos a TV aberta que mais transmite futebol feminino no mundo. Não é no Brasil, é no mundo. É sobre continuidade, regularidade, presença. É no Stadium , no Copa Delas [programa semanal sobre futebol feminino disponibilizado no canal da TV Brasil no YouTube]. Somos um canal realmente apoiador da modalidade. A gente está junto desde antes da Copa do Mundo de 2027 ser escolhida para ser no Brasil"", concluiu a diretora-presidente da EBC ."	Agência Brasil	esportes	False
https://agenciabrasil.ebc.com.br/esportes/noticia/2026-09/ebc-participa-de-evento-internacional-sobre-futuro-do-futebol-feminino	2026-09-14	EBC participa de evento internacional sobre futuro do futebol feminino	O encontro acontece nesta segunda e terça, no Museu do Amanhã do Rio	A Empresa Brasil de Comunicação (EBC) é apoiadora institucional da primeira edição do Women’s International Football Summit (WIFS), evento dedicado ao desenvolvimento, à profissionalização e ao fortalecimento da indústria do futebol feminino no Brasil. O encontro acontece nesta segunda-feira (14) e terça-feira (15), no Museu do Amanhã, no Rio de Janeiro (RJ). A participação da EBC reforça a atuação da TV Brasil como a tela do futebol feminino, com a presença da diretora-presidente da empresa, Antonia Pellegrino; da jornalista Marília Arrigoni; e da comentarista Rachel Motta como painelistas da programação. No evento também será divulgado o Prêmio TV Brasil Petrobras Para Elas , iniciativa criada para reconhecer atletas, treinadoras, equipes técnicas, gestoras e clubes que se destacam na modalidade. Nesta segunda-feira (14), a jornalista Marília Arrigoni, da TV Brasil , participou do painel “Futebol feminino entre gerações: experiências, conquistas e novos horizontes”. Integram a mesa a moderadora Marion Konczyk Kaplan, presidente da Bancada Feminina do Flamengo; Renata Armiliato, gerente de Futebol Feminino do Internacional; e as ex-jogadoras Pelézinha e Danda. Na terça-feira (15), às 14h30, a diretora-presidente da EBC , Antonia Pellegrino, modera o painel “Comunicação do futebol feminino em transformação: novos formatos, plataformas e narrativas”. A mesa terá a participação de Suleima Sena, fundadora do Donas FC; Rachel Motta, jornalista esportiva e comentarista da TV Brasil ; Daniela Grelin, diretora-executiva da NO MORE Foundation; e da fotojornalista esportiva brasileira Lívia Villas Boas. “O convite para a TV Brasil participar de dois painéis temáticos tão importantes está em consonância com o papel que a emissora vem assumindo como a tela do futebol feminino nos últimos anos. Estamos nesse debate como uma televisão pública que transmite a modalidade, que ajuda a ampliar sua presença no cotidiano do público e que entende a comunicação como parte essencial da valorização das atletas, dos clubes e das histórias que movem esse universo”, afirma Antonia Pellegrino. “Às vésperas da Copa do Mundo Feminina de 2027, esse compromisso ganha ainda mais força. A TV Brasil tem trabalhado para ampliar as transmissões, fortalecer parcerias com o setor esportivo e desenvolver iniciativas como o Prêmio TV Brasil Petrobras Para Elas , que reconhece o futebol feminino em sua dimensão mais ampla: esportiva, cultural, econômica e social. Queremos contribuir para que essa visibilidade se transforme em legado”, acrescenta Pellegrino, destacando que o Brasil será a sede da próxima Copa do Mundo Feminina da FIFA. O Womens International Football Summit surge com a proposta de se consolidar como um ponto de encontro estratégico para os principais profissionais do setor, com formato B2B (Business to Business) e voltado à geração de negócios, à construção de parcerias e à capacitação de profissionais que atuam direta ou indiretamente na modalidade. Ao longo dos dois dias de programação, os participantes terão acesso a uma imersão em conteúdos, tendências, desafios e oportunidades que impactam o presente e o futuro do futebol feminino. O evento também será um espaço privilegiado para networking, troca de experiências e construção de conexões entre diferentes agentes do ecossistema do futebol feminino. Clubes, federações, atletas, patrocinadores, agências, empresas, investidores, profissionais de marketing, comunicação e gestão esportiva, além de outros representantes do mercado, poderão compartilhar experiências, discutir soluções e impulsionar novas oportunidades para o desenvolvimento sustentável do setor. A organização é da Confut,  plataforma global de negócios voltado ao futebol.	Agência Brasil	esportes	False
https://agenciabrasil.ebc.com.br/esportes/noticia/2026-09/brasileirao-feminino-tv-brasil-exibe-semifinal-bahia-x-corinthians	2026-09-15	Brasileirão Feminino: TV Brasil exibe semifinal Bahia x Corinthians	Equipes abrem disputa por vaga na grande final a partir das 21h30	A TV Brasil transmite nesta terça-feira (15) um duelo de ida das semifinais do Campeonato Brasileiro Feminino Série A1 2026. A exibição do confronto entre Bahia e Corinthians começa a partir das 21h30, direto da Casa de Apostas Arena Fonte Nova, em Salvador. As duas equipes chegam embaladas após eliminarem adversários de peso nas quartas de final. O Bahia garantiu a classificação histórica nos pênaltis: após empates por 1 a 1 em Salvador e em Barueri, o time baiano superou o Palmeiras por 5 a 4 nas penalidades. Já o Corinthians chega para o duelo com duas vitórias na fase anterior, eliminando o Cruzeiro com um placar agregado de 4 a 1. As exibições fazem parte da estratégia da TV Brasil , a tela do futebol feminino, para ampliar a visibilidade da modalidade no país. Pelo terceiro ano consecutivo, o canal público exibe os jogos da elite feminina. Também serão transmitidos os confrontos decisivos das Séries A2 e A3, a partir das semifinais. Além disso, o público poderá acompanhar as decisões das categorias de base pelo título do Brasileirão Feminino Sub-17 e Sub-20. A equipe de profissionais que comanda as transmissões do Brasileirão Feminino conta com o narrador Thiago Julianelli e um time de mulheres formado pelas comentaristas Brenda Balbi e Rachel Motta e as repórteres Marília Arrigoni e Verônica Dalcanal. As competições ganham ainda mais visibilidade por meio da parceria com os canais que formam a Rede Nacional de Comunicação Pública (RNCP), que podem retransmitir a programação da TV Brasil em seus estados. Sobre o Brasileirão Feminino Série A1 A edição de 2026 do campeonato mobiliza 18 equipes que se enfrentam em turno único na fase de classificação. Os oito primeiros colocados avançam para a segunda fase. As etapas a partir das quartas de final são disputadas no formato de mata-mata com duelos de ida e volta. Os times reunidos no Brasileirão Feminino Série A1 são: América (MG), Atlético Mineiro, Bahia, Botafogo, Corinthians, Cruzeiro, Ferroviária, Flamengo, Fluminense, Grêmio, Internacional, Juventude, Mixto (MT), Palmeiras, Red Bull Bragantino, Santos, São Paulo e Vitória. Aproveite o mata-mata na Série A1 e ajude a escolher a vencedora da categoria Craque da Torcida do Prêmio TV Brasil Petrobras Para Elas. A premiação criada pela TV Brasil e pela Petrobras vai reconhecer ainda atletas, treinadores e treinadoras, dirigentes, departamentos de futebol feminino e clubes que se destacarem ao longo da temporada de 2026. A votação da categoria com voto popular já está aberta, é gratuita e tem votos ilimitados! Acesse ebc.com.br/premiotvbrasilpetrobrasparaelas até 31 de outubro. Acompanhe a programação da TV Brasil pelo canal aberto, TV por assinatura e parabólica. Sintonize: https://tvbrasil.ebc.com.br/comosintonizar . Seus programas favoritos estão no TV Brasil Play, pelo site http://tvbrasilplay.com.br ou por aplicativo no smartphone . O app pode ser baixado gratuitamente e está disponível para Android e iOS. Assista também pela WebTV: https://tvbrasil.ebc.com.br/webtv . Serviço Brasileirão Feminino Série A1 – Bahia X Corinthians – Terça-feira (15), a partir das 21h30, na TV Brasil . Site – https://tvbrasil.ebc.com.br Instagram – https://www.instagram.com/tvbrasil YouTube – https://www.youtube.com/tvbrasil X – https://x.com/TVBrasil Facebook – https://www.facebook.com/tvbrasil TikTok – https://www.tiktok.com/@tvbrasil TV Brasil Play - http://tvbrasilplay.com.br	Agência Brasil	esportes	False
https://agenciabrasil.ebc.com.br/esportes/noticia/2026-09/guilherme-schimidt-e-ouro-e-pais-fecha-grand-slam-de-judo-com-3-podios	2026-09-13	Guilherme Schimidt é ouro e país fecha Grand Slam de judô com 3 pódios	Etapa em Budapeste é a última antes do Campeonato Mundial em outubro	O judoca brasiliense Guilherme Schimidt subiu ao topo do pódio no Grand Slam de Budapeste (Hungria) neste domingo (12), último dia da competição. Em sua primeira final de Grand Slam na categoria até 90 quilios, o brasileiro derrotou o sérvio Boris Rutovic ao definir o embate com um ippon. Além do ouro, o país encerrou o evento com outras duas medalhas: Kaillany Cardoso (-70kg) foi prata no sábado (12) e Sarah Souza (-57kg) bronze na sexta (11). A etapa em Budapeste é a última do circuito antes do Campeoanto Mundial que começa em 4 de outubro, em Baku (Azerbaijão). “Muito feliz pelo dia de hoje. Meu coração está repleto de gratidão por tudo que estou vivendo e, principalmente, por todo o processo que me trouxe até aqui”, publicou Schimidt, que deixou a categoria em que competia (- 81kg) no fim de 2024. Um post compartilhado por Judô Brasil | CBJ (@judocbj) O ouro conquistado hoje em Budapeste teve clima de revanche: há quase quatro meses Schimidt foi vice-campeão ao superado por Boris Rutovic na final do Grand Slam de Astana (Cazaquistão). Para chegar ao combate decisivo pelo ouro, Schimidt enfileirou quatro vitórias seguidas neste domingo(13). Superou na estreia o norueguês Kornelius Eilertsen, que foi desclassificado com o terceiro shido (punição). Nas oitavas, o brasileiro venceu por ippon o egípcio Abdalla Abdelsamea e na fase seguinte derrotou o moldavo Mihail Latisev. Por último, Schimidt avançou à final ao desferir um yuko no golden score (tempo extra) sobre o bielorrusso Yahor Varapayeu na semi. O Brasil terminou o Grand Slam de Budapeste em quarto lugar na classificação geral, atrás de Japão, Russia e Israel. A delegação verde e amarela contou com 17 judocas na competição, que reuniu mais de 500 atletas de 70 países. Os campeões asseguraram 1000 pontos no ranking mundial, parâmetro para a classificação à Olimpíada de Los Angeles 2028.	Agência Brasil	esportes	False
https://agenciabrasil.ebc.com.br/esportes/noticia/2026-09/antonelli-vence-gp-da-espanha-apos-demora-em-pitstop-prejudicar-norris	2026-09-13	Antonelli vence GP da Espanha após demora em pitstop prejudicar Norris	Piloto da Mercedes ampliou para 81 pontos liderança no Mundial de F1	Kimi Antonelli deu um grande passo em direção ao título da Fórmula 1 neste domingo (13) ao vencer o primeiro Grande Prêmio da Espanha realizado no novo circuito de Madri, com um pouco de sorte a seu favor. A vitória do italiano de 20 anos em Madri, sua oitava da temporada, ampliou sua liderança no campeonato para 81 pontos após 14 etapas. Antonelli se beneficiou de uma entrada oportuna do safety car virtual (VSC) e de uma parada desastrosa da McLaren na 16ª das 57 voltas da prova, o que privou Lando Norris — que largou na pole e liderou no início da corrida — de uma vitória provável em uma pista onde ultrapassar se mostrou quase impossível. “Acho que hoje é bom vencer, mas não me sinto tão bem porque acho que Lando merecia a vitória hoje; mas, no geral, vamos aceitar”, disse Antonelli. KIMI ANTONELLI WINS THE SPANISH GRAND PRIX! 👏🏆 GRANDE, KIMI! 😮‍💨 #F1 #SpanishGP pic.twitter.com/mIYHjvz3HD Max Verstappen, da Red Bull, ficou em segundo, com Norris em terceiro. Antonelli agora tem 292 pontos, contra 211 do seu rival mais próximo e companheiro de Mercedes, George Russell, que terminou em quinto. “Não havia nada que eu pudesse fazer... a sorte simplesmente não estava do nosso lado”, disse Norris. “Senti que merecíamos a vitória hoje, mas às vezes as corridas são assim mesmo. Acho que fiz uma corrida perfeita hoje, só que a sorte não esteve do meu lado.” O brasileiro Gabriel Bortoleto, da Audi, terminou na 13ª posição, enquanto seu companheiro de equipe, o alemão Nico Hulkenberg, ficou em décimo, encerrando a zona de pontuação. * É proibida a reprodução deste conteúdo.	Agência Brasil	esportes	False
https://agenciabrasil.ebc.com.br/esportes/noticia/2026-09/brasileirao-feminino-a2-tv-brasil-acompanha-primeiro-jogo-da-final	2026-09-13	Brasileirão Feminino A2: TV Brasil acompanha primeiro jogo da final	Itabirito e Vasco se enfrentam neste domingo em Sete Lagoas (MG)	A TV Brasil transmite, neste domingo (13), a partir das 10h50, a partida de ida da grande final do Brasileirão Feminino Série A2 entre Itabirito (MG) e Vasco (RJ). O duelo acontece na Arena do Jacaré, em Sete Lagoas, Minas Gerais, às 11h. O jogo de volta está marcado para o dia 20 de setembro no mesmo horário. Por ter feito melhor campanha nesta décima edição do torneio, o time cruzmaltino terá a vantagem de jogar o segundo e decisivo confronto em casa, no Rio de Janeiro, em local ainda a ser definido. A briga pela taça promete muitas emoções. As equipes do Itabirito e do Vasco se classificaram no fim de semana passado com goleadas e demonstração de força em suas respectivas casas. A transmissão integra a estratégia da TV Brasil de ampliar a visibilidade das competições femininas. Além da Série A2, a emissora também exibe jogos das Séries A1 e A3 do Brasileirão Feminino, a grande final da competição sub-17 e exibiu as partidas da Liga de Basquete Feminino (LBF). A equipe de profissionais que comanda as transmissões do Brasileirão Feminino conta com o narrador Thiago Julianelli e um time de mulheres formado pelas comentaristas Brenda Balbi e Rachel Motta e as repórteres Marília Arrigoni e Verônica Dalcanal. As competições ganham ainda mais visibilidade por meio da parceria com os canais que formam a Rede Nacional de Comunicação Pública ( RNCP ), que podem retransmitir a programação da TV Brasil em seus estados. Aproveite o clima de decisão e ajude a escolher a vencedora da categoria Craque da Torcida do Prêmio TV Brasil Petrobras Para Elas. A premiação criada pela TV Brasil e pela Petrobras vai reconhecer ainda atletas, treinadores e treinadoras, dirigentes, departamentos de futebol feminino e clubes que se destacarem ao longo da temporada de 2026. A votação da categoria com voto popular já está aberta, é gratuita e tem votos ilimitados! Clique aqui e acesse o link para votar até 31 de outubro. Acompanhe a programação da TV Brasil pelo canal aberto, TV por assinatura e parabólica. Sintonize: https://tvbrasil.ebc.com.br/comosintonizar . Seus programas favoritos estão no TV Brasil Play, pelo site http://tvbrasilplay.com.br ou por aplicativo no smartphone. O app pode ser baixado gratuitamente e está disponível para Android e iOS. Assista também pela WebTV: https://tvbrasil.ebc.com.br/webtv . Brasileirão Feminino Série A2 – Final (ida) - Itabirito (MG) x Vasco (RJ) - domingo (13), a partir das 10h50, na TV Brasil . Site – https://tvbrasil.ebc.com.br Instagram – https://www.instagram.com/tvbrasil YouTube – https://www.youtube.com/tvbrasil X – https://x.com/TVBrasil Facebook – https://www.facebook.com/tvbrasil TikTok – https://www.tiktok.com/@tvbrasil TV Brasil Play - http://tvbrasilplay.com.br	Agência Brasil	esportes	False
https://agenciabrasil.ebc.com.br/esportes/noticia/2026-09/radio-nacional-transmite-classico-flamengo-x-corinthians-neste-domingo	2026-09-13	Rádio Nacional transmite clássico Flamengo x Corinthians neste domingo	Duelo agita programação da emissora a partir das 17h	A Rádio Nacional transmite neste domingo (13) às 17h o clássico nacional válido pela 27ª rodada da Série A do Brasileirão 2026 entre Flamengo e Corinthians. O duelo que movimenta as duas maiores torcidas do país será realizado no Estádio do Maracanã, no Rio de Janeiro. O Rubro-Negro recebe o Timão ao lado da sua torcida buscando os 3 pontos para seguir no topo da tabela do campeonato. Já o Corinthians busca surpreender fora de casa para alcançar a zona de classificação aos torneios continentais de 2027. O clube paulista é o atual 12º colocado com 32 pontos. As transmissões da Rádio Nacional começam com a faixa Show de Bola Nacional e contará com uma equipe completa para levar ao público todas as emoções dos confrontos. A cobertura da partida tem um time de peso na equipe de esportes da emissora: a narração fica por conta de André Luiz Mendes com comentários de Mário Silva. Por fim, Rodrigo Ricardo comanda a reportagem e o plantão de informações da rodada. A transmissão da partida entra no ar para parte da rede em AM e OC, além da FM no Rio de Janeiro, no Alto Solimões e parceiros da Rede Nacional de Comunicação Pública (RNCP) . A Nacional FM nas demais praças segue com o conteúdo musical. O ouvinte pode ficar ligado nas produções preferidas pelo dial , no app Rádios EBC e no site da emissora. Os áudios ainda estão disponíveis em tempo real por streaming nas duas plataformas. O Campeonato Brasileiro é a liga brasileira de futebol profissional entre clubes do Brasil, sendo a principal competição futebolística no país. Por meio da disputa, são indicados os representantes brasileiros para a Copa Libertadores da América (junto ao campeão da Copa do Brasil). Vinte clubes participam do torneio. No decorrer da temporada, cada time joga duas vezes contra os outros (em um sistema de pontos corridos), uma vez em seu estádio e a outra no de seu adversário, em um total de 38 jogos. As equipes recebem três pontos por vitória e um por empate. Os clubes são classificados pelo total de pontos, depois pelo saldo de gols e, em seguida, pelos gols marcados. Em caso de empate entre dois ou mais times, os critérios de desempate são: maior número de vitórias; maior saldo de gols; maior número de gols pró; confronto direto; menor número de cartões vermelhos recebidos; e menor número de cartões amarelos recebidos. Esporte que é paixão do povo brasileiro, o futebol é um dos destaques da programação da Rádio Nacional , emissora pública referência em transmissões de partidas no país há décadas. Os jogos das principais competições e as notícias mais importantes têm espaço nas jornadas esportivas diárias. Os torcedores podem ficar ligados pelo rádio, site ou streaming para acompanhar as emoções das disputas entre os maiores clubes brasileiros. Antes e depois dos confrontos, o ouvinte se informa sobre a preparação das equipes e a repercussão do placar nas ondas da Nacional. A análise sobre os resultados da rodada ainda ganha janela diária para um rico debate em produções consagradas no radiojornalismo esportivo. A equipe da Rádio Nacional reúne craques da crônica esportiva. São produtores, jornalistas e apresentadores que buscam o diferencial da notícia. Além de informar o público nas ondas do rádio, o time também faz bonito na telinha da TV Brasil . Os profissionais realizam o programa Stadium , de segunda a sexta, às 12h30, e de terça a sexta, às 18h30. Sempre ao vivo, as tradicionais produções da emissora pública trazem análises e apurações atualizadas. O esporte tem espaço destacado na programação do canal. O telejornal diário Repórter Brasil , às 12h45 e às 19h, também oferece uma ampla cobertura dos principais resultados do dia. Aproveite a transmissão do Brasileirão Masculino e ajude a escolher a vencedora da categoria Craque da Torcida do Prêmio TV Brasil Petrobras Para Elas. A premiação criada pela TV Brasil e pela Petrobras vai reconhecer ainda atletas, treinadores e treinadoras, dirigentes, departamentos de futebol feminino e clubes que se destacarem ao longo da temporada de 2026. A votação da categoria com voto popular já está aberta, é gratuita e tem votos ilimitados! Acesse ebc.com.br/premiotvbrasilpetrobrasparaelas até 31 de outubro. Serviço Campeonato Brasileiro 2026 – Flamengo x Corinthians, 13/9, a partir das 17h, na Rádio Nacional RJ, AM, OC e AS + RNCP e Parceiros Site: https://radionacional.ebc.com.br Instagram: https://www.instagram.com/radionacionalbr Spotify: https://open.spotify.com/user/vpj3k8ogjwf1nkv4nap3tlruv YouTube: http://youtube.com/radionacionalbr Facebook: https://www.facebook.com/radionacionalbr X: https://x.com/radionacionalbr Streaming: https://aovivo.ebc.com.br/embed-audio.html?emissora=radio-nacional-do-rio-de-janeiro	Agência Brasil	esportes	False
https://agenciabrasil.ebc.com.br/esportes/noticia/2026-09/brasil-vence-4o-jogo-e-encara-argentina-por-vaga-olimpica-no-domingo	2026-09-12	Brasil vence 4º jogo e encara Argentina por vaga olímpica no domingo	Líder do Sul-Americano, seleção feminina entra em quadra ao meio-dia	A seleção brasileira feminina de vôlei derrotou o Chile por 3 sets a 0 (25/13, 30/28 e 25/11) neste sábado (12) no Pré-Olímpico Sul-Americano e ficou a uma vitória de garantir presença nos Jogos Olímpicos de Los Angeles 2028. A Amarelinha decide a vaga olímpica contra a Argentina às 12h (horário de Brasília) deste domingo (13), no Ginásio do Maracanãzinho, no Rio de Janeiro. Ambas as equipes estão invictas na competição de pontos corridos, embora o Brasil leve vantagem por não ter perdido nenhum set em quatro jogos. Já a Argentina tem um ponto a menos por ter superado a Colômbia no tie-break (3 a 2) na segunda partida do torneio. A seleção brasileira é a maior campeã sul-americana com 23 títulos, os últimos 15 consecutivos. Um post compartilhado por Vôlei Brasil (@cbvolei) Nesta tarde, a maior pontuador foi a ponteira Julia Bergmann, que anotou 12 ataques e um bloqueio. As brasileiras, comandadas pelo técnico José Roberto Guimarães, ditaram o ritmo de jogo no primeiro set, mas oscilaram na segunda parcial, permitindo que as chilenas liderassem o placar por 23 a 19. Mas as brasileiras reagiram a tempo: salvaram quatro set points e fecharam em 30 a 28. Na parcial seguinte, a Amarelinha sobrou em quadra com ótimas atuações de Gabi e Tainara. A vitória deste sábado (12) deixou o Brasil a liderança do Sul-Americano, com 12 pontos, seguido pela Argentina (11) e pela Colômbia (4). As três primeiras equipes do torneio já asseguram vaga no Pan-Americano e no Mundial, ambos em 2027. 8 de setembro: Brasil 3 x 0 Venezuela - 25/14, 25/13 e 25/19 9 de setembro: Brasil 3 x 0 Peru - 25/16, 25/16 e 25/15 10 de setembro: Brasil 3 x 0 Colômbia - 25/19, 25/18 e 36/34 12 de setembro: Brasil 3 x 0 Chile - 25/13, 30/25 e 25/11 8 de setembro: Argentina 3 x 1 Peru - 20/25, 25/15, 25/28 e 27/25 9 de setembro: Argentina 3 x 2 Colômbia - 27/29, 25/11, 21/25, 25/23 e 15/8 10 de setembro: Argentina 3 x 0 Chile - 25/21, 25/18 e 25/17 12 de setembro: Argentina 3 x 0 Venezuela - 25/23, 25/20 e 25/21	Agência Brasil	esportes	False
https://agenciabrasil.ebc.com.br/esportes/noticia/2026-09/ana-satila-e-ouro-em-etapa-da-copa-do-mundo-de-canoagem-slalom	2026-09-12	Ana Sátila é ouro em etapa da Copa do Mundo de canoagem slalom	Espanhola Lazkano e a tcheca Kneblová completaram o pódio	A brasileira Ana Sátila garantiu a medalha de ouro ao vencer neste sábado (12) a final do C1 (canoa individual) da última etapa da Copa do Mundo de canoagem slalom em La Seul d’Urgell (Espanha). A mineira de 30 anos concluiu a prova no em 103s85, deixando para trás a espanhola Miren Lazkano (104s55), que ficou com a prata, e tcheca Tereza Kneblova (104s64), medalha de bronze. Esta foi a primeira medalha da brasileira na temporada. O pódio conta pontos no ranking classificatório para a Olimpíada de Los Angeles 2028. Sátila enfrenta um ano complicado, após a perda do pai em março. A canoísta contou com o apoio da família nas arquibancadas de La Seul d’Urgell, a etapa mais importante da temporada, atrás apenas do Mundial. “Estou muito feliz, é um sonho para mim. Minha mãe está aqui hoje, me assistindo, e é o melhor dia que eu poderia ter para compartilhar essa vitória com ela, com minha família, meus companheiros e com todos”, disse a canoísta, que volta a competir às 8h30 (horário de Brasília) deste domingo (13) na final do K1. Um post compartilhado por Time Brasil (@timebrasil) “Espero estar em Los Angeles. Tive um começo difícil com o Mundial este ano, fui desclassificada e depois tive uma penalidade na semifinal. Tento continuar sorrindo, continuar feliz e fazer o que eu mais gosto, que é aproveitar o momento e desfrutar do que faço” , completou à mineira, referindo-se à competição realizada em julho deste ano. Na ocasião, Sátila ficou fora da final do K1 (caiaque individual) do Campeonato Mundial, embora tenha se classificado em quinto lugar na semi. A desqualificação ocorreu por conta em razão do peso da embarcação. Depois, a brasileira não avançou à final do C1, ao levar penalização de 50s na semi e terminar na 28ª posição.	Agência Brasil	esportes	False
https://agenciabrasil.ebc.com.br/esportes/noticia/2026-09/brasil-e-campeao-do-pre-olimpico-e-garante-vaga-em-los-angeles-2028	2026-09-13	Brasil é campeão do Pré-Olímpico e garante vaga em Los Angeles 2028	Seleção femininina leva 24º título Sul-Americano ao vencer Argentina	"A seleção brasileira feminina de vôlei arrematou a vaga olímpica em Los Angeles 2028 neste domingo (13) ao vencer de forma invicta o Torneio Pré-Olímpico Sul-Americano, no Ginásio do Mararacanãnzinho, o Rio de Janeiro. A Amarelinha levou a melhor sobre a Argentina por 3 sets a 0 (26/24, 25/19 e 25/16) no quinto e último confronto da competição de pontos corrridos. Sem perder um set sequer, o Brasil garantiu o 24º título continental e segue como o maior vencedor do torneio. A Amarelinha é a sexta equipe garantida em LA 2028. As demais são Estados Unidos (por sediar a Olimpíada), Turquia Egito, Tailândia e Canadá. “Não tem emoção maior do que conseguir classificar para os Jogos Olímpicos, é o apice de todo atleta, ainda mais dentro de casa com essa torcida maravilhosa. Não foi um jogo fácil. No primeiro set a gente conseguiu deixar aquele nervosismo de lado, alguns altos e baixos. Mas assim, a equipe está de parabéns, atletas, comissão técnica, as jogadoras que fizeram diferença”, comemorou a ponteira Gabi, maior pontuadora do lado brasileiro, com 13 acertos, em depoimento à TV Globo, logo após a conquista. LOS ANGELES, ESTAMOS CHEGANDO! 🇧🇷🏐🔥 A vaga é nossa! Agora, elas já têm destino certo: Jogos Olímpicos de Los Angeles 2028! ✈️🇧🇷 📸 Time Brasil #TimeBrasil #Vôlei #LA28 pic.twitter.com/5v1c4mixwZ O primeiro set foi o mais emocionante. As argentinas chegaram a abrir vantagem de 13 a 0, mas o técnico José Roberto Guimarães solicitou tempo e conseguiu frear o ímpeto das hermanas. Com apoio da torcida que lotou as arquibancadas do Maracanãzinho, o Brasil reagiu, virou o placar e cravou bloqueios seguidos, fechando a parcial por 26/24. A partir do segundo set, as brasileiras sobraram em quadra, logo abrindo vantagem de 12 a 8. Segundo maior pontuadora da Amarelinha, com 12 acertos, Júlia Bergmann substituiu Ana Cristina em quadra e ampliou ainda mais o placar com viradas de bola. Com um ace de Gabi, o Brasil fechou a segunda parcial em 25 a 19. No início da terceira parcial a Argentina esboçou um reação, abrindo 5 a 2 no placar. No entanto, as brasileiras logo se recuperaram. Gabi protagonizou uma jogada ímpar, defendendo com o pé uma bola que parecida perdida foram de quadra. A torcida foi à loucura. A Amarelinha virou o placar e seguiu soberana até fechar a parcial em 25 a 16 e selar a vitória por 3 sets a 0, que garantiu o título sul-americano e tão sonhada vaga em LA 2028. ""A gente tem dois anos de tranquilidade para conseguir trabalhar, desenvolver esse grupo que tem mostrado uma força muito grande. E o que a gente mais quer é o ouro. A gente bateu na trave em alguns momentos mas a equipe tem mostrado o potencial que tem e eu tenho certeza que a gente vai conseguir no Mundial [2027] e na Olimpíada chegar no lugar mais alto"", projetou Gabi."	Agência Brasil	esportes	False
https://agenciabrasil.ebc.com.br/esportes/noticia/2026-09/melhor-entre-os-melhores-alison-dos-santos-e-campeao-do-ultimate-2026	2026-09-13	Melhor entre os melhores: Alison dos Santos é campeão do Ultimate 2026	Brasileiro foi o mais rápido em nova disputa dos 400m com barreiras	"Recordista mundial há menos de 20 dias e invicto na temporada, o brasileiro Alison dos Santos cravou nova vitória nos 400 metros com barreiras. Neste domingo (13), Alison – também conhecido como Piu – foi o mais rápido entre os melhores do planeta que disputaram a primeira edição do Mundial de Atletismo Ultimate, em Budapeste (Hungria). Piu cruzou a linha de chegada em 45s98, deixando para trás seus principais adversários, o norte-americano Rai Benjamin (46s40) e o norueguês Karsten Warholm (46s78). Outro representante brasileiro, Matheus Lima concluiu a prova na sétima posição (48s67). ""Corri rápido, tive ótimos resultados e queria terminar a temporada lá no alto. O clima estava ótimo aqui em Budapeste, adorei a energia da torcida, foi incrível... Agora é hora de celebrar!"", festejou Piu, duas vezes medadalhista olímpico com bronze (Tóquio 2020 e Paris 2024). WHO ELSE 😜 Alison Dos Santos is on a whole new level, winning his second global title in the 400m hurdles with 45.98 and becoming the only man to ever run under 46 seconds more than once 🫨 #WorldAthleticsUltimate pic.twitter.com/PKb8UGnbcI Esta foi a primeira vez no ano que Piu competiu com Rai Benjamin, campeão olímpico em Paris 2024 nos 400m com barreiras – na ocasião Piu levou a medalha de bronze. Depois dos Jogos, o norte-americano tem se dedicado mais à disputa dos 400m rasos. O Mundial Ultimate ocorrerá a cada dois anos, reunindo atletas de elite (campeões olímpicos, mundiais, vencedores da Diamond League e os mais bem colocados no ranking). Considerado o ""Novo Rei dos 400m com barreiras"" pela Federação Internacional de Atletismo (Worlds Athletics) ao quebrar ao estabelecer o novo recorde mundial da prova (45s80) no último dia 27, Piu vem empilhando títulos. Venceu as seis etapas da Diamond League nos 400m com barreiras – ficou ausente só na de Londres, em julho –, a mais recente delas em Bruxelas (Bélgica) no último domingo (5), com a marca 46s70. Alison também sobrou na pista no Troféu Brasil deste ano, com direito à quebra de recorde (46s48) na competição."	Agência Brasil	esportes	False
https://agenciabrasil.ebc.com.br/esportes/noticia/2026-09/brasil-e-heptacampeao-da-copa-america-de-futebol-de-cegos-em-sp	2026-09-12	Brasil é heptacampeão da Copa América de futebol de cegos em SP	Seleçao masculina aplicou 3 a 0 na Colômbia no CT Paralímpico	A seleção brasileira masculina de futebol conquistou de forma invicta o heptacampeonato da Copa América de futebol de cegos. Na final disputada neste sábado (12), a Amarelinha derrotou a Colômbia por 3 a 0 no CT Paralímpico, em São Paulo. Ao levantar a taça pela sétima vez, os brasileiros mantêm a hegemonia em 11 edições do torneio. O duelo decisivo deste sábado reeditou a disputa pelo bronze na Paralimpíada de Paris 2024, quando o Brasil arrematou a medalha (vitória por 1 a 0). Hoje a seleção foi dominante desde o início. Maicon Mendes abriu o placar ao chutar de longa distância e Raimundo Nonato ampliou no último minuto do primeiro tempo. Na segunda etapa, os colombianos pressionaram nos minutos iniciais, mas Jardiel balançou a rede e aumentou para 3 a 0 a vantagem dos brasileiros. Daí em diante, a Amarelinha comandada pelo técnico Cesinha administrou o resultado até o apito final. Um post compartilhado por Comitê Paralímpico Brasileiro (@brasilparalimpico) “Esse título é muito importante. Estamos começando o ciclo para Los Angels 2028. O nosso último ciclo não foi tão bom quanto a gente esperava. colocamos os pés no chão e temos a certeza de que cada vez estamos mais fortes. Vamos nos preparar para estarmos fortes e buscar o título no Mundial aqui no Brasil”, projetou Jardiel, em depoimento após o título ao Comitê Paralímpico Brasileiro (CPB). Para chegar à final, o Brasil somou três vitórias e um empate. Na primeira fase, derrotou Chile (3 a 0) e Peru (6 a 0), e empatou sem gols com a Colômbia, encerrando a fase de grupos na liderança da chave 2. Na semifinal, a Amarelinha superou a Costa Rica por 2 a 0. A Copa América começou com 12 nações, divididas em dois grupos. O grupo 1 contava com México, Costa Rica, Argentina e Guatemala. Maior referência mundial do futebol de cegos, o Brasil soma o segundo título no ciclo da Paralimpíada de Los Angeles 2028. Em julho, o país foi campeão dos Jogos Parasul-Americanos, em Valledupar (Colômbia). A seleção masculina é pentacampeã mundial (1998, 2000, 2010, 2014 e 2018) e paralímpica (Atenas 2004, Pequim 2008, Londres 2012, Rio 2016 e Tóquio 2020). Segunda maior vencedora da Copa América com três títulos, a Argentina levou a melhor da disputa da medalha de bronze, ao superar a Costa Rica por 4 a 1. Atuais campeões mundiais e vice paralímpicos, os argentinos ficaram pela primeira vez fora da decisão continental – na semi foram superados pela Colômbia nos pênaltis, após empate sem gols no tempo nos 40 minutos de partida.	Agência Brasil	esportes	False
https://agenciabrasil.ebc.com.br/esportes/noticia/2026-09/norris-produz-volta-magistral-e-conquista-pole-no-gp-da-espanha-de-f1	2026-09-12	Norris produz volta magistral e conquista pole no GP da Espanha de F1	Corrida no novo circuito Madring terá início às 10h deste domingo (13)	"O campeão de Fórmula 1 Lando Norris fez uma volta espetacular, surgindo do nada, para colocar a McLaren na pole position para o Grande Prêmio da Espanha, no novo circuito de Madring, neste sábado (12). Kimi Antonelli, de 20 anos, líder do campeonato com a Mercedes, foi derrotado por apenas 0,011 segundo e juntou-se ao britânico na primeira fila, com Max Verstappen, da Red Bull, em terceiro lugar, e Lewis Hamilton, da Ferrari, em quarto. “Estou chocado. Estou um pouco surpreso por estar aqui agora”, exclamou Norris em seus primeiros comentários à torcida após sair do carro. “Foi provavelmente uma das melhores voltas que já fiz na minha carreira."" “Foi simplesmente uma daquelas voltas em que tudo deu certo. Eu tinha uma boa ideia do que queria fazer, mas a questão era se meu cérebro me deixaria fazer isso na última volta, e tudo funcionou praticamente na perfeição.” The grid is set for Round 14 at the MADRING 🤩📊 And we have four different teams in the first four positions! 👀 #F1 #SpanishGP pic.twitter.com/KV9je1IxDq Norris registrou 1min31s824, com Antonelli em 1min31s835. Foi a 19ª pole da carreira do atual campeão e a terceira da temporada. Como as ultrapassagens provavelmente serão difíceis na corrida de domingo, a pole position confere uma vantagem maior do que o habitual, embora a probabilidade de acidentes e da entrada do safety car continue alta em uma pista desafiadora e implacável. O chefe da McLaren, Andrea Stella, elogiou uma “obra-prima” e disse que Norris poderia ter sido ainda mais rápido se não fosse por um erro na última curva, que possivelmente lhe custou três décimos. “Foi uma volta incrível, uma das melhores de sua vida até a última curva”, disse o italiano à emissora Sky Sports. “Ele percebeu o potencial do carro.” O brasileiro Gabriel Bortoleto, da Audi, largará na 12ª posição, imediatamente atrás de seu companheiro de equipe, o alemão Nico Hulkenberg. * É proibida a reprodução deste conteúdo."	Agência Brasil	esportes	False
https://agenciabrasil.ebc.com.br/esportes/noticia/2026-09/flamengo-supera-del-valle-na-altitude-pelas-quartas-da-libertadores	2026-09-11	Flamengo supera Del Valle na altitude pelas quartas da Libertadores	Rubro-Negro aguenta pressão no Equador e fica perto das semifinais	O Flamengo sofreu nos 2.850 metros de altitude de Quito, capital equatoriana, mas superou o Independiente del Valle por 2 a 0 no Estádio Olímpico Atahualpa, no primeiro duelo do confronto pelas quartas de final da Libertadores . A partida da noite de quinta-feira (10) foi transmitida pela Rádio Nacional. As equipes voltam a se enfrentar na próxima quinta-feira (17), às 21h30 (horário de Brasília), no Maracanã. O Rubro-Negro pode até perder por um gol no Rio de Janeiro que, ainda assim, vai às semifinais. O Del Valle tem de ganhar por dois gols de saldo para forçar os pênaltis ou a partir de três gols para se classificar no tempo normal. Quem avançar, terá como adversário o ganhador do confronto entre Corinthians e Estudiantes. Na última quarta-feira (9), em La Plata, os times ficaram no 1 a 1 no Estádio Jorge Luis Hirschi - o volante Alexis Castro marcou para os argentinos e o atacante Kaio César igualou para o Timão. A partida de volta será quarta-feira que vem (16), às 21h30, na Neo Química Arena, em São Paulo. Em caso de nova igualdade, o classificado será definido nas penalidades. O triunfo simples é suficiente para qualquer lado. Ao fazer valer o fator altitude, o Del Valle pressionou desde o início e sufocou o Flamengo no primeiro tempo. Segundo o site Sofascore, site especializado em estatísticas esportivas, foram dez finalizações do time do Equador - ainda que somente uma em direção a meta de Agustín Rossi - contra nenhuma dos brasileiros. Os donos da casa controlaram 68% de posse de bola e desgastaram os jogadores rubro-negros. A grande oportunidade dos anfitriões veio aos 19 minutos. Após cruzamento do meia Arón Rodríguez pela direita, o atacante Carlos González chutou de primeira, quase da marca do pênalti, acertando o pé da trave esquerda do time carioca. O cenário se manteve na etapa final, com a diferença que os equatorianos, afobados, já não conseguiam exercer a mesma pressão. O Flamengo, que assustou pela primeira vez em cabeçada do zagueiro Léo Ortiz aos 12 minutos, enfim balançou as redes três minutos depois. Em contra-ataque pelo meio, o volante Jorginho conduziu a bola até a intermediária e abriu na esquerda com Samuel Lino, às costas do lateral Dakyol Romero. Ele cruzou rasteiro e o também atacante Bruno Henrique, de primeira, concluiu para as redes. O Del Valle se lançou de vez ao ataque. Aos 21, o lateral Ayrton Lucas salvou o Rubro-Negro duas vezes dentro da área. Primeiro, ao salvar quase em cima da linha, a bola alçada pelo atacante Emerson Pata, depois ao bloquear a finalização do volante Jordy Alcivar na sobra do bate-rebate. E se a bola realmente pune, como um dia profetizou o experiente e vitorioso treinador Muricy Ramalho, a tese se fez presente em Quito. Aos 29 minutos, após cobrança de escanteio pela direita, o lateral Emerson Royal cruzou e o zagueiro Léo Pereira, de cabeça, marcou o segundo do Flamengo. Com o time da casa abatido, a equipe carioca assumiu, definitivamente, o controle da partida, sem mais sofrimento até o apito final.	Agência Brasil	esportes	False
https://agenciabrasil.ebc.com.br/esportes/noticia/2026-09/brasil-vence-terceira-e-lidera-sul-americano-feminino-de-volei	2026-09-11	Brasil vence a terceira e lidera Sul-Americano feminino de vôlei	Seleção bate fácil a Colômbia e segue um ponto à frente da Argentina	A seleção feminina de vôlei segue na liderança do Campeonato Sul-Americano da modalidade, no Maracanãzinho, Rio de Janeiro. Na noite desta quinta-feira (10), as brasileiras venceram a Colômbia por 3 sets a 0 na partida mais difícil do torneio até o momento. As parciais foram de 25/19, 25/18 e 36/34. Com 28 pontos, Ana Cristina liderou mais uma vez o triunfo do Brasil. Foram 16 pontos apenas no terceiro set. As também ponteiras Laura Pascua (15 pontos) e Ana Olaya (14) foram as protagonistas da Colômbia, dando muito trabalho principalmente na última parcial, que durou 41 minutos - as demais não chegaram a meia hora cada uma. A capitã e ponteira Gabi, com dez pontos, e a oposta Sabrina, com nove, também se destacaram pelo Brasil em um jogo que, apesar da vitória, teve muitos erros cometidos pelas brasileiras (86). Para comparação, nos triunfos sobre Venezuela, na última terça-feira (8), e Peru, na quarta-feira (9), foram 75 em cada partida. O ponto negativo foi a saída de Rosamaria, no início do segundo set. A oposta sentiu o joelho direito após choque com a líbero Nyeme ao tentar defender um ataque. Ela deu lugar a Sabrina e foi atendida no vestiário e terá de passar por exames. O Sul-Americano reúne seis seleções, que jogam entre si em fase única. Depois de cinco rodadas, o país com mais pontos fica com o título e se garante na Olimpíada de Los Angeles (Estados Unidos), em 2028. As brasileiras são as maiores vencedoras da competição, com 23 conquistas, sendo as últimas 15 consecutivas. Sem nenhum set perdido até agora, o Brasil chegou a nove pontos (cada triunfo por 3 a 0 ou 3 a 1 vale três pontos). Segunda colocada, a Argentina também ganhou os três jogos que disputou, mas tem um ponto a menos que o Brasil. Como o triunfo sobre a Colômbia foi decidido no quinto set (tie-break), as hermanas somaram apenas dois pontos. As colombianas fizeram um ponto, apesar do revés. As brasileiras voltam a jogar neste sábado (12), às 13h30 (horário de Brasília), diante do Chile. No domingo (13), às 12h, a seleção dirigida por José Roberto Guimarães finaliza a participação contra a Argentina.	Agência Brasil	esportes	False
https://agenciabrasil.ebc.com.br/esportes/noticia/2026-09/rodada-da-serie-tera-acao-de-conscientizacao-sobre-doacao-de-orgaos	2026-09-11	Brasileirão terá campanha de conscientização sobre doação de órgãos	Ação estará presente nos dez jogos da 27ª rodada da Série A	"A Confederação Brasileira de Futebol (CBF) divulgou nesta sexta-feira (11) que a 27ª rodada da Série A do Campeonato Brasileiro contará com uma campanha de conscientização a respeito da doação de órgãos. A ação, feita em parceria com a fundação Pró-Rim, estará presente nos dez jogos desta jornada, que começa hoje com o clássico entre Coritiba e Athletico-PR, em Curitiba, e termina na segunda-feira (14) com o confronto entre Bahia e Remo, em Salvador. A iniciativa, chamada ""Um Sim pela Vida"", faz parte da agenda do Setembro Verde, período de mobilização pela doação de órgãos. O foco da campanha é incentivar o debate nas famílias sobre a importância desta atitude, já que, no Brasil, para que se doe órgãos e tecidos de uma pessoa que faleceu, é necessária a autorização dos familiares. Segundo dados do Sistema Nacional de Transplantes, quase 50 mil pessoas aguardam pela doação de um órgão no Brasil, sendo quase 46 mil à espera de um rim. A fundação Pró-Rim, criada em 1987, tem unidades nos estados de Santa Catarina e Tocantins e até hoje realizou mais de 2,1 mil transplantes de rins. Praticamente todos os pacientes tratados pela fundação vêm do Sistema Único de Saúde (SUS)."	Agência Brasil	esportes	False
https://agenciabrasil.ebc.com.br/esportes/noticia/2026-09/brasil-continua-sem-vitoria-no-mundial-de-basquete-em-cadeira-de-rodas	2026-09-10	Brasil continua sem vitória no mundial de basquete em cadeira de rodas	Seleções masculina e feminina tropeçam na busca por vaga nas quartas	As seleções brasileiras de basquete em cadeira de rodas continuam sem vencer no Campeonato Mundial da modalidade, que ocorre em Ottawa (Canadá). Nesta quinta-feira (10), o time masculino estreou com derrota por 77 a 32 para a Itália, no ginásio da Carleton University. O feminino, pela segunda rodada, caiu por 70 a 63 para a Espanha, no TD Place. Os jogos da competição têm transmissão ao vivo no canal da Federação Internacional da modalidade (IWBF, sigla em inglês). Entre os homens, o Brasil pecou no aproveitamento (29% em 55 arremessos, contra 55% dos italianos em 63 tentativas) e pegou bem menos rebotes (29 a 41). Cristiano Clemente, o Juninho, foi o destaque brasileiro, com oito pontos, sete rebotes e três assistências. A seleção verde e amarela busca a reação nesta sexta-feira (11), às 18h (horário de Brasília), diante do favorito Estados Unidos, atuais campeões mundiais e tri paralímpicos, no TD Place. A campanha na fase de grupos termina no domingo (13), às 17h45, novamente na Carleton University, contra a Holanda, país do técnico brasileiro, Cees Van Rootselaar. O Mundial masculino reúne 16 seleções, divididas em quatro chaves. O Brasil está no Grupo A. Os dois primeiros colocados avançam às quartas de final. No feminino, o Brasil fez um jogo apertado diante das espanholas, chegando a passar a frente em determinados momentos do terceiro e do último quartos, mas sem resistir à pressão das rivais. Os lances livres fizeram diferença. As europeias tiveram direito a 13 arremessos (acertaram dez), contra cinco (todos convertidos) das brasileiras. Com 18 pontos, cinco rebotes e sete assistências, liderou o time verde e amarelo, a experiente Vileide Almeida liderou o time verde e amarelo. Foi o segundo revés da equipe comandada por Evelyn Barbian, que, na última quarta-feira (9), perdeu da Grã-Bretanha por 78 a 41, também no TD Place. As brasileiras têm novo desafio no sábado (12), às 15h30, na Carleton University, diante da Austrália, donas de quatro medalhas paralímpicas (três pratas e um bronze). Entre as mulheres, o Mundial tem 12 países, separados em duas chaves. Integrante do Grupo B, o Brasil ainda terá pela frente China e Canadá. As quatro melhores seleções vão às quartas.	Agência Brasil	esportes	False
https://agenciabrasil.ebc.com.br/esportes/noticia/2026-09/calderano-crava-2a-vitoria-e-avanca-quartas-do-wtt-champions-macau	2026-09-10	Calderano crava 2ª vitória e avança às quartas do WTT Champions Macau	Número 7 do mundo, brasileiro volta a competir no sábado (12)	O mesatenista brasileiro Hugo Calderano avançou às quartas de final do WTT Champions Macau (China) ao emplacar a segunda vitória seguida na competição. Nesta quinta-feira (10), o carioca número 7 do mundo, ganhou de virada o croata Tomislavv Pucar (30º no ranking) por 3 sets a 1, com parciais de 6/11, 11/7, 11/6 e 11/3). Calderano estreou bem na última terça (8) no torneio individual, com placar de 3 sets a 0 sobre o australiano Nicholas Lum (46º). Calderano disputará as quartas no sábado (12), ainda sem horário definido. O brasileiro terá pela frente o vencedor do duelo entre o japonês Sora Matsushima, número 3 do mundo, e Wong Chun Ting (41º), atleta de Hong Kong, que jogam a partir de 0h55 desta sexta (11). Um post compartilhado por Tênis de Mesa do Brasil (@cbtm) No ano passado Calderano não só consquistou o título da Copa do Mundo em Macau, como também foi finalista do WTT Champions na cidade chinesa. No entanto, o brasileiro foi superado na decisão pelo líder do ranking, o chinês Wang Chuqin. A atual edição do torneio reúne 32 atletas na disputa masculina, mas ocorre com dois desfalques de peso: o número 1 Chuquin e o francês Félix Lebrun, vice-líder do ranking e rival hitórico de Calderano. O Brasil também contou com a participação de Bruna Takahashi (26ª), mas a paulsita deu adeus precoce à competição ao perder a estreia de virada para a egípcia Hana Goda (21ª) na última quarta (9), pelo placar de 3 sets a 1 (10/12, 11/6, 11/4 e 11/9).	Agência Brasil	esportes	False
https://agenciabrasil.ebc.com.br/esportes/noticia/2026-09/brasil-encara-costa-rica-na-semi-da-copa-america-de-futebol-de-cegos	2026-09-09	Brasil encara Costa Rica na semi da Copa América de futebol de cegos	Confronto ocorrerá às 17h30 desta quinta-feira em São Paulo	Pentacampeã mundial e paralímpica, seleção brasileira masculina de futebol de cegos está a duas vitórias de conquistar o sétimo título da Copa América. Nesta quinta-feira (10), às 17h30 (horário de Brasília), o Brasil entra em quadra contra a Costa Rica pelas semifinais do torneio, no CT Paralímpico Brasileiro, em São Paulo. A competição tem entrada gratuita e transmissão ao vivo online em inglês no canal da Federação Internacional de Esportes de Cegos – a International Blind Sports Federation (IBSA) – no YouTube. A primeira semifinal será entre Argentina e Colômbia, a partir das 15h. O adversário dos brasileiros na semi foi definido na noite de quinta (8), após o término da fase de grupos. A Costa Rica encerrou em segundo lugar da Chave 1, ao golear a Guatemala (4 a 0), somando ao todo duas vitórias e uma derrota – a Argentina ficou em primeiro lugar. Já o Brasil, classificado com uma rodada de antecedência com duas vitórias seguidas, confirmou a liderança da Chave 2 após empate em 0 a 0 com a Colômbia. Os colombianos se classificaram em segundo lugar no Grupo 2. Um post compartilhado por Confederação Brasileira de Desportos de Deficientes Visuais (@cbdvoficial) “Saímos um pouco da nossa forma de jogar, do controle do jogo. A Colômbia conseguiu fechar a casinha e usar muito o contra-ataque, o que desgastou bastante a nossa equipe. Agora é preparar a equipe para a semifinal. Tenho certeza de que vamos fazer um grande jogo e, consequentemente, chegar ao nosso objetivo final, que é conquistar o título dentro de casa”, analisou o técnico Cesinha após o empate contra a Colombia. Quem vencer as semifinais decidirá o título no sábado (12), às 17h30. Antes, às 15h, haverá a disputa do terceiro lugar. A seleção brasileira iniciou a Copa América embalada, após faturar o título dos Jogos Parasul-Americanos há cerca de dois meses.  O torneio reuniu ao todo 12 nações, divididas em dois grupos. O Brasil ficou na chave 2 junto com Colômbia, Peru e Chile. Já o grupo 1 reuniu México, Costa Rica, Argentina e Guatemala. Principal potência da modalidade, o Brasil foi campeão das Copas do Mundo de 1998, 2000, 2010, 2014 e 2018 e faturou cinco ouros paralímpicos (Atenas 2004, Pequim 2008, Londres 2012, Rio 2016 e Tóquio 2020). As brasileiras foram vice-campeãs da Copa América na última terça (8), após serem superadas por 1 a 0 pela Argentina, atual bicampeã mundial. Antes de disputar a final, a seleção somou duas vitórias - sobre o Canadá (7 a 0) e sobre o México (2 a 0) – e uma derrota, para a Argentina (1 a 0) na competição em turno único. Na disputa do terceiro lugar, o México levou a melhor sobre o Canadá (1 a 0).	Agência Brasil	esportes	False
https://agenciabrasil.ebc.com.br/esportes/noticia/2026-09/ancelotti-anuncia-26-convocados-para-amistosos-da-selecao-brasileira	2026-09-09	Ancelotti anuncia 26 convocados para amistosos da seleção brasileira	Primeira lista pós-Copa do Mundo tem oito jogadores estreantes	"O técnico Carlo Ancelotti anunciou na tarde desta quarta-feira (9) a lista com 26 jogadores que defenderão a seleção brasileira nos amistosos fora do país contra a Austrália e Índia no final de setembro e início de outubro. Na primeira convocação da Amarelinha após a eliminação precoce do Brasil na Copa do Mundo deste ano, o treinador investiu na renovação do grupo. Entre os estreantes estão Mauro Júnior (PSV), Gabriel Bontempo (Santos), Jair (Nottingham Forest), Vitor Reis (Manchester City), Samuel Lino (Flamengo) e os goleiros Morisco (Coritiba) e Otávio (Cruzeiro). “Essa é uma lista equilibrada, com jogadores que estiveram na Copa do Mundo. Vai ser importante para a próxima geração. Temos jovens, que têm qualidade para representar no futuro da Seleção, nos próximos anos. E temos também jogadores que estão atuando muito bem no Campeonato Brasileiro. Temos que priorizar jovens que terão idade para a próxima Copa do Mundo, ou a próxima Copa América”, pontuou o treinador durante a coletiva na sede da CBF, no Rio de Janeiro. 26 CONVOCADOS! 🇧🇷 A Seleção está pronta para novos desafios: dois jogos contra a Austrália e o primeiro confronto da história contra a Índia. 25/09 | Austrália 29/09 | Austrália 03/10 | Índia ISSO É BRASIL! 🇧🇷 #BateNoPeito pic.twitter.com/Yht5SuOHjr A seleção fará dois amistosos na Austrália nos dias 25 de setembro em Queensland Country Bank Stadium, na cidade de Townsville, e quatro dias depois no Suncorp Stadium, em Brisbane. Depois o Brasil enfrentará pela primeira vez a seleção da Índia em 3 de outubro, no Salt Lake Stadium, em Calcutá. Ancelotti optou por manter alguns jogadores que atuaram no Mundial deste ano, no intuito de “ajudarem na mudança de geração”. “Eles são jogadores muito importantes para o futuro, estamos certos que, por compromisso, seriedade, profissionalismo, eles vão ajudar o grupo dos jovens a melhorar e se prepararem para as próximas competições. Isso não significa que outros jogadores não vão estar. Priorizamos os jovens e a qualidade nesses amistosos para ter informação mais completa de todos os jogadores. Mas pode ser que quando chegue a competição os jogadores que hoje não estão nessa lista estejam na lista final das competições”, afirmou. O treinador admitiu ter ficado surpreso e decepcionado com a eliminação do Brasil diante da Noruega nas oitavas de final do Mundial, mas disse estar confiante no novo ciclo que se inicia, com foco na Copa América 2028 e na próxima Copa do Mundo de 2030. ""Agora temos tempo para fazer as coisas com mais calma, tranquilidade, avaliar bem todos. A ideia é muito clara, colocar uma nova geração de futebolistas. Sim, podemos fazer um trabalho sem pressa, tomando a decisão mais correta para o futuro. Falando de qualidade, eu acho que nesse momento há algumas posições bem cobertas, no futuro não vamos ter problemas com a defesa e com atacantes. Temos que escolher meio-campistas. Nesse momento temos um pouco de carência no meio de campo, isso é óbvio, isso vai determinar também o modelo de jogo para o futuro da Seleção"", concluiu. Goleiros: Hugo Souza (Corinthians), Morisco (Coritiba) e Otávio (Cruzeiro); Defensores: Artur Dias (Athletico-PR), Douglas Santos (Zenit), Gabriel Magalhães (Arsenal), Jair (Nottingham Forest), Marquinhos (PSG), Matheuszinho (Corinthians), Mauro Júnior (PSV), Vitor Reis (Manchester City) e Wesley (Roma); Meio-campistas: Andrey Santos (Manchester United), Breno Bidon (Corinthians), Bruno Guimarães (Arsenal), Danilo Santos (Botafogo), Douglas Luiz (Juventus), Gabriel Bontempo (Santos) Atacantes: Endrick (Real Madrid), Estêvão (Chelsea), João Pedro (Chelsea), Pedro (Flamengo), Raphinha (Barcelona), Rayan (Bournemouth), Samuel Lino (Flamengo) e Vinicius Junior (Real Madrid)."	Agência Brasil	esportes	False
https://agenciabrasil.ebc.com.br/esportes/noticia/2026-09/copa-do-brasil-arena-mane-garrincha-sera-o-palco-da-final-em-brasilia	2026-09-10	Copa do Brasil: Arena Mané Garrincha será o palco da final em Brasília	CBF também definiu nesta quinta os mandos de campo das semifinais	A Arena Mané Garrincha, em Brasília, será o palco da decisão do título da Copa do Brasil no dia 6 de dezembro (um domingo), que pela primeira vez na história ocorrerá em jogo único. A escolha foi anunciada nesta quinta-feira (10) pela Confederação Brasileira de Futebol (CBF), que também definiu, por sorteio, os mandos de campo das semifinais Grêmio x Atlético-MG e Palmeiras x Vasco. Os finalistas asseguram presença da Copa Libertadores de 2027 (o campeão garante vaga na fase de grupos do torneio, enquanto o vice disputará a fase preliminar). PARTIU BRASÍLIA! 🇧🇷🏆 A final da #CopaBetanoDoBrasil 2026 será no estádio Mané Garrincha. Quem estará lá? 🤩 pic.twitter.com/iFB4adj9Qo Desde que foi criada, em 1989, a competição sempre fora decidida em partidas de ida e volta. A final da atual 38ª edição da Copa do Brasil no Mané Garrincha encerrará o calendário do futebol nacional, no mesmo palco da abertura da temporada, em 1º de fevereiro, quando houve a decisão da Supercopa Rei. Na ocasião, mais de 71 mil torcedores lotaram o estádio para assistir Flamengo x Corinthians e viram o Timão conquistar a taça com vitória por 2 a 0. A Copa do Brasil começou em 18 de fevereiro e reuniu 128 times, 34 a mais que na edição de 2025. Atlético-MG e Vasco serão os mandantes dos jogos de volta das semifinais da Copa do Brasil, conforme sorteio realizado nesta quinta (10) na sede da CBF, no Rio de Janeiro. Nas partidas de ida, o pentacampeão Grêmio (1989, 1994, 1997, 2001 e 2016) receberá o bicampeão Atlético-MG (2014 e 2021), e o tetracampeão Palmeiras (1998, 2012, 2015 e 2020) enfrentará o Vasco (único título em 2011). As partidas têm como data-base os dias 1º e 8 de novembro. TUDO DEFINIDO! 🏟️ Os mandos das semifinais foram definidos. O ADM já está na expectativa dos confrontos! 🔥🏆 #CopaBetanoDoBrasil pic.twitter.com/MNDQ8ccAlU	Agência Brasil	esportes	False
https://agenciabrasil.ebc.com.br/esportes/noticia/2026-09/valieva-perde-status-de-neutra-e-fica-fora-de-disputas-internacionais	2026-09-10	Valieva perde status de neutra e fica fora de disputas internacionais	Russa pode recorrer da decisão da União Internacional de Patinação	A União Internacional de Patinação (ISU, na sigla em inglês) revogou o status de atleta neutra da patinadora artística russa Kamila Valieva e ela não poderá competir internacionalmente, informou nesta quinta-feira (10) a entidade que rege o esporte. Valieva tinha 15 anos quando se tornou o centro de uma polêmica global, nas Olimpíadas de 2022, após uma amostra coletada dois meses antes testar positivo para a trimetazidina, um medicamento cardíaco proibido. O resultado positivo do teste veio à tona após ela ajudar a Rússia a conquistar o ouro por equipes, resultado do qual foi posteriormente desclassificada, levando os Estados Unidos ao topo do pódio. Valieva, agora com 20 anos, voltou às competições em janeiro no Campeonato Russo de Saltos, após cumprir uma suspensão de quatro anos por doping, mas continuou inelegível para os Jogos Olímpicos de Inverno de Milão-Cortina. O patinador russo Mark Kondratiuk, companheiro de equipe de Valieva nos Jogos Olímpicos de Inverno de 2022, também teve seu status neutro revogado, assim como os dançarinos no gelo Alexandra Stepanova e Ivan Bukin. A agência de notícias estatal russa TASS citou o ministro do Esporte, Mikhail Degtyarev, afirmando que todos os patinadores afetados pela decisão irão recorrer ao Tribunal Arbitral do Esporte (CAS, na sigla em inglês). “A Federação Russa de Patinação Artística e nossos patinadores, que foram injustamente privados do direito de competir nas competições internacionais da ISU, entrarão em breve com uma ação no CAS contra a ISU”, disse Degtyarev, que também é presidente do Comitê Olímpico Russo, à TASS. “Nossos atletas e federações receberão apoio jurídico, incluindo a disponibilização de advogados qualificados.” Os atletas russos estão impedidos de competir sob a bandeira de seu país desde a invasão da Ucrânia pela Rússia em 2022. Posteriormente, a ISU estabeleceu um mecanismo para que competidores selecionados da Rússia e de Belarus participassem como Atletas Neutros Individuais, sujeitos a um rigoroso processo de verificação. De acordo com os critérios de neutralidade da ISU, os atletas podem ter o status de neutralidade negado se for considerado que serviram nas forças armadas ou nos serviços de segurança da Rússia ou da Belarus, se tiverem participado de operações militares contra a Ucrânia desde fevereiro de 2022 ou se tiverem manifestado publicamente apoio à guerra. “Cada decisão está sujeita aos direitos de recurso aplicáveis nos termos da Constituição e dos Regulamentos da ISU”, afirmou o órgão regulador em comunicado. A ISU não especificou quais critérios foram descumpridos por Valieva. A Reuters entrou em contato com a federação russa de patinação artística, mas não houve comentário imediato da federação ou de Valieva. O órgão regulador acrescentou que 234 indivíduos afiliados às federações membros da Rússia e da Belarus apresentaram declarações de neutralidade para possível participação em eventos da ISU e competições internacionais durante a temporada de 2026-27. * É proibida a reprodução deste conteúdo.	Agência Brasil	esportes	False
https://agenciabrasil.ebc.com.br/esportes/noticia/2026-09/ex-palmeiras-marca-e-sao-paulo-perde-do-boca-juniors-na-sul-americana	2026-09-09	Ex-Palmeiras marca e São Paulo perde do Boca Juniors na Sul-Americana	Tricolor tem de ganhar por dois ou mais gols de diferença no Morumbis	O São Paulo saiu no prejuízo no jogo de ida do confronto diante do Boca Juniors, na Argentina, pelas quartas de final da Copa Sul-Americana. Na noite de terça-feira (8), o Tricolor foi superado por 1 a 0 na Bombonera, em Buenos Aires. O gol da vitória argentina saiu dos pés de Miguel Merentiel, que defendeu o Palmeiras, arquirrival são-paulino, entre 2022 e 2023. Adorado pela torcida do Boca, o atacante fez somente 11 jogos pelo Verdão, marcando dois gols. Os dois times se reencontram na próxima terça-feira (15), às 21h30 (horário de Brasília), no Morumbis, em São Paulo. A equipe brasileira precisa ganhar por dois ou mais gols de diferença se quiser passar de fase no tempo normal. Se ganhar por um gol de saldo, leva a decisão aos pênaltis. O técnico Dorival Júnior terá problemas para escalar o São Paulo no jogo de volta. Além de Jonathan Calleri ter recebido o terceiro amarelo e ficar suspenso, o também atacante Luciano deixou o gramado com dores logo no começo da etapa final e será reavaliado . No primeiro tempo, a única chance real de gol foi do Tricolor. Aos 16 minutos, o lateral Iago, após uma saída de bola errada do Boca, cruzou da esquerda e Luciano, quase da marca do pênalti, cabeceou livre. O goleiro Álvaro Montero fez grande defesa. O Boca retornou melhor do intervalo e abriu o marcador aos seis minutos. O lateral Lautaro Blanco cruzou de primeira e rasteiro pela esquerda, buscando Merentiel na pequena área. O atacante escapou do zagueiro Robert Arboleda e finalizou, para boa defesa do goleiro Rafael. O rebote, porém, sobrou nos pés do ex-jogador do Palmeiras, que, desta vez, não desperdiçou. A missão são-paulina quase ficou ainda mais complicada. Aos 29 minutos, o árbitro chileno Piero Maza deu cartão vermelho direto ao zagueiro Domingos Duarte, após um carrinho na disputa de bola com o volante Leandro Paredes. Ao rever o lance no vídeo, o juiz percebeu que o português atingiu a bola e anulou a expulsão. O São Paulo esboçou uma pressão nos instantes finais em busca do empate, sem êxito. O jeito será buscar a classificação em casa. Outro brasileiro a ir a campo nessa terça-feira pela Sul-Americana foi o Vasco. O Cruzmaltino visitou o Santa Fe em Bogotá (Colômbia) e não saiu do zero no El Campín . O travessão e o goleiro Léo Jardim, com duas grandes defesas no fim do jogo, evitaram que o time carioca ficasse em desvantagem. O jogo de volta do confronto será na terça que vem, em São Januário, no Rio de Janeiro, às 19h. Uma vitória simples, para qualquer um dos lados, vale a classificação. Em caso de novo empate, a vaga nas semifinais será definida nos pênaltis.	Agência Brasil	esportes	False
https://agenciabrasil.ebc.com.br/esportes/noticia/2026-09/luisa-stefani-vai-semifinais-do-us-open-e-sobe-no-ranking-mundial	2026-09-09	Luisa Stefani vai às semifinais do US Open e sobe no ranking mundial	Parceria da brasileira encara dupla norte-americana por vaga na final	"A paulista Luisa Stefani decide, nesta quarta-feira (9), um lugar na final de duplas do US Open. A parceria da brasileira, quarta do ranking da Associação de Tênis Feminino (WTA, sigla em inglês), com a canadense Gabriela Dabrowski (3ª), encara as norte-americanas Robin Montgomery (187ª em simples, 570ª em duplas) e Ashlyn Krueger (60ª em simples, 610ª em duplas) por volta das 18h (horário de Brasília). O duelo será o quinto e último do dia na quadra Louis Armstrong, uma das principais do complexo do Flushing Meadows–Corona Park. Desde 1978, o parque de Nova York (Estados Unidos) é a casa do torneio, um dos quatro maiores do tênis mundial, os chamados Grand Slams. A classificação às semifinais veio na noite dessa terça-feira (8). Luisa e Dabrowski precisaram de uma hora e 32 minutos para vencer as chinesas Jiang Xinyu (32ª) e Zhang Shuai (7ª) por 2 sets a 0, parciais de 6/3 e 6/4, na quadra 17 do complexo. ""Hoje [terça], foi uma questão de paciência em ficar no plano de jogo, voltar para o nosso trabalho de novo e de novo e de novo. Fizemos um bom trabalho em segurar o nosso saque mesmo quando ficou duro e pegamos o momento no final do segundo set para fechar em dois sets"", comentou Luisa, em comunicado à imprensa. Em 2026, a parceria atingiu pelo menos as semifinais em todos os Grand Slams. O melhor desempenho foi em Wimbledon, na capital inglesa Londres, quando chegaram à final . Além disso, elas conquistaram três títulos em etapas do circuito da WTA, em Dubai (Emirados Árabes Unidos), Estrasburgo (França) e Eastbourne (Inglaterra). É a terceira vez que Luisa chega tão longe no US Open. Em 2021, ao lado de Dabrowski, a brasileira sofreu uma lesão no joelho direito - que a deixou mais de um ano parada - justamente no duelo por um lugar na final. Em 2023, ela teve como parceira a norte-americana Jenifer Brady e caiu na semifinal para a dupla formada p ela alemã Laura Siegemund e a russa Vera Zvonareva. Com o resultado, a paulista garantiu, pelo menos, a subida para o terceiro lugar do ranking de duplas femininas da WTA na atualização da próxima segunda-feira (14), ultrapassando justamente Dabrowski . Se for campeã, a brasileira deixa o US Open como vice-líder da lista, atrás somente da tcheca Katerina Siniakova. Luisa busca o primeiro título de Grand Slam em disputas femininas. Nas duplas mistas, a brasileira venceu o Aberto da Austrália de 2023 ao lado do gaúcho Rafael Matos."	Agência Brasil	esportes	False
https://agenciabrasil.ebc.com.br/esportes/noticia/2026-09/futebol-de-cegos-brasil-vai-final-da-copa-america-contra-colombia	2026-09-10	Futebol de cegos: Brasil vai à final da Copa América contra Colômbia	Em São Paulo, seleção masculina derrota Costa Rica pelas semifinais	Maior vencedor da Copa América de futebol de cegos entre os homens, o Brasil vai em busca do sétimo título. Nesta quinta-feira (10), a seleção verde e amarela derrotou a Costa Rica por 2 a 0 no Centro de Treinamento Paralímpico, em São Paulo, pelas semifinais da competição. Os brasileiros não encontraram dificuldades e abriram vantagem sobre os costarriquenhos antes da metade da primeira etapa - cada tempo tem 20 minutos de duração. Aos seis, Maicon conduziu a bola após cobrança de falta, arrastou a marcação de três adversários e chutou rasteiro para abrir o placar. Aos 12, Nonato recebeu na área e bateu forte, no alto, sem chances para o goleiro Rony Madrigal. No segundo tempo, o técnico Cesinha aproveitou para rodar o elenco. Mesmo assim, a equipe da casa manteve o jogo sob controle e até criou algumas chances, parando em boas defesas do goleiro costarriquenho. Em 11 edições, o Brasil sempre foi à final, com seis conquistas e quatro vices. O último na edição de 2022, quando perderam nos pênaltis para a anfitriã Argentina. Os Murciélagos (morcegos, na tradução do espanhol, apelido da seleção argentina), aliás, ficaram fora da decisão continental pela primeira vez. Mais cedo nesta quinta, os hermanos, atuais campeões mundiais e vice paralímpicos foram superados pela Colômbia por 1 a 0 nas penalidades, após empate sem gols com bola rolando. A final diante dos colombianos será neste sábado (12), às 17h30 (horário de Brasília). O canal da Federação Internacional de Esportes para Cegos (Ibsa) no YouTube transmite a partida ao vivo . Esta será a segunda final do Brasil neste ciclo da Paralimpíada de Los Angeles (Estados Unidos), em 2028. Em julho, os brasileiros conquistaram a medalha de ouro nos Jogos Parasul-Americanos, em Valledupar (Colômbia), superando os argentinos na decisão. Apesar da queda nas semifinais, a Costa Rica se garantiu no Campeonato Mundial do ano que vem, assim como Argentina e Colômbia. O Brasil, como país-sede, já tinha vaga assegurada. Pentacampeã paralímpica, a seleção verde e amarela é também cinco vezes campeã do mundo, sendo a maior vencedora nos dois principais eventos da modalidade.	Agência Brasil	esportes	False
https://agenciabrasil.ebc.com.br/esportes/noticia/2026-09/federacao-francesa-retira-apoio-reeleicao-de-infantino-na-fifa	2026-09-10	Federação Francesa retira apoio à reeleição de Infantino na Fifa	Pleito ocorrerá no dia 18 de março do ano que vem, em Marrocos	A Federação Francesa de Futebol (FFF) retirou seu apoio à candidatura de Gianni Infantino à reeleição como presidente da Fifa no próximo ano, afirmou nesta quinta-feira (10) o presidente da FFF, Philippe Diallo, alegando que a confiança no chefe do órgão que rege o futebol mundial foi quebrada. A decisão foi tomada por unanimidade pelo comitê executivo da FFF, disse Diallo. “A confiança depositada no presidente da Fifa foi quebrada”, disse Diallo aos repórteres. “A maneira como imaginamos a gestão do futebol mundial não corresponde mais à forma como ela está sendo conduzida.” Infantino, que busca um novo mandato como presidente da Fifa, tem enfrentado críticas crescentes desde que sua proposta fracassada de vender uma participação de 20% nas competições da entidade, incluindo a Copa do Mundo, a investidores privados foi abandonada em julho, após oposição generalizada das confederações regionais de futebol. Diallo disse que a França havia inicialmente apoiado a candidatura de Infantino no final de junho, quando ele era o único candidato declarado, mas que os eventos subsequentes mudaram fundamentalmente as circunstâncias. “As condições para nosso apoio à sua candidatura não existem mais”, disse ele. Diallo acrescentou que a proposta de venda de participação, que surgiu sem o que ele descreveu como consulta adequada ou informações fornecidas às federações, levantou sérias questões sobre a governança e a tomada de decisões da Fifa. Várias federações europeias, incluindo as da Inglaterra e da Itália, retiraram seu apoio a Infantino desde o fracasso de sua proposta. A Uefa, a Confederação Asiática de Futebol e a Concacaf, que representa as Américas do Norte e Central e o Caribe, clamaram por mudanças na liderança da Fifa e buscam uma alternativa confiável antes da eleição de março. Diallo afirmou que a decisão da França faz parte de um movimento mais amplo dentro da Uefa e além dela, e que as discussões agora se concentrarão na reforma da governança e na busca por um candidato capaz de derrotar Infantino. “Não basta apenas criticar se você quer que as coisas avancem. É preciso também apresentar propostas”, disse Diallo. Ele acrescentou que a Uefa precisa definir uma plataforma para o próximo ciclo de liderança da Fifa e, quando chegasse a hora, escolher um candidato para a eleição. “Precisaremos estar prontos até lá para apresentar uma candidatura capaz de conquistar a presidência da Fifa”, disse Diallo. Infantino ainda conta com o apoio da Conmebol, da América do Sul, e da CAF, da África. A eleição presidencial da Fifa ocorrerá em Rabat, em 18 de março de 2027, com o prazo final para as candidaturas em 18 de novembro. * É proibida a reprodução deste conteúdo.	Agência Brasil	esportes	False
https://agenciabrasil.ebc.com.br/esportes/noticia/2026-09/radio-nacional-transmite-independiente-del-valle-x-flamengo	2026-09-10	Rádio Nacional transmite Independiente del Valle x Flamengo	Jogo da Copa Libertadores da América vai ao ar a partir das 21h15	Independiente del Valle e Flamengo entram em campo nesta quinta-feira (10) pelo jogo de ida das quartas de final da Copa Libertadores da América. O duelo será disputado no Estádio Olímpico Atahualpa, em Quito, no Equador, e a Rádio Nacional transmite todas as emoções ao vivo a partir das 21h15. Atual campeão do torneio, o Rubro-Negro terá pela frente o desafio dos 2.850 metros de altitude da capital equatoriana. O time chega às quartas após superar o Cruzeiro na fase anterior, garantindo a classificação com um empate em 1 a 1 fora de casa e uma vitória por 2 a 1 no Maracanã. Do outro lado, o Independiente del Valle aposta na força como mandante para abrir vantagem. A equipe equatoriana liderou o Grupo H com 13 pontos e eliminou o Deportes Tolima nas oitavas de final com placar agregado de 4 a 1. A transmissão da Rádio Nacional inicia com a faixa Show de Bola Nacional e contará com uma equipe completa para levar ao público todas as informações do confronto. O jogo terá narração de André Luiz Mendes com comentários de Mário Silva. Mauricio Costa comanda a reportagem e o plantão da rodada. A transmissão da partida entra no ar para parte da rede em AM e OC, além da FM no Rio de Janeiro, no Alto Solimões e parceiros da Rede Nacional de Comunicação Pública (RNCP). A Nacional FM nas demais praças segue com o conteúdo musical. O ouvinte pode ficar ligado nas produções preferidas pelo dial, no app Rádios EBC e no site da emissora. Os áudios ainda estão disponíveis em tempo real por streaming nas duas plataformas. A Copa Conmebol Libertadores é o principal torneio de clubes da América do Sul, organizado pela Confederação Sul-Americana de Futebol (Conmebol). Disputada anualmente desde 1960, a competição reúne as equipes mais qualificadas de cada país do continente, definidas por seus desempenhos nas ligas nacionais. Considerada o equivalente sul-americano da Liga dos Campeões da Europa, a Libertadores consagra o campeão continental, que passa a representar a região no Mundial de Clubes. Esporte que é paixão do povo brasileiro, o futebol é um dos destaques da programação da Rádio Nacional, emissora pública referência em transmissões de partidas no país há décadas. Os jogos das principais competições e as notícias mais importantes têm espaço nas jornadas esportivas diárias. Os torcedores podem ficar ligados pelo rádio, site ou streaming para acompanhar as emoções das disputas entre os maiores clubes brasileiros. Antes e depois dos confrontos, o ouvinte se informa sobre a preparação das equipes e a repercussão do placar nas ondas da Nacional. A análise sobre os resultados da rodada ainda ganha janela diária para um rico debate em produções consagradas no radiojornalismo esportivo. A equipe da Rádio Nacional reúne craques da crônica esportiva. São produtores, jornalistas e apresentadores que buscam o diferencial da notícia. Além de informar o público nas ondas do rádio, o time também faz bonito na telinha da TV Brasil . Os profissionais realizam o programa Stadium, de segunda a sexta, às 12h30, e de terça a sexta, às 18h30. Sempre ao vivo, as tradicionais produções da emissora pública trazem análises e apurações atualizadas. O esporte tem espaço destacado na programação do canal. O telejornal diário Repórter Brasil, às 12h45 e às 19h, também oferece uma ampla cobertura dos principais resultados do dia. Ajude a escolher a vencedora da categoria Craque da Torcida do Prêmio TV Brasil Petrobras Para Elas. A premiação criada pela TV Brasil e pela Petrobras vai reconhecer ainda atletas, treinadores e treinadoras, dirigentes, departamentos de futebol feminino e clubes que se destacarem ao longo da temporada de 2026. A votação da categoria com voto popular já está aberta, é gratuita e tem votos ilimitados. Acesse até 31 de outubro. Copa Libertadores 2026 – Ind. Del Valle x Flamengo, quinta-feira (10), a partir das 21h15, na Rádio Nacional RJ, AM, OC e AS + RNCP e Parceiros. Além disso, partida também será transmitida pelo canal da Rádio Nacional no YouTube. Site: https://radionacional.ebc.com.br Instagram: https://www.instagram.com/radionacionalbr Spotify: https://open.spotify.com/user/vpj3k8ogjwf1nkv4nap3tlruv YouTube: http://youtube.com/radionacionalbr Facebook: https://www.facebook.com/radionacionalbr X: https://x.com/radionacionalbr Streaming: https://aovivo.ebc.com.br/embed-audio.html?emissora=radio-nacional-do-rio-de-janeiro - Rádio Nacional FM: (61) 99989-1201 - Rádio Nacional AM: (61) 99674-1536 - Rádio Nacional da Amazônia: (61) 99674-1568 - Rádio Nacional do Rio de Janeiro: (21) 97119-9966 Brasília: FM 96,1 MHz e AM 980 Khz Rio de Janeiro: FM 87,1 MHz e AM 1130 kHz São Paulo: FM 87,1 MHz Recife: FM 87,1 MHz São Luís: FM 93,7 MHz Amazônia: 11.780KHz e 6.180KHz OC Alto Solimões: FM 96,1 MHz	Agência Brasil	esportes	False
https://agenciabrasil.ebc.com.br/esportes/noticia/2026-09/shelton-bate-alcaraz-em-maratona-noturna-e-vai-semi-do-us-open	2026-09-09	Shelton bate Alcaraz em maratona noturna e vai à semi do US Open	Norte-americano selou a vitória sobre espanhol após 4h28min	"Ben Shelton derrotou o atual campeão Carlos Alcaraz por 6/7(5), 6/1, 6/3, 1/6 e 7/6 (10/7) na madrugada desta quarta-feira (9), garantindo sua vaga nas semifinais do Aberto dos EUA na partida que mais tarde terminou na história do torneio. A vitória de Shelton garante um confronto nas semifinais com seu compatriota Frances Tiafoe, alimentando as esperanças locais de um primeiro campeão norte-americano de Grand Slam no torneio masculino desde 2003. Alcaraz, sete vezes campeão de Grand Slam, chegou ao estádio Arthur Ashe com um histórico de 13 vitórias e nenhuma derrota contra tenistas norte-americanos em Grand Slams, mas teve dificuldades para superar Shelton em uma partida que começou às 23h05 de terça-feira (8) e terminou às 3h33 da madrugada de quarta-feira (9). Five sets of amazing. What a show, Ben Shelton and Carlos Alcaraz 👏 pic.twitter.com/n6Dyp2oeiT “Para mim, o que importa sempre é o público”, disse Shelton ao explicar como conseguiu superar a exaustiva disputa. “Sejam meus treinadores e minha equipe presentes, toda a minha família e amigos aqui, ou a cidade de Nova York, que compareceu hoje à noite até as 3h da manhã, com gritos de ‘USA’ até o fim."" “Foi isso que me manteve firme e foi isso que me garantiu essa vitória hoje à noite... É incrível. Eu sempre digo que esta é a melhor cidade esportiva do mundo. Eu digo que este é o melhor estádio do mundo”, completou. Alcaraz venceu um tie-break acirrado no primeiro set e parecia ter todo o ímpeto, mas um descuido atípico permitiu que Shelton vencesse o set seguinte com facilidade, antes que o norte-americano firmasse sua posição na partida de quartas de final ao vencer o terceiro. O espanhol, que voltava a jogar em Nova York após quase cinco meses afastado devido a um problema no punho, parecia sem energia e cometeu erros não forçados demais em seu forehand , mas ainda assim conseguiu forçar um set decisivo em meio aos gritos da torcida em êxtase. Alcaraz vomitou em uma toalha durante o intervalo, mas disputou ponto a ponto com Shelton por 12 games antes que seu adversário selasse a vitória surpreendente após quatro horas e 28 minutos. “Espero que meu melhor amigo e minha irmã, que estão lá em cima, não precisem estar no trabalho daqui a três horas”, acrescentou Shelton. “Seria ótimo se os empregadores deles lhes dessem o dia de folga hoje."" “Estar aqui diante de vocês esta noite é uma honra imensa. Dividir a quadra com o Carlos é uma honra imensa, e eu valorizo cada momento que passo aqui”, acrescentou. * É proibida a reprodução deste conteúdo."	Agência Brasil	esportes	False
https://agenciabrasil.ebc.com.br/esportes/noticia/2026-09/brasil-supera-venezuela-em-estreia-no-sul-americano-de-volei-feminino	2026-09-08	Brasil supera Venezuela em estreia no Sul-Americano de vôlei feminino	Competição no Maracanãzinho garante vaga olímpica à seleção campeã	A seleção feminina de vôlei estreou com uma vitória tranquila no Campeonato Sul-Americano, disputado no Maracanãzinho, no Rio de Janeiro. Nesta terça-feira (8), as brasileiras superaram a Venezuela por 3 sets a 0, com parciais de 25/14, 25/13 e 25/19. A competição reúne seis países, que jogam entre si ao longo de cinco rodadas. Além de Brasil e Venezuela, estão na disputa as seleções de Peru, Argentina, Colômbia e Chile. A equipe que somar mais pontos, além do título, garante vaga à Olimpíada de Los Angeles (Estados Unidos), em 2028. Cada triunfo vale três pontos, exceto aqueles definidos no quinto set (tie-break). Neste caso, o país vencedor faz dois pontos e o que perder soma um ponto. A oposta Ana Cristina, com 12 pontos, foi o destaque do Brasil no confronto. Dez atletas diferentes pontuaram pelo time comandado por José Roberto Guimarães. Do lado venezuelano, a central Alejandra Arguelo foi a principal jogadora, com oito pontos. A partida desta terça marcou, ainda, a volta da capitã Gabi. A ponteira ficou fora da Liga das Nações - competição anual que reúne as 18 melhores seleções do mundo - para se recuperar de uma lesão na região lombar. Ela anotou seis pontos no jogo, sendo cinco de ataque e um de bloqueio. O Brasil volta a quadra nesta quarta-feira (9), às 20h (horário de Brasília), para enfrentar o Peru. Na quinta-feira (10), no mesmo horário, o duelo será contra a Colômbia. No sábado (12), as brasileiras medem forças com o Chile às 13h30. A campanha no Maracanãzinho chega ao fim no domingo (13), às 12h, diante da Argentina. A seleção brasileira é a maior campeã do Sul-Americano, com 23 títulos, sendo os últimos 15 consecutivos. O segundo país com mais conquistas é o Peru, com 12.	Agência Brasil	esportes	False
https://agenciabrasil.ebc.com.br/esportes/noticia/2026-09/selecao-feminina-derrota-canada-e-avanca-oitavas-do-mundial-sub-20	2026-09-08	Seleção feminina derrota Canadá e avança às oitavas do Mundial Sub-20	Brasileiras garantem vaga antecipada com segunda vitória seguida	A seleção brasileira feminina Sub-20 aplicou 3 a 0 no Canadá nesta terça-feira (8) e avançou, antecipadamente, às oitavas de final do Mundial, em Bielsko-Biala (Polônia). Os gols da segunda vitória seguida da Amarelinha foram marcados pelas jogadoras Nogueira, Vitorinha e Brendha. Na estreia, no último sábado (5), o Brasil derrotou a Tanzânia por 4 a 1. Líder do Grupo B, com seis pontos, o Brasil encerra a fase de grupos na próxima sexta (11), às 10h (horário de Brasília). A adversária será a Inglaterra, segunda colocada na chave, com quatro pontos. Se vencer ou empatar, o Brasil fica em primeiro lugar na chave e enfrentará nas oitavas o segundo colocado dos Grupos A, C ou D.  A Amarelinha, comandada pela técnica Camila Orlando, busca o título inédito no Mundial. Um post compartilhado por CBF • Seleção Brasileira de Futebol (@brasil) As brasileiras dominaram a partida desde o início. Logo aos cinco minutos, Clarinha invadiu a área com perigo e foi derrubada. A árbitra marcou pênalti. Nogueira cobrou de canhota e abriu o placar para as brasileiras.  O Brasil teve chance de ampliar aos 22 minutos, com um belo chute cruzado de Gio Canali que passou rente à trave do lado direito do gol canadense. Dois minutos depois, por muito pouco Gisele não marca o segundo gol do Brasil, ao ficar sozinha cara a cara com a goleira na entrada da grande área. No entanto, a canadense Stephanie Schoeley derrubou a brasileira antes do chute. A árbitra marcou a falta e expulsou de campo a zagueira canadense. Após a expulsão, as canadense controlaram mais o meio-campo, mas não chegara a ameaçar o gol da goleira Ana Thaís. Depois do intervalo, as brasileiras colocaram pressão e aos três minutos Vitorinha acertou um chute de fora e aumentou para 2 a 0 a vantagem brasileira. Três minutos depois, Clarinha rolou para Vitorinha na ponta direita que cruzou na medida para Brendha marcar o terceiro gol do Brasil. A partir daí, as canadenses se fecharam, a Amarelinha administrou o placar favorável até o fim.	Agência Brasil	esportes	False
https://agenciabrasil.ebc.com.br/esportes/noticia/2026-09/brasileiras-sao-vice-campeas-da-copa-america-de-futebol-de-cegas	2026-09-08	Brasileiras são vice-campeãs da Copa América de futebol de cegas	Na disputa masculina, seleção garantiu presença nas semifinais	A seleção brasileira feminina de futebol de cegas sofreu revés na final diante da Argentina nesta terça-feira (8) e ficou com o vice-campeonato da Copa América, disputada no Centro de Treinamento (CT) Paralímpico Brasileiro, em São Paulo. Atuais biicampeãs mundiais, as Hermanas venceram a Amarelinha por 1 a 0 e levaram o título. “Foi um jogo muito disputado, deixamos tudo de nós, todo o gás, a garra, mas o título não veio. A medalha de prata nos enche de orgulho pela garra que deixamos em campo. E vamos continuar assim para o Mundial”, disse a jogadora Sarah, após a partida, referindo-se à Copa do Mundo programada para outubro de 2027, também em São Paulo. Um post compartilhado por Comitê Paralímpico Brasileiro (@brasilparalimpico) Esta foi a primeira edição da Copa América com quatro equipes – além do Brasil, estavam Canadá, Argentina e México – competindo em turno único na fase inicial. Para chegar à final, a Amarelinha somou duas vitórias – sobre o Canadá (7 a 0)  e sobre o México (2 a 0) – e uma derrota, para a Argentina (1 a 0). As equipes mais bem colocadas (Brasil e Argentina) lutaram pelo título. Já as mexicanas ficaram com o bronze, após ganharem por 1 a 0 das canadenses. Já classificada às semifinais, a seleção brasileira masculina de futebol de cegos empatou em 0 a 0 com a Colômbia, no último jogo da fase de grupos, disputado na tarde desta terça (8). Seis equipes iniciaram o torneio, divididas em duas chaves. O Brasil competiu no Grupo 2 ao lado de Colômbia, Peru e Chile. Já na outra chave ficaram México, Costa Rica, Argentina e Guatemala. O Brasil avançou às semifinais ao somar duas vitórias: 3 a 0 contra o Chile e 6 a 0 contra o Peru. A equipe brasileira, campeã há dois meses dos Jogos Parasul-Americanos , buca o sétimo título na Copa América. As semifinais serão realizadas na próxima quinta (10), a partir das 15h (horário de Brasília). Os jogos têm transmissão ao vivo no canal da Federação Interacional de Esportes de Cegos – a International Blind Sports Federation (IBSA) – no YouTube.	Agência Brasil	esportes	False
https://agenciabrasil.ebc.com.br/esportes/noticia/2026-09/fluminense-bate-platense-e-abre-vantagem-nas-quartas-da-libertadores	2026-09-08	Fluminense bate Platense e abre vantagem nas quartas da Libertadores	Tricolor pode até perder por um gol de diferença na volta que avança	O Fluminense abriu vantagem contra o Platense pelas quartas de final da Libertadores. Nesta terça-feira (8), o Tricolor carioca venceu os argentinos por 2 a 0 no Maracanã, no primeiro jogo do confronto por um lugar nas semifinais. Este foi o duelo de número 100 da história do time carioca na maior competição interclubes do continente. O retrospecto atualizado é 52 vitórias, 24 empates e 24 derrotas, com 147 gols marcados e 99 sofridos. O volante Martinelli, com 37 jogos, e o goleiro Fábio, com 36, são os atletas que mais defenderam a equipe no torneio. Com o triunfo no Rio de Janeiro, o Fluminense se classifica às semifinais mesmo se perder por um gol de diferença na partida de volta, na terça-feira que vem (15), às 19h (horário de Brasília), no Coliseo de Victoria, em Vicente López, região metropolitana de Buenos Aires. O Platense tem de ganhar por três ou mais gols de saldo para avançar. Se o placar agregado terminar empatado, a decisão da vaga será nos pênaltis. Em um jogo bastante truncado, o Tricolor se sobressaiu pela eficiência no primeiro tempo. Aos 20 minutos, o meia Paulo Henrique Ganso desarmou Gastón Togni na defesa e deixou a bola com o também atacante Hulk. O camisa 7 lançou o volante Nonato, que teve liberdade para invadir a área e finalizar rasteiro na saída do goleiro Juan Cozzani. Nove minutos depois, Ganso foi acionado na intermediária e encontrou Hulk na área com um belo passe no meio de três defensores. O atacante teve tempo de escolher o canto direito de Cozzani e mandar para as redes. O Fluminense caiu de produção na etapa final, mas o Platense pouco fez para aproveitar. O Tricolor ainda teve uma grande chance para ampliar aos 45 minutos, com Germán Cano, que recebeu do volante Hércules nas costas da marcação argentina. O atacante, sozinho, tentou a finalização, mas sentiu o posterior da coxa e o chute saiu fraco, para lamento do torcedor, que espera que o gol perdido não faça falta.	Agência Brasil	esportes	False
https://agenciabrasil.ebc.com.br/esportes/noticia/2026-09/vasco-e-atletico-pi-decidem-vaga-para-final-do-brasileirao-feminino-a2	2026-09-07	Vasco e Atlético-PI decidem vaga para final do Brasileirão Feminino A2	TV Brasil transmite partida às 21h15 desta segunda-feira (7)	A TV Brasil transmite, nesta segunda-feira (7), a partir das 21h15, a partida de volta da semifinal do Brasileirão Feminino Série A2 entre Vasco e Atlético-PI , direto do Estádio Luso Brasileiro, no Rio de Janeiro. A equipe campeã garante vaga na final da competição. As Meninas da Colina chegam com ampla vantagem após vencerem o jogo de ida por 4 a 1, na última sexta-feira (28), no Estádio Lindolfo Monteiro, em Teresina. Já o Atlético Piauiense tem pela frente uma missão desafiadora fora de casa: para se classificar diretamente no tempo normal, precisará vencer por quatro ou mais gols de diferença. Caso a equipe piauiense vença por três gols de vantagem, a vaga na final será disputada nos pênaltis. Com as vagas na elite do Brasileirão Feminino Série A1 de 2027 já asseguradas ao chegarem à semifinal, agora as equipes miram o título nacional da Série A2. Do outro lado da chave, Minas Brasília e Itabirito duelam pela segunda vaga na grande final. A transmissão integra a estratégia da TV Brasil de ampliar a visibilidade das competições femininas. Além da Série A2, a emissora exibe jogos das Séries A1 e A3 do Brasileirão Feminino, a grande final da competição sub-17 e as partidas da Liga de Basquete Feminino (LBF). A equipe de profissionais que comanda as transmissões do Brasileirão Feminino conta com o narrador Thiago Julianelli e um time de mulheres formado pelas comentaristas Brenda Balbi e Rachel Motta e as repórteres Marília Arrigoni e Verônica Dalcanal. As competições ganham ainda mais visibilidade por meio da parceria com os canais que formam a Rede Nacional de Comunicação Pública (RNCP), que podem retransmitir a programação da TV Brasil em seus estados. Aproveite o clima de decisão e ajude a escolher a vencedora da categoria Craque da Torcida do Prêmio TV Brasil Petrobras Para Elas. A premiação criada pela TV Brasil e pela Petrobras vai reconhecer ainda atletas, treinadores e treinadoras, dirigentes, departamentos de futebol feminino e clubes que se destacarem ao longo da temporada de 2026. A votação da categoria com voto popular já está aberta, é gratuita e tem votos ilimitados! Acesse ebc.com.br/premiotvbrasilpetrobrasparaelas até 31 de outubro. Acompanhe a programação da TV Brasil pelo canal aberto, TV por assinatura e parabólica. Sintonize: https://tvbrasil.ebc.com.br/comosintonizar. Seus programas favoritos estão no TV Brasil Play., ou por aplicativo no smartphone. O app pode ser baixado gratuitamente e está disponível para Android e iOS. Assista também pela WebTV .	Agência Brasil	esportes	False
https://agenciabrasil.ebc.com.br/esportes/noticia/2026-09/brasileiro-feminino-corinthians-vai-semifinais-e-enfrenta-o-bahia	2026-09-07	Brasileiro Feminino: Corinthians vai às semifinais e enfrenta o Bahia	Brabas superam Cruzeiro e mantém vivo sonho do oitavo título nacional	O Corinthians, pela décima vez seguida, está nas semifinais da Série A1 (primeira divisão) do Campeonato Brasileiro Feminino de futebol. Nesta segunda-feira (7), as Brabas venceram novamente o Cruzeiro, agora por 3 a 1 , no Canindé, em São Paulo, no jogo de volta do confronto pelas quartas de final. Dono de sete títulos, sendo os últimos seis consecutivos, o Timão terá como adversário o Bahia, que surpreendeu o Palmeiras na última sexta-feira (4), ao levar a melhor nos pênaltis, por 5 a 4, após o empate por 1 a 1 durante o tempo normal na Arena Barueri - a TV Brasil transmitiu o duelo ao vivo. Os dias e horários das partidas de ida e volta ainda serão marcadas pela Confederação Brasileira de Futebol (CBF). Há uma semana, na Arena Independência, em Belo Horizonte, o Corinthians tinha ganhado o primeiro jogo do confronto por 1 a 0. Com isso, as alvinegras foram a campo com a vantagem de poderem empatar e, mesmo assim, levarem a vaga. Já as Cabulosas teriam de ganhar por dois gols ou mais para avançarem no tempo normal. Caso o triunfo fosse por um gol de diferença, a decisão seria nos pênaltis. Ao contrário do jogo de ida, pouco movimentado, a partida desta segunda iniciou a mil por hora. Aos cinco minutos, o Cruzeiro saiu na frente. Após cobrança de falta de Byanca Brasil pela direita, a zagueira Erika afastou mal e a também atacante Marília, de cabeça, mandou para as redes. Foi o 11º gol da artilheira do Brasileirão. O Corinthians pressionou atrás do empate. Aos 12, a meia Gabi Zanotti levantou na área pela direita, a atacante Jhonson cabeceou e a goleira Cláudia, destaque das Cabulosas no duelo anterior, salvou com a ponta dos dedos. Na sequência, a lateral Tamires bateu escanteio e Jhonson, mais uma vez, ganhou pelo alto e escorou, desta vez acertando o pé da trave esquerda. A insistência alvinegra deu resultado aos 19 minutos. Autora do gol da vitória no Independência, Vic Albuquerque interceptou o passe da zagueira Vitória Calhau na intermediária e acionou a também atacante Belén Aquino. A uruguaia, dentro da área, rolou para Jhonson concluir, agora sem chances para Cláudia. A virada veio oito minutos depois. Em contra-ataque pela direita, Gabi Zanotti tocou na área, buscando Jhonson. A atacante deixou a bola passar entre as pernas, pegando a defesa de surpresa, e Tamires, de primeira, apareceu pela esquerda para finalizar no ângulo, colocando as Brabas na frente. Em desvantagem ainda maior na soma dos resultados, o Cruzeiro foi com tudo para o ataque na etapa final. Aos nove minutos, Marília foi acionada na área pela direita e arriscou de primeira. A bola encobriu a goleira Nicole e acertou a trave direita. O Corinthians, porém, foi letal quando teve a chance. Aos 15, Aquino bateu escanteio pela esquerda, Erika e Vic Albuquerque desviaram na área e a zagueira Thaís Ferreira, livre, concluiu para as redes. A defensora foi justamente autora do gol que deu o título brasileiro do ano passado às Brabas, na decisão exatamente contra as mineiras. Além da missão cada vez mais difícil de buscar a virada, o Cruzeiro não aproveitava as oportunidades que tinha. Aos 32 minutos, Byanca Brasil foi lançada na área pela esquerda e tocou por cima de Nicole, na saída da goleira. A bola sobrou com Marília para concluir no gol vazio, mas a atacante pegou mal e mandou por cima do travessão. Tranquilo com a vantagem no placar agregado, o Corinthians administrou os minutos finais e comemorou a classificação às semifinais, mantendo o sonho do oitavo título nacional vivo.	Agência Brasil	esportes	False
https://agenciabrasil.ebc.com.br/esportes/noticia/2026-09/vitoria-se-afasta-do-z-4-e-mantem-gremio-ameacado-no-brasileirao	2026-09-08	Vitória se afasta do Z-4 e mantém Grêmio ameaçado no Brasileirão	Leão triunfa em casa e abre sete pontos para a zona de rebaixamento	Em confronto direto para se distanciar da zona de rebaixamento do Campeonato Brasileiro, o Vitória levou a melhor sobre o Grêmio. Na noite dessa segunda-feira (7), o Leão rubro-negro superou o Tricolor gaúcho por 1 a 0 no Barradão, em Salvador, na partida que encerrou a 26ª rodada da competição. Após duas derrotas seguidas, o time baiano voltou a vencer e subiu para o 11º lugar, com os mesmos 32 pontos de Corinthians e Santos, ficando à frente por ter um triunfo a mais (nove a oito) que os paulistas. O Imortal, estacionado nos 28 pontos e ainda sem ganhar longe de casa, segue em 15º, a três pontos do Vasco, 17º colocado e que abre o Z-4, como é chamada a zona das quatro piores campanhas, que, ao final do Brasileirão, descem à Série B. O goleiro Weverton, do Grêmio, deu um susto antes do começo da partida. Ele desabou no gramado a segundos de a arbitragem dar início ao jogo. O camisa 1 ficou com a visão embaçada e o arqueiro reserva, Gabriel Grando, chegou a aquecer, mas o titular se recuperou e avisou que estava em condições de atuar. Com a bola rolando, o Vitória tomou a iniciativa. Aos cinco minutos, um chute do meia Matheusinho, da entrada da área, desviou na marcação e passou rente ao travessão. O Grêmio respondeu no lance seguinte e balançou as redes com Carlos Vinícius, mas o gol foi anulado por impedimento do atacante. O Leão obrigou Weverton a trabalhar aos 18, em contra-ataque pela esquerda com finalização cruzada do atacante Renê, salva pelo goleiro. A reação veio na sequência, com Carlos Vinícius acionado na área pelo volante Matías Villasanti e chutando forte, para boa defesa de Lucas Arcanjo. A partir da segunda metade do primeiro tempo, o time da casa passou a ter mais presença no campo de ataque, mas parando em bloqueios da zaga gremista . Como aos 29, no rebote de uma cobrança de falta pela esquerda, em que Matheusinho chutou quase da marca do pênalti e, não fosse o desvio no meio do caminho, teria aberto o marcador. A segunda etapa começou truncada, com divididas ríspidas de ambos os lados. Foram quatro cartões amarelos em 14 minutos, dois para cada lado. Aos 18, enfim, as redes balançaram. O lateral Mateus Silva bateu escanteio pela esquerda e Renê, no meio da pequena área, cabeceou forte para o gol, colocando o Vitória na frente. Em desvantagem, o Grêmio demonstrou nervosismo e não conseguiu reagir. Aos 37, Gustavo Martins saiu jogando errado e entregou nos pés de Fabri, que chutou por cima. Nos acréscimos, foi a vez de Wallace, parceiro de zaga, bobear com o também atacante Renato Kayzer, que não aproveitou. As chances perdidas acabaram não fazendo falta ao time da casa, que comemorou os três pontos.	Agência Brasil	esportes	False
https://agenciabrasil.ebc.com.br/esportes/noticia/2026-09/botafogo-segura-palmeiras-e-ajuda-flamengo-novo-lider-do-brasileirao	2026-09-06	Botafogo segura Palmeiras e ajuda Flamengo, novo líder do Brasileirão	Empate do Glorioso com o Verdão sustenta Rubro-Negro na 1ª colocação	O Botafogo é um dos três maiores rivais do Flamengo, mas fez o torcedor rubro-negro feliz neste domingo (6). O empate sem gols do Glorioso com o Palmeiras no Nilton Santos, no Rio de Janeiro, ajudou a equipe da Gávea a confirmar a liderança do Campeonato Brasileiro ao final desta 26ª rodada. Mais cedo, o Flamengo derrotou o Remo por 1 a 0 no Mangueirão , em Belém, com transmissão ao vivo da Rádio Nacional. O resultado levou o Rubro-Negro a 54 pontos, obrigando o Verdão a vencer o Alvinegro de General Severiano para não perder o primeiro lugar que ocupava desde a sétima rodada, em março. Com o empate, o Alviverde chegou somente a 53 pontos. No meio da tabela, o Botafogo foi a 31 pontos, na 13ª posição. A equipe pode ser ultrapassada na segunda-feira (7), se houver ganhador no confronto entre Vitória e Grêmio, que jogam às 20h (horário de Brasília), no Barradão, em Salvador. A equipe alvinegra não vence pelo Brasileirão desde 26 de julho. Durante o jogo, a torcida do Glorioso protestou contra o zagueiro Alexander Barbosa e o volante Marlon Freitas, ambos no Palmeiras. Este último, capitão e nome fundamental nas conquistas da Libertadores e do Brasileirão em 2024, foi o mais vaiado, a ponto de ter o rosto retirado de um bandeirão com imagens de ídolos alvinegros. Apesar de o Palmeiras ter apresentado maior volume ofensivo, foi o Botafogo quem teve a melhor chance do primeiro tempo. Aos 27 minutos, o volante Danilo puxou o contra-ataque pela esquerda e acionou o meia Álvaro Montoro, que lançou Lucas Villalba. O atacante ficou sozinho na frente do goleiro Carlos Miguel, mas o chute foi a esquerda. O Verdão, que encontrou dificuldades no princípio do jogo, soltou-se no desenrolar da etapa inicial e dominou as ações, principalmente, nos dez minutos finais. A grande oportunidade apareceu aos 40, em finalização de Maurício, na área, ao receber do também meia Felipe Anderson. O chute, rasteiro, foi rente à trave esquerda. O Palmeiras retornou para o segundo tempo apostando na bola aérea para tentar furar a marcação do Botafogo. Aos 11 minutos, quase deu certo. O lateral Joaquín Piquerez cruzou pela esquerda e Maurício, de cabeça, obrigou o goleiro Gabriel Batista a uma ótima defesa. Aquela, porém, foi a melhor chegada alviverde nesse tipo de estratégia. O time paulista não conseguiu pressionar e, nos acréscimos, ainda perdeu Barboza, expulso. No fim, o empate não foi bom para nenhum dos times em campo, mas favoreceu o Flamengo que conquistou a liderança do campeonato.	Agência Brasil	esportes	False
https://agenciabrasil.ebc.com.br/esportes/noticia/2026-09/gabriel-magalhaes-marquinhos-e-vini-jr-sao-indicados-ao-bola-de-ouro	2026-09-08	Gabriel Magalhães, Marquinhos e Vini Jr. são indicados ao Bola de Ouro	Lista do prêmio de melhor do mundo tem ainda outros 27 jogadores	O Brasil conta com os jogadores brasileiros Vinicius Júnior (Real Madrid), Marquinhos (Paris Saint-Germain) e Gabriel Magalhães (Arsenal) na lista de 30 indicados ao prêmio Bola de Ouro de 2026 de melhor jogador do mundo. A relação de concorrentes foi anunciada nesta terça-feira (8) pelos organizadores – a revista France Football em parceria com a Uefa.  A cerimônia de entrega está programada para 26 de outubro. Maior vencedor da história do Bola de Ouro com oito troféus,  o argentino Lionel Messi (Inter Miami) também está na lista. Já o atacante português Cristiano Ronaldo (Al Nassr), seis vezes vencedor, ficou fora da relação. O último vencedor do Bola de Ouro foi o O atual dono do troféu é centroavante Ousmane Dembélé (PSG). Nominated for the 2026 Ballon d’Or ⬇️ @marquinhos_m5 @PSG_inside @CBF_Futebol #ballondor pic.twitter.com/sptUPLcI1V O prêmio de melhor jogador do mundo considera os destaques da temporada 2025/26 durante as principais competições do período, incluindo a Copa do Mundo. Diferentemente dos anos anteriores quando ocorreu em Paris, a 70ª edição do Bola de Ouro será realizada excepcionalmente em Londres. A capital inglesa foi escolhida em homenagem ao ex-atacante Stanley Matthews, o primeiro da história a ser contemplado com o prêmio de melhor do mundo em 1956, quando defendia o Blackpool. leva em consideração os destaques da temporada 2025/26 e também teve a Copa do Mundo como um dos principais eventos do período de avaliação. Nominated for the 2026 Ballon d’Or ⬇️ @biel_m04 @Arsenal @CBF_Futebol #ballondor pic.twitter.com/2sOsHqghQA Jude Bellingham (Real Madrid/Inglaterra) Pau Cubarsí (Barcelona/Espanha) Marc Cucurella (Real Madrid/Espanha) Ousmane Dembélé (Paris Saint-Germain/França) Luis Díaz (Bayern de Munique/Colômbia) Bruno Fernandes (Manchester United/Portugal) Gabriel Magalhães (Arsenal/Brasil) Erling Haaland (Manchester City/Noruega) Achraf Hakimi (Paris Saint-Germain/Marrocos) Harry Kane (Bayern de Munique/Inglaterra) Khvicha Kvaratskhelia (PSG/Geórgia) Lamine Yamal (Barcelona/Espanha) Sadio Mané (Al-Nassr/Senegal) Marquinhos (PSG/Brasil) Lautaro Martínez (Inter de Milão/Argentina) Kylian Mbappé (Real Madrid/França) Nuno Mendes (PSG/Portugal) Lionel Messi (Inter Miami/Argentina) João Neves (Paris Saint-Germain/Portugal) Michael Olise (Bayern de Munique/França) Willian Pacho (PSG/Equador) Julián Quiñones (Al-Qadsiah/México) Declan Rice (Arsenal/Inglaterra) Rodri (Barcelona/Espanha) Fabián Ruiz (PSG/Espanha) William Saliba (Arsenal/França) Ferran Torres (Barcelona e PSG/Espanha) Dayot Upamecano (Bayern de Munique/França) Vinicius Junior (Real Madrid/Brasil) Vitinha (PSG/Portugal)	Agência Brasil	esportes	False
https://agenciabrasil.ebc.com.br/esportes/noticia/2026-09/desfile-de-7-de-setembro-homenageia-pioneiras-do-futebol-feminino	2026-09-07	Desfile de 7 de Setembro homenageia pioneiras do futebol feminino	Jogadoras desfilarão em carro aberto pela Esplanada dos Ministérios	As atletas pioneiras do futebol feminino brasileiro serão homenageadas durante o Desfile de 7 de Setembro , nesta segunda-feira, em Brasília. Um grupo de jogadoras que atuaram na seleção brasileira entre as décadas de 1980 e 1990 desfilará pela Esplanada dos Ministérios, em carro aberto. A homenagem celebra a trajetória da modalidade no Brasil , país que sediará a Copa do Mundo de Futebol Feminino em junho e julho de 2027. Onze ex-jogadoras foram convidadas a participar da festividade. Tricampeã mundial e técnica da Seleção Brasileira Feminina de Fut7 desde 2019, a baiana Dilma Mendes representará a geração de mulheres que enfrentou o preconceito e a falta de apoio anterior à regulamentação da prática – que só deixou de ser legalmente proibida para mulheres em 1979. Dilma foi eleita três vezes a melhor treinadora do mundo de futebol 7 (também conhecido como society). Veja como foi o desfile na reportagem do Repórter Brasil Tarde, da TV Brasil A primeira geração pós-profissionalização será representada por cinco ex-atletas. Quatro delas participaram da Copa do Mundo Experimental de Futebol Feminino, em 1988, na China, menos Iracema Ferreira, a Rata. O Brasil terminou em terceiro lugar. São elas: O segundo grupo é formado por atletas cuja presença em campo avança pela década de 1990: “Como capitã da primeira Seleção Brasileira feminina, de 1988, sinto-me honrada de estar aqui, com outras pioneiras”, disse Marisa, que além de ganhar a medalha de bronze junto com a equipe de 1988, participou da Copa do Mundo Feminina de 1991. Para ela, a homenagem ficará marcada na história. “É sempre muito bom nos reunirmos. Ainda mais em um momento tão significativo como este. Representaremos não só nossas gerações e o legado que deixamos, mas o futebol feminino como um todo.” Um post compartilhado por Agência Brasil (@agencia.brasil) Segundo o Ministério do Esporte , o eixo temático do Desfile de 7 de Setembro dedicado ao futebol feminino e à Copa do Mundo de 2027 proporcionará um encontro de gerações. Ao lado das 11 pioneiras, estarão 40 meninas de um projeto social do Distrito Federal que estão começando na modalidade. “Às vésperas da Copa do Mundo Feminina da Fifa Brasil, essas gerações se encontram para mostrar que cada novo passo da modalidade foi construído sobre o caminho aberto por quem veio antes”, informou a pasta, em nota, ao acrescentar que, enquanto as pioneiras das seleções de 1988, 1991 e 1995 representam aquelas que abriram caminho, as mais jovens simbolizam o futuro do esporte. A Copa do Mundo feminina ocorre de 24 de junho a 25 de julho de 2027. Serão 64 jogos, disputados em oito capitais. A cidade que receberá mais partidas será São Paulo, com dez jogos. Em seguida vem Rio de Janeiro e Fortaleza (nove), Belo Horizonte (oito), Brasília, Salvador, Porto Alegre e Recife (sete). O anúncio da escolha do Brasil como sede ocorreu em maio de 2024, em um congresso da Fifa em Bangkok, na Tailândia. O Brasil obteve 119 votos e venceu a disputa com a aliança formada por Alemanha, Holanda e Bélgica, que conseguiu 78 votos. O desfile na Esplanada dos Ministérios também contará com a presença de atletas de outras modalidades esportivas. No mesmo percurso, estarão nomes de destaque do alto rendimento brasileiro, incluindo competidores olímpicos e paralímpicos, que se juntam às pioneiras e às novas gerações para celebrar o esporte nacional. A solenidade está prevista para começar às 9 horas, com abertura das arquibancadas a partir das 6h30 e encerramento às 11 horas. A abertura terá a participação de estudantes de escolas públicas, que representarão as 27 unidades da federação. Além do eixo dedicado ao futebol feminino, o evento será estruturado em outros dois eixos temáticos: soberania nacional e enfrentamento à violência contra as mulheres. *Matéria alterada às 10h45 de 8/9 para esclarecer informação sobre a ex-jogadora Rata. Ela não participou da Copa do Mundo Experimental de Futebol Feminino, em 1988, na China.	Agência Brasil	esportes	False
https://agenciabrasil.ebc.com.br/esportes/noticia/2026-09/brasil-encerra-mundial-de-paraciclismo-de-estrada-com-cinco-medalhas	2026-09-07	Brasil encerra Mundial de paraciclismo de estrada com cinco medalhas	Destaque para bronzes de Victoria Barbosa e a prata de Jady Malavazzi	"O Brasil finalizou o Campeonato Mundial de paraciclismo de estrada, em Huntsville (Estados Unidos), com cinco medalhas . Nesta segunda-feira (7), último dia do evento, a paranaense Victoria Barbosa conquistou o bronze na prova de resistência da classe C1 (atletas com deficiências motoras severas, mas que utilizam bicicletas convencionais). A vitória foi da chinesa Wangwei Qian, seguida pela australiana Tahlia Clayton-Goodie. Foi o segundo bronze de Victoria no Mundial. No último sábado (5), ela ficou em terceiro na prova do contrarrelógio da classe C1, também dividindo o pódio com Clayton-Goodie (ouro) e Qian (prata). ""Essa medalha [de segunda] tem um significado enorme, porque representa todo o trabalho, a dedicação e a entrega de cada dia. Queria mais, é claro, mas nem sempre as coisas acontecem da forma que imaginamos. Sei que Deus está no controle de tudo"", escreveu a ciclista, em publicação na rede social Instagram. Outro pódio de sábado veio com Lauro Chaman, no contrarrelógio da classe C5 (comprometimentos físico-motores mais leves). O paulista ficou com o bronze, superado pelo norte-americano Elouan Gardon, que chegou em primeiro, e o holandês Daniel Gebru, segundo colocado. Já no domingo (6), a paranaense Jady Malavazzi se sagrou vice-campeã mundial na prova de resistência da classe WH3 (em que os atletas, que são cadeirantes, utilizam handbikes, bicicletas movidas com os braços). O ouro foi da francesa Anais Vincent, enquanto a australiana Lauren Parker completou o pódio, com o bronze. A primeira medalha brasileira em Huntsville foi conquistada na sexta-feira (4), também na classe WH3, com Jéssica Messali, bronze no contrarrelógio. A paulista ficou apenas atrás de Parker (ouro) e Vincent (prata)."	Agência Brasil	esportes	False
https://agenciabrasil.ebc.com.br/esportes/noticia/2026-09/no-mundo-da-bola-recorda-momentos-epicos-do-esporte-na-radio-nacional	2026-09-07	No Mundo da Bola recorda momentos épicos do esporte na Rádio Nacional	Série inédita vai ao ar de segunda a sexta-feira, às 18h	"O programa No Mundo da Bola , histórica produção esportiva diária da Rádio Nacional , resgata do vasto acervo preservado pela emissora pública acontecimentos marcantes do esporte que foram transmitidos nas ondas da Nacional . A novidade entra no ar em setembro para celebrar os 90 anos da emissora. A série reúne gravações exclusivas e conteúdos raros que ajudam a contar o que de mais importante ocorreu em diversas modalidades esportivas no país e no mundo nesse período. Apresentado pelo jornalista Rodrigo Ricardo e com a produção de Luiz Ferreira e Wagner Gomes, o No Mundo da Bola é o mais tradicional programa esportivo do rádio brasileiro. A resenha foi lançada na Rádio Nacional pelo narrador Antônio Cordeiro. Referência em informação, análise e cobertura esportiva, acompanha gerações de ouvintes apaixonados pelo futebol e por outras modalidades. No ar em rede de segunda a sexta, ao vivo, às 18h, a atração estreou em 1º de setembro de 1947. ""O objetivo da série é mostrar que a Rádio Nacional esteve presente em quase todos os grandes eventos esportivos ao longo desses 90 anos de história. A ideia é recordar grandes profissionais que trabalharam na emissora e destacar atletas tiveram e têm espaço nos programas da Nacional"", conta Luiz Ferreira. A sequência de conteúdos especiais entrou no ar no aniversário de 79 anos do programa. O material já apresentado no dial fica disponível no site da rádio. A produção relembra fatos, programas, narrações e grandes momentos da Nacional no esporte brasileiro e no exterior durante o mês em que a emissora pública completa nove décadas. O microfone da Nacional já capturou registros históricos. A rádio já abrigou comentaristas e cronistas que marcaram época. Um deles foi o inesquecível João Saldanha, também conhecido como João-sem-medo. Entre as sonoras recuperadas pela série do No Mundo da Bola , a emissora já levou ao ar depoimentos do comentarista durante a cobertura da Copa do Mundo de 1970. No dia 10 de junho daquele ano, João Saldanha tranquilizava a torcida brasileira no intervalo do jogo entre Brasil e Romênia depois do gol da seleção adversária. Não é somente nas Copas do Mundo que a Rádio Nacional esteve presente. A emissora também marcou presença nos Jogos Olímpicos. Em 1952, o atleta José Telles da Conceição conversou com a Nacional logo depois da conquista da medalha de bronze no salto em altura. Naquela época, era comum que atletas de todas as modalidades usassem o microfone da emissora para passar uma mensagem aos familiares e fãs que ficaram no Brasil e, à distância, acompanhavam os feitos de seus ídolos no esporte. No Mundo da Bola – série especial – segunda a sexta, às 18h, na Rádio Nacional Rádio Nacional na internet e nas redes sociais : Site: https://radionacional.ebc.com.br Instagram: https://www.instagram.com/radionacionalbr Spotify: https://open.spotify.com/user/vpj3k8ogjwf1nkv4nap3tlruv YouTube: http://youtube.com/radionacionalbr Facebook: https://www.facebook.com/radionacionalbr X: https://x.com/radionacionalbr Streaming: https://aovivo.ebc.com.br/embed-audio.html?emissora=radio-nacional-do-rio-de-janeiro WhatsApp Nacional : - Rádio Nacional FM: (61) 99989-1201 - Rádio Nacional AM: (61) 99674-1536 - Rádio Nacional da Amazônia: (61) 99674-1568 - Rádio Nacional do Rio de Janeiro: (21) 97119-9966 Saiba como sintonizar a Rádio Nacional : Brasília: FM 96,1 MHz e AM 980 Khz Rio de Janeiro: FM 87,1 MHz e AM 1130 kHz São Paulo: FM 87,1 MHz Recife: FM 87,1 MHz São Luís: FM 93,7 MHz Amazônia: 11.780KHz e 6.180KHz OC Alto Solimões: FM 96,1 MHz Celular - App Rádios EBC para Android e iOS"	Agência Brasil	esportes	False
https://agenciabrasil.ebc.com.br/esportes/noticia/2026-09/vasco-vai-final-e-decide-titulo-do-feminino-a2-contra-itabirito	2026-09-08	Vasco vai à final e decide título do Feminino A2 contra Itabirito	Dono da melhor campanha, Cruzmaltino goleia Atlético-PI mais uma vez	Dono da melhor campanha da Série A2 (segunda divisão) do Campeonato Brasileiro Feminino de futebol, o Vasco está na final da competição. Na noite da última segunda-feira (7), o Cruzmaltino voltou a derrotar o Atlético-PI, desta vez por 4 a 0, no Luso-Brasileiro, na partida de volta das semifinais. A TV Brasil transmitiu o jogo ao vivo. O adversário na decisão será o Itabirito, segundo melhor time da primeira fase. As Gatas do Mato se classificaram no domingo (6) ao golear o Minas Brasília por 4 a 1 na Arena do Jacaré, em Sete Lagoas (MG), também com transmissão da TV Brasil. Os dias e horários dos jogos serão definidos pela Confederação Brasileira de Futebol (CBF). A emissora da Empresa Brasil de Comunicação ( EBC ) exibirá as duas partidas, ao vivo. Por terem feito melhor campanha, as Meninas da Colina serão as mandantes do segundo e decisivo duelo. Vale lembrar que os quatro semifinalistas do Brasileirão Feminino A2 - Vasco, Itabirito, Minas Brasília e Atlético-PI estão garantidos na próxima edição da Série A1 (primeira divisão), que terá 20 clubes em 2027. O quarteto substitui os rebaixados Vitória e Botafogo. O Vasco entrou em campo no Rio de Janeiro com grande vantagem. No último dia 28 de agosto, as cariocas golearam por 4 a 1 no Estádio Lindolfo Monteiro, em Teresina. Com isso, mesmo uma derrota por dois gols de diferença ainda classificaria o Cruzmaltino. Às piauienses, seria necessário ganhar por quatro gols ou mais de saldo. Mesmo confortável no placar agregado, o time carioca foi amplamente superior desde o início. Aos 27 minutos, as vascaínas quase abriram o marcador. Lançada na área, Tefah cabeceou para o meio e a também atacante Layza Brum apareceu para concluir quase debaixo do travessão, parando em grande defesa de Isabel. Na sequência, não deu para a goleira do Atlético-PI. Após cobrança de escanteio pela direita, Isabel afastou de soco e a bola sobrou com a meia Carolzinha, que chutou forte, da entrada da área, para colocar as Meninas da Colina na frente. O gol sofrido abateu a equipe piauiense, que cedeu dois contra-ataques letais ao Vasco. Aos 32, a atacante Lourdes González entrou na área pela direita e rolou à esquerda para a volante Vanessa Arce, também paraguaia, conferir para as redes. Isabel já estava batida no lance. Seis minutos depois, a zagueira Luciana errou o chute para afastar um lançamento de Tefah desde o campo de defesa, e a bola sobrou com Lourdes. A atacante invadiu a área pela direita e bateu forte, na saída da goleira, fazendo o terceiro gol das anfitriãs e o 13º dela na competição. A paraguaia, artilheira do Brasileirão A2, ainda teve dois gols anulados, ambos marcados por Lourdes, aos 43 da primeira etapa e dez do segundo. Nos dois, ela estava impedida. Com o Vasco diminuindo o ritmo na etapa final, o Atlético-PI tentou aproveitar para esboçar alguma reação na partida. Aos 16 minutos, a primeira chegada perigosa das visitantes, com chutes em sequência das atacantes Eduarda Balbino e Samanta, que a goleira Maria Alyce defendeu. Mas a noite era mesmo das Meninas - ou melhor, das paraguaias da Colina. Aos 27, Lourdes cruzou pela esquerda e Arce, na pequena área, ganhou a dividida de Thalita e chutou no canto. A também zagueira Lorena tentou afastar, mas acabou mandando no próprio gol. Aos 40 minutos, o Atlético-PI até balançou as redes com Samanta, após cruzamento rasteiro da meia Edilene pela direita. A atacante, porém, estava adiantada e o gol foi anulado. No fim, festa cruzmaltina no Luso-Brasileiro.	Agência Brasil	esportes	False
https://agenciabrasil.ebc.com.br/esportes/noticia/2026-09/itabirito-bate-minas-brasilia-e-vai-final-do-brasileiro-feminino-a2	2026-09-06	Itabirito bate Minas Brasília e vai a final do Brasileiro Feminino A2	Gatas do Mato fazem 4 a 1 e aguardam Vasco ou Atlético-PI na decisão	O Itabirito está na final da Série A2 (segunda divisão) do Campeonato Brasileiro Feminino de futebol. Na manhã deste domingo (6), as Gatas do Mato golearam o Minas Brasília por 4 a 0 na Arena do Jacaré, em Sete Lagoas (MG), no jogo de volta do confronto pelas semifinais. A TV Brasil transmitiu o duelo ao vivo. No primeiro encontro, semana passada, as equipes ficaram no 1 a 1 no Bezerrão, no Gama (DF), também com transmissão ao vivo da TV Brasil. Atuando em casa, o Itabirito não demorou a sair na frente. Aos 13 minutos, a atacante Bruna Victória tomou a bola da lateral Suzana dentro da área pela esquerda e cruzou para a meia Verônica concluir. No segundo tempo, Bruna Marques marcou um golaço para deixar as Gatas do Mato mais perto da decisão. Aos cinco, a atacante recebeu na entrada da área e driblou as laterais Rhayssa e Suzana e a goleira Rubi antes de mandar para as redes. Aos 14, a zagueira Hilary Vergara cobrou lateral pela direita, nos pés de Verônica. Na área, ela girou para sair da marcação da zagueira Rayane e rolou para a meia Luana Rodrigues finalizar no cantinho e fazer o terceiro. E as mineiras ampliaram a vantagem aos 29, com a atacante Jú Faria, que foi lançada em contra-ataque, escapou de Rubi e chutou para o gol vazio. O Minas ainda descontou dois minutos depois. Em jogada individual pela direita, a atacante Rayla entrou na área e chutou rasteiro, no canto esquerdo da goleira Marcelle. As brasilienses se lançaram ao ataque, mas não houve tempo para reverter o marcador. Classificado, o Itabirito aguarda a definição do outro finalista. Nesta segunda-feira (7), o Vasco pega o Atlético-PI no Estádio Luso-Brasileiro, no Rio de Janeiro, às 21h30 (horário de Brasília), com transmissão ao vivo da TV Brasil. O Cruzmaltino tem boa vantagem, já que venceu o primeiro jogo, no último dia 28 de agosto, por 4 a 1 no Estádio Lindolfo Monteiro, em Teresina. As cariocas avançam até mesmo se perderem por dois gols de diferença. O time piauiense precisa ganhar por quatro ou mais gols de saldo no tempo normal. Em caso de empate na soma dos placares das duas partidas, a vaga na final será decidida nos pênaltis. Vale lembrar que os quatro semifinalistas do Brasileirão A2 - Vasco, Atlético-PI, Itabirito e Minas Brasília - garantiram acesso à Série A1 (primeira divisão), que terá 20 clubes em 2027. O quarteto substituirá os rebaixados Vitória e Botafogo.	Agência Brasil	esportes	False
https://agenciabrasil.ebc.com.br/esportes/noticia/2026-09/luisa-stefani-vai-quartas-de-final-nas-duplas-femininas-do-us-open	2026-09-07	Luisa Stefani vai às quartas de final nas duplas femininas do US Open	Ao lado de canadense Dabrowski, brasileira sonha com título inédito	"A paulista Luisa Stefani está nas quartas de final do torneio de duplas do US Open. Nesta segunda-feira (7), a parceria entre a brasileira, número 4 do ranking da Associação de Tênis Feminino (WTA, sigla em inglês), e a canadense Gabriela Dabrowski (3ª) venceu a da japonesa Eri Hozumi (68ª) com a eslovena Andreja Klepac (66ª) por 2 sets a 0, com parciais de 6/0 e 6/3. ""Eu daria uma nota 9 na escala até 10 [pela atuação]. Sempre há espaço para melhora. Temos um grande time por trás, com muito trabalho, e dou a eles grande crédito pelos resultados que estamos tendo"", disse Luisa, em comunicado à imprensa. As adversárias da dupla serão conhecidas na noite desta segunda, no confronto das chinesas Jiang Xinyu (32ª) e Zhang Shuai (7ª) contra a japonesa Miyo Kato (43ª) e a taiwanesa Fang-Hsien Wu (60ª). O jogo pelas quartas ainda será marcado pela organização do evento, que ocorre em Nova York (Estados Unidos). Se avançarem, Luisa e Dabrowski repetem o feito dos outros três Grand Slams (como são conhecidos os quatro maiores torneios do tênis mundial) do ano, quando chegaram, ao menos, às semifinais. A paulista busca o primeiro título deste tipo de competição na carreira em disputas femininas . Nas duplas mistas, ela foi campeã do Aberto da Austrália de 2023, tendo o gaúcho Rafael Matos como parceiro. Em 2026, a parceria conquistou três títulos em etapas do circuito mundial da WTA, disputadas em Dubai (Emirados Árabes Unidos), Estrasburgo (França) e Eastbourne (Inglaterra). Nos Grand Slams, o melhor desempenho foi em Wimbledon, na capital inglesa Londres, quando ficam com o vice. No último domingo (6), Marcelo Melo se despediu do torneio de duplas masculinas do US Open. O mineiro, 56º do ranking da Associação de Tenistas Profissionais (ATP), atuou com o australiano John Peers (76ª). Em duelo pela segunda fase, eles perderam para os norte-americanos Brandon Carpico (1103º) e Nikita Samuel Filin (739º) por 2 sets a 1, com parciais de 3/6, 7/6 (7-0) e 6/4. ""Era uma dupla perigosa, são praticamente os primeiros do College [universitário] nos Estados Unidos, sabem jogar dupla, são rápidos. Fizemos um belo primeiro set e depois jogamos bem, mas faltou dar um click assim de alguns pontos na sequência para poder passar na frente e dominar o jogo"", resumiu Marcelo, via assessoria de imprensa."	Agência Brasil	esportes	False
https://agenciabrasil.ebc.com.br/esportes/noticia/2026-09/flamengo-supera-remo-em-belem-e-vira-lider-provisorio-do-brasileirao	2026-09-06	Flamengo supera Remo em Belém e vira líder provisório do Brasileirão	Rubro-Negro pressiona Palmeiras, que ainda vai a campo na 26ª rodada	O Flamengo assumiu - por enquanto, de forma provisória - a liderança do Campeonato Brasileiro. Na tarde deste domingo (6), debaixo de muita chuva, o Rubro-Negro superou o Remo por 1 a 0 no Mangueirão, em Belém, pela 26ª rodada da competição. A Rádio Nacional transmitiu o duelo ao vivo . O resultado levou o time carioca aos 54 pontos, ultrapassando o Palmeiras, que ainda vai a campo nesta rodada. Mais tarde, a partir de 18h30 (horário de Brasília), o Verdão visita o Botafogo no Estádio Nilton Santos, no Rio de Janeiro. A equipe paulista tem de vencer para voltar ao primeiro lugar, que ocupa desde março - coincidentemente, quando bateu justamente o Glorioso por 2 a 1, no Nubank Parque, em São Paulo. A terceira derrota seguida, por sua vez, mantém o Leão Azul com 23 pontos, no 19º e penúltimo lugar do Brasileirão. A equipe paraense está na zona de rebaixamento, que reúne as quatro piores campanhas da competição, o chamado Z-4. O primeiro tempo foi de imposição do Flamengo no campo de ataque, por vezes com o Remo se colocando com os dez jogadores de linha na defesa. Aos quatro minutos, Pedro recebeu do também atacante Samuel Lino na esquerda e cruzou rasteiro. O meia Jorge Carrascal apareceu para concluir na pequena área, mas a bola foi por cima. O Leão Azul teve grande oportunidade aos 26. Quase na meia-lua, o volante Patrick acionou Gabriel Taliari na direita. O zagueiro Léo Pereira escorregou e o atacante ficou na frente do goleiro Agustín Rossi, mas demorou para agir e foi desarmado. No contra-ataque, Samuel Lino recebeu na entrada da área e chutou no cantinho esquerdo, obrigando o goleiro Marcelo Rangel a se esticar para defender. Antes do intervalo, o Remo esboçou uma pressão e quase abriu o marcador aos 44 minutos. O lateral Marcelinho cruzou pela direita e Gabriel Taliari cabeceou livre de marcação, mas Rossi salvou o Flamengo. No segundo tempo, o Rubro-Negro assustou duas vezes em quatro minutos. Aos três, Samuel Lino dominou na entrada da área e finalizou no canto direito, acertando o pé da trave. No ataque seguinte, o lateral Ayrton Lucas cruzou pela esquerda, Pedro concluiu e Marcelo Rangel fez uma grande intervenção. O goleiro do Remo brilhou novamente aos dez minutos. Após cruzamento rasteiro de Ayrton Lucas, Pedro apareceu nas costas da marcação e desviou quase debaixo do travessão, mas o arqueiro conseguiu bloquear o chute do camisa 9. A insistência do Flamengo acabou recompensada aos 19. O meia Giorgian de Arrascaeta, desde a meia-lua, encontrou Samuel Lino, que entrou na área e chutou de biquinho no canto esquerdo, enfim levando a melhor na disputa com Marcelo Rangel. Com a interminável chuva em Belém, o gramado, aos poucos, foi ficando mais pesado, dificultando a movimentação a troca de passes. O Remo, precisando buscar ao menos um empate, pressionou atrás do gol, mas o placar não se alterou no Mangueirão. Mais dois jogos movimentaram a tarde de domingo. No Beira-Rio, em Porto Alegre, o Santos venceu o Internacional por 3 a 2, respirando na luta contra o rebaixamento e deixando o Colorado em situação cada vez mais delicada. O Peixe saiu na frente aos sete minutos, com Gabriel Barbosa. O atacante aproveitou uma pisada na bola do zagueiro Félix Torres quase no meio de campo para correr em direção à área e abrir o placar. O próprio Gabigol ampliou aos 28, em pênalti de Matheus Bahia em cima do camisa 9 santista. O lateral foi expulso. Dez minutos depois, o meia Benjamin Rollheiser cruzou pela esquerda e o volante Christian Oliva fez o terceiro, de cabeça. O Inter tentou reagir na volta para o segundo tempo. Aos dois minutos, o lateral Braian Aguirre arriscou de longe e acertou o ângulo do goleiro Gabriel Brazão, descontando a vantagem santista. No fim do jogo, aos 44 minutos, o meia Miguelito cometeu pênalti em cima do atacante Vitinho. O volante Bruno Henrique mandou para as redes e manteve o time gaúcho vivo na partida, mas sem conseguir chegar ao empate. Com 32 pontos, o Santos se distanciou de vez do Z-4, abrindo sete pontos para o próprio Internacional, que ocupa a 18ª e antepenúltima posição. O Colorado soma os mesmos 25 pontos do Vasco, mas o Gigante da Colina tem uma vitória a mais e fica à frente, em 17º, abrindo a zona de rebaixamento. No Mineirão, em Belo Horizonte, o Cruzeiro levou a melhor sobre o Athletico-PR e ganhou por 2 a 1. A Raposa foi a 42 pontos, na sexta posição, e se mantém na cola do G-5, como é chamado o grupo de times que estão se classificando para a Libertadores, que engloba os cinco primeiros colocados. O Furacão, com 45 pontos, é o terceiro. Aos 29 minutos do primeiro tempo, Gerson cruzou pela esquerda e o também meia Matheus Pereira escorou para as redes, colocando o Cruzeiro à frente. Os mineiros marcaram de novo aos 42, com o volante Matheus Henrique, mas o gol foi anulado com auxílio do árbitro de vídeo (VAR), após dois minutos de verificação. Gerson, que participou do lance, estava impedido. A resposta do Athletico-PR foi imediata. Aos 45, o meia João Cruz recebeu na esquerda, próximo ao bico da grande área, e bateu com categoria. A bola foi quase no ângulo, sem chances para defesa do goleiro Otávio. Nos acréscimos da etapa inicial, Matheus Pereira estava com um dos pés na área ao ser derrubado pelo zagueiro Luiz Gustavo. Com participação do VAR, o pênalti foi marcado e o próprio meia cobrou, mas o goleiro Mycael fez a defesa no canto direito. No segundo tempo, o Cruzeiro retomou a dianteira aos 25 minutos, com Lucas Romero. Marcado pelo zagueiro Juan Aguirre, Matheus Pereira foi acionado por Gerson e fez o passe de primeira para Lucas Romero. O volante invadiu a área e mandou no canto direito de Mycael. O terceiro saiu aos 36, em novo pênalti favorável à Raposa, desta vez cometido por Mycael em cima de Kaio Jorge. O próprio atacante foi para a cobrança e converteu, mandando no canto direito do goleiro rubro-negro, dando números finais ao duelo.	Agência Brasil	esportes	False
https://agenciabrasil.ebc.com.br/esportes/noticia/2026-09/mirassol-vence-e-mantem-vasco-e-internacional-na-zona-de-rebaixamento	2026-09-06	Mirassol vence e mantém Vasco e Internacional na zona de rebaixamento	Com triunfo sobre Coritiba, Leão Caipira passa 26ª rodada fora do Z-4	O primeiro jogo deste domingo (6) pelo Campeonato Brasileiro garantiu que, ao menos nesta 26ª rodada, não haverá mudanças na zona de rebaixamento, que engloba as quatro últimas posições (o Z-4). Melhor para o Mirassol, que venceu o Coritiba por 2 a 1 no Couto Pereira. Pior para Vasco e Internacional, que torciam por um revés do time do interior para terem chance de ultrapassá-lo. O triunfo levou o Leão Caipira aos 28 pontos, ainda na 16ª colocação, a primeira fora do Z-4. O Cruzmaltino, com 25 pontos, perdeu para o Fluminense no sábado (5) e torcia pela derrota dos paulistas por dois gols de diferença para, mesmo com o tropeço no clássico, ficar a frente pelo saldo. O Inter ainda joga pela 26ª rodada. Mais tarde neste domingo, o Colorado recebe o Santos no Beira-Rio, em Porto Alegre, às 16h (horário de Brasília). Os gaúchos podem igualar a pontuação do Mirassol, mas seguirão atrás pelo número de vitórias, portanto, ainda na zona de rebaixamento. A equipe, no máximo, ultrapassa o Vasco caso pontue diante do Peixe. Os gols em Curitiba saíram todos no segundo tempo. O Coxa saiu na frente aos 15 minutos, com Pedro Rocha desviando a finalização cruzada do também atacante Fabinho, tirando do alcance do goleiro Alex Muralha. O Mirassol não demorou a igualar. Três minutos depois, o lateral Igor Formiga chutou da entrada da área pela direita e o atacante Gustavo Mosquito surpreendeu o goleiro Pedro Morisco ao aparecer no meio do caminho e completar para o gol. Aos 29 minutos, o Coritiba balançou novamente as redes com o lateral Felipe Jonatan. O gol, porém, foi anulado com ajuda da tecnologia do impedimento semiautomático, que identificou a posição irregular do zagueiro Maicon na jogada. A equipe paulista definiu o marcador aos 38 minutos, com Bruno Santos. O atacante recebeu de Igor Formiga pela direita, saiu da marcação do zagueiro Rodrigo Moledo e chutou no canto de Pedro Morisco. Nos acréscimos, o Coritiba teve um pênalti marcado a favor, em cima de Rodrigo Moledo. Após rever a jogada no vídeo, o árbitro André Luiz Policarpo Bento viu que o defensor caiu na área ao tropeçar no lateral Bruno Melo - do próprio time - e cancelou a penalidade. Alívio da torcida do Leão Caipira, que voltou a vencer fora de casa após mais de quatro meses. O Coxa, por sua vez, segue com 37 pontos, perdendo a chance de se aproximar de vez da zona de classificação à Libertadores (o G-5), que reúne as cinco melhores campanhas e que tem o Bahia na posição limite, em quinto, com 43 pontos. No sábado (5), o Fluminense derrotou o Vasco por 1 a 0 no Maracanã, no Rio de Janeiro, com gol do meia Lucho Acosta, aos 15 minutos do segundo tempo. O Tricolor, com 45 pontos, continua na quarta posição, 20 pontos a frente do rival. O Gigante da Colina corre risco de terminar a rodada em penúltimo lugar. Isso ocorre se o Inter pontuar contra o Santos e o Remo vencer o Flamengo em outro jogo que inicia às 16h deste domingo, no Mangueirão, em Belém, com transmissão ao vivo da Rádio Nacional - o Leão Azul tem 23 pontos. Outro tricolor a vencer ontem foi o São Paulo, que derrotou o Atlético-MG por 2 a 0 no Morumbis. O time da capital paulista foi a 33 pontos, três a menos que o Galo, que viu chegar ao fim uma invencibilidade de 14 partidas. O atacante Luciano e o lateral Iago, ambos na etapa final, fizeram os gols são-paulinos.	Agência Brasil	esportes	False
https://agenciabrasil.ebc.com.br/esportes/noticia/2026-09/volei-de-praia-brasil-assegura-duas-vagas-olimpicas-para-los-angeles	2026-09-06	Vôlei de praia: Brasil assegura duas vagas olímpicas para Los Angeles	Duplas conquistam título sul-americano nos dois naipes em João Pessoa	O vôlei de praia brasileiro garantiu duas vagas olímpicas, uma para cada gênero, aos Jogos de Los Angeles (Estados Unidos), em 2028. Neste domingo (6), o país teve as duplas campeãs masculina e feminina do Torneio Sul-Americano da modalidade, realizado em João Pessoa. A competição teve início na última quinta-feira (3) e reuniu 32 duplas (16 por gênero). As vagas olímpicas pertencem ao país. Ou seja, cabe à Confederação Brasileira de Voleibol (CBV) definir as duplas que serão beneficiadas em 2028. Na decisão feminina, a dupla formada por Thâmela e Vic bateu as paraguaias Michelle Valiente e Giuliana Corrales por 2 sets a 0, com parciais de 26/24 e 21/7. As campeãs estão em terceiro no ranking da Federação Internacional de Voleibol (FIVB, sigla em inglês), que é liderado por outra parceria brasileira (Carol Solberg e Rebecca). Entre os homens, a final foi 100% brasileira em João Pessoa. Melhor para André e Renato. A dupla número nove do mundo superou os favoritos Evandro e Arthur Lanci, que estão em terceiro no ranking, por 2 sets a 0, parciais de 21/16 e 23/21. O Brasil pode ter até duas duplas por gênero classificadas aos Jogos de Los Angeles. A segunda vaga de cada naipe pode ser assegurada ano que vem, em caso de títulos no Campeonato Mundial, que será disputado na Holanda entre os dias 13 e 22 de agosto. Outras possibilidades são o ranking da FIVB e um mini-circuito de três etapas previsto para 2028. Além do vôlei de praia, o Brasil já garantiu vagas olímpicas em outras duas modalidades. Na ginástica rítmica, o conjunto brasileiro se assegurou em Los Angeles com o bronze na prova geral do Mundial de Frankfurt (Alemanha), em agosto. Já no futebol, a seleção feminina se classificou com o título da Copa América de 2025, disputada no Equador e que teve transmissão da TV Brasil .	Agência Brasil	esportes	False
https://agenciabrasil.ebc.com.br/esportes/noticia/2026-09/bahia-abre-26a-rodada-do-brasileirao-com-triunfo-sobre-o-bragantino	2026-09-05	Bahia abre 26ª rodada do Brasileirão com triunfo sobre o Bragantino	Esquadrão de Aço emplaca a terceira vitória seguida pela competição	O Bahia emplacou a terceira vitória seguida no Campeonato Brasileiro. Neste sábado (5), o Esquadrão de Aço derrotou o Red Bull Bragantino por 3 a 2 no Estádio Cícero de Souza Marques , em Bragança Paulista (SP), na partida que abriu a 26ª rodada da competição. O Tricolor foi a 43 pontos, garantindo mais uma rodada na zona de classificação à Libertadores, que engloba os cinco primeiros colocados - o chamado G-5. O Massa Bruta, que sofreu a segunda derrota em sequência, segue com 35 pontos, perdendo a oportunidade de se aproximar do próprio rival baiano e estacionando no nono lugar. O primeiro tempo no interior paulista foi bem movimentado, com quatro gols. Aos 13 minutos, o meia Lucas Barbosa aproveitou a assistência do atacante Wallace Yan, ex-Flamengo e reforço anunciado esta semana, para colocar o Bragantino em vantagem. O empate do Bahia saiu aos 33 minutos, em pênalti batido pelo lateral Luciano Juba. Cinco minutos depois, o volante Rodrigo Nestor cobrou escanteio e o atacante Alejo Véliz, de cabeça, virou o placar. Nos acréscimos, porém, o zagueiro Santiago Mingo, conta, igualou de novo o placar. O Esquadrão sacramentou os três pontos na etapa final. Aos quatro minutos, Rodrigo Nestor novamente bateu escanteio e o volante Erick cabeceou para as redes, dando números finais ao confronto em Bragança Paulista. O Massa Bruta tenta a reabilitação no Brasileirão no próximo sábado (12), às 20h30 (horário de Brasília), contra o Botafogo, no Nilton Santos. Na outra segunda-feira (14), às 20h, o Bahia pega o Remo na Casa de Apostas Arena Fonte Nova, em Salvador, na busca pelo quarto triunfo em sequência. Neste domingo (6), às 16h (horário de Brasília), o Remo recebe o Flamengo no Mangueirão, em Belém. A Rádio Nacional transmite o duelo ao vivo. O Rubro-Negro, com 51 pontos, pode assumir provisoriamente a liderança se vencer e pressionar o Palmeiras, que tem 52 pontos e joga em seguida, às 18h30, diante do Botafogo, no Rio de Janeiro. O Leão Azul, com 23 pontos, luta para sair da zona de rebaixamento, o Z-4, que envolve os quatro piores times da competição.	Agência Brasil	esportes	False
https://agenciabrasil.ebc.com.br/esportes/noticia/2026-09/dupla-de-luisa-stefani-vence-mais-uma-e-vai-oitavas-do-us-open	2026-09-06	Dupla de Luisa Stefani vence mais uma e vai às oitavas do US Open	Brasileira e canadense Dabrowski miram 1º título de Grand Slam juntas	"A paulista Luisa Stefani está classificada para as oitavas de final do torneio de duplas femininas do US Open. Na noite deste sábado (5), a parceria da brasileira – quarta do mundo no ranking da Associação de Tênis Feminino (WTA) –, com a canadense Gabriela Dabrowski – teceira no mesmo ranking – derrotou a italiana Sara Errani (9ª) e a austríaca Lilli Tagger (49ª em simples, 507ª entre as duplistas) por 2 sets a 0, parciais de 6/2 e 7/5. As adversárias de Luisa e Dabrowski na próxima fase do torneio disputado em Nova York (Estados Unidos), um dos quatro principais do circuito mundial (os Grand Slams), serão conhecidas neste domingo (6). Ainda em horário a ser definido, a dupla formada pela húngara Fanny Stollar (34ª) e a estadunidense Asia Muhammad (47ª) encara a japonesa Eri Hozumi (68ª) e a eslovena Andreja Klepac (66ª). ""Minha primeira vez jogando contra a Ernani, uma jogadora que admiro e respeito muito, ótima competidora. E super feliz com a vitória e com a reviravolta no segundo set. Agora vamos com tudo para a próxima"", disse Luisa, por meio da assessoria de imprensa. Nesta temporada, a parceria entre a brasileira e a canadense conquistou três títulos em etapas do circuito da WTA realizadas em Dubai (Emirados Árabes Unidos), Estrasburgo (França) e Eastbourne (Inglaterra). Nos outros Grand Slams do ano, elas alcançaram as semifinais no Aberto da Austrália e em Roland Garros, disputado em Paris (França), além de ficarem com o vice no Torneio de Wimbledon, em Londres, capital inglesa. O desempenho de Luisa e Dabrowski já garantiu a dupla no WTA Finals, torneio que reúne as oito melhores parcerias do ano e será em Indian Wells (Estados Unidos), no mês de novembro. Em 2026, o evento ocorreu na Arábia Saudita e a paulista foi vice-campeã ao lado da húngara Timea Babos (atualmente em 29º no ranking ). Nas duplas masculinas, não deu para Marcelo Demoliner. Também neste sábado, a parceria do gaúcho, 63º do ranking da Associação dos Tenistas Profissionais (ATP), com o taiwanês Rey Ho (70º) não resistiu aos norte-americanos Nathaniel Lammons (87º) e Jackson Withrow (94º), que venceram por 2 sets a 1,parciais de 4/6, 7/6 (7-1) e 6/2. O único atleta do país ainda na briga na chave masculina é Marcelo Melo. O mineiro, 56º da ATP, disputa o US Open ao lado do australiano John Peers (76º). Eles estrearam com vitória por 2 sets a 1 (3/6, 7/5 e 6/4), na última sexta-feira (4), para cima da parceria do australiano James Duckworth (71º em simples, 907º nas duplas) com o sérvio Miomir Kecmanovic (64º no individual, 912º entre os duplistas). Na segunda rodada, Melo e Peers enfrentam Brandon Carpico (1103º) e Nikita Samuel Filin (739º), ambos dos Estados Unidos, em data e horário que ainda serão anunciados. Também na sexta, os norte-americanos surpreenderam a parceria 100% brasileira formada pelo gaúcho Rafael Matos (16º) e o catarinense Orlando Luz (13º), que vinha de dois títulos seguidos. O triunfo foi por 2 sets a 1, com parciais de 4/6, 7/6 (7-5) e 7/5. O Brasil ainda seria representado por Fernando Romboli (91º), mas o tenista carioca ficou fora por conta dos problemas físicos de Terence Atmane (92º em simples, sem ranking de duplas), com quem jogaria. O francês teve dores após a estreia na chave individual masculina."	Agência Brasil	esportes	False
https://agenciabrasil.ebc.com.br/esportes/noticia/2026-09/brasileiro-feminino-flamengo-encara-sao-paulo-em-uma-das-semifinais	2026-09-05	Brasileiro Feminino: Flamengo encara São Paulo em uma das semifinais	Meninas da Gávea seguram Ferroviária e Soberanas passam pelo Grêmio	Um dos confrontos pelas semifinais da Série A1 (primeira divisão) do Campeonato Brasileiro Feminino de futebol está definido. Neste sábado (5), Flamengo e São Paulo levaram a melhor nos respectivos confrontos pelas quartas de final e serão adversários por um lugar na decisão. Na Arena da Fonte Luminosa, em Araraquara (SP), as Meninas da Gávea seguraram o empate por 2 a 2 com a Ferroviária , atuando mais da metade do segundo tempo com uma jogadora a menos diante do time que passou de fase com a quarta melhor campanha. A partida foi transmitida ao vivo pela TV Brasil . As rubro-negras, que avançaram ao mata-mata na quinta posição, beneficiaram-se da vitória por 1 a 0 na partida de ida, uma semana antes, no Estádio Luso-Brasileiro, no Rio de Janeiro. Desde 2019, a equipe carioca, campeã em 2016, não chegava às semifinais do Brasileirão. Pressionando desde o começo, o Flamengo foi recompensado pela postura logo aos 11 minutos. A ponta Fabi Simões foi acionada na entrada da área pela meia Fernanda e bateu no ângulo esquerdo de Luciana. A goleira ainda encostou na bola, mas não conseguiu defender. A resposta da Ferroviária veio quatro minutos depois. A zagueira Flávia Mota tentou evitar a saída da bola pela linha lateral e foi desarmada por Dos Santos. Desde a ponta esquerda, ela lançou a também atacante Thayslane, que teve calma na área para deslocar a goleira Vivi e deixar tudo igual. Aos 19, as Guerreiras Grenás tomaram a frente no placar. Desta vez, Thayslane escapou da zagueira Núbia pela direita e cruzou. A lateral Fátima Dutra ajeitou de cabeça e Dos Santos, no meio da área, chutou de primeira, marcando um bonito gol na Fonte Luminosa. As Meninas da Gávea reagiram e empataram aos 30 minutos. A meia Djeni, na sequência de uma troca de passes, encontrou Jucinara invadindo a área pela esquerda. A lateral recebeu, levou a bola para a perna direita e mandou para as redes de Luciana. Na etapa final, logo aos três minutos, o Flamengo ficou com uma jogadora a menos. A lateral Monalisa deu uma entrada forte em cima de Fátima Dutra e recebeu o segundo cartão amarelo, sendo expulsa. A Ferroviária se lançou ao ataque para aproveitar a superioridade numérica. Aos 25 minutos, Fátima Dutra foi acionada pela esquerda, dentro da área, e acabou caindo em disputa de bola com Flávia Mota. A árbitra Ruthyanna Medeiros da Silva, inicialmente, deu pênalti, mas após ver o lance no vídeo, cancelou a marcação. Aos 39, as Guerreiras Grenás até balançaram as redes mais uma vez, com Rhaissa, na sobra de um chute da lateral Kati que acabou desviado pela zaga. O gol, no entanto, foi anulado por impedimento da atacante. Nos acréscimos, o clube paulista ainda acertou o travessão em finalização da zagueira Monique, que Vivi ainda desviou. Foi a última chance real das anfitriãs. No fim, a festa foi rubro-negra em Araraquara. A cerca de 180 quilômetros dali, em Campinas (SP), o São Paulo venceu o Grêmio por 2 a 0 no Estádio Brinco de Ouro da Princesa . Na partida de ida, há uma semana, os tricolores ficaram no zero no Estádio Alfredo Jaconi, em Caxias do Sul (RS). Os gols saíram todos no fim do segundo tempo. Aos 44 minutos, a lateral Carol Gil recebeu pela direita e cruzou. Em meio ao bate-rebate na área, a bola sobrou com a atacante Giovanna Crivelari, que finalizou no canto esquerdo da goleira Sol. As Mosqueteiras partiram com tudo para o ataque nos minutos finais em busca do empate, mas cederam espaço para o contra-ataque que decidiu o confronto. Aos 50, já nos acréscimos, Kesia avançou da direita para o centro e abriu na esquerda para a também atacante Vi Amaral, que chutou cruzado para fazer o gol da classificação. Dono da melhor campanha da primeira fase, o São Paulo terá a vantagem do mando de campo no jogo de volta do confronto diante do Flamengo. Desde que subiram à Série A1, em 2020, as Soberanas ficaram fora das semifinais somente em 2021, quando caíram nas quartas de final. As tricolores alcançaram a final em 2024, sendo vices para o Corinthians. O primeiro classificado às semifinais do Brasileirão Feminino foi o Bahia. Na noite da última sexta-feira (4), as Mulheres de Aço derrotaram o Palmeiras por 5 a 4 , nos pênaltis, após empate por 1 a 1 na Arena Barueri durante o tempo normal. A ponta Raissa Bahia abriu o marcador para as Palestrinas e a lateral Dan igualou para as visitantes. O duelo foi transmitido ao vivo pela TV Brasil . É a primeira vez que o Tricolor baiano se coloca entre os quatro primeiros. Além disso, desde 2015 um clube do Nordeste não alcançava as semifinais do principal torneio do futebol de mulheres do país. Na ocasião, a região foi representada pelo Tiradentes-PI, em outro formato de disputa. A heroína do Bahia foi Yanne. Na última segunda-feira (31), quando as equipes ficaram no 1 a 1 na Casa de Apostas Arena Fonte Nova, em Salvador, a goleira já tinha defendido um pênalti de Bia Zaneratto. Em Barueri (SP), a camisa 12 das Mulheres de Aço brilhou na disputa de penalidades, salvando o chute de Taina Maranhão. A também atacante Cassia fez o gol da classificação tricolor. As baianas aguardam quem passar no confronto entre Corinthians e Cruzeiro, que se reencontram nesta segunda-feira (7), às 17h (horário de Brasília), no Canindé, em São Paulo. No jogo de ida, uma semana antes, o time paulista venceu por 1 a 0 na Arena Independência, em Belo Horizonte, com gol da atacante Vic Albuquerque. As Brabas têm a vantagem do empate na partida de volta. As Cabulosas têm de ganhar por dois ou mais gols de diferença para se classificarem no tempo normal. Caso as mineiras igualem o placar agregado, a vaga às semifinais será decidida nos pênaltis.	Agência Brasil	esportes	False
https://agenciabrasil.ebc.com.br/esportes/noticia/2026-09/radio-nacional-transmite-remo-e-flamengo-pelo-brasileirao-hoje	2026-09-06	Rádio Nacional transmite Remo e Flamengo pelo Brasileirão hoje	Confronto em Belém vai ao ar às 15h30	A Rádio Nacional leva ao ar neste domingo (6) a partida válida pela 26ª rodada da Série A do Brasileirão 2026 entre Remo e Flamengo. As equipes duelam pelos 3 pontos direto do Estádio Mangueirão, em Belém, Pará. O Remo recebe o Flamengo para um confronto pelo Campeonato Brasileiro que não acontece em Belém desde 2 de abril de 1978. A partida é decisiva para os objetivos opostos das duas equipes na competição: enquanto o time paraense, atual 19º colocado com 23 pontos, busca uma reação urgente na luta contra o rebaixamento, o Rubro-Negro, vice-líder com 51 pontos, entra em campo de olho na liderança da tabela. As transmissões da Rádio Nacional iniciam com a faixa Show de Bola Nacional e contará com uma equipe completa para levar ao público todas as emoções dos confrontos. A cobertura da partida tem um time de peso na equipe de esportes da emissora : a narração fica por conta de André Luiz Mendes com comentários de Marcelo Smigol, e Rafael Monteiro comanda a reportagem e o plantão de informações da rodada. A transmissão da partida entra no ar para parte da rede em AM e OC, além da FM no Rio de Janeiro, no Alto Solimões e parceiros da Rede Nacional de Comunicação Pública (RNCP). A Nacional FM nas demais praças segue com o conteúdo musical. O ouvinte pode ficar ligado nas produções preferidas pelo dial, no app Rádios EBC e no site da emissora. Os áudios ainda estão disponíveis em tempo real por streaming nas duas plataformas. O Campeonato Brasileiro é a liga brasileira de futebol profissional entre clubes do Brasil , sendo a principal competição futebolística no país. Por meio da disputa, são indicados os representantes brasileiros para a Copa Libertadores da América, junto ao campeão da Copa do Brasil. Vinte clubes participam do torneio. No decorrer da temporada, cada time joga duas vezes contra os outros, em um sistema de pontos corridos, uma vez em seu estádio e a outra no de seu adversário, em um total de 38 jogos. As equipes recebem três pontos por vitória e um por empate. Os clubes são classificados pelo total de pontos, depois pelo saldo de gols e, em seguida, pelos gols marcados. Em caso de empate entre dois ou mais times, os critérios de desempate são: maior número de vitórias; maior saldo de gols; maior número de gols pró; confronto direto; menor número de cartões vermelhos recebidos; e menor número de cartões amarelos recebidos. Esporte que é paixão do povo brasileiro, o futebol é um dos destaques da programação da Rádio Nacional , emissora pública referência em transmissões de partidas no país há décadas. Os jogos das principais competições e as notícias mais importantes têm espaço nas jornadas esportivas diárias. Os torcedores podem ficar ligados pelo rádio, site ou streaming para acompanhar as emoções das disputas entre os maiores clubes brasileiros. Antes e depois dos confrontos, o ouvinte se informa sobre a preparação das equipes e a repercussão do placar nas ondas da Nacional . A análise sobre os resultados da rodada ainda ganha janela diária para um rico debate em produções consagradas no radiojornalismo esportivo. A equipe da Rádio Nacional reúne craques da crônica esportiva. São produtores, jornalistas e apresentadores que buscam o diferencial da notícia. Além de informar o público nas ondas do rádio, o time também faz bonito na telinha da TV Brasil . Os profissionais realizam o programa Stadium , de segunda a sexta, às 12h30, e de terça a sexta, às 18h30. Sempre ao vivo, as tradicionais produções da emissora pública trazem análises e apurações atualizadas. O esporte tem espaço destacado na programação do canal. O telejornal diário Repórter Brasil , às 12h45 e às 19h, também oferece uma ampla cobertura dos principais resultados do dia. Aproveite a transmissão do Brasileirão Masculino e ajude a escolher a vencedora da categoria Craque da Torcida do Prêmio TV Brasil Petrobras Para Elas. A premiação criada pela TV Brasil e pela Petrobras vai reconhecer ainda atletas, treinadores e treinadoras, dirigentes, departamentos de futebol feminino e clubes que se destacarem ao longo da temporada de 2026. A votação da categoria com voto popular já está aberta , é gratuita e tem votos ilimitados! Acesse ebc.com.br/premiotvbrasilpetrobrasparaelas até 31 de outubro. Serviço Campeonato Brasileiro 2026 – Remo x Flamengo, 6/9, a partir das 15h30, na Rádio Nacional RJ, AM, OC e AS + RNCP e Parceiros Rádio Nacional na internet e nas redes sociais : WhatsApp Nacional : Saiba como sintonizar a Rádio Nacional	Agência Brasil	esportes	False
https://agenciabrasil.ebc.com.br/esportes/noticia/2026-09/maria-clara-pacheco-mantem-hegemonia-no-ciclo-olimpico-do-taekwondo	2026-09-06	Maria Clara Pacheco mantém hegemonia no ciclo olímpico do taekwondo	Brasileira leva Grand Prix de Muju e chega a 8º ouro em nove torneios	O ciclo olímpico de Maria Clara Pacheco no taekwondo é quase perfeito. Neste domingo (6), a brasileira conquistou o oitavo título em nove competições desde os Jogos de Paris (França), sendo o sexto seguido. Agora, a paulista de 23 anos venceu o Grand Prix de Muju (Coreia do Sul), seguindo hegemônica na categoria até 57 quilos (kg). Maria Clara que não deu chances às quatro adversárias encarou até o título. Na final, superou a sul-coreana Kim Yu-Jin, atual campeã olímpica. Foi a quarta vitória da brasileira sobre a rival. Um dos triunfos foi justamente na decisão do título mundial, no ano passado, em Wuxi (China). Em 2025, ela já tinha sido campeã em Muju, superando a própria sul-coreana na decisão. No atual ciclo, a paulista também foi ouro nos Grand Prix de Charlotte (Estados Unidos) e Roma (Itália). O evento está entre os que mais dão pontos no ranking olímpico da World Taekwondo, federação internacional da modalidade, do qual a brasileira é líder na categoria. Além de Maria Clara, o Brasil marcou presença no pódio de Muju com Henrique Marques. O fluminense de 22 anos, campeão mundial em 2025, levou o bronze na categoria até 80 kg. Ele ganhou os dois primeiros combates do dia, mas perdeu na semifinal para Raman Turavinau, de Belarus, que viria a conquistar o título na final contra o norte-americano CJ Nickolas.	Agência Brasil	esportes	False
https://agenciabrasil.ebc.com.br/esportes/noticia/2026-09/alison-dos-santos-conquista-o-titulo-da-liga-diamante-pela-3a-vez	2026-09-05	Alison dos Santos conquista o título da Liga Diamante pela 3ª vez	Recordista dos 400 m com barreiras vence etapa final da temporada	O paulista Alison dos Santos, o Piu, conquistou, pela terceira vez na carreira, o título da Liga Diamante (Diamond League) , o principal circuito do atletismo, nos 400 metros com barreiras. O brasileiro venceu, com sobras, a prova deste sábado (5), que encerrou a etapa de Bruxelas (Bélgica), a última da temporada, com tempo de 46s70 . A disputa teve dobradinha verde e amarela. O cearense Matheus Lima chegou na terceira posição, com 48s18 . O norte-americano Trevor Bassitt ficou com a prata (48s03). Foi a terceira vez que os brasileiros dividiram o pódio na temporada, após as etapas de Estocolmo (Suécia), em junho, e Slask (Polônia), no mês passado. A prova não teve a participação dos dois principais rivais de Piu: o norte-americano Rai Benjamin, atual campeão olímpico; e o norueguês Karsten Warholm, que era o detentor do recorde mundial até agosto, quando foi superado pelo atleta paulista justamente na etapa anterior da Liga Diamante, em Zurique (Suíça). Alison venceu as seis provas dos 400 m com barreiras que disputou do circuito em 2026. Ele também ganhou em Xiamen (China), Oslo (Noruega) e Slask (Polônia). O barreirista não competiu somente na etapa de Londres (Grã-Bretanha), em julho. Duas vezes medalhista olímpico de bronze, nos Jogos de Tóquio (Japão) e Paris (França), Piu já tinha duas conquistas de Liga Diamante no currículo, em 2022 e 2024 . Também em 2022, o barreirista foi campeão do Mundial de Eugene (Estados Unidos), ficando com a prata três anos depois, na capital japonesa. Outro brasileiro a competir neste sábado pela última etapa da Liga Diamante foi Almir Júnior. O mato-grossense ficou com a quinta colocação do salto triplo, com marca de 16,42 m, alcançada na segunda tentativa. A vitória foi de Andy Díaz, cubano naturalizado italiano, que atingiu 17,74 m. O português Pedro Pichardo (17,51 m) ficou com a prata e o jamaicano Jordan Scott (17,18) levou o bronze.	Agência Brasil	esportes	False
https://agenciabrasil.ebc.com.br/esportes/noticia/2026-09/com-menos-de-dois-anos-de-vida-planalto-go-conquista-feminino-a3	2026-09-06	Com menos de dois anos de vida, Planalto-GO conquista Feminino A3	Clube é o primeiro de Goiás a ser campeão nacional entre as mulheres	O Planalto Esporte Clube , de Aparecida de Goiânia (GO), colocou Goiás na lista dos estados campeões nacionais entre as mulheres. Na noite de sábado (5), o Corvo da Massa (apelido da equipe) conquistou o título da Série A3 (terceira divisão) do Campeonato Brasileiro Feminino de futebol, ao derrotar o Juventude-SE por 1 a 0 no Batistão, em Aracaju, com transmissão ao vivo da TV Brasil. Fundado em dezembro de 2024 pelo presidente da Central Única das Favelas (Cufa) de Goiás, o Planalto estreou no futebol feminino no ano seguinte e já sendo vice-campeão estadual. O resultado credenciou as Planaltinas a disputarem o Brasileirão A3 em 2026 e levarem o título logo na temporada de estreia. É a primeira vez que um clube goiano conquista uma competição nacional entre as mulheres. Este foi o segundo ano consecutivo, o futebol de Goiás marcou presença na decisão da terceira divisão. Em 2025, o Vila Nova perdeu o título para o Atlético-PI. O Centro-Oeste, por sua vez, igualou-se ao Sudeste (Taubaté em 2022 e Vasco em 2024) como a região com mais títulos - dois - no Brasileirão A3. Antes, o mato-grossense Mixto foi campeão em 2023. Já a técnica Regiane Santos alcançou o terceiro acesso nacional dela de 2022 para cá. Na ocasião, a treinadora levou o Sport à Série A2 (segunda divisão). Dois anos depois, promoveu as Leoas rubro-negras à elite. O vice frustrou o sonho do Juventude-SE de ser o primeiro clube de Sergipe campeão nacional, independentemente do gênero. Mesmo assim, o Tricolor do Piauitinga (nome do rio que deságua na cidade de Estância) encerra a participação com vaga na Série A2 (segunda divisão) do Brasileirão de 2027, bem como o campeão e os times eliminados nas semifinais - Portuguesa-AP e Realidade Jovem, de São José do Rio Preto (SP). Em 14 jogos na competição, o Planalto obteve dez vitórias, com três empates e apenas uma derrota. Foram 28 gols marcados e 18 sofridos. A atacante Marcelly foi a artilheira do time, balançando as redes sete vezes na campanha. Foi dela o gol do triunfo por 1 a 0 na partida de ida, domingo passado (30), no Estádio Annibal Batista de Toledo, em Aparecida de Goiânia, também com transmissão da TV Brasil. As goianas, portanto, foram a campo no sábado com a vantagem do empate. Pouco antes do intervalo, o título ficou ainda mais próximo. Aos 44 minutos, Brenda cobrou falta pela esquerda, de longe. Mesmo sem tanta força, a bola foi no ângulo direito da goleira Monique, que não conseguiu defender. Um golaço da camisa 10. Na comemoração, a meia se emocionou. No jogo de volta das semifinais, contra o Realidade Jovem, no Teixeirão, ela sofreu uma pancada forte na perna direita e teve que sair de ambulância do estádio do interior paulista, mas se recuperou a tempo de atuar nas finais e ser decisiva. No segundo tempo, o Juventude-SE buscou mais o ataque, mas sem lances de grande perigo à goleira Lescaut. Bem marcada, a atacante Laureen, artilheira do Brasileirão A3 com 11 gols, foi pouco acionada. Aos 41 minutos, após uma dividida de Vanusa com a zaga sergipana na entrada da área, a bola sobrou com a também atacante Idalana, que bateu rasteiro e balançou as redes. Seria o segundo gol do Planalto se o lance não fosse anulado por impedimento. Não fez falta. O título foi mesmo para Goiás.	Agência Brasil	esportes	False
https://agenciabrasil.ebc.com.br/esportes/noticia/2026-09/brasil-leva-ouro-na-copa-do-mundo-de-paratriatlo-e-no-parabadminton	2026-09-05	Brasil leva ouro na Copa do Mundo de paratriatlo e no parabadminton	País ainda foi bronze no 1° dia do Mundial de Paraciclismo de Estrada	O esporte paralímpico brasileiro celebrou duas medalhas de ouro neste sábado (5). Na etapa de Alhandra (Portugal) da Copa do Mundo de paratriatlo , Erica Rodrigues venceu a prova feminina da classe PTS5 (atletas com deficiências físico-motoras leves e que disputam em pé). No Torneio Internacional da China de parabadminton, Vitor Tavares foi o campeão da classe SH6 (baixa estatura). No triatlo paralímpico, as provas consistem em 750 metros (m) de natação, 20 quilômetros (km) de ciclismo – podem ser usadas bicicletas convencionais, tandens (pedalada em dupla, no caso de atletas com deficiência visual que necessitam de guia) ou handbikes (veículo adaptado com três rodas, guiado com as mãos, para cadeirantes) – e 5 km de corrida (a pé ou em cadeira de rodas). Erica concluiu a prova deste sábado em 1h07min31s, com mais de três minutos de vantagem para a espanhola Maria Fuentes Artigot, segunda colocada. A portuguesa Ana Duarte completou o pódio. O Brasil ainda foi ao pódio em duas outras provas. Na disputa masculina da PTS5, o goiano Ruiter Silva ficou com a prata, com tempo de 59min07s, a 31 segundos do português Filipe Marques, que ficou com o ouro. O grego Panagiotis Alevizos foi bronze. Na classe PTWC (cadeirantes), o paulista Lucas Rodrigues garantiu a terceira posição, atrás do tunisiano Fathu Zwoukhi (primeiro) e do francês Julien Viot (segundo). No parabadminton, Vitor decidiu o título de simples de sua classe contra o chinês Lin Naili. Mesmo no país do adversário, o brasileiro, que tem nanismo, mostrou o porquê de ter sido medalhista paralímpico de bronze nos Jogos de Paris (França), em 2024. Ele venceu por 2 sets a 1, de virada, com parciais de 19/21, 21/18 e 21/16. Este foi o segundo pódio brasileiro no Torneio da China. Na última sexta-feira (4), Kauana Beckenkamp assegurou o bronze na disputa individual da classe SL3 (atletas com deficiência moderada e equilíbrio limitado nos membros inferiores, mas que competem de pé). Ela foi superada na semifinal pela chinesa Faifei Gu, por 2 sets a 0 (21/12 e 23/21). Vale lembrar que o Brasil foi anunciado, em julho, como sede do Campeonato Mundial de parabadminton , em 2028. A competição será no Centro de Treinamento Paralímpico, em São Paulo, entre 14 e 20 de fevereiro, cerca de seis meses antes da Paralimpíada de Los Angeles (Estados Unidos). Outra medalha conquistada na sexta veio no Campeonato Mundial de Paraciclismo de Estrada, em Huntsville (Estados Unidos). A paulista Jéssica Messali foi bronze na prova de contrarrelógio entre as atletas da classe WH3 (handbikes), ao concluir o percurso de 14,6 km em 24min32s33. O topo do pódio foi ocupado pela australiana Lauren Parker (23min03s62), seguida da francesa Anais Vincent (23min36s99).	Agência Brasil	esportes	False
https://agenciabrasil.ebc.com.br/esportes/noticia/2026-09/ex-tecnico-da-selecao-parreira-recebe-alta-apos-80-dias-internado	2026-09-05	Ex-técnico da Seleção, Parreira recebe alta após 80 dias internado	Ele foi internado para tratar uma inflamação pulmonar	O ex-técnico da Seleção Brasileira de Futebol Carlos Alberto Parreira, 83 anos, recebeu alta médica neste sábado (5), depois de ficar 80 dias internado no Hospital Samaritano Barra, da Rede Américas, no Rio de Janeiro. Ele foi internado para tratar uma inflamação pulmonar. Segundo o hospital, Parreira seguirá em acompanhamento domiciliar e ambulatorial para monitoramento do estado geral de saúde. Durante o período de hospitalização, o ex-técnico foi acompanhado pela equipe do pneumologista Arthur Vianna e por profissionais multidisciplinares da unidade. Em 2023, foi diagnosticado com linfoma de Hodgkin – tipo de câncer que afeta o sistema de defesa do organismo. Desde 2025, segue com acompanhamento médico permanente. Professor de educação física, formado pelo Exército, Parreira é um dos nomes mais vitoriosos da história do futebol brasileiro. Parreira foi preparador físico da Seleção no tricampeonato mundial de 1970 e técnico do Brasil na conquista do tetracampeonato, em 1994. Também comandou a equipe nas Copas de 1986 e 2006 e foi coordenador técnico em 2014. Pela Seleção, conquistou ainda a Copa América de 2004 e a Copa das Confederações de 2005.	Agência Brasil	esportes	False
https://agenciabrasil.ebc.com.br/esportes/noticia/2026-09/brasil-goleia-tanzania-na-estreia-na-copa-do-mundo-sub-20-feminina	2026-09-05	Brasil goleia Tanzânia na estreia na Copa do Mundo sub-20 feminina	Evelin, atacante do Santos, brilha com dois gols no segundo tempo	A caminhada da seleção feminina de futebol na Copa do Mundo sub-20 deste ano, que ocorre na Polônia, começou da melhor forma possível. Neste sábado (5), as brasileiras venceram a Tanzânia por 4 a 1, em Bielsko-Biala, pelo Grupo B da competição. Dominante em campo, o Brasil abriu o marcador aos 13 minutos. A meia Vitorinha, do São Paulo, cobrou falta pela esquerda, a defesa da Tanzânia tentou afastar e a sobra ficou com a zagueira Thaynara, do Botafogo, que finalizou da meia-lua, acertando o canto da goleira Nusra Jafari. Aos 37, a zagueira Sofia, do Flamengo, derrubou Winfrida Gerald dentro da área, após um passe errado da goleira Thais Lima, do Benfica (Portugal). A própria meia cobrou e deixou tudo igual antes do intervalo. A seleção brasileira não se abalou e voltou a ficar na dianteira aos três minutos da etapa final. A meia Nogueira, da Ferroviária, lançou Evelin na ponta esquerda. A atacante do Santos ganhou da zagueira Asha Omary na velocidade, invadiu a área e chutou forte e rasteiro, sem chance de defesa. Aos 22, a parceria Nogueira-Evelin voltou a funcionar. A meia tocou por cima da marcação para a chegada da atacante, às costas de Omary, outra vez pelo lado esquerdo. A brasileira, em nova finalização cruzada, anotou o segundo gol dela. O triunfo verde e amarelo foi sacramentado aos 35 minutos . Após falta de Omary em cima da atacante Gisele, do Grêmio, quase na entrada da área pela esquerda, Vitorinha cobrou o tiro livre com perfeição, buscando o ângulo direito de Jafari, que ainda tocou na bola, mas sem conseguir evitar o quarto da seleção da técnica Camilla Orlando. As brasileiras voltam a campo na terça-feira (8), às 10h (horário de Brasília), contra o Canadá. Três dias depois, a adversária será a Inglaterra, no mesmo horário. Os dois jogos também serão em Bielsko-Biala. O Brasil mira o primeiro título na história da Copa do Mundo sub-20 feminina. Em duas ocasiões, o país ficou na terceira posição, nas edições de 2006 e 2022. Nessa última, a equipe contava com jogadoras que já integram convocações da seleção principal, como a goleira Gabi Barbieri, a lateral Bruninha, as zagueiras Lauren e Tarciane, a volante Yaya e as atacantes Priscila, Luany, Dudinha, Gio Garbelini e Aline Gomes.	Agência Brasil	esportes	False
https://agenciabrasil.ebc.com.br/esportes/noticia/2026-09/tv-brasil-transmite-ferroviaria-e-flamengo-pelo-brasileirao-feminino	2026-09-05	TV Brasil transmite Ferroviária e Flamengo pelo Brasileirão Feminino	Partida vale uma vaga na semifinal	A TV Brasil transmite neste sábado (5) o jogo que vale uma vaga na semifinal do Campeonato Brasileiro Feminino Série A1 2026. A emissora pública exibe o duelo de volta entre Ferroviária e Flamengo a partir das 16h10 , direto da Arena Fonte Luminosa, em Araraquara, São Paulo. No confronto de ida, disputado no Estádio Luso-Brasileiro, as Meninas da Gávea venceram por 1 a 0, com gol de Mariana aos 3 minutos do primeiro tempo. Com essa vantagem, o Rubro-Negro avança com qualquer vitória ou empate . As Guerreiras Grenás precisam vencer por dois ou mais gols de diferença para ficar com a vaga no tempo normal. Um triunfo paulista por um gol de vantagem leva a decisão para os pênaltis. As exibições fazem parte da estratégia da TV Brasil , a tela do futebol feminino, para ampliar a visibilidade da modalidade no país. Pelo terceiro ano consecutivo, o canal público exibe os jogos da elite feminina. Também serão transmitidos os confrontos decisivos das Séries A2 e A3, a partir das semifinais. Além disso, o público poderá acompanhar as decisões das categorias de base pelo título do Brasileirão Feminino Sub-17 e Sub-20. A equipe de profissionais que comanda as transmissões do Brasileirão Feminino conta com o narrador Thiago Julianelli e um time de mulheres formado pelas comentaristas Brenda Balbi e Rachel Motta e as repórteres Marília Arrigoni e Verônica Dalcanal. As competições ganham ainda mais visibilidade por meio da parceria com os canais que formam a Rede Nacional de Comunicação Pública (RNCP) , que podem retransmitir a programação da TV Brasil em seus estados. A edição de 2026 do campeonato mobiliza 18 equipes que se enfrentam em turno único na fase de classificação. Os oito primeiros avançam para a segunda fase. As etapas a partir das quartas de final são disputadas no formato de mata-mata com duelos de ida e volta. Os times reunidos na Brasileirão Feminino Série A1 são: América (MG), Atlético Mineiro, Bahia, Botafogo, Corinthians, Cruzeiro, Ferroviária, Flamengo, Fluminense, Grêmio, Internacional, Juventude, Mixto (MT), Palmeiras, Red Bull Bragantino, Santos, São Paulo e Vitória. Aproveite o mata-mata na Série A1 e ajude a escolher a vencedora da categoria Craque da Torcida do Prêmio TV Brasil Petrobras Para Elas. A premiação criada pela TV Brasil e pela Petrobras vai reconhecer ainda atletas, treinadores e treinadoras, dirigentes, departamentos de futebol feminino e clubes que se destacarem ao longo da temporada de 2026. A votação da categoria com voto popular já está aberta , é gratuita e tem votos ilimitados! Acesse ebc.com.br/premiotvbrasilpetrobrasparaelas até 31 de outubro. Ao vivo e on demand Acompanhe a programação da TV Brasil pelo canal aberto, TV por assinatura e parabólica. Sintonize: https://tvbrasil.ebc.com.br/comosintonizar. Seus programas favoritos estão no TV Brasil Play , pelo site http://tvbrasilplay.com.br ou por aplicativo no smartphone. O app pode ser baixado gratuitamente e está disponível para Android e iOS. Assista também pela WebTV: https://tvbrasil.ebc.com.br/webtv. Serviço Brasileirão Feminino Série A1 – Ferroviária X Flamengo – Sábado (5), a partir das 16h10, na TV Brasil . TV Brasil na internet e nas redes sociais	Agência Brasil	esportes	False
https://agenciabrasil.ebc.com.br/esportes/noticia/2026-09/wsl-exclui-etapa-de-abu-dhabi-do-circuito-mundial-de-surfe-deste-ano	2026-09-04	WSL exclui etapa de Abu Dhabi do circuito mundial de surfe deste ano	Mudança ocorre devido à instabilidade na região e restrições de vôos	A Liga Mundial de Surfe (World Surf League-WSL) excluiu a etapa de Abu Dhabi Pro, nos Emirados Árabes Unidos, do calendário deste ano do circuito mundial. A decisão foi anunciada nesta sexta-feira (4) pela entidade, que alegou limitações logísticas como restrições de vôos na região, que sofre com a guerra entre Estados Unidos e Irã. A etapa de Abu Dhabi, inicialmente programada outubro, já fora remarcada pela WSL para o período de 25 a 29 de novembro, na tentativa de manter a competição no calendário de 2025.. “Exploramos todas as opções para manter o Surf Abu Dhabi Pro no calendário deste ano”, disse Ryan Crosby, diretor-executivo da WSL, em nota oficial. “Infelizmente, as condições atuais e as limitações logísticas tornaram impossível seguirmos em frente. Foi uma decisão difícil, mas a certa neste momento. Valorizamos nossa parceria com o Surf Abu Dhabi e esperamos retornar”, concluiu. Com a retirada da etapa dos Emirados Árabes, o circuito mundial de surfe seguirá com 12 etapas. O formato do Mundial, segundo a WSL, será mantido, com três resultados descartáveis ao longo da temporada. Faltam apenas quatro etapas para o término do circuito, sendo que a próxima em Trestles, na Califórnia (EUA), definirá os 22 melhores surfistas homens e as 14 melhores atletas mulheres que avançarão para a pós-temporada (etapas de Peniche, em Portugal; e Cloud 9, nas Filipinas). Os campeões mundiais serão conhecidos na grande etapa final, a Pipe Masters, no icônico pico de surfe no Havaí. Atualmente o potiguar Ítalo Ferreira ocupa a vice-liderança do ranking mundial , atrás apena do italiano Fioravanti. Completando o top 5 estão o atual campeão Yago Dora, o tricampeão Gabriel Medina, e o paulista Miguel Pupo. Na disputa feminina, a brasileira-americana Luana Silva ocupa a quinta posição. Etapa 9 - Lexus Trestles Pro - 11 a 20 de setembro de 2026; Etapa 10 - MEO Rip Curl Pro Portugal - 16 a 25 de outubro de 2026; Etapa 11 - Philippines Pro apresentado pela Philippine Sports Commission - 31 de outubro a 10 de novembro de 2026; Etapa 12 - Lexus Pipe Masters - 8 a 20 de dezembro de 2026.	Agência Brasil	esportes	False
https://agenciabrasil.ebc.com.br/esportes/noticia/2026-09/tv-brasil-transmite-decisao-entre-itabirito-e-minas-brasilia	2026-09-05	TV Brasil transmite domingo decisão entre Itabirito e Minas Brasília	Jogo do Brasileirão Feminino A2 vale vaga na grande final	Neste domingo (6), a TV Brasil transmite ao vivo a partida de volta da semifinal do Brasileirão Feminino Série A2 entre Itabirito e Minas Brasília. A decisão, que define uma das finalistas da temporada nacional, vai ao ar a partir das 10h50, direto da Arena do Jacaré, em Sete Lagoas (MG), com bola rolando às 11h. A vaga na grande final segue totalmente aberta após o empate em 1 a 1 no confronto de ida, disputado no último sábado (29) no Estádio Bezerrão, no Gama (DF). Com o acesso à elite do Brasileirão Feminino Série A1 de 2027 já garantido por ambas as equipes, o foco total agora é o título da Série A2. Uma vitória simples basta para colocar qualquer um dos lados na final; em caso de nova igualdade no placar, a vaga será decidida nas cobranças de pênalti. Quem avançar enfrentará o vencedor da chave entre Atlético-PI e Vasco. A transmissão integra a estratégia da TV Brasil de ampliar a visibilidade das competições femininas. Além da Série A2, a emissora também exibe jogos das Séries A1 e A3 do Brasileirão Feminino, a grande final da competição sub-17 e exibiu as partidas da Liga de Basquete Feminino (LBF). A equipe de profissionais que comanda as transmissões do Brasileirão Feminino conta com o narrador Thiago Julianelli e um time de mulheres formado pelas comentaristas Brenda Balbi e Rachel Motta e as repórteres Marília Arrigoni e Verônica Dalcanal. As competições ganham ainda mais visibilidade por meio da parceria com os canais que formam a Rede Nacional de Comunicação Pública (RNCP), que podem retransmitir a programação da TV Brasil em seus estados. Aproveite o clima de decisão e ajude a escolher a vencedora da categoria Craque da Torcida do Prêmio TV Brasil Petrobras Para Elas. A premiação criada pela TV Brasil e pela Petrobras vai reconhecer ainda atletas, treinadores e treinadoras, dirigentes, departamentos de futebol feminino e clubes que se destacarem ao longo da temporada de 2026. A votação da categoria com voto popular já está aberta, é gratuita e tem votos ilimitados! Acesse ebc.com.br/premiotvbrasilpetrobrasparaelas até 31 de outubro. Acompanhe a programação da TV Brasil pelo canal aberto, TV por assinatura e parabólica. Sintonize . Seus programas favoritos estão no TV Brasil Play ou por aplicativo no smartphone. O app pode ser baixado gratuitamente e está disponível para Android e iOS. Assista também pela WebTV .	Agência Brasil	esportes	False
https://agenciabrasil.ebc.com.br/esportes/noticia/2026-09/tv-brasil-transmite-neste-sabado-decisao-do-brasileirao-feminino-a3	2026-09-05	TV Brasil transmite neste sábado decisão do Brasileirão Feminino A3	Partida entre Juventude SE e Planalto GO será às 21h20 em Aracaju	A taça do Campeonato Brasileiro Feminino A3 2026 será definida neste sábado (5), e a TV Brasil acompanha todas as emoções ao vivo a partir das 21h20. Juventude-SE e Planalto-GO entram no gramado da Arena Batistão, em Aracaju (SE), para o confronto de volta que consagrará uma campeã inédita no futebol nacional. O Planalto largou na frente na disputa, ao vencer o duelo de ida por 1 a 0 no Estádio Aníbal Batista de Toledo, em Aparecida de Goiânia (GO). Com a vantagem no placar agregado, o time goiano joga por um simples empate para soltar o grito de campeão. Do outro lado, o Juventude precisa vencer por dois ou mais gols de diferença para virar a série e ficar com o título no tempo normal. Uma vitória das sergipanas por apenas um gol de vantagem leva a definição para a cobrança de pênaltis. As duas finalistas já carimbaram vaga na Série A2 de 2027, ao lado de Realidade Jovem-SP e Portuguesa-AP. As exibições fazem parte da estratégia da TV Brasil, a tela do futebol feminino, para ampliar a visibilidade da modalidade no país. Pelo terceiro ano consecutivo, o canal público exibe os jogos da elite feminina . Também serão transmitidos os confrontos decisivos das Séries A2 e A3, a partir das semifinais. Além disso, o público poderá acompanhar as decisões das categorias de base pelo título do Brasileirão Feminino Sub-17 e Sub-20. A equipe de profissionais que comanda as transmissões do Brasileirão Feminino conta com o narrador Thiago Julianelli e um time de mulheres formado pelas comentaristas Brenda Balbi e Rachel Motta e as repórteres Marília Arrigoni e Verônica Dalcanal. As competições ganham ainda mais visibilidade por meio da parceria com os canais que formam a Rede Nacional de Comunicação Pública (RNCP), que podem retransmitir a programação da TV Brasil em seus estados. A Série A3 do Brasileirão Feminino é formada por 32 clubes. A Confederação Brasileira de Futebol (CBF) dividiu essas equipes em oito grupos, com quatro times em cada. Nesta edição, a primeira fase ocorreu em dois turnos, assim cada equipe disputou seis partidas. Avançaram para as oitavas de final os dois mais bem colocados de cada chave, que se enfrentaram em cruzamento direto conforme a tabela oficial. Nessa etapa, todo o mata-mata foi disputado em jogos de ida e volta. Os quatro semifinalistas da competição garantiram acesso à Série A2 do Brasileirão de 2026. Aproveite o clima de decisão no Brasileirão Feminino A3 e ajude a escolher a vencedora da categoria Craque da Torcida do Prêmio TV Brasil Petrobras Para Elas. A premiação criada pela TV Brasil e pela Petrobras vai reconhecer ainda atletas, treinadores e treinadoras, dirigentes, departamentos de futebol feminino e clubes que se destacarem ao longo da temporada de 2026. A votação da categoria com voto popular já está aberta, é gratuita e tem votos ilimitados! Acesse ebc.com.br/premiotvbrasilpetrobrasparaelas até 31 de outubro. Acompanhe a programação da TV Brasil pelo canal aberto, TV por assinatura e parabólica. Sintonize: https://tvbrasil.ebc.com.br/comosintonizar. Seus programas favoritos estão no TV Brasil Play., ou por aplicativo no smartphone. O app pode ser baixado gratuitamente e está disponível para Android e iOS. Assista também pela WebTV .	Agência Brasil	esportes	False
https://agenciabrasil.ebc.com.br/esportes/noticia/2026-09/brasileirao-feminino-comeca-definir-semifinalista-nesta-sexta-feira	2026-09-04	Brasileirão Feminino começa a definir semifinalistas nesta sexta-feira	Palmeiras e Bahia duelam às 21h30 com transmissão ao vivo da TV Brasil	"A partir desta sexta (4), as emoções voltam a aflorar no Campeonato Brasileiro Feminino A1. Ao longo do fim de semana, serão conhecidas as quatro equipes que avançam às semifinais da competição em 2026. A TV Brasil transmite dois dos quatro confrontos, inclusive o primeiro deles, na noite de hoje. Palmeiras e Bahia duelam na Arena Barueri a partir das 21h30 (horário de Brasília). Depois do empate por 1 a 1 no jogo de ida, na última segunda (31), em Salvador, outra igualdade no placar fará com que a vaga seja decidida nos pênaltis. Quem vencer se classifica. As Palestrinas têm a seu favor o ótimo desempenho em casa no campeonato: em nove jogos, foram sete triunfos, dois empates e nenhuma derrota. ""A técnica Rosana Augusto, do Palmeiras, deve fazer algumas modificações para esse jogo de volta, que deve ser muito disputado, mas com leve favoritismo para o Palmeiras por jogar em casa"", projeta Rachel Motta, comentarista da TV Brasil. Um post compartilhado por Brasileirão Feminino (@brfeminino) Neste sábado (5), às 16h30, a TV Brasil também transmite o confronto entre Ferroviária e Flamengo, na Fonte Luminosa, em Araraquara (SP). A equipe carioca foi a única mandante a vencer nos jogos de ida (1 a 0) e agora joga por um empate para se classificar. O gol de Mariana, logo no começo da partida, deixa o Rubro-Negro em vantagem e exige que as Guerreiras Grenás vençam por pelo menos dois gols de diferença para conquistar a vaga nos 90 minutos. Em todo o campeonato, a Ferroviária conseguiu três triunfos por essa diferença (4 a 1 sobre o América-MG, 3 a 0 Sobre o Mixto e 2 a 0 sobre o Vitória), sempre em casa. Se vencer por apenas um gol de diferença, seguirá para a definição nos pênaltis. O Flamengo tenta dar a fim a uma sequência de nove títulos de equipes paulistas na principal competição do futebol feminino brasileiro. O último time de fora do estado a ganhar o campeonato foi justamente o Rubro-Negro, em 2016. ""A Ferroviária dentro de casa é muito forte, mas acredito que se o Flamengo repetir a organização e a forma como jogou no jogo de conseguirá se classificar"", afirma Rachel Motta. No mesmo dia e horário, São Paulo e Grêmio se enfrentarão no Estádio Brinco de Ouro, em Campinas, depois do empate por 0 a 0 no confronto de ida, no Rio Grande do Sul. A situação é a mesma do duelo entre Palmeiras e Bahia: empate significa disputa por pênaltis e vitória automaticamente classifica o vencedor. O Grêmio, que passou da primeira fase na oitava e última vaga, terá que superar o Tricolor paulista, dono da melhor campanha da fase de classificação. Um dos resultados que levaram as Soberanas à liderança foi a vitória sobre o próprio Grêmio por 3 a 1, na sétima rodada, em abril. Fechando a fase de quartas de final, o Corinthians aparece como o mandante em situação mais confortável. O Timão chega para o duelo de volta contra o Cruzeiro, na segunda (7), no Canindé, às 17h, como a única a equipe a ter vencido fora de casa no jogo de ida. O 1 a 0 em Belo Horizonte foi conquistado graças a um golaço de Vic Albuquerque aos 50 minutos do segundo tempo. As Brabas podem empatar que avançam para a semifinal. Uma vitória da equipe mineira por um gol de diferença leva a definição do classificado para os pênaltis. Para confirmar a classificação ainda nos 90 minutos, as Cabulosas terão que vencer por dois ou mais gols de diferença. Fora de casa, o time mineiro só venceu duas vezes neste campeonato."	Agência Brasil	esportes	False
https://agenciabrasil.ebc.com.br/esportes/noticia/2026-09/alcaraz-alerta-que-calendario-cheio-contribui-para-lesoes-de-tenistas	2026-09-03	Alcaraz alerta que calendário cheio contribui para lesões de tenistas	Número 3 do mundo planeja fazer mais pausas durante a temporada	O tenista número três do mundo, Carlos Alcaraz, afirmou que planeja fazer mais pausas no circuito e alertou que o calendário lotado está contribuindo para lesões e fadiga entre os jogadores. O espanhol, que voltou às quadras no US Open após um longo afastamento devido a uma lesão no punho sofrida em abril, disse que as exigências do calendário tornam impossível para os jogadores disputarem todos os grandes torneios sem correr o risco de esgotamento. “Tirei mais tempo do que gostaria, mas, vendo como o calendário é apertado, não quero ter que fazer essa pausa por causa de uma lesão”, disse Alcaraz aos repórteres após derrotar Jaime Faria por 4/6, 6/0, 6/3 e 6/2 na quarta-feira (2). “No futuro, vou tirar algumas pausas longas. Talvez não quatro meses, mas um mês, dois meses, perdendo alguns torneios, porque é impossível disputar todos eles.” Desde 2025, sete dos nove torneios ATP Masters 1000 foram ampliados para 12 dias, com apenas Monte Carlo e Paris mantendo seus formatos tradicionais de uma semana. A ATP afirmou que os jogadores controlam suas próprias agendas e que está trabalhando para incentivar um número adequado de partidas durante a temporada. “Eles estão adicionando mais torneios importantes. De certa forma, estão nos obrigando a jogar”, disse o espanhol. “Você pode recusar e decidir sua agenda, mas há alguns Masters 1000, alguns Grand Slams, e acabamos jogando 40 semanas se tivermos que disputar todos os torneios obrigatórios que a ATP exige que joguemos.” Alcaraz destacou o número crescente de lesões no circuito, com Jannik Sinner, Jack Draper, Holger Rune e João Fonseca entre os atletas que perderam o US Open deste ano. “Estamos vendo muitos jogadores se lesionando e ficando cansados. Se nada for feito a respeito, veremos ainda mais casos no futuro”, acrescentou ele. * É proibida a reprodução deste conteúdo.	Agência Brasil	esportes	False
https://agenciabrasil.ebc.com.br/esportes/noticia/2026-09/fifa-abre-inscricoes-para-voluntarios-na-copa-do-mundo-feminina-2027	2026-09-03	Fifa abre inscrições para voluntários na Copa do Mundo Feminina 2027	Há 6 mil postos nas áreas de mídia, gestão de competições e cerimônias	A Fifa iniciou nesta quinta-feira (3) as inscrições para vagas de voluntários na Copa do Mundo de futebol feminino no Brasil, a primeira da América do Sul, que começa em 24 de junho de 2027. Há seis mil postos nas áreas de mídia, gestão de competições, cerimônias, tecnologia, transporte e operações de mão de obra. Não é exigida experiência prévia dos interessados. Os selecionados serão distribuídos pelas cidades-sede do Mundial (Belo Horizonte, Brasília, Fortaleza, Porto Alegre, Recife, Rio de Janeiro, Salvador e São Paulo). Os voluntários desempenharão mais de 30 funções nos locais oficiais, entre eles, estádios, hotéis, centros de treinamento e aeroportos. Os interessados devem efetuar a inscrição no site https://www.fifa.com/pt/tournaments/womens/womensworldcup/brazil-2027/volunteers “Os voluntários desfrutam de uma experiência única e passam a fazer parte da equipe por trás de um dos maiores eventos esportivos do planeta. Durante todo o torneio, os voluntários da Fifa vão contar com o apoio de uma equipe experiente e receber um uniforme completo, presentes, tudo em reconhecimento a contribuição deles. É uma oportunidade, com certeza, de fazer contatos, conhecer pessoas de todo o mundo e aprender ou desenvolver novas habilidades. É uma experiência realmente valiosa e rende memórias para toda vida”, detalhou Aline Pellegrino, diretora executiva de Legado e Relações Institucionais da Copa Feminina no Brasil. Um post compartilhado por FIFA Volunteer (@fifavolunteer) Para se candidatar é necessário: Segundo Aline Pelegrino, o domínio de outros idiomas pode ser um diferencial no processo de seleção. O Mundial de futebol masculino no Brasil em 2014 contou com a participação de 13 mil voluntários. Faltam 294 dias para a abertura do Mundial Feminino (de 24 de junho a 25 de julho de 2027). Além do Brasil - classificado por ser o país-sede -, a competição reunirá outras 31 nações. Comandada pelo técnico Arthur Elias, a seleção brasileira busca o título mundial inédito. Veja mais detalhes no Repórter Brasil da TV Brasil:	Agência Brasil	esportes	False
https://agenciabrasil.ebc.com.br/esportes/noticia/2026-09/dupla-de-luisa-stefani-vence-estreia-e-avanca-no-us-open	2026-09-03	Dupla de Luisa Stefani vence estreia e avança à 2ª rodada do US Open	Brasileira e canadense Dabrowiski estão confirmadas no WTA Finals	A tenista brasileira Luisa Stefani venceu com tranquilidade a estreia nas duplas femininas do US Open, em Nova York (Estados Unidos), jogando ao lado da canadense Gabriela Dabrowski. Elas avançaram à segunda rodada nesta quinta-feira (3) após derrotarem a parceria da russa Irina Khromacheva com a tcheca-moldava Anastasia Detiuc por 2 sets a 0, com parciais de 6/1 e 6/3. As adversárias na próxima rodada serão as vencedoras do duelo entre a dupla da italiana Sara Errani com a austríaca Lilli Tagger contra as norte-americanas  Anicka Penickova e Kristina Penickova. A partida será nesta sexta-feira (4), em horário ainda a ser definido. QUALIFICATION CONFIRMED 👏 Gabriela Dabrowski & Luisa Stefani confirm their place at the WTA Finals Indian Wells! Becoming champions in Dubai, Strasbourg & Eastbourne, as well as finalists at Wimbledon, gets them a place on the #TheUltimateStage 💪 #WTAFinals pic.twitter.com/Pr1LYijt59 Antes mesmo da estreia em Nova York, a parceria Brasil-Canadá comemorou a classificação antecipada para o WTA Finals, competição com as oito melhores duplas da temporada, entre os dias 8 e 15 de novembro em Indian Wells, na Califórnia (EUA). Stefani e Dabrowski formam a segunda melhor dupla do ano com três títulos ( WTA 1000 de Dubai , WTA 500 de Estrasburgo ) e WTA 250 de Eastbourne) e classificação à final de Wimbledon e às semifinais do Aberto da Austrália e de Roland Garros. No ano passado, Stefani foi vice-campeã do WTA Finals na Arábia Saudita quando jogava em parceria com a húngara Timea Babos. Primeira brasileira a estrear nesta quinta (3) no US Open foi Laura Pigossi em parceria com a húngara Panna Udvardy. No entanto, elas se despediram precocemente do torneio, ao serem superadas por 2 sets a 0 (6/3 e 6/0). Cinco brasileiros entram em quadra nesta sexta (4) para a primeira rodada das duplas masculinas – os horários seguem indefinidos. Ao lado do taiwanês Ray Ho, o gaúcho Marcelo Demoliner encara os norte-americanos Jackson Withrow e Nathaniel Lammons. A dupla 100% brasileira formada por Rafael Matos e Orlando Luz terá pela frente os norte-americanos Nikita Samuel Filin e Brandon Carpico. Ex-parciero de Rafael Matos nas quadras, o mineiro Marcelo Melo competirá no US Open ao lado do australiano John Peers. Eles medirão forças com a dupla do sérvio Miomir Kecmanovic com o australiano James Duckworth. Por fim, a parceria do carioca Fernando Romboli com o francês Térence Atmane encara os alemães Kevin Krawietz e Tim Puetz.	Agência Brasil	esportes	False
https://agenciabrasil.ebc.com.br/esportes/noticia/2026-09/cbf-anuncia-amistosos-da-selecao-brasileira-contra-japao-e-singapura	2026-09-03	CBF anuncia amistosos da seleção brasileira contra Japão e Singapura	Confrontos em território asiático serão nos dias 14 e 17 de novembro	"A Confederação Brasileira de Futebol (CBF) anunciou, no fim da noite dessa quarta-feira (2), a realização de dois amistosos da seleção masculina no mês de novembro, ambos em Singapura. No dia 14, às 7h15 (horário de Brasília), o adversário será o Japão. Três dias depois, às 7h, o Brasil encara os anfitriões. Os confrontos serão disputados no Estádio Nacional de Singapura, inaugurado em 2014 e com capacidade para 55 mil pessoas. A partida contra os donos da casa será inédita. O jogo contra o Japão, por sua vez, reedita o duelo pela fase 16 avos de final da última Copa do Mundo, em Houston (Estados Unidos), vencida pelo Brasil por 2 a 1. ""Enfrentar Japão e Singapura nos permitirá observar o comportamento da equipe em contextos diferentes, algo fundamental neste início de ciclo"", argumentou o técnico Carlo Ancelotti, em depoimento à CBF. ""É mais uma oportunidade de nos reunirmos, de estarmos juntos, ter esse convívio, que é de fundamental importância para o nosso ciclo"", complementou o coordenador geral de seleções masculinas, Rodrigo Caetano, também ao site da entidade. Antes de Singapura, o Brasil três três compromissos - todos fora de casa. Os dois primeiros contra a Austrália, ambos em setembro. No dia 25, a bola rola a partir das 7h, no Queensland Country Bank, em Townsville. No dia 29, no mesmo horário, a partida será no Suncorp Stadium, em Brisbane. Por fim, no dia 3 de outubro, a seleção brasileira enfrenta a Índia, às 11h, no Salt Lake Stadium, em Calcutá. A convocação para os jogos na Austrália e Índia será na próxima quarta-feira (9), às 15h, na sede da CBF, na Barra da Tijuca, zona oeste do Rio de Janeiro. Será a primeira lista de Ancelotti desde a eliminação para a Noruega nas oitavas de final da última Copa."	Agência Brasil	esportes	False
https://agenciabrasil.ebc.com.br/esportes/noticia/2026-09/sabalenka-interrompe-partida-do-us-open-por-cheiro-forte-de-maconha	2026-09-04	"Sabalenka interrompe partida do US Open por ""cheiro forte de maconha"""	Número 1 do mundo alertou árbirtra quando vencia o primeiro set	A tenista número um do mundo, Aryna Sabalenka, passou por uma situação inusitada durante sua partida da terceira rodada do Aberto dos EUA, nesta sexta-feira (4), interrompendo o jogo para alertar a arbitragem sobre um forte cheiro de maconha que invadia a quadra do estádio Louis Armstrong. Sabalenka, que havia começado bem e estava vencendo por 3/0 contra a uzbeque Kamilla Rakhimova, levantou a questão durante seu segundo game de saque, apontando o cheiro antes da retomada da partida. “Alguém está fumando maconha”, disse a cabeça de chave número um Sabalenka à árbitra Eva Asderaki-Moore enquanto sacava com 30-0. “Você se importaria de... porque o cheiro está muito forte.” O cheiro de maconha se tornou algo familiar — embora indesejado — em Flushing Meadows, com jogadores reclamando dessa distração no passado. Embora não seja permitido fumar dentro do recinto, o uso recreativo de maconha é legal para adultos maiores de 21 anos em Nova York, e a fumaça proveniente de pessoas no Flushing Meadows-Corona Park, nas proximidades, pode se espalhar até o complexo de tênis e chegar às quadras. * É proibida a reprodução deste conteúdo.	Agência Brasil	esportes	False
https://agenciabrasil.ebc.com.br/esportes/noticia/2026-09/vasco-e-palmeiras-avancam-e-se-enfrentam-na-semi-da-copa-do-brasil	2026-09-03	Vasco e Palmeiras avançam e se enfrentam na semi da Copa do Brasil	Cruzmaltino vence Vitória e Verdão administra vantagem sobre Santos	A noite dessa quarta-feira (2) definiu um dos confrontos das semifinais da Copa do Brasil: Vasco e Palmeiras. Os jogos estão previstos para as duas primeiras semanas de novembro, em datas e horários que ainda serão definidos pela Confederação Brasileira de Futebol (CBF). O Cruzmaltino derrotou o Vitória por 2 a 0 no Barradão, com transmissão da Rádio Nacional. Na Vila Belmiro, o Verdão não saiu do zero com o Santos, mas avançou graças ao triunfo no jogo de ida, por 3 a 0, no Nubank Parque, em São Paulo. Esta é a terceira vez seguida que o Gigante da Colina chega às semifinais da Copa do Brasil. Em 2025, a equipe carioca se classificou à final eliminando o rival Fluminense. No ano anterior, foi superada pelo Atlético-MG. Já o Alviverde não chegava a essa fase desde a campanha de 2020, quando foi campeão. A etapa inicial em Salvador foi movimentada. O Vitória, tendo que ganhar após a derrota por 1 a 0 no jogo de ida, há uma semana, em São Januário, no Rio de Janeiro, foi quem chegou primeiro. Aos sete minutos, na sobra de um cruzamento que o zagueiro Carlos Cuesta não conseguiu afastar, o atacante Renato Kayzer cabeceou com perigo e mandou perto da trave esquerda. A resposta do Vasco foi ainda mais perigosa. Aos 29, o lateral Lucas Piton cruzou pela esquerda e o atacante Claudio Spinelli, de cabeça, carimbou a trave direita. Os donos da casa fizeram Léo Jardim trabalhar aos 42 minutos, em cobrança de falta do lateral Mateus Silva, da intermediária pela esquerda. A bola quicou na pequena área e o goleiro vascaíno fez a defesa no reflexo. No minuto seguinte, o Cruzmaltino ficou no quase com Ramon Rique. Após cruzamento do lateral Puma Rodriguez pela esquerda, o meia apareceu na pequena área e cabeceou no cantinho, rente à trave. Nos acréscimos, aos 46, o atacante Andrés Gómez invadiu a área pela esquerda com liberdade e driblou o zagueiro Cacá. Na hora da finalização, o equatoriano não pegou bem e mandou à direita da meta rubro-negra. As redes do Barradão até balançaram aos dez minutos, mas o gol foi anulado. O zagueiro Luan Cândido, de cabeça, completou o cruzamento do atacante Diego Tarzia. O defensor, porém, teve a posição irregular detectada pela tecnologia do impedimento semiautomático. O Vitória se lançou com tudo ao ataque, mas quem se deu bem foi o Vasco. Aos 35, Gómez disparou em contra-ataque, escapou da marcação do atacante Marinho e de Luan Cândido e bateu da entrada da área, no canto esquerdo do goleiro Lucas Arcanjo. O gol abateu o time da casa, e o Cruzmaltino aproveitou para criar mais oportunidades. Aos 51, veio o golpe de misericórdia: Puma Rodríguez tabelou com o atacante Facundo Colídio na área e chutou cruzado para anotar o segundo e definir o confronto. Precisando diminuir o quanto antes a vantagem do Palmeiras, o Santos se lançou ao ataque, mas não transformou a pressão em oportunidades claras. A melhor chance veio na bola parada, aos 12 minutos, com Neymar. O atacante cobrou falta com força, da intermediária, mas o goleiro Carlos Miguel se esticou no canto direito para defender. Nos contra-ataques, o Palmeiras teve as chances mais perigosas da primeira etapa. Aos 17, Maurício recebeu do atacante Flaco López, quase na pequena área, mas a batida de primeira foi por cima. Dez minutos depois, após finalização do lateral Agustín Giay pela direita, salva pelo goleiro Gabriel Brazão, Maurício pegou o rebote. Apesar do gol vazio, o meia chutou novamente para fora. A missão santista ficou mais difícil com a saída de Neymar. Pouco antes do intervalo, o camisa 10 sentiu dores no posterior da coxa direita. Ele seguiu em campo até o fim do primeiro tempo, mas deu lugar ao atacante Rony na volta para a segunda etapa. Sem que os anfitriões conseguissem repetir o ímpeto do início do jogo, o clássico em Santos (SP) ficou morno. O único susto da etapa final ocorreu aos 11 minutos, em cabeçada perigosa de Vitor Roque após cruzamento pela direita do lateral Khellven. O atacante palmeirense mandou à esquerda do gol. Confortável com a vantagem do jogo de ida, o Palmeiras apenas controlou o empate e festejou a classificação. Pela terceira vez (em três confrontos), o Verdão leva a melhor sobre o Santos na Copa do Brasil, repetindo 1998 (semifinais) e 2015 (final). O primeiro classificado às semifinais foi o Atlético-MG. Na última terça-feira (1º), o Galo bateu o Cruzeiro por 2 a 1, de virada, na Arena MRV. Na semana anterior, os rivais tinham empatado por 1 a 1 no Mineirão, também em Belo Horizonte. A Raposa saiu na frente aos 30 minutos do primeiro tempo, em pênalti convertido pelo atacante Kaio Jorge. Na etapa final, aos 32, o meia Victor Hugo deixou tudo igual. Dez minutos depois, o volante Fred, recém-contratado pelo time alvinegro, fez o gol da vitória. O adversário do Atlético-MG nas semifinais sai de outro clássico, Nesta quinta-feira (3), Grêmio e Internacional se enfrentam em Porto Alegre, na Arena tricolor, às 20h (horário de Brasília).	Agência Brasil	esportes	False
https://agenciabrasil.ebc.com.br/esportes/noticia/2026-09/parataekwondo-brasil-fatura-4-medalhas-em-grand-prix-na-coreia-do-sul	2026-09-04	Parataekwondo: Brasil fatura 4 medalhas em Grand Prix na Coreia do Sul	País arrematou um ouro, uma prata e dois bronzes na cidade de Muju	O parataekwondo brasileiro faturou quatro medalhas (um ouro, uma prata e dois bronzes) nesta sexta-feira (4) no Grand Prix de Muju (Coreia do Sul), que contou com 120 atletas de 27 nacionalidades. A paraibana Silvana Fernandes foi campeã na categoria até 57 quilos ao derrotou na final a chinesa Yuji Lie por 2 a 0. Já o paranaense Gustavo Antonio Ruppel levou a prata nos 58 kg, após sofrer revés na final para o azerbaijano Sabir Zeynalov por 2 a 0. Um post compartilhado por World Taekwondo (@worldtaekwondo) O Brasil somou ainda dois bronzes. O primeiro com a gaúcha Maria Eduarda Stumpf, que perdeu a semifinal dos 57 kg para a compatriota Silvana Fernandes - que depois seria campeã. No parataekwondo não há disputa pelo terceiro lugar. O segundo bronze do país ficou com a mineira Ana Carolina Moura, superada pela tailandesa Awipa Phiaphan, por 2 a 0, na categoria dos 65 kg. Todas as disputas do parataekwondo ocorreram na classe K44 (atletas com comprometimento físico-motor que afeta os membros superiores), a única no programa oficial dos Jogos Paralímpicos. Os pódios no Grand Prix de Muju distribuírma até 60 pontos no ranking mundial, que serve de parâmetro para a classificação para a Paralimpíada de Los Angeles 2028.	Agência Brasil	esportes	False
https://agenciabrasil.ebc.com.br/esportes/noticia/2026-09/flamengo-vence-e-fica-um-ponto-do-palmeiras-lider-do-brasileirao	2026-09-02	Flamengo vence e fica a um ponto do Palmeiras, líder do Brasileirão	Rubro-Negro bate Mirassol no Maracanã em jogo atrasado da 4ª rodada	O Flamengo depende apenas de si para assumir a liderança do Campeonato Brasileiro. Nesta quarta-feira (2), o Rubro-Negro encarou o Mirassol no Maracanã e venceu por 2 a 0, em jogo atrasado da quarta rodada da competição. A partida, inicialmente agendada para 26 de fevereiro, teve que ser remarcada devido ao jogo de volta contra o Lanús, no Rio de Janeiro, pela Recopa Sul-Americana. Na ocasião, os cariocas perderam dos argentinos por 3 a 2, na prorrogação, ficando com o vice. O resultado desta quarta levou o Flamengo aos 51 pontos, apenas um a menos que o Palmeiras - a diferença, em agosto, chegou a estar em nove pontos. Neste domingo (6), o Rubro-Negro pega o Remo no Mangueirão, às 16h (horário de Brasília) - a Rádio Nacional transmite ao vivo. Se pontuar em Belém, assume a liderança provisória e pressiona o Verdão, que vai ao Rio encarar o Botafogo às 18h30, no Nilton Santos. Os cariocas ainda terão o jogo contra o próprio time alviverde. O jogo pela 36ª rodada será em novembro, com mando dos paulistas, em data e horário a serem anunciados pela Confederação Brasileira de Futebol (CBF). O Mirassol, estacionado nos 25 pontos, perdeu a oportunidade de se afastar da zona de rebaixamento, que engloba as quatro piores campanhas do Brasileirão (o chamado Z-4). Em 16º lugar, o Leão Caipira soma os mesmos 25 pontos de Vasco (17º) e Internacional (18º), mas supera o Cruzmaltino no confronto direto e o Colorado pelo número de vitórias (seis a cinco). A rede do Maracanã precisou de 13 minutos para balançar. Em contra-ataque iniciado pelo volante Erick Pulgar, Samuel Lino recebeu pela esquerda, entrou na área e rolou para o também atacante Pedro, que abriu na direita para o meia Jorge Carrascal bater forte e abrir o marcador. O Flamengo ampliou pouco antes do intervalo. Aos 42, Carrascal recebeu pela direita e cruzou para o meia Lucas Paquetá, de cabeça, mandar para o gol. Na segunda etapa, o Mirassol teve que trocar os goleiros, Walter, lesionado, dando lugar a Alex Muralha, que reencontrou o Flamengo pela primeira vez no Maracanã desde que deixou o clube, em 2017. O time paulista equilibrou as ações e pressionou o Rubro-Negro na reta final da partida, mas sem conseguir mudar a história da partida.	Agência Brasil	esportes	False
https://agenciabrasil.ebc.com.br/esportes/noticia/2026-09/brasileirao-feminino-bahia-e-palmeiras-ficam-no-1-1-pelas-quartas	2026-09-01	Brasileirão Feminino: Bahia e Palmeiras ficam no 1 a 1 pelas quartas	Partida de volta será sexta-feira (4), com transmissão da TV Brasil	Tudo igual no confronto entre Bahia e Palmeiras pelas quartas de final da Série A1 (primeira divisão) do Campeonato Brasileiro Feminino de Futebol. Na noite desta segunda-feira (31), as Mulheres de Aço e as Palestrinas empataram por 1 a 1 na Casa de Apostas Arena Fonte Nova, em Salvador. A TV Brasil transmitiu o duelo ao vivo. A partida opôs times que finalizaram a primeira fase separados por sete pontos. O Verdão, com 36 pontos, foi o terceiro colocado, enquanto as tricolores, com 29, ficaram na sexta colocação . No jogo anterior entre as equipes, pela nona rodada, que foi exibido pela emissora da Empresa Brasil de Comunicação ( EBC ), o placar ficou em branco, também na Fonte Nova. Quem abriu o marcador foi o Palmeiras. Aos 28 minutos, a lateral Raíssa Bahia - atuando como atacante - carregou a bola pelo meio e acionou a volante Brena. A meio-campista, da entrada da área, chutou no canto esquerdo da goleira Yanne, que se esticou para defender, sem êxito. O Bahia empatou em um contra-ataque letal, aos 44 minutos. Após grande defesa de Yanne em conclusão de Raíssa Bahia na pequena área, depois de cruzamento rasteiro da lateral Ana Guzmán pela direita, a meia Raquel saiu em velocidade e lançou Wendy Carballo pela esquerda. A atacante uruguaia invadiu a área, escapou de Giovanna Campiolo e bateu. A bola desviou na também zagueira Pati Maldaner e saiu do alcance da goleira Kate Tapia. O equilíbrio se manteve na segunda etapa. As Palestrinas tiveram a oportunidade de voltar à frente aos 14 minutos, em pênalti cometido pela lateral Dan Nunes em Tainá Maranhão . A também atacante Bia Zaneratto foi para a cobrança e bateu no canto direito baixo, mas parou em ótima defesa de Yanne. A goleira tricolor foi crucial outras vezes para evitar o revés em casa. Aos 29, Tainá Maranhão recebeu pouco antes da marca do pênalti e rolou na esquerda para a atacante Gláucia finalizar cruzado e parar em Yanne. Dois minutos depois, a camisa 12 salvou um chute de Tainá Maranhão, dentro da área, na sobra de uma disputa entre Bia Zaneratto e a volante Ángela Gómez. A partida de volta será sexta-feira (4), na Arena Barueri, às 21h30 (horário de Brasília), novamente com transmissão da TV Brasil. Uma vitória simples na grande São Paulo, para qualquer um dos lados, garante a classificação no tempo normal. Em caso de novo empate, a decisão será nos pênaltis.	Agência Brasil	esportes	False
https://agenciabrasil.ebc.com.br/esportes/noticia/2026-09/mesmo-com-nota-10-medina-e-vice-campeao-da-etapa-de-fiji-da-wsl	2026-09-02	Mesmo com nota 10, Medina é vice-campeão da etapa de Fiji da WSL	Brasileiro ficou perto do título ao virar placar a 5 minutos do fim	O surfista brasileiro Gabriel Medina é vice-campeão da etapa de Fiji (Oceania), a oitava do circuito de surfe, a World Surf League (WSL). O paulista de São Sebastião ficou bem perto do título durante uma final eletrizante contra o norte-americano Cole Houshmand na noite desta quarta-feira (2). O brasileiro saiu atrás do placar e a cinco minutos do fim da bateria, quando precisava de nota 9.66 para virar o marcador, desceu um ótima onda que lhe valeu nota 10. No fim, o norte-americano cravou outra boa nota (8.37) e fechou com somatório mais alto: 16.87 contra 15.17 do brasileiro. Antes da decisão do título, também nesta quarta, Medina cravou duas vitórias seguidas. Tricampeão mundial (2014, 2018 e 2021), o paulista subiu da quinta para a quarta posição no ranking da temporada. O compatriota Ítalo Ferreira segue na liderança, seguido pelo italiano Leonardo Fioravanti em segundo. Completam o top 5 o catarinense Yago Dora (4º) e o paulista Miguel Pupo (5º).  Já o norte-americano Cole Houshmand, campeão em Fiji, subiu da 22ª para a 17ª posição na tabela. Na disputa feminina, o título ficou com a canadense Erin Brooks, em razão da desistência da adversária, a australiana Isabela Nichols, que se lesionou. Um post compartilhado por World Surf League (@wsl) Natural de São Sebastião, no litoral paulista, Medina começou a quarta-feira esbanjando precisão técnica nas ondas tubulares de esquerda de Cloudbreak, um dos famosos picos de surfe das Ilha Fiji. O brasileiro eliminou o francês Kauli Vasst, que derrotara antes o compatriota Miguel Pupo nas oitavas, com somatório de 15.66 (9.33 + 6.33), contra 7.55 (5.33 + 2.00) do europeu. Depois nas semifinais, Medina voltou a brilhar ao cravar 9.77 - a segunda melhor nota do dia - ao pegar um tubo perfeito na disputa contra o norte-americano Griffin Colapinto. O brasileiro avançou à final com somatório 19.04 (notas 9.77 e 9.27), enquanto Colapinto totalizou apenas 14.57 (7.50 e 7.07). A etapa de Fiji foi retomada na tarde de terça (1º), após alguns dias de paralisação por conta das condições do mar. A disputa recomeçou com as baterias das oitavas de final, com cinco brasileiros ainda na disputa, dos quais só avançaram Yago Dora e Medina. Atual campeão mundial, Dora sobrou diante do japonês Kanoa Igarashi com somatório 14.40 contra 6.83 do asiático. No entanto, foi eliminado na primeira bateria das quartas - única disputada na madrugada de hoje (2) - pelo norte-americano Cole Housmand. Já Medina se classificou às quartas com centésimos de vantagem sobre Barron Mamiya (13.77 contra 13.33). Líder da temporada, o potiguar Ítalo Ferreira caiu na oitavas, assim como os irmãos Samuel e Miguel Pupo. O Brasil contou com outros cinco representantes desde o início da etapa, que começou em 25 de agosto. Filipe Toledo, Alejo Muniz, Matheus Herdy e João Chianca se despediram precocemente na estreia, assim como Luana Silva, única representante feminina do país na temporada. Na disputa feminina, o título ficou com a canadense Erin Brooks, em razão da desistência da adversária, a australiana Isabela Nichols, que se lesionou.	Agência Brasil	esportes	False
https://agenciabrasil.ebc.com.br/esportes/noticia/2026-09/selecao-brasileira-tera-1a-convocacao-pos-copa-em-9-de-setembro	2026-09-02	Seleção brasileira terá 1ª convocação pós-Copa em 9 de setembro	Brasil fará amistosos contra Austrália e Índia na próxima Data Fifa	A primeira convocação da seleção brasileira pós-Copa do Mundo está programada para a próxima quarta-feira (9), a partir das 15h (horário de Brasília). A data foi confirmada hoje pela CBF. O técnico italiano Carlo Ancelotti anunciará os 26 jogadores que enfrentarão Austrália e Índia em três amistosos fora do país na próxima Data Fifa (entre 21 de setembro e 6 de outubro). Os jogos serão os primeiros do ciclo de preparação para o Mundial de 2030, com sedes em Espanha, Portugal, Marrocos, Uruguai, Argentina e Paraguai. Ancelotti divulgará a lista de convocados na sede da CBF, no Rio de Janeiro, com transmissão ao vivo na CBF TV, no YouTube. É grande a expectativa em torno da primeira lista do técnico italiano após a eliminação precoce do Brasil para a Noruega, nas oitavas de final do Mundial deste ano. Além de acompanhar os jogos no país, o treinador passou a última semana na Europa, acompanhando jogos com atletas brasileiros que defendem clubes franceses e ingleses. A Super Data FIFA vem aí! 🇧🇷💛 Na próxima quarta-feira, 9 de Setembro, às 15h (de Brasília), teremos a divulgação dos 26 nomes que disputarão os três amistosos que fazem parte da agenda da Seleção nos meses de setembro e outubro. 25/09 • 🇦🇺vs🇧🇷 29/09 • 🇦🇺vs🇧🇷 03/10 • 🇮🇳vs🇧🇷… pic.twitter.com/8xu6MMmj5g O Brasil enfrentará a Austrália duas vezes na casa dos adversários. O primeiro confronto será em 25 de setembro (uma sexta-feira), às 7h (horário de Brasília), no estádio Queensland Country Bank, em Townsville. Quatro dias depois, as duas seleções voltam a duelar, no mesmo horário, no estádio Suncorp, em Brisbane. Já a partida contra a Índia está programada para 3 de outubro (um sábado), às 11h, no estádio Salt Lake, em Calcutá.	Agência Brasil	esportes	False
https://agenciabrasil.ebc.com.br/esportes/noticia/2026-09/barcelona-anuncia-contratacao-do-atacante-gabriel-jesus-por-tres-anos	2026-09-01	Barcelona anuncia contratação do atacante Gabriel Jesus por três anos	Brasileiro deixa o Arsenal após após quatro temporadas	O Barcelona, atual campeão espanhol, contratou o atacante brasileiro Gabriel Jesus, do Arsenal, em um acordo de três anos, informaram os clubes nesta terça-feira (1º). Nenhum dos clubes divulgou detalhes financeiros da transação, embora a mídia britânica tenha informado que o Barcelona pagou cerca de 8,6 milhões de libras (R$ 59,8 milhões) pelo jogador de 29 anos. Gabriel Jesus é a sexta contratação do Barcelona nesta janela de transferências, após as chegadas de Anthony Gordon, Karim Adeyemi, Rodri, João Cancelo e do goleiro Dominik Livakovic. A contratação ocorre em meio a especulações sobre o interesse do Barcelona no atacante Julián Álvarez, do Atlético de Madri, que se mostrou relutante em vender o jogador da seleção argentina para seu rival nacional. Um post compartilhado por FC Barcelona (@fcbarcelona) Jesus deixa o Arsenal após quatro temporadas no norte de Londres, tendo chegado do Manchester City em 2022. Ele disputou 123 partidas em todas as competições pelo clube londrino, marcando 32 gols, e atuou 27 vezes durante a campanha que levou o time ao título da Premier League na última temporada. No entanto, ele havia perdido espaço no time, com Kai Havertz e Viktor Gyokeres sendo os preferidos no ataque. Antes de se transferir para o Arsenal, Jesus conquistou quatro títulos da Premier League durante uma passagem de seis anos pelo Manchester City, onde marcou 95 gols em 236 partidas em todas as competições. Gabriel Jesus disputou mais de 200 partidas da Premier League e marcou mais de 70 gols no campeonato. O Arsenal também anunciou a saída do meio-campista Fabio Vieira, que se transferiu para o clube alemão Hamburgo. * É proibida a reprodução deste conteúdo.	Agência Brasil	esportes	False
https://agenciabrasil.ebc.com.br/esportes/noticia/2026-09/ferrari-celebra-1a-vitoria-de-michael-schumacher-em-monza-ha-30-anos	2026-09-01	Ferrari celebra 1ª vitória de Michael Schumacher em Monza há 30 anos	Alemão somou 5 títulos consecutivos na escuderia a partir de 1996	A Ferrari apresentará uma pintura especial e um uniforme da equipe em Monza neste fim de semana para comemorar a primeira vitória de Michael Schumacher no Grande Prêmio da Itália com a equipe de Fórmula 1 e sua década em Maranello, de 1996 a 2006. Este ano marca os 30 anos desde que o heptacampeão mundial, na época com dois títulos conquistados, deixou a Benetton para se juntar à Ferrari. A chegada do alemão transformou a equipe e deu início a um período de ouro para a Ferrari, com Schumacher conquistando cinco campeonatos consecutivos e a equipe, seis títulos consecutivos de construtores. Schumacher, hoje com 57 anos, não é visto em público desde que sofreu uma grave lesão cerebral em um acidente enquanto esquiava nos Alpes franceses, em dezembro de 2013. Um post compartilhado por Scuderia Ferrari HP (@scuderiaferrari) A Ferrari informou que os carros SF-26 de Charles Leclerc e Lewis Hamilton, também heptacampeão, terão uma pintura inspirada na primeira Ferrari 310 de Schumacher — predominantemente vermelha, com detalhes em branco nas asas e em preto, além de sete estrelas e o logotipo do alemão com as letras M e S. Também estarão em exibição três carros da carreira de Schumacher na Ferrari — o F310, o 248 de 2006 e o F2002, de uma das temporadas mais dominantes de todos os tempos. O carro de 2002 será pilotado pelo ex-companheiro de equipe de Schumacher Rubens Barrichello, no sábado (5), e pelo tetracampeão Sebastian Vettel no domingo (6). A vitória de Schumacher em Monza, em 1996, foi a primeira da Ferrari em casa desde 1988, e a equipe retorna neste fim de semana com boas chances de conquistar mais uma vitória, já que Leclerc e Hamilton venceram uma vez cada nesta temporada e a equipe ocupa o segundo lugar na classificação. Um post compartilhado por Scuderia Ferrari HP (@scuderiaferrari) A Ferrari venceu pela última vez em Monza em 2024 com Leclerc, que também venceu em 2019. Hamilton, que se juntou à Ferrari no ano passado, já venceu cinco vezes em Monza com McLaren e Mercedes. O italiano Kimi Antonelli, líder do campeonato pela Mercedes, deve largar no final do grid devido a penalidades decorrentes de motor. * É proibida a reprodução deste conteúdo.	Agência Brasil	esportes	False
https://agenciabrasil.ebc.com.br/esportes/noticia/2026-08/corinthians-vence-cruzeiro-e-fica-um-empate-das-semifinais	2026-08-31	Corinthians vence Cruzeiro e fica a um empate das semifinais	Gol de Vic no fim do jogo coloca as Brabas em vantagem	"O Corinthians saiu na frente do Cruzeiro pelas quartas de final da Série A1 (primeira divisão) do Campeonato Brasileiro Feminino de futebol. Nesta segunda-feira (31), as Brabas venceram as Cabulosas por 1 a 0 na Arena Independência, em Belo Horizonte. O duelo foi amplamente dominado pelas paulistas, que balançaram as redes nos instantes finais, mas poderiam ter vencido por uma margem de gols até maior se não fosse Cláudia. A goleira do Cruzeiro fez pelo menos três defesas fundamentais, que vinham garantindo o empate às donas da casa até os acréscimos. Os times se reencontram na próxima segunda-feira (7), às 17h (horário de Brasília), em local a ser definido. O Timão, anfitrião da partida, costuma jogar no Parque São Jorge, mas o estádio tem capacidade menor que a exigida pela Confederação Brasileira de Futebol (CBF) para o mata-mata, que é de 10 mil lugares. As alvinegras têm a vantagem do empate para o duelo de volta. As mineiras precisam vencer por dois ou mais gols de diferença para se classificarem no tempo normal. Se o placar agregado terminar empatado, a decisão será nos pênaltis. O confronto reedita a final do último Brasileirão Feminino. Em 2025, o primeiro jogo também foi no Independência e as equipes empataram em 2 a 2. Na partida de volta, disputada na Neo Química Arena, em São Paulo, o Corinthians venceu por 1 a 0 e ficou com o título pela sétima vez, sendo a sexta consecutiva. As Brabas mostraram, desde os primeiros movimentos, qual seria a tônica do jogo. Aos 11 minutos, a lateral Tamires cobrou falta pela direita e a atacante Jhonson desviou, de cabeça, na pequena área, parando em Cláudia. Aos 33, Jhonson escorou pelo alto, perto da meia-lua, e deixou Gabi Zanotti na cara do gol. A meia escapou da zagueira Vitória Calhau e chutou na saída da goleira, mas a volante Capelinha, em cima da linha, evitou que as Brabas abrissem o placar. Seis minutos depois, Gabi Zanotti tentou surpreender Cláudia, que estava um pouco adiantada, e arriscou da intermediária pela esquerda. A goleira do time mineiro conseguiu se recuperar e mandou para escanteio com a ponta dos dedos. O cenário se manteve na volta do intervalo. O Corinthians aproveitou os muitos erros de passe do Cruzeiro para ""alugar"" o campo de ataque. A primeira boa chance do segundo tempo veio aos 22 minutos, em chute de primeira de Belén Aquino, de fora da área, que passou muito perto do travessão. No lance seguinte, a atacante uruguaia invadiu a área pela esquerda e rolou para Gisela Robledo, livre, na pequena área. A meia concluiu de primeira, no lado oposto de onde estava Cláudia, mas a goleira, esticando o pé direito, fez uma defesa espetacular, desviando para a trave. Aos 40 minutos, após cobrança de escanteio, Vic Alburquerque venceu a disputa pelo alto e cabeceou buscando o ângulo esquerdo. A também atacante Marília, ajudando o sistema defensivo, salvou quase em cima da linha, também de cabeça. Quando o jogo caminhava para o empate, o Corinthians, enfim, abriu o placar. Aos 50, Vic Albuquerque tentou acionar Robledo na área, a zaga afastou mal e a bola sobrou com a própria atacante, que teve tempo de dominar a bola e acertar um belo chute, indefensável para Cláudia. Foi o gol da vitória."	Agência Brasil	esportes	False
https://agenciabrasil.ebc.com.br/esportes/noticia/2026-08/aos-19-anos-jose-antonio-santos-e-campeao-mundial-de-bocha-em-seul	2026-08-31	Aos 19 anos, José Antônio Santos é campeão mundial de bocha em Seul	País também foi prata com Matheus Carvalho e bronze com Maciel Santos	O Brasil subiu ao pódio três vezes no Mundial de Bocha em Seul (Coreia do Sul) nesta segunda-feira (31), om medalhas de ouro, prata e bronze nas disputas individuais. Aos 19 anos, o potiguar José Antônio Santos foi campeão na classe BC4 (deficiências severas sem opção de auxílio). O dia também foi bom para o mineiro Mateus Carvalho, que faturou prata na classe BC3 (atletas que têm auxílio de um calheiro) e para o medalhista paralímpico Maciel Santos, bronze na classe BC2 (atletas sem opção de auxílio). José Antônio garantiu o topo do pódio ao vencer por 6 a 1 a final contra Yuk Wing Leung, atleta de Hong Kong. O jovem potiguar já brilhara no ano passado com o título inédito para o país no Mundial de Jovens, em Curitiba. Ele tem distrofia muscular de Duchenne, doença genética que causa degeneração progressiva dos músculos. Entre adultos, e José Antônio também foi campeão da Copa América, na Colômbia, em outubro. Um post compartilhado por Comitê Paralímpico Brasileiro (@brasilparalimpico) O segundo pódio do dia foi assegurado por Mateus Carvalho, que chegou à final da classe BC3, ao derrotar na semi o francês Jules Menard por 5 a 0. Na decisão valendo o ouro, o mineiro foi superado pelo australiano Daniel Michel por 3 a 2 e ficou com a prata. Já o cearense Maciel Santos faturou o bronze após cravar 10 a 0 contra o chinês Zhiqiang Yan na disputa pelo terceiro lugar na classe BC2. Maciel foi campeão paralímpico individual nos Jogos de Londres 2012 e Tóquio 2020, e também faturou prata na disputa de pares da Rio 2016. O desempenho brasileiro nos embates individuais de Seul superou o registrado há quatro anos na edição do Rio de Janeiro (um ouro). A competição prossegue até a próxima quinta (3), com as disputas de pares e equipes.	Agência Brasil	esportes	False
https://agenciabrasil.ebc.com.br/esportes/noticia/2026-08/brasileiro-feminino-planalto-go-larga-em-vantagem-na-final-da-a3	2026-08-30	Brasileiro Feminino: Planalto (GO) larga em vantagem na final da A3	Marcelly marca e goleira Lescaut defende pênalti contra Juventude (SE)	O Planalto (GO) abriu vantagem na decisão da Série A3 do Brasileirão Feminino. Jogando no Anibal Batista de Toledo, em Aparecida de Goiânia (GO), com transmissão ao vivo pela TV Brasil, o time da casa fez 1 a 0 no Juventude (SE). O gol da vitória foi marcado logo no início do jogo. Marcelly recebeu um passe no escanteio curto e levantou na área. A goleira Monique, do Juventude (SE), acabou falhando e a bola balançou as redes sergipanas. No final, já aos 51 minutos da etapa final, depois de muita confusão e um pênalti marcado, com auxílio do VAR, para o Juventude (SE), foi a vez da goleira Lescaut se tornar a heroina da partida. Ela defendeu a penalidade cobrada pela Manu e a bola ainda bateu na trave antes de sair. E o placar ficou mesmo em 1 a 0 para as donas da casa. A segunda e decisiva partida será realizada às 21h30 (de Brasília) de 5 de setembro, no Batistão, em Aracaju (SE). O mando de campo pertence ao Juventude, pela melhor campanha durante toda a competição. Apesar disso, não há vantagem além do mando de campo. Dois resultados iguais levam a decisão aos pênaltis. Os dois times brigam pelo título inédito. Acesso à Série A2 O torneio começou com 32 clubes em oito grupos, com quatro equipes cada. Na primeira fase, a competição foi disputada em dois turnos. Avançaram para as oitavas de final os dois melhores de cada grupo para o início dos mata-matas. Os quatro da semifinal estavam garantidos na Série A2 em 2027. A Portuguesa (AP) perdeu por 3 a 0 no placar agregado para o Juventude (SE) e acabou fora das finais do torneio. Mas, se tornou o primeiro clube do Amapá a conquistar uma vaga em uma divisão nacional, entrando para a história do futebol do Amapá. A outra semifinalista, Realidade Jovem (SP), perdeu os dois jogos para o Planalto (GO) por 2 a 0 e 2 a 1, mas também garantiu o acesso.	Agência Brasil	esportes	False
https://agenciabrasil.ebc.com.br/esportes/noticia/2026-08/manchester-city-confirma-contratacao-do-atacante-allan-do-palmeiras	2026-08-31	Manchester City confirma contratação do atacante Allan, do Palmeiras	Jogador catarinense permanecerá no clube britânico por cinco anos	O Manchester City confirmou a contratação do atacante brasileiro Allan Elias, de 22 anos, vindo do Palmeiras, com um contrato de cinco anos, a sexta contratação do clube para a temporada. “Allan é um jogador realmente empolgante, e acreditamos que ele será uma grande aquisição para o elenco”, disse o diretor de futebol do City, Hugo Viana, em comunicado divulgado nesta segunda-feira (31). “Ele tem demonstrado, ao longo de sua curta carreira até agora, que vai lutar para dar o melhor de si.” Segundo reportagens, o City concordou em pagar cerca de 40 milhões de euros (R$ 240,4 milhões) pelo jogador, que passou pelas categorias de base do clube paulista e disputou 96 partidas pelo time principal. Elliot Anderson, Geronimo Rulli, Ayyoub Bouaddi, Jeremy Monga e Pierce Charles também se juntaram ao clube durante esta janela de transferências. “Este é um momento surreal para mim. O Manchester City, com tudo o que conquistou nos últimos 15 anos, é um dos clubes mais atraentes do mundo para os jogadores”, disse Allan. “Poder estar aqui hoje e dizer que me juntei a eles é o momento de maior orgulho da minha vida. Amo o Palmeiras e sempre amarei — mas a decisão de vir para o City foi fácil.” Allan, nascido em Florianópolis, disse que espera ser “mais um bom brasileiro” na Premier League e seguir os passos de jogadores como Gabriel Jesus, Ederson e Fernandinho, que conquistaram títulos da Premier League com o City. * É proibida a reprodução deste conteúdo.	Agência Brasil	esportes	False
https://agenciabrasil.ebc.com.br/esportes/noticia/2026-08/jacky-godmann-e-gabriel-nascimento-sao-prata-no-mundial-de-canoagem	2026-08-30	Jacky Godmann e Gabriel Nascimento são prata no Mundial de Canoagem	No último dia, Brasil fatura 1° medalha mundial sem Isaquias	Jacky Godmann e Gabriel Nascimento conquistaram a prata no C2 500m neste domingo (30) . Essa medalha e o ouro de Isaquias Queiroz no C1 500m, no sábado (29), foram os pódios brasileiros no torneio. Na final do C2 500m, a dupla verde e amarela fez uma prova forte e terminaram na segunda colocação, com o tempo de 1min39s81, apenas 58 centésimos atrás dos campeões, os atletas independentes Zakhar Petrov e Ivan Shtyl, que marcaram 1min39s23. Foi o primeiro pódio mundial sênior da dupla e também a primeira medalha do Brasil em um Mundial de canoagem velocidade sem Isaquias Queiroz. O Brasil levou mais seis medalhas na Paracanoagem, sendo quatro pratas e dois bronzes. Com o resultado, a delegação terminou o Mundial com 1 ouro, 5 pratas e 2 bronzes: na sétima colocação geral do quadro de medalhas. A primeira medalha do dia no Mundial de Paracanoagem veio com Fernando Rufino. O Cowboy foi vice-campeão mundial no KL2M200m. Em uma final extremamente equilibrada, o brasileiro completou a prova em 42s79, apenas três centésimos atrás do australiano Curtis McGrath, que levou o ouro com 42s76. Na sequência, o Brasil voltou ao pódio no KL3M200m, em uma dobradinha nacional. Gabriel Porto conquistou a medalha de prata, com 39s91. Logo atrás, Miqueias Rodrigues ficou com o bronze, com 40s68. O ouro da prova foi para o georgiano Serhii Yemelianov, que marcou 39s82.	Agência Brasil	esportes	False
https://agenciabrasil.ebc.com.br/esportes/noticia/2026-08/lionel-messi-anuncia-aposentadoria-da-selecao-argentina	2026-08-31	Lionel Messi anuncia aposentadoria da seleção argentina	Jogador argentino tomou a decisão dois dias após a morte do pai	"Lionel Messi, que foi capitão da Argentina na conquista da Copa do Mundo de 2022 e na final de 2026, anunciou nesta segunda-feira (31) sua aposentadoria da seleção argentina. O recordista com oito Bolas de Ouro é o jogador com mais partidas disputadas e mais gols marcados pela ""albiceleste"", com 125 gols em 207 jogos, tendo transformado uma relação complicada com a seleção nacional em uma história de redenção e triunfo. “Foi uma decisão que doeu e ainda dói na alma, mas entendo que chegou a hora. Juro a vocês que sempre dei tudo de mim — não apenas nestes últimos anos, quando conquistamos tudo, mas também antes disso; sempre lutei e dei tudo em campo por esta camisa, para trazer alegria a vocês e fazer com que se sintam orgulhosos de serem argentinos por meio do futebol”, publicou o jogador de 39 anos no Instagram. Um post compartilhado por Leo Messi (@leomessi) “O tempo está se esgotando, capítulos chegam ao fim, e este é um que me dói profundamente. Eu amo, sempre amei e sempre amarei fazer parte da seleção nacional. Dei tudo o que tinha; não tenho mais nada a oferecer e, além disso, há ótimos jogadores jovens surgindo que merecem estar aqui.” A derrota para a Espanha na final da Copa do Mundo deste ano impediu que Messi tivesse uma despedida digna de conto de fadas, mas seu lugar entre os grandes nomes do futebol já estava garantido há muito tempo. Após anos de decepções com a Argentina, incluindo a derrota na final da Copa do Mundo de 2014 e em finais consecutivas da Copa América, Messi conquistou seu primeiro grande título internacional na Copa América de 2021, antes de levar seu país à glória na Copa do Mundo de 2022, no Catar. O ex-atacante do Barcelona e do Paris Saint-Germain, que agora joga pelo Inter Miami, conquistou mais um título da Copa América em 2024 e chegou à sua sexta Copa do Mundo na esperança de encerrar sua carreira com um capítulo final extraordinário. A derrota por 1 a 0 para a Espanha, após a prorrogação, fez com que isso não acontecesse, mas Messi, que estreou pela Argentina em 2005, se despede tendo saído da sombra de Diego Maradona, capitão campeão da Copa do Mundo de 1986, para construir seu próprio legado como mais uma figura marcante na história do futebol de seu país. “Vou embora com a tranquilidade e o orgulho de ter proporcionado a vocês, ao lado dos meus companheiros de equipe, momentos de sonho. Foi uma loucura ter vivido isso com vocês. Eu amo vocês!”, disse Messi na mensagem dirigida aos torcedores. “La Pulga” esclareceu que escreveu essas palavras no dia 21 de julho, dois dias após a final. “Hoje, depois do que aconteceu com meu pai, estou mais convencido do que antes”, concluiu. Jorge Messi faleceu há algumas semanas, aos 68 anos, após lutar contra uma longa doença. Após o anúncio, que surpreendeu o mundo do futebol, federações, clubes e jogadores dedicaram mensagens ao astro e à sua grande trajetória internacional com a “albiceleste”. “Eterna gratidão, Leo. Vamos te amar até o fim de nossos dias”, disse a Associação Argentina de Futebol em sua conta oficial no X. Um post compartilhado por Selección Argentina (@afaseleccion) Ángel Di María, Leandro Paredes, Rodrigo De Paul, Cristian Romero e outros companheiros também deixaram suas mensagens nas redes sociais para “o capitão”. “Seremos gratos a você pelo resto de nossas vidas por ser argentino, por levar a Argentina ao topo do mundo e por escolher este país quando você poderia facilmente ter escolhido outro”, disse Di María em uma postagem nas redes sociais. “Seu amor incondicional pelo nosso país, suas lutas internas para nunca desistir, sua força para sempre suportar as injustiças, sua liderança e qualidade humana... O maior da história”, afirmou De Paul. Muitos argentinos se mostraram emocionados com a notícia nas ruas de Buenos Aires. “Eu vi o Maradona, vi muitos jogadores, o (Mario) Kempes, mas o Messi é superlativo, ou seja, não tem comparação”, destacou Carlos Sciata, um trabalhador de 57 anos. A aposentadoria do astro nascido em Rosário teve um efeito especial nos jovens argentinos, que não conhecem uma seleção nacional sem a presença dele. “Desde que sou criança, sempre o vi jogar. Ou seja, nunca vivi uma seleção sem o Messi, então, bem, vai ser difícil”, disse à Reuters Francisca Mieth, uma estudante de 18 anos. “O mais importante que Messi deixou foi o fato de insistir, persistir, perseguir um sonho, uma meta, um objetivo e, não importa o que os outros digam, se dedicar até conseguir e não desistir”, afirmou José Aramburu, um passeador de cães de 36 anos. * É proibida a reprodução deste conteúdo."	Agência Brasil	esportes	False
https://agenciabrasil.ebc.com.br/esportes/noticia/2026-08/parapan-pacifico-nadadora-alessandra-quebra-recorde-mundial	2026-08-30	Parapan-Pacífico: nadadora Alessandra quebra recorde mundial	Torneio segue até esse domingo nos EUA com 16 brasileiros	O Brasil fechou mais um dia de disputas do Parapan-Pacífico com excelentes resultados. Neste sábado (29), na cidade de Walnut (Estados Unidos), foram três ouros, duas pratas e dois bronzes, com direito a um recorde mundial da paulista Alessandra Oliveira, nos 100 metros peito, classes S4-9 e S11-14. As provas do Parapan-Pacífico são disputadas no formato multiclasses, em que atletas de diferentes classes competem na mesma série. As classificações às finais e a definição das medalhas são feitas por meio do Índice Técnico da Competição (ITC). O recorde mundial da brasileira veio na prova dos 100m peito, classes S4-9 e S11-14. Alessandra cravou 1min40s63. A marca foi suficiente para Alessandra somar 1.033 pontos na prova, ficando com a prata. O ouro foi para outra brasileira, a paulista Beatriz Flausino. Nos 50m costas, classes S1-S5, o paulista Samuel Oliveira ficou com o ouro, e o mineiro Gabriel Araújo, o Gabrielzinho, ficou com a medalha de bronze. Nos 50m peito S3 (limitação físico-motora), a mineira Patrícia Pereira conquistou a medalha de ouro. A fluminense Lídia Cruz ficou com o bronze. Lídia Cruz ainda garantiu a prata nos 50m costas, classes S2-S5, com o tempo de 49s61. A norte-americana Katie Kubiak, com 40s18 e 1045 pontos ficou com o ouro, estabelecendo o novo recorde das Américas. Leanne Smith, também dos EUA, completou o pódio. O Brasil participa do evento com uma equipe de 16 nadadores no Parapan-Pacifico até esse domingo (30).	Agência Brasil	esportes	False
https://agenciabrasil.ebc.com.br/esportes/noticia/2026-08/de-virada-coritiba-vence-remo-no-fim-da-25a-rodada-do-brasileirao	2026-08-31	De virada, Coritiba vence Remo no fim da 25ª rodada do Brasileirão	Coxa segue na briga por Libertadores e Leão Azul se complica no Z-4	A 25ª rodada do Campeonato Brasileiro terminou na noite desta segunda-feira (31). No Mangueirão, em Belém, o Coritiba superou o Remo por 3 a 2, em jogo com duas viradas no marcador e decidido nos acréscimos do segundo tempo . O Coxa se aproximou da zona de classificação à Libertadores, que envolve as cinco melhores campanhas da competição (o G-5). O clube paranaense foi a 37 pontos e assumiu o sétimo lugar. São três pontos de diferença para o Bahia, quinto colocado. O Leão Azul, que atuou em casa e nutria a esperança de sair da zona de rebaixamento após pouco mais de cinco meses e meio, permanece no grupo das quatro piores campanhas da competição (o Z-4). A equipe paraense, que não vence há cinco jogos, está em 19º lugar, com 23 pontos. As redes balançaram somente na etapa final. Aos dois minutos, o atacante Pedro Rocha cobrou escanteio pela esquerda e o volante José Welison, ao tentar afastar o perigo, cabeceou para a própria meta, abrindo o placar para o Coritiba. O Remo empatou aos 15, em um golaço de Zé Ricardo. O meia recebeu pela esquerda, no bico da entrada da área, escapou da marcação do lateral JP Chermont e do volante Sebastián Gómez e chutou forte. A bola ainda bateu no travessão antes de entrar. A virada saiu quatro minutos depois, em pênalti cometido por JP Chermont em cima de Gabriel Taliari. O também atacante Yago Pikachu teve a cobrança defendida pelo goleiro Pedro Morisco, mas ele próprio aproveitou o rebote para marcar o segundo do Leão Azul. Por 12 minutos, o Remo estava saindo da zona de rebaixamento pela primeira vez desde a quinta rodada. Mas aos 31, Paulo Roberto evitou que a bola saísse pela linha de fundo, quase na pequena área, e rolou para o também atacante Fabinho completar para as redes e deixar tudo igual. Nos acréscimos, veio o gol da vitória paranaense. Aos 48, em contra-ataque puxado por Paulo Roberto, Pedro Rocha recebeu de Gómez e finalizou no canto esquerdo do goleiro Marcelo Rangel, garantindo os três pontos ao Coxa. Confira os demais resultados da 25ª rodada: Atlético-MG 2x1 Vitória São Paulo 2x1 Red Bull Bragantino Vasco 3x1 Cruzeiro Athletico-PR 3x3 Fluminense Flamengo 3x0 Botafogo - transmissão Rádio Nacional Corinthians 0x1 Santos Mirassol 1x1 Palmeiras Grêmio 3x1 Chapecoense Bahia 3x2 Internacional	Agência Brasil	esportes	False
https://agenciabrasil.ebc.com.br/esportes/noticia/2026-08/ferroviaria-e-campea-brasileira-sub-17-feminina	2026-08-30	Ferroviária é campeã brasileira sub-17 feminina	Guerreiras batem Gurias Coloradas por 2 a 1 em Porto Alegre	A Ferroviária conquistou o título de campeã brasileira de futebol sub-17 de 2026 . Na manhã deste domingo (30), com transmissão ao vivo da TV Brasil , a equipe paulista venceu as gaúchas por 2 a 1, no Passo D'Areia, em Porto Alegre, e confirmou a taça depois do 4 a 4 na partida de ida em São Paulo. As Guerreiras Grenás saíram na frente aos 15 minutos de jogo. Marcelinha foi no fundo e cruzou, Evelyn, livre, abriu o placar. O empate colorado veio aos 5 minutos da etapa fjnal. Depois do erro na saída de bola das adversárias, Lara Lay tocou para a artilheira do Brasileirão sub-17, Laurinha: 1 a 1. Aos 35 minutos da etapa final, Sofia, de longe, venceu a goleira e definiu o campeonato: 2 a 1. Líder do Grupo E na primeira etapa, a Ferroviária dominou as rivais Avaí-Kindermann, Adergs e Remo com seis triunfos e saldo de 36 gols. Na etapa anterior, passaram pelo São Paulo.	Agência Brasil	esportes	False
https://agenciabrasil.ebc.com.br/esportes/noticia/2026-08/neste-domingo-radio-nacional-transmite-classico-flamengo-x-botafogo	2026-08-30	Neste domingo, Rádio Nacional transmite clássico Flamengo x Botafogo	Transmissão da 25ª rodada da Série A do Brasileirão começa 15h30	Neste domingo (30), a bola rola no Maracanã para o confronto entre Flamengo e Botafogo, e a Rádio Nacional transmite todos os lances da partida válida pela 25ª rodada da Série A do Brasileirão 2026. A equipe esportiva da emissora entra em campo a partir das 15h30 com as últimas notícias, escalações e o aquecimento completo para a partida marcada para as 16h. Na vice-liderança com 45 pontos, o Flamengo recebe o rival Botafogo e busca a vitória diante de sua torcida para seguir na caça ao topo da tabela, tentando se reabilitar após a derrota sofrida fora de casa para o Cruzeiro. Já o Botafogo, atualmente na 11ª posição com 30 pontos, encara o clássico como uma oportunidade para encerrar uma sequência de três jogos sem vencer, reencontrar a boa fase e ganhar confiança para o restante da competição. As transmissões da Rádio Nacional iniciam com a faixa Show de Bola Nacional e contará com uma equipe completa para levar ao público todas as emoções dos confrontos. A cobertura da partida tem um time de peso na equipe de esportes da emissora: a narração fica por conta de André Luiz Mendes com comentários de Marcelo Smigol. Por fim, Rodrigo Ricardo comanda a reportagem e o plantão de informações da rodada. A transmissão da partida entra no ar para parte da rede em AM e OC, além da FM no Rio de Janeiro, no Alto Solimões e parceiros da Rede Nacional de Comunicação Pública ( RNCP ). A Nacional FM nas demais praças segue com o conteúdo musical. O ouvinte pode ficar ligado nas produções preferidas pelo dial, no app Rádios EBC e no site da emissora. Os áudios ainda estão disponíveis em tempo real por streaming nas duas plataformas. O Campeonato Brasileiro é a liga brasileira de futebol profissional entre clubes do Brasil, sendo a principal competição futebolística no país. Por meio da disputa, são indicados os representantes brasileiros para a Copa Libertadores da América (junto ao campeão da Copa do Brasil). Vinte clubes participam do torneio. No decorrer da temporada, cada time joga duas vezes contra os outros (em um sistema de pontos corridos), uma vez em seu estádio e a outra no de seu adversário, em um total de 38 jogos. As equipes recebem três pontos por vitória e um por empate. Os clubes são classificados pelo total de pontos, depois pelo saldo de gols e, em seguida, pelos gols marcados. Em caso de empate entre dois ou mais times, os critérios de desempate são: maior número de vitórias; maior saldo de gols; maior número de gols pró; confronto direto; menor número de cartões vermelhos recebidos; e menor número de cartões amarelos recebidos. Esporte que é paixão do povo brasileiro, o futebol é um dos destaques da programação da Rádio Nacional , emissora pública referência em transmissões de partidas no país há décadas. Os jogos das principais competições e as notícias mais importantes têm espaço nas jornadas esportivas diárias. Os torcedores podem ficar ligados pelo rádio, site ou streaming para acompanhar as emoções das disputas entre os maiores clubes brasileiros. Antes e depois dos confrontos, o ouvinte se informa sobre a preparação das equipes e a repercussão do placar nas ondas da Nacional. A análise sobre os resultados da rodada ainda ganha janela diária para um rico debate em produções consagradas no radiojornalismo esportivo. A equipe da Rádio Nacional reúne craques da crônica esportiva. São produtores, jornalistas e apresentadores que buscam o diferencial da notícia. Além de informar o público nas ondas do rádio, o time também faz bonito na telinha da TV Brasil . Os profissionais realizam o programa Stadium , de segunda a sexta, às 12h30, e de terça a sexta, às 18h30. Sempre ao vivo, as tradicionais produções da emissora pública trazem análises e apurações atualizadas. O esporte tem espaço destacado na programação do canal. O telejornal diário Repórter Brasil , às 12h45 e às 19h, também oferece uma ampla cobertura dos principais resultados esportivos do dia. Aproveite o clima de decisão e ajude a escolher a vencedora da categoria Craque da Torcida do Prêmio TV Brasil Petrobras Para Elas. A premiação criada pela TV Brasil e pela Petrobras vai reconhecer ainda atletas, treinadores e treinadoras, dirigentes, departamentos de futebol feminino e clubes que se destacarem ao longo da temporada de 2026. A votação da categoria com voto popular já está aberta, é gratuita e tem votos ilimitados! Clique aqui e acesse o link para votar até 31 de outubro. Acompanhe a programação da TV Brasil pelo canal aberto, TV por assinatura e parabólica. Sintonize: https://tvbrasil.ebc.com.br/comosintonizar . Seus programas favoritos estão no TV Brasil Play, pelo site http://tvbrasilplay.com.br ou por aplicativo no smartphone. O app pode ser baixado gratuitamente e está disponível para Android e iOS. Assista também pela WebTV: https://tvbrasil.ebc.com.br/webtv . Campeonato Brasileiro 2026 – Flamengo x Botafogo, domingo (30), a partir das 15h30, na Rádio Nacional RJ, AM, OC e AS + RNCP e Parceiros TV Brasil na internet e nas redes sociais: Site – https://tvbrasil.ebc.com.br Instagram – https://www.instagram.com/tvbrasil YouTube – https://www.youtube.com/tvbrasil X – https://x.com/TVBrasil Facebook – https://www.facebook.com/tvbrasil TikTok – https://www.tiktok.com/@tvbrasil TV Brasil Play - http://tvbrasilplay.com.br WhatsApp Nacional	Agência Brasil	esportes	False
https://agenciabrasil.ebc.com.br/esportes/noticia/2026-08/daniel-cargnin-e-ouro-no-grand-slam-de-lausanne-de-judo	2026-08-29	Daniel Cargnin é ouro no Grand Slam de Lausanne de judô	Medalhista olímpico fatura segundo título de Grand Slam da carreira	O judoca Daniel Cargnin ganhou a medalha de ouro no Grand Slam de Lausanne, na Suíça. Durante a final, na manhã deste sábado, o brasileiro superou o russo Danil Lavrentev com um ippon nos segundos finais da luta após estar perdendo o duelo durante quase todo tempo. Na primeira luta, contra Mikheili Bakhbakhashvli (GEO), o adversário foi desclassificado. Na etapa seguinte, Ibrahim Demiral (TUR) foi excluído após três advertências no golden score. Nas quartas, Cargnin superou Kazbek Naguchev (UAE) com um yuko. Na semifinal, Said-Magomed Khalidov levou um waza-ari no golden score. O vice-campeão mundial da categoria em 2025 e medalhista de bronze nos Jogos Olímpicos de Tóquio em 2021, chegou ao segundo título de Grand Slam depois da etapa de Brasília, em 2019, e soma 10 medalhas no Circuito Mundial .	Agência Brasil	esportes	False
https://agenciabrasil.ebc.com.br/esportes/noticia/2026-08/tv-brasil-exibe-final-do-brasileirao-feminino-sub-17-neste-domingo	2026-08-29	TV Brasil exibe final do Brasileirão Feminino Sub-17 neste domingo	Disputam a taça Internacional e Ferroviária; conheça os times	A TV Brasil exibe ao vivo, neste domingo (30), a partir das 10h50, o confronto decisivo entre Internacional e Ferroviária pela grande final do Campeonato Brasileiro Feminino Sub-17 . O duelo que vale a taça da competição nacional será disputado no Estádio Francisco Novelletto, em Porto Alegre (RS). A decisão chega totalmente em aberto após um primeiro jogo eletrizante na Arena Fonte Luminosa, em Araraquara (SP). Com um ritmo intenso, as equipes marcaram 7 gols apenas no primeiro tempo. No entanto, paulistas e gaúchas ficaram no empate em 4 a 4. Caso o jogo deste domingo volte a terminar com igualdade no placar, a decisão do campeonato será definida com cobranças de pênaltis. A transmissão integra a estratégia da TV Brasil de ampliar a visibilidade das competições femininas. Além da final da competição sub-17, a emissora também exibe jogos das Séries A1, A2 e A3 do Brasileirão Feminino e exibiu as partidas da Liga de Basquete Feminino (LBF). A equipe de profissionais que comanda as transmissões do Brasileirão Feminino conta com o narrador Thiago Julianelli e um time de mulheres formado pelas comentaristas Brenda Balbi e Rachel Motta e as repórteres Marília Arrigoni e Verônica Dalcanal. As competições ganham ainda mais visibilidade por meio da parceria com os canais que formam a Rede Nacional de Comunicação Pública (RNCP) , que podem retransmitir a programação da TV Brasil em seus estados. Aproveite o clima de decisão e ajude a escolher a vencedora da categoria Craque da Torcida do Prêmio TV Brasil Petrobras Para Elas . A premiação criada pela TV Brasil e pela Petrobras vai reconhecer ainda atletas, treinadores e treinadoras, dirigentes, departamentos de futebol feminino e clubes que se destacarem ao longo da temporada de 2026. A votação da categoria com voto popular já está aberta, é gratuita e tem votos ilimitados! Acesse ebc.com.br/premiotvbrasilpetrobrasparaelas até 31 de outubro. Ao vivo e on demand Acompanhe a programação da TV Brasil pelo canal aberto, TV por assinatura e parabólica. Sintonize: https://tvbrasil.ebc.com.br/comosintonizar. Seus programas favoritos estão no TV Brasil Play , pelo site http://tvbrasilplay.com.br ou por aplicativo no smartphone. O app pode ser baixado gratuitamente e está disponível para Android e iOS. Assista também pela WebTV: https://tvbrasil.ebc.com.br/webtv. Serviço Brasileirão Feminino Sub - 17 – Internacional x Ferroviária – Domingo (30), a partir das 10h50, na TV Brasil	Agência Brasil	esportes	False
https://agenciabrasil.ebc.com.br/esportes/noticia/2026-08/isaquias-queiroz-e-campeao-mundial-no-c1-500m-na-polonia	2026-08-29	Isaquias Queiroz é campeão mundial no C1 500m na Polônia	Baiano leva 8° ouro em mundiais e o penta na prova	Isaquias Queiroz escreveu mais uma página dourada na brilhante trajetória na canoagem. O baiano ganhou a prova do C1 500m no Mundial de Canoagem, neste sábado (29), em Poznan (Polônia) com o tempo de 1m46s08. Essa foi a quinta medalha de ouro do brasileiro em mundiais nessa prova (2013, 2014, 2018, 2022 e 2026) e a 15ª na história do torneio (oito ouros, uma prata e seis bronzes). O tcheco Martin Fuksa e o chinês Bowen Ji ficaram com a prata e o bronze, respectivamente. Nos Jogos Olímpicos de Los Angeles 2028, a prova do C1 500m não faz parte do programa. A distância olímpica individual é o C1 1000m, na qual Isaquias não foi ao pódio.	Agência Brasil	esportes	False
https://agenciabrasil.ebc.com.br/esportes/noticia/2026-08/brasileirao-feminino-flamengo-vence-ferroviara-nas-quartas-por-1-0	2026-08-29	Brasileirão Feminino: Flamengo vence Ferroviára nas quartas por 1 a 0	Com falha da zaga, Meninas da Gávea abrem vantagem na competição	O Flamengo venceu a Ferroviária por 1 a 0 na tarde deste sábado (29), na abertura das quartas de final do Brasileirão Feminino. A partida foi realizada no estádio Luso-Brasileiro e teve transmissão ao vivo da TV Brasil . O gol do jogo saiu logo aos 3 minutos da etapa inicial. Cristiane foi no fundo pela esquerda e cruzou na área. A atacante Mariana aproveitou a falha da zaga das Guerreiras Grenás para definir o resultado. Na primeira fase do torneio, as Guerreiras Grenás estavam sem perder nos últimos nove jogos. Elas fecharam a fase de classificação em quarto lugar com 31 pontos. Enquanto isso, as Meninas da Gávea tinham uma sequência de três jogos sem perder e encerraram a etapa em quinto, com 30 pontos. A partida de volta ocorrerá no próximo sábado (5) na Arena Fonte Luminosa, em Araraquara. E também será transmitida ao vivo pela TV Brasil . Também na tarde deste sábado (29), no estádio Alfredo Jaconi, em Caxias do Sul (RS), Grêmio e São Paulo ficaram no 0 a 0. Na partida de volta, no dia 5 de setembro, no Brinco de Ouro da Princesa, em Campinas (SP), quem vencer avança no Brasileirão Feminino. Se houver novo empate, decisão vai aos pênaltis. Na segunda-feira (31) ocorrem os últimos jogos de ida das quartas de final. A partir das 19h15, no Independência, em Belo Horizonte (MG), Cruzeiro e Corinthians se enfrentam. Às 21h30, será a vez de Bahia e Palmeiras abrirem o duelo.	Agência Brasil	esportes	False
https://agenciabrasil.ebc.com.br/esportes/noticia/2026-08/minas-brasilia-e-itabirito-disputam-semifinal-do-brasileirao-feminino	2026-08-29	Minas Brasília e Itabirito disputam semifinal do Brasileirão Feminino	Confronto será transmito neste sábado pela TV Brasil	Neste sábado (29), a TV Brasil leva para as telinhas ao vivo o duelo de ida da semifinal do Brasileirão Feminino Série A2 entre Minas Brasília e Itabirito. As duas equipes iniciam a partir das 21h20 a disputa por uma vaga na grande decisão nacional da temporada direto do Estádio Bezerrão , no Gama (DF). As 'As Minas' carimbaram a vaga na semifinal após superarem o Ação-MT com duas vitórias por 1 a 0 nas quartas de final, primeiro fora de casa e depois no Estádio Bezerrão. O Itabirito avançou com autoridade diante do Sport após empate sem gols na Ilha do Retiro na partida de ida. A equipe mineira venceu a volta por 3 a 0 na Arena do Jacaré. Com a presença na elite do Brasileirão Feminino Série A1 de 2027 já assegurada ao alcançarem a fase semifinal, ambos os clubes entram em campo com o objetivo máximo de conquistar a taça da Série A2. Do outro lado da chave, Atlético-PI e Vasco disputam a outra vaga na final. A transmissão integra a estratégia da TV Brasil de ampliar a visibilidade das competições femininas. Além da Série A2, a emissora também exibe jogos das Séries A1 e A3 do Brasileirão Feminino , a grande final da competição sub-17 e exibiu as partidas da Liga de Basquete Feminino (LBF). A equipe de profissionais que comanda as transmissões do Brasileirão Feminino conta com o narrador Thiago Julianelli e um time de mulheres formado pelas comentaristas Brenda Balbi e Rachel Motta e as repórteres Marília Arrigoni e Verônica Dalcanal. As competições ganham ainda mais visibilidade por meio da parceria com os canais que formam a Rede Nacional de Comunicação Pública (RNCP) , que podem retransmitir a programação da TV Brasil em seus estados. Aproveite o clima de decisão e ajude a escolher a vencedora da categoria Craque da Torcida do Prêmio TV Brasil Petrobras Para Elas. A premiação criada pela TV Brasil e pela Petrobras vai reconhecer ainda atletas, treinadores e treinadoras, dirigentes, departamentos de futebol feminino e clubes que se destacarem ao longo da temporada de 2026. A votação da categoria com voto popular já está aberta , é gratuita e tem votos ilimitados! Acesse ebc.com.br/premiotvbrasilpetrobrasparaelas até 31 de outubro. Ao vivo e on demand Acompanhe a programação da TV Brasil pelo canal aberto, TV por assinatura e parabólica. Sintonize: https://tvbrasil.ebc.com.br/comosintonizar. Seus programas favoritos estão no TV Brasil Play , pelo site http://tvbrasilplay.com.br ou por aplicativo no smartphone. O app pode ser baixado gratuitamente e está disponível para Android e iOS. Assista também pela WebTV: https://tvbrasil.ebc.com.br/webtv. Serviço Brasileirão Feminino Série A2 – Minas Brasília x Itabirito – Sábado (29), a partir das 21h20, na TV Brasil . TV Brasil na internet e nas redes sociais	Agência Brasil	esportes	False
https://agenciabrasil.ebc.com.br/esportes/noticia/2026-08/brasil-garante-3-bronzes-na-abertura-do-grand-slam-de-judo-na-suica	2026-08-28	Brasil garante 3 bronzes na abertura do Grand Slam de judô na Suíça	Etapa inédita do circuito mundial em Lausanne vai até domingo (30)	O judô brasileiro arrematou três medalhas de bronze no Grand Slam de Lausanne (Suíça) nesta sexta-feira (28), abertura da competição. Além de subirem ao pódio, os atletas Clarice Ribeiro (categoria até 48 quilos), Michel Augusto (-60 kg) e Rafaela Rodrigues (- 52kg) somaram pontos 500 cada um no ranking mundial classificatório para a Olimpíada de Los Angeles 2028. A etapa inédita do circuito mundial em Lausanne vai até domingo (30), com transmissão ao vivo no site Judo TV. A amazonense Clarice Ribeiro, de 18 anos, faturou sua primeira medalha em Grand Slam da carreira ao derrotar a multimedalhista portuguesa Catarina Costa, 11 anos mais velha. Na luta final pelo bronze, Clarice levou a melhor ao desferir um yuko sobre a adversária, logo no início do combate. Antes da disputa do bronze, Clarice somou três vitórias consecutivas: bateu a japonesa Yua Mori na estreia; derrotou a chilen Mary Dee Vargas nas oitavas e nas quartas superou a chinesa Wenna Zhuang, atual número 3 do mundo. No entanto, na semifinal, a amazonense sofreu revés por ippon da russa Marina Vorobeva. Um post compartilhado por Judô Brasil | CBJ (@judocbj) O segundo brasileiro a subir ao pódio nesta sexta (28) em Lausanne foi o paulista Michel Augusto, recém-campeão do Grand Prix de Lima. O paulista de 21 anos assegurou o bronze nos 60 kg após um difícil embate com o atual campeão asiático Ruslan Poltorastskii (Bahrein). Michel garantiu a vitória ao encaixar um yuko sobre o adversário no golden score (tempo extra de luta). Na estreia, o judoca paulista bateu o belga Oliver Naert e depois, nas oitavas, venceu o israelense Yehonatan Veksler.  Na luta seguinte, nas quartas, Michel perdeu para o sul-coreano Harim Lee e caiu para a repescagem. Na luta para seguir vivo na competição, o brasileiro reencontrou um velho conhecido: o francês Luka Mkheidze, atual vice-campeão olímpico. Diferentemente da final do ano passado no Grand Slam de Tbilisi (Geórgia), quando o francês levou o título, nesta sexta foi o paulista que derrotou Mkheidze com imobilização no golden score. A vitória garantiu o paulista na briga pelo bronze. Um post compartilhado por Judô Brasil | CBJ (@judocbj) A sexta (28) também foi de comemoração para a santista Rafaela Rodrigues, de 19 anos. Assim como a compatriota Clarice, a judoca subiu hoje pela primeira vez na carreira ao pódio de um Grand Slam. No combate pelo bronze, Rafaela venceu a uzbeque Sugdiyona Rafkatova, após sete minutos de golden score. Antes, Rafaela superou a holandesa Naomi Van Krevel na estreia e, nas oitavas, ganhou da russa Karina Efimova. A brasileira cravou a terceira vitória do dia nas quartas, contra a japonesa Rin Takeuchi,  campeã em junho do Grand Prix de Qingdao (China). No entanto, na semifinal, Rafaela sofreu revés para francesa Blandine Pont – medalhista este não no Grand Slam de Tbilisi e Cazaquistão – e caiu para a disputa do bronze. Um post compartilhado por Judô Brasil | CBJ (@judocbj) Sábado (29) Categorias: Feminino (-63kg, -70kg) e Masculino (-73kg, -81kg) Atletas: Nauana Silva (-70kg), Luana Carvalho (-70kg), Daniel Cargnin (-73kg), Guilherme de Oliveira (-73kg), David Lima (-81kg) e Gabriel Falcão (-81kg) Horários: eliminatórias a partir das 3h e  disputas por medalhas a partir das 12h Domingo (30) Categorias: Feminino (-78kg, +78kg) e Masculino (-90kg, -100kg, +100kg) Atletas: Beatriz Freitas (-78kg), Marcelo Fronckowiak (-90kg), Rafael Macedo (-90kg), Giovani Ferreira (-100kg) e Leonardo Gonçalves (-100kg) Horários: eliminatórias a partir das 3h e  disputas por medalhas a partir das 12h. * Horários de Brasília	Agência Brasil	esportes	False
https://agenciabrasil.ebc.com.br/esportes/noticia/2026-08/internacional-e-gremio-ficam-no-zero-pelas-quartas-da-copa-do-brasil	2026-08-27	Internacional e Grêmio ficam no zero pelas quartas da Copa do Brasil	Clássico no Beira-Rio é marcado por muitas faltas (46) e discussões	"Tudo igual no primeiro ""Grenal"" pelas quartas de final da Copa do Brasil. Na noite desta quinta-feira (27), Internacional e Grêmio ficaram no 0 a 0 no Beira-Rio, em Porto Alegre. Quase 44 mil torcedores acompanharam o clássico de número 453 na história dos mais vitoriosos clubes do Rio Grande do Sul. O duelo, porém, teve mais transpiração do que inspiração, com muita briga  em campo (46 faltas ao todo) e pouca qualidade técnica. Os rivais se reencontram na próxima quinta-feira (3), às 20h (horário de Brasília), na Arena do Grêmio, também em Porto Alegre. Um triunfo simples basta para qualquer um dos lados avançar às semifinais. Caso o jogo termine novamente empatado, a decisão será nos pênaltis. No primeiro tempo, Inter e Grêmio estavam mais preocupados em mostrar quem estava mais pilhado do que em criar oportunidades. Foram 22 faltas (11 cometidas por cada lado) e muita discussão. O lance mais ""quente"" ocorreu nos acréscimos, quando Carlos Vinícius, ao derrubar Bruno Gomes, atingiu o rosto do zagueiro com o pé no momento da queda. Os colorados pressionaram o árbitro Ramon Abatti Abel por um segundo cartão amarelo e a expulsão do atacante tricolor. Em meio às reclamações, mais atletas se estranharam em campo, como os zagueiros argentinos Gabriel Mercado, do Inter, e Walter Kannemann, do Grêmio. A tensão entre as equipes seguiu na etapa final, mas, ao menos, os dois lados buscaram mais o gol. O Tricolor chegou primeiro, em uma finalização do volante Filip Krovinovic, da entrada da área, que o goleiro Matheus Cunha salvou com a ponta dos dedos. A partir daí, o Colorado passou a pressionar o rival, ocupando o campo ofensivo e dificultando os contra-ataques gremistas, mas pecando na hora de concluir as jogadas. As entradas do meia Alan Patrick e do atacante Tonny Sanabria, recém-contratado, não surtiram efeito e a rede não balançou em Porto Alegre. As quartas de final da Copa do Brasil iniciaram na última terça-feira (25), com o empate por 1 a 1 entre Cruzeiro e Atlético-MG no Mineirão, em Belo Horizonte. O atacante Keny Arroyo colocou a Raposa em vantagem, mas o lateral Renan Lodi igualou para o Galo. Na próxima terça-feira (1º), às 21h, o duelo será na Arena MRV, também na capital mineira. Em caso de novo empate, a decisão da vaga será nos pênaltis. Na quarta-feira (26), o Vasco derrotou o Vitória por 1 a 0 em São Januário, no Rio de Janeiro, em partida transmitida ao vivo pela Rádio Nacional. O atacante Andrés Gómez garantiu o triunfo do Cruzmaltino, que leva a vantagem do empate para o jogo de volta, quarta-feira que vem (2), no Barradão, em Salvador, às 21h30. O Leão precisa vencer por dois gols ou mais no tempo normal para se classificar. Se igualar o placar agregado, leva a disputa às penalidades. Também na última quarta, o Palmeiras abriu enorme vantagem no clássico paulista contra o Santos, ao vencer por 3 a 0 no Nubank Parque, em São Paulo. O Peixe não teve Neymar, poupado por conta do gramado sintético do estádio alviverde - o atacante tem evitado atuar nesse tipo de campo devido a lesões recentes. O Alvinegro Praiano tem de ganhar por quatro ou mais gols de diferença na Vila Belmiro, em Santos (SP), na próxima quarta, para se classificar. Em caso de empate na soma dos placares, o confronto será definido nos pênaltis."	Agência Brasil	esportes	False
https://agenciabrasil.ebc.com.br/esportes/noticia/2026-08/atual-campeao-psg-enfrentara-barca-e-city-na-liga-dos-campeoes-202627	2026-08-27	Atual campeão PSG enfrentará Barça e City na Liga dos Campeões 2026/27	Recordista de títulos, Real Madrid jogará com Inter de Milão e Arsenal	O atual campeão da Liga dos Campeões, Paris Saint-Germain, enfrentará o Barcelona e o Manchester City nesta temporada, enquanto o Real Madrid, recordista com 15 títulos, enfrentará a Inter de Milão e o Arsenal, após sorteio realizado nesta quinta-feira (27) em Mônaco, que definiu vários confrontos emocionantes. O PSG de Luis Enrique, que derrotou o Arsenal, campeão da Premier League, nos pênaltis na final da Liga dos Campeões em maio para manter o título, receberá o Barça e viajará para enfrentar o City. Seus outros adversários na fase de liga são Roma, Aston Villa, Galatasaray, Villarreal, Slovan Bratislava e Como. ✅ Home and away opponents for Pot 1 teams 🏠✈️ #UCLdraw pic.twitter.com/OKyCVzJAJR O formato da fase de liga, introduzido na temporada 2024/25, está entrando em sua terceira edição. O Real Madrid recebe a Inter e visita o Arsenal. O time também enfrentará PSV Eindhoven, Roma, RB Leipzig, Shakhtar Donetsk, LASK e AEK Atenas. O confronto com a Inter marcará o retorno do novo técnico do Real, José Mourinho, para enfrentar um de seus ex-clubes. Mourinho, que voltou para uma segunda passagem no comando do Real em junho, levou a Inter ao título da Liga dos Campeões em 2010 antes de partir para o Santiago Bernabéu. Entre os jogos de destaque do Bayern de Munique, seis vezes campeão europeu, estão uma partida em casa contra o Arsenal e viagens para enfrentar o Atlético de Madri e o Manchester United. * É proibida a reprodução deste conteúdo.	Agência Brasil	esportes	False
https://agenciabrasil.ebc.com.br/esportes/noticia/2026-08/parapan-pacifico-de-natacao-brasil-estreia-com-medalhas-e-recorde	2026-08-29	Parapan-Pacífico de natação: Brasil estreia com medalhas e recorde	Lídia Cruz quebra marca das américas nos 150m medley S4	O Brasil fechou o primeiro dia de disputas do Parapan-Pacífico de natação com quatro pódios. Foram dois ouros e duas pratas nesta sexta-feira (28), na cidade de Walnut, nos Estados Unidos. As provas do Parapan-Pacífico são disputadas no formato multiclasses, em que atletas de diferentes classes competem na mesma série. As classificações às finais e a definição das medalhas são feitas por meio do Índice Técnico da Competição (ITC), que atribui uma pontuação à prova de cada atleta, levando em conta o tempo e a classe. O torneio segue até domingo (30). Disputado desde 2011, o Parapan-Pacífico é aberto a nadadores de países de fora da Europa. Estados Unidos, Canadá, Austrália e Japão criaram o torneio com o objetivo de oferecer disputas de alto rendimento em anos nos quais não há disputa de Mundial ou Jogos Paralímpicos. O Brasil participa do evento com uma equipe de 16 nadadores. Todos foram medalhistas em disputas individuais do último Mundial da modalidade, disputado em Singapura, em 2025. A fluminense Lídia Cruz estabeleceu o novo recorde das Américas ao vencer os 150m medley S4 (limitação físico-motora). A marca da brasileira foi 2min56s31. Nos Jogos Paralímpicos de Paris 2024, ela ficou com o bronze, com a marca de 2min57s16. Na mesma prova, a mineira Patrícia Pereira fez o tempo de 2min57s33 e levou a prata. Nos 200m livre, classes S2-S5 e S14, o paulista Gabriel Bandeira foi o mais rápido, com o tempo de 1min53s21, e levou a medalha de ouro. Nos 50m borboleta das classes S5-S7, o paulista Samuel Oliveira conquistou a medalha de prata, com o tempo de 33s68 e 949 pontos.	Agência Brasil	esportes	False
https://agenciabrasil.ebc.com.br/esportes/noticia/2026-08/uefa-suspende-provisoriamente-ameaca-de-boicote-competicoes-da-fifa	2026-08-27	Uefa suspende provisoriamente ameaça de boicote a competições da Fifa	Entidade diz que seguirá exigindo limites à autoridade presidencial	A Uefa informou nesta quinta-feira (27) que suspendeu provisoriamente os planos de retirar as equipes europeias das competições da Fifa , depois que a entidade que rege o futebol mundial confirmou que seu polêmico projeto “Fifa Forward Enterprise” havia sido abandonado de forma definitiva. A entidade reguladora europeia afirmou ter recebido garantias por escrito de que a proposta defendida pelo presidente da Fifa, Gianni Infantino — que previa a venda de uma participação em futuras Copas do Mundo a investidores externos — havia sido “irrevogavelmente e permanentemente retirada”. “Tendo agora obtido as duas garantias exigidas da Fifa em 30 de julho, e após consulta às suas federações nacionais, a Uefa concordou, portanto, em suspender, de forma provisória, a retirada das seleções europeias das competições da Fifa na próxima temporada”, disse a Uefa. No entanto, a Uefa afirmou que a crise mais ampla de governança na Fifa permanece sem solução e que as autoridades do futebol europeu autorizaram por unanimidade a confederação a buscar “todas as vias institucionais, políticas e jurídicas disponíveis” para garantir reformas e restabelecer limites à autoridade presidencial. A confederação também pediu “uma análise externa genuinamente independente” da proposta fracassada do projeto “Fifa Forward Enterprise”, afirmando: “A Fifa não pode investigar a si mesma e esperar que a comunidade do futebol simplesmente aceite suas conclusões.” * É proibida a reprodução deste conteúdo.	Agência Brasil	esportes	False
https://agenciabrasil.ebc.com.br/esportes/noticia/2026-08/isaquias-queiroz-fica-longe-do-podio-do-mundial-de-canoagem-na-polonia	2026-08-28	Isaquias Queiroz fica longe do pódio do Mundial de canoagem na Polônia	Medalhista olímpico concluiu final da prova C1 1000m em último lugar	Cinco vezes medalhista olímpico, o brasileiro Isaquias Queiroz ficou longe do pódio da prova C1 1000 do Campeonato Mundial de Canoagem de velocidade em Poznan (Polônia). Nesta sexta-feira (28), o canoísta baiano de 32 anos cruzou a linha de chegada da final na última posição (9º lugar). Houve empate na chegada com dois atletas cravando o mesmo tempo: 4min07s44. A medalha de ouro foi dividida entre o tcheco Martin Fuksa, atual campeão olímpico, e o húngaro Daniel Fejes. O bronze ficou com o ucraniano Zakhar Tarnovschi (4min08s74). “Eu sabia que ia ser uma prova difícil. Lógico que queria o pódio, mas fico feliz pelo que fiz aqui. Esse ano está sendo meio complicado para mim, diferente. Tive que fazer cirurgia no olho, problema também no quadril que não me deixava correr — revelou Isaquias em entrevista ao Sportv. Um post compartilhado por Canoagem Brasileira (@canoagembrasileira) “Foi uma prova bem difícil no começo. Tinha muito, muito vento. Mas o ritmo é bem mais difícil na final, é outra pegada, ninguém tem mais nada a perder. Tentei acompanhar, mas a falta de ritmo pesa muito”, lamentou o baiano, que assegurou presença na final com o segundo melhor tempo (4min23s65) das baterias das semifinais. Isaquias coleciona 14 medalhas em Mundiais – sete de ouro tanto em provas C1 1000 quanto em C1 500m e C2 1000 (ao lado de Erlon Silva – entre 2013 e 2022. Ele foi finalista na edição de 2023, mas não levou medalha e não competiu no Mundial de 2025 em razão de uma gripe. O brasileiro soma ainda cinco pódio olímpicos (três na Rio 2016, ouro em Tóquio 2020 e prata em Paris 2024). O canoísta baiano volta a competir neste sábado (29), às 9h30 (horário de Brasília) na final do C1 500m com transmissão ao vivo no canal do Time Brasil no YouTube. Também baiano, Gabriel Nascimento ficou a 24 centésimos de conquistar o bronze no mundial na final da prova C1 200m. O atleta de 20 anos, apontado como o sucessor de Isaquias Queiroz, cruzou a linha de chegada em quarto lugar, como tempo de 41s19. O ouro ficou com o polonês Oleksii Koliadych (40s95), seguido do uzbeque Artur Guliyev (41s05), com a prata, e o bielorrusso Andrei Zholobov (41s15), com o bronze.	Agência Brasil	esportes	False
https://agenciabrasil.ebc.com.br/esportes/noticia/2026-08/alison-dos-santos-quebra-recorde-mundial-dos-400m-com-barreiras	2026-08-27	Alison dos Santos quebra recorde mundial dos 400m com barreiras	Brasileiro faz 45s80 e supera por 14 centésimos marca anterior de 2021	"O brasileiro Alison do Santos, também conhecido como Piu, quebrou o recorde mundial na prova dos 400 metros com barreiras ao cravar 45s80 na Diamond League Zurique (Suíça), competição de elite do atletismo. Na tarde desta quinta-feira (27), Piu concluiu a prova 14 centésimos mais rápido que o detentor da marca anterior,  o norueguês Karsten Warholm –  45s94 na final dos Jogos de Tóquio, disputados em 2021. Com a performance de hoje, Alison se junta ao norueguês como únicos atletas na história a fechar a da prova na faixa 45 segundos. Campeão mundial e medalhista olímpico, o brasileiro foi chamado de ""Novo Rei dos 400m com barreiras"" em postagem da Federação Internacional de Atletismo (Worlds Athletics) nas redes sociais. Piu dominou a prova desde o início e cruzou a linha de chegada com quase um segundo de vantagem sobre Warholm (46s69), segundo colocado. Em terceiro lugar ficou o nigeriano Ezequiel Nathaniel (47s50). Além de Alison dos Santos, o Brasil também contou com Matheus Lima (47s57), que chegou em quarto lugar. Um post compartilhado por World Athletics (@worldathletics) O recorde mundial de Alison ocorre um mês após o ele conseguir a melhor marca (46s48) do ano durante o Troféu Brasil, em São Paulo . Na ocasião, ele assumiu a liderança do ranking, antes ocupada por Warholm. Esta é a quarta vez que Alison dos Santos garante o topo do pódio em etapas da Diamond League (são ao todo 14 ao longo do ano) nos 400m com barreiras e é forte candidato a disputar as finais da competição nos dias 4 e 5 de setembro. O brasileiro venceu as etapas de Xiamen (46s72), Oslo (46s89) e Silésia (46s43). O recorde mundial Há um mês, Alison já havia estabelecido o melhor tempo de 2026 no mundo durante o Troféu Brasil em São Paulo, quando encerrou a prova em 46s48. Na ocasião, ele assumiu a liderança do ranking, antes ocupada por Warholm. Confira a reportagem no Repórter Brasil Tarde, da TV Brasil"	Agência Brasil	esportes	False
https://agenciabrasil.ebc.com.br/esportes/noticia/2026-08/uefa-pede-documentos-sobre-fifa-tribunal-dos-eua-para-processo-penal	2026-08-27	Uefa pede documentos sobre Fifa a tribunal dos EUA para processo penal	Entidade do futebol europeu pretende mover ação contra Infantino	A Uefa solicitou a um tribunal federal dos Estados Unidos permissão para obter depoimentos e documentos de entidades da Fifa na Flórida, a fim de utilizá-los em uma ação penal planejada na Suíça contra o presidente da Fifa, Gianni Infantino, de acordo com um documento judicial. Em um pedido apresentado nos termos da legislação dos EUA, a entidade que rege o futebol europeu afirmou que está considerando a instauração de um processo criminal contra Infantino e, possivelmente, outros dirigentes e assessores da Fifa, em relação a um plano — agora abandonado — de transferir os direitos comerciais ligados às Copas do Mundo masculina e feminina e à Copa do Mundo de Clubes para uma nova subsidiária chamada Fifa Forward Enterprise (FFE). A Uefa alega que Infantino elaborou a proposta em segredo com um pequeno grupo de assessores e investidores, contornando os processos normais de governança da Fifa e sem consultar o Conselho da entidade, as confederações regionais ou as federações que a integram. A ação solicita que um tribunal dos EUA autorize a obtenção de provas da FIfa (Americas), Inc. e da FWC2026 US, Inc., duas entidades da Fifa sediadas na Flórida. A Uefa afirmou que as organizações podem possuir documentos e testemunhas relevantes para esclarecer como a transação da FFE foi concebida, estruturada, avaliada e aprovada. A Reuters entrou em contato com a Fifa para obter comentários. * É proibida a reprodução deste conteúdo.	Agência Brasil	esportes	False
https://agenciabrasil.ebc.com.br/esportes/noticia/2026-08/tv-brasil-exibe-jogo-de-ida-da-final-do-feminino-sub-17-nesta-segunda	2026-08-24	TV Brasil exibe jogo de ida da final do feminino sub-17 nesta segunda	Transmissão de Ferroviária X Internacional começa às 20h45	A TV Brasil transmite nesta segunda-feira (24), a partir das 20h45, o jogo de ida da final do Campeonato Brasileiro Feminino Sub-17 entre Ferroviária e Internacional. O primeiro duelo da decisão será disputado na Arena Fonte Luminosa, em Araraquara (SP), enquanto o jogo de volta acontece no dia 30 de agosto, no Estádio Francisco Novelletto, em Porto Alegre (RS). A Ferroviária chega invicta à finalíssima, após liderar o Grupo E com 36 gols marcados e nenhum sofrido na primeira fase, superar o São Paulo nas quartas (empate por 4 a 4 e vitória por 3 a 1) e garantir a vaga na decisão ao eliminar o Corinthians na semifinal, vencendo ambos os confrontos por 2 a 1 e 3 a 1. O Internacional também chega à final com uma ótima campanha desde a fase de grupos, quando liderou a chave C com 43 gols pró e apenas quatro sofridos. No mata-mata, o Inter passou pelo Santo André nas quartas de final (1 a 1 e 4 a 1) e carimbou o passaporte para a final após golear o Vasco nas semifinais, aplicando 2 a 0 na ida e 4 a 0 na volta. A transmissão integra a estratégia da TV Brasil de ampliar a visibilidade das competições femininas. Além da final da competição sub-17, a emissora também exibe jogos das Séries A1, A2 e A3 do Brasileirão Feminino e exibiu as partidas da Liga de Basquete Feminino (LBF). A equipe de profissionais que comanda as transmissões do Brasileirão Feminino conta com o narrador Thiago Julianelli e um time de mulheres formado pelas comentaristas Brenda Balbi e Rachel Motta e as repórteres Marília Arrigoni e Verônica Dalcanal. As competições ganham ainda mais visibilidade por meio da parceria com os canais que formam a Rede Nacional de Comunicação Pública ( RNCP ), que podem retransmitir a programação da TV Brasil em seus estados. Aproveite o clima de decisão e ajude a escolher a vencedora da categoria Craque da Torcida do Prêmio TV Brasil Petrobras Para Elas. A premiação criada pela TV Brasil e pela Petrobras vai reconhecer ainda atletas, treinadores e treinadoras, dirigentes, departamentos de futebol feminino e clubes que se destacarem ao longo da temporada de 2026. A votação da categoria com voto popular já está aberta, é gratuita e tem votos ilimitados! Clique aqui e acesse o link para votar até 31 de outubro. Acompanhe a programação da TV Brasil pelo canal aberto, TV por assinatura e parabólica. Sintonize: https://tvbrasil.ebc.com.br/comosintonizar . Seus programas favoritos estão no TV Brasil Play, pelo site http://tvbrasilplay.com.br ou por aplicativo no smartphone. O app pode ser baixado gratuitamente e está disponível para Android e iOS. Assista também pela WebTV: https://tvbrasil.ebc.com.br/webtv . Brasileirão Feminino Sub - 17 – Ferroviária x Internacional – Segunda-feira (24), a partir das 20h45, na TV Brasil . TV Brasil na internet e nas redes sociais Site – https://tvbrasil.ebc.com.br Instagram – https://www.instagram.com/tvbrasil YouTube – https://www.youtube.com/tvbrasil X – https://x.com/TVBrasil Facebook – https://www.facebook.com/tvbrasil TikTok – https://www.tiktok.com/@tvbrasil TV Brasil Play - http://tvbrasilplay.com.br	Agência Brasil	esportes	False
https://agenciabrasil.ebc.com.br/esportes/noticia/2026-08/planalto-volta-vencer-realidade-jovem-e-vai-final-da-a3	2026-08-23	Planalto volta a vencer Realidade Jovem e vai à final da A3	Equipe goiana fará a decisão com o Juventude de Sergipe	Em confronto que teve transmissão ao vivo da TV Brasil neste domingo (23), o Planalto, de Aparecida de Goiânia, derrotou o Realidade Jovem por 2 a 1, em São José do Rio Preto e confirmou classificação à final do Brasileirão Feminino A3. A equipe já havia vencido o primeiro jogo por 2 a 0. O adversário na final será o Juventude, da cidade sergipana de Estância, que eliminou a Portuguesa no sábado. As quatro equipes alcançaram o acesso à Série A2 do ano que vem. Jogando com a vantagem, o Planalto adotou uma postura reativa e, no contra ataque, abriu o placar com Mayara, aos 36 minutos da primeira etapa. Precisando de três gols para ter chances de avançar, o Realidade Jovem se lançou ao ataque e conseguiu o empate aos cinco minutos do segundo tempo, com Rayssa. Depois de batalhar pela virada durante o segundo tempo, o time da casa acabou sofrendo o segundo gol no fim, acabando com qualquer chance de vitória. Aos 40 minutos, Vanuza driblou a goleira Isa e definiu o placar do jogo. As datas e horários da final entre Planalto e Juventude ainda não foram definidos.	Agência Brasil	esportes	False
https://agenciabrasil.ebc.com.br/esportes/noticia/2026-08/fpf-e-liga-f-anunciam-parceria-para-fortalecer-futebol-feminino	2026-08-26	FPF e Liga F anunciam parceria para fortalecer futebol feminino	Objetivo é evoluir a modalidade dentro e fora de campo	"A Federação Paulista de Futebol (FPF) e a Liga F, principal competição feminina de clubes da Espanha, anunciaram nesta quarta-feira (26) uma cooperação institucional voltada ao fortalecimento e ao desenvolvimento do futebol feminino em São Paulo e no cenário internacional. O acordo foi oficializado durante o evento Dia F: Legado e Futuro do Futebol Feminino , realizado na sede da FPF, na capital paulista. Segundo as entidades, essa é uma parceria inédita que tem como objetivo a promoção e internacionalização do futebol feminino, formação técnica e administrativa, projetos de impacto social, desenvolvimento da arbitragem feminina e a realização de cursos, pesquisas e visitas técnicas . O acordo permitirá ainda a construção de iniciativas conjuntas e o intercâmbio entre profissionais das duas entidades. ""A FPF já possui uma parceria de longa data com La Liga, da Espanha, que contribui muito com o futebol paulista, mas sentíamos a necessidade de falar mais sobre futebol feminino. Queremos fazer uma imersão sobre futebol feminino e impulsionar ainda mais"", disse o presidente da FPF, Reinaldo Carneiro Bastos. A FPF mantém uma estrutura exclusiva para o futebol feminino desde 2016, sendo a primeira entidade nacional a criar um departamento para a modalidade e é pioneira também na organização de competições de base para meninas. ""Para a Liga F, é um enorme orgulho que uma instituição da dimensão e do prestígio da Federação Paulista tenha se interessado pelo nosso processo de profissionalização, pela nossa estrutura e pelo nosso modelo de governança"", disse Beatriz Álvarez, presidente da Liga F. ""Mas esta relação não consiste em a Liga F vir ao Brasil para ensinar um modelo. Viemos para compartilhar. E viemos também para aprender."" A jogadora Miraildes Maciel Mota, mais conhecida como Formiga, defendeu a expansão do futebol feminino para outros estados ─ inclusive para além das capitais ─ e investimentos em categorias de base . “Precisamos sair das sedes”, afirmou. Atuando como volante e meia, Formiga é a futebolista com mais participações, como atleta, na história da Copa do Mundo, independentemente de gênero, tendo disputado sete edições do torneio. A ex-jogadora foi duas vezes vice-campeã olímpica e uma vez vice-campeã mundial de futebol feminino. “Outros clubes precisam aderir à ideia do futebol feminino, saber que futebol feminino hoje, sim, é realidade. Precisamos espalhar o que está acontecendo hoje [em São Paulo]”, disse Formiga, em entrevista à Agência Brasil , durante o evento. Para a ex-jogadora, é preciso garantir que meninas de todo o país tenham acesso a uma formação de qualidade e que os clubes ofereçam mais segurança e continuidade ao trabalho das jogadoras. “Que a Federação Paulista possa servir de exemplo, de espelho, para que possamos cada vez mais manter essas meninas em seus estados, mais tempo com suas famílias. E, quando elas forem migrar para um outro estado, que elas possam estar preparadas; quando forem para a Seleção Brasileira, que possam estar preparadas”, ressaltou. Confira mais informações sobre o acordo no Repórter Brasil , da TV Brasil Apesar de o futebol masculino já ter um legado consolidado há mais tempo que o feminino, Formiga lembrou que as jogadoras mulheres têm sido referência não só para meninas, mas para os meninos também, e mencionou a importância do trabalho nas categorias de base. “Que possamos cada vez mais ter interação entre o futebol feminino e o masculino, e um trabalho de base, que é muito necessário. E que cada vez mais tenhamos parceiros que acreditem nessa evolução, nesses projetos, porque [o futebol] muda vidas”, disse. Para projetar o futuro, Formiga destacou que é importante lembrar da construção tão dolorosa que resultou no atual legado do futebol feminino no país, além de valorizar cada profissional que contribuiu nesse processo e garantir que suas histórias sejam contadas. “Que todos realmente estejam envolvidos para que amanhã e depois possamos colher bons frutos. Bons frutos esses que são várias meninas em vários lugares com os seus direitos de jogar futebol, sem preconceito, sem nenhum tipo de machismo”, acrescentou a ex-jogadora."	Agência Brasil	esportes	False
https://agenciabrasil.ebc.com.br/esportes/noticia/2026-08/palmeiras-goleia-vasco-e-volta-abrir-frente-no-brasileirao-4-1	2026-08-24	Palmeiras goleia Vasco e volta a abrir frente no Brasileirão: 4 a 1	Em outros jogos, Bahia vence clássico e Bragantino derruba o Grêmio	Depois de ver o Flamengo encurtar a distância e aumentar a pressão no Brasileirão, o Palmeiras via a 24ª rodada como uma chance de recuperar terreno. E foi exatamente o que aconteceu. Após a derrota do principal rival na briga pelo título na véspera, o Verdão goleou o Vasco neste domingo (23) por 4 a 1, no Nubank Parque e voltou a abrir seis pontos de vantagem para o Rubro-Negro (que tem um jogo a menos). Os gols de Flaco López (2), Vitor Roque e Maurício (Colídio descontou para o Vasco), todos no segundo tempo, levaram o time de Abel Ferreira aos 51 pontos na tabela. Já o Vasco, que tem conseguido avançar nas copas, amargou o oitavo jogo consecutivo sem vitórias no Brasileirão e segue na zona de rebaixamento, com 22 pontos, na vice-lanterna. Depois de um primeiro tempo disputado, em que os visitantes até criaram boas chances de abrir o placar, o jogo foi praticamente liquidado nos dez primeiros minutos da segunda etapa. Flaco López marcou logo no primeiro minuto, Vitor Roque ampliou aos seis e Maurício fez o terceiro aos dez. Nocauteado, o Vasco ainda viu Flaco marcar seu segundo na partida aos 44. O recém-contratado argentino Facundo Colidio marcou o primeiro dele pelo Cruzmaltino nos acréscimos, aos 49, diminuindo a desvantagem. Foram mais duas partidas na tarde desse domingo. Uma delas de alta tensão. O clássico baiano terminou com o triunfo do Bahia sobre o Vitória por 2 a 0, em pleno Barradão. A equipe de Rogério Ceni se impôs sobre o rival com gols no segundo tempo. Aos 22, o argentino Alejo Véliz abriu o placar, enquanto Jean Lucas, já nos minutos finais, aos 52, ampliou. O Tricolor baiano se mantém na sexta posição, agora com 37 pontos, enquanto o Vitória estaciona nos 29, momentaneamente ocupando a 12ª colocação. Em Bragança Paulista, o Bragantino aumentou o drama do Grêmio ao marcar o gol da vitória nos acréscimos. Aos 49, após cobrança de escanteio, Gustavo Marques balançou as redes com uma finalização de cabeça. O Massa Bruta segue confortável na primeira metade da tabela de classificação, em sétimo, com 35 pontos. Já o Tricolor gaúcho continua flertando com a zona de rebaixamento. São 25 pontos somados, em 15º lugar.	Agência Brasil	esportes	False
https://agenciabrasil.ebc.com.br/esportes/noticia/2026-08/rafael-matos-e-orlando-luz-vencem-mais-um-masters-1000-em-cincinatt	2026-08-24	Rafael Matos e Orlando Luz vencem mais um Masters 1000 em Cincinatti	Depois de Montreal, brasileiros emendam mais um título nas duplas	Pelo segundo Masters 1000 seguido, deu Brasil nas duplas masculinas. Neste domingo (23), a parceria formada por Rafael Matos e Orlando Luz derrotou o o alemão Constantin Frantzen e o holandês Robin Haase por 2 sets a 1 (6-4, 3-6, 10-7) e conquistou o torneio de Cincinatti, nos Estados Unidos. O título vem na sequência da conquista do Masters de Montreal, no Canadá, há exatos dez dias, que tinha sido o primeiro de uma dupla brasileira na história dos torneios deste tipo. O triunfo nesse domingo veio em um duelo duro, que teve 1h21 de duração. Foi a décima vitória consecutiva da dupla, que nesta temporada já conquistou, além dos dois Masters, os títulos do ATP 250 de Buenos Aires e do ATP 250 de Santiago. Neste momento, os dois formam a parceria número 6 do mundo, o que garantiria a eles a participação no ATP Finals entre duplas. No ranking que considera os duplistas individualmente (eles podem jogar torneios com outros parceiros), Orlando começará a semana como o 13º do mundo e Rafael, o 16º. Saiba mais no Repórter Brasil Tarde, da TV Brasil	Agência Brasil	esportes	False
https://agenciabrasil.ebc.com.br/esportes/noticia/2026-08/vasco-e-minas-brasilia-garantem-vaga-na-serie-a1-em-2027	2026-08-23	Vasco e Minas Brasília garantem vaga na Série A1 em 2027	Outras duas vagas serão decididas neste domingo	Ao mesmo tempo em que o Brasileirão Feminino A1 fechou sua primeira fase, definindo os classificados ao mata-mata e Vitória e Botafogo como os rebaixados à segunda divisão, a Série A2 está prestes a decidir os quatro times que sobem para 2027 (serão 20 clubes na divisão principal do futebol feminino). Os dois primeiros times a garantir a ascensão neste sábado (22) foram Vasco e Minas Brasília, que eliminaram Taubaté e Ação-MT, respectivamente. Em São Januário, o Vasco assegurou o retorno ao Brasileirão A1, que não disputa desde 2016, ao bater o Taubaté pela segunda vez, agora pelo placar de 2 a 1, com dois gols de Lourdes, artilheira da competição com 11 gols. Alessandra descontou para a equipe paulista. O time carioca alcança o segundo acesso consecutivo, já que estava na 3ª divisão em 2024. Já o Minas Brasília repetiu o placar do jogo de ida e venceu novamente o Ação do Mato Grosso por 1 a 0, com gol de Rafaela, no estádio Valmir Bezerra, no Gama, no Distrito Federal. Tanto Vasco quanto Minas Brasília seguem na disputa pelo título, mas com o principal objetivo já assegurado. Neste domingo, as outras duas vagas saírão dos confrontos entre Itabirito e Sport (0 a 0 no jogo de ida), em Sete Lagoas, em Minas Gerais e Atlético-PI contra 3B da Amazônia, em Teresina, depois da vitória do clube piauiense fora de casa por 2 a 0.	Agência Brasil	esportes	False
https://agenciabrasil.ebc.com.br/esportes/noticia/2026-08/lando-norris-vence-gp-da-holanda-e-conquista-2a-vitoria-seguida-na-f1	2026-08-23	Lando Norris vence GP da Holanda e conquista 2ª vitória seguida na F1	Prova de 2026 foi a despedida do circuito de Zandvoort	Depois de não vencer nenhuma das dez primeiras provas da temporada da Fórmula 1, o inglês Lando Norris, da McLaren, atual campeão da categoria, emendou a segunda vitória consecutiva ao ganhar o GP da Holanda, em Zandvoort, neste domingo (23). O brasileiro Gabriel Bortoleto, da Audi, que havia largado na nona colocação, acabou perdendo posições e terminando em 13º, sem somar pontos no campeonato. Norris fez a pole position no sábado e encontrou resistência do italiano Andrea Kimi Antonelli, da Mercedes, que chegou a ocupar a primeira posição momentaneamente. No entanto, na reta final da corrida, Norris recuperou a tranquilidade e venceu com vantagem de 11 segundos para o adversário. George Russell, companheiro de Antonelli na Mercedes, completou o pódio em terceiro. Um dos destaques da prova foi a pista molhada pela chuva que caiu antes da corrida. Ela teve papel determinante na rodada de Bortoleto e na batida do holandês Max Verstappen, que acabou abandonando. Esta foi a despedida do circuito de Zandvoort, que não fará parte do calendário a partir de 2027. Com os resultados, Norris subiu da quinta para a quarta posição no Mundial de pilotos, com 159 pontos, atrás de Antonelli (242), George Russell e Lewis Hamilton, da Ferrari (ambos com 183 pontos). A próxima etapa será o GP da Itália, entre os dias 4 e 6 de setembro.	Agência Brasil	esportes	False
https://agenciabrasil.ebc.com.br/esportes/noticia/2026-08/fluminense-vira-sobre-o-remo-e-se-mantem-firme-no-g-4-do-brasileirao	2026-08-22	Fluminense vira sobre o Remo e se mantém firme no G-4 do Brasileirão	Dois gols no segundo tempo levam o Tricolor a três jogos sem perder	Há nove dias, o Fluminense demitia o técnico argentino Luis Zubeldía em meio a uma crise de resultados, com oito partidas sem vitória e uma eliminação na Copa do Brasil. Agora comandado interinamente pelo auxiliar fixo Marcão, o Tricolor parece outro time. Neste sábado (22), diante de pouco mais de 30 mil pessoas, derrotou o Remo por 2 a 1, de virada, no Maracanã, chegando a três jogos sem perder, com uma classificação às quartas de final da Libertadores no meio do caminho . No Brasileirão, o clube das Laranjeiras mantém a quarta posição, agora com 41 pontos. Já o Remo, com 23, amarga mais uma rodada na zona de rebaixamento. O primeiro tempo foi de domínio da posse pelo Fluminense, mas maior efetividade da equipe paraense. Os visitantes abriram o placar aos 31 minutos, quando Marcelinho foi até a linha de fundo pela direita e cruzou para Jajá, livre por trás da marcação tricolor, completar de primeira para as redes. O Fluminense não se desesperou e, após a volta dos vestiários, pressionou o adversário até empatar. Aos 20 minutos do segundo tempo, Soteldo cruzou da esquerda e Hulk cabeceou. A bola bateu no travessão, quicou fora do gol mas pegou um efeito que a fez pular para dentro da meta defendida por Marcelo Rangel. Aos 37 minutos veio a virada. Após cobrança curta de escanteio pela direita, Riquelme Felipe cruzou na cabeça do colombiano Serna, que havia entrado no lugar de Canobbio. O forte desvio dele venceu o goleiro adversário para dar o triunfo ao Tricolor. Na próxima rodada, o Fluminense visita o Athletico Paranaense, em Curitiba, no domingo (30). Já o Remo recebe o Coritiba no dia seguinte.	Agência Brasil	esportes	False
https://agenciabrasil.ebc.com.br/esportes/noticia/2026-08/cruzeiro-vence-flamengo-e-palmeiras-agradece-no-brasileirao	2026-08-23	Cruzeiro vence Flamengo e Palmeiras agradece no Brasileirão	Time mineiro virou o placar no segundo tempo	Na Libertadores deu Flamengo, mas neste sábado (22) o Cruzeiro deu o troco e derrotou a equipe carioca por 2 a 1 pela 24ª rodada do Campeonato Brasileiro, no Mineirão. O resultado, conquistado de virada, impediu que o Rubro-Negro assumisse a ponta da tabela, mesmo que de forma provisória, já que um triunfo do Flamengo o colocaria com a mesma pontuação e saldo de gols melhor que o do Palmeiras, que ainda joga na rodada. No entanto, o time de Leonardo Jardim segue em segundo, com 45 pontos. A Raposa, em recuperação, já aparece em quinto, com 39. Diante de mais de 34 mil pessoas no Mineirão, o Cruzeiro tentava dar uma resposta à torcida depois da eliminação nas oitavas de final da Libertadores para o mesmo adversário, no entanto, sofreu um baque ainda no primeiro tempo. Aos 22, Pedro recebeu na entrada da área e chutou rasteiro para vencer o goleiro Otávio, abrindo o placar para o Flamengo. A virada começou a ser construída no início do segundo tempo. Aos 10, Arroyo fez bela jogada pela direita e chutou colocado com a perna esquerda, marcando um belo gol. O lance decisivo foi também o derradeiro. Já aos 50 minutos, após bola levantada pela direita, Matheus Pereira chutou com a perna esquerda já praticamente na pequena área, a bola desviou na zaga e entrou lentamente na meta defendida por Rossi. O próximo compromisso do Cruzeiro é no próximo sábado, diante do Vasco, em São Januário, enquanto o Flamengo faz o clássico com o Botafogo no dia seguinte, no Maracanã. No outro duelo da noite de sábado, Internacional e Atlético-MG ficaram no 0 a 0, no Beira-Rio. O Galo ocupa momentaneamente a sétima colocação, com 33 pontos, enquanto o Colorado está à beira da zona de rebaixamento, com 25 pontos, em 16º.	Agência Brasil	esportes	False
https://agenciabrasil.ebc.com.br/esportes/noticia/2026-08/juventude-se-bate-portuguesa-ap-de-novo-e-esta-na-final-do-feminino-a3	2026-08-22	Juventude-SE bate Portuguesa-AP de novo e está na final do Feminino A3	Equipe sergipana aguarda vencedor de Planalto-GO e Realidade Jovem-SP	Em partida que teve transmissão ao vivo da TV Brasil , o Juventude de Estância, em Sergipe, derrotou a Portuguesa do Amapá por 1 a 0 na Arena Batistão, em Aracaju, na noite desta sexta-feira (21) e carimbou vaga na decisão do Campeonato Brasileiro Feminino A3. As duas equipes já tinham o acesso à série A2 garantido. O time sergipano, que havia vencido o jogo de ida por 2 a 0, fora de casa, aguarda pelo vencedor do confronto entre Planalto, de Goiás, e Realidade Jovem, de São Paulo, para saber quem enfrentará na final. O triunfo do Juventude e, consequentemente, a classificação à decisão, foram sacramentados aos 13 minutos do segundo tempo. Laureen completou cruzamento pela direita e marcou o gol do jogo. A camisa 7 do time sergipano é também a artilheira da competição, com 11 gols marcados. A noite foi de festa em Aracaju, já que o Juventude se tornou a primeira equipe do estado a alcançar uma final de um campeonato nacional. O time faz campanha irretocável, com 11 vitórias e um empate em doze partidas disputadas. Na outra semifinal, o Planalto, da cidade de Aparecida de Goiânia, fez 2 a 0 no jogo de ida contra o Realidade Jovem. O duelo decisivo acontece às 11h deste domingo (23), com transmissão da TV Brasil, diretamente de São José do Rio Preto.	Agência Brasil	esportes	False
https://agenciabrasil.ebc.com.br/esportes/noticia/2026-08/fim-da-1a-fase-do-brasileirao-a1-fla-goleia-galo-e-passa-em-5o-lugar	2026-08-23	Fim da 1ª fase do Brasileirão A1: Fla goleia Galo e passa em 5º lugar	Confrontos do mata-mata estão definidos; Inter e Flu ficaram de fora	Em duelo que teve transmissão ao vivo da TV Brasil, o Flamengo goleou o Atlético-MG por 4 a 1 neste sábado (22), no estádio Luso-Brasileiro, e se classificou às quartas de final do Campeonato Brasileiro Feminino A1 na 5ª posição. As adversárias das Meninas da Gávea na próxima fase serão as Guerreiras Grenás da Ferroviária. A equipe mineira, que já estava eliminada, fechou a competição na 13ª posição. O destaque da partida foi a meio-campo Djeni, que marcou os dois primeiros gols do Rubro-Negro. Kaylane fez o terceiro ainda no primeiro tempo e Fernanda, no segundo tempo, ampliou para o Flamengo. No fim, um gol contra de Núbia diminuiu o placar para o Galo. O adversário do Fla na próxima fase, a Ferroviária, já estava classificado, mas teve papel decisivo na última rodada ao eliminar qualquer chance de classificação do Fluminense com um gol de falta de Micaelly, aos 47 minutos do segundo tempo, empatando o duelo em 1 a 1. A vitória fora de casa - alcançada com um gol de Sochor no primeiro tempo - estava classificando a equipe tricolor, que terminou na 11ª colocação, com 26 pontos . Quem também não conseguiu a classificação às quartas de final foi o Internacional. A vitória por 3 a 1 sobre o Corinthians, fora de casa, não foi suficiente, já que o rival Grêmio venceu o Botafogo por 1 a 0 e levou a oitava e última vaga no desempate pelo saldo de gols (sete contra quatro). Ambas as equipes somaram 27 pontos. A derrota das Brabas as tirou da primeira posição, já que o São Paulo venceu o Mixto por 1 a 0 e somou 41 pontos ao fim da primeira fase, três a mais que o Timão. O Botafogo terminou na última posição, com apenas cinco pontos somados e foi rebaixado à Série A2 junto com o Vitória, derrotado pelo Santos em casa por 2 a 1. A equipe baiana fez os mesmos sete pontos que o América-MG, que mesmo com a derrota para o Bragantino por 2 a 1, escapou da degola por ter um saldo de gols melhor que o do Vitória. Os duelos da próxima fase, que ainda não têm data definida, estão confirmados: o São Paulo, que fez a melhor campanha da fase inicial, encara o Grêmio, que terminou em oitavo. O Corinthians (2º) enfrenta o Cruzeiro (7º), o Palmeiras (3º) mede forças com o Bahia (6º) e a Ferroviária (4ª) será a adversária do Flamengo (5º). Daqui em diante, todos os confrontos serão em dois jogos, com a primeira partida na casa do time de pior campanha e o duelo de volta com o mando da equipe que realizou campanha melhor.	Agência Brasil	esportes	False
https://agenciabrasil.ebc.com.br/esportes/noticia/2026-08/fifa-pune-argentina-por-faixa-sobre-malvinas-na-copa	2026-08-21	Fifa pune Argentina por faixa sobre Malvinas na Copa	Jogadores também receberam punição por brigas em campo durante torneio	A Comissão Disciplinar da Fifa aplicou uma multa de 321 mil dólares (R$ 1,6 milhão) à Associação de Futebol da Argentina (AFA), depois que jogadores da seleção ergueram uma faixa em referência à disputa pelas Ilhas Malvinas após vitória sobre a Inglaterra na Copa do Mundo. A punição também se deve a cantos e gestos discriminatórios por parte de seus torcedores. A Comissão Disciplinar determinou, além disso, que a AFA dispute as próximas duas partidas em casa com uma restrição de 50% no número de espectadores. Também determinou punições a jogadores por incidentes ocorridos depois que a Espanha se sagrou campeã mundial ao vencer a Argentina por 1 a 0. A punição mais severa recaiu sobre o meio-campista argentino Leandro Paredes, que recebeu 10 partidas de suspensão e uma multa de 90 mil dólares (R$ 462,6 mil). A Fifa multou e suspendeu os jogadores argentinos Nahuel Molina e Thiago Almada, bem como o auxiliar técnico da seleção, Roberto Ayala, devido aos incidentes. A Comissão também impôs uma suspensão de uma partida e uma multa de 30 mil dólares (R$ 154,2 mil) ao meio-campista espanhol Gavi por motivos disciplinares. * É proibida a reprodução deste conteúdo.	Agência Brasil	esportes	False
https://agenciabrasil.ebc.com.br/esportes/noticia/2026-08/libertadores-mirassol-cai-nos-penaltis-e-ldu-sera-rival-do-palmeiras	2026-08-20	Libertadores: Mirassol cai nos pênaltis e LDU será rival do Palmeiras	Estreante, Leão Caipira dá adeus depois de boa atuação na altitude	O conto de fadas do Mirassol na Libertadores chegou ao fim. Nesta quinta-feira (20), o Leão Caipira foi eliminado nas oitavas de final ao ser derrotado nos pênaltis pela LDU, por 5 a 4, no Estádio Casa Blanca, em Quito (Equador), após empatar sem gols no tempo normal. Estreante na competição, o time paulista foi superior aos equatorianos durante a maior parte do jogo, dando poucas chances à LDU, de excelente retrospecto contra brasileiros quando atua em casa. Nos 33 jogos anteriores, os campeões da América do Sul em 2008 perderam seis vezes e levaram a melhor em 22 ocasiões, com cinco empates. Nas quartas de final, a LDU será a adversária do Palmeiras, que deixou para trás o Cerro Porteño (Paraguai) na última quarta-feira (19). Por ter feito campanha melhor na fase de grupos, o time do Equador será o mandante do jogo de volta do confronto. A ida será no Nubank Parque, em São Paulo. No jogo de ida, há uma semana, os times ficaram no 1 a 1 no Maião, em Mirassol (SP). Ou seja: uma vitória simples, para qualquer um dos lados, bastaria para se classificar. O técnico Rafael Guanaes mandou a campo em Quito um time com vários reservas, priorizando a luta do Mirassol pela manutenção no Campeonato Brasileiro. O goleiro Walter e o zagueiro Willian Machado foram os únicos titulares do jogo passado contra a LDU a saírem jogando nesta quinta. Nomes como o meia Eduardo, autor do gol do Leão Caipira no Maião, ou o lateral Reinaldo sequer viajaram. Tentando aproveitar os 2.850 metros de altitude de Quito para sufocar o Mirassol, a equipe da casa se lançou ao ataque. No primeiro minuto, o volante Sebastián González avançou desde a intermediária até a meia-lua e chutou forte para defesa de Walter, que espalmou para cima no susto. Aos 29 minutos, na melhor chance dos anfitriões, José Cuero pegou a sobra de uma bola alçada da esquerda pelo também lateral José Carabalí e finalizou cruzado. O atacante Janner Corozo tentou desviar para as redes na pequena área, mas o zagueiro Lucas Oliveira se antecipou e salvou os paulistas. À medida que a primeira etapa transcorreu, o Leão Caipira encaixou a marcação e assustou os anfitriões recuperando a posse com erros na saída de bola. A grande oportunidade veio aos 24, pouco antes da oportunidade perdida por Corozo. O meia Shaylon aproveitou a bobeada dos equatorianos, aproximou-se da entrada da área e chutou cruzado, mandando rente à trave direita. Na segunda etapa, com a LDU dando espaços e demonstrando alguma impaciência, o Mirassol marcou mais presença no ataque, mas pecava no último passe. A entrada de alguns dos considerados titulares, como o volante Neto Moura e os atacantes Alesson, Carlos Eduardo e Bruno Santos qualificou a equipe brasileira. Na chance mais clara dos paulistas, aos 45 minutos, o lateral Daniel Borges mirou o canto de Gonzalo Valle em um chute de primeira, mas o goleiro do time equatoriano defendeu. Aos 48, na resposta dos anfitriões, o atacante Michael Estrada teve grande oportunidade após erro de William Machado na defesa, mas, na frente do gol, acabou desperdiçando a última bola do jogo. Nos pênaltis, a primeira cobrança foi decisiva. O lateral Victor Luís teve a batida defendida por Valle. A partir daí, as equipes acertaram todos os chutes. O do atacante Fernando Cornejo, na quinta tentativa da LDU, definiu a classificação dos anfitriões e o adeus do Mirassol. Adversários no último fim de semana pelo Brasileirão, Vasco e Santos se classificaram, nesta quinta, às quartas de final da Copa Sul-Americana. O Cruzmaltino foi ao Paraguai e goleou o Olímpia por 4 a 1, de virada, no Defensores del Chaco, em Assunção. No jogo de ida, há uma semana, em São Januário, no Rio de Janeiro, a rede não havia balançado. O lateral Esteban Matus abriu o placar para os anfitriões, mas o volante Thiago Mendes e os atacantes David, Claudio Spinelli e Adson garantiram o triunfo vascaíno. Na próxima fase, os cariocas terão pela frente quem passar entre River Plate (Argentina) e Independiente Santa Fe (Colômbia). O Peixe, por sua vez, segurou o empate sem gols com o Macará no Estádio Bellavista, em Ambato (Equador), beneficiando-se da vitória por 2 a 1 na Vila Belmiro, em Santos (SP), uma semana antes. O Alvinegro Praiano terá como adversário o Atlético-MG, que eliminou o Red Bull Bragantino na última quarta.	Agência Brasil	esportes	False
https://agenciabrasil.ebc.com.br/esportes/noticia/2026-08/rafael-matos-e-orlando-luz-vao-semi-de-duplas-do-atp-de-cincinnati	2026-08-21	Rafael Matos e Orlando Luz vão à semi de duplas do ATP de Cincinnati	Brasileiros voltam à quadra a partir das 13h30 deste sábado	Recém-campeões em Montreal (Canadá), os tenistas brasileiros Rafael Matos e Orlando Luz avançaram nesta sexta-feira (21) às semifinais do Masters 1000 de Cincinnati (Estados Unidos), torneio preparatório para o US Open, último Grand Slam do ano. Os gaúchos se classificaram com vitória sobre os atuais campeões do Masters de Miami e Roma, os italianos Simone Bolelli e Andrea Vavassori, cabeças de chave número 4. Rafael e Orlando cravaram 2 sets a 0, com parciais de 7/6 (9-7) e 6/3. A semifinal ocorrerá neste sábado (23), a partir das 13h30 (horário de Brasília). Rafael e Orlando enfrentarão a dupla do monegasco Hugo Nys com o francês Edouard Roger-Vasselin, que ganharam de virada dos compatriotas Sadio Doumbia e Fabien Reboul por 2 sets a 1, com parciais de 4/6, 7/6 (7-5) e 11/9. Um post compartilhado por ACTO (@acto) O triunfo de hoje foi o terceiro dos gaúchos em Cincinnati. Na estreia, eles superaram por 2 sets a 1 a dupla do britânico Neal Skupski com o norte-americano Christian Harrison. Depois, nas oitavas, derrotam a dupla do compatriota Marcelo Melo com o alemão Alexander Zverev, por 2 sets a 0. Rafael e Orlando seguem embalados após a conquista do Masters 1000 de Montreal (Canadá), há pouco mais de uma semana. Eles ocupam atualmente o oitavo lugar na temporada e visam subir ainda mais na classificação com o objetivo de disputar o ATP Finals. O torneio reúne as oito melhores duplas do ano e está programado para ocorrer em novembro, em Turim (Itália).	Agência Brasil	esportes	False
https://agenciabrasil.ebc.com.br/esportes/noticia/2026-08/brasileirao-feminino-tv-brasil-exibe-flamengo-x-atletico-mg-17h40	2026-08-22	Brasileirão Feminino: TV Brasil exibe Flamengo x Atlético-MG às 17h40	Jogo abre rodada decisiva da Série A1	Flamengo e Atlético-MG abrem neste sábado (22) a decisiva 17ª rodada do Campeonato Brasileiro Feminino Série A1, e a TV Brasil exibe todos os detalhes da partida. A emissora abre sua jornada esportiva a partir das 17h40 com as informações do confronto, que acontece às 18h, no Estádio Luso-Brasileiro, na Ilha do Governador, Rio de Janeiro. O Flamengo recebe o Atlético-MG na última rodada da fase de grupos precisando vencer para confirmar com segurança a classificação para a segunda fase do Brasileirão A1. As cariocas ocupam a sétima colocação, com 27 pontos. Já o clube mineiro chega ao duelo sem chances de classificação: a equipe está em 13º lugar, com 16 pontos. As exibições fazem parte da estratégia da TV Brasil , a tela do futebol feminino, para ampliar a visibilidade da modalidade no país. Pelo terceiro ano consecutivo, o canal público exibe os jogos da elite feminina. Também serão transmitidos os confrontos decisivos das Séries A2 e A3, a partir das semifinais. Além disso, o público poderá acompanhar as decisões das categorias de base pelo título do Brasileirão Feminino Sub-17 e Sub-20. A equipe de profissionais que comanda as transmissões do Brasileirão Feminino conta com o narrador Thiago Julianelli e um time de mulheres formado pelas comentaristas Brenda Balbi e Rachel Motta e as repórteres Marília Arrigoni e Verônica Dalcanal. As competições ganham ainda mais visibilidade por meio da parceria com os canais que formam a Rede Nacional de Comunicação Pública (RNCP), que podem retransmitir a programação da TV Brasil em seus estados. A edição de 2026 do campeonato mobiliza 18 equipes que se enfrentam em turno único na fase de classificação. Os oito primeiros avançam para a segunda fase. As etapas a partir das quartas de final são disputadas no formato de mata-mata com duelos de ida e volta. Os times reunidos no Brasileirão Feminino Série A1 são: América (MG), Atlético Mineiro, Bahia, Botafogo, Corinthians, Cruzeiro, Ferroviária, Flamengo, Fluminense, Grêmio, Internacional, Juventude, Mixto (MT), Palmeiras, Red Bull Bragantino, Santos, São Paulo e Vitória. Aproveite a rodada importante da Série A1 e ajude a escolher a vencedora da categoria Craque da Torcida do Prêmio TV Brasil Petrobras Para Elas. A premiação criada pela TV Brasil e pela Petrobras vai reconhecer ainda atletas, treinadores e treinadoras, dirigentes, departamentos de futebol feminino e clubes que se destacarem ao longo da temporada de 2026. A votação da categoria com voto popular já está aberta, é gratuita e tem votos ilimitados! Acesse ebc.com.br/premiotvbrasilpetrobrasparaelas até 31 de outubro. Acompanhe a programação da TV Brasil pelo canal aberto, TV por assinatura e parabólica. Sintonize: https://tvbrasil.ebc.com.br/comosintonizar . Seus programas favoritos estão no TV Brasil Play, pelo site http://tvbrasilplay.com.br ou por aplicativo no smartphone. O app pode ser baixado gratuitamente e está disponível para Android e iOS. Assista também pela WebTV: https://tvbrasil.ebc.com.br/webtv . Site – https://tvbrasil.ebc.com.br Instagram – https://www.instagram.com/tvbrasil YouTube – https://www.youtube.com/tvbrasil X – https://x.com/TVBrasil Facebook – https://www.facebook.com/tvbrasil TikTok – https://www.tiktok.com/@tvbrasil TV Brasil Play - http://tvbrasilplay.com.br	Agência Brasil	esportes	False
https://agenciabrasil.ebc.com.br/esportes/noticia/2026-08/libertadores-pode-ter-semifinais-100-brasileiras-pela-primeira-vez	2026-08-21	Libertadores pode ter semifinais 100% brasileiras pela primeira vez	Corinthians se junta a Flamengo, Palmeiras e Fluminense nas quartas	A edição 2026 da Libertadores pode ser a primeira em que os quatro semifinalistas são do mesmo país. Para isso, será necessário que os quatro representantes do Brasil que ainda seguem na disputa do principal torneio de clubes da América do Sul vençam os confrontos que terão pela frente nas quartas de final. A sofrida classificação do Corinthians tornou o cenário possível. Na noite dessa quinta-feira (20), mesmo atuando a maior parte do segundo tempo com um a menos, o Timão despachou o Rosario Central ao vencer por 1 a 0 na Neo Química Arena, em São Paulo. Uma semana antes, na Argentina, os times empataram sem gols e os brasileiros também tiveram um jogador expulso: o volante Allan, a dez minutos do fim. Aos 12 minutos da etapa final da partida em São Paulo, o Alvinegro perdeu o volante Raniele, que recebeu o segundo cartão amarelo após falta no atacante Enzo Copetti. Mesmo assim, aos 35, foi o time da casa que balançou as redes. No retorno à equipe após longo processo de renovação contratual, o atacante holandês Memphis Depay cobrou falta a meia altura pela esquerda e o volante Breno Bidon, bem posicionado, apareceu na pequena área e desviou para marcar o gol da classificação. O rival do Timão na próxima fase será mais um argentino, o Estudiantes, que eliminou a Universidad Católica (Chile). Como a campanha adversária é melhor, o clube brasileiro terá que fazer o jogo de volta fora de casa. Além do Corinthians, as quartas da Libertadores reúnem Flamengo, Palmeiras e Fluminense. O Brasil ainda tinha mais dois representantes nas oitavas de final, mas o Cruzeiro foi superado justamente pelo Rubro-Negro e o Mirassol perdeu nos pênaltis para a LDU de Quito (Equador). Atual campeão e único time brasileiro nas quartas que fará o jogo de volta em casa, o Flamengo pode pegar o Timão em uma semifinal. Além de os paulistas eliminarem o Estudiantes, os cariocas terão que deixar para trás o vencedor do confronto entre Independiente del Valle e Tolima, o único das oitavas que falta ser definido. Equatorianos e colombianos fazem o segundo jogo na próxima terça-feira (25), às 21h30 (horário de Brasília), no Estádio Banco Guayaquil, em Quito . Há três dias, na partida de ida, o Del Valle ganhou por 1 a 0 no Estádio Manuel Murillo Toro, na cidade colombiana de Ibagué. O duelo está atrasado devido ao terremoto de magnitude 7,4 que atingiu a Colômbia na semana passada. O Palmeiras, vice em 2025, enfrentará a LDU. Assim como ocorreu com o Mirassol, o Verdão terá que decidir o confronto longe de São Paulo, nos 2.850 metros de altitude de Quito. A equipe do Equador fez campanha melhor na fase de grupos. Se passar, o time alviverde pode ter como adversário o Fluminense. O próximo compromisso pela Libertadores será contra outro argentino, o Platense, que, assim como os cariocas, precisou dos pênaltis para despachar o Coquimbo Unido (Chile). Até hoje, o máximo de clubes de um mesmo país a chegar simultaneamente às semifinais da Libertadores foi três - o que ocorreu duas vezes, apenas. Em 1966, quando essa fase foi disputada por sete clubes divididos em duas chaves, o futebol argentino emplacou River Plate, Boca Juniors e Independiente ao lado dos uruguaios Peñarol e Nacional, da Universidad Católica e do paraguaio Guaraní. Em 2021, no atual formato da competição, Atlético-MG, Flamengo e Palmeiras alcançaram o top-4 ao lado do Barcelona de Guayaquil. O time equatoriano foi quem frustrou a possibilidade de semifinais 100% brasileiras ao eliminar o Fluminense nas quartas daquela edição. Também na noite de ontem, o Botafogo venceu o Cienciano por 1 a 0 no Estádio Nilton Santos, pelas oitavas de final da Copa Sul-Americana. O resultado, porém, foi insuficiente para classificar o time alvinegro, que havia perdido nos 3.400 metros de altitude da peruana Cusco, no jogo de ida, por 6 a 1. Comandado interinamente por Rodrigo Bellão, técnico do sub-20, após a demissão de Franclim Carvalho, o Glorioso até abriu cedo o placar no Rio de Janeiro com o atacante Danilo Pereira, aos sete minutos. A equipe da casa pressionou, criou oportunidades e teve um gol anulado de Danilo Santos, aos 35, após o árbitro de vídeo (VAR) constatar um toque de mão do volante na jogada. Na etapa final, aos sete, o VAR ainda cancelou um pênalti em cima de Vitinho, alegando falta do lateral na origem do lance. A necessidade de marcar mais quatro gols para pelo menos levar a decisão aos pênaltis, foi demais. Melhor para o Cienciano, que festejou a classificação e terá pela frente o Montevideo City Torque (Uruguai) nas quartas. Assim como na Libertadores, o Brasil ainda tem quatro representantes na Sul-Americana. A diferença é que dois deles se enfrentam já nas quartas: Atlético-MG e Santos. O São Paulo terá pela frente o Boca Juniors, enquanto o Vasco encara quem avançar entre River Plate e Independiente Santa Fe (Colômbia).	Agência Brasil	esportes	False
https://agenciabrasil.ebc.com.br/esportes/noticia/2026-08/brasileiro-feminino-6-times-lutam-no-sabado-para-avancar-quartas	2026-08-21	Brasileiro Feminino: 6 times lutam no sábado para avançar às quartas	Todas as partidas da última rodada da primeira fase ocorrerão às 18h	A primeira fase da elite do Campeonato Brasileiro Feminino (Série A1) chega ao fim neste sábado (22), com todas partidas da 17ª rodada começando às 18h (horário de Brasília). Vai sobrar emoção em campo com luta acirrada dos times que ocupam lados opostos da tabela de classificação. Enquanto seis clubes seguem com chances de avançar às quartas de final, outros quatro vão brigar para não serem rebaixados à segunda divisão (Série A2). Entre os times que buscam uma das três últimas vagas no mata-mata está o Flamengo - sétimo colocado com 27 pontos - que recebe o Atlético-MG (13º), no Estádio Luso Brasileiro. Se vencer as rubro-negras asseguram vaga no mata-mata, sem combinação de resultados dos demais times. A partida no Rio de Janeiro terá transmissão ao vivo da TV Brasil. Quem também só depende de si na rodada derradeira é o Cruzeiro (6º), também com 27 pontos. As Cabulosas terão pela frente o já classificado Palmeiras (3º). Já o Fluminense (8º), com 25 pontos, precisa defender sua posição. As Guerreiras do Fluzão visitam a Ferroviária (4ª), equipe já garantida nas quartas. Um post compartilhado por Cruzeiro Feminino (@cruzeirofem) Além de vencer seus respectivos jogos, Grêmio (9º), Internacional (10º) e Bragantino (11º) vão depender de tropeços entre si, e também dos times mais bem colocados na tabela, para seguirem vivos na competição. As Mosqueteiras (apelido do time feminino do Grêmio) recebem o Botafogo (20º), que soma apenas cinco pontos e luta para não ser rebaixado. Outro confronto que promete ser eletrizante será Brangantino x  América-MG (16º), em Belo Horizonte. Enquanto o time do interior paulista sonha com a classificação, o clube mineiro, com sete pontos, tenta escapar da segunda divisão. Já as Gurias Coloradas terão pela frente o Corinthians, líder do Brasileirão Feminino, já com vaga garantida no mata-mata. Na luta pela sobrevivência na elite do Brasileirão estão ainda outros dois times: Juventude (15º) com 10 pontos e Vitória (17º), com sete. A equipe gaúcha recebe o Bahia (5º), já classificado, enquanto o Vitória recebe o Santos (12º). Cinco equipes já carimbaram a vaga nas quartas de final, que terá jogos de ida e volta: Corinthians (38 pontos), São Paulo (38), Palmeiras (35), Ferroviária (30) e Bahia (28). Ao todo, 18 times disputaram a primeira fase do Brasileirão Feminino e apenas os oito primeiros colocados avançarão ao mata-mata. Já os dois últimos colocados serão rebaixado para a Série A2 (segunda divisão).	Agência Brasil	esportes	False
https://agenciabrasil.ebc.com.br/esportes/noticia/2026-08/brasil-fecha-mundial-de-rugbi-em-cadeira-de-rodas-na-11a-posicao	2026-08-22	Brasil fecha Mundial de Rúgbi em cadeira de rodas na 11ª posição	Seleção derrotou a Nova Zelândia em seu último compromisso	"O Campeonato Mundial de Rúgbi em cadeira de rodas segue em disputa no Centro de Treinamento Paralímpico, em São Paulo. Mas a participação da seleção da casa já foi encerrada. Neste sábado (22), o Brasil derrotou a Nova Zelândia por 53 a 37 e concluiu a competição na 11ª colocação, igualando sua melhor campanha, registrada na última edição, em 2022, na Dinamarca. ""A gente tira de aprendizado que, ao longo do campeonato, os jogadores foram evoluindo e isso que importa. A gente tem um grupo forte, isso é muito importante"", disse Julio Braz, um dos principais atletas da seleção brasileira, em declaração divulgada pelo CPB (Comitê Paralímpico Brasileiro). Além do triunfo deste sábado, o Brasil teve outras duas vitórias na fase de grupos da competição, as quais, no entanto, não foram suficientes para a classificação à etapa de mata-mata. A equipe da casa derrotou o Canadá por 49 a 48 e a própria Nova Zelândia por 58 a 44. A grande decisão do campeonato - realizado pela primeira vez na história na América do Sul - será disputada neste domingo (23), às 16h30, entre Austrália e Estados Unidos."	Agência Brasil	esportes	False
https://agenciabrasil.ebc.com.br/esportes/noticia/2026-08/lando-norris-faz-pole-do-gp-da-holanda-bortoleto-larga-em-nono	2026-08-22	Lando Norris faz a pole do GP da Holanda; Bortoleto larga em nono	Atual campeão do mundo tenta recuperação na temporada	No fim de semana de retorno da Fórmula 1 após quase um mês de pausa, o britânico Lando Norris, atual detentor do título de campeão mundial e vencedor do GP mais recente, na Hungria, mostrou que quer se recuperar na classificação da temporada 2026 . O piloto da McLaren - atual quinto colocado na tabela - fez a pole position no circuito de Zandvoort, na Holanda, neste sábado (22). O brasileiro Gabriel Bortoleto, da Audi, vai largar na nona posição. Antes do treino oficial, outro britânico, George Russell, da Mercedes, venceu a corrida sprint, seguido por Charles Leclerc, da Ferrari, e Lando Norris. Bortoleto fechou no nono lugar, uma posição abaixo da zona de pontuação da prova sprint. Pouco depois, na classificação para o GP de domingo, Norris registrou o tempo de 1min11s63, ficando à frente de Russell (1min11s265) e do líder da temporada, Kimi Antonelli (1min11s296), ambos da Mercedes. Bortoleto fez o tempo de 1min12s079. Após se sagrar campeão no ano passado, Norris vem tendo dificuldades em 2026, tendo subido ao pódio apenas três vezes em onze provas. A única vitória até o momento foi justamente na última corrida, no circuito de Hungaroring, em Budapeste. O GP da Holanda tem largada marcada para as 10h deste domingo, no horário de Brasília.	Agência Brasil	esportes	False
https://agenciabrasil.ebc.com.br/esportes/noticia/2026-08/copa-do-mundo-feminina-2027-veja-os-estadios-onde-selecao-vai-jogar	2026-08-20	Copa do Mundo Feminina 2027: veja os estádios onde a Seleção vai jogar	Seleção abre o torneio jogando no Maracanã, no Rio de Janeiro	A seleção feminina do Brasil abrirá a Copa do Mundo do ano que vem no dia 24 de junho, no Maracanã . O anúncio foi feito na manhã desta quinta-feira (20) em evento na sede da Federação Internacional de Futebol (Fifa), em Zurique (Suíça). Por ser o país-sede, o Brasil já está garantido no Grupo A do Mundial. Confira abaixo os estádios que o Brasil vai passar até a grande final. - 24 de junho - Maracanã, no Rio de Janeiro - 29 de junho - Neo Química Arena, em São Paulo - 4 de julho -  Mané Garrincha, em Brasília Caso avance na liderança do grupo , a jornada rumo à final no Maracanã prevê jogos nos seguintes estádios: - 10 julho - Arena Castelão, em Fortaleza (oitavas de final), - 16 julho - Mineirão, em Belo Horizonte (quartas) e - 20 julho - Neo Quimica Arena, em São Paulo (semifinal). Se a seleção feminina passar em segundo lugar no Grupo A , a caminhada do time terá a seguinte ordem: - 11 julho - Mineirão (oitavas de final), - 17 julho - Arena Castelão (quartas de final) - 21 julho - Maracanã (semifinal) A grande final do campeonato está marcada para 25 de julho, no Maracanã, no Rio de Janeiro. A Copa Feminina terá 64 jogos em oito municípios. A cidade que receberá mais partidas é São Paulo: dez, seguida por Rio e Fortaleza (nove), Belo Horizonte (oito), Brasília, Salvador, Porto Alegre e Recife (sete). O sorteio dos grupos será em dezembro deste ano, novamente na sede da Fifa. Saiba mais no Repórter Brasil Tarde, da TV Brasil	Agência Brasil	esportes	False
https://agenciabrasil.ebc.com.br/esportes/noticia/2026-08/brasil-bate-argentina-e-vai-semi-de-qualificatorio-para-pre-olimpico	2026-08-20	Brasil bate Argentina e vai à semi de qualificatório para Pré-Olímpico	Seleção feminina de basquete volta à quadra no próximo sábado	A seleção brasileira feminina de basquete levou a melhor sobre a Argentina e avançou às semifinais torneio classificatório para o Pré-Olímpico de 2028. Na tarde desta quinta-feira (20) em Guadalajara (México), as brasileiras derrotaram as hermanas por 58 a 53 na terceira e última rodada da fase de grupos. A armadora Bella Nascimento foi a cestinha do lado brasileiro, com 23 pontos e três rebotes. Líder do Grupo A, o Brasil volta à quadra no sábado (22), em horário ainda indefinido. O adversário será o vencedor do duelo entre Canadá e México, que se enfrentam logo mais às 23h30 (horário de Brasília), pelo Grupo B.  As duas equipes lideram a chave com duas vitórias e nenhuma derrota.  As partidas do torneio têm transmissão ao vivo no canal da Federação Internacional de Basquete (Fiba) no YouTube. 🇧🇷 Brazil get it done and secure a spot in the semis! 💪 #FIBAOQT pic.twitter.com/2yhZk9IHjf A vitória de hoje foi a segunda da Amarelinha no torneio – na última terça (18), o Brasil superou a Nova Zelândia (56 a 53). Apesar do revés na estreia diante do Sudão do Sul , as brasileiras encerraram a fase de grupos no topo da chave A, com cinco pontos, e as hermanas ficaram em segundo lugar, com quatro. O torneio classificatório começou com oito seleções, divididas em dois grupos. Apenas as primeiras duas colocadas em cada chave disputarão as semifinais no sábado (22). As equipes finalistas vão lutar no domingo (23) pela tão sonhada vaga antecipada no Pré-Olímpico. Programada para fevereiro de 2028, a competição definirá as 12 seleções que disputarão os Jogos de Los Angeles (LA 2028). Caso o Brasil não vença o qualificatório, terá uma última chance de carimbar a vaga olímpica na Copa América, entre 3 e 11 de julho de 2027, em El Salvador. O torneio distribuirá vagas às quatro seleções primeiras colocadas.	Agência Brasil	esportes	False
https://agenciabrasil.ebc.com.br/esportes/noticia/2026-08/brasil-mira-semifinais-do-classificatorio-ao-pre-olimpico-de-basquete	2026-08-20	Brasil enfrenta Argentina por vaga no Pré-Olímpico de basquete	Após reabilitação, seleção feminina tem clássico na semifinal	A seleção feminina de basquete decide nesta quinta-feira (20) o futuro no torneio classificatório para o Pré-Olímpico da modalidade. A partir das 15h (horário de Brasília), as brasileiras disputam o clássico contra a Argentina pela terceira e última rodada do Grupo A da competição, realizada em Guadalajara, no México. Após estrear com derrota por 63 a 61 para o Sudão do Sul, na segunda-feira (17), o Brasil se reabilitou na noite da última terça-feira (18), ao superar a Nova Zelândia, por 56 e 53. Assim como no primeiro jogo, o destaque foi a armadora Aaliyah Guyton, filha da ex-jogadora Adrianinha, medalhista de bronze na Olimpíada de Sydney (Austrália), em 2020. Ela fez 18 pontos, deu quatro assistências e conseguir três roubadas de bola. Diferentemente da estreia, em que ficaram atrás no placar durante praticamente toda a partida, as brasileiras controlaram o placar na maior parte do tempo. Foram cerca de 37 minutos a frente, contra somente um minuto e 18 segundos com as rivais em vantagem. As quatro seleções do grupo estão empatadas com uma vitória e uma derrota cada. O Brasil aparece na segunda posição, com saldo positivo de um ponto (117 feitos e 116 sofridos), atrás da Nova Zelândia (saldo de 19) e a frente de Sudão do Sul (-1) e da Argentina (-19). Os dois primeiros avançam às semifinais, para enfrentar as seleções que passarem no Grupo B, que reúne Canadá, México, Filipinas e Senegal. O campeão se classifica ao Pré-Olímpico, que definirá dez dos 12 participantes da modalidade nos Jogos de Los Angeles, nos Estados Unidos. O torneio está marcado para fevereiro de 2028. As seleções que não obtiverem vaga por meio deste classificatório terão de buscá-la nos torneios continentais. No caso do Brasil, a oportunidade será a Copa América do ano que vem, entre os dias 3 e 11 de julho, em El Salvador. Os quatro primeiros vão ao Pré-Olímpico.	Agência Brasil	esportes	False
https://agenciabrasil.ebc.com.br/esportes/noticia/2026-08/grand-slams-criam-conselho-de-tenistas-em-meio-debate-sobre-premios	2026-08-20	Grand Slams criam conselho de tenistas em meio a debate sobre prêmios	Comitê será criado após o US Open, que começa neste domingo (23)	Os quatro maiores torneios de tênis do mundo, os Grand Slams, anunciaram nesta quinta-feira (20) a criação de um Conselho Consultivo de Jogadores do Grand Slam, que se dedicará a uma série de questões, incluindo a premiação em dinheiro. O Aberto da Austrália, o Aberto da França, Wimbledon e o US Open afirmaram, em um comunicado à imprensa conjunto, que o conselho será lançado após o último Grand Slam do ano, que começa no final deste mês em Nova York. Atualmente, os torneios estão definindo a composição do conselho e sua estrutura operacional com a participação dos jogadores. Os tenistas interessados poderão se candidatar a vagas no conselho, onde poderão abordar uma ampla gama de questões esportivas relacionadas aos Grand Slams, incluindo o desejo de uma participação maior na receita gerada pelos quatro eventos de maior prestígio do tênis mundial. “Ter um lugar à mesa com os Grand Slams é algo que já desejávamos há algum tempo, por isso estou muito satisfeito em ver esse conselho se formar”, disse o número seis do mundo, Ben Shelton, em um comunicado à imprensa. “Isso nos dá, como jogadores, uma oportunidade real de ter voz, contribuir para o diálogo e ajudar a moldar os torneios além do que acontece na quadra.” No Aberto da França deste ano, a número um do mundo no tênis feminino, Aryna Sabalenka, afirmou que os jogadores boicotariam o evento se o prêmio em dinheiro no Grand Slam de saibro não fosse aumentado. A norte-americana Coco Gauff também manifestou seu apoio a essa medida drástica. Os quatro torneios de maior prestígio afirmaram que o objetivo do conselho será fortalecer ainda mais a parceria entre os Grand Slams e os tenistas, com foco na participação dos jogadores nas questões esportivas dos torneios. Questões esportivas que afetem coletivamente os torneios do Grand Slam serão tratadas por meio do conselho de forma conjunta. O conselho também proporcionará um fórum regular para que os jogadores discutam questões como bem-estar e remuneração com cada Grand Slam individualmente, devido às diferenças na estrutura, economia, governança e processo de tomada de decisão de cada torneio. “Ouvimos o desejo dos jogadores de terem mais voz, e esse conselho consultivo é um passo importante para um relacionamento mais forte entre os torneios do Grand Slam e os jogadores”, disse Deborah Jevans, presidente do All England Club. “Estamos ansiosos para trabalhar juntos a fim de aprimorar a experiência dos jogadores, valorizar ainda mais os torneios do Grand Slam e garantir que o esporte continue a prosperar.” * É proibida a reprodução deste conteúdo.	Agência Brasil	esportes	False
https://agenciabrasil.ebc.com.br/esportes/noticia/2026-08/arthur-elias-aprova-logistica-em-caminho-do-brasil-na-copa-feminina	2026-08-20	Arthur Elias aprova logística em caminho do Brasil na Copa Feminina	Técnico destaca estreia no Maracanã e histórico positivo em São Paulo	"O Brasil sai na frente dos principais concorrentes ao título da Copa do Mundo Feminina do ano que vem ao saber, com antecedência, o caminho que terá pela frente. É o que o técnico Arthur Elias disse nesta quinta-feira (20), após a confirmação das sedes pelas quais a seleção passará na fase de grupos do Mundial e no provável mata-mata . “A definição foi importante, dentro do que a gente esperava. A logística é favorável e a gente vai se antecipar no planejamento. Nossa meta é sempre se classificar em primeiro e, neste caso, é ainda mais importante, porque nos dá um dia a mais para preparação do jogo da semifinal e da final”, disse Arthur, em depoimento ao canal da Confederação Brasileira de Futebol (CBF) no YouTube e ao site da entidade. A estreia será no dia 24 de junho, no Maracanã, na partida de abertura da competição. Cinco dias depois, o Brasil vai a campo na Neo Química Arena, em São Paulo. Em 4 de julho, por fim, o palco que receberá as brasileiras é o Mané Garrincha, em Brasília. Passando de fase como líder do Grupo A, a seleção terá a seguinte sequência no mata-mata, caso chegue à decisão: oitavas de final na Arena Castelão, em Fortaleza (10 de julho); quartas no Mineirão, em Belo Horizonte (16 de julho) e semifinal em São Paulo. Se avançar em segundo, o Brasil jogará nos dias 11 de julho no Mineirão (oitavas), 17 em Fortaleza (quartas) e 21 no Maracanã (semifinal). A final será no dia 25 de julho, também no Rio de Janeiro. A seleção feminina não atua no Maracanã desde 2016, quando foi superada pela Suécia na semifinal da Olimpíada do Rio. A Neo Química Arena, por sua vez, recebeu sete jogos das brasileiras desde a inauguração, em 2014, com uma derrota e seis vitórias seguidas - a última delas em junho, por 2 a 1, contra os Estados Unidos. No Mané Garrincha, por sua vez, o Brasil está invicto: sete triunfos e dois empates. ""Espero que depois da Copa seja mais comum a seleção feminina atuar no Maracanã, nosso estádio mais emblemático e conhecido mundialmente. Disputar o primeiro jogo ali é uma vantagem, porque como o objetivo é chegar na final, quanto mais jogamos no estádio, mais testamos o gramado e a torcida"", avaliou Arthur, que, dos palcos da fase de grupos, trabalhou somente na Neo Química Arena, tanto a frente do Brasil como do Corinthians, onde foi multicampeão na modalidade. ""Lá, foram só vitórias, tanto por clube como pela seleção. Então, com certeza, será um segundo jogo bastante especial, e no qual podemos encaminhar a classificação para as oitavas. Importante também estimular o futebol de mulheres em Brasília, que tem times e projetos da modalidade há um tempo"", finalizou o treinador."	Agência Brasil	esportes	False
https://agenciabrasil.ebc.com.br/esportes/noticia/2026-08/maracana-sera-palco-de-abertura-da-copa-do-mundo-feminina-de-futebol	2026-08-20	Maracanã será palco de abertura da Copa Feminina de Futebol de 2027	Na 1ª fase, seleção feminina também tem jogos em São Paulo e Brasília	A seleção feminina do Brasil abrirá a Copa do Mundo do ano que vem no dia 24 de junho, no Maracanã. O anúncio foi feito na manhã desta quinta-feira (20) em evento na sede da Federação Internacional de Futebol (Fifa), em Zurique (Suíça). O estádio do Rio de Janeiro também será sede da grande final, marcada para 25 de julho. Por ser o país-sede, o Brasil já está garantido no Grupo A do Mundial. Após a estreia, as brasileiras voltam a campo no dia 29 de junho, desta vez na Neo Química Arena, em São Paulo. A campanha na primeira fase termina em 4 de julho, no Mané Garrincha, em Brasília . Os demais jogos da chave serão na Casa de Apostas Arena Fonte Nova, em Salvador (dois) e na Arena Pernambuco, em Recife. Caso avance na liderança do grupo, a jornada rumo à final no Maracanã prevê jogos na Arena Castelão, em Fortaleza (oitavas de final), Mineirão, em Belo Horizonte (quartas) e novamente em São Paulo (semifinal). Se passar em segundo lugar, a caminhada do Brasil terá, na ordem: Mineirão (oitavas), Arena Castelão (quartas) e Maracanã (semi). A Copa Feminina terá 64 jogos em oito cidades. A que terá mais partidas é São Paulo: dez, seguida por Rio e Fortaleza (nove), Belo Horizonte (oito), Brasília, Salvador, Porto Alegre - que tem como estádio o Beira-Rio - e Recife (sete). O sorteio dos grupos será em dezembro deste ano, novamente na sede da Fifa. A última vez que a seleção feminina do Brasil atuou no Maracanã foi pelas semifinais da Olimpíada do Rio de Janeiro, em 2016, contra a Suécia. Após um empate sem gols no tempo normal, as escandinavas ganharam nos pênaltis por 4 a 3. O time europeu era dirigido pela sueca Pia Sundhage, que, três anos depois, assumiu a Amarelinha. A estreia das brasileiras no Maracanã ocorreu em 20 de julho de 2007, na fase de grupos dos Jogos Pan-Americanos do Rio, com goleada por 7 a 0 sobre o Canadá. Seis dias depois, o estádio presenciou a conquista da medalha de ouro pela seleção de Marta, Cristiane e Formiga em outra grande vitória: 6 a 0 sobre os Estados Unidos. Nos bastidores, o Maracanã disputava com a Neo Química Arena o posto de sede da abertura. A casa do Corinthians, clube mais vitorioso da modalidade no país, recebeu sete jogos da seleção feminina desde a inauguração, em 2016. O último no último dia 6 de julho, quando o Brasil venceu o Estados Unidos por 2 a 1 em amistoso. O retrospecto no estádio é de seis triunfos (consecutivos) e uma derrota.	Agência Brasil	esportes	False
https://agenciabrasil.ebc.com.br/esportes/noticia/2026-08/fifa-sorteia-confrontos-da-repescagem-internacional-da-copa-feminina	2026-08-20	Fifa sorteia confrontos da repescagem internacional da Copa Feminina	Torneio que começa em novembro define últimas vagas para o Mundial	"Além de anunciar o Maracanã, no Rio de Janeiro, como sede da abertura e da grande final da próxima Copa do Mundo Feminina, a Federação Internacional de Futebol (Fifa) sorteou, nesta quinta-feira (20), os confrontos da fase preliminar da repescagem internacional, torneio que, ao todo, reunirá dez seleções, dos seis continentes, e classificará três delas ao Mundial de 2027. Esta fase engloba seis seleções, que disputarão três jogos cada, sorteados nesta quinta. As partidas serão disputadas entre os dias 24 de novembro e 5 de dezembro, em datas, locais e horários que ainda serão definidos. Os participantes são Taipé Chinês, Uzbequistão, África do Sul, Papua Nova Guiné, Gana e Equador. Os confrontos ficaram assim: Uzbequistão x Papua Nova Guiné Taipé Chinês x África do Sul Gana x Equador Uzbequistão x Gana África do Sul x Equador Papua Nova Guiné x Taipé Chinês África do Sul x Uzbequistão Papua Nova Guiné x Gana Taipé Chinês x Equador Ao final destes confrontos, as duas seleções com mais pontos vão à etapa final da repescagem e se juntam a outras quatro: uma que virá das eliminatórias da Europa, duas da Confederação das Américas do Norte, Central e Caribe (Concacaf) e a Venezuela, terceira colocada da Liga das Nações, torneio organizado pela Conmebol - entidade responsável pelo futebol sul-americano - para ser um classificatório à Copa. Os seis ""sobreviventes"" serão divididos em três confrontos de jogo único, definidos em novo sorteio, com os jogos previstos para fevereiro do ano que vem. Os vencedores garantem as últimas vagas ao Mundial já saberão, inclusive, quais serão os adversários na primeira fase, pois o sorteio dos grupos será em dezembro deste ano ainda, também na sede da Fifa, em Zurique (Suíça). Até o momento, 18 países estão confirmados na Copa. Além do Brasil, país-sede, a América do Sul tem Argentina e Colômbia assegurados. Na Europa, quatro seleções já se garantiram: Alemanha, França, Dinamarca e Espanha, atual campeã. Outras serão definidas em confrontos eliminatórios a serem disputados entre outubro e dezembro. Na Oceania, a vaga ficou com a Nova Zelândia. A Austrália, apesar de geograficamente ser do mesmo continente que os neozelandeses, joga pela Ásia, mas também se classificou, assim como Filipinas, Japão, China, Coreia do Norte e Coreia do Sul. A Copa África de Nações, que terminou no último domingo (16), definiu quatro representantes do continente: Camarões (campeão), Malauí (vice), Argélia e Marrocos - pela primeira vez, a Nigéria está fora de um Mundial Feminino. Já as seleções da Américas do Norte, Central e Caribe serão conhecidas após a realização do Campeonato da Concacaf, de novembro a dezembro, nos Estados Unidos."	Agência Brasil	esportes	False
https://agenciabrasil.ebc.com.br/esportes/noticia/2026-08/apos-2-anos-rebeca-andrade-volta-disputar-etapa-da-copa-do-mundo	2026-08-20	Após 2 anos, Rebeca Andrade volta a disputar etapa da Copa do Mundo	Competição serve de preparação para Mundial em Roterdã, em setembro	Maior medalhista olímpica do Brasil, a ginasta Rebeca Andrade voltará a representar o país na etapa da Copa do Mundo de Szombathely (Hungria), junto com Flávia Saraiva e Lorrane Oliveira. A atleta retorna à competição após pausa de dois anos para descansar corpo e mente. Na disputa mascullina, foram relacionados Arthur Nory, Caio Souza e Lucas Bittencourt. As convocações foram anunciadas na noite de quarta-feira (20) pela Confederação Brasileira de Ginástica (CBG), que também escalou atletas (homens e mulheres) para os Jogos Sul-Americanos em Santa Fé (Argentina). As duas competições em setembro servem de preparação para o Campeonato Mundial em outubro, em Roterdã (Holanda). A competição na Hungria ocorrerá de 14 a 21 de setembro. Rebeca disputará as provas de salto e trave. Na última vez que se se apresentou em uma etapa da Copa do Mundo, em março de 2024, a brasileira faturou prata nas barras assimétricas. Meses depois, na Olimpíada de Paris, ela se tornaria a maior medalhista brasileira de todos os tempos ao subir quatro vezes ao pódio, com ouro no solo, duas pratas (salto e individual geral) e bronze por equipes. Na edição de Tóquio 2020, a ginasta já conquistara ouro no salto e prata no individual geral. Após Paris 2024, em setembro, a ginasta decidiu pelo período de descanso físico e mental. Um post compartilhado por Conf. Brasileira de Ginástica (@cbginastica) Campeão mundial no salto (2021 e 2023) e no individual geral (2022), Rebeca iniciou o retorno gradual às competições em junho, pelo Campeonato Pan-Americano de Ginástica no Rio de Janeiro. De cara, ela arrematou o ouro no salto e sua presença foi crucial para a seleção brasileira levar prata por equipes. Neste mês, a paulista de Guarulhos brilhou em uma apresentação única na prova de salto durante o Campeonato Brasileiro, no Distrito Federal. Rebeca cravou 14.800, a maior nota do mundo neste ano no aparelho, ao executar com perfeição um Yurchenko com dupla pirueta. Apesar do bom desempenho, ela preferiu não disputar a final, que exigiria um segundo salto. Para a disputa masculina na Hungria a CBG convocou os atletas Arthur Nory, Caio Souza e Lucas Bittencourt. Outros integrantes da seleção brasileira de ginástica foram relacionados para os Jogos Sul-Americanos, em Santa Fé (Argentina) , de 11 a 17 de setembro.  A equipe feminina contará com Carolyne Pedro, Gabriela Barbosa, Gabriela Bouças, Júlia Coutinho, Duda Monteiro e Thaís Fidélis. Na disputa masculina, o Brasil terá cmo representantes Bernardo Miranda, Diogo Soares, Johnny Oshiro, Patrick Corrêa, Vitaliy Guimarães e Yuri Guimarães.	Agência Brasil	esportes	False
https://agenciabrasil.ebc.com.br/esportes/noticia/2026-08/palmeiras-vence-cerro-porteno-fora-e-vai-quartas-da-libertadores	2026-08-19	Palmeiras vence Cerro Porteño fora e vai às quartas da Libertadores	Gustavo Gómez marca e garante classificação alviverde em Assunção	"O Palmeiras está nas quartas de final da Libertadores. Nesta quarta-feira (19), o Verdão venceu o Cerro Porteño por 1 a 0 no La Nueva Olla, em Assunção (Paraguai), na partida de volta do confronto pelas oitavas de final. A equipe alviverde aguarda o ganhador do duelo entre Mirassol e LDU, que se reencontram nesta quinta-feira (20), às 19h (horário de Brasília), no Estádio Casa Blanca, em Quito (Equador). Uma semana antes, no interior paulista, as equipes empataram por 1 a 1 no Maião. Na quarta-feira passada (12), Palmeiras e Cerro Porteño tinham empatado por 1 a 1 no Nubank Parque, em São Paulo. Uma vitória simples bastaria para qualquer um dos lados. Em caso de nova igualdade, a decisão da vaga às quartas seria nos pênaltis. Em um primeiro tempo muito truncado, os paraguaios assustaram primeiro. Aos 18 minutos, o lateral Marcelo Chaparro bateu escanteio pela esquerda, o volante Ariel Gamarra escorou de cabeça para o meio e o zagueiro Lucas Quintana, na pequena área, finalizou por cima do gol, rente ao travessão. O Palmeiras controlava as ações do time da casa, mas demonstrava pouca inspiração para chegar ao ataque. Quando o fez, foi efetivo. Aos 40 minutos, o atacante Jhon Arias cobrou escanteio pela direita e o zagueiro Gustavo Gómez, de cabeça, mandou para as redes. Na etapa final, o ritmo da partida caiu significativamente, com o Cerro Porteño mostrando dificuldades para chegar ao campo de ataque. Com a missão ""facilitada"", o Verdão, mesmo sem uma grande atuação, fez o suficiente para administrar o placar e a classificação. Em outro confronto desta quarta, o Platense ignorou o fator-casa e superou o Coquimbo Unido nos pênaltis, por 7 a 6, após um empate sem gols no tempo normal no Estádio Francisco Rumoroso, em Coquimbo (Chile). Na ida, uma semana antes, no Estádio Ciudad de Vicente López, em Florida (Argentina), os times não saíram do zero. Os argentinos serão adversários do Fluminense nas quartas de final. Na última terça-feira (18), o Tricolor se classificou ao eliminar o Independiente Rivadavia, também do país vizinho, no Estádio Malvinas Argentinas, em Mendoza. As equipes ficaram no 1 a 1 tempo normal e os cariocas levaram a melhor nos pênaltis, por 5 a 4. Na terça passada (11), a rede do Maracanã, no Rio de Janeiro, não balançou. Mesmo com um a menos após a expulsão de Agustín Canobbio, o Flu saiu na frente aos 31 minutos da segunda etapa, com Kevin Serna. O também atacante Álex Arce igualou nos acréscimos, aos 52. Nos pênaltis, o goleiro Fábio brilhou com defesas nas cobranças dos meias José Florentín e Rodrigo Atencio. Pela Copa Sul-Americana, o Atlético-MG se classificou às quartas de final ao deixar para trás o Red Bull Bragantino. Nesta quarta, os times empataram por 2 a 2 na Arena MRV, em Belo Horizonte, com os mineiros se beneficiando da vitória por 1 a 0 no Estádio Cícero de Souza Marques, em Bragança Paulista (SP), há uma semana. O Massa Bruta saiu na frente com Erik Ramires, nos acréscimos do primeiro tempo. No início da etapa final, o também volante Maycon igualou para o Galo. Os paulistas voltaram a frente aos 35 minutos, com o atacante Eduardo Sasha. Quando o jogo caminhava para os pênaltis, o meia Tomás Cuello fez o segundo do time da casa, decisivo para a classificação. Nas quartas, o Atlético-MG pega outro compatriota pela frente: o Santos. Nesta quinta, às 19h, o Peixe visita o Macará no Estádio Bellavista, em Ambato (Equador). O Alvinegro Praiano levou a melhor na Vila Belmiro, em Santos (SP), por 2 a 1, no jogo de ida. Outro brasileiro ainda na briga pelo título da Sul-Americana é o São Paulo, que despachou o Bolívar (Bolívia) na última terça, ao ganhar por 3 a 1 no Morumbis. O zagueiro Sabino, Jonathan Calleri e Luciano marcaram para o Tricolor na capital paulista, enquanto o também atacante Dairon Asprilla descontou. O Boca Juniors (Argentina) será o adversário das quartas."	Agência Brasil	esportes	False
https://agenciabrasil.ebc.com.br/esportes/noticia/2026-08/libertadores-flamengo-elimina-cruzeiro-e-mantem-vivo-sonho-do-penta	2026-08-20	Libertadores: Flamengo elimina Cruzeiro e mantém vivo sonho do penta	Em noite de golaços, Rubro-Negro faz 2 a 1 e vai às quartas de final	"O sonho do quinto título da Libertadores segue vivo para o Flamengo. Na noite dessa quarta-feira (19), o Rubro-Negro venceu o Cruzeiro por 2 a 1 no Maracanã, no jogo de volta do confronto pelas oitavas de final do torneio continental. A partida foi transmitida ao vivo pela Rádio Nacional. Atual campeão e primeiro clube brasileiro a ganhar quatro vezes a Libertadores, o time carioca aguarda a definição do adversário das quartas de final, que sai do embate entre Tolima e Independiente del Valle . O jogo de ida, adiado em uma semana devido aos impactos de um terremoto que atingiu a Colômbia, ocorreu na última terça-feira (18). O Del Valle se deu melhor e ganhou por 1 a 0, mesmo atuando no Estádio Manuel Murillo Toro, em Ibagué (Colômbia). A partida de volta será na próxima terça-feira (25), às 21h30 (horário de Brasília), no Estádio Banco Guayaquil, em Quito (Equador). O confronto estava aberto. Na partida de ida, uma semana antes, os times empataram por 1 a 1 no Mineirão, em Belo Horizonte. O atacante Keny Arroyo abriu o placar para o Cruzeiro e o meia Lucas Paquetá deixou tudo igual. O primeiro tempo no Maracanã foi de amplo domínio do Flamengo. O Rubro-Negro teve 60% de posse de bola, fez 13 desarmes (contra apenas seis do Cruzeiro) e ainda chutou 15 vezes - nove delas dentro da área dos mineiros. Nos 20 minutos iniciais, foram pelo menos três boas oportunidades. Primeiro, aos quatro, uma cabeçada do zagueiro Léo Ortiz, livre, que saiu rente à trave esquerda. Depois, aos 12, com o goleiro Otávio travando Pedro na hora ""H"", depois de o camisa 9 ser acionado quase na pequena área. Aos 18, quem ficou no quase foi o também atacante Samuel Lino, que pegou a sobra de uma bola afastada por Otávio e bateu forte de pouco antes da meia-lua. O chute passou à direita da meta do Cruzeiro, muito perto do gol. A insistência rubro-negra foi presenteada aos 34 minutos, em um golaço de Giorgian de Arrascaeta. O uruguaio avançou pela esquerda e tabelou com Pedro, que devolveu de calcanhar para o meia acertar o ângulo de Otávio, abrindo o placar no Rio de Janeiro. O Cruzeiro voltou diferente do intervalo e quase igualou logo aos dois minutos . O lateral William cruzou pela direita, a bola desviou no zagueiro Léo Pereira e o volante Jorginho afastou o perigo no limite. A bola não cruzou completamente a linha por muito pouco. O árbitro de vídeo (VAR) teve de ser acionado para se ter a certeza de que não havia sido gol. Três minutos depois, veio o empate. O volante Lucas Romero foi acionado pelo meia Gerson quase na entrada da área pela direita. O capitão celeste bateu forte, cruzado, acertando o canto do goleiro Agustín Rossi. A Raposa se animou e a virada poderia ter saído aos 12 minutos, em contra-ataque puxado por Kaio Jorge. O atacante saiu em velocidade pela direita, invadiu a área e chutou cruzado e rasteiro. A finalização saiu rente à trave. Foi então que o Flamengo acordou e retomou presença no campo de ataque. Aos 16, Pedro recebeu de Arrascaeta na meia-lua e acionou Samuel Lino pelo lado esquerdo, próximo da pequena área. O atacante driblou William, bateu forte, indefensável para Otávio, marcando outro golaço no Maracanã. O Cruzeiro tentou se lançar à frente, mas já não encontrava a mesma facilidade do começo da etapa final para chegar à área rubro-negra. O Flamengo, bem postado, segurou o ímpeto dos mineiros e celebrou a classificação às quartas de final."	Agência Brasil	esportes	False
https://agenciabrasil.ebc.com.br/esportes/noticia/2026-08/selecao-feminina-de-futebol-e-convocada-para-copa-do-mundo-sub-20	2026-08-19	Seleção feminina de futebol é convocada para a Copa do Mundo sub-20	Competição será disputada na Polônia entre os dias 5 e 27 de setembro	A seleção feminina está convocada para a disputa da Copa do Mundo sub-20, que será realizada entre os dias 5 e 27 de setembro, na Polônia. A técnica Camilla Orlando divulgou a lista com 21 atletas nesta quarta-feira (19), na sede da Confederação Brasileira de Futebol (CBF), no Rio de Janeiro. A delegação se reúne em São Paulo neste domingo (23) e viaja ao país-sede do Mundial no dia seguinte . A preparação terá início na próxima quinta-feira (27), em Cracóvia. No dia 30, jogadoras e comissão técnica viajam cerca de 110 quilômetros até a cidade de Bielsko-Biala, que receberá os três jogos do Brasil pelo Grupo B. A estreia na Copa será no dia 5 de setembro, contra a Tanzânia, às 10h (horário de Brasília). No dia 8, as brasileiras encaram o Canadá, no mesmo horário. A participação na primeira fase termina no dia 11, novamente às 10h, diante da Inglaterra. Atual campeão brasileiro sub-20, em final transmitida ao vivo pela TV Brasil , o Flamengo tem quatro representantes na seleção, sendo o clube com mais convocadas : a zagueira Sofia, as meias Emilly e Kaylane e a atacante Brendha. O vice São Paulo teve três atletas chamadas, assim como a Ferroviária. Já Internacional e Benfica (Portugal) possuem duas jogadoras cada no grupo. A lista reúne ainda jogadoras de Corinthians, Botafogo, Fluminense, Santos e Grêmio. Destaque, também, para a atacante Gio Canali, que está no futebol universitário dos Estados Unidos, representando a Virginia University. O Mundial reúne 24 seleções, divididas em seis grupos com quatro times em cada. Os dois primeiros se classificam, além dos quatro melhores terceiros colocados. A Coreia do Norte, com três títulos, é a maior campeã . O Brasil se classificou com a conquista do Campeonato Sul-Americano da categoria, em fevereiro, no Paraguai. A última edição foi realizada na Colômbia, em 2024. Na ocasião, o Brasil fez grande fase de grupos, com três vitórias em três jogos: 9 a 0 sobre Fiji, 3 a 0 na França e 2 a 0 no Canadá. Nas oitavas, as brasileiras superaram Camarões por 3 a 1 na prorrogação. Nas quartas, a seleção canarinho não resistiu à Coreia do Norte e perdeu por 1 a 0. As norte-coreanas ficaram com o título. O Brasil nunca conquistou o título mundial sub-20 entre as mulheres . O melhor resultado foi o terceiro lugar, alcançado duas vezes. Em 2006, a seleção contava com nomes históricos, como a goleira Bárbara, as zagueiras Mônica e Érika e a lateral Fabi Simões, além das hoje aposentadas Fran, Bagé e Renata Costa. Já a geração de 2022 tem atletas que vêm figurando há um tempo na seleção principal. Casos da goleira Gabi Barbieri, a lateral Bruninha, as zagueiras Lauren e Tarciane, a volante Yaya e as atacantes Priscila, Luany, Dudinha, Gio Garbelini e Aline Gomes. Goleiras: Elu (São Paulo), Morganti (Corinthians) e Thais Lima (Benfica). Defensoras: Ana Bia (São Paulo), Bianca Martins (Internacional), Sofia (Flamengo) e Thaynara (Botafogo) Meias: Aninha (Internacional), Clarinha (Benfica), Dudinha (Ferroviária), Emilly (Flamengo), Kaylane (Flamengo), Nogueira (Ferroviária) e Vitorinha (São Paulo). Atacantes: Brendha (Flamengo), Gio Canali (Virginia University), Carioca (Fluminense), Evelin (Santos), Gisele (Grêmio) e Tainá (Ferroviária).	Agência Brasil	esportes	False
https://agenciabrasil.ebc.com.br/esportes/noticia/2026-08/radio-nacional-exibe-flamengo-x-cruzeiro-pelas-oitavas-da-libertadores	2026-08-19	Rádio Nacional exibe Flamengo x Cruzeiro pelas oitavas da Libertadores	Equipes disputam a partir das 21h15 vaga para as quartas de final	A Rádio Nacional transmite nesta quarta-feira (19) a decisão por uma vaga nas quartas de final da Copa Conmebol Libertadores 2026. A partir das 21h15, a emissora acompanha todas as emoções do duelo decisivo entre Flamengo e Cruzeiro, direto do Maracanã, no Rio de Janeiro. Após o empate em 1 a 1 no jogo de ida , disputado na última quarta-feira (12) no Mineirão, o confronto segue totalmente em aberto. Com o apoio da torcida rubro-negra no Maracanã, o Flamengo busca uma vitória simples para avançar de fase e ir em busca da sua quinta taça da competição. Já a Raposa aposta na consistência do elenco para surpreender no Rio e carimbar a classificação fora de casa. A transmissão da Rádio Nacional tem início com a faixa Show de Bola Nacional e contará com uma equipe completa para levar ao público todas as informações do confronto. O jogo terá narração de André Luiz Mendes com comentários de Rodrigo Ricardo. Bruno Mendes comanda a reportagem e o plantão da rodada. A transmissão da partida entra no ar para parte da rede em AM e OC, além da FM no Rio de Janeiro, no Alto Solimões e parceiros da Rede Nacional de Comunicação Pública (RNCP). A Nacional FM nas demais praças segue com o conteúdo musical. O ouvinte pode ficar ligado nas produções preferidas pelo dial, no app Rádios EBC e no site da emissora. Os áudios ainda estão disponíveis em tempo real por streaming nas duas plataformas. A Copa Conmebol Libertadores é o principal torneio de clubes da América do Sul, organizado pela Confederação Sul-Americana de Futebol (Conmebol). Disputada anualmente desde 1960, a competição reúne as equipes mais qualificadas de cada país do continente, definidas por seus desempenhos nas ligas nacionais. Considerada o equivalente sul-americano da Liga dos Campeões da Europa, a Libertadores consagra o campeão continental, que passa a representar a região no Mundial de Clubes. Esporte que é paixão do povo brasileiro, o futebol é um dos destaques da programação da Rádio Nacional , emissora pública referência em transmissões de partidas no país há décadas. Os jogos das principais competições e as notícias mais importantes têm espaço nas jornadas esportivas diárias. Os torcedores podem ficar ligados pelo rádio, site ou streaming para acompanhar as emoções das disputas entre os maiores clubes brasileiros. Antes e depois dos confrontos, o ouvinte se informa sobre a preparação das equipes e a repercussão do placar nas ondas da Nacional. A análise sobre os resultados da rodada ainda ganha janela diária para um rico debate em produções consagradas no radiojornalismo esportivo. A equipe da Rádio Nacional reúne craques da crônica esportiva. São produtores, jornalistas e apresentadores que buscam o diferencial da notícia. Além de informar o público nas ondas do rádio, o time também faz bonito na telinha da TV Brasil . Os profissionais realizam o programa Stadium , de segunda a sexta, às 12h30, e de terça a sexta, às 18h30. Sempre ao vivo, as tradicionais produções da emissora pública trazem análises e apurações atualizadas. O esporte tem espaço destacado na programação do canal. O telejornal diário Repórter Brasil , às 12h45 e às 19h, também oferece uma ampla cobertura dos principais resultados do dia. Ajude a escolher a vencedora da categoria Craque da Torcida do Prêmio TV Brasil Petrobras Para Elas. A premiação criada pela TV Brasil e pela Petrobras vai reconhecer ainda atletas, treinadores e treinadoras, dirigentes, departamentos de futebol feminino e clubes que se destacarem ao longo da temporada de 2026. A votação da categoria com voto popular já está aberta , é gratuita e tem votos ilimitados. Acesse ebc.com.br/premiotvbrasilpetrobrasparaelas até 31 de outubro. Serviço Copa Libertadores 2026 – Flamengo x Cruzeiro, quarta-feira (19), a partir das 21h15, na Rádio Nacional RJ, AM, OC e AS + RNCP e Parceiros. Além disso, partida também será transmitida pelo canal da Rádio Nacional no YouTube. Site: https://radionacional.ebc.com.br Instagram: https://www.instagram.com/radionacionalbr Spotify: https://open.spotify.com/user/vpj3k8ogjwf1nkv4nap3tlruv YouTube: http://youtube.com/radionacionalbr Facebook: https://www.facebook.com/radionacionalbr X: https://x.com/radionacionalbr Streaming: https://aovivo.ebc.com.br/embed-audio.html?emissora=radio-nacional-do-rio-de-janeiro	Agência Brasil	esportes	False
https://agenciabrasil.ebc.com.br/esportes/noticia/2026-08/hortencia-e-indicada-premio-de-maior-atleta-da-historia-dos-mundiais	2026-08-18	Hortência é indicada a prêmio de maior atleta da história dos Mundiais	Ela é a única brasileira entre nove candidatas á láurea da Fiba	Campeã mundial de basquete com a seleção feminina no título inédito conquistado em 1994, a ex-jogadora Hortência é a única brasileira entre as nove indicadas ao prêmio de maior atleta da história das Copas do Mundo, concedido pela Federação Internacional da modalidade (Fiba). A entidade abriu votação popular nesta terça-feira (18) no site do próximo Mundial, que começa em 4 de setembro, na Alemanha. Hortência foi uma das protagonistas na conquista da Copa do Mundo de 1994, na Austrália, com vitória da Amarelinha na final contra a China (96 a 87), junto com Magic Paula e Janeth, conhecido como trio de ouro. Um dos jogos mais emocionantes foi a semifinal contra os Estados Unidos, até então hegemônico nas quadras. As brasileiras levaram a melhor sobre as norte-americanas por 110 a 107, tendo a ala-armadora Hortência como cestinha, com 32 pontos, seguida por Magic Paula (29) e Janeth (22). Dois anos depois, o trio de ouro voltou a brilhar na Olimpíada de Atlanta (Estados Unidos), quando a seleção foi vice-campeã, subindo pela primeira vez no pódio olímpico com a prata. WHO IS THE #FIBAWWC GOAT? 🐐 🗳️ VOTE https://t.co/oYx1Sw5t8N pic.twitter.com/4uCqsUsRFh Durante a carreira, Hortência disputou outras quatro edições de Copa do Mundo e também foi cestinha nas edições de 1979, 1983 e 1990. Nesta última, disputada na Malásia, a brasileira estabeleceu o recorde de maior média de pontos (31,5) que detém até hoje. A primeira e única votação promovida pela Fiba ao prêmio de maior jogadora de todos os tempos ocorreu em 2018, na véspera da Copa do Mundo na Espanha. Na ocasião, Hortência levou o prêmio com 85% dos votos. Hortência Marcari (BRA) Lauren Jackson (AUS) Uljana Semjonova (LET) Sue Bird (EUA) Penny Taylor (AUS) Diana Taurasi (EUA) Lisa Leslie (EUA) Maya Moore (EUA) Breanna Stewart (EUA)	Agência Brasil	esportes	False
https://agenciabrasil.ebc.com.br/esportes/noticia/2026-08/incomodo-no-abdomen-faz-joao-fonseca-desistir-do-masters-de-cincinnati	2026-08-18	Incômodo no abdômen faz João Fonseca desistir do Masters de Cincinnati	Após vitória na estreia, brasileiro disputaria 3ª rodada nesta terça	"O tenista brasileiro desistiu de disputar o Masters 1000 de Cincinnati (Estados Unidos) por conta de um desconforto do lado esquerdo do abdômen. Após vitória na estreia no último domingo (16), o atleta de 19 anos voltaria à quadra nesta terça-feira (18), quando enfrentaria australiano Christopher O’Connell por uma vaga nas oitavas de final. Fonseca recorreu às redes sociais no fim da noite de segunda (17) para comunicar a desistência do torneio, que serve de preparação para o US Open, quarto e último Grand Slam do ano, em Nova York. ""Hoje, durante o treino, senti um pequeno incômodo no lado esquerdo do abdômen. Após realizar exames, eu e minha equipe decidimos desistir da disputa de Cincinnati para me recuperar o mais rápido possível. Obrigado pela hospitalidade, e aos fãs pela torcida. Nos vemos no ano que vem"", disse o atleta no Reels do Instagram. Cabeça de chave 23, Fonseca estreou direto na segunda rodada do Masters de Cincinatti, com triunfo sobre o holandês Botic van de Zandschulp (59º no ranking mundial) por 2 sets a 0, com parciais de 6/4 e 7/6 (2). O tenista brasileiro terá agora pouco mais de uma semana para se recuperar a tempo de disputar a chave principal do US Open, a partir de 30 de agosto. Antes de Cincinatti, Fonseca cravou vitórias sobre o grego Stefanos Tsitsipas (49º) e o norueguês Casper Ruud (17º), antes de ser eliminado na oitavas pelo norte-americano Bem Shelton (6º). US Open - de 23 agosto a 13 setembro; Copa Davis no RJ - Brasil x Suíça - 18 e 19 setembro; ATP 500 de Tóquio - de 30 setembro a 6 outubro; Masters 1000 de Xangai - de 7 a 18 outubro; ATP 500 da Basileia -  de 26 outubro a 1º novembro; Masters 1000 de Paris - de 2 a 8 de novembro."	Agência Brasil	esportes	False
https://agenciabrasil.ebc.com.br/esportes/noticia/2026-08/grupo-de-direitos-humanos-pede-que-fifa-impeca-reeleicao-de-infantino	2026-08-17	Grupo de direitos humanos pede que Fifa impeça reeleição de Infantino	Organização diz que estatuto prevê apenas 3 mandatos para presidente	A organização de direitos humanos FairSquare pediu à Fifa que determine que Gianni Infantino não está apto a concorrer a outro mandato como presidente da entidade, argumentando que ele já cumpriu o máximo de três mandatos permitidos pelos estatutos da organização. Os presidentes da Fifa estão limitados a três mandatos. No entanto, em 2022, Infantino argumentou com sucesso que seu primeiro mandato, que teve início quando foi eleito em um Congresso Extraordinário em 2016 após a renúncia de Sepp Blatter, não deveria ser contabilizado nesse limite, pois completou um mandato interrompido. Em uma carta enviada ao Comitê de Governança, Auditoria e Conformidade (GACC) da Fifa, conforme noticiado pelo The Athletic, a FairSquare afirmou que essa interpretação é inconsistente com os estatutos da Fifa. “A denúncia que apresentamos fornece evidências claras de que se trata de uma violação evidente das regras e que abre um precedente muito perigoso”, disse o diretor da FairSquare, Nicholas McGeehan, à Reuters. “As regras estabelecem claramente que três mandatos presidenciais são o máximo permitido; a Fifa não pode simplesmente contornar essa regra — que serve como um freio ao poder presidencial — alegando que seu primeiro mandato não conta.” Infantino enfrenta um escrutínio cada vez maior antes do Congresso da Fifa do próximo ano, onde se espera que ele busque a reeleição para o ciclo de 2027 a 2031. A votação está marcada para ocorrer no Marrocos, em 18 de março. Na semana passada, a Uefa, a Confederação Asiática de Futebol e a Concacaf pediram uma revisão da conduta de Infantino depois que a Fifa propôs a criação de uma subsidiária de US$20 bilhões (R$ 104 bilhões) ligada às suas competições, incluindo a Copa do Mundo, para atrair investimentos privados. Fontes a par da situação afirmaram que as três confederações viram a carta como uma oportunidade para Infantino se afastar com sua dignidade intacta. Várias federações nacionais também manifestaram preocupações. O diretor-executivo da Federação Escocesa de Futebol, Ian Maxwell, disse à BBC nesta segunda-feira que sua federação não apoiará a reeleição de Infantino. Infantino, no entanto, mantém o apoio das confederações africana e sul-americana. A Reuters entrou em contato com a Fifa para obter comentários. * É proibida a reprodução deste conteúdo.	Agência Brasil	esportes	False
https://agenciabrasil.ebc.com.br/esportes/noticia/2026-08/rodada-ajuda-e-flamengo-volta-depender-apenas-de-si-no-brasileirao	2026-08-17	Rodada ajuda e Flamengo volta a depender apenas de si no Brasileirão	Com uma partida a menos, Rubro-Negro fica a três pontos do Palmeiras	"A goleada por 5 a 1 sobre o Mirassol, fora de casa, na noite desse domingo (16), já bastaria para o torcedor do Flamengo acordar satisfeito nesta segunda-feira (17). Mas a 23ª rodada do Campeonato Brasileiro como um todo foi motivo de comemoração para os rubro-negros. Afinal, a equipe voltou a depender apenas de si para ser campeã. A vitória no Maião, em Mirassol (SP), levou os cariocas a 45 pontos, apenas três pontos atrás do líder Palmeiras e com um jogo a menos. O time de Leonardo Jardim ainda teve uma ""ajuda"" do rival Fluminense, que bateu os alviverdes no último sábado (15) por 3 a 2, no Maracanã, de virada. Com o revés no Rio de Janeiro, o Palmeiras viu o Flamengo encurtar a diferença que, antes da pausa da Copa do Mundo, era de sete pontos. As equipes terão confronto direto somente na 36ª e antepenúltima rodada, na terceira semana de novembro. O mando será do time de Abel Ferreira, no Nubank Parque, em São Paulo. Na quarta-feira (19), os rivais, em cenários bem distintos, decidem o futuro nas oitavas de final da Libertadores, principal objetivo de ambos na temporada. Às 19h (horário de Brasília), o Palmeiras visita o Cerro Porteño no La Nueva Olla, em Assunção (Paraguai), uma semana após os times empatarem por 1 a 1 em São Paulo. Mais tarde, às 21h30, o Flamengo recebe o Cruzeiro no Maracanã, depois de as equipes também ficarem no 1 a 1 no Mineirão, em Belo Horizonte. A Rádio Nacional transmite a partida ao vivo. O triunfo rubro-negro no Maião começou a ser construído no primeiro tempo, com o meia Jorge Carrascal abrindo o placar. Os cariocas deslancharam na etapa final. Os atacantes Luiz Araújo, Samuel Lino e Pedro (duas vezes) marcaram e transformaram o resultado em goleada. O zagueiro João Victor descontou para o Mirassol. O Leão Caipira, que esboçava uma reação no pós-Copa, sofreu a segunda derrota seguida pela competição e o maior revés em casa desde 2017. Os paulistas ainda aparecem na 16ª colocação, mas estarão de volta à zona de rebaixamento - que engloba as quatro piores campanhas (o Z-4) - ao final da rodada. Isso porque Internacional (17º) e Remo (18º) se enfrentam nesta segunda, às 20h, no Beira-Rio, em Porto Alegre. O Colorado soma os mesmos 23 pontos do Mirassol, mas fica atrás por ter uma vitória a menos. O Leão Azul tem 22 pontos. Quem vencer, ultrapassa os paulistas na tabela e os envia ao Z-4. Em caso de empate, o Inter vai a 24 pontos e também manda o Leão Paulista para a zona de rebaixamento. Outro rubro-negro a se dar bem na 23ª rodada foi o Vitória. Também no domingo, o Leão bateu o Botafogo por 1 a 0 no Barradão, em Salvador, graças a um gol de pênalti do meia Matheuzinho. Sob pressão após novo revés e ainda sob efeito da goleada por 6 a 1 sofrida para o Cienciano, na altitude de Cusco (Peru), pelas oitavas de final da Copa Sul-Americana, o Glorioso permaneceu com 30 pontos e caiu duas posições, aparecendo em 11º. Os baianos, com um ponto a menos, subiram um degrau e estão logo atrás, em 12º. A noite de domingo, definitivamente, não foi boa para os alvinegros. O Corinthians foi superado pelo Cruzeiro, na Neo Química Arena, em São Paulo, por 2 a 1. O Timão, em nono com 32 pontos, perdeu a chance de se aproximar da zona de classificação à Libertadores de 2027, que reúne os cinco primeiros colocados (o G-5). Em contrapartida, a própria Raposa assumiu o quinto lugar, com 36 pontos. Mesmo poupando titulares de olho na decisão de quarta contra o Flamengo, o time mineiro saiu na frente com Bruno Rodrigues. O zagueiro Gustavo Henrique empatou, mas o também atacante Wanderson garantiu o triunfo celeste."	Agência Brasil	esportes	False
https://agenciabrasil.ebc.com.br/esportes/noticia/2026-08/brasil-estreia-mal-no-qualificatorio-para-o-pre-olimpico-de-basquete	2026-08-17	Brasil estreia mal no qualificatório para o Pré-Olímpico de basquete	Seleção feminina reage após início ruim, mas perde para Sudão do Sul	A seleção feminina de basquete não teve a estreia desejada no torneio qualificatório para o Pré-Olímpico da modalidade. Nesta segunda-feira (17), as brasileiras perderam do Sudão do Sul por 63 a 61 pela primeira rodada do Grupo A da competição, que ocorre em Guadalajara (México). O Brasil volta a quadra nesta terça-feira (18), às 23h30 (horário de Brasília), para encarar a Nova Zelândia. A participação na primeira fase termina na quinta (20), às 15h, em clássico contra a Argentina. As partidas têm t ransmissão ao vivo no canal da Federação Internacional de Basquete (Fiba) no YouTube. O desempenho ruim no primeiro quarto do jogo de estreia foi determinante para o resultado, com as sul-sudanesas abrindo 12 pontos de vantagem. O Brasil reagiu e na última das quatro parciais conseguiu até passar a frente no placar, com as seleções passando a se alternar na dianteira. Um post compartilhado por Courtside 1891 (@courtside1891) O equilíbrio prevaleceu e as equipes chegaram ao fim do tempo normal empatadas em 56 pontos. Na prorrogação, uma falta em cima de Moira Joiner a 21 segundos do fim decidiu o confronto. A própria armadora converteu os lances livres que colocaram o Sudão do Sul na frente. As brasileiras tentaram igualar novamente o jogo, sem êxito. Do lado verde e amarelo, o destaque foi Aaliyah Guyton. A armadora de 20 anos anotou 20 pontos, apanhou três rebotes e deu duas assistências. Ela é filha de Adrianinha, ex-atleta e medalhista de bronze pelo Brasil na Olimpíada de Sydney (Austrália) em 2020. Os dois primeiros colocados avançam às semifinais, onde terão pela frente os classificados do Grupo B, que reúne Canadá, México, Filipinas e Senegal. O campeão se garante no Pré-Olímpico, que será em fevereiro de 2028 e definirá dez dos 12 participantes da modalidade nos Jogos de Los Angeles (Estados Unidos). As demais seleções terão de buscar vaga nos torneios continentais. No caso brasileiro, se o título não vier no México, a seleção terá de ficar entre as quatro primeiras da Copa América, que será realizada entre 3 e 11 de julho do ano que vem em El Salvador.	Agência Brasil	esportes	False
https://agenciabrasil.ebc.com.br/esportes/noticia/2026-08/tifanny-se-pronuncia-apos-regra-que-veta-trans-no-volei-retrocesso	2026-08-16	"Tifanny se pronuncia após regra que veta trans no vôlei: ""Retrocesso"""	Oposta foi primeira mulher transgênero a atuar na Superliga Feminina	"A oposta Tifanny, que defende a equipe do Osasco São Cristóvão Saúde, manifestou-se, pela primeira vez, sobre a nova política de elegibilidade da Confederação Brasileira de Voleibol (CBV), que restringe a participação nas competições entre mulheres a atletas designadas com o sexo biológico feminino ao nascer. A jogadora, de 41 anos, a primeira transgênero a atuar na Superliga, considerou um ""enorme retrocesso"" e afirmou que não desistirá de seguir jogando . ""A CBV está tirando tudo o que eu tenho, que é o amor pelo voleibol e a profissão que eu venho exercendo todos esses anos. Mas isso não afeta só a mim. Afeta o meu clube, a torcida, patrocinadores, as pessoas que se inspiram em mim e o direito de todas as pessoas trans. É um enorme retrocesso na luta pelo reconhecimento e pela inclusão. Voltamos para a forma vexatória como se testavam as atletas nos anos 60 e 70"", disse Tifanny, em pronunciamento compartilhado pela assessoria de imprensa do Osasco. ""Não vou me calar e vou tomar todas as medidas possíveis para que a minha luta pelo direito à visibilidade, à inclusão e à prática do esporte não tenha sido em vão"", emendou a oposta, que atua no vôlei feminino desde 2017 e foi campeã da Superliga em 2025, sendo a primeira trans a conquistar o principal torneio do país na modalidade. O pronunciamento foi feito após a estreia do Osasco no Campeonato Paulista da modalidade, na noite do último sábado (15), em casa, no Ginásio José Liberatti, contra o Pinheiros. Apesar dos 19 pontos de Tifanny, muito festejada pela torcida osasquense, as visitantes levaram a melhor e venceram por 3 sets a 2, com parciais de 25/21, 25/16, 21/25, 23/25 e 15/11, após pouco mais de duas horas de partida. A participação da oposta no jogo, mesmo depois de a nova política da CBV ser anunciada, ocorreu após a Federação Paulista de Volleyball (FPV) informar que o Estadual seguiria o regulamento em vigor desde o início do torneio. Segundo a entidade, ""eventuais medidas"" serão tomadas ""para as próximas competições [...] após análise e manifestação das áreas jurídica e de saúde"". O novo critério de elegibilidade foi anunciado pela CBV na última sexta-feira (14). Segundo a entidade, a meta é estar em conformidade com regras do Comitê Olímpico Internacional (COI) e da Federação Internacional de Voleibol (FIVB). De acordo com a confederação, as atletas deverão atender a critérios estabelecidos pela nova política, que incluem a apresentação de resultado negativo para o gene SRY. Antes, mulheres trans podiam atuar desde que os níveis de testosterona sérica estivessem abaixo de determinado limite. A nova determinação é válida já para as edições deste ano da Superliga (nas duas principais divisões) e da Supercopa, além da Copa Brasil e do Circuito Brasileiro de vôlei de praia de 2027."	Agência Brasil	esportes	False
https://agenciabrasil.ebc.com.br/esportes/noticia/2026-08/santos-desencanta-no-2o-tempo-e-atropela-o-vasco-pelo-brasileirao	2026-08-16	Santos desencanta no 2º tempo e atropela o Vasco pelo Brasileirão	Peixe deixa a zona de rebaixamento e afunda o Cruzmaltino no Z-4	O Santos ganhou um respiro na luta pela permanência na elite do Campeonato Brasileiro. Na tarde deste domingo (16), o Peixe desencantou no segundo tempo e venceu o Vasco por 3 a 0 em São Januário, no Rio de Janeiro, pela 23ª rodada. A Rádio Nacional transmitiu a partida ao vivo. O Alvinegro Praiano foi a 25 pontos, deixando a zona de rebaixamento (o Z-4), que engloba as quatro piores campanhas do Brasileirão. O Cruzmaltino segue com 22 pontos e caiu para a 19ª e penúltima posição, superado pelo Remo (18º) no saldo de gols. O primeiro triunfo santista como visitante nesta edição da competição colocou o Internacional no Z-4. O Colorado possui os mesmos 23 pontos do Mirassol, primeiro time fora da zona de rebaixamento, mas uma vitória a menos que os paulistas. Nesta segunda-feira (17), os gaúchos têm confronto direto contra o Remo às 20h (horário de Brasília), no Beira-Rio, em Porto Alegre. A primeira grande chance do jogo foi do Santos. Aos 14 minutos, Álvaro Barreal escorou de cabeça na entrada da área e deixou o também atacante Gabriel livre na frente de Léo Jardim. O camisa 9 tocou na saída do goleiro e o chute saiu à direita, rente à trave. Aos 25, uma das novidades determinadas pela Confederação Brasileira de Futebol (CBF) nas regras foi colocada em prática. Após o goleiro Gabriel Brazão, do Santos, pedir atendimento depois de uma dividida, o árbitro Lucas Casagrande determinou que um atleta de linha do Peixe saísse de campo por um minuto, conforme prevê o novo protocolo. Quem deixou o gramado foi o atacante Neymar, capitão santista. O Vasco, apesar da maior presença no campo ofensivo, chegou pela primeira vez com mais perigo apenas aos 35 minutos. O lateral Lucas Piton recebeu do zagueiro Robert Renan pela esquerda, entrou na área e chutou forte, parando em Gabriel Brazão. A resposta do Alvinegro Praiano veio aos 43. Após cobrança de escanteio de Neymar pela esquerda, Léo Jardim afastou de soco e a sobra ficou com o atacante Gustavo Caballero, que cabeceou a bola no travessão. No retorno do intervalo, o Cruzmaltino teve duas grandes oportunidades em sequência. Primeiro, em uma bola alçada pela esquerda por Lucas Piton, que quase surpreendeu Gabriel Brazão. O lance seguiu e o lateral Paulo Henrique, na direita, cruzou rasteiro. Dentro da área, quase na marca do pênalti, o volante Tchê Tchê mirou o ângulo e mandou rente à trave. O Vasco seguiu em cima e desperdiçou chances. Como aos 14, quando Robert Renan, na pequena área, deixou passar o cruzamento do atacante Andrés Gómez pela direita. Aos 21 minutos, foi a vez do lateral Puma Rodríguez acertar a trave. A punição veio no minuto seguinte, com participação de jogadores que saíram do banco. O atacante Rony lançou o meia Benjamin Rollheiser, que escorou de cabeça para frente, encontrando Gabriel. O centroavante, desta vez, acertou o canto esquerdo de Léo Jardim e balançou as redes, abrindo o marcador. O segundo saiu aos 31, com Willian Arão. Ao sair de soco para afastar da área uma cobrança de falta de Neymar pela esquerda, Léo Jardim mandou a bola no peito do zagueiro do Peixe, que acabou rebatendo direto para o gol. Quatro minutos depois, em nova falta batida por Neymar, Léo Jardim defendeu no canto esquerdo, mas a bola sobrou com Luan Peres. O zagueiro fechou o placar. Galo supera Grêmio Em outro jogo deste domingo, o Atlético-MG derrotou o Grêmio por 3 a 0 na Arena MRV, em Belo Horizonte. Com 32 pontos, o Galo se aproximou do grupo que briga por cinco vagas à próxima Libertadores (o G-5). O Tricolor gaúcho, com 25 pontos, continua próximo à zona de rebaixamento. O triunfo começou a ser definido aos 18 minutos, em cabeçada do zagueiro Vitor Hugo, após escanteio batido pelo meia Igor Gomes. Na segunda etapa, aos 16, o lateral Renan Lodi cruzou rasteiro pela esquerda e Tomás Cuello completou para o gol. Três minutos depois, o próprio argentino aproveitou a sobra de um chute bloqueado do também atacante Bernard para definir o marcador.	Agência Brasil	esportes	False
https://agenciabrasil.ebc.com.br/esportes/noticia/2026-08/remo-empata-no-ultimo-lance-mas-inter-deixa-zona-de-rebaixamento	2026-08-17	Remo empata no último lance, mas Inter deixa a zona de rebaixamento	Vitor Bueno iguala aos 49 do segundo tempo e frustra torcida colorada	A partida que finalizou a 23ª rodada do Campeonato Brasileiro promoveu uma mudança na zona de rebaixamento. Nesta segunda-feira (17), o Internacional empatou por 1 a 1 com o Remo no Beira-Rio, em Porto Alegre, e saiu do grupo que reúne as quatro piores campanhas da competição (o Z-4). A torcida colorada, porém, deixou o estádio frustrada e vaiando o elenco. A equipe balançou as redes cedo e ficou em vantagem até o último lance da partida, aos 49 minutos do segundo tempo, quando cedeu a igualdade ao Leão Azul. Sem vencer pelo Brasileirão desde 16 de maio, o Inter foi a 24 pontos e ganhou uma posição, agora em 16º lugar. Pior para o Mirassol, com 23 pontos, que entrou na zona de rebaixamento, na 17ª colocação. O Remo possui a mesma pontuação do time paulista, mas fica atrás, em 18º, por ter uma vitória a menos. O Inter abriu o marcador aos dois minutos do primeiro tempo. O lateral Matheus Bahia foi lançado na esquerda e cruzou a meia altura para o atacante Johan Carbonero bater de primeira e acertar o canto esquerdo do goleiro Marcelo Rangel. A etapa final foi marcada por muitos erros de passe de ambos os lados. O Remo aproveitou o recuo do Inter e se lançou ao ataque. No último lance da partida, o meia Vitor Bueno cobrou falta da intermediária, a bola desviou no atacante Alerrandro e foi para as redes, evitando o revés para os paraenses. Os dois times voltam a campo neste sábado (22). O Remo vai ao Rio de Janeiro e abre a 24ª rodada contra o Fluminense no Maracanã, às 16h (horário de Brasília). Em seguida, às 18h30, o Inter recebe o Atlético-MG no Beira-Rio.	Agência Brasil	esportes	False
https://agenciabrasil.ebc.com.br/esportes/noticia/2026-08/premier-league-divulgara-analise-sobre-decisoes-de-arbitros-do-var	2026-08-18	Premier League divulgará análise sobre decisões de árbitros do VAR	Relatórios eram mantidos em sigilo até a temporada passada	A Premier League divulgará semanalmente as conclusões de seu Painel Independente de Incidentes-Chave em Partidas (Key Match Incidents Panel - KMI), que analisa as decisões tomadas pelos árbitros e pelo VAR, em uma iniciativa para aumentar a transparência, informou a primeira divisão inglesa nesta terça-feira (18). O painel, composto por cinco membros e criado durante a temporada 2022-23, analisa e vota as decisões tomadas pelos árbitros em todos os incidentes importantes ocorridos nas partidas da liga. Os resultados eram compartilhados com os clubes e os árbitros, mas os pareceres completos eram mantidos em sigilo até a temporada passada. A liga afirmou que a medida visa garantir “total transparência em torno das avaliações das decisões tomadas pelos árbitros”. A liga também compartilhará, pela primeira vez nesta temporada, citações diretas dos árbitros em campo e do VAR sobre incidentes importantes em sua conta de mídia social “Premier League Match Centre”, juntamente com o áudio da partida captado pelas câmeras usadas pelos árbitros em jogos selecionados. “Juntamente com o órgão que representa os árbitros profissionais, a Premier League também continuará a pressionar o IFAB (International Football Association Board), órgão regulador das regras do futebol, para que permita que mais comunicações dos árbitros sejam transmitidas durante as partidas”, acrescentou a liga. A temporada 2026-27 da Premier League terá início na sexta-feira (21), com o atual campeão Arsenal enfrentando o recém-promovido Coventry City. * É proibida a reprodução deste conteúdo.	Agência Brasil	esportes	False
https://agenciabrasil.ebc.com.br/esportes/noticia/2026-08/brasileirao-feminino-a3-planalto-abre-vantagem-sobre-realidade-jovem	2026-08-18	Brasileirão Feminino A3: Planalto abre vantagem sobre Realidade Jovem	Goianas vencem por 2 a 0 no jogo de ida do confronto pelas semifinais	O Planalto levou a melhor sobre o Realidade Jovem no primeiro jogo das semifinais da Série A3 (primeira divisão) do Campeonato Brasileiro Feminino de futebol. Na noite desta segunda-feira (17), as goianas bateram as paulistas por 2 a 0 no Estádio Annibal Batista de Toledo, em Aparecida de Goiânia (GO). O duelo foi transmitido ao vivo pela TV Brasil . As equipes se reencontram no domingo (23), às 11h (horário de Brasília), no Teixeirão, em São José do Rio Preto (SP), também com transmissão da TV Brasil. As paulistas têm que vencer por três ou mais gols de diferença no tempo normal para se classificarem à decisã o. Caso igualem o placar agregado, a decisão será nos pênaltis. O Planalto tem a vantagem de poder até perder por um gol de saldo que vai à final. No outro confronto pelas semifinais, o Juventude-SE saiu na frente da Portuguesa-AP ao ganhar por 2 a 0 no Estádio Augusto Antunes, em Santana (AP). A emissora da Empresa Brasil de Comunicação ( EBC ) transmitiu a partida ao vivo e também exibirá o duelo de volta, que será na sexta-feira (21), às 21h, no Batistão, em Aracaju. Os quatro semifinalistas do Brasileirão A3 já têm vagas garantidas na Série A2 (segunda divisão) de 2027. O quarteto substituirá os rebaixados União Desportiva Alagoana (UDA) e Itacoatiara. O Planalto chegou para a partida com uma campanha de seis vitórias, três empates e uma derrota, marcando 22 gols e sofrendo seis . Nas quartas de final, a equipe goiana superou o Pantanal-MS, ganhando por 1 a 0 tanto no Estádio das Moreninhas, em Campo Grande, no jogo de ida, como em Aparecida de Goiânia, no de volta. O Realidade Jovem, por sua vez, atingiu a semifinal com a melhor campanha do Brasileirão A3: nove vitórias e uma derrota. As paulistas anotaram 23 gols e levaram cinco. O acesso foi conquistado diante do Coritiba. Após o revés por 2 a 1 no Centro de Treinamento da Graciosa, em Colombo (PR), a equipe de São José do Rio Preto venceu por 2 a 0 no Teixeirão. As donas da casa inauguraram o marcador no Annibal Batista de Toledo aos nove minutos. Na sequência de um escanteio curto pela direita, Marcelly cruzou rasteiro, a bola passou pela zagueira Caylane, pela goleira Gabi e a também atacante Moara, na pequena área, e desviou para as redes. Sem conseguir assustar a goleira Lescaut, o Realidade Jovem ainda perdeu a volante Castro. Ela recebeu o segundo cartão amarelo aos 11 minutos do segundo tempo, ao cometer falta dura na meia Brenda e ser expulsa. Em vantagem numérica, o Planalto apertou, tentando ampliar o marcador, e chegou ao segundo gol aos 39. A volante Joice chutou de fora da área, no meio do gol, para defesa parcial de Gabi. A sobra ficou com Moara, que finalizou na saída da goleira, que fez boa defesa. O novo rebote, porém, caiu nos pés da atacante Jhulian, que não desperdiçou.	Agência Brasil	esportes	False
https://agenciabrasil.ebc.com.br/esportes/noticia/2026-08/visitantes-abrem-vantagem-na-briga-por-acesso-ao-brasileirao-feminino	2026-08-17	Visitantes abrem vantagem na briga por acesso ao Brasileirão Feminino	Vasco, Atlético-PI e Minas Brasília ficam perto da semi pela Série A2	Três das quatro melhores campanhas da primeira fase da Série A2 (segunda divisão) do Campeonato Brasileiro Feminino de futebol deram um passo importante na luta pelo acesso. Vasco, Minas Brasília e Atlético-PI venceram os jogos de ida dos respectivos confrontos pelas quartas de final, mesmo fora de casa - somente o Itabirito não abriu vantagem como visitante. Os clubes que se classificarem garantem lugar na elite da modalidade em 2027. Os jogos das semifinais e da decisão do Brasileirão A2 terão transmissão ao vivo da TV Brasil. De olho no retorno à Série A1 (primeira divisão) após 11 anos, o Vasco foi ao Joaquinzão, em Taubaté (SP), e bateu as donas da casa por 2 a 0 nesse domingo (16). A atacante Nayara e a meia Tefah balançaram as redes. O Cruzmaltino, que fez a melhor campanha da primeira fase, avança às semifinais e garante o acesso mesmo se perder por até um gol de diferença na partida de volta. As equipes se reencontram no sábado (22), às 18h (horário de Brasília), em São Januário, no Rio de Janeiro. Também nesse domingo, Sport e Itabirito não saíram do zero na Ilha do Retiro, no Recife . As pernambucanas, que se classificaram na quinta posição, tentam voltar à elite depois da queda no ano passado. As mineiras miram o segundo acesso seguido. Em 2025, elas disputaram a Série A3 (terceira divisão). Por terem avançado de fase na segunda colocação, as Gatas do Mato serão as anfitriãs do jogo de volta no próximo domingo (23), às 16h, na Arena do Jacaré, em Sete Lagoas (MG). Outra equipe a vir do Brasileirão A3, o Atlético-PI se classificou com a quarta melhor campanha. No último sábado (15), as piauienses, atuais campeãs da terceira divisão, venceram o 3B - rebaixado no Brasileirão de 2025 - por 2 a 0 na Arena da Amazônia, em Manaus. A meia Dani e a atacante Eduarda Balbino marcaram para o time auriverde, que é dirigido pela ex-zagueira Renata Costa, vice-campeã mundial pela seleção brasileira em 2007. As atleticanas sobem mesmo em caso de derrota por um gol no próximo domingo, às 16h, no Estádio Lindolfo Monteiro, em Teresina. O Minas Brasília, dono da terceira melhor campanha da primeira fase, foi outro a se dar bem fora de casa. No sábado, as visitantes superaram o Ação-MT, sexto colocado, por 1 a 0 no Estádio Dito Souza, em Várzea Grande (MT). A lateral Rhayssa fez o gol das brasilienses, que buscam o retorno à elite após cinco anos ausentes. O Minas tem a vantagem do empate no reencontro de sábado, às 16h, no Bezerrão, no Gama (DF).	Agência Brasil	esportes	False
https://agenciabrasil.ebc.com.br/esportes/noticia/2026-08/brasil-e-campeao-geral-do-grand-prix-de-judo-no-peru-com-11-medalhas	2026-08-17	Brasil é campeão geral do Grand Prix de judô no Peru com 11 medalhas	Itália terminou na segunda colocação, seguida pela Moldávia	O judô brasileiro faturou o título de campeão geral do Grand Prix Lima 2026, no Peru, no encerramento da competição no domingo (16), ao liderar o quadro de medalhas. O país subiu ao pódio 11 vezes, com cinco ouros, duas pratas e quatro bronzes), registrando o melhor desempenho do ano. Em segundo lugar ficou a Itália (dois ouros, duas pratas e quatro bronzes), seguida pela Moldávia (dois ouros, duas pratas e um bronze). Os dois últimos ouros da Amarelinha saíram no domingo (16), dia em que o país mais subiu ao pódio – também levou três bronzes. Rafael Macedo foi campeão na categoria até 90 quilos ao derrotar o moldavo Mihail Latisev com dois waza-aris. Foi uma conquista com gosto de revanche: em maio o brasileiro fora superado pelo moldavo na disputa pelo bronze no Grand Slam de Astana (Cazaquistão). Um post compartilhado por Judô Brasil | CBJ (@judocbj) Quem também comemorou no topo do pódio em Lima foi a campeã olímpica Beatriz Souza. A brasileira venceu a italiana Asya Tavano na final dos 78 kg ao encaixar um ippon . O encontro foi o quinto na carreira das judocas. Bia coleciona quatro vitórias sobre a adversária, incluindo o triunfo na disputa por equipes em Paris 2024. “Isso é um resultado do que a gente vem construindo no dia a dia. Tem uma equipe junto comigo, não estou fazendo isso sozinha. A Haz é uma grande adversária, nosso último confronto foi na olimpíada, evoluímos bastante, então precisei mudar minha estratégia”, revelou Beatriz Souza em depoimento ao site da Confederação Brasileira de Judô (CBJ). Os primeiros ouros do Brasil saíram logo na sexta-feira (14), dia de abertura do Grand Prix de Lima. Michel Augusto foi campeão na categoria abaixo dos 60 kg e Rafaela Rodrigues, nos 52 kg - este foi o primeiro ouro da judoca de 19 anos em etapas de Grand Prix. No dia seguinte, foi a vez de David Lima subir o topo do pódio dos 81 kg. Na decisão, o brasileiro derrotou com um yuko o canadense Françoise Drapeau, atual vice-líder do ranking mundial. A única prata no Grand Prix de Lima ficou com Nauana Silva, nos 70 kg. No sábado (15), a paulita perdeu a final para a alemã Dena Pohl. Um post compartilhado por Judô Brasil | CBJ (@judocbj) O Brasil levou ainda cinco bronzes, três deles no domingo (16). Guilherme Schimidt superou o canadense Keagan Young na categoria até 90 kg. Também teve duelo 100% nacional na briga pelo terceiro lugar nos 100 kg, com vitória de Leonardo Gonçalves sobre Giovani Ferreira. O último bronze ficou com Thauana Silva, nos 78 kg. Irmã mais velha de Nauana, a paulista levou a melhor sobre a venezuelana Karen Leon na disputa pelo terceiro lugar. Na véspera, em outro dutelo entre brasileiros, Guilherme de Oliveira já faturara o bronze nos 73 kg ao vencer o medalhista olímpico Daniel Cargnin, com um ippon no goldes score (tempo extra). Na sexta (14), Jéssica Lima caiu para a disputa do bronze após revés para a espanhola Adriana Rodríguez Salvador na semifinal dos 57 kg . Na luta pelo terceiro lugar, a brasileira derrotou a britânica Acelya Toprak e garantiu presença no pódio.	Agência Brasil	esportes	False
https://agenciabrasil.ebc.com.br/esportes/noticia/2026-08/brasileiro-feminino-sao-paulo-goleia-iguala-lider-e-afunda-botafogo	2026-08-16	Brasileiro Feminino: São Paulo goleia, iguala líder e afunda Botafogo	Gloriosas torcem contra Vitória e América-MG para fugirem da queda	O São Paulo se igualou ao Corinthians na ponta da Série A1 (primeira divisão) do Campeonato Brasileiro Feminino de futebol. Neste domingo (16), as Soberanas venceram o Botafogo por 5 a 1, de virada, no Nilton Santos, pela 16ª e penúltima rodada da primeira fase. A TV Brasil transmitiu ao vivo a partida no Rio de Janeiro. As anfitriãs saíram na frente aos quatro minutos do primeiro tempo, com Ellen. Ela dividiu com a zagueira Tayla na área e a bola passou entre as pernas da goleira Carlinha. A vantagem, porém, durou apenas um minuto. Aos cinco, Serrana cruzou pela direita, na linha de fundo, e a também atacante Crivelari empatou. A virada saiu aos 12, novamente com Crivelari, de cabeça, após cobrança de falta pela direita. Na segunda etapa, aos 28 minutos, a volante Karla Alves bateu de primeira, da entrada da área, no ângulo da goleira Michelle. Nos acréscimos, aos 47 minutos, a lateral Clara apareceu pela esquerda e cruzou para a atacante Mylena Carioca concluir. Em seguida, a meia Vi Amaral fechou a goleada, fazendo o primeiro gol dela no profissional. As paulistas chegaram aos mesmos 38 pontos do Timão, que segue na ponta devido ao saldo de gols, por 26 a 19. A definição de quem termina a primeira fase na liderança ficou para o próximo sábado (22), com todos os jogos da 17ª e última rodada iniciando às 18h (horário de Brasília). As tricolores recebem o Mixto no Morumbis, enquanto as alvinegras têm o Internacional pela frente no Parque São Jorge, também em São Paulo. O Botafogo, por sua vez, complicou-se na luta pela permanência na Série A1. As Gloriosas, que não vencem desde a primeira rodada, seguem na 18ª e última posição, com cinco pontos. No sábado que vem, o time carioca vai até Porto Alegre enfrentar o Grêmio no Passo d'Areia. Como as duas últimas colocadas caem à Série A2 (segunda divisão), as alvinegras, além de vencerem na capital gaúcha, terão que torcer contra Vitória e América-MG. As duas equipes somam sete pontos, mas as mineiras ficam a frente, em 16º, fora da zona de rebaixamento (o Z-2), pelo saldo de gols (-24 a -29). Na rodada final, as rubro-negras de Salvador recebem o Santos no Barradão. Já as Spartanas enfrentam o Red Bull Bragantino no Independência, em Belo Horizonte. Quem também segue ameaçado pelo rebaixamento é o Juventude. Em outro jogo deste domingo, as Esmeraldas ─ apelido do time gaúcho ─ perderam para o Palmeiras por 3 a 0, na Arena Barueri, e permanecem com dez pontos, na 15ª colocação. Na última rodada, a equipe de Caxias do Sul (RS) mede forças com o Bahia, no Estádio Alfredo Jaconi, e precisa de ao menos um empate para evitar a queda. As Palestrinas saíram na frente aos 17 minutos da etapa inicial, com Gláucia. No segundo tempo, aos 17 e aos 24, a também atacante Bia Zaneratto aproveitou cruzamentos da lateral Ana Guzmán pela direita para definir o marcador. O Palmeiras foi a 35 pontos, assegurando o terceiro lugar. Apesar de poder igualar a pontuação de Corinthians e São Paulo se derrotar o Cruzeiro na Arena do Jacaré, em Sete Lagoas (MG), o Verdão não alcança o número de vitórias (12) dos rivais. Quem também esteve em campo neste domingo foram Santos e Flamengo, que se enfrentaram na Arena Inamar, em Diadema (SP). As Meninas da Gávea venceram por 3 a 2 e retornaram à zona de classificação às quartas de final, que reúne os oito primeiros (o G-8). As rubro-negras estão em sétimo, com os mesmos 27 pontos do Cruzeiro, mas ficam atrás no saldo de gols (11 a 6). As Sereias da Vila, com 20 pontos, estão eliminadas. As cariocas inauguraram o marcador aos nove minutos de jogo, com Fernandinha chutando de fora da área e se beneficiando de um desvio que encobriu a goleira Taty Amaro. Aos 19, Ketlen arriscou de longe e acertou o travessão. Na sobra, a também atacante Laryh igualou o placar. Na etapa final, aos dez minutos, a lateral Monalisa encontrou Djeni na área pela direita. A meia rolou na esquerda para a centroavante Cristiane finalizar e recolocar o Flamengo à frente. Aos 27, foi a vez de Djeni marcar o terceiro, de cabeça. O Santos descontou com a atacante Carol Baiana aos 39 minutos, mas já era tarde. Na última rodada, o Flamengo recebe o Atlético-MG no Luso-Brasileiro, no Rio de Janeiro, podendo sacramentar a classificação às quartas. A TV Brasil transmite o confronto ao vivo.	Agência Brasil	esportes	False
https://agenciabrasil.ebc.com.br/esportes/noticia/2026-08/brasileirao-chapecoense-busca-empate-com-bahia-em-jogo-de-seis-gols	2026-08-16	Brasileirão: Chapecoense busca empate com Bahia em jogo de seis gols	Verdão segue na lanterna e Esquadrão chega à quinta igualdade seguida	A Arena Condá, em Chapecó (SC), recebeu um confronto animado na manhã deste domingo (16). Anfitriã, a Chapecoense ficou três vezes atrás do placar, mas buscou o empate por 3 a 3 com o Bahia, pela 23ª rodada do Campeonato Brasileiro. A igualdade não foi boa para ninguém. O Verdão do Oeste, que não vence pelo Brasileirão desde a estreia, somou o 11º ponto e permanece na lanterna. São 12 pontos a menos que o Internacional, time que iniciou a rodada na 16ª posição, a última antes da zona de rebaixamento (o Z-4), que reúne as quatro piores campanhas. O Bahia, por sua vez, empatou pela quinta vez seguida. Com 34 pontos, o Esquadrão de Aço sairá ainda nesta rodada da zona de classificação à Libertadores (G-5), grupo dos cinco primeiros colocados. Corinthians, com 32 pontos e o mesmo número de triunfos dos baianos, e Cruzeiro, com 33 pontos e uma vitória a mais, se enfrentam neste domingo, às 19h30, na Neo Química Arena, em São Paulo. Um deles necessariamente terminará o fim de semana à frente dos tricolores. Os visitantes saíram na frente aos 11 minutos, em pênalti cobrado por Alejo Véliz. Sete minutos depois, o volante Yago Felipe, recém-contratado pelos anfitriões, cruzou pela direita, e o meia Giovanni Augusto empatou. Aos 41, o zagueiro Kauan marcou contra ao tentar cortar o cruzamento de Erick Pulga, e o Bahia ficou na frente por 2 a 1. Na volta do intervalo, aos dois minutos, a Chape igualou novamente com o também atacante Marcinho, com assistência de Giovanni Augusto. Aos 18, o volante Nicolás Acevedo fez o terceiro do Esquadrão de Aço, chutando da entrada da área. E, aos 25 minutos, Giovanni Augusto cruzou, e o centroavante Túlio Eduardo, de cabeça, evitou a derrota do Verdão. Dois empates movimentaram a noite de sábado (15) pelo Brasileirão. Na Arena da Baixada, Athletico-PR e Red Bull Bragantino ficaram no 1 a 1. Esse foi o mesmo placar de São Paulo e Coritiba, que se enfrentaram no Morumbis. Em Curitiba, o zagueiro Pedro Henrique, ex-Athletico, colocou o Massa Bruta em vantagem, mas o atacante Kerwin Vargas deixou tudo igual. Os paulistas, com 32 pontos, seguem fora do G-5. O Furacão, com 41 pontos, permanece na terceira posição, mas perdeu a oportunidade de assumir, provisoriamente, a vice-liderança. Na capital paulista, o volante Pablo Maia abriu o marcador para o Tricolor pouco antes do intervalo. No segundo tempo, o zagueiro Tiago Cóser empatou, mantendo o Coxa invicto em jogos disputados em São Paulo neste Brasileirão. Sem ganhar desde maio, o time da casa foi a 27 pontos, quatro a menos que os paranaenses. Ambos aparecem no meio da tabela.	Agência Brasil	esportes	False
https://agenciabrasil.ebc.com.br/esportes/noticia/2026-08/ferroviaria-e-bahia-se-classificam-quartas-do-brasileirao-feminino	2026-08-16	Ferroviária e Bahia se classificam às quartas do Brasileirão Feminino	Sete equipes ainda brigam pelas últimas três vagas ao mata-mata	O funil está ficando cada vez mais estreito na Série A1 (primeira divisão) do Campeonato Brasileiro Feminino de futebol. A três jogos do fim da 16ª e penúltima rodada, cinco equipes já estão garantidas nas quartas de final , com três vagas ainda em disputa por sete clubes. Os novos classificados são Ferroviária e Bahia, assegurados depois dos resultados do último sábado (15). As Guerreiras Grenás foram ao Sesc Campestre, em Porto Alegre, e superaram o Internacional, por 2 a 1. Já as Mulheres de Aço empataram por 1 a 1 com o líder Corinthians na Casa de Apostas Arena Fonte Nova, em Salvador. Na capital gaúcha, Débora colocou as Gurias Coloradas em vantagem contra a Ferroviária aos 31 minutos do segundo tempo. Aos 42, a também zagueira Monique igualou. Três minutos depois, a volante Maressa decretou a virada do time paulista. O Bahia saiu perdendo com um minuto de jogo, em chute de fora da área da atacante Jaqueline. Antes do segundo giro do cronômetro no segundo tempo, as tricolores empataram em batida de primeira da meia Ángela Gómez, que encobriu a goleira alvinegra Lelê. A Ferroviária, com 30 pontos, assumiu a quarta posição ultrapassando o próprio Bahia, que foi a 28 pontos. Ambos, porém, não podem mais serem alcançados pelo Inter, nono colocado, com 24 pontos, nem pelo Grêmio, oitavo com a mesma pontuação das Gurias Coloradas, mas que fica à frente do rival pelo saldo de gols. O Corinthians, com 38 pontos, garantiu, pelo menos, o segundo lugar com o empate de sábado. As Brabas, atuais hexacampeãs e donas de sete títulos, ainda têm a ponta ameaçada pelo São Paulo. As Soberanas acumulam 35 pontos e jogam neste domingo (16), às 11h (horário de Brasília), contra o Botafogo, no Estádio Nilton Santos, no Rio de Janeiro, com transmissão ao vivo da TV Brasil. O Tricolor pode igualar a pontuação corintiana em caso de vitória e levar a briga da liderança para a última rodada. Para as Gloriosas, que não vencem desde a estreia e estão na lanterna entre 18 times, o triunfo tira o time da zona de rebaixamento ─ que envolve os dois últimos colocados, o Z-2 ─ e deixa as cariocas dependendo de si no próximo fim de semana para escaparem da queda à Série A2 (segunda divisão). O Palmeiras, em terceiro, é outro que pode chegar aos 38 pontos neste domingo, mas, como possui nove triunfos, não alcançaria o Timão, que ganhou 12 vezes ─ o número de vitórias é o primeiro critério de desempate. As Palestrinas pegam o Juventude na Arena Barueri, também às 11h. As gaúchas, com dez pontos, garantem a permanência na Série A1 em caso de empate. No mesmo horário, Santos e Flamengo medem forças na Arena Inamar, em Diadema (SP). As Sereias da Vila, com 20 pontos e na 12ª posição, têm de vencer neste domingo para chegarem à última rodada na briga pela classificação. As Meninas da Gávea somam os mesmos 24 pontos de Grêmio e Inter, mas ficam atrás, em décimo, por terem um triunfo a menos. Para dependerem de si na disputa pelo G-8, as rubro-negras precisam pelo menos pontuar no ABC paulista. Um resultado que ajudou o Flamengo foi a derrota do Grêmio para o Atlético-MG na Arena MRV, em Belo Horizonte, por 2 a 0, na última sexta-feira (14). As atacantes Anny Marabá e Amália marcaram para as Vingadoras no duelo, transmitido ao vivo pela TV Brasil . O triunfo afastou de vez qualquer risco de rebaixamento das atleticanas, que foram a 16 pontos. O resultado ainda cravou as mineiras no 13º lugar, independentemente do que ocorrer nos próximos jogos da primeira fase. Outra equipe que assegurou a permanência foi o Mixto, mesmo com a derrota de sábado para o Cruzeiro, no Dutrinha, em Cuiabá, por 2 a 1. Byanca Brasil colocou as Cabulosas em vantagem e a também atacante Joycinha deixou tudo igual para as Tigresas, mas a zagueira Silvana, contra, acabou fazendo o gol do triunfo mineiro. As mato-grossenses se beneficiaram da goleada sofrida pelo Vitória para o Red Bull Bragantino, por 6 a 2, no Estádio Cícero de Souza Marques, em Bragança Paulista (SP), também neste sábado. A zagueira Yasmin Índia (contra), a meia Rafa Mineira e o trio de ataque formado por Martina Del Trecco, Lurdinha e Ana Carla (dois gols) construíram o triunfo do Massa Bruta. A também atacante Katy Costa e a meia Iana descontaram. Com 12 pontos, em 14º lugar, o Mixto não pode mais ser ultrapassado pelo Vitória, que segue na 17ª e penúltima colocação, com sete pontos. O Cruzeiro, que foi a 27 pontos, assumiu a sexta posição e está a um empate da classificação às quartas. O Bragantino, com 23 pontos, é o 11º e vai à última rodada com chances de passar de fase. O América-MG poderia ter aproveitado o revés das rubro-negras para respirar na luta contra o rebaixamento, mas também foi goleado. Em outro jogo do último sábado, as Spartanas levaram 4 a 1 do Fluminense no Estádio Luso-Brasileiro, no Rio de Janeiro. Com sete pontos, as mineiras ficam fora do Z-2 por terem melhor saldo de gols que o Vitória. Em contrapartida, as tricolores engataram o terceiro triunfo seguido e entraram no G-8, em sexto lugar, com 25 pontos. Com dois gols, Lelê foi o destaque do resultado positivo das cariocas, que ainda balançaram as redes com a também atacante Kaline e a meia Patrícia Sochor. A centroavante Dani Ortolan marcou para o América-MG.	Agência Brasil	esportes	False
https://agenciabrasil.ebc.com.br/esportes/noticia/2026-08/brasil-faz-historia-e-leva-dois-ouros-no-mundial-de-ginastica-ritmica	2026-08-16	Brasil faz história e leva dois ouros no Mundial de ginástica rítmica	Conquistas inéditas foram nas finais das cinco bolas e na série mista	"A ginástica rítmica do Brasil fez história neste domingo (16) e conquistou duas inéditas medalhas de ouro no Campeonato Mundial da modalidade, realizado em Frankfurt, na Alemanha. O primeiro ouro veio na exibição com cinco bolas, e o segundo, na chamada série mista, em que as atletas se apresentam com três arcos e duas maças ─ instrumento parecido com um pino de boliche. O conjunto é formado pela paulista Nicole Pírcio, a capixaba Sofia Madeira, as paranaenses Julia Kurunczi e Mariana Gonçalves, a amazonense Maria Paula Caminha e a alagoana Maria Eduarda Arakaki, capitã do sexteto . Das seis ginastas da equipe, cinco vão para o tablado e uma fica como reserva. Nas cinco bolas, as Leoas (apelido da equipe brasileira) executaram uma série sem erros e alcançaram 29.450 de nota. As avaliações levam em conta grau de dificuldade, execução e composição artística. O desempenho ao som de Feeling Good , de Michael Buble, superou os 29.250 atingidos no Campeonato Pan-Americano, em junho, no Rio de Janeiro, que era a maior pontuação do mundo no ano. O Brasil deixou para trás simplesmente os dois últimos campeões olímpicos: China, medalhista de prata, com 28.900 de nota; e Bulgária, de bronze, com 28.400. É a primeira vez que um país das Américas foi ao topo do pódio nesse tipo de prova no Mundial. “Nós aprendemos a acreditar que era possível. Primeiro, sonhamos em estar entre as melhores. Depois, começamos a competir de igual para igual com elas. E hoje estamos no lugar mais alto. Não aconteceu de um dia para o outro. Foram anos de trabalho, erros, acertos, lágrimas, renúncias e muita persistência"", celebrou Camila Ferezin, técnica do conjunto, à Confederação Brasileira de Ginástica (CBG). Horas depois do ouro nas cinco bolas, as brasileiras retornaram ao tablado para a final da série mista, prova em que foram medalhistas de prata no Mundial do ano passado, no Rio. No embalo de Abracadabra , de Lady Gaga, as Leoas cravaram outra apresentação perfeita, com nota 29.450. A Espanha, campeã geral no sábado (15), teve 29.050 de pontuação e ficou em segundo, seguida pela Bulgária (28.750). ""Éramos a 26ª equipe do mundo. Existia um sonho enorme, mas também sabíamos o tamanho do caminho que precisaríamos percorrer. Hoje, olhar para essas meninas e poder dizer que somos campeãs mundiais é algo quase surreal. É a realização de um sonho que foi construído todos os dias, durante muitos anos”, emendou Camila. Confira mais informações sobre o desempenho da equipe no Repórter Brasil , da TV Brasil"	Agência Brasil	esportes	False
https://agenciabrasil.ebc.com.br/esportes/noticia/2026-08/fluminense-encerra-jejum-e-bate-palmeiras-de-virada-no-brasileirao	2026-08-15	Fluminense encerra jejum e bate Palmeiras de virada no Brasileirão	Triunfo ajuda rival Flamengo, que pode ficar a três pontos do Verdão	O Fluminense encerrou jejum de oito jogos sem vencer e, de quebra, atrapalhou os planos do Palmeiras , que podia disparar na liderança do Campeonato Brasileiro. Neste sábado (15), o Tricolor superou o Verdão por 3 a 2, de virada, no Maracanã, em confronto que abriu a 23ª rodada da competição. A equipe carioca foi comandada pelo auxiliar Marcão. Ele dirigiu o time de forma interina após a demissão do técnico Luís Zubeldia na última quinta-feira (13), logo depois do 0 a 0 com o Independiente Rivadavia (Argentina) na terça-feira passada (11), também no Rio de Janeiro, no jogo de ida das oitavas de final da Libertadores. Os tricolores, que vinham de sete empates e uma derrota na sequência negativa, foram a 38 pontos e se mantêm na quarta posição, na zona de classificação à Libertadores de 2027, que reúne os cinco primeiros (o chamado G-5). O Palmeiras, em contrapartida, permanece com 48 pontos e pode ver a diferença para o vice-líder Flamengo, de seis pontos no início da rodada, cair a apenas três. O Rubro-Negro vai ao Maião, em Mirassol (SP), enfrentar o time da casa neste domingo (16), às 18h30 (horário de Brasília). Os visitantes saíram na frente logo aos nove minutos, com Gustavo Gómez. O paraguaio subiu mais que o também zagueiro Jemmes, depois de cobrança de escanteio do lateral Joaquín Piquerez pela esquerda, e a cabeçada encobriu o goleiro Fábio. O Fluminense conseguiu empatar pouco antes do intervalo. Aos 42, Agustín Canobbio recebeu pela direita e cruzou para o também atacante Hulk, de cabeça, mandar para o gol do Palmeiras. Foi a segunda vez que ele balançou as redes pelo Tricolor. Na etapa final, aos 36 minutos, o atacante Flaco López desviou de cabeça o chutão do goleiro Carlos Miguel e deixou Maurício na cara de Fábio. O meia – que tinha entrado em campo um pouco antes, no lugar do volante Andreas Pereira – bateu na saída do goleiro, recolocando o Verdão à frente. A vantagem alviverde, contudo, durou três minutos. Aos 39, o lateral Guga cruzou pela direita, Germán Cano cabeceou a bola na trave direita e, na sobra, o também atacante Kevin Serna completou para as redes. Nos acréscimos, o Fluminense decretou a virada. Aos 46 minutos, Guga foi lançado na direita por Martinelli e cruzou praticamente em cima da linha. O próprio volante entrou na área para escorar e Cano surgiu no meio da finalização para, de cabeça, tirar do alcance de Carlos Miguel e dar a vitória aos donos da casa.	Agência Brasil	esportes	False
https://agenciabrasil.ebc.com.br/esportes/noticia/2026-08/ondas-da-radio-nacional-transmitem-partida-entre-vasco-e-santos	2026-08-16	Ondas da Rádio Nacional transmitem partida entre Vasco e Santos	23ª rodada do Brasileirão Masculino começa às 16h na emissora	Neste domingo (16), a Rádio Nacional transmite as emoções do confronto entre Vasco e Santos pela 23ª rodada do Campeonato Brasileiro Masculino 2026. A bola rola no Estadio São Januário, no Rio de Janeiro, às 16h, mas as ondas da Nacional entram no ar a partir das 15h30 com todas as informações do duelo. Em confronto direto na luta contra o rebaixamento, Vasco e Santos entram em campo em busca de recuperação. Empatados com 22 pontos e separados apenas pelos critérios de desempate, o Cruzmaltino, 18º colocado, amarga um longo jejum de vitórias que dura desde maio, enquanto o Peixe, 17º colocado, não vence há três jogos. As transmissões da Rádio Nacional começam com a faixa Show de Bola Nacional , com uma equipe completa para levar ao público todas as emoções dos confrontos. A cobertura da partida tem um time de peso na equipe de esportes da emissora: a narração fica por conta de André Luiz Mendes com comentários de Marcelo Smigol. Por fim, Rafael Monteiro comanda a reportagem e o plantão de informações da rodada. A transmissão da partida entra no ar para parte da rede em AM e OC, além da FM no Rio de Janeiro , no Alto Solimões, e parceiros da Rede Nacional de Comunicação Pública (RNCP). A Nacional FM nas demais praças segue com o conteúdo musical. O ouvinte pode ficar ligado nas produções preferidas pelo dial, no app Rádios EBC e no site da emissora . Os áudios ainda estão disponíveis em tempo real por streaming nas duas plataformas. O Campeonato Brasileiro é a liga brasileira de futebol profissional entre clubes do Brasil, sendo a principal competição futebolística no país. Por meio da disputa, são indicados os representantes brasileiros para a Copa Libertadores da América, junto ao campeão da Copa do Brasil. Vinte clubes participam do torneio. No decorrer da temporada, cada time joga duas vezes contra os outros (em um sistema de pontos corridos), uma vez em seu estádio e a outra no de seu adversário, em um total de 38 jogos. As equipes recebem três pontos por vitória e um por empate. Os clubes são classificados pelo total de pontos, depois pelo saldo de gols e, em seguida, pelos gols marcados. Em caso de empate entre dois ou mais times, os critérios de desempate são: maior número de vitórias; maior saldo de gols; maior número de gols pró; confronto direto; menor número de cartões vermelhos recebidos; e menor número de cartões amarelos recebidos. Esporte que é paixão do povo brasileiro, o futebol é um dos destaques da programação da Rádio Nacional, emissora pública referência em transmissões de partidas no país há décadas. Os jogos das principais competições e as notícias mais importantes têm espaço nas jornadas esportivas diárias. Os torcedores podem ficar ligados pelo rádio, site ou streaming para acompanhar as emoções das disputas entre os maiores clubes brasileiros. Antes e depois dos confrontos, o ouvinte se informa sobre a preparação das equipes e a repercussão do placar nas ondas da Nacional . A análise sobre os resultados da rodada ainda ganha janela diária para um rico debate em produções consagradas no radiojornalismo esportivo. A equipe da Rádio Nacional reúne craques da crônica esportiva. São produtores, jornalistas e apresentadores que buscam o diferencial da notícia. Além de informar o público nas ondas do rádio, o time também faz bonito na telinha da TV Brasil . Os profissionais realizam o programa Stadium, de segunda a sexta, às 12h30, e de terça a sexta, às 18h30. Sempre ao vivo, as tradicionais produções da emissora pública trazem análises e apurações atualizadas. O esporte tem espaço destacado na programação do canal. O telejornal diário Repórter Brasil , às 12h45 e às 19h, também oferece uma ampla cobertura dos principais resultados do dia. Aproveite a transmissão do Brasileirão Masculino e ajude a escolher a vencedora da categoria Craque da Torcida do Prêmio TV Brasil Petrobras Para Elas. A premiação criada pela TV Brasil e pela Petrobras vai reconhecer ainda atletas, treinadores e treinadoras, dirigentes, departamentos de futebol feminino e clubes que se destacarem ao longo da temporada de 2026. A votação da categoria com voto popular já está aberta, é gratuita e tem votos ilimitados! Acesse ebc.com.br/premiotvbrasilpetrobrasparaelas até 31 de outubro. Campeonato Brasileiro 2026 – Vasco x Santos, 16/8, a partir das 15h30, na Rádio Nacional RJ, AM, OC e AS + RNCP e Parceiros Site: https://radionacional.ebc.com.br Instagram: https://www.instagram.com/radionacionalbr Spotify: https://open.spotify.com/user/vpj3k8ogjwf1nkv4nap3tlruv YouTube: http://youtube.com/radionacionalbr Facebook: https://www.facebook.com/radionacionalbr X: https://x.com/radionacionalbr Streaming: https://aovivo.ebc.com.br/embed-audio.html?emissora=radio-nacional-do-rio-de-janeiro	Agência Brasil	esportes	False
https://agenciabrasil.ebc.com.br/esportes/noticia/2026-08/brasileirao-feminino-a3-juventude-se-sai-na-frente-da-portuguesa-ap	2026-08-15	Brasileirão Feminino A3: Juventude-SE sai na frente da Portuguesa-AP	Sergipanas podem perder por um gol na volta; TV Brasil exibe no dia 21	O Juventude-SE saiu na frente da Portuguesa-AP no confronto pelas semifinais da Série A3 (terceira divisão) do Campeonato Brasileiro Feminino de futebol. Neste sábado (15), a equipe do interior de Sergipe derrotou o time rubro-verde do Amapá por 2 a 0 no Estádio Augusto Antunes, em Santana (AP). A TV Brasil transmitiu a partida ao vivo. A partida de volta será no Batistão, em Estância (SE), na próxima sexta-feira (21), às 21h (horário de Brasília), novamente com transmissão da TV Brasil . As sergipanas podem até perder por um gol de diferença que, ainda assim, vão à final. As amapaenses têm de ganhar por três gols ou mais de saldo para se classificarem no tempo normal. Se a soma dos placares ficar empatada, a decisão será nos pênaltis. A outra semifinal reúne Planalto-GO e Realidade Jovem. O jogo de ida será na segunda-feira (17), às 21h, no Estádio Aníbal Toledo, em Aparecida de Goiânia (GO). A volta está marcada para o outro domingo (23), às 11h, no Teixeirão, em São José do Rio Preto (SP). As duas partidas também serão exibidas pela emissora da Empresa Brasil de Comunicação (EBC) . Os quatro semifinalistas têm vaga assegurada na próxima edição da Série A2 (segunda divisão) do Brasileirão. A competição terá 18 clubes no ano que vem. Os rebaixados ao Brasileirão A3 de 2027 foram a União Desportiva Alagoana (UDA) e o Itacoatiara. Tanto Portuguesa quanto o Juventude chegaram invictos às semifinais. Em dez jogos, a Lusa do Muca (bairro da zona sul de Macapá) atingiu seis vitórias e teve quatro empates, com 29 gols marcados e 19 sofridos. A vaga no Brasileirão A2 veio com dois triunfos sobre o Tiradentes-PA: 5 a 2 em casa e 3 a 2 no Estrelão, em Augusto Corrêa (PA). Do lado sergipano, o Tricolor da Piauitinga (nome do rio que abastece 70% da cidade de Estância) ganhou nove vezes e empatou uma, com 25 gols anotados e quatro cedidos. Nas quartas de final, o clube bateu o Prosperidade, vencendo por 2 a 0 no Estádio Humberto Scaramussa, em Vargem Alta (ES), e por 2 a 1 no Batistão. O forte calor em Santana, com a temperatura na casa dos 33ºC e a baixa umidade (54%), dificultou as ações no primeiro tempo. As visitantes, apesar de mais presentes no ataque, tiveram apenas uma oportunidade clara. Aos sete minutos, Fernanda recebeu na área e chutou na saída da goleira Kadja, que conseguiu fazer a defesa. As donas da casa assustaram somente nos acréscimos, em cobrança de falta pela esquerda. A meia Loura Soure buscou o ângulo e mandou muito rente à trave. A Portuguesa tentou sair mais para o jogo no segundo tempo, mas foi o Juventude quem, enfim, abriu o placar. Aos 15 minutos, a atacante Laureen recebeu de Fernanda dentro da área, à direita da marca do pênalti, girou com liberdade e finalizou. Um golaço. Aos 31, a lateral Sara avançou pela direita e, pouco depois da linha do meio-campo, lançou na área. A bola surpreendeu Kadja e foi direto para o gol, encobrindo a goleira. Nos acréscimos, aos 52 minutos, a própria Sara derrubou a atacante Aninha Belém na área. A penalidade cobrada por Loura Soure, porém, foi fraca e a goleira Monique fez a defesa, mantendo a boa vantagem do Juventude para o jogo de volta.	Agência Brasil	esportes	False
https://agenciabrasil.ebc.com.br/esportes/noticia/2026-08/nova-regra-da-cbv-afeta-participacao-de-tifanny-na-superliga-de-volei	2026-08-15	Nova regra da CBV afeta participação de Tifanny na Superliga de vôlei	Oposta segue liberada para atuar pelo Osasco no Campeonato Paulista	"O Osasco São Cristóvão Saúde se manifestou após a Confederação Brasileira de Vôlei (CBV) anunciar, na sexta-feira (14), uma nova política de elegibilidade segundo a qual somente atletas do sexo biológico feminino podem disputar as competições femininas da entidade. A oposta Tifanny, primeira atleta trans a disputar a Superliga, em dezembro de 2017, representa o clube paulista desde 2021 e conquistou com a equipe o título da temporada 2024/2025. Em nota, o Osasco afirmou ter sido ""surpreendido"" pela decisão da CBV. Segundo o clube, a medida foi tomada ""sem qualquer participação ou opinião prévia do clube"". O caso foi encaminhado ao departamento jurídico, que ""está avaliando a normativa publicada para definição dos próximos passos"". O Osasco também declarou ""integral apoio a Tifanny"". Quem também se pronunciou foi a Federação Paulista de Volleyball (FPV). A entidade informou que, como o Campeonato Paulista teve início antes da publicação da nova política, ""eventuais medidas"" serão tomadas ""para as próximas competições [...] após análise e manifestação das áreas jurídica e de saúde"". Assim, Tifanny segue liberada para disputar o Campeonato Paulista. Neste sábado (15), a equipe do Osasco estreia na competição contra o Pinheiros, às 21h30 (horário de Brasília), no Ginásio José Liberatti, em Osasco (SP) . Segundo a CBV, o novo critério de elegibilidade busca estar em conformidade com regras do Comitê Olímpico Internacional (COI) e da Federação Internacional de Voleibol (FIVB). As atletas deverão cumprir os critérios estabelecidos pela nova política, que incluem a apresentação de resultado negativo para o gene SRY. A norma anterior previa que mulheres trans poderiam atuar desde que os níveis de testosterona sérica estivessem abaixo de determinado limite. A nova determinação entra em vigor nas próximas edições da Superliga, nas duas principais divisões, e da Supercopa, além da Copa Brasil e do Circuito Brasileiro de vôlei de praia de 2027. Em fevereiro deste ano, a ministra Cármen Lúcia, do Supremo Tribunal Federal (STF), concedeu uma liminar que permitiu a participação de Tifanny na Copa Brasil, em Londrina (PR), atendendo a pedido da própria CBV. Antes da decisão, a Câmara de Vereadores da cidade aprovou, em regime de urgência, um requerimento relacionado à participação de atletas trans em eventos esportivos no município."	Agência Brasil	esportes	False
https://agenciabrasil.ebc.com.br/esportes/noticia/2026-08/volei-brasileiro-passa-exigir-teste-genetico-para-atletas-mulheres	2026-08-14	Vôlei brasileiro passa a exigir teste genético para atletas mulheres	CBV diz que se alinha a parâmetros do COI e da Federação Internacional	A Confederação Brasileira de Voleibol (CBV) anunciou nesta sexta-feira (14) que somente atletas do sexo biológico feminino poderão participar de competições organizadas pela entidade. A nova política de elegibilidade de atletas da categoria feminina foi publicada no final da tarde de hoje no site da CBV . Segundo a entidade, o novo critério tem como objetivo estar em conformidade com as regras do Comitê Olímpico Internacional (COI) e da Federação Internacional de Voleibol (FIVB). A verificação será feita por testagem e triagem do gene SRY. Normalmente o exame é realizado por meio de exame de sangue ou esfregaço bucal. “Com a mudança dos parâmetros internacionais e da responsabilidade institucional, a CBV buscou manter o alinhamento entre as regras que regem as competições nacionais com as hoje vigentes para as competições internacionais. A decisão da CBV se adequa ao COI e deixa nossos campeonatos equiparados com as competições internacionais.”, afirmou Radamés Lattari, presidente da CBV, no site da entidade. A nova política de elegibilidade entra em vigor nas competições da Superliga A e B (A e B (temporada 26/27), Supercopa 2026, Copa Brasil 2027, Circuito Brasileiro de Vôlei de Praia 2027 (adulto), CBVP Challenger 2027 e nas respectivas edições seguintes durante a vigência da política. Entre as atletas que podem ser afetadas pela nova diretriz está a jogadora Tiffany, mulher trans que atua no Osasco São Cristóvão Saúde. Em fevereiro, a ministra do Supremo Tribunal Federal C ármen Lúcia decidiu pela participação de Tiffany em partida contra o SESC RJ Flamengo na cidade de Osasco. Na ocasião, a CBV recorreu ao STF, pedindo a suspensão da lei municipal de Osasco que proibia a participação de atletas transgêneros em eventos esportivos na cidade. Na decisão, a ministra entendeu que a norma não estava de acordo com a Constituição e representava retrocesso nas políticas de igualdade de gênero e de promoção da dignidade humana.	Agência Brasil	esportes	False
https://agenciabrasil.ebc.com.br/esportes/noticia/2026-08/calderano-derrota-japones-e-vai-oitavas-do-europe-smash-na-suecia	2026-08-13	Calderano derrota japonês e vai às oitavas do Europe Smash, na Suécia	Próximo adversário será o dinamarquês Anders Lind às 14h20 desta sexta	Único brasileiro remanescente no Smash Europe em Malmö (Suécia), o mesatenista Hugo Calderano avançou às oitavas de final nesta quinta-feira (13), após derrotar o japonês Maharu Yoshimura. Número oito do mundo, o carioca despachou o asiático (51º no ranking) por 3 sets a 1, com parciais de 11/2, 9/11, 13/11 e 11/7. Os torneios Smash são os mais importantes do circuito por distribuírem a pontuação mais alta no ranking (2.000 pontos). O próximo embate de Calderano será contra o dinamarquês Anders Lind (13º). O jogo está programado para às 14h20 (horário de Brasília) desta sexta (14), com transmissão ao vivo no canal da Federação Internacional de Tênis (World Table Tennis) no YouTube. Um post compartilhado por Tênis de Mesa do Brasil (@cbtm) Na última quarta (12), a parceria de Calderano com Bruna Takahashi, vice-líder no ranking mundial, tropeçou na estreia diante da dupla chilena (34ª) formada por Gustavo Gomez e Daniela Ortega. Os adversários avançaram nas duplas mistas com vitória por 3 sets a 1 (12/10, 6/11, 11/9 e 11/7). Quem também se despediu do Smash Malmo foi a dupla de Guilherme Teodoro e Leonardo Iizuka (332ª) Eles foram superados nas oitavas de final pelos atletas de Taiwan Wong Chun Ting e Chan Baldwin, atuais vice-líderes do ranking, por atletas de Taiwan.	Agência Brasil	esportes	False
https://agenciabrasil.ebc.com.br/esportes/noticia/2026-08/europe-smash-calderano-vence-de-novo-e-tera-felix-lebrun-nas-quartas	2026-08-14	Europe Smash: Calderano vence de novo e terá Félix Lebrun nas quartas	Brasileiro encara rival francês às 16h15 deste sábado (15) na Suécia	O mesatenista brasileiro Hugo Calderano encara neste sábado (15) o arquirrival francês Félix Lebrun por uma vaga nas semifinais do Europe Smash, em Malmö (Suécia), um dos principais torneios do circuito mundial. A partida está prevista para às 16h15 (horário de Brasília), com t ransmissão ao vivo no canal da Federação Internacional de Tênis de Mesa (World Table Tennis) no YouTube. Os torneios Smash distribuiem 2.000 pontos no ranking aos vencedores. Número 8 do mundo, o carioca se classificou às quartas na tarde desta quinta-feira (14), ao derrotar dinamarquês Anders Lind (13º no ranking) por 3 sets a 1, com parciais de 11/7, 11/9, 5/11 e 11/8. Já Felix Lebrun (5º) avançou com facilidade na outra chave. Ele cravou 3 sets a 0 no compatriota Thibault Poret (28º), com parciais de 11/2, 11/4 e 11/4. Um post compartilhado por Tênis de Mesa do Brasil (@cbtm) O confronto ocorre cinco meses após Calderano ter sido eliminado por Félix Lebrun nas quartas do WTT Champions Chongqing (China). O brasileiro dominava o embate com 3 sets a 1, mas sofreu a virada e perdeu por 4 sets a 3. No ano passado, Calderano conquistou o bicampeonato do Star Contender em Ljubljana (Eslovênia) com vitória sobre o francês (4 sets a 2), a primeira após o brasileiro ter tropeçado para Lebrun na disputa do bronze na Olimpíada de Paris 2024. No histórico de encontros, Lebrun leva a melhor sobre Calderano com seis vitórias em nove jogos.	Agência Brasil	esportes	False
https://agenciabrasil.ebc.com.br/esportes/noticia/2026-08/tv-brasil-exibe-botafogo-x-sao-paulo-pelo-brasileirao-feminino-a1	2026-08-15	TV Brasil exibe Botafogo x São Paulo pelo Brasileirão Feminino A1	Transmissão do confronto no Nilton Santos inicia no domingo às 10h45	O duelo entre Botafogo e São Paulo agita a manhã deste domingo (16) na tela da TV Brasil . Válida pela 16ª rodada do Campeonato Brasileiro Feminino Série A1, a partida será transmitida ao vivo pela emissora pública a partir das 10h45, direto do Estádio Nilton Santos, no Rio de Janeiro. Na lanterna da competição, o Botafogo recebe o São Paulo em casa e tenta quebrar um longo jejum e reencontrar o caminho dos três pontos. A última vitória da equipe carioca aconteceu em fevereiro, diante do Juventude-RS. Do outro lado, o São Paulo faz uma grande campanha, somando 11 vitórias em 15 rodadas. Atual vice-líder com 35 pontos, o Tricolor entra em campo de olho no topo da tabela, estando a apenas dois pontos de distância do líder Corinthians. As exibições fazem parte da estratégia da TV Brasil , a tela do futebol feminino, para ampliar a visibilidade da modalidade no país. Pelo terceiro ano consecutivo, o canal público exibe os jogos da elite feminina. Também serão transmitidos os confrontos decisivos das Séries A2 e A3, a partir das semifinais. Além disso, o público poderá acompanhar as decisões das categorias de base pelo título do Brasileirão Feminino Sub-17 e Sub-20. A equipe de profissionais que comanda as transmissões do Brasileirão Feminino conta com um time formado por mulheres, com a narradora Luciana Zogaib, as comentaristas Brenda Balbi e Rachel Motta e as repórteres Marília Arrigoni e Verônica Dalcanal. As competições ganham ainda mais visibilidade por meio da parceria com os canais que formam a Rede Nacional de Comunicação Pública (RNCP) , que podem retransmitir a programação da TV Brasil em seus estados. A edição de 2026 do campeonato mobiliza 18 equipes que se enfrentam em turno único na fase de classificação. Os oito primeiros avançam para a segunda fase. As etapas a partir das quartas de final são disputadas no formato de mata-mata com duelos de ida e volta. Os times reunidos na Brasileirão Feminino Série A1 são: América (MG), Atlético Mineiro, Bahia, Botafogo, Corinthians, Cruzeiro, Ferroviária, Flamengo, Fluminense, Grêmio, Internacional, Juventude, Mixto (MT), Palmeiras, Red Bull Bragantino, Santos, São Paulo e Vitória. Aproveite a rodada importante da Série A1 e ajude a escolher a vencedora da categoria Craque da Torcida do Prêmio TV Brasil Petrobras Para Elas. A premiação criada pela TV Brasil e pela Petrobras vai reconhecer ainda atletas, treinadores e treinadoras, dirigentes, departamentos de futebol feminino e clubes que se destacarem ao longo da temporada de 2026. A votação da categoria com voto popular já está aberta, é gratuita e tem votos ilimitados! Acesse ebc.com.br/premiotvbrasilpetrobrasparaelas até 31 de outubro. Ao vivo e on demand Acompanhe a programação da TV Brasil pelo canal aberto, TV por assinatura e parabólica. Sintonize: https://tvbrasil.ebc.com.br/comosintonizar. Seus programas favoritos estão no TV Brasil Play , pelo site http://tvbrasilplay.com.br ou por aplicativo no smartphone. O app pode ser baixado gratuitamente e está disponível para Android e iOS. Assista também pela WebTV: https://tvbrasil.ebc.com.br/webtv. Serviço Brasileirão Feminino Série A1 – Botafogo X São Paulo – Domingo (16), a partir das 10h45, na TV Brasil . TV Brasil na internet e nas redes sociais	Agência Brasil	esportes	False
https://agenciabrasil.ebc.com.br/esportes/noticia/2026-08/ginastica-ritmica-brasil-e-bronze-e-garante-vaga-em-los-angeles-2028	2026-08-15	Ginástica rítmica: Brasil é bronze e garante vaga em Los Angeles 2028	Equipe brasileira volta ao pódio mundial após duas pratas em 2025	"O conjunto brasileiro de ginástica rítmica está classificado para os Jogos Olímpicos de Los Angeles, nos Estados Unidos, em 2028. Neste sábado (15), a equipe conquistou a medalha de bronze no conjunto geral do Campeonato Mundial da modalidade, em Frankfurt, na Alemanha. A formação é composta pela alagoana Maria Eduarda Arakaki, pela paulista Nicole Pírcio, pela capixaba Sofia Madeira, pelas paranaenses Julia Kurunczi e Mariana Gonçalves e pela amazonense Maria Paula Caminha. A Espanha conquistou o título. O Japão, campeão mundial realizado no Brasil em 2025, ficou com a prata. As brasileiras deixaram para trás adversários de peso, como a China, atual campeã olímpica, e a Bulgária, vencedora dos Jogos de Tóquio, em 2021. Na disputa do conjunto geral, as equipes realizam duas séries. Na mista, as ginastas se apresentam com três arcos e duas maças. Na apresentação com cinco bolas, cada ginasta utiliza um dos aparelhos. A pontuação final é a soma das notas das duas rotinas, que levam em conta aspectos como dificuldade, execução e composição artística. Na série mista, o Brasil teve a segunda melhor nota do dia, com 28,700 pontos, ao som de Abracadabra, de Lady Gaga. Já na apresentação com cinco bolas, que teve Feeling Good, de Michael Bublé, como trilha, o conjunto obteve 26,800 pontos, a oitava melhor nota da prova. O total foi de 55,500 pontos. Os países foram divididos em três grupos de 14 conjuntos. O Brasil competiu no segundo grupo e terminou provisoriamente na segunda posição, atrás apenas da Espanha, que teve a melhor nota nas duas séries. A confirmação da medalha e da vaga olímpica dependia dos resultados do terceiro grupo, que reunia adversários como Japão, Bulgária e Rússia. Apenas as japonesas superaram a pontuação brasileira, garantindo o bronze ao Brasil e a classificação para os Jogos de Los Angeles. Esta foi a segunda edição consecutiva do Mundial com o Brasil no pódio. No ano passado, quando a competição foi disputada no Rio de Janeiro, o mesmo sexteto conquistou duas medalhas de prata, no conjunto geral e na série mista. O Mundial termina neste domingo (16). O conjunto brasileiro terá as duas finais por aparelhos. A prova com cinco bolas começa às 6h, enquanto a série mista está prevista para as 9h, ambas no horário de Brasília. ""Nós simulamos várias vezes esse dia. Independentemente de como fôssemos na primeira série, teríamos que entrar na segunda e ir muito bem também. É bem tenso para as ginastas porque, no fim das contas, elas têm menos de uma hora para se apresentarem novamente. Controlar as emoções não é fácil"", avaliou a técnica da seleção brasileira, Camila Ferezin, à Confederação Brasileira de Ginástica (CBG). ""Nossos conjuntos de cinco bolas e misto têm apresentações com dificuldades muito altas. Então, acredito que amanhã [domingo], elas possam ir ainda melhor"", projetou a treinadora."	Agência Brasil	esportes	False
https://agenciabrasil.ebc.com.br/esportes/noticia/2026-08/grupo-de-direitos-humanos-pede-wta-que-revogue-testes-de-genero	2026-08-14	Grupo de direitos humanos pede à WTA que revogue testes de gênero	Entidade considera discriminatória exigência exclusiva às mulheres	A Sport & Rights Alliance, uma entidade de defesa dos direitos humanos no esporte, pediu na quinta-feira (13) que a Associação de Tênis Feminino (WTA) revogue sua política de testes de sexo, classificando-a como uma medida discriminatória no esporte. O circuito de tênis feminino anunciou no mês passado que exigiria que as jogadoras passassem por um teste genético único para o gene SRY, que ajuda a determinar o sexo biológico e pode ser realizado por meio de um esfregaço bucal ou exame de sangue. “A WTA pode alegar que não tem a intenção de causar danos, mas boas intenções nunca apagarão o estigma e o trauma que mulheres e meninas sofrerão devido aos testes de sexo”, disse Andrea Florence, diretora executiva da Sport & Rights Alliance, uma coalizão de grupos de defesa de direitos humanos no esporte. A Reuters não conseguiu entrar em contato imediatamente com a WTA para obter comentários. A medida foi tomada depois que o Comitê Olímpico Internacional (COI) anunciou, em março, que apenas atletas biologicamente do sexo feminino, cujo gênero tenha sido determinado por um teste único, seriam elegíveis para participar de eventos da categoria feminina nos Jogos Olímpicos. “A WTA elaborou às pressas uma política que não promove os direitos das mulheres e meninas, mas, ao contrário, prejudica a segurança e a dignidade de todas as pessoas no circuito”, disse Lily Dong Li Rosengard, especialista sênior em defesa de direitos da ILGA World, um grupo de defesa da comunidade LGBTQ. “Apesar de nenhuma mulher trans assumida estar competindo atualmente no nível profissional, todas as tenistas, sejam mulheres ou meninas, agora terão que ‘provar’ seu gênero apenas para que a WTA possa garantir que elas nunca joguem.” A medida de testes de sexo surgiu como um tema central no início do Aberto do Canadá, com a bielorrussa Aryna Sabalenka, número um do ranking, apoiando a política. A norte-americana Coco Gauff, duas vezes vencedora de títulos de Grand Slam, disse que apoia a justiça nos esportes femininos, mas teme que a medida tenha gerado animosidade contra a comunidade trans. * É proibida a reprodução deste conteúdo.	Agência Brasil	esportes	False
https://agenciabrasil.ebc.com.br/esportes/noticia/2026-08/fluminense-demite-tecnico-zubeldia-apos-0-0-em-casa-na-libertadores	2026-08-13	Fluminense demite técnico Zubeldia após 0 a 0 em casa na Libertadores	Time somou 8 jogos sem vencer, incluindo eliminação na Copa do Brasil	Prestes a completar um ano no comando do Fluminense, o técnico Luis Zubeldía foi demitido do clube na manhã desta quinta-feira (13), um dia após o Tricolor empatar sem gols com o Independiente Rivadavia (Argentina) no Maracanã. Depois da pausa para a Copa do Mundo, o treinador argentino enfileirou oito jogos sem vencer, incluindo a eliminação para o Vasco por 3 a 1 nas oitavas de final da Copa do Brasil e empate em 1 a 1 com o Botafogo pelo Campeonato Brasileiro, ambos na semana passada. “O Fluminense FC informa que Luis Zubeldía não está mais à frente do comando técnico da equipe. Também deixam o clube os auxiliares Maxi Cuberas, Carlos Gruezo e Alejandro Escobar e o preparador físico Lucas Vivas”, disse o clube carioca em nota publicada nas redes sociais. Um post compartilhado por Fluminense F.C. (@fluminensefc) O Tricolor também anunciou que o auxiliar-técnico Marcão dirigirá o time no próximo sábado (15), às 16h30 (horário de Brasília), contra o Palmeiras - líder do Brasileirão – pela 23ª rodada. O Fluminense ocupa a quarta posição no torneio. Nesta tarde, Marcão dirigiu o primeiro treino com a equipe. Na próxima terça (18), o Fluminense precisará vencer o Independiente Rivadavia fora de casa para avançar às quartas da Libertadores. O jogo está programado para as 19h em Mendoza (Argentina).	Agência Brasil	esportes	False
https://agenciabrasil.ebc.com.br/esportes/noticia/2026-08/wsl-italo-ferreira-domina-tubos-em-teahupoo-e-avanca-semifinais	2026-08-13	WSL: Ítalo Ferreira domina tubos em Teahupo’o e avança às semifinais	Líder do ranking, brasileiro superou o australiano Ethan Ewing	Líder do ranking da World Surf League (WSL), a Liga Internacional de Surfe, o potiguar Ítalo Ferreira voltou a brilhar na etapa de Teahupo’o, no Taiti, a sétima o circuito mundial. Único representante brasileiro remanescente na competição, Ítalo levou a melhor sobre o australiano Ethan Ewing na segunda bateria masculina desta quinta-feira (13). Campeão mundial em 2019 e primeiro ouro olímpico do surfe (Tóquio 2020), o potiguar deu show nos tubos ao pegar uma boa sequência de ondas, que lhe valeram notas 8.33 e 7.17. Já o australiano anotou 7.77 e 5.17. As semifinais ocorrerão nesta noite. Ítalo Ferreira terá pela frente o havaiano Seth Moniz (26º no ranking), que derrotou o mexicano Alan Cleland (21º). Moniz cravou 7.83 e 5.83 contra apenas 1.50 do mexicano, que teve somente uma onda válida. Provavelmente o vencedor de Teahupo’o será conhecido no fim desta noite. A disputa tem transmissão ao vivo no canal da WSL no YouTube. Um post compartilhado por World Surf League (@wsl) Na última segunda (10), o potiguar retomou a liderança do ranking, após a eliminação precoce do italiano Leonardo Fioravanti, que detinha a lycra amarela. Com a derrota do europeu para o marroquino Ramzi Boukhiam, Ìtalo subiu da segunda para a primeira posição. Ítalo teve uma estreia difícil na segunda, com dores na região lombar. Mesmo assim, venceu a bateria contra o sul-africano Luke Thompson, avançando às oitavas. Depois, o brasileiro derrotou o japonês Connor O’Leary, assegurando vaga nas quartas. O Brasil iniciou a etapa do Taiti com nove surfistas. Samuel Pupo, Yago Dora, Filipe Toledo, Gabriel Medina e Matheus Herdy caíram na estreia, assim como Luana Silva, única representante do país na disputa feminina. Depois, nas oitavas, deram adeus à competição João Chianca, o Chumbinho, Alejo Muniz e Miguel Pupo. Ítalo Ferreira voltará a usar a lycra amarela na próxima etapa: a de Cloudbreak , em Fiji (Oceania), a partir de 4 de setembro.	Agência Brasil	esportes	False
https://agenciabrasil.ebc.com.br/esportes/noticia/2026-08/tv-brasil-transmite-atletico-mg-x-gremio-pelo-brasileirao-feminino-a1	2026-08-14	TV Brasil transmite Atlético-MG x Grêmio pelo Brasileirão Feminino A1	Confronto da 16ª rodada vai ao ar a partir das 20h45 desta sexta	A TV Brasil exibe ao vivo nesta sexta-feira (14) o confronto entre Atlético-MG e Grêmio, válido pela 16ª rodada do Campeonato Brasileiro Feminino Série A1. A transmissão da emissora pública começa às 20h45 , direto do campo da Arena MRV, em Belo Horizonte (MG). A partida coloca frente a frente equipes em momentos distintos no campeonato. Na 13ª colocação com 13 pontos, o Atlético-MG busca reencontrar o caminho da vitória após quatro jogos sem vencer para se distanciar da parte de baixo da tabela. Do outro lado, o Grêmio ocupa a 6ª posição com 24 pontos e chega embalado por uma sequência invicta de mais de cinco partidas, tentando se firmar no grupo de cima da competição. As exibições fazem parte da estratégia da TV Brasil , a tela do futebol feminino, para ampliar a visibilidade da modalidade no país. Pelo terceiro ano consecutivo, o canal público exibe os jogos da elite feminina. Também serão transmitidos os confrontos decisivos das Séries A2 e A3, a partir das semifinais. Além disso, o público poderá acompanhar as decisões das categorias de base pelo título do Brasileirão Feminino Sub-17 e Sub-20. A equipe de profissionais que comanda as transmissões do Brasileirão Feminino conta com um time formado por mulheres, com a narradora Luciana Zogaib, as comentaristas Brenda Balbi e Rachel Motta e as repórteres Marília Arrigoni e Verônica Dalcanal. As competições ganham ainda mais visibilidade por meio da parceria com os canais que formam a Rede Nacional de Comunicação Pública (RNCP) , que podem retransmitir a programação da TV Brasil em seus estados. A edição de 2026 do campeonato mobiliza 18 equipes que se enfrentam em turno único na fase de classificação. Os oito primeiros avançam para a segunda fase. As etapas a partir das quartas de final são disputadas no formato de mata-mata, com duelos de ida e volta. Os times reunidos no Brasileirão Feminino Série A1 são: América (MG), Atlético Mineiro, Bahia, Botafogo, Corinthians, Cruzeiro, Ferroviária, Flamengo, Fluminense, Grêmio, Internacional, Juventude, Mixto (MT), Palmeiras, Red Bull Bragantino, Santos, São Paulo e Vitória. Acompanhe a programação da TV Brasil pelo canal aberto, TV por assinatura e parabólica. Sintonize: https://tvbrasil.ebc.com.br/comosintonizar . Seus programas favoritos estão no TV Brasil Play, pelo site http://tvbrasilplay.com.br ou por aplicativo no smartphone. O app pode ser baixado gratuitamente e está disponível para Android e iOS. Assista também pela WebTV: https://tvbrasil.ebc.com.br/webtv . Site – https://tvbrasil.ebc.com.br Instagram – https://www.instagram.com/tvbrasil YouTube – https://www.youtube.com/tvbrasil X – https://x.com/TVBrasil Facebook – https://www.facebook.com/tvbrasil TikTok – https://www.tiktok.com/@tvbrasil TV Brasil Play - http://tvbrasilplay.com.br	Agência Brasil	esportes	False
https://agenciabrasil.ebc.com.br/esportes/noticia/2026-08/camara-aprova-lei-com-medidas-para-promover-futebol-feminino-no-pais	2026-08-13	Câmara aprova lei com medidas para promover futebol feminino no país	Texto também precisa passar pelo Senado	O plenário da Câmara dos Deputados aprovou, nesta quinta-feira (13), o Projeto de Lei (PL) 4.578/2025 , que traz diretrizes para a política de promoção do futebol feminino no Brasil. Entre as mudanças, está a limitação da inscrição de jogadoras não profissionais nas competições femininas nacionais. O PL, de autoria do Poder Executivo, define o desenvolvimento do futebol feminino como prioridade na política pública esportiva do país , atribuindo ao Ministério do Esporte a promoção do futebol praticado pelas mulheres brasileiras. A relatora, Jack Rocha (PT-ES), sustentou no parecer que o projeto ganha ainda mais importância com a realização da Copa do Mundo de Futebol Feminino de 2027 no país. “A proposição representa importante instrumento para a adoção de uma estratégia de longo prazo voltada à superação das desigualdades historicamente impostas ao futebol feminino”, escreveu a parlamentar. A limitação da inscrição de jogadoras não profissionais nas competições do país busca incentivar a profissionalização das atletas . Na principal divisão das competições nacionais, o texto permite a inscrição de, no máximo, quatro atletas não profissionais por equipe. Nas demais divisões, o número de jogadoras não profissionais pode ser de até seis por time. O texto ainda determina que o Executivo deve reduzir esses limites gradualmente, “até a total profissionalização das competições oficiais de futebol feminino”. O projeto de lei prevê incentivos para a promoção da igualdade salarial entre homens e mulheres no futebol, além de induzir a publicação do calendário dos jogos com antecedência necessária para permitir o planejamento dos clubes e atletas. Segundo o texto aprovado, as organizações esportivas devem disponibilizar a mesma estrutura (equipamentos e equipes de suporte) utilizada pelas equipes masculinas . Outra inovação da proposta é uma mudança na Lei Geral do Esporte para incluir a obrigatoriedade de equipes femininas em organizações formadoras de atleta na modalidade futebol. O projeto ainda estimula a ampliação das mulheres em cargos de gestão, arbitragem e direção técnicas e exige a elaboração de um plano para o legado da Copa do Mundo Feminino da FIFA de 2027. O respeito “irrestrito” aos direitos das mulheres grávidas e da maternidade, e a criação de protocolos para combater a discriminação, o racismo e a violência contra as mulheres no futebol estão entre as medidas previstas no projeto. Em outra votação da mesma sessão plenária, os deputados e deputadas aprovaram o PL 1.842 de 2025 , que reconhece o futebol como manifestação da cultura nacional e como patrimônio imaterial cultural do povo brasileiro. “O futebol é uma das mais significativas manifestações culturais brasileiras, com papel central na construção da identidade nacional e na coesão social, transcendendo o campo esportivo para influenciar a música, a literatura, o cinema e diversas outras expressões artísticas e culturais”, escreveu o autor da proposição, deputado Helio Lopes (PL-RJ). A proposta prevê ainda que o Poder Executivo promova ações para a salvaguarda e valorização do futebol “como expressão da identidade nacional, assegurando o direito à memória e à preservação dessa prática”.	Agência Brasil	esportes	False
https://agenciabrasil.ebc.com.br/esportes/noticia/2026-08/cruzeiro-e-flamengo-empatam-pelas-oitavas-de-final-da-libertadores	2026-08-13	Cruzeiro e Flamengo empatam pelas oitavas de final da Libertadores	Arroyo e Lucas Paquetá marcam e deixam confronto aberto para a volta	O primeiro duelo 100% brasileiro desta edição da Libertadores terminou sem vencedor. Na noite de quarta-feira (12), Cruzeiro e Flamengo empataram por 1 a 1 no Mineirão, em Belo Horizonte, no primeiro jogo do confronto pelas oitavas de final. A Rádio Nacional transmitiu o duelo ao vivo. Mineiros e cariocas voltam a se enfrentar na próxima quarta-feira (19), às 21h30 (horário de Brasília), no Maracanã. Em caso de nova igualdade, a decisão no Rio de Janeiro será nos pênaltis. Somente a vitória, para qualquer um dos lados, define o classificado no tempo normal. O ganhador terá pela frente quem avançar do confronto entre Tolima (Colômbia) e Independiente del Valle (Equador). A partida de ida estava marcada para a última terça-feira (11), no Estádio Manuel Murillo Toro, na cidade colombiana de Ibagué, mas foi adiada devido aos impactos do terremoto de magnitude 7,4 que atingiu o país um dia antes. O jogo foi remanejado para a próxima terça (18), enquanto a volta ficou para a semana seguinte no Estádio Banco Guayaquil, na capital equatoriana Quito. Antes de a bola rolar, a torcida do Cruzeiro protestou contra Leonardo Jardim, técnico do Flamengo, que comandou o time mineiro até o fim de 2025, quando saiu alegando problemas pessoais. O treinador chegou a dizer que, no Brasil, trabalharia somente na Raposa, mas foi contratado pelo Rubro-Negro em março. Além de vaias, os torcedores levaram notas falsas de dinheiro com o rosto do português. Mais agressivo com a bola nos pés no primeiro tempo, o time da casa esbarrou na marcação do Flamengo, que bloqueava a maioria das finalizações . A oportunidade mais clara ocorreu logo aos seis minutos, quando Keny Arroyo cruzou pela direita e o também atacante Wesley, às costas do lateral Emerson Royal, surgiu livre pela esquerda, na frente do gol, mas a conclusão de peito saiu por cima da meta. Apesar da maior posse, o Rubro-Negro tinha dificuldades para envolver a defesa do Cruzeiro . A grande chance dos 45 minutos iniciais se deu aos 35, com Bruno Henrique. Em contra-ataque puxado pelo meia Giorgian de Arrascaeta, o atacante foi acionado pelo meia na entrada da área e chutou forte, de primeira. A bola triscou no travessão. A insistência do Cruzeiro foi recompensada na volta do intervalo. Logo aos sete minutos, Arroyo recebeu do lateral William pela direita, entrou na área e deixou Samuel Lino no chão ao escapar do carrinho do atacante. O equatoriano levou a bola para a perna esquerda e acertou o ângulo do goleiro Agustín Rossi. Golaço. A resposta do Flamengo veio aos 21 minutos . Após cobrança de falta do lateral Ayrton Lucas pela esquerda, o zagueiro Léo Ortiz acertou o travessão e a bola sobrou nos pés de Lucas Paquetá, dentro da área. O meia, que tinha acabado de entrar no lugar de Arrascaeta, concluiu para as redes e deixou tudo igual no Mineirão. O duelo seguiu aberto, com o atacante Kaio Jorge, em cabeçada perigosa, e o meia Jorge Carrascal, parando no goleiro cruzeirense Otávio, tendo boas oportunidades. Apesar do empenho, o placar não foi mais alterado. Nesta quinta-feira (13), mais dois brasileiros vão a campo pelas oitavas da Libertadores. Às 19h, no Maião, em Mirassol (SP), o time da casa recebe a LDU (Equador). Mais tarde, às 21h30, o Corinthians vai a Rosario (Argentina) encarar os anfitriões. Em outro jogo de quarta, o Palmeiras empatou por 1 a 1 com o Cerro Porteño (Paraguai) no Nubank Parque, em São Paulo. Na quarta que vem, o duelo será no La Nueva Olla, na capital paraguaia Assunção. Se o jogo terminar novamente sem vencedor, a vaga será definida nos pênaltis. Ao Verdão, o triunfo no tempo normal é suficiente. Na última terça (11), o Fluminense não saiu do zero com o Independiente Rivadavia, no Maracanã. O duelo de volta será terça que vem (18), às 19h, no Estádio Malvinas Argentinas, em Mendoza (Argentina). Para seguir na Libertadores, o Tricolor tem de ganhar no tempo normal. Em caso de empate durante os 90 minutos, a decisão será nos pênaltis.	Agência Brasil	esportes	False
https://agenciabrasil.ebc.com.br/esportes/noticia/2026-08/babi-e-maria-eduarda-brilham-em-1o-dia-do-mundial-de-ginastica-ritmica	2026-08-12	Babi e Maria Eduarda brilham em 1º dia do Mundial de Ginástica Rítmica	Competição é a primeira a distribuir vagas para Jogos de Los Angeles	"As brasileiras Bárbara Domingos e Maria Eduarda Alexandre estrearam com pé direito no primeiro dia classificatório do Campeonato Mundial de Ginástica Rítmica, em Frankfurt (Alemanha). Esta é a primeira competição que distribuirá vagas para a Olimpíada de Los Angeles 2028 -  três para as primeiras colocadas no individual geral e outras três para os melhores equipes. As finais a partir de sexta (14) terão transmissão ao vivo no canal do Time Brasil no YouTube. Finalista olímpica em Paris 2024, Babi conseguiu nesta quarta-feira (12) somatório de 54.600 (fita e maças), ficando provisoriamente na nona posição na classificação do individual geral – as 18 melhores avançam à final. Um post compartilhado por Conf. Brasileira de Ginástica (@cbginastica) A ginasta curitibana concluirá suas apresentações nesta quinta (13) com as séries de bola e arco. Na exibição com fita, Babi totalizou 27.300 (levou 12.000 pelo grau de dificuldade, 7.650 pela execução, 7.750 pelo valor artístico e perdeu 0.100 por penalidade). Depois, na apresentação com maças, a ginasta obteve 27.350 (12.300 de dificuldade, 7.050 de execução e 8.100 de valor artístico, e 0.100 de penalidade). “Estou muito feliz. Dentro dessa competição, estamos suscetíveis a tudo. Tiro como aprendizado, tudo pode acontecer. Eu me dediquei 100% nessa preparação, não é um erro que vai me definir. Amanhã vou dar meu melhor, 1000%, para realizar meu sonho de continuar sendo finalista mundial"", disse Babi,  em depoimento à Confederação Brasileira de Ginástica (CBG). Além de competir no individual geral (soma dos quatro aparelhos), a curitibana também sonha em disputar as finais individuais por equipamento. Neste caso, somente as oito melhores em cada dispositivo decidirão vaga no pódio. Este é o objetivo de Maria Eduarda Alexandre, que debutou hoje em grande estilo em seu primeiro Mundial como atleta adulta. A catarinense de 19 anos cravou pontuação de 27.450 com sua apresentação com a bola, ficando provisoriamente na quarta posição – a classificação à final será definida na quinta (13). O somatório é resultado da soma de quesitos como dificuldade - Maria Eduarda levou 12.100 pontos neste item -, execução (7.750) e valor artístico (7.650).  A ginasta teve subtraído 0.050 por penalidade. Estamos hipnotizados com essa série da Maria Alexandre! 🤩 Ela brilhou na apresentação com a bola no Mundial de Ginástica Rítmica 2026! 🇧🇷 #RoadToLA28 #OlympicQualifiers pic.twitter.com/wjeSdQwg5P “Muito feliz de entrar no tablado de um campeonato mundial e sentir o calor do público fora do Brasil"", disse a estreante. “Agora vou seguir, manter o foco. A série de bola já foi um 'check' nas nossas metas. Amanhã tem a série de fita, na qual conseguimos melhorar muita coisa do artístico e execução. Que eu saia muito feliz amanhã também"", projetou Maria Eduarda, que nesta quinta (13) competirá com a fita, seu último aparelho na competição. Quem também estreou no tablado do Mundial nesta quarta (12) foi a capixaba Geovanna Santos, que obteve 26.050, somatório insuficiente para avançar à final. A ginasta volta a se apresentar na quinta (13) com a série de maças, seu último aparelho no Mundial. Quinta (13) – classificatório 9h38 – Geovanna Santos da Silva – maças 10h41 – Maria Eduarda Alexandre – fita 11h46 – Bárbara Domingos – bola 12h30 – Bárbara Domingos – arco Sexta (14) Final individual geral – apresentações às 11h e às 13h Sábado (15) Finais individuais por aparelhos"	Agência Brasil	esportes	False
https://agenciabrasil.ebc.com.br/esportes/noticia/2026-08/radio-nacional-transmite-nesta-quarta-cruzeiro-x-flamengo	2026-08-12	Rádio Nacional transmite nesta quarta Cruzeiro x Flamengo	Jogo começa às 21h15 direto do Mineirão	A Rádio Nacional inicia nesta quarta-feira (12) a transmissão da fase de mata-mata da Copa Conmebol Libertadores 2026. Emissora leva ao ar, a partir das 21h15, o jogo entre Cruzeiro e Flamengo, direto do Estádio do Mineirão, em Belo Horizonte (MG). O Cruzeiro recebe o atual campeão do torneio, Flamengo, e conta com o apoio da sua torcida para sair em vantagem no jogo de ida das oitavas de final. Ambas as equipes chegam motivadas para o confronto após conquistarem vitórias na rodada do final de semana do Campeonato Brasileiro. O jogo de volta, que definirá o classificado para as quartas de final, acontece na próxima quarta-feira (18), no Maracanã, no Rio de Janeiro. A transmissão da Rádio Nacional inicia com a faixa Show de Bola Nacional e contará com uma equipe para levar ao público todas as informações do confronto. A narração será de Luciana Zogaib com comentários de Marcelo Smigol. Bruno Mendes comanda a reportagem e o plantão da rodada. A transmissão da partida entra no ar para parte da rede em AM e OC, além da FM no Rio de Janeiro, no Alto Solimões e parceiros da Rede Nacional de Comunicação Pública (RNCP). A Nacional FM nas demais praças segue com o conteúdo musical. O ouvinte pode ficar ligado nas produções preferidas pelo dial, no app Rádios EBC e no site da emissora. Os áudios ainda estão disponíveis em tempo real por streaming nas duas plataformas. A Copa Conmebol Libertadores é o principal torneio de clubes da América do Sul, organizado pela Confederação Sul-Americana de Futebol (Conmebol). Disputada anualmente desde 1960, a competição reúne as equipes mais qualificadas de cada país do continente, definidas por seus desempenhos nas ligas nacionais. Considerada o equivalente sul-americano da Liga dos Campeões da Europa, a Libertadores consagra o campeão continental, que passa a representar a região no Mundial de Clubes. Esporte que é paixão do povo brasileiro, o futebol é um dos destaques da programação da Rádio Nacional, emissora pública referência em transmissões de partidas no país há décadas. Os jogos das principais competições e as notícias mais importantes têm espaço nas jornadas esportivas diárias. Os torcedores podem ficar ligados pelo rádio, site ou streaming para acompanhar as emoções das disputas entre os maiores clubes brasileiros. Antes e depois dos confrontos, o ouvinte se informa sobre a preparação das equipes e a repercussão do placar nas ondas da Nacional . A análise sobre os resultados da rodada ainda ganha janela diária para um rico debate em produções consagradas no radiojornalismo esportivo. A equipe da Rádio Nacional reúne craques da crônica esportiva. São produtores, jornalistas e apresentadores que buscam o diferencial da notícia. Além de informar o público nas ondas do rádio, o time também atua na TV Brasil . Os profissionais realizam o programa Stadium, de segunda a sexta, às 12h30, e de terça a sexta, às 18h30. Sempre ao vivo, as tradicionais produções da emissora pública trazem análises e apurações atualizadas. O esporte tem espaço destacado na programação do canal. O telejornal diário Repórter Brasil , às 12h45 e às 19h, também oferece uma ampla cobertura dos principais resultados do dia. Copa Libertadores 2026 – Cruzeiro x Flamengo, quarta-feira (12), a partir das 21h15, na Rádio Nacional RJ, AM, OC e AS + RNCP e Parceiros. Além disso, partida também será transmitida pelo canal da Rádio Nacional no YouTube. Rádio Nacional na internet e nas redes sociais Site: https://radionacional.ebc.com.br Instagram: https://www.instagram.com/radionacionalbr Spotify: https://open.spotify.com/user/vpj3k8ogjwf1nkv4nap3tlruv YouTube: http://youtube.com/radionacionalbr Facebook: https://www.facebook.com/radionacionalbr X: https://x.com/radionacionalbr Streaming: https://aovivo.ebc.com.br/embed-audio.html?emissora=radio-nacional-do-rio-de-janeiro WhatsApp Nacional - Rádio Nacional FM: (61) 99989-1201 - Rádio Nacional AM: (61) 99674-1536 - Rádio Nacional da Amazônia: (61) 99674-1568 - Rádio Nacional do Rio de Janeiro: (21) 97119-9966 Saiba como sintonizar a Rádio Nacional Brasília: FM 96,1 MHz e AM 980 Khz Rio de Janeiro: FM 87,1 MHz e AM 1130 kHz São Paulo: FM 87,1 MHz Recife: FM 87,1 MHz São Luís: FM 93,7 MHz Amazônia: 11.780KHz e 6.180KHz OC Alto Solimões: FM 96,1 MHz	Agência Brasil	esportes	False
https://agenciabrasil.ebc.com.br/esportes/noticia/2026-08/cinefoot-celebra-filme-de-joaquim-salles-sobre-time-do-amapa	2026-08-12	Cinefoot celebra filme de Joaquim Salles sobre time do Amapá	Festival de Cinema de Futebol teve exibições no Rio e em São Paulo	A 16ª edição do Festival de Cinema de Futebol (Cinefoot) teve como um dos vencedores a obra Copinha , com direção de Joaquim Salles, premiada como Melhor Filme da mostra competitiva internacional entre os longas-metragens. O diretor é sobrinho do cineasta Walter Salles, que levou o Oscar de Melhor Filme Internacional por Ainda Estou Aqui , e filho do documentarista João Moreira Salles. Os filmes foram exibidos, gratuitamente, em quatro salas no Rio de Janeiro, de quinta-feira da semana passada (6) até terça-feira (11), e no Museu do Futebol, em São Paulo, entre as últimas sexta (7) e segunda-feira (10). A obra de Joaquim Salles (foto) conta a trajetória do Esporte Clube Macapá, time da capital amapaense, na edição de 2024 da Copa São Paulo de Futebol Júnior, a Copinha, principal torneio de futebol sub-20 do mundo. O longa, que traz a luta por visibilidade de jovens atletas que vivem distante dos grandes centros da modalidade, superou filmes da Argentina, da Espanha e do Reino Unido. O resultado foi definido por meio de voto popular. Naquela Copinha, o Macapá venceu o Potyguar Seridoense-RN e buscou empates com o Flamengo de Guarulhos (SP), time anfitrião do Grupo 29, e com o tradicional Vasco. A equipe do Amapá se classificou no segundo lugar da chave, sendo eliminada na fase seguinte pelo Ibrachina, clube da capital paulista focado em categorias de base. Já na categoria de Melhor Curta-Metragem da mostra competitiva internacional, a vitória foi de Camisa 9 , dirigido por Guilherme Baptista. A obra mostra como três jornalistas negros da família Baptista - Orlando e os filhos Luiz Orlando e Oswaldo - mudaram a forma de se abordar o futebol na televisão nos anos 1980, trazendo irreverência e representatividade à famosa mesa-redonda. O Troféu João Saldanha , que premia obras que destacam o lado humano, libertário e democrático do futebol, foi para o documentário Coligay , com direção de Guto Franco e Murilo Megale. O filme relembra o surgimento de uma torcida do Grêmio que se notabilizou por ser a primeira 100% gay do país , criada durante a ditadura militar. Por fim, o Troféu Museu da Pelada teve como ganhador Várzea , documentário com a direção de D'Andrade. A obra retrata memórias do futebol amador jogado nos campos de terra batida - a chamada várzea - e o desaparecimento desses espaços.	Agência Brasil	esportes	False
https://agenciabrasil.ebc.com.br/esportes/noticia/2026-08/messi-escreve-homenagem-ao-pai-falecido-e-questiona-futuro-no-esporte	2026-08-12	Messi escreve homenagem ao pai falecido e questiona futuro no esporte	Argentino revelou que jogou Copa do Mundo por ser um desejo do pai	Lionel Messi disse nesta quarta-feira (12) que está com dúvidas sobre continuar sua carreira após a morte de seu pai na semana passada. O pai de Messi, Jorge, faleceu na semana passada aos 68 anos em uma clínica médica na cidade argentina de Rosário, após uma longa doença. “Não sei o que vou fazer sem você. Não sei como seguir em frente. Eu só jogava futebol e agora tenho muitas dúvidas se vou continuar fazendo isso por muito mais tempo”, escreveu Messi em uma homenagem no Instagram. “Você esteve ao meu lado desde o início; faltava tão pouco para o fim. Por que você não aguentou só mais um pouquinho para que pudéssemos terminar isso juntos?” Jorge acompanhou de perto seu filho Lionel ao longo de toda a carreira, desde os primeiros anos no Barcelona. Ele foi um pilar fundamental de apoio e, por vários anos, atuou como seu representante. Um post compartilhado por Leo Messi (@leomessi) O capitão da Argentina, de 39 anos, revelou que uma das razões pelas quais disputou a Copa do Mundo — na qual a seleção ficou em segundo lugar, atrás da Espanha, após uma derrota na prorrogação na final — foi porque esse era o desejo de seu pai. “Você sempre me pediu para jogar na última Copa do Mundo e, alguns dias antes do início do torneio, foi quando seu estado de saúde piorou”, disse Messi. “Foi a primeira vez que você não estaria em um torneio... Sempre que uma partida acabava, eu esperava ansioso por uma mensagem sua. Foi aí que percebi o quão real era a situação.” Durante a Copa do Mundo, o capitão argentino passou por emoções contraditórias após marcar três gols na partida de estreia contra a Argélia, chorando ao comemorar seu primeiro gol. Mais tarde, ele explicou que suas lágrimas se deviam a “algo não relacionado ao futebol”, após passar por “alguns dias difíceis e complicados”. Messi disse que queria vencer a final pelo seu pai, mas não tinha mais energia para trazer para casa o segundo título da Copa do Mundo. “Minhas pernas não aguentavam mais. Desta vez, tentei me esforçar além dos meus limites físicos, mas não consegui. Nunca me senti bem... Não fomos campeões, mas você não imagina o quanto aproveitamos cada partida. Mais uma vez, você estava certo: eu tinha que estar lá e jogar”, acrescentou Messi. Apesar da dor, o atacante do Inter de Miami prometeu honrar a memória do pai ao criar seus próprios filhos. “Vou sentir muita saudade de você, mas você sempre estará presente, especialmente na criação dos meus filhos, porque vou ensiná-los e criá-los da mesma forma que você me criou”, disse ele. * É proibida a reprodução deste conteúdo.	Agência Brasil	esportes	False
https://agenciabrasil.ebc.com.br/esportes/noticia/2026-08/libertadores-palmeiras-cede-empate-no-fim-e-tropeca-no-cerro-porteno	2026-08-12	Libertadores: Palmeiras cede empate no fim e tropeça no Cerro Porteño	Verdão terá que vencer em Assunção para avançar às quartas de final	O Palmeiras não aproveitou o fator-casa para sair em vantagem no confronto contra o Cerro Porteño pelas oitavas de final da Libertadores . O Verdão - que terminou a partida com um jogador a menos e foi vazado nos acréscimos da etapa final - empatou por 1 a 1 com os paraguaios nesta quarta-feira (12), no Nubank Parque, em São Paulo. As equipes se reencontram na próxima quarta-feira (19), às 19h (horário de Brasília), no La Nueva Olla, em Assunção (Paraguai). Uma vitória simples basta para qualquer um dos lados seguir às quartas de final. Em caso de nova igualdade, a decisão será nos pênaltis. Esta foi a terceira vez que os times se enfrentaram nesta edição da Libertadores. As equipes foram sorteadas no mesmo grupo da primeira fase. Após empate por 1 a 1 em Assunção, o Cerro Porteño surpreendeu os alviverdes e ganhou na capital paulista por 1 a 0, resultado determinante para os paraguaios avançarem na liderança da chave e terem a vantagem de fazer o segundo jogo das oitavas em casa. Líder do Campeonato Brasileiro, o Palmeiras comandou as ações ofensivas da primeira etapa, tendo os avanços do atacante Allan pela direita como a principal arma. A melhor chance, porém, veio na bola parada. Aos 30 minutos, Vitor Roque aproveitou a sobra de escanteio cobrado pelo volante Andreas Pereira pela direita, parando em ótima defesa do goleiro Manuel Roffo. No rebote, o também atacante Flaco Lopez, da marca do pênalti, chutou por cima. O cenário não se alterou na segunda etapa. Aos nove minutos, Jhon Arias chutou forte, da entrada da área, acertando a trave direita. Aos 13, o atacante teve mais uma boa chance, após cruzamento pela direita de Allan. Livre para finalizar, o colombiano bateu para fora. A punição veio quase aos 24 minutos, em falha da zaga palmeirense que Guillermo Benítez aproveitou e mandou para as redes. O lateral-esquerdo do Cerro Porteño, porém, estava impedido e o lance foi anulado após intervenção da arbitragem de vídeo (VAR). O alívio logo se transformou em tensão. Três minutos depois, em disputa por espaço no meio-campo, Andreas Pereira foi expulso por atingir Mateo Klimowicz. O árbitro avaliou que o brasileiro agrediu o meia adversário. Mesmo com um a menos, o Palmeiras não abdicou do ataque. Aos 36 minutos, Flaco López, enfim, devolveu o alívio à torcida da casa. Após cruzamento do zagueiro Murilo pela direita e rebote da defesa, o volante Marlon Freitas, da meia-lua, cabeceou para dentro da área e o argentino, bem posicionado, mandou para o gol. Foi a vez do Cerro Porteño se lançar ao ataque. O Palmeiras resistiu bem até os acréscimos. Aos 47, Jonatán Torres cruzou rasteiro na área pela direita, o também atacante Pablo Vegetti não alcançou, mas a bola passou também pelo goleiro Carlos Miguel e foi para as redes, decretando o empate na capital paulista. Pela Copa Sul-Americana, o Atlético-MG levou a melhor sobre o Red Bull Bragantino na partida de ida do confronto pelas oitavas de final. Também nesta quarta, o Galo venceu por 1 a 0 no Estádio Cícero de Souza Marques, em Bragança Paulista (SP), com gol do atacante Tomás Cuello, aproveitando falha do goleiro Cleiton. O time mineiro tem a vantagem do empate para o jogo de volta, na próxima quarta, às 19h, na Arena MRV, em Belo Horizonte. O Massa Bruta tem de ganhar por dois gols ou mais para se classificar no tempo normal. Se vencerem por um gol de diferença, os paulistas levam a decisão para os pênaltis. Outro clube brasileiro a ir a campo pelas oitavas foi o São Paulo. Na última terça-feira (11), o Tricolor empatou por 1 a 1 com o Bolívar (Bolívia), na altitude de 3,6 mil metros da capital boliviana La Paz. O zagueiro Robert Arboleda colocou o time paulista à frente e o meia Carlos Melgar igualou. Na próxima terça-feira (18), as equipes se reencontram no Morumbis, em São Paulo. Em caso de novo empate, a vaga será decidida nos pênaltis. A qualquer um dos lados, basta uma vitória simples no tempo normal para a classificação.	Agência Brasil	esportes	False
https://agenciabrasil.ebc.com.br/esportes/noticia/2026-08/catar-e-marrocos-estao-entre-6-federacoes-arabes-que-apoiam-infantino	2026-08-13	Catar e Marrocos estão entre 6 federações árabes que apoiam Infantino	Presidente da Fifa passa por crise de governança após plano fracassado	Seis presidentes de federações nacionais de futebol árabes, incluindo Catar e Marrocos, manifestaram apoio ao presidente da Fifa, Gianni Infantino, nesta quinta-feira (13), em um momento em que a entidade mundial do futebol atravessa uma crise após o fracasso de um plano de investimento privado. Infantino, que busca a reeleição no ano que vem, enfrentou uma revolta aberta depois que três confederações — Uefa, AFC e Concacaf — criticaram sua conduta e exigiram sua renúncia devido à tentativa fracassada de atrair investimentos privados para as competições da Fifa, incluindo a Copa do Mundo. O dirigente suíço havia proposto separar os direitos comerciais da Copa do Mundo e vender 20% a investidores privados para arrecadar cerca de US$4,2 bilhões (R$ 24,8 bilhões), antes de abandonar o plano após o alvoroço. “Reconhecendo o importante papel do futebol árabe na união das pessoas e no fortalecimento da cooperação entre as federações de futebol em todo o mundo árabe, nós... expressamos nosso total apoio ao sr. Gianni Infantino, presidente da Fifa, e reafirmamos nossa confiança em sua liderança e em seu compromisso contínuo com o desenvolvimento do futebol em todo o mundo”, afirmaram os dirigentes das seis federações em uma declaração conjunta. A nota foi assinada pelo presidente da federação nacional do Catar, o xeque Hamad bin Khalifa Al Thani, bem como por Hany Abo Rida, presidente da federação de futebol do Egito, e pelos presidentes das federações de Líbano, Marrocos, Sudão e Mauritânia. Quatro dos seis signatários — Al Thani, Abo Rida, o marroquino Fouzi Lekjaa e o presidente da federação de futebol da Mauritânia, Ahmed Yahya — também são membros do Conselho da Fifa. Algumas dessas federações são membros da Confederação Asiática de Futebol, que havia manifestado decepção quando o plano de Infantino foi anunciado e foi vista como se alinhando potencialmente à condenação da Uefa, órgão que rege o futebol europeu. Catar foi sede da Copa do Mundo de 2022 e Marrocos vai receber o Mundial de 2030 junto com Espanha e Portugal. A Irlanda juntou-se, na quinta-feira (13), a uma lista crescente de países que retiraram seu apoio a Infantino. “Após uma reunião da Diretoria da FAI, foi tomada a decisão de revogar a carta de apoio que a federação havia enviado no início deste ano. Desde então, a federação escreveu à Fifa para explicar seus motivos”, afirmou em comunicado. “A federação agradece o apoio que a Fifa oferece ao futebol irlandês, mas os eventos recentes suscitaram preocupações significativas em relação a governança, transparência e falta de consultas significativas.” Após uma reunião de emergência no Marrocos na semana passada, a Fifa pediu desculpas às suas 211 federações-membro pelos erros na condução da proposta e afirmou que sua liderança tem total apoio a Infantino. (Reportagem adicional de Phil O'Connor) * É proibida a reprodução deste conteúdo.	Agência Brasil	esportes	False
https://agenciabrasil.ebc.com.br/esportes/noticia/2026-08/espanhol-xavi-hernandez-e-o-novo-tecnico-da-selecao-da-holanda	2026-08-12	Espanhol Xavi Hernández é o novo técnico da seleção da Holanda	Será o primeiro trabalho do treinador à frente de uma equipe nacional	Xavi Hernández foi nomeado técnico da seleção holandesa com contrato válido até a Copa do Mundo de 2030, informou a federação holandesa de futebol nesta quarta-feira (12). O espanhol de 46 anos substitui Ronald Koeman e assume o comando de uma seleção nacional pela primeira vez. Xavi estava afastado do cargo de técnico desde que deixou o Barcelona em 2024, clube onde passou três temporadas no comando. Koeman retornou para uma segunda passagem em 2023, tendo já comandado a seleção holandesa de 2018 a 2020. Ele levou a equipe às semifinais da Euro 2024 e à primeira rodada eliminatória da Copa do Mundo deste ano, onde foi eliminada pelo Marrocos nos pênaltis. Ele deixou o cargo após o torneio. Xavi será o primeiro técnico estrangeiro da seleção holandesa desde que o austríaco Ernst Happel comandou a equipe na Copa do Mundo de 1978. Sua primeira partida no comando será contra a Alemanha, pela Liga das Nações, no dia 24 de setembro. * É proibida a reprodução deste conteúdo.	Agência Brasil	esportes	False
https://agenciabrasil.ebc.com.br/esportes/noticia/2026-08/premio-tv-brasil-petrobras-para-elas-abre-votacao-popular-para-craque	2026-08-12	Prêmio TV Brasil Petrobras Para Elas abre votação popular para craque	Categoria reúne representantes dos clubes da elite do futebol feminino	"A partir desta quarta-feira, dia 12 de agosto, o público pode escolher a Craque da Torcida, categoria com votação popular do Prêmio TV Brasil Petrobras Para Elas no site lançado pela parceria . A iniciativa reconhece a atleta que mais mobiliza e inspira fãs dentro e fora de campo. Cada clube da elite do futebol feminino brasileiro conta com uma representante na votação. A torcida decide qual jogadora receberá esse reconhecimento especial como um dos destaques da temporada. A votação aberta e gratuita, sem necessidade de cadastro, permite votos ilimitados. O prazo da escolha vai até 31 de outubro. As três finalistas serão anunciadas no início de novembro e a vencedora será revelada durante a cerimônia de entrega do prêmio, no Museu do Futebol, em São Paulo, no dia 15 de novembro, com transmissão pela TV Brasil. Criada pela TV Brasil e pela Petrobras, a primeira edição do Prêmio TV Brasil Petrobras Para Elas vai reconhecer atletas, treinadores e treinadoras, dirigentes, departamentos de futebol feminino e clubes que se destacarem ao longo da temporada de 2026. A premiação nasce com a proposta de se consolidar como a principal honraria exclusiva dedicada à modalidade no país. O prêmio pretende valorizar o desempenho esportivo, as boas práticas de gestão, a responsabilidade social e a visibilidade das protagonistas do futebol feminino dentro e fora de campo. Antonia Pellegrino, presidente da Empresa Brasil de Comunicação ( EBC ), que faz a gestão da TV Brasil , observa que a emissora pública se consolidou nos últimos anos como ""tela do futebol feminino"", exibindo os principais campeonatos da modalidade e também as categorias de base. Para a presidente da EBC , o prêmio reforça esse compromisso em um momento decisivo para o esporte, às vésperas da Copa do Mundo de Futebol Feminino de 2027, que será realizada no Brasil. ""Há poucos anos seria difícil imaginar a mídia pública brasileira ocupando um lugar de protagonismo nas principais conversas sobre o futuro do futebol feminino. Essa posição foi construída porque a TV Brasil decidiu investir na modalidade de forma consistente, muito antes de ela se tornar consenso"", relata. ""Queremos ajudar a construir um legado para a Copa do Mundo de 2027, valorizando quem faz a história do futebol feminino todos os dias e contribuindo para que a modalidade ocupe o lugar que merece no esporte e na cultura brasileira"", afirma Pellegrino. A campanha do Prêmio TV Brasil Petrobras Para Elas tem como mote Celebrando quem faz história no futebol feminino . A estratégia prevê ações ao longo da temporada para aproximar atletas do público, ampliar a identificação com a modalidade, fortalecer a presença do futebol feminino na cultura esportiva brasileira e incentivar a participação das torcidas. A cerimônia oficial de entrega do prêmio está prevista para 15 de novembro de 2026, no Museu do Futebol, em São Paulo, com transmissão pela TV Brasil. O Prêmio TV Brasil Petrobras Para Elas será concedido para preencher uma lacuna histórica: a inexistência no Brasil de uma premiação exclusiva dedicada ao futebol feminino. A iniciativa estabelece reconhecimento técnico e simbólico, com categorias que vão desde o reconhecimento dos profissionais do gramado e da comissão técnica até distinções institucionais. Com exceção da categoria Craque da Torcida, definida exclusivamente por votação popular aberta ao público, e do Prêmio Especial Futebol Feminino Contra o Feminicídio, que será avaliado por um júri técnico específico composto por especialistas, as demais categorias do Prêmio TV Brasil Petrobras Para Elas serão escolhidas por meio de votação técnica realizada por representantes dos clubes da elite do futebol feminino brasileiro. O colégio eleitoral das categorias técnicas será composto por três representantes de cada clube: a capitã da equipe, o(a) treinador(a) e um(a) dirigente responsável pelo departamento de futebol feminino. Cada votante participará individualmente da escolha das atletas e profissionais nas categorias previstas no regulamento, observando os critérios, posições e demais regras estabelecidas para cada premiação. A categoria Craque da Torcida seguirá dinâmica própria: cada clube terá uma atleta representante na disputa, e a vencedora será definida exclusivamente pelos votos do público, registrados por meio da plataforma oficial do Prêmio. Já a categoria especial relacionada ao enfrentamento ao feminicídio terá processo de avaliação independente, conduzido por júri técnico formado por especialistas, de acordo com critérios específicos estabelecidos pela organização do Prêmio. Entre as categorias do Prêmio estão: A premiação também contará com o Prêmio Especial Futebol Feminino Contra o Feminicídio, destinado a reconhecer ações de clubes no enfrentamento à violência contra a mulher."	Agência Brasil	esportes	False
https://agenciabrasil.ebc.com.br/esportes/noticia/2026-08/conmebol-adia-duas-partidas-continentais-por-terremoto-na-colombia	2026-08-11	Conmebol adia duas partidas continentais por terremoto na Colômbia	Jogos seriam pelas Copa Libertadores da América e Sul-Americana	A Conmebol, entidade que comanda o futebol sul-americano, adiou duas partidas continentais de clubes após um forte terremoto ter atingido o oeste da Colômbia na segunda-feira (10). O terremoto de magnitude 7,4 atingiu a região central da Colômbia, onde se concentra a produção de café, matando pelo menos 164 pessoas. A partida do Deportes Tolima pela Copa Libertadores contra o Independiente del Valle, do Equador, que estava marcada para terça-feira (11), e a partida da Copa Sul-Americana de quarta-feira (12) entre o Independiente Santa Fe e o River Plate, da Argentina, foram adiadas. A Conmebol informou que novas datas e locais serão anunciados oportunamente. “Nestes momentos difíceis, a Conmebol expressa seu carinho e apoio a toda a Colômbia e, especialmente, à grande família do futebol colombiano”, afirmou a entidade em comunicado. “Diante dessa situação excepcional, e para garantir a segurança de todos e o respeito às vítimas, as partidas estão temporariamente suspensas.” A divisão principal de futebol da Colômbia também anunciou a suspensão de todas as partidas nacionais programadas para esta semana. * É proibida a reprodução deste conteúdo.	Agência Brasil	esportes	False
https://agenciabrasil.ebc.com.br/esportes/noticia/2026-08/brasileirao-feminino-o-que-esta-em-jogo-na-reta-final-da-1a-fase	2026-08-11	Brasileirão feminino: o que está em jogo na reta final da 1ª fase	Nove times ainda brigam pelas quartas e outros cinco para não cair	Restam duas rodadas para o fim da primeira fase da Série A1 (primeira divisão) do Campeonato Brasileiro Feminino de futebol. Três clubes (Corinthians, São Paulo e Palmeiras) já estão classificados às quartas de final e há cinco vagas em aberto. Na parte de baixo, cinco equipes lutam contra o rebaixamento - os dois últimos caem. A partida que encerrou a 15ª rodada, nessa segunda-feira (10), mexeu com as duas pontas da tabela. O empate por 1 a 1 entre América-MG e Flamengo na Arena Urbsan, em Betim (MG), manteve o Rubro-Negro fora do grupo dos oito primeiros colocados (o G-8), que se classificam à próxima fase, e tirou as mineiras da zona de rebaixamento (o Z-2) à Série A2 (segunda divisão). O duelo foi transmitido ao vivo pela TV Brasil . As Meninas da Gávea estão em nono lugar, com os mesmos 24 pontos de Grêmio, Internacional e Cruzeiro, ficando atrás pelos critérios de desempate. As Spartanas subiram para a 16ª posição, com sete pontos, ultrapassando o Vitória, que entrou no Z-2, pelo saldo de gols. O América-MG saiu na frente aos 12 minutos do primeiro tempo, com Dani Ortolan. Ex-atacante do próprio Flamengo, a camisa 9 aproveitou o recuo de bola ruim da zaga para, com liberdade, concluir na saída da goleira Vivi. O Rubro-Negro igualou aos 18 da etapa final. Após jogada pela direita, a meia Mariana cruzou, a lateral Lorrany cortou parcialmente e a sobra ficou com a atacante Cristiane, que não desperdiçou. As cariocas ainda tiveram boas oportunidades para virar o marcador, mas pararam em grandes defesas da goleira Sandy. Nove times disputam as cinco vagas restantes às quartas . Considerando o número de vitórias e o saldo de gols como os dois principais critérios de desempate, o cenário é o seguinte: 4º Bahia - 27 pontos (oito vitórias) 5º Ferroviária - 27 pontos (sete vitórias) 6º Grêmio - 24 pontos (sete vitórias - saldo oito) 7º Internacional - 24 pontos (sete vitórias - saldo três) 8º Cruzeiro - 24 pontos (seis vitórias - saldo dez) 9º Flamengo - 24 pontos (seis vitórias - saldo cinco) 10º Fluminense - 22 pontos 11º Red Bull Bragantino - 20 pontos (seis vitórias) 12º Santos - 20 pontos (cinco vitórias) As situações mais confortáveis são as de Bahia e Ferroviária, que se garantem em caso de vitória na 16ª e penúltima rodada . Sábado (15), às 17h30 (horário de Brasília), as Mulheres de Aço recebem o Corinthians na Casa de Apostas Arena Fonte Nova, em Salvador. No mesmo dia, às 19h, as Guerreiras Grenás visitam o Internacional no Sesc Campestre, em Porto Alegre. O Grêmio pega o Atlético-MG na Arena MRV, em Belo Horizonte, na sexta-feira (14), às 21h, com transmissão ao vivo da TV Brasil . No dia seguinte, o Cruzeiro visita o Mixto no Dutrinha, em Cuiabá, às 18h. No domingo (16), às 11h, o Flamengo vai a campo contra o Santos na Arena Inamar, em Diadema (SP). As Sereias da Vila torcem contra Grêmio, Inter e Cruzeiro e ainda têm de ganhar do Rubro-Negro para chegar à última rodada com chances de irem às quartas. Cenário semelhante aos de Red Bull Bragantino, que recebe o Vitória no sábado, às 17h, no Estádio Cícero de Souza Marques, em Bragança Paulista (SP), e de Fluminense, que pega o América-MG no mesmo dia, às 15h, no Luso-Brasileiro, no Rio de Janeiro. A penúltima rodada pode sacramentar, de forma antecipada, o primeiro rebaixado à Série A2 nesta edição do Brasileirão. Os ameaçados são os seguintes: 13º Atlético-MG - 13 pontos 14º Mixto - 12 pontos 15º Juventude - 10 pontos 16º América-MG - 7 pontos 17º Vitória - 7 pontos 18º Botafogo - 5 pontos O Botafogo não pode pensar em outro resultado que não seja a vitória sobre o São Paulo no domingo, às 11h, no Estádio Nilton Santos . A partida na capital fluminense também será transmitida ao vivo pela TV Brasil . As Gloriosas vêm de nove derrotas seguidas na competição. Em caso de novo revés, a queda à Série A2 será confirmada se Vitória ou América-MG tiverem superado Red Bull Bragantino e Fluminense, respectivamente, no sábado. O confronto entre Palmeiras e Juventude, que também jogam domingo, às 11h, na Arena Barueri, é outro que interessa à disputa na parte de baixo da tabela . O triunfo assegura a permanência das gaúchas se Vitória e América-MG não ganharem. Mas o empate já pode ser suficiente caso baianas e mineiras percam no fim de semana. Mixto e Atlético-MG são os únicos ameaçados que podem garantir a manutenção na Série A1 ainda nesta rodada, sem depender de outros resultados. Às Tigresas, basta vencerem o Cruzeiro. Já as Vingadoras seguem na elite se não perderem do Grêmio. Para o trio que está garantido nas quartas, as rodadas finais valem a liderança da primeira fase e a vantagem do mando de campo no jogo de volta do mata-mata. O Corinthians, com 37 pontos, depende apenas de si. São dois pontos a mais que o São Paulo e cinco à frente do Palmeiras. Se a primeira fase chegasse ao fim no atual cenário, os confrontos seriam os seguintes, com o time da esquerda fazendo a partida de volta em casa: Corinthians (1º) x Cruzeiro (8º) São Paulo (2º) x Internacional (7º) Palmeiras (3º) x Grêmio (6º) Bahia (4º) x Ferroviária (5ª)	Agência Brasil	esportes	False
https://agenciabrasil.ebc.com.br/esportes/noticia/2026-08/quartas-de-final-da-copa-do-brasil-tera-tres-classicos-estaduais	2026-08-11	Quartas de final da Copa do Brasil terá três clássicos estaduais	Partidas de ida estão programadas para os dias 26 e 27 de agosto	Três clássicos estaduais vão movimentar grandes torcidas em Minas Gerais, Rio Grande do Sul e São Paulo a partir dos dias 26 e 27 de agosto, quando estão previstos os jogos de ida. Após sorteio realizado pela CBF nesta terça-feira (11) ficou definido que o Cruzeiro, maior campeão do torneio com seis títulos, enfrentará o Atlético-MG; o Internacional vai encarar o Grêmio, e o Palmeiras medirá forças com o Santos. O único duelo inter-regional será entre Vasco e Vitória – este último busca o título inédito. Pelo chaveamento ate a decisão do título – jogo em final única – quem ganhar o clássico gaúcho disputará as semifinais contra o vencedor do embate Cruzeiro x Atlético-MG. No outro lado da chave, quem avançar da partida Vasco x Vitória enfrentará o classificado de Palmeiras x Santos. Um post compartilhado por Copa do Brasil (@copadobrasilcbf) As partidas de volta das quartas estão programadas para os dias 2 e 3 de setembro. A partir desta fase, a Copa do Brasil contará com a tecnologia do impedimento semiautomático. Quem passar para as semifinais receberá premiação da CBF de R$ 9 milhões. A Copa do Brasil teve início em fevereiro com 126 clubes. Os classificados às quartas entraram na competição a partir da quinta fase. Pela primeira vez na história, o torneio distribuirá duas vagas para a Copa Libertadores: o campeão irá direto para a fase de grupos do torneio continental em 2027, enquanto o vice disputará a fase preliminar. Internacional x Grêmio Cruzeiro x Atlético-MG Vasco x Vitória Palmeiras x Santos *clubes em negrito serão os mandantes no jogo da volta Cruzeiro - 1993, 1996, 2000, 2003, 2017 e 2018 Grêmio - 1989, 1994, 1997, 2001 e 2016 Palmeiras - 1998, 2012, 2015 e 2020 Atlético-MG – 2014 e 2021 Internacional -1992 Santos - 2010	Agência Brasil	esportes	False
https://agenciabrasil.ebc.com.br/esportes/noticia/2026-08/calderano-supera-anfitriao-na-estreia-do-europe-smash-na-suecia	2026-08-11	Calderano supera anfitrião na estreia do Europe Smash na Suécia	Carioca volta a jogar nesta quarta em parceria com Bruna Takahashi	O mesatenista brasileiro Hugo Calderano estreou com vitória na chave principal do Smash Europe em Malmo (Suécia) e avançou no torneio, um dos mais importantes do circuito com pontuação de dois mil pontos no ranking. Nesta terça-feira (11), o carioca número 8 do mundo, fez valer seu favoritismo e despachou em 19 minutos o anfitrião William Bergenblock (372º) por 3 sets a 0, com parciais de 11/1, 11/7 e 11/6. Calderano deve voltar a competir na quinta (13), em horário ainda indefinido. O adversário será o japonês Maharu Yoshimura (51º). A competição tem transmissão ao vivo no canal da Federação Internacional de Tênis (World Table Tennis) no YouTube. Antes, o carioca tem estreia nas duplas mistas ao lado da paulista Bruna Takahashi nesta quarta (12), às 13h (horário de Brasília). Vice-líder do ranking, a parceria “Calderashi” – apelido dado pela torcida – terá pela frente a dupla dos chilenos Gustavo Gomez e Daniela Ortega (34ª no ranking). Este ano a dupla Calderashi já faturou o título do WTT Singapura Smash. Um post compartilhado por Tênis de Mesa do Brasil (@cbtm) Também nesta terça (11), a parceria dos brasileiros Guilherme Teodoro e Leonardo Iizuka (332º) se classificou à segunda rodada após derrotar os taiwaneses Kuo Guan-Honge Feng Yi-Hsin por 3 sets a 1 (parciais de 13/11, 7/11, 11/9 e 11/8). A próximo desafio da dupla Amarelinha será contra os atuais vice-líderes do ranking:  Wong Chun Ting e Chan Baldwin, atletas de Taiwan. O confronto pela segunda rodada está previsto para às 9h20 desta quarta (12). Já a dupla formada por Guilherme Teodoro com a chilena Paulina Vega tropeçaram na estreia para os norte-americanos Jishan Liang e Sally Moyland por 3 sets a 0 (11/9, 11/7 e 11/0) e deram adeus ao torneio de duplas mistas. Na última segunda (10), Bruna Takahashi (23ª no ranking)  se despediu do torneio de simples feminino ao ser superada na estreia pela alemã Sabine Winter, número 3 do mundo, por 3 sets a 2 (11/6, 9/11, 10/12, 11/7  e 5/11).	Agência Brasil	esportes	False
https://agenciabrasil.ebc.com.br/esportes/noticia/2026-08/fluminense-domina-vence-e-complica-botafogo-no-brasileirao-feminino	2026-08-10	Fluminense domina, vence e complica Botafogo no Brasileirão Feminino	Tricolor mantem chances de classificação e Gloriosas seguem em último	O Fluminense segue na briga pela classificação às quartas de final da Série A1 (primeira divisão) do Campeonato Brasileiro Feminino de Futebol . Na noite desta segunda-feira (10), as tricolores venceram o clássico contra o Botafogo por 2 a 1 no Estádio Nilton Santos, no Rio de Janeiro, pela 15ª rodada da competição. Com 22 pontos, o Flu ganhou duas posições e assumiu o décimo lugar , ficando a dois pontos do Cruzeiro, oitavo colocado e que ocupa, neste momento, a última vaga da zona de classificação, o G-8. Faltam duas rodadas para o fim da primeira fase. As Gloriosas estão em situação cada vez mais delicada. Com cinco pontos e nove derrotas seguidas, as alvinegras seguem na 18ª e última posição do Brasileirão . As duas piores campanhas descem à Série A2 (segunda divisão). O Vitória, primeiro time fora da zona de rebaixamento (o chamado Z-2), tem dois pontos a mais. Com menos de um minuto de bola rolando, o Fluminense abriu o marcador. Aos 58 segundos, a atacante Raquel cobrou lateral pela esquerda, próxima à linha de fundo. A meia Patrícia Sochor recebeu na entrada da área, escapou da marcação da volante Tauane Zóio e chutou cruzado. A bola foi no cantinho da goleira Michelle, que não conseguiu reagir a tempo. O Botafogo empatou ainda na primeira etapa. Aos 21, a atacante Ellen cruzou da direita e Yasmin Cosmann superou Bruna Cotrim pelo alto e escorou de cabeça para o gol. A bola desviou na também zagueira Nath Rodrigues e saiu do alcance da goleira Kemelli. As tricolores dominaram as ações ofensivas no restante da partida, acertando o travessão aos 44 do primeiro tempo, com Raquel, e perdendo boas chances, como aos 24 da etapa final, quando uma falta cobrada na intermediária passou por toda a defesa das Gloriosas e sobrou com Keké na pequena área. A atacante, livre, mandou por cima do gol. A pressão do Fluminense surtiu efeito. Aos 32 minutos, Sochor cruzou pela direita, a bola passou pela volante Xerife, na entrada da área, mas não por Raquel, que fez o domínio e finalizou no canto direito de Michelle, decretando a vitória tricolor. A rodada teve início no último sábado (8), com dois jogos. O Bahia derrotou o Atlético-MG por 3 a 0 na Arena Gregorão, em Contagem (MG). Já na Arena da Fonte Luminosa, em Araraquara (SP), Ferroviária e Palmeiras não saíram do zero, em partida transmitida ao vivo pela TV Brasil . No domingo (9), foram mais cinco duelos. O líder Corinthians goleou o Santos por 4 a 1, em clássico disputado no Canindé, em São Paulo. Em Salvador, o Vitória até abriu 2 a 0, mas o Internacional buscou o empate por 2 a 2 no Barradão. O Mixto foi ao Estádio Homero Soldatelli, em Flores da Cunha (RS), e bateu o Juventude por 1 a 0, em confronto direto contra o Z2. Foi o mesmo placar do triunfo do São Paulo, segundo colocado, para cima do Red Bull Bragantino no Estádio Gabriel Marques da Silva, em Santana do Parnaíba (SP).	Agência Brasil	esportes	False
https://agenciabrasil.ebc.com.br/esportes/noticia/2026-08/lorrane-oliveira-e-caio-souza-sao-ouro-no-brasileiro-de-ginastica	2026-08-08	Lorrane Oliveira e Caio Souza são ouro no Brasileiro de Ginástica	Ela foi campeã nas barras assimétricas e ele brilhou nas argolas	"Os primeiros vencedores do Campeonato Brasileiro de Ginástica Artística foram conhecidos neste sábado (8), diante do lotado Ginásio Nilson Nelson, em Brasília (DF). A carioca Lorrane Oliveira (Flamengo) faturou a medalha de ouro nas barras assimétricas ao somar 13.700 pontos. A companheira de clube Flávia Saraiva (13.466) foi prata e a paulista Sophia Weisberg (13.400 ), do Pinheiros, completou o pódio com o bronze. A competição termina neste domingo (9), com as últimas finais masculinas (salto, paralelas e barra) e femininas (trave e solo). ""Estou muito feliz, estava parada com uma lesão no ombro. Só tenho a agradecer à minha equipe, meu trabalho foi feito, a cada dia fui melhorando e a medalha veio"", disse Lorrane em depoimento à emissora Sportv. Um post compartilhado por Conf. Brasileira de Ginástica (@cbginastica) No salto feminino, quem brilhou com a medalha de ouro foi Nicole Bello (Flamengo), que logo na primeira tentativa chegou a 13.300 pontos. Em seguida, executou um salto ainda mais complexo e conseguiu 13.200. Duas ginastas do Grêmio Náutico União também subiram ao pódio: Francine Oliveira (12.799) conquistou a prata e Clara Stecca (12.783 o bronze. Quem também comemorou neste sábado (8) foi o ginasta Caio Souza (Minas Tênis Clube - MTC) que arrebatou o público ao executar uma difícil série nas argolas. Nascido em Volta Redonda (RJ), Caio fez valer seu favoritismo e faturou o ouro ao totalizar 13.600 pontos. Também subiram ao pódio Juliano Oliva (13.200), atleta do Grêmio Náutico União, com a prata, e Gustavo Pereira (12.733), do MTC, com o bronze. Um post compartilhado por Conf. Brasileira de Ginástica (@cbginastica) Na final do solo,Yuri Guimarães, atleta da Associação de Ginástica Di Thiene de Pais (Agith), foi campeão brasileiro pela terceira vez na carreira. Ele somou 13.700 pontos, 200 a mais que João Perdigão (Pinheiros), que ficou como a prata. O ginasta Tomas Florencio (13.300), do AGITH, levou o bronze. Na disputa do cavalo, o campeão foi Johnny Oshiro (Agith). Último a competir entre os finalistas, Oshiro faturou ouro com soma total de 13.600 pontos, após uma apresentação com alto grau de dificuldade dos movimentos. Já os ginastas Diogo Rodrigos (Pinheiros) e Vitaliy Guimarães (MTC) empataram com 13.330 pontos e ambos ficaram com a prata."	Agência Brasil	esportes	False
https://agenciabrasil.ebc.com.br/esportes/noticia/2026-08/rayssa-leal-e-campea-da-etapa-carioca-da-liga-internacional-de-skate	2026-08-09	Rayssa é campeã da etapa carioca da Liga Internacional de Skate Street	Na disputa masculina, o paulista Giovanni Vianna terminou em 2º lugar	Duas vezes medalhista olímpica, a maranhense Rayssa Leal deu show no lotado Ginásio do Maracanãzinho, no Rio de Janeiro, que pela primeira vez na história foi palco de uma etapa da Street League Skateborading (SLS), a Liga Internacional da modalidade. Mesmo com dores após ter sofrido uma queda na véspera do evento, Rayssa cravou somatório de 20.9, deixando para trás por apenas 0.02 de vantagem a japonesa Momiji Nishiya - ouro olímpico em Tóquio 2020 -, segunda colocada com total 20.7. A espanhola Daniela Terol (17.7) completou o pódio na terceira posição. A paulista Gabriela Mazetto (14.8) terminou na quarta posição. Com o segundo troféu na temporada - o primeiro foi em fevereiro na etapa de abertura em Sidney (Austrália) – Rayssa desponta como forte candidata a disputar o Super Crown da SLS 2026, última das sete etapas da Liga, com os skatistas com maior pontuação ao longo do ano. A maranhense da cidade de Imperatriz é tetracampeã consecutiva do Super Crown (2022, 2023, 2024 e 2025). Um post compartilhado por Street League Skateboarding (@sls) “Ontem eu não estava andando tão bem. Hoje eu andei assim, tudo que eu podia andar. Fiquei muito contente. Eu dedico esse título para a minha família, para eles que estão lá em Imperatriz. Pai, feliz Dia dos Pais. Eu te amo”, disse Rayssa logo após a conquista, em entrevista à emissora SporTV. A Rio Takeover foi a terceira etapa da SLS. A próxima está programada para 29 de agosto em Tempe (Estados Unidos). O calendário inclui ainda as etapas de Paris (França) em 3 de outubro; Tóquio (Japão) em 14 de novembro; e o Super Crown, em São Paulo, em dezembro. Ao todo cinco brasileiros disputaram a final masculina da etapa carioca da SLS, que reuniu 10 atletas. Paulista de Santo André, Giovanni Vianna chegou a liderar a penúltima rodada ao receber notas 9.1 e 9.2 em duas manobras perto da perfeição. No entanto, o canadense Cordano Russel anotou 9.3 na rodada derradeira e levou o título com somatório 27.9. Já Giovanni desperdiçou a última chance e foi vice-campeão ao totalizar 26.9. O conterrâneo Wallace Gabriel (24.5) assegurou a terceira posição no pódio. Um post compartilhado por Street League Skateboarding (@sls) Nascido em Osasco (SP), Abner Pietro (22.6) terminou na quinta posição. Campeão mundial de skate street em 2021, o cearense Lucas Rabelo (15.9) ficou em sétimo lugar e o paulista Ivan Monteiro (7.0) na 10ª posição.	Agência Brasil	esportes	False
https://agenciabrasil.ebc.com.br/esportes/noticia/2026-08/flavia-saraiva-fatura-ouro-na-trave-e-no-solo-no-campeonato-brasileiro	2026-08-09	Flávia Saraiva fatura ouro na trave e no solo no Campeonato Brasileiro	Arthur Nory, Caio Souza e Yuri Guimarães também foram campeões no DF	"A carioca Flávia Saraiva arrebatou o público do Ginásio Nilson Nelson, em Brasília, neste domingo (9), último dia do Campeonato Brasileiro de Ginástica Artística. A ginasta do Flamengo foi campeã na trave e também no solo, com uma coreografia irretocável, embalada ao som de um mix dos sucessos ""Asa Branca"", de Luiz Gonzaga, e ""Homem com H"", de autoria Antônio Barros, mais conhecida na interpretada por Ney Matogrosso. Quem também brilhou hoje no topo do pódio foi Arthur Nory (barra fixa), Caio Souza (barras paralelas) e Yuri Guimarães (salto). Flavinha começou o domingo (9) com exibição de alto nível de dificuldade na trave. Cravou a nota mais alta (13.866) que lhe valeu o primeiro ouro do dia. A prata ficou com Gabriela Barbosa (13.266), atleta do Pinheiros, e o bronze com Gabriela Vieira (13.100), do Flamengo. A carioca voltou a subir ao topo do pódio com sua apresentação do solo. Com nota 13.833, Flávia Saraiva tornou-se forte candidata a brigar por medalha no Mundial da modalidade, em outubro, na Holanda. Na edição no ano passado, a japonesa Sugihara Aiko foi campeã mundial com nota idêntica à obtida hoje por Flavinha. Um post compartilhado por Conf. Brasileira de Ginástica (@cbginastica) A prata no solo ficou com a ginasta Júlia Coutinho (13.266), do Flamengo, que exibiu uma coreografia ao som da canção “Maria, Maria”, de autoria de Milton Nascimento e Fernando Brant, imortalizada na voz de Elis Regina. Quem completou o pódio 100% rubro-negro, foi a atleta Hellen Silva (13.200). A disputa da barra fixa foi uma das mais acirradas na disputa masculina. Houve empate dos ginastas Arthur Nory e Diogo Paes – ambos do clube Pinheiros – que cravaram 13.966. Nory faturou o ouro pelo critério de desempate. O bronze ficou com Patrick Correia (13.666), também atleta do Pinheiros. Um post compartilhado por Conf. Brasileira de Ginástica (@cbginastica) Um dia após levar o ouro nas argolas, Caio Souza (Minas Tênis Clube – MTC) sobrou nas barras assimétricas. Nascido em Volta Redonda (RJ), o ginasta foi campeão com nota 13.966. Em segundo lugar, com a prata, ficou Dreick Goulart (13.133), do Grêmio Náutico União. O ginasta Johnny Oshiro (12.466), da Associação de Ginástica Di Thiene de Pais (Agith), levou o bronze, um dia após ter sido campeão no cavalo. Colega de Oshiro no Agith, Yuri Guimarães faturou o segundo ouro no Brasileirão nas finais de aparelhos – o primeiro foi obtido o sábado (8), na final do solo. Hoje Yuri foi campeão no salto, com média 14.133. Também subiram ao pódio João Perdigão, do Pinheiros, que levou a prata, e Christian Dorneles com o bronze."	Agência Brasil	esportes	False
https://agenciabrasil.ebc.com.br/esportes/noticia/2026-08/cbf-e-clubes-aprovam-novas-regras-para-competicoes-nacionais	2026-08-10	CBF e clubes aprovam novas regras para competições nacionais	Meta é ganhar cerca de seis minutos de bola rolando por jogo, em média	"Uma reunião entre a Confederação Brasileira e Futebol (CBF) e os clubes das séries A e B do Campeonato Brasileiro masculino, nesta segunda-feira (10), aprovou a adoção de novas regras de arbitragem em competições nacionais . Segundo a entidade, a decisão entra em vigor de forma imediata. O encontro ocorreu em um hotel na Barra da Tijuca, zona oeste do Rio de Janeiro. Serão impactadas as séries A, B, C e D masculinas, a primeira divisão (Série A1) feminina – que tem transmissão ao vivo pela TV Brasil – e a Copa do Brasil. As regras são determinadas pela Internacional Board – órgão que define, regulamenta e altera as leis do futebol – e muitas delas já foram aplicadas na última Copa do Mundo. O objetivo, de acordo com a CBF, é reduzir o tempo perdido com paralisações nos jogos . A Federação Internacional de Futebol (Fifa) tem como meta o mínimo de 60 minutos de bola rolando por jogo. Antes da pausa da Copa, o tempo médio registrado na Série A do Brasileirão masculino foi de 52 minutos e 54 segundos por partida. Nas ligas francesa e alemã, por exemplo, que têm a melhor marca entre as principais da Europa, o tempo médio é de 56 minutos e 17 segundos. A estimativa da CBF, no relatório Tempo de Bola Rolando no Futebol Brasileiro, por meio de estudo da empresa de dados Opta, é que seja possível ganhar 5 minutos e 49 segundos de jogo com as novas regras, sendo possível chegar a 6 minutos e 22 segundos extra. Das dez mudanças, somente uma será válida somente a partir de 2027: a checagem, por meio do árbitro de vídeo (VAR), para escanteios concedidos por engano. ""Nosso trabalho é transformar esse diagnóstico em ações concretas. Isso passa pela aplicação das novas regras, pela padronização dos critérios e pela capacitação dos árbitros, mas também depende da participação dos clubes e dos jogadores. O objetivo é ter um jogo mais fluido, com menos interrupções e mais futebol”, afirmou Netto Góes, diretor de Arbitragem da CBF. Confira as novas regras:"	Agência Brasil	esportes	False
https://agenciabrasil.ebc.com.br/esportes/noticia/2026-08/tenista-bia-haddad-anuncia-pausa-na-carreira-neste-segundo-semestre	2026-08-08	Tenista Bia Haddad anuncia pausa na carreira neste segundo semestre	"""Não tem sido fácil minha relação com o tênis"", disse na rede social"	"A tenista brasileira Beatriz Haddad Maia recorreu às redes sociais para anunciar uma pausa na carreira até o fim deste ano. Em vídeo publicado na noite de sexta-feira (7), a atleta revelou que tomou a decisão após meses de reflexão e agradeceu o apoio da torcida e da família. O objetivo, segundo ela, é proteger o ranking por seis meses, a partir da última partida – derrota na estreia do Torneio de Wimbledon – como previsto no regulamento da Women’s Tennis Association (WTA). “É uma decisão que venho enfrentando mentalmente há alguns meses, não tem sido fácil a minha relação com o tênis. Queria dividir isso com vocês"", disse a tenista paulistana de 30 anos. Um post compartilhado por Beatriz Haddad Maia (@biahaddadmaia) Bia Haddad despontou como top 10 do ranking mundial em junho de 2023. No entanto, na atual temporada, ganhou apenas quatro partidas e enfileirou 19 derrotas, o que contribuiu para a queda de Bia no ranking – ela ocupa agora a 156ª posição. ""É um tempo, na verdade, um até breve. Quero muito poder aprender e descobrir coisas. Tem coisas na vida que não são só externas. As decisões parecem muito fáceis de serem tomadas, mas, na verdade, são muito internas. Fiquei lutando muito contra coisas que eram mais exteriores. De fato, fiz mudanças, tomei decisões, tentei ir por caminhos diferentes e chegou esse momento de dar essa pausa"", pontuou Bia. A tenista brasileira Esta é a segunda vez que a paulistana deixar de jogar a temporada antes do fim. No ano passado, Bia fez uma pausa no último trimestre. Na ocasião, ela disse que precisava “cuidar da saúde mental”."	Agência Brasil	esportes	False
https://agenciabrasil.ebc.com.br/esportes/noticia/2026-08/arsenal-contrata-jogador-brasileiro-bruno-guimaraes-do-newcastle	2026-08-08	Arsenal contrata jogador brasileiro Bruno Guimarães, do Newcastle	Vínculo com o clube será de quatro anos, renovável por mais um	O Arsenal contratou o capitão do Newcastle United, o brasileiro Bruno Guimarães, com um termo de quatro anos de duração e opção de renovação por mais um ano, anunciou o time campeão da Premier League neste sábado. O clube do norte de Londres fechou um acordo que, segundo a mídia britânica, gira em torno de 75 milhões de libras (R$ 514,5 milhões) pelo jogador da seleção brasileira, adicionando um dos meio-campistas mais influentes da Premier League ao elenco de Mikel Arteta. “Desde a primeira vez que conversei com (o diretor esportivo do Arsenal, Andrea) Berta e com o Mikel, fiquei animado. Simplesmente senti, no meu íntimo, que precisava de um novo desafio na minha vida e acho que ser jogador do Arsenal vai ser um desafio emocionante na minha vida”, disse Guimarães em comunicado publicado no site do clube. Making it official 🤝 Shot on Google Pixel 🤳 pic.twitter.com/1e1RqRUjp5 “Estou muito animado para começar. Temos jogos difíceis pela frente nesta temporada, então o elenco vai ser muito, muito importante, e tenho esperança de que possamos realizar nossos sonhos.” O meio-campista chegou ao Newcastle vindo do Olympique Lyonnais em janeiro de 2022 e rapidamente se consolidou como um dos destaques da liga, desempenhando um papel central na ascensão do clube nas últimas três temporadas. Ele defendeu o Brasil na Copa do Mundo deste ano e tem sido presença constante na seleção nacional nos últimos anos. A saída representa mais um golpe para o Newcastle, após as saídas de jogadores importantes como Anthony Gordon e Sandro Tonali, bem como do técnico Eddie Howe, que deixou o cargo e foi substituído pelo técnico alemão Matthias Jaissle. A chegada de Guimarães marca mais uma importante demonstração de intenções do Arsenal, que busca manter o título da Premier League e fortalecer sua participação na Europa. O jogador de 28 anos construiu uma reputação como um dos meio-campistas mais completos da liga, combinando solidez defensiva com criatividade e produção ofensiva. Ele disputou 195 partidas pelo Newcastle em todas as competições, marcando 31 gols, e ajudou o clube a encerrar uma longa espera por um título nacional ao liderar a equipe como capitão na conquista da Copa da Liga em 2025. “Como todos pudemos ver, Bruno pode atuar como volante e como meio-campista de área a área. Ele combina qualidade com quantidade e tem contribuído com gols e assistências para sua equipe todos os anos”, disse Berta. * É proibida a reprodução deste conteúdo.	Agência Brasil	esportes	False
https://agenciabrasil.ebc.com.br/esportes/noticia/2026-08/pai-de-lionel-messi-morre-aos-68-anos-na-argentina	2026-08-08	Pai de Lionel Messi morre aos 68 anos na Argentina	Clube argentino e Conmebol prestaram homenagens nas redes sociais	"O empresário Jorge Horacio Messi morreu aos 68 anos de idade em Rosário, na Argentina. Ele é pai de Lionel Messi, jogador da seleção argentina e do Inter Miami CF. A causa da morte ainda não foi confirmada. O jogador ainda não se manifestou publicamente sobre a perda do pai. O clube em que Lionel Messi iniciou a carreira, o Newell's Old Boys, a Confederação Sul-Americana de Futebol (Conmbebol), a Associações de Futebol Argentino (AFA) e outras organizações prestaram homenagens nas redes sociais. O Newell's Old Boys manifestou “dor profunda e pesar” pela morte de Jorge, “reconhecido como torcedor” do clube, empresário e pai do capitão da seleção argentina. A mensagem diz ainda que ele foi o “pilar” que sustentou com “visão, rigor e afeto a carreira do melhor jogador de todos os tempos ao lado da esposa, Celia Cuccittini”. Outros clubes argentinos como River Plate, Club Atletico Tigre, Club Atletico Huracan e Rosário Central, também fizeram homenagens. A Conmebol disse lamentar profundamente o falecimento e está “acompanhando com respeito e afeto a Lionel, sua família, amigos e seres queridos neste momento de dor profunda”. A AFA, representada pelo presidente Claudio Tapa, “lamentou com tristeza” o fato. Disse estar ao lado “de toda a família neste duro momento”, desejou força e enviou “um abraço mais sentido, caloroso e afetuoso”. A Real Federação Espanhola de Futebol apreentou ""condolências"" em seu perfil oficial e desejou “carinho e afeto para Lionel e para entes queridos nestes momentos dor profunda"". O escritório argentino do Fundo das Nações Unidas para a Infância (Unicef) destacou Jorge como benfeitor e lamentou a perda de Lionel, embaixador da instituição, descrito como “pessoa comprometida com os direitos das meninas e meninos”."	Agência Brasil	esportes	False
https://agenciabrasil.ebc.com.br/esportes/noticia/2026-08/em-meio-crise-fifa-alerta-para-tentativas-de-minar-gianni-infantino	2026-08-09	Em meio à crise, Fifa alerta para tentativas de minar Gianni Infantino	Pressão começou após dirigente propor venda de participação da Copa	A Fifa alertou no sábado (8) contra o que chamou de “esforço coordenado e contínuo” para minar a posição do presidente Gianni Infantino, afirmando que as tentativas de contestar sua liderança devem seguir os estatutos e os procedimentos democráticos do órgão regulador. A declaração foi feita em meio a um impasse cada vez mais acirrado em torno da liderança de Infantino, após o fracasso de sua proposta de arrecadar cerca de US$4,2 bilhões (R$ 24,8 bilhões) com a venda de uma participação nos direitos comerciais da Copa do Mundo e de outros torneios. O plano gerou críticas da Uefa, das federações nacionais e de altos dirigentes da Fifa, levou a pedidos para que Infantino renunciasse e motivou uma reunião de crise no Marrocos nesta semana, na qual a liderança da Fifa reafirmou seu apoio ao presidente. A Fifa não identificou aqueles que, segundo ela, estariam tentando minar Infantino, nem especificou a quais alegações se referia. O comunicado foi divulgado após reportagens do The Daily Telegraph sobre pagamentos feitos pela Uefa a um ex-funcionário durante o período em que Infantino atuou como secretário-geral do órgão regulador europeu — alegações que ele negou e que a Fifa rejeitou como infundadas. “Aqueles que não contam com o apoio das Federações-Membro da FIFA não devem tentar alcançar, por meio de alegações, insinuações ou desinformação, o que não conseguem alcançar por meio dos processos democráticos estabelecidos pela Fifa”, afirmou a Fifa. A entidade afirmou que reportagens recentes incluíram “afirmações infundadas e alegações comprovadamente falsas” relativas à Fifa e ao seu presidente, acrescentando que contestaria reportagens imprecisas ou enganosas “direta e vigorosamente”. A Fifa acrescentou que não apoiaria, facilitaria nem toleraria qualquer processo relacionado à eleição de seu presidente que fosse incompatível com seus estatutos, procedimentos democráticos e estrutura de governança. “O presidente da Fifa foi eleito democraticamente pelas federações-membro da Fifa e continua a exercer seu mandato”, afirmou. * É proibida a reprodução deste conteúdo.	Agência Brasil	esportes	False
https://agenciabrasil.ebc.com.br/esportes/noticia/2026-08/familiares-celebram-legado-de-primeira-medalha-paralimpica-do-brasil	2026-08-07	Familiares celebram legado de primeira medalha paralímpica do Brasil	Prata conquistada por Robson Sampaio e Luiz Carlos completou 50 anos	"O Brasil encerrou a Paralimpíada de Paris (França), em 2024, entre as cinco potências do esporte adaptado pela primeira vez. O país já foi 462 vezes no pódio no maior evento paradesportivo do planeta. A trajetória começou há 50 anos, quando Robson Sampaio de Almeida e Luiz Carlos da Costa conquistaram a primeira medalha brasileira na história: a prata no lawn bowls , uma modalidade já extinta, semelhante à bocha, embora a tradução literal do inglês signifique ""boliche de gramado"". As medalhas estiveram expostas no Centro de Treinamento Paralímpico, em São Paulo, nessa quinta-feira (6). Uma homenagem simbólica. Foi justamente em um dia 6 de agosto, em 1976, em Toronto (Canadá), que Robson e Luiz Carlos abriram a contagem de pódios do Brasil em Paralimpíadas. ""É o resgate de uma história que não era contada. Se hoje temos tudo isso [no esporte paralímpico], com televisão, entrevistas, esse momento de comemoração, é porque alguém lá no passado lutou para que isso acontecesse"", destacou Noêmia Almeida, sobrinha de Robson, à reportagem da Empresa Brasil de Comunicação ( EBC ). Criada como filha pelo medalhista paralímpico, Noêmia acompanhou de perto a trajetória do tio/pai, fundador do Clube do Otimismo, no Rio de Janeiro, em 1958. Falecido em 1987, Robson criou a instituição, que abrigava pessoas com deficiência sem recursos para reabilitação, com a indenização do acidente que sofreu três anos antes e o deixou paraplégico – ele trabalhava em uma fábrica de papéis nos Estados Unidos e teve a coluna comprimida por um rolo. ""Naquela ocasião, não tinha recursos como hoje. O paradesporto não era uma política pública, então, tinha que sair batendo de porta em porta. Ele [Robson] batia na porta de deputados, de quem estava no poder, para ajudar a comprar uniforme, passagens, para representar o Brasil lá fora"", afirmou Noêmia. Luiz Carlos foi justamente um dos atendidos pelo Clube do Otimismo, onde estabeleceu uma grande amizade com Robson. ""Curtinho"", como é conhecido, tem 79 anos e está em tratamento de Alzheimer. ""Eles sempre formaram essa dupla dinâmica no esporte. Quando se formaram os primeiros times de basquete [em cadeira de rodas], meu tio foi o primeiro cestinha brasileiro, e o Luiz Carlos acompanhou. Foi um grande escudeiro do Clube do Otimismo. Ele [Luiz Carlos] também trabalhava com técnicas para recuperação das rodas das cadeiras. Nas disputas internacionais, dava sempre o apoio técnico para conserto"", recordou Paulo Robson de Almeida, sobrinho de Robson, em entrevista à EBC . Robson e Luiz Carlos foram aos Jogos de Toronto competir no basquete em cadeira de rodas e acabaram convidados para o lawn bowls – na época, era possível participar de mais de uma modalidade. A dupla brasileira fez bonito no Etobicoke Lawn Bowling Club e assegurou o segundo lugar, atrás dos australianos Eric Magennis e Bruce Thwaite. Os britânicos David Avis e Michael McCreadie completaram o pódio. ""O Robson jogava o boliche tradicional, com a pista de madeira. E fazia vários strikes [quando todos os pinos são derrubados em uma única jogada]. Então, ele já tinha certa prática para segurar a bola. Mas o Luiz Carlos foi de primeira"""", contou Paulo Robson. A história brasileira no movimento paralímpico mudou significativamente desde a medalha histórica de 1976. O Comitê Paralímpico Brasileiro (CPB) foi criado em 1995. Três anos depois, a entidade foi incluída no Sistema Nacional do Desporto por meio da Lei 9.615, conhecida como Lei Pelé. A medida possibilitou a entrada do CPB na Lei 10.264, chamada Lei Agnelo Piva, de 2001, que passou a distribuir 2% (atualmente 2,7%) dos recursos de loterias federais para financiamento do esporte. Desse percentual, 15% são direcionados ao paradesporto. Os demais 85% vão para o Comitê Olímpico do Brasil (COB). Em 2016, surgiu o CT Paralímpico, uma das principais estruturas esportivas do país, considerada um legado dos Jogos do Rio de Janeiro. Além do impacto direto na evolução dos resultados do Brasil em Paralimpíadas, o centro de treinamento se tornou um polo de formação de atletas por meio da iniciação em modalidades adaptadas, de forma gratuita, a jovens de 7 a 17 anos com deficiências física, visual e intelectual. ""Ele [Robson] lutava para as empresas admitirem [pessoas com deficiência], que tivessem uma política de acreditar que aquela pessoa era capaz de trabalhar. A gente teve nele o exemplo desse espírito, e o esporte foi a consequência. O que estamos comemorando é a realização de um sonho. A luta dele é a de todos nós"", concluiu Noêmia."	Agência Brasil	esportes	False
https://agenciabrasil.ebc.com.br/esportes/noticia/2026-08/uruguai-contrata-forlan-como-tecnico-apos-fracasso-na-copa-do-mundo	2026-08-06	Uruguai contrata Forlán como técnico após fracasso na Copa do Mundo	Ex-atacante substituirá Bielsa que comandou a Celeste no Mundial	Diego Forlán foi contratado como técnico das seleções principal e sub-20 do Uruguai, anunciou nesta quinta-feira a Associação Uruguaia de Futebol (AUF). O ex-atacante de 47 anos, que já atuou pelo Manchester United, Atlético de Madrid e Inter de Milão, sucede Marcelo Bielsa, que deixou o cargo após a eliminação do Uruguai na fase de grupos da Copa do Mundo, sem nenhuma vitória. Forlán assumirá o cargo imediatamente com a seleção sub-20, informou a AUF. “Forlán retorna ao lugar onde deixou uma marca indelével”, afirmou a AUF em comunicado. “Um exemplo a ser seguido, ícone e emblema de uma geração inesquecível, o melhor jogador da Copa do Mundo de 2010 na África do Sul retorna agora para contribuir com sua experiência, liderança e profundo conhecimento do futebol internacional a partir de uma função técnica.” Diego Forlán vuelve a casa ✍🏼 pic.twitter.com/xawdXa73eB A nomeação faz parte dos esforços do Uruguai para se reestruturar após a saída de Bielsa. O argentino deixou o cargo ao término de seu contrato e reconheceu, em uma coletiva de imprensa, que não havia conseguido transformar um elenco talentoso em um time capaz de evitar a decepção na Copa do Mundo. Reportagens da mídia local também destacaram tensões entre Bielsa e alguns membros do elenco durante o torneio. Forlán, que disputou 112 partidas pela seleção e ajudou o Uruguai a conquistar o título da Copa América de 2011, se aposentou como jogador em 2019 e, desde então, treinou os clubes uruguaios Peñarol e Atenas. Ele comandará os jogos amistosos do Uruguai programados para o período entre setembro e novembro. * É proibida a reprodução deste conteúdo.	Agência Brasil	esportes	False
https://agenciabrasil.ebc.com.br/esportes/noticia/2026-08/uefa-mantem-ameaca-de-boicote-copa-apos-pedido-de-desculpas-da-fifa	2026-08-06	Uefa mantém ameaça de boicote à Copa após pedido de desculpas da Fifa	Entidade estabeleceu condições para retornar às competições	"É improvável que a tentativa da Fifa de superar a maior crise interna do mandato de Gianni Infantino à frente da entidade ponha fim ao escrutínio sobre a forma como o futebol mundial é governado, já que a Uefa afirmou nesta quinta-feira (6) que continua comprometida com o boicote à Copa do Mundo. Um dia após a liderança da Fifa se reunir em Rabat, no Marrocos, para reafirmar publicamente o apoio a Infantino, a entidade mundial pediu desculpas aos seus 211 membros pelos erros relacionados à proposta abandonada de vender uma parcela do futuro comercial da Copa do Mundo. A Fifa também se comprometeu a revisar os processos que levaram à controvérsia que desencadeou a revolta mais acirrada do mandato de Infantino, depois que as federações nacionais reclamaram terem sido deixadas de lado. Em comunicado divulgado após a reunião de quarta-feira (5), a Fifa reconheceu que a proposta “deveria ter sido tratada de maneira diferente” e afirmou que não era sua intenção que o Conselho da Fifa ou as federações se sentissem excluídos do processo. À medida que a poeira assenta, será realizada uma revisão antes que um relatório seja apresentado ao Conselho em sua próxima reunião, e o tom conciliatório marcou um contraste gritante com as críticas cada vez mais públicas que forçaram a Fifa a recuar. No entanto, a Fifa não pode mais se esquivar das questões levantadas por várias confederações, ligas e federações nacionais sobre como as principais decisões estratégicas são tomadas e comunicadas, e as preocupações vão além da proposta de direitos comerciais que acabou sendo rejeitada. A Uefa, órgão que rege o futebol europeu, enfatizou que suas condições essenciais para o retorno às competições da Fifa não foram atendidas. “Primeiro, as propostas de venda das principais competições precisavam ser retiradas e, em segundo lugar, era preciso garantir que tais tentativas de desfigurar o esporte dessa forma nunca mais fossem feitas”, afirmou a Uefa em comunicado. “Essas condições não foram atendidas."" ""Além disso, a Uefa deixou bem claro em seu comunicado no sábado que perdeu a confiança na presidência de Gianni Infantino. Essa posição permanece.” A Uefa acrescentou que o fato de funcionários da Fifa “cujas carreiras dependem de seu favor” concordarem com Infantino não alterou sua posição. A Uefa não informou se as seleções boicotariam o próximo evento da Fifa — a Copa do Mundo Feminina Sub-20, na Polônia, no mês que vem. A Reuters entrou em contato com a Federação Polonesa de Futebol para obter comentários. Persistem as dúvidas sobre se as reformas prometidas pela Fifa levarão a mudanças significativas antes da eleição para a presidência da entidade em 2027. A Confederação Sul-Americana de Futebol (Conmebol) expressou preocupação com as “repetidas ações unilaterais tomadas sem recorrer ao diálogo”, enfatizando a importância das reformas institucionais que a Fifa introduziu há mais de uma década para promover a transparência. O Conselho da Conmebol observou que as indicações para a presidência da Fifa se encerram em 18 de novembro, cabendo ao Congresso da Fifa eleger o próximo presidente. “Consequentemente, a Conmebol não apoiará nenhuma ação ou procedimento que ignore ou se desvie desses mecanismos institucionais”, afirmou. “O Conselho da Conmebol apela à preservação da unidade dentro da família do futebol, à atuação com responsabilidade institucional, ao fortalecimento do diálogo e ao pleno respeito aos mecanismos de governança.” Saiba mais sobre a crise no Repórter Brasil Tarde, da TV Brasil * É proibida a reprodução deste conteúdo."	Agência Brasil	esportes	False
https://agenciabrasil.ebc.com.br/esportes/noticia/2026-08/bicampea-dos-eua-diz-que-copa-no-brasil-sera-mais-competitiva	2026-08-06	Bicampeã dos EUA diz que Copa no Brasil será a mais competitiva	Alex Morgan planeja vir ao país assistir o Mundial como torcedora	Alex Morgan trocará a pressão de disputar quatro Copas do Mundo pela ansiedade de assistir das arquibancadas no ano que vem, quando viajar ao Brasil para ver os Estados Unidos disputarem mais um título mundial. A atacante bicampeã mundial disse que a paixão do Brasil pelo esporte proporcionará um cenário vibrante para o torneio de 2027, enquanto a intensidade do elenco dos EUA deve deixá-lo bem posicionado para um desafio difícil. “No Brasil, o futebol faz parte da cultura”, declarou Morgan em uma entrevista. “Você vai ver as pessoas jogando futebol nas ruas. Vai ver todo mundo falando sobre isso e assistindo.” Morgan, pioneira na luta pela igualdade salarial que se aposentou em 2024 após marcar 123 gols pela seleção dos EUA e conquistar a Chuteira de Ouro da NWSL de 2022, disse que planeja comparecer como torcedora, e não como ex-jogadora oferecendo conselhos à margem do campo. “O melhor para a equipe é criar essa bolha”, afirmou. “Então, no meu caso, vou ficar de fora. Vou ser a torcedora número um.” Seu otimismo se baseia no que ela chamou de a melhor seleção dos EUA que já viu, mesmo com a diferença entre as potências tradicionais e o resto do mundo diminuindo. O crescimento das ligas profissionais em todo o mundo ajudou a tornar a Copa do Mundo Feminina mais aberta do que nas décadas anteriores, segundo ela. “Nunca foi tão competitivo”, disse. “Minha esperança é que os EUA tenham um desempenho incrível.” Grávida do terceiro filho, Morgan conversou com a Reuters em um dia ensolarado em Diamond Bar, a comunidade no sul da Califórnia onde cresceu jogando futebol, softbol e basquete. Ela voltou na terça-feira (4) para ajudar a inaugurar um minicampo construído por meio de uma parceria entre sua fundação e a CVS Health. Quando criança, Morgan disse que estava sempre procurando “um pedacinho de campo” onde pudesse treinar e melhorar. Ela espera que o novo campo ofereça a mesma oportunidade aos jovens jogadores. “Habilidades em uma quadra ou em um campo sempre podem ser aprendidas”, declarou ela. “O que eu realmente espero transmitir é que, ao entrar nessa quadra ou nesse minicampo, elas desenvolvam autoconfiança e acreditem em si mesmas.” * É proibida a reprodução deste conteúdo.	Agência Brasil	esportes	False
