URL	Data	Titulo	Subtitulo	Conteudo	Author	Categoria	is_fake
https://agenciabrasil.ebc.com.br/politica/noticia/2026-10/oea-elogia-eleicao-no-brasil-mas-aponta-preocupacao-com-desinformacao	2026-10-06	OEA elogia eleição no Brasil, mas aponta preocupação com desinformação	"Entidade apontou ""narrativas de desinformação"" para gerar desconfiança"	A Organização dos Estados Americanos (OEA) descreveu a eleição brasileira como uma jornada cívica e pacífica e elogiou o Tribunal Superior Eleitoral (TSE) e os Tribunais Regionais Eleitorais por demonstrarem “importante capacidade técnica, logística e organizacional. A OEA esteve no Brasil nos últimos dias com 91 observadores independentes para observar o processo eleitoral brasileiro. As observações fazem parte do relatório preliminar divulgado hoje pela Organização. O documento também destaca a ampla participação de pesquisadores, acadêmicos e especialistas nos testes das urnas, o aumento do registro de dados biométricos para 89% desde as eleições de 2024. E a ampliação dos serviços eletrônicos disponíveis por meio da plataforma “Autoatendimento” e do aplicativo móvel e-Título. Apesar de atestar a lisura do pleito, a organização também relatou “clima de tensão e forte polarização política, com uma manifesta judicialização, confrontos pessoais e narrativas de desinformação destinadas a gerar desconfiança quanto à integridade do sistema eletrônico de votação”. Em relação aos pontos de atenção, a OEA destacou a ausência de um debate eleitoral entre os candidatos aos cargos de presidente e vice-presidente da República. Mas reconheceu a realização de inúmeros debates entre candidatos a governadores. O relatório também citou a “ausência de critérios jurídicos harmonizados na Justiça Eleitoral sobre o uso da imagem real ou gerada por inteligência artificial de pessoas proibidas de participar da política, tanto na propaganda digital quanto na física”. Saiba mais no Repórter Brasil Tarde, da TV Brasil	Agência Brasil	politica	False
https://agenciabrasil.ebc.com.br/politica/noticia/2026-10/com-91-anos-erundina-e-deputada-estadual-mais-velha-eleita-em-2026	2026-10-06	Com 91 anos, Erundina é a deputada estadual mais velha eleita em 2026	Ex-prefeita de SP ocupará cadeira na Alesp	"Luiza Erundina (Psol) tornou-se a deputada estadual mais velha a ser eleita em todo o país no pleito de 2026. Aos 91 anos, ela ocupará uma das 94 cadeiras da Assembleia Legislativa de São Paulo (Alesp) . A ex-prefeita de São Paulo ficou na 13ª posição, com 169.567 votos, para iniciar mandato em 2027. No estado, superou o deputado Eduardo Suplicy (PT) , de 85 anos, até então o mais velho da Alesp. Nascida no dia 30 de novembro de 1934, em Uiraúna, na Paraíba, Erundina é formada em Serviço Social pela Universidade Federal da Paraíba (UFPB). É ainda mestre em ciências sociológicas pela Fundação Escola de Sociologia e Política de São Paulo (FESP-SP). Em 1989, até então filiada ao Partido dos Trabalhadores (PT), foi a primeira mulher representante da esquerda a assumir o cargo de prefeita na cidade de São Paulo. Cumpriu mandato até 1992. Desde então, percorreu trajetória política no Congresso Nacional, tornando-se deputada federal por sete mandatos, quando: Para a cientista política e coordenadora executiva da Organização Não Governamental Cidadania, Estudo, Pesquisa (CEPIA), Jacqueline Pitanguy, a eleição de Erundina deve ser comemorada e respeitada. Ela concedeu entrevista à jornalista Mara Régia, da Rádio Nacional . “Primeiro porque ajuda a quebrar a ideia do etarismo, de que as pessoas envelhecem e desaparecem. O envelhecimento pode marcar uma presença com maior sabedoria, experiência e tolerância.” Jacqueline ressalta ainda que Erundina traz consigo bagagem de seu trabalho na área pública. “[Reforça] sobretudo esta ideia de que no Brasil existe trânsito, mobilidade social: ela que saiu do interior do nordeste e chegou a prefeita da maior cidade do Brasil e agora vai contribuir muito com a Assembleia Legislativa de São Paulo."" Como deputada estadual, Erundina defende os seguintes temas:"	Agência Brasil	politica	False
https://agenciabrasil.ebc.com.br/politica/noticia/2026-10/mendonca-multa-flavio-por-impulsionar-post-negativo-contra-lula	2026-10-06	Mendonça multa Flávio por impulsionar post negativo contra Lula	Candidato terá que pagar R$ 5 mil	O ministro André Mendonça, do Supremo Tribunal Federal (STF), decidiu nesta segunda-feira (5) multar o presidenciável Flávio Bolsonaro em R$ 5 mil por impulsionamento irregular de propaganda negativa contra o presidente Luiz Inácio Lula da Silva, candidato à reeleição. A publicação questionada pela campanha de Lula mostra uma foto de Flávio, com uma imagem de identificação de sua candidatura, seguida pela legenda: “Lula abandonou o Brasil. Mas nós vamos resgatar o País e os brasileiros do buraco em que ele nos jogou. Nós vamos proteger o trabalhador, nós vamos proteger as mulheres, nós vamos proteger as crianças. E podem ter certeza, o Brasil vai vencer!”. Mendonça seguiu parecer da Procuradoria-Geral Eleitoral (PGE), para quem “ a mensagem toma a rejeição ao candidato adversário como premissa e fundamento persuasivo para a promoção da própria candidatura ”. O ministro destacou que a Lei das Eleições estabelece “finalidade específica para o impulsionamento de conteúdo eleitoral, admitindo sua utilização apenas com o fim de promover ou beneficiar candidatos ou suas agremiações”. A defesa da campanha de Flávio Bolsonaro argumentou que a publicação fez apenas um “mero juízo político” e que a menção negativa a Lula compunha parcela reduzida da mensagem, na sua maior parte formada por aspectos positivos do próprio candidato. Apesar de multar a campanha de Flávio, o ministro André Mendonça não julgou ser necessário determinar a remoção do conteúdo . Contudo, ele proibiu o candidato de contratar novos impulsionamentos com mensagem do mesmo teor.	Agência Brasil	politica	False
https://agenciabrasil.ebc.com.br/politica/noticia/2026-10/big-techs-descumprem-regras-eleitorais-no-dia-da-votacao-diz-estudo	2026-10-06	Big techs descumprem regras eleitorais no dia da votação, diz estudo	Netlab/UFRJ identifica anúncios irregulares	"Redes sociais continuaram a veicular anúncios político-eleitorais e a recomendar conteúdos de candidatos neste domingo (4), dia do primeiro turno das eleições de 2026. Levantamento do Observatório das Big Techs, do NetLab da Universidade Federal do Rio de Janeiro (UFRJ), identificou anúncios irregulares na Meta, no Kwai e no Google, além de recomendações irregulares de vídeos de candidatos pelo TikTok e pelo YouTube. De acordo com as regras do Tribunal Superior Eleitoral (TSE), a circulação paga ou impulsionada de propaganda eleitoral na internet é proibida desde 48 horas antes até 24 horas depois da eleição . A norma também determina que plataformas com sistemas de recomendação excluam desses mecanismos os canais e perfis de candidatas e candidatos informados à Justiça Eleitoral, ressalvadas as hipóteses previstas na legislação. Segundo a NetLab, o monitoramento foi feito com buscas manuais e computacionais, a partir de termos relacionados às candidaturas e às eleições, pelas interfaces das bibliotecas de anúncios disponíveis nas plataformas e via API, ferramenta que acessa uma espécie de banco de dados oficial dessas redes. Segundo o levantamento, foram identificados 568 anúncios veiculados de forma irregular nas plataformas da Meta (Instagram, Facebook, WhatsApp, Messenger e Audience Network) durante o período analisado . Outros seis anúncios simulavam comunicações do TSE. As peças utilizavam nomes e elementos visuais associados à Justiça Eleitoral e divulgavam uma suposta possibilidade de votar remotamente, pelo celular ou de casa. O que é falso. Estes anúncios apresentavam o suposto voto digital como uma modalidade oficial e mencionavam situações como problemas de saúde, dificuldades de locomoção e fortes chuvas para estimular o usuário a utilizar o serviço falso. Em alguns casos, os usuários eram direcionados para sites que solicitavam o CPF para iniciar a suposta votação. No Kwai, o NetLab identificou 18 anúncios eleitorais ativos no dia da votação e outros quatro classificados como “em pausa” no repositório da plataforma. Segundo o levantamento, três dos quatro anúncios classificados como pausados haviam circulado durante o período de resguardo, entre os dias 1º e 3 de outubro. O laboratório também encontrou 45 anúncios cuja data final de circulação teria sido estendida para o dia da votação. As peças estavam associadas a dez páginas de candidaturas. Segundo o relatório, anúncios que originalmente terminariam no dia 3 permaneceram registrados como ativos no dia 4. O NetLab, no entanto, ressalta que não foi possível confirmar integralmente o caso devido a divergências entre os dados exportados pelo Kwai e as informações exibidas na própria biblioteca de anúncios. No Google, o monitoramento encontrou um anúncio identificado anteriormente, em 3 de outubro, que permanecia ativo de forma irregular na infraestrutura de publicidade da empresa. Além da publicidade paga, foram acompanhados sistemas de recomendação do TikTok, YouTube e Instagram para verificar se as plataformas continuavam sugerindo conteúdos publicados por contas oficiais de candidatos. Entre os dias 3 e 4 de outubro, foram identificados 18 vídeos de sete candidatos recomendados pelo TikTok e 17 vídeos de seis candidatos recomendados pelo YouTube. No Instagram, não foram encontradas recomendações de vídeos publicados por candidatos. O NetLab afirma que algumas limitações das big techs dificultam tanto a fiscalização quanto a responsabilização por eventuais irregularidades. No caso da Meta, por exemplo, o laboratório identificou divergências entre os dados apresentados na interface da Biblioteca de Anúncios e aqueles obtidos por meio da ferramenta de programação da empresa. Havia anúncios classificados como “inativos” na interface que simultaneamente apareciam em listagens de anúncios ativos. No Kwai, também foram encontradas divergências entre os dados exibidos na biblioteca e os arquivos exportados pela própria plataforma. Google, LinkedIn e TikTok, por sua vez, oferecem informações consideradas limitadas para o acompanhamento sistemático da propaganda eleitoral. Procuradas pela reportagem da Agência Brasil , as empresas citadas compartilharam as seguintes notas. ""A Meta está comprometida em proteger o processo eleitoral em nossas plataformas e atua em conformidade com a legislação eleitoral. A amostragem deste relatório não reflete a escala do nosso trabalho de integridade”. ""O Kwai, que ainda aguarda acesso aos conteúdos mencionados para a devida avaliação, reitera seu compromisso com a integridade do processo eleitoral e com o cumprimento da legislação brasileira e das resoluções do Tribunal Superior Eleitoral (TSE). Para o período eleitoral, incluindo os dias de silêncio eleitoral e de votação, a plataforma manteve uma operação especial, com equipes dedicadas atuando continuamente na moderação de conteúdos e no atendimento às determinações da Justiça Eleitoral. As regras aplicáveis ao período de silêncio também foram comunicadas previamente a todos os parceiros e anunciantes, e o upload de novos criativos de publicidade eleitoral foi restrito desde o dia 1º de outubro"". ""No TikTok, proteger a integridade do ambiente digital durante as eleições é uma prioridade. Acreditamos que esse é um desafio que exige colaboração entre plataformas, autoridades e sociedade. Seguimos trabalhando em parceria com o Tribunal Superior Eleitoral e cumprindo a legislação e as resoluções eleitorais aplicáveis. Entre junho e setembro de 2026, removemos 348.963 vídeos no Brasil por violarem nossas políticas de Integridade Cívica e Eleitoral, desinformação e conteúdos enganosos gerados por IA"". “O Google apoia as eleições do Brasil ao conectar milhões de pessoas a informações confiáveis e de alta qualidade. Desde 2024, as políticas do Google Ads proíbem anúncios políticos no Brasil. Nós aplicamos nossas políticas e agimos imediatamente em caso de qualquer violação. Este estudo prova que nossas equipes preveniram abusos com sucesso e, por isso, apenas um anúncio foi identificado."""	Agência Brasil	politica	False
https://agenciabrasil.ebc.com.br/politica/noticia/2026-10/confira-agenda-dos-presidenciaveis-nesta-terca-feira-6	2026-10-06	Confira a agenda dos presidenciáveis nesta terça-feira (6)	Candidatos ao 2° turno participam de reuniões em Brasília e Goiânia	Os candidatos que disputam o segundo turno das eleições à Presidência da República participam de reuniões em Brasília e Goiânia nesta terça-feira (6). Flávio Bolsonaro (PL) Participa de reuniões internas de campanha em Brasília. Às 14h, tem encontro com Ronaldo Caiado (PSD) e Daniel Vilela (MDB) em Goiânia. Luiz Inácio Lula da Silva (PT) Participa de reunião de campanha no Palácio da Alvorada pela manhã. Às 11h, reúne-se com líderes no Palácio do Planalto. À tarde, participa de reunião executiva da campanha.	Agência Brasil	politica	False
https://agenciabrasil.ebc.com.br/politica/noticia/2026-10/cresce-numero-de-mulheres-eleitas-para-o-congresso-nacional	2026-10-05	Cresce número de mulheres eleitas para o Congresso Nacional	Resultado, porém, não significa avanço nas pautas feministas	"A bancada feminina na Câmara dos Deputados e no Senado Federal será a maior da história. Na Câmara, o número de mulheres eleitas passou de 90 para 109, um crescimento de 21%. O resultado ocorreu apesar de uma queda no número de candidatas. Em 2022, 3.317 mulheres concorreram ao cargo de deputada federal. Em 2026 foram 2.820, uma diminuição de 24%. Para o Senado Federal, os brasileiros elegeram doze mulheres entre as 54 vagas em disputa – maior número desde a redemocratização. Em 2018, quando também foram renovados dois terços da Casa, oito mulheres foram eleitas. O Brasil tem, a cada legislatura, 81 senadores. Cada um deles tem um mandato de oito anos. A cada quatro anos é renovado um terço ou dois terços da Casa. Com o resultado, o número de senadoras passará dos atuais quinze para dezoito integrantes no ano que vem. Apesar dos avanços, as mulheres seguem como minoria nas duas Casas Legislativas . Na Câmara, a bancada feminina vai representar 21% dos 513 deputados da próxima legislatura. A federação composta por PT, PCdoB e PV é a que elegeu a maior parcela de mulheres: 34 das 109 eleitas. Já a quantidade de senadoras a partir do ano que vem chegará a 22,2% das 81 cadeiras. As eleitas neste ano tomam posse em fevereiro, com mandatos até 2035. O Distrito Federal elegeu 2 mulheres. Como já tem uma representante, o DF passa a ser a única unidade da Federação com 3 senadoras mulheres. Já o Piauí é o único estado que nunca elegeu uma mulher senadora. O aumento na quantidade de parlamentares eleitas também não se traduz, necessariamente, em políticas voltadas para as mulheres. Essa é a avaliação da professora de Ciência Política da Universidade de Brasília Flávia Biroli. Segundo ela, a medida que o número de mulheres nos cargos eletivos aumenta, aumenta também a diversidade de pensamento dessas mulheres e algumas vão defender perspectivas patriarcais, não igualitárias. “Você pode ter mulheres eleitas representando visões econômicas que são prejudiciais pra grande maioria das mulheres. Por exemplo, você pode ter uma mulher eleita, como é o caso da senadora Bia Kicis, que votou contra a lei de igualdade salarial entre mulheres e homens."" A quantidade de mulheres negras eleitas também aumentou. Ao menos na Câmara dos Deputados. Um levantamento feito pela Organização Mulheres Negras Decidem contabilizou a eleição de ao menos 15 mulheres negras para deputadas federais em 2026 – aumento de 66,6% em relação a 2022, quando foram eleitas 9 deputadas negras. Coordenadora política da organização, Tainah Pereira comemora o avanço. “É muito interessante perceber também que a imensa maioria dessas mulheres negras que estão hoje na Câmara e que se elegeram para a próxima legislatura são mulheres jovens. Então, a gente vê uma renovação feminina e negra e acho que a gente pode ter boas expectativas em relação à atuação dessas lideranças que conseguiram chegar agora”. Já no Senado, houve perda. Das 12 senadoras eleitas, nenhuma é negra. Eliziane Gama (PT), exerce atualmente o cargo de senadora pelo Maranhão. Ela é autodeclarada negra, mas não foi reeleita. Outras duas candidatas negras também perderam a disputa. Mariana Silva (Rede) concorria a uma vaga por São Paulo. Ela já foi senadora pelo Acre por dois mandatos entre 1995 e 2011. A outra foi Benedita da Silva (PT), que concorria pelo Rio de Janeiro. Benedita foi a primeira mulher negra eleita a ocupar uma cadeira no Senado em 1998. Até hoje apenas 4 mulheres negras foram senadoras. Saiba mais no Repórter Brasil Tarde, da TV Brasil"	Agência Brasil	politica	False
https://agenciabrasil.ebc.com.br/politica/noticia/2026-10/filho-de-arthur-lira-se-torna-o-mais-jovem-deputado-federal-ja-eleito	2026-10-05	Filho de Arthur Lira se torna o mais jovem deputado federal já eleito	Alvinho Lira tem 20 anos e foi o mais votado em Alagoas	O alagoano Alvinho Lira (PP-AL), filho do ex-presidente da Câmara dos Deputados Arthur Lira (PP-AL), se tornou o deputado federal eleito mais jovem da história do país nas eleições de 2026. Alvinho tem 20 anos e, em 17 de março de 2027, completará 21, a idade mínima para se tornar deputado federal . Até o ano passado, era exigido ter essa idade na data da posse, que está marcada para 1º de fevereiro de 2027. Mas, a partir da Lei 15.230/2025 , os novos integrantes do Legislativo ganharam um prazo de até 90 dias após a eleição da Mesa Diretora da Casa para completar a idade mínima. >> Conheça a nova composição eleita para a Câmara dos Deputados Alvinho Lira e o pai não atuarão na mesma Casa Legislativa, porque Arthur Lira concorreu e foi eleito ao Senado, também por Alagoas. O jovem deputado foi o mais votado em seu estado, com 172.628 votos . A campanha de Lira arrecadou R$ 3.148.127,00, tendo como principal origem a Direção Nacional do PP, e registrou, até o momento, R$ 1.364.220,42 em despesas. O limite de gastos, estabelecido pelo TSE, era de apenas R$ 28,4 mil a mais, ou R$ 3.176.572,53. Alvinho Lira será um dos 183 deputados que estreiam no cargo. O índice de renovação da Câmara, de 35,67%, foi o menor desde 2010.	Agência Brasil	politica	False
https://agenciabrasil.ebc.com.br/politica/noticia/2026-10/confira-agenda-dos-presidenciaveis-nesta-quarta-feira-7	2026-10-07	Confira a agenda dos presidenciáveis nesta quarta-feira (7)	Candidatos ao segundo turno participam de reuniões em Brasília	Os candidatos que disputam o segundo turno das eleições à Presidência da República participam de reuniões em Brasília nesta quarta-feira (7). Luiz Inácio Lula da Silva (PT) Tem reunião, em Brasília, com jovens parlamentares eleitos para planejar sua campanha eleitoral do 2º turno. Flávio Bolsonaro (PL) ​Pela manhã, tem reunião com integrantes da Federação União Progressista. Às 11h, encontra integrantes do partido Novo. Às 15h, reúne-se com candidatos do PL eleitos. Os compromissos ocorrem em Brasília. A ordem de apresentação da agenda dos candidatos a presidente segue alternância diária.	Agência Brasil	politica	False
https://agenciabrasil.ebc.com.br/politica/noticia/2026-10/lula-cobra-flavio-bolsonaro-sobre-apoio-ao-fim-da-escala-6x1	2026-10-07	Lula cobra Flávio Bolsonaro sobre apoio ao fim da escala 6x1	Candidato à reeleição também defendeu PEC da Segurança Pública	O candidato à reeleição nas eleições 2026, Luiz Inácio Lula da Silva, desafiou nesta quarta-feira (7) o senador Flávio Bolsonaro (PL) a apoiar a proposta de redução da jornada de trabalho 6x1, que prevê o direito de dois dias de folgas semanais sem redução salarial . Em discurso durante plenária do PT com parlamentares, Lula afirmou que pretende acompanhar a posição do adversário sobre o tema. “Eu quero ver como é que o Flávio Bolsonaro vai votar. Eu desafio ele a votar favoravelmente. E desafio ele a pedir para o PL votar favoravelmente”, disse Lula ao lembrar que seu adversário tem se manifestado contrariamente à proposta. O candidato do PL tem defendido que o trabalhador deve ter liberdade para escolher sua própria carga horária. “Nossa proposta é dar liberdade para que o trabalhador monte a sua jornada de trabalho conforme a sua possibilidade e necessidade. Quem quer trabalhar mais vai trabalhar mais, quem quer trabalhar menos vai ter o direito de priorizar outras coisas na sua vida”, disse Flávio Bolsonaro em entrevista nesta terça-feira (6). Segundo Lula, esse tipo de negociação não traria vantagens para os trabalhadores. “Eles estão inventando uma história, como se, em um acordo leonino, o trabalhador tivesse alguma vantagem. Então, nada de aceitar barganha. É reduzir a jornada de trabalho para cinco dias de trabalho e dois de descanso”, afirmou o candidato do PT. No encontro, Lula também defendeu a aprovação da PEC da Segurança Pública, uma das principais propostas do governo para ampliar a coordenação entre União, estados e municípios no enfrentamento ao crime organizado. Segundo ele, a experiência das últimas décadas mostrou que, sozinhos, os estados “não deram conta” da responsabilidade atribuída pela Constituição de 1988. Por isso, defendeu o fortalecimento da atuação federal por meio da Polícia Federal, da Polícia Rodoviária Federal e da Polícia Penal. O presidente também afirmou que o governo pretende transformar 138 unidades prisionais em presídios de segurança máxima para enfraquecer facções criminosas. Também está entre as prioridades a criação do Ministério da Segurança Pública após a aprovação da PEC. Ao resumir a diretriz que defende para o setor de segurança, Lula disse que sua campanha adotará o lema “Para o povo trabalhador: proteção; para o bandido: prisão”.	Agência Brasil	politica	False
https://agenciabrasil.ebc.com.br/politica/noticia/2026-10/alcolumbre-anuncia-sessoes-para-discutir-e-votar-fim-da-escala-6x1	2026-10-06	Alcolumbre anuncia sessões para discutir e votar fim da escala 6x1	Plenário votará proposta em 1º turno na próxima semana	"O presidente do Senado, Davi Alcolumbre, anunciou nesta terça-feira (6) um calendário de deliberação e votação em plenário da Proposta de Emenda Constitucional (PEC) do fim da escala 6x1 e da redução da jornada máxima de trabalho de 44 para 40 horas semanais. Segundo Alcolumbre, a decisão cumpre acordos políticos que havia pactuado com diversos senadores. Ele assegurou que vai cumprir o exato rito regimental exigido para a votação da PEC, que inclui cinco sessões deliberativas antes da votação em primeiro turno da matéria. Na prática, portanto, serão cinco dias debates ao longo desta e da próxima semana, até que a matéria seja votada possivelmente no dia 15 de outubro. ""O meu desejo é cumprir integralmente o rito constitucional, sem atropelos, sem acelerar nada, cumprir terça, quarta e quinta as sessões de discussão. A partir daí, organizar novamente uma pauta para semana que vem termos sessões terça, quarta e quinta e, se caso todos nós pudermos concluir as cinco sessões de debate na semana que vem, do ponto de vista regimental, colocar pra sua deliberação em primeiro turno. E aí, neste momento adequado, cada senador e senadora desta legislatura terá o livre arbítrio de votar com o seu coração, com a sua consciência e com sua convicção, se acha razoável diminuirmos a escala de trabalho de quase 40 milhões de brasileiros que vivem na escala 6x1 há décadas"", disse Alcolumbre em entrevista a jornalistas ao chegar ao Senado. Após a votação em primeiro turno, segundo Alcolumbre, serão necessárias novas três sessões de deliberação antes da votação em segundo turno. A PEC do fim da escala 6x1 foi aprovada na Câmara dos Deputados no final de maio e seguiu para o Senado. Em seguida, a base do governo na Casa tentou pautar a análise da proposta, mas Alcolumbre manteve o texto parado. Apenas em agosto encaminhou à Comissão de Constituição e Justiça (CCJ). No início de setembro, a CCJ aprovou o fim da escala 6x1 , mas Alcolumbre não levou o tema ao plenário. E afirmou que a votação aconteceria após as eleições. Sobre isso, o presidente do Senado explicou ter decidido aguardar o fim do 1º turno das eleições, em que muitos senadores concorreram a diferentes cargos eletivos, para não criar embaraço aos colegas durante o pleito. ""Agora, passada as eleições, que foram as demandas dos meus colegas senadores, e eu não ouvi sobre demanda de presidente da República, que cada um tem sua opinião formada sobre o processo eleitoral. Eu ouvi sobre senadores e senadoras, os que estavam diante de um pleito eleitoral e estavam preocupados com que isso ser usado eleitoralmente. E eu concordei tanto que adiei"", afirmou. Para ser aprovada, a PEC precisa contar com o mínimo de 49 votos favoráveis, o que corresponde a 60% do apoio dos 81 senadores, em dois turnos de votação. À imprensa, Alcolumbre demonstrou ser pessoalmente favorável à PEC. ""Nesse dia, eu sei como eu vou votar. E cada um precisa estar preparado, para neste dia, no dia adequado, do ponto de vista regimental, poder escolher com seu coração, com a sua consciência e a sua história, se vai votar a favor pelo fim da escala 6x1 ou se vai votar contra. A isso não me cabe. O que me cabe colocar na pauta, meu compromisso foi feito, foi assumido, está na pauta e será deliberado"", garantiu. Confira mais informações sobre o assunto no Repórter Brasil , da TV Brasil"	Agência Brasil	politica	False
https://agenciabrasil.ebc.com.br/politica/noticia/2026-10/tse-desmente-alegacao-de-fraude-na-apuracao-dos-votos	2026-10-06	TSE desmente alegação de fraude na apuração dos votos	Boato teve início após paralisação da divulgação do resultado	O Tribunal Superior Eleitoral explicou nesta terça-feira (6) que a pausa de 50 minutos na divulgação do resultado da votação para presidente e vice-presidente da República não influenciou na contabilidade dos votos.. No domingo, a aba de visualização “Brasil” do painel do TSE parou de funcionar de forma inesperada às 19h14. Por isso, os votos para presidente e vice-presidente da República ficaram estacionados. A situação foi normalizada às 20:04. Segundo o TSE, o problema ocorreu por causa do grande fluxo de dados que chegaram ao sistema simultaneamente. Porém, o erro foi apenas na divulgação e não na contabilização dos votos . A Corte destaca que nas abas dos estados, a quantidade de votos para presidente e vice-presidente continuou aumentando normalmente. A área técnica no Tribunal investiga o ocorrido para que a falha não se repita no segundo turno, no próximo dia 25. Após o fechamento das urnas, a apuração segue os seguintes passos: A paralisação, portanto, ocorreu apenas no momento da divulgação dos resultados, a última etapa, quando os votos já haviam sido contabilizados.	Agência Brasil	politica	False
https://agenciabrasil.ebc.com.br/politica/noticia/2026-10/Congresso-mais-conservador-deve-mudar-agenda-diz-professor	2026-10-06	Congresso mais conservador deve mudar agenda, diz professor	Segurança, custo de vida e valores foram temas centrais nas campanhas	"O o crescimento da participação de partidos mais conservadores no Congresso Nacional e nos governos estaduais deve influenciar a agenda legislativa a partir de 2027, com maior espaço para temas como segurança pública, valores e família. A avaliação é do economista, doutor em ciência política e professor da Universidade de Brasília (UnB) Jeferson Ramos dos Santos. Ele explica que as campanhas regionais priorizaram temas como segurança pública, custo de vida, valores e família, que se consolidaram como pautas dominantes nas regiões onde foram eleitos senadores, deputados estaduais e federais e governadores. “Os temas foram bastante relevantes. É um recado muito claro do eleitorado, mas as temáticas não foram abordadas de forma adequada pelo governo federal”, avaliou o especialista ouvido pelo jornalismo da Rádio Nacional. Para o economista, a recente crise no Supremo Tribunal Federal (STF)  pesou menos na hora do voto, ficando mais de lado nas disputas eleitorais. “Embora tenha sido uma temática relevante, que saiu na mídia e deixou a imagem do Supremo um pouco comprometida, o STF não vai às urnas. Por isso, o impacto eleitoral direto foi menor”, disse o analista. Apesar disso, o STF deve ser alvo das discussões legislativas no Senado Federal, com a nova configuração de maioria conservadora, segundo Jeferson. “Nos próximos quatro anos, veremos o desenho institucional do Supremo sofrer algumas alterações, a extensão do poder individual de cada ministro e, eventualmente, até a limitação do mandato [dos ministros da Suprema Corte]."" No Brasil, a pauta trabalhista mais discutida neste ano é o fim da escala 6x1, que tem votação prevista para esta semana , como confirmado pelo presidente do Senado Federal, senador Davi Alcolumbre (União Brasil-AP). Porém, com a alteração expressiva na composição da Câmara e do Senado, o professor Jeferson Ramos dos Santos acredita que o ritmo de votação e o perfil das propostas tendem a mudar. “O quadro político mudou sensivelmente. Geralmente, quando há incertezas, vemos nas casas legislativas uma postergação até que o quadro fique mais claro e os atores [blocos e lideranças parlamentares] se posicionarem. Então, não acho incomum se o fim da 6x1 tomasse um pouquinho mais de tempo para ir a plenário”, disse. De acordo com resultados divulgados pelo Tribunal Superior Eleitoral (TSE), os candidatos Flávio Bolsonaro (PL-RJ) e Luiz Inácio Lula da Silva (PT-SP) vão para o segundo turno da disputa pela vaga presidencial com a menor diferença já registrada em um primeiro turno eleitoral. São cerca de 2,22 milhões de votos (1,87 ponto percentual) favoráveis ao candidato Flávio. O professor universitário percebe que o cenário permanece aberto e competitivo para 25 de outubro, data em que os brasileiros voltam às urnas para decidir quem vai comandar o Brasil entre 2027 e 2030. “Temos 2% de diferença entre os candidatos e uma abstenção recorde . São algumas dezenas de milhões de eleitores que não se posicionaram. Então, a campanha está aberta e, a partir desta semana, uma nova eleição se coloca na praça.” O resultado final da disputa presidencial pode ter impacto na agenda da nova legislatura da Câmara e do Senado Federal, a partir de 1º de fevereiro de 2027, prevê o especialista. ""A agenda, se mais conservadora, pode caminhar menos para temas trabalhistas e, talvez, para uma agenda de valores e mais focada em segurança pública. Mas o resultado da eleição presidencial vai ter impacto para reequilibrar um pouco essas pautas legislativas ou para empurrá-las ainda mais à direita”, estima o professor Jeferson Ramos dos Santos. O horário eleitoral para o segundo turno voltará nesta sexta-feira (9). Os candidatos à Presidência da República e aos governos de seis estados mais o Distrito Federal poderão fazer propaganda até 23 de outubro, dois dias antes do pleito final. *Colaborou Priscilla Mazenotti, repórter da Rádio Nacional/EBC"	Agência Brasil	politica	False
https://agenciabrasil.ebc.com.br/politica/noticia/2026-10/oab-rj-defende-decisao-rapida-do-tse-para-eleicoes-no-estado	2026-10-06	OAB-RJ defende decisão rápida do TSE para eleições no estado	Entidade pede definição antes do prazo do segundo turno	A presidente da seção da Ordem dos Advogados do Brasil, (OAB-RJ), Ana Tereza Basilio, defendeu nesta terça-feira (6) que o Tribunal Superior Eleitoral (TSE) decida o quanto antes sobre a eleição para o governo do Estado do Rio de Janeiro , uma vez que já houve a manifestação do Ministério Público Eleitoral (MPE) . A depender da decisão do colegiado do TSE, o Rio de Janeiro poderá ter segundo turno para governador ou ter um eleito já no primeiro turno. Ana Tereza disse que a votação no estado necessita de segurança jurídica. “Essa decisão precisa ocorrer antes do prazo do segundo turno para dar segurança jurídica ao nosso combalido estado do Rio de Janeiro, que está sempre sofrendo pela insegurança jurídica. O que a sociedade espera é que ocorra logo, visto que houve hoje a manifestação do Ministério Público Eleitoral”, disse Ana Basílio. O Ministério Público Eleitoral (MPE) enviou nesta terça-feira (6) ao Tribunal Superior Eleitoral (TSE) parecer favorável ao pedido do candidato ao governo do Rio de Janeiro Anthony Garotinho (Republicanos) para desistir do recurso contra a decisão que barrou sua candidatura. Se a desistência for homologada, os votos recebidos por Garotinho serão anulados definitivamente, o que poderá levar à eleição de Douglas Ruas (PL) para o governo do estado no primeiro turno. Com a nova contagem, Ruas passará a obter mais de 50% dos votos válidos, excluídos brancos e nulos, regra principal para que um candidato seja declarado vitorioso. Ruas obteve 4.271.199 votos, equivalentes a 49,27% dos votos válidos, e Eduardo Paes (PSD) conseguiu 3.706.984 votos válidos (42,76%). Garotinho recebeu 274.411 votos (3,17%). O nome dele continuou na urna porque a decisão do TRE-RJ que barrou o candidato foi tomada após o fechamento do sistema da urna eletrônica.	Agência Brasil	politica	False
https://agenciabrasil.ebc.com.br/politica/noticia/2026-10/flavio-busca-apoio-de-caiado-e-lula-defende-fim-da-6x1	2026-10-06	Flávio busca apoio de Caiado e Lula defende fim da 6x1	Segundo turno começa com articulações e defesa de propostas	O candidato à Presidência pelo PL, Flávio Bolsonaro, esteve em Goiânia nesta terça-feira (6), onde se reuniu com Ronaldo Caiado e acertou o apoio do ex-governador de Goiás no segundo turno. Em Brasília, o candidato à reeleição Luiz Inácio Lula da Silva (PT) passou o dia reunido com a coordenação de campanha e, no início da noite, defendeu o fim da escala de trabalho 6x1. Na capital goiana, Flávio Bolsonaro acertou o apoio de Ronaldo Caiado, ex-adversário na disputa presidencial. No primeiro turno, Caiado foi o quinto colocado entre os presidenciáveis, com 2,18% dos votos válidos. Em seguida, Flávio discursou e afirmou que vai aproveitar a eleição de vários parlamentares de direita para “mudar a Constituição”. “O Brasil me deu um Congresso muito mais à direita do já é hoje. Com maioria no Senado para fazer o presidente do Senado, com maioria na Câmara para fazer o presidente da Câmara. Para a gente mudar a Constituição”, disse. Flávio Bolsonaro ainda disse que ele “é um empecilho para o Brasil virar uma Venezuela”. Lula passou o dia em Brasília reunido com sua coordenação de campanha. Já no início da noite, fez uma rápida declaração à imprensa para exaltar a possibilidade de votação, no Senado, da Proposta de Emenda Constitucional (PEC) do fim da escala de trabalho 6x1 e da redução da jornada máxima de 44 para 40 horas semanais. Ele se disse confiante na aprovação da proposta. “É um desejo muito grande da sociedade brasileira, é preciso dar civilidade ao mundo do trabalho”, disse Lula. Em seguida, questionou se o candidato Flávio Bolsonaro, que atualmente é senador, vai orientar seu partido a votar contra a medida. “Na hora que o Senado começar a votar, a máscara vai começar a cair. A gente vai ver quem quer que o povo tenha uma vida mais digna, que descanse mais, que possa cuidar da família, ou se vai estabelecer essa jornada em que as pessoas só tem um dia para descansar”, avaliou. Nesta terça-feira (6), o presidente do Senado, Davi Alcolumbre, anunciou o calendário de deliberação e votação do tema . Ele assegurou que vai cumprir o exato rito regimental exigido para a votação da PEC, que inclui cinco sessões deliberativas antes da votação em primeiro turno da matéria. Na prática, portanto, serão cinco dias debates ao longo desta e da próxima semana, até que a matéria seja votada possivelmente no dia 15 de outubro.	Agência Brasil	politica	False
https://agenciabrasil.ebc.com.br/politica/noticia/2026-10/eleicoes-2026-veja-quem-sao-os-deputados-estaduais-eleitos-por-sp	2026-10-05	Eleições 2026: veja quem são os deputados estaduais eleitos por SP	Eduarda Campopiano foi a recordista, com 1.956.238 votos	Neste domingo (4), no primeiro turno das Eleições 2026, os eleitores do estado de São Paulo foram às urnas para escolher presidente, senadores, governador, deputados federais e também estaduais. Os votantes elegeram 94 deputados para a Assembleia Legislativa paulista. Com 100% das urnas apuradas, a maior votação para a Alesp foi da candidata do Partido Liberal (PL), Eduarda Campopiano, com 1.956.238 votos. Em segundo lugar está o político Eduardo Suplicy, do Partido dos Trabalhadores (PT), com 654.627 mil votos. Veja a lista completa dos eleitos ao cargo de deputado estadual: EDUARDA CAMPOPIANO (PL) 1.956.238 EDUARDO SUPLICY (PT) 654.627 SOFIA FAVERO (PSOL) 407.773 CARLOS GIANNAZI (PSOL) 367.861 PAULA DA BANCADA FEMINISTA (PSOL) 326.190 GIOVANNI SANCHES (PL) 235.363 ROGERIO LINS (PODE) 229.928 TENENTE COIMBRA (PL) 198.342 RAFA MINATO (MISSÃO) 185.582 DANILO JOAN (PP) 182.839 THOMAZ HENRIQUE (PL) 178.164 EDIANE MARIA (PSOL) 170.844 LUIZA ERUNDINA (PSOL) 169.567 DELEGADO OLIM (PP) 163.918 RODRIGO ASHIUCHI (PL) 162.562 MONICA DAS PRETAS (PSOL) 159.100 ITAMAR BORGES (MDB) 159.058 BRUNA FURLAN (Republicanos) 157.381 MARCOS DAMASIO (PL) 156.691 DANI ALONSO (PL) 155.574 REGINA NUNES (MDB) 154.966 DUDA HIDALGO (PT) 154.953 SARGENTO CASTRO (PP) 143.422 PROFESSORA BEBEL (PT) 142.001 CONTE LOPES (PL) 139.225 FELIPE SERTANEJO (PL) 138.277 ROGERIO NOGUEIRA (PL) 137.335 TELHADINHA - CAPITÃO TELHADA (PP) 134.006 ANA CAROLINA SERRA (PSDB) 132.881 MARIANA CONTI (PSOL) 126.344 DELEGADA GRACIELA (PL) 125.624 0. DR. EDSON DA PAIOL (PODE) 124.394 ALEX MADUREIRA (PL) 122.704 LEONARDO GRANDINI (PT) 122.158 DANILO CAMPETTI (Republicanos) 119.904 BARROS MUNHOZ (PSD) 116.413 EMÍDIO (PT) 108.275 PAULO MANSUR (PL) 107.073 RAFAEL SARAIVA (União) 105.174 RODRIGO MAR (PT) 104.820 ENIO TATTO (PT) 102.892 REINALDO ALGUZ MDB) 101.946 MARTA COSTA (PSD) 100.083 CAIO FRANÇA (PSB) 99.840 FRANCO SARDELLI (PL) 98.375 DOUGLAS GARCIA (União) 97.410 PAULO FIORILO (PT) 96.370 DANILO BALAS (PL) 96.188 LUIZ FERNANDO (PT) 94.901 DÉBORA CAMILO (PSOL) 94.895 LETICIA AGUIAR (PL) 94.832 DONATO (PT) 94.779 CARLA MORANDO (PSD) 94.596 RICARDO MADALENA (PL) 94.319 LEANDRO BASSON (PODE) 90.934 PARDINI (PSD) 89.558 ROGÉRIO FRANCO (PL) 89.156 ANALICE FERNANDES (PSD) 88.784 DELEGADO MESQUITA (PP) 87.918 VALDOMIRO LOPES (PSB) 86.893 THAMMY MIRANDA (PSD) 85.619 BRUNO ZAMBELLI (PL) 82.946 ELY SANTOS (Republicanos) 82.559 LÉO OLIVEIRA (MDB) 82.508 THAINARA FARIA (PT) 81.485 MAURO BRAGATO (PSD) 79.157 MARINA BRAGANTE (PSB) 78.957 CORONEL PAGANOTTO (PL) 77.703 SOLANGE FREITAS (União) 77.524 JOÃO PAULO (PT) 76.371 CAMILA GODOI (União) 74.733 CARUSO (MDB) 74.480 KAKA DO AUTISMO (PODE) 74.365 BARBA (PT) 74.115 RAFAEL SILVA JR (PSD) 74.043 RODRIGO MORAES (PL) 73.787 RÔMULO (PT) 73.648 RENATA SENE (Republicanos) 73.526 MARCOLINO (PT) 72.574 JOÃO PAULO RILLO (PT) 72.486 LUCAS BOVE (PL) 71.263 CAPITÃO MOSART (PL) 70.997 ANA PERUGINI (PT) 70.737 SEBASTIÃO SANTOS (Republicanos) 68.118 FABIO FARIA DE SÁ (PODE) 68.055 LISBOA (PL) 67.413 HENRIQUE KRIGNER (NOVO) 66.512 GILMACI SANTOS (Republicanos) 66.474 ISAAC ANTUNES (PL) 61.953 FABIANA BOLSONARO (PL) 61.183 THIAGO AURICCHIO (PL) 59.942 KEIT LIMA (PSOL) 58.984 ATILA JACOMUSSI (PRD) 54.065 * Estagiário da Agência Brasil sob supervisão de Odair Braz Junior	Agência Brasil	politica	False
https://agenciabrasil.ebc.com.br/politica/noticia/2026-10/mineira-de-21-anos-e-mulher-mais-jovem-a-ser-eleita-deputada-federal	2026-10-05	Mineira de 21 anos é mulher mais jovem a ser eleita deputada federal	Ana Elisa Santos Silva, do PT, é influenciadora e estudante de Direito	A deputada federal mais jovem eleita na disputa deste domingo (4) por Minas Gerais foi Ana Elisa Santos Silva, 21 anos, do PT. Com 1, 9 milhão de seguidores em apenas uma rede social, ela se destaca por abordar temas como racismo, feminismo e direitos sociais. Negra e nascida em Divinópolis, além de influenciadora digital, Ana Elisa é estudante de Direito e estagiária. Sua campanha foi feita principalmente pelas redes sociais, as quais ela atribui o sucesso nas eleições. Entre suas propostas estão as cotas raciais, combate à desinformação e ao racismo, o passe livre universitário intermunicipal, fortalecimento do ensino público e políticas para o primeiro emprego, o fim da escala 6x1 e pautas ligadas aos direitos da classe trabalhadora e ao desenvolvimento social de Minas Gerais. Com a idade mínima de 21 anos exigida pela Constituição para ocupar o cargo de deputada federal, Ana Elisa Santos Silva se filiou ao PT em março deste ano. Durante a campanha, sua vaquinha eleitoral esteve entre as que reuniram o maior número de apoiadores e ultrapassou R$ 100 mil arrecadados. Ela foi eleita pela Federação Brasil da Esperança, formada por PT, PCdoB e PV.	Agência Brasil	politica	False
https://agenciabrasil.ebc.com.br/politica/noticia/2026-10/policia-federal-apreende-r-28-milhoes-no-primeiro-turno-das-eleicoes	2026-10-05	Polícia Federal apreende R$ 2,8 milhões no primeiro turno das eleições	Foram registradas ocorrências em 23 estados e no DF	A Polícia Federal (PF) apreendeu R$ 2,8 milhões durante o primeiro turno das eleições, realizado nesse domingo (4). Do total, R$ 520 mil foram em espécie. O restante foi em forma de bens. A PF atuou na prevenção e repressão de crimes eleitorais. Até as 23h59 do domingo foram instaurados 49 inquéritos policiais e lavrados 100 termos circunstanciados de ocorrência (TCs) para apurar a prática desse tipo de crime. Durante todo o dia, 204 pessoas foram conduzidas a delegacias. Os principais crimes registrados ontem foram compra de votos e propaganda eleitoral irregular. Foram registradas ocorrências no Distrito Federal e em 23 estados : Bahia, Rio de Janeiro, Alagoas, Espírito Santo, Pernambuco, Minas Gerais, Sergipe, Roraima, Acre, Rondônia, Amapá, Maranhão, Amazonas, Mato Grosso, Rio Grande do Sul, São Paulo, Paraíba, Santa Catarina, Piauí, Pará, Paraná, Rio Grande do Norte e Tocantins. Durante todo o ano de 2026, foram abertos 1.342 inquéritos para investigar crimes eleitorais. A maior parte foi no Rio de Janeiro (156), seguido do Maranhão (135), Ceará (120) e de São Paulo (98). A PF disponibiliza um link para acompanhar quantas investigações de crime eleitoral estão em andamento no país. Saiba mais no Repórter Brasil Tarde, da TV Brasil	Agência Brasil	politica	False
https://agenciabrasil.ebc.com.br/politica/noticia/2026-10/garotinho-desiste-de-recurso-e-eleicao-do-rj-pode-acabar-em-1o-turno	2026-10-05	Garotinho desiste de recurso e eleição do RJ pode acabar em 1º turno	Sem os votos do candidato, Douglas Ruas alcança mais de 50%	"O candidato ao governo do Rio de Janeiro Anthony Garotinho (Republicanos) anunciou, nesta segunda-feira (5), que desistiu do recurso que mantinha no Tribunal Superior Eleitoral (TSE) para se manter na disputa . A decisão foi anunciada pelo próprio candidato, o terceiro mais votado na eleição de domingo (4). Com o movimento, Garotinho abre caminho para que Douglas Ruas (PL) alcance a marca de mais de 50% dos votos válidos, o que resultaria em vitória já no primeiro turno. O segundo colocado foi o ex-prefeito do Rio de Janeiro Eduardo Paes (PSD). Garotinho obteve 274.411 votos, o que representa 3,17% da preferência dos eleitores. Ruas teve 49,27% e Paes, 42,76%. Durante toda apuração, os votos para Garotinho constaram no sistema do TSE como sub judice . Sem os mais de 274 mil votos de Garotinho na contagem, os 4,27 milhões de Douglas Ruas passam a representar 50,88% do eleitorado, isto é, maioria absoluta, o que dispensaria a realização do segundo turno em 25 de outubro. A equipe de campanha de Garotinho divulgou o Termo de Desistência do Recurso Ordinário Eleitoral, dirigido ao ministro do TSE Floriano de Azevedo Marques, relator do processo. Em nota à imprensa, o candidato criticou os adversários e se disse “perseguido”. “Em função do resultado manifestado nas urnas, não me resta outra decisão jurídica, a não ser desistir, de forma livre, expressa, consciente e irretratável, do recurso ordinário eleitoral interposto nos autos do referido processo que tramita no TSE, deixando para o povo do nosso estado arcar com a consequência das suas escolhas”, escreveu. O Tribunal Regional Eleitoral do Rio de Janeiro (TRE-RJ) informou que a decisão de declarar a nulidade dos votos cabe ao TSE, onde foi protocolado o recurso do candidato do Republicanos. O TSE informou que o processo ainda está em tramitação e que ""não se manifesta sobre temas ou casos que possam vir a ser ou são objetos de análise na Justiça Eleitoral"" . Na antevéspera da eleição (2), o ministro do TSE Floriano de Azevedo Marques decidiu que os votos que fossem dados a Anthony Garotinho deveriam ser anulados. O nome de Garotinho apareceu na urna eletrônica porque decisão anterior do TRE-RJ que indeferiu o registro de candidatura do político tinha sido tomada após o fechamento do sistema do equipamento. Em setembro, o TRE-RJ entendeu que Garotinho estava inelegível por ter sido condenado por ato doloso de improbidade administrativa em 2018. Anthony Garotinho já foi governador do Rio de Janeiro de 1999 a 2002. Ele foi sucedido pela mulher dele, Rosinha Garotinho (2003-2007). A condenação de 2018 foi no âmbito do Tribunal de Justiça do Rio de Janeiro (TJRJ), pelo desvio de R$ 234,4 milhões da Secretaria Estadual de Saúde entre 2005 e 2006, período em que Rosinha era governadora. Ao negar o direito de concorrer em 2026, o TRE-RJ também apontou a incidência da Lei da Ficha Limpa, que estabelece hipóteses de inelegibilidade por oito anos para pessoas condenadas por órgão judicial colegiado por ato doloso de improbidade administrativa que resulte, simultaneamente, em lesão ao patrimônio público e enriquecimento ilícito. A Justiça Eleitoral esclarece que os tribunais regionais são responsáveis pelo julgamento dos registros de candidaturas a governador, enquanto cabe ao TSE analisar recursos contra essas decisões. No mesmo dia em que Garotinho foi o terceiro candidato mais votado para o governo do estado, o filho dele, Wladimir Garotinho, garantiu vaga na Câmara dos Deputados , sendo o 29º mais votado entre os candidatos a deputado federal. Ele recebeu 81.797 votos. Wladimir já havia ocupado vaga na Câmara de 2019 a 2020, de onde saiu para ser prefeito de Campos dos Goytacazes (2021-2026), no Norte Fluminense, berço político da família Garotinho. Além do filho e do pai, Rosinha também já foi prefeita da cidade. * Matéria alterada às 16h51 para acrescentar posicionamento do TSE"	Agência Brasil	politica	False
https://agenciabrasil.ebc.com.br/politica/noticia/2026-10/pl-elege-19-senadores-e-soma-28-mdb-conquista-sete-vagas-e-pt-seis	2026-10-05	PL elege 19 senadores e soma 28; MDB conquista sete vagas e PT, seis	Resultado renovou dois terços da Casa	As eleições de 2026 definiram os 54 senadores que ocuparão as vagas em disputa no Senado Federal a partir de 2027. Entre os partidos, o PL foi o que mais elegeu representantes, com 19 cadeiras . >> Saiba quem foram os 54 senadores eleitos em 2026 O PL conquistou as duas vagas ao Senado em disputa no Distrito Federal, Mato Grosso do Sul, Rio de Janeiro, Rondônia e Santa Catarina. Além dessas unidades da Federação, o partido também elegeu senadores no Acre, Goiás, Minas Gerais, Paraná, Rio Grande do Sul, Roraima, São Paulo e Tocantins. O MDB elegeu senadores no Amazonas, Pará, Paraíba, Piauí, Roraima, Sergipe e Tocantins. O PT conquistou os dois assentos da Bahia, além de um em Minas Gerais, Pernambuco, Rio Grande do Norte e Sergipe. Neste ano, os eleitores escolheram 54 dos 81 integrantes do Senado Federal, o equivalente a dois terços da composição da Casa . Cada estado e o Distrito Federal elegeram dois representantes para mandatos de oito anos. Os outros 27 senadores, eleitos em 2022, seguem em mandato até 2031 . Dos 32 senadores que tentaram a reeleição em 2026, 14 conseguiram um novo mandato. Os outros 18 não foram reeleitos. Com isso, 40 das 54 cadeiras em disputa serão ocupadas por novos senadores a partir de 2027. Veja abaixo a lista de senadores que tentaram a reeleição, mas não conseguiram novo mandato: Veja abaixo os senadores que tentaram a reeleição, mas não conseguiram novo mandato: Veja abaixo os senadores reeleitos: A eleição para o Senado é majoritária. São eleitos os dois candidatos mais votados em cada estado, sem aplicação de quociente eleitoral e sem segundo turno. Com a eleição de 54 novos integrantes, o Senado passa a ter uma nova composição. Considerando os parlamentares eleitos neste ano e os 27 senadores que permanecem em mandato, o PL passará a ter a maior bancada da Casa, com 28 integrantes . O PT terá nove senadores em exercício, enquanto o MDB contará com oito parlamentares. PP e Republicanos ficarão com seis cadeiras cada. PSD e União Brasil terão cinco integrantes, enquanto o PSB ficará com quatro cadeiras. Entre os mandatos que seguem em curso está o de Wellington Dias, eleito em 2022 pelo PT no Piauí e atualmente licenciado para comandar o Ministério do Desenvolvimento e Assistência Social, Família e Combate à Fome. A vaga está ocupada pela suplente Jussara Lima (PSD). Com eventual retorno de Wellington Dias ao Senado, o PT voltaria a somar dez cadeiras na Casa. Confira mais informações sobre a composição na Câmara e no Senado no Repórter Brasil , da TV Brasil Ao lado da Câmara dos Deputados, o Senado compõe o Poder Legislativo federal. A Casa representa os estados e o Distrito Federal, enquanto a Câmara representa a população. Cada unidade da Federação possui três senadores, independentemente do número de habitantes. Além de elaborar leis e fiscalizar as ações do Executivo, o Senado exerce competências exclusivas previstas na Constituição, como aprovar autoridades indicadas para determinados cargos públicos e analisar matérias de interesse da Federação.	Agência Brasil	politica	False
https://agenciabrasil.ebc.com.br/politica/noticia/2026-10/renan-descarta-apoio-no-2o-turno-psd-de-caiado-libera-bases-estaduais	2026-10-05	Renan descarta apoio no 2º turno; PSD de Caiado libera bases estaduais	Quarto e quinto colocados somam 5,2 milhões de votos	O quarto colocado na eleição presidencial deste domingo (4), o candidato Renan Santos (Missão), afirmou que não vai apoiar nenhum dos candidatos que chegaram ao 2º turno . Por sua vez, o partido do quinto colocado, Ronald Caiado, o PSD, informou que vai liberar os diretórios estaduais para que definam o apoio no 2º turno entre Luiz Inácio Lula da Silva e Flávio Bolsonaro no próximo dia 25 de outubro. Os dois candidatos somaram 5,2 milhões de votos, sendo Renan com 2,67 milhões, o que representou 2,24% dos votos válidos, e Caiado com 2,60 milhões, ou 2,18% dos votos. A soma de votos em cada um desses candidatos supera a diferença de votos entre os candidatos que chegaram ao 2º turno. Flávio Bolsonaro (47,03%) e Lula (45,16%) tiveram uma diferença de 2,22 milhões de votos. Após a consolidação do primeiro turno, o candidato do Missão Renan Santos fez uma transmissão ao vivo para comentar o resultado. Ele considerou que Flávio Bolsonaro “já ganhou” e sugeriu que seus eleitores votem em quem quiserem. “O Flávio Bolsonaro já ganhou. E antes de alguém perguntar em quem eu vou apoiar no segundo turno. Faz diferença? Façam o que quiserem. Eu já avisei que eu não voto em bandido. Não recomendo a ninguém que vote em bandido. Flávio é bandido. Lula é bandido. Mas não faz diferença alguma, façam o que vocês quiserem aí”, declarou Renan. O candidato à Presidência Ronaldo Caiado deu uma declaração à imprensa após os resultados do Tribunal Superior Eleitoral (TSE) terem indicado o segundo turno entre Lula e Flávio Bolsonaro. O ex-governador de Goiás destacou que não venceu a eleição, mas que caiu “de pé”. “Eu, neste momento, vocês sabem, vou guardar a minha coerência, mas jamais vou me pronunciar sem antes também estar reunido com o presidente do meu partido, Kassab”, afirmou Caiado a jornalistas. O presidente do PSD, Gilberto Kassab, em nota publicada na noite de domingo, informou que a legenda vai liberar os diretórios estaduais para que, cada liderança local, defina quem deve apoiar no 2º turno da eleição presidencial . “Diante da diversidade de cenários eleitorais que tivemos nos estados, em que as instâncias estaduais do PSD tiveram liberdade para construir suas alianças, a direção nacional entende como natural manter esta diretriz neste segundo turno. Assim, cada diretório estadual, parlamentar, liderança partidária, filiados e militantes terão liberdade para definir seu apoio na eleição presidencial e em eventual disputa estadual”, escreveu Kassab. Confira a repercussão do resultado das eleições presidenciais no Repórter Brasil , da TV Brasil	Agência Brasil	politica	False
https://agenciabrasil.ebc.com.br/politica/noticia/2026-10/paraiba-elege-governador-mais-novo-do-pais-com-37-anos	2026-10-05	Paraíba elege governador mais novo do país com 37 anos	Santa Catarina elegeu Jorginho Mello, aos 70 anos	Entre os candidatos eleitos em primeiro turno nas eleições neste domingo (4), o governador mais novo é Lucas Ribeiro (PP), de 37 anos, da Paraíba com 64,3% dos votos. Por sua vez, o mais velho é Jorginho Mello (PL), reeleito em Santa Catarina, aos 70 anos, com 68,98% dos votos. Filipe Barros (PL-PR) foi eleito o senador mais jovem do país aos 35 anos com 27,25% dos votos válidos. O mais velho a ser eleito foi Julio César, o Julim do Lula (PSD-PI), aos 78 anos. Lucas Ribeiro é o atual governador da Paraíba. Assumiu o cargo em 2026, após a renúncia de João Azevedo, de quem fora eleito vice-governador em 2022. Também foi vereador e vice-prefeito de Campina Grande. Jorginho Mello é o atual governador de Santa Catarina. Já foi deputado federal e senador. Filipe Barros é deputado federal pelo Paraná e foi vereador de Londrina. Julim do Lula é deputado federal pelo Piauí. Foi prefeito de Guadalupe (1977-1986 e 1989-1991), secretário de Agricultura do Piauí, diretor de Administração e Finanças da Companhia Nacional de Abastecimento (Conab) e presidente da companhia de saneamento da capital Teresina.	Agência Brasil	politica	False
https://agenciabrasil.ebc.com.br/politica/noticia/2026-10/pl-psd-pt-e-republicanos-tem-15-governadores-eleitos	2026-10-05	PL, PSD, PT e Republicanos têm 15 governadores eleitos	Primeiro turno definiu o comando de 20 estados	As eleições de 2026 definiram no primeiro turno os governadores de 20 estados, o maior número desde o início da série histórica iniciada em 1990. A marca supera o recorde anterior, de 18 estados, registrado em 2010. O resultado redesenha o mapa partidário dos estados e mostra vantagem do PL, que elegeu cinco governadores. O PSD ficou em segundo lugar, com quatro eleitos. PT e Republicanos conquistaram três governos cada. O PP venceu em dois estados, enquanto MDB, Podemos e PSDB elegeram um governador cada. O PL elegeu Sergio Moro no Paraná, Jorginho Mello em Santa Catarina, Luciano Zucco no Rio Grande do Sul, Marcos Rogério em Rondônia e Arthur Henrique em Roraima. Pelo PSD foram eleitos Dr. Furlan, no Amapá; Eduardo Braide, no Maranhão; Raquel Lyra, em Pernambuco; e Fábio Mitidieri, em Sergipe. O PT venceu na Bahia, no Ceará e no Piauí, com Jerônimo Rodrigues, Elmano de Freitas e Rafael Fonteles, respectivamente. Já o Republicanos conquistou São Paulo com Tarcísio de Freitas, Minas Gerais com Cleitinho Azevedo e Mato Grosso com Otaviano Pivetta. O PP venceu na Paraíba, com Lucas Ribeiro, e em Mato Grosso do Sul, com Eduardo Riedel. O MDB elegeu Daniel Vilela em Goiás, o Podemos elegeu Dr. Daniel no Pará e o PSDB conquistou Alagoas com JHC. Dos 20 estados que definiram seus governadores, oito estão no Nordeste, quatro no Norte, três no Centro-Oeste, três no Sul e dois no Sudeste. Permanecem em disputa AC, AM, DF, ES, RJ, RN e TO, onde haverá segundo turno em 25 de outubro. Os governadores são responsáveis pela administração dos estados e pela execução de políticas públicas em áreas como saúde, educação, segurança pública, infraestrutura e desenvolvimento econômico. As decisões tomadas pelos governos estaduais influenciam diretamente serviços utilizados pela população, como hospitais e escolas estaduais, policiamento, sistema prisional, transporte e programas sociais. Além disso, os governadores participam de negociações com a União e os municípios para a execução de obras e programas financiados com recursos públicos.	Agência Brasil	politica	False
https://agenciabrasil.ebc.com.br/politica/noticia/2026-10/conheca-governadores-senadores-eleitos-e-os-deputados-mais-votados	2026-10-05	Conheça governadores e senadores eleitos e os deputados mais votados	Mais de 125 milhões de eleitores foram às urnas nesse domingo	Pouco mais de 125,2 milhões de eleitores foram às urnas nesse domingo (4) escolher candidatos aos cargos de deputado estadual, deputado federal, dois senadores, governador e presidente da República. Para consultar todos os dados referentes ao resultado do primeiro turno, acesse a Agência Brasil . Confira a relação completa de eleitos para os governos estaduais, Senado e a lista dos três deputados federais mais votados em cada unidade da Federação: Governo: Mailza Assis (PP) e Alan Rick (Republicanos) disputam o segundo turno. Senadores eleitos Deputados federais mais votados Governador eleito: JHC (PSDB) Senadores eleitos Deputados federais mais votados: Governador eleito: Dr. Furlan (PSD) Senadores eleitos Deputados federais mais votados Governo: Omar Aziz (PSD) e Professora Maria do Carmo (PL) disputam o segundo turno. Senadores eleitos Deputados federais mais votados Governador eleito: Jerônimo Rodrigues (PT) Senadores eleitos Deputados federais mais votados Governador eleito: Elmano de Freitas (PT) Senadores eleitos Deputados federais mais votados Governo: Celina Leão (PP) e Leandro Grass (PT) disputam o segundo turno. Senadoras eleitas Deputados federais mais votados Governo: Lorenzo Pazolini (Republicanos) e Ricardo Ferraço (MDB) disputam o segundo turno. Senadores eleitos Deputados federais mais votados Governador eleito: Daniel Vilela (MDB) Senadores eleitos Deputados federais mais votados Governador eleito : Eduardo Braide (PSD) Senadores eleitos Deputados federais mais votados Governador eleito: Otaviano Pivetta (Republicanos) Senadores eleitos Deputados federais mais votados Governador eleito: Eduardo Riedel (PP) Senadores eleitos Deputados federais mais votados Governador eleito: Cleitinho Azevedo (Republicanos) Senadores eleitos Deputados federais mais votados Governador eleito: Dr. Daniel (Podemos) Senadores eleitos Deputados federais mais votados Governador eleito: Lucas Ribeiro (PP) Senadores eleitos Deputados federais mais votados Governador eleito: Sergio Moro (PL) Senadores eleitos Deputados federais mais votados Governadora eleita: Raquel Lyra (PSD) Senadores eleitos Deputados federais mais votados Governador eleito: Rafael Fonteles (PT) Senadores eleitos Deputados federais mais votados Governo: Douglas Ruas (PL) e Eduardo Paes (PSD) disputam o segundo turno Senadores eleitos Deputados federais mais votados Governo: Allyson (União Brasil) e Cadu de Lula (PT) disputam o segundo turno Senadores eleitos Deputados federais mais votados Governador eleito: Luciano Zucco (PL) Senadores eleitos Deputados federais mais votados Governador eleito: Marcos Rogério (PL) Senadores eleitos Fernando Máximo (PL) Bruno Scheid (PL) Deputados federais mais votados Lucio Mosquini (PL) Coronel Chrisóstomo (PL) Thiago Flores (União Brasil) Governador eleito: Arthur Henrique (PL) Senadores eleitos Deputados federais mais votados Governador eleito: Jorginho Mello (PL) Senadores eleitos Deputados federais mais votados Governador eleito: Tarcísio de Freitas (Republicanos) Senadores eleitos Deputados federais mais votados Governador eleito: Fábio Mitidieri (PSD) Senadores eleitos Deputados federais mais votados Governo: Professora Dorinha (União Brasil) e Vicentinho Júnior (PSDB) disputam o segundo turno Senadores eleitos Deputados federais mais votados	Agência Brasil	politica	False
https://agenciabrasil.ebc.com.br/politica/noticia/2026-10/eleicoes-2026-confira-os-deputados-federais-eleitos-por-sao-paulo	2026-10-05	Eleições 2026: confira os deputados federais eleitos por São Paulo	Lucas Pavanato foi o mais votado, com mais de 3 milhões de votos	O estado de São Paulo, o mais populoso do país, tem direito a 70 das 513 cadeiras da Câmara dos Deputados. Os parlamentares eleitos representam a população paulista e seus interesses no Congresso Nacional. Com 100% das urnas apuradas no domingo (4), a maior votação no estado de São Paulo foi para o candidato Lucas Pavanato (PL) , que teve 3.038.438 votos, seguido por Erika Hilton (PSOL), com 1.596.472 votos, e Sâmia Bomfim (PSOL), que teve 583.107 votos. Os deputados federais, assim como os estaduais, são eleitos pelo sistema proporcional. Nesse modelo, os votos recebidos por candidatas e candidatos e os votos de legenda são considerados na definição do número de cadeiras que cada partido ou federação poderá ocupar, conforme estabelece o artigo 7º da Resolução TSE nº 23.677/2021. Portanto, quanto mais votos um partido ou uma federação receber, maior poderá ser o número de vagas conquistadas. O que faz um deputado federal? Como parte do Poder Legislativo, encarregado da criação e aprovação de leis, os deputados federais atuam discutindo, propondo e votando em projetos de lei e alterando e revisando a legislação brasileira. Confira abaixo a lista completa dos 70 deputados federais eleitos pelo estado de São Paulo: Lucas Pavanato (PL): 3.038.438 votos Erika Hilton (Psol): 1.596.472 votos Sâmia Bomfim (Psol): 583.107 votos Kim Kataguiri (Missão): 520.071 votos Tabata Amaral (PSB): 476.383 votos Renato Bolsonaro (PL): 379.312 votos Sargento Nantes (PP): 333.401 votos Delegado Palumbo (Podemos): 303.271 votos Guilherme Cortez (Psol): 275.450 votos Mauricio Neves (PP): 269.996 votos Marcio Alvino (PL): 261.325 votos Professora Luciene Cavalcante (Psol): 253.778 votos Ana Carolina Oliveira (Podemos): 246.741 votos Baleia Rossi (MDB): 239.124 votos Luna Zarattini (PT): 233.733 votos Marina Helena (Novo): 230.866 votos Delegado Bruno Lima (Podemos): 217.952 votos Rosana Valle (PL): 213.752 votos Renata Abreu (Podemos): 199.100 votos Marcos Pereira (Republicanos): 196.681 votos Luiz Philippe de Orléans e Bragança (PL): 187.743 votos Guilherme Piai (Republicanos): 182.328 votos Igor Soares (PSD): 181.820 votos Paulo Alexandre Barbosa (PSD): 168.207 votos Felipe Becari (Podemos): 162.957 votos Thiago Surfista (PL): 161.971 votos Alencar Santana (PT): 160.264 votos Capitão Augusto (PL): 153.745 votos Jilmar Tatto (PT): 152.984 votos Celso Russomanno (Republicanos): 138.827 votos Thiago dos Reis (PT): 137.240 votos Paulo Serra (PSDB): 132.866 votos Sidney Cruz (MDB): 130.951 votos João Cury (MDB): 130.915 votos Luiz Fernando Machado (PL): 129.004 votos Arlindo Chinaglia (PT): 124.121 votos Pastor Marco Feliciano (PL): 122.119 votos Ney Santos (Republicanos): 118.566 votos Carlos Zarattini (PT): 117.608 votos Edinho Silva (PT): 115.341 votos Nilto Tatto (PT): 114.560 votos Natália Boulos (Psol): 114.552 votos Kiko Celeguim (PT): 113.158 votos Motta (PL): 112.854 votos Juliana Cardoso (PT): 111.904 votos João Paulo Cunha (PT): 109.548 votos Rodrigo Gambale (Podemos): 106.901 votos Dra. Sandra Tadeu (PL): 106.471 votos Enrico Misasi (MDB): 106.225 votos Coronel Telhada (PP): 104.513 votos Paulo Freire (PL): 99.388 votos Marcos Neves (PSD): 98.359 votos Jonas Donizete (PSB): 97.335 votos Miguel Lombardi (PL): 96.333 votos Saulo Pedroso (PSD): 95.096 votos Altair Moraes (Republicanos): 94.770 votos Jefferson Campos (PL): 92.286 votos Carlos Sampaio (PSD): 91.902 votos Maria Rosas (Republicanos): 91.690 votos Mario Frias (PL): 91.403 votos Delegado Paulo Bilynskyj (PL): 90.363 votos Carlos Bezerra Jr. (PSD): 89.414 votos Sirlange Manga (União Brasil): 87.820 votos Milton Leite Filho (União Brasil): 71.631 votos Adriana Ventura (Novo): 69.083 votos Eduardo Cury (PL): 66.860 votos Wesley Cezar Lelinho (PL): 66.673 votos Gil Diniz (PL): 63.398 votos Edinho Araujo (PRD): 54.443 votos Sônia Guajajara (PSOL): 54.207 votos	Agência Brasil	politica	False
https://agenciabrasil.ebc.com.br/politica/noticia/2026-10/terceiro-colocado-cury-fala-em-manter-silencio-no-segundo-turno	2026-10-05	Terceiro colocado, Cury fala em manter “silêncio” no segundo turno	Presidenciável do Avante disse que pretende abandonar a política	"O candidato à Presidência da República pelo Avante, Augusto Cury, afirmou que vai ficar em “silêncio” em relação ao segundo turno, que será disputado entre o candidato à reeleição Luiz Inácio Lula da Silva e o senador do PL pelo Rio de Janeiro (RJ) Flávio Bolsonaro. ""Eu me silencio completamente em relação àqueles que estarão no segundo turno, dizendo o seguinte, que ninguém está autorizado em meu nome e nem em nome do Júlio [Delgado, coordenador da campanha] a pedir ou dizer que vai apoiar qualquer um dos candidatos. E eu gostaria de me silenciar em relação a isso. Não quero responder nada em relação ao segundo turno”, disse a jornalistas na noite de ontem (4). Em terceiro colocado no primeiro turno, Cury teve 3,44 milhões de votos, o que representou 2,89% dos votos válidos. O apoio do político do Avante torna-se alvo de disputa entre os candidatos que chegaram ao segundo turno. Cury disse ainda que deve abandonar a vida político-partidária. ""Hoje eu tenho claro dentro de mim 100% de convicção que eu não vou continuar na política. Amanhã ninguém sabe, mas eu costumo não mudar de opinião quando eu tenho uma convicção muito grande, até porque nós temos vários projetos"", disse aos jornalistas. O candidato do Avante fez uma campanha apelando para o fim da polarização do eleitorado. Em carta divulgada à imprensa após o resultado do Tribunal Superior Eleitoral (TSE), ele  agradeceu os votos e cumprimentou os candidatos que passaram ao segundo turno. Cury pediu que Lula e Flávio Bolsonaro considerem as propostas dele durante o próximo governo. “Quero que um conservador consiga ouvir um progressista sem odiá-lo; que um progressista consiga conversar com um conservador sem desumanizá-lo; que possamos criticar ideias sem destruir pessoas. Quem ganhar torço para que governe pensando em um Brasil de esperança”, escreveu, em nota."	Agência Brasil	politica	False
https://agenciabrasil.ebc.com.br/politica/noticia/2026-10/campanha-eleitoral-para-o-segundo-turno-comeca-nesta-segunda-feira	2026-10-05	Campanha eleitoral para o segundo turno começa nesta segunda-feira	A partir das 17h, são permitidos comícios e propaganda virtual paga	Os candidatos que disputarão o segundo turno das eleições gerais à Presidência da República e aos governos estaduais e do Distrito Federal poderão retomar as campanhas eleitorais nesta segunda-feira (5) – 24 horas depois do encerramento das urnas . A partir das 17h, são permitidos comícios, carreatas, caminhadas e distribuição de panfletos, além de propagandas e divulgações pagas na internet e em meios impressos. O prazo de encerramento dessas atividades começa no dia 22 de outubro, com o fim do uso de equipamentos sonoros. No dia 23, é o prazo limite para veiculação de propaganda paga e, em 24, termina o prazo para distribuição de material, passeata e carreata. Para cada atividade, as regras também mudam. As que fazem uso de alto-falantes ou amplificadores de som móveis, como as carreatas, as campanhas só são permitidas entre as 8h e as 22h. Para equipamentos fixos em comícios, o som poderá funcionar até 24h. As divulgações pagas na internet e impressos têm limite de 10 anúncios por veículo, em datas diversas. Em caso de publicações impressas, as campanhas devem ser limitadas ao tamanho equivalente a 1/8 de página de jornal padrão e a 1/4 de página de revista ou tabloide. A propaganda eleitoral gratuita no rádio e na televisão para o 2º turno das Eleições 2026 começa na sexta-feira (9) e vai até 23 de outubro. No rádio, a propaganda política será veiculada às 7h e ao meio-dia. Na TV, o horário eleitoral vai ao ar às 13h e às 20h30. As exibições serão divididas em dois blocos diários de dez minutos para cada cargo, sendo cinco minutos por candidato. As emissoras também reservam 25 minutos diários para inserções de 30 ou 60 segundos, distribuídas de forma igualitária, conforme as regras previstas na legislação eleitoral.	Agência Brasil	politica	False
https://agenciabrasil.ebc.com.br/politica/noticia/2026-10/renovacao-da-camara-federal-chegou-35-veja-nova-composicao-da-casa	2026-10-05	Renovação da Câmara federal chegou a 35%; veja nova composição da Casa	Bancada feminina bate recorde, mas vagas de negros e indígenas caem	Entre os 513 deputados federais eleitos neste domingo (4), 183 vão exercer o primeiro mandato, uma taxa de renovação de 35,67% dos integrantes da Casa . Os parlamentares representarão os estados e o Distrito Federal na 58ª legislatura, de 1º de fevereiro de 2027 a 31 de janeiro de 2031. Enquanto isso,  301 deputados federais foram reeleitos, o que representa 58,6% do total de parlamentares eleitos titulares nas eleições de outubro de 2022 ou os suplentes que foram efetivados como titulares do cargo, ao longo desta 57ª legislatura. Há ainda 29 ex-deputados federais em legislaturas anteriores à atual que voltarão à Câmara. O índice de novos deputados (35,6%) mantém a média de oxigenação da Casa, em relação à eleição anterior, de 2022 (39,3%). Os dados são do Tribunal Superior Eleitoral, confirmados pela Câmara dos Deputados. Os eleitos autodeclarados pretos e pardos conquistaram 135 cadeiras da Câmara dos Deputados, o que corresponde a 26,3% do total de 513 deputados federais da próxima legislatura. O número representa o encolhimento de 2,9% da bancada negra, em relação aos parlamentares federais pretos e pardos eleitos em 2022, que somou 139. No recorte de raça e cor, a base de dados do Tribunal Superior Eleitoral (TSE) registrou, ao todo, 10.206 candidaturas de pessoas negras para todos os cargos eletivos do pleito de 2026, que correspondem a 49,64% do total. Entre os eleitos autodeclarados indígenas, apenas três candidatos garantiram mandato de quatro anos na Câmara dos Deputados para seguir em defesa dos povos originários e de seus territórios. São eles: o deputado reeleito Paulo Guedes (PT-MG), com 126.891 votos; a deputada Juliana Cardoso (PT-SP), reeleita com 111.904 votos; e a primeira ministra dos Povos Indígenas, no governo do presidente Luiz Inácio Lula da Silva, Sônia Guajajara (Psol-SP), deputada federal reeleita com 54.207 votos (por quociente eleitoral). Com este número, a bancada indígena minguou para aproximadamente 0,58% dos 513 deputados, na comparação com a eleição de 2022, quando cinco indígenas tinham sido eleitos para a Câmara. Antes deles, apenas Mário Juruna (PDT-RJ) tinha exercido o cargo, entre 1982 e 1986; e em 2018, Joenia Wapichana (Rede-RR), conseguiu uma vaga na Câmara, tornando-se a primeira mulher indígena a ser eleita para esta função. Ao todo, a Justiça Eleitoral registrou 73 candidaturas de pessoas indígenas a deputado federal. Neste domingo (4), 108 mulheres foram eleitas para a próxima legislatura da Câmara dos Deputados, o que torna esta a maior bancada feminina da Casa de todos os tempos. O número representa aumento de 18,68% em comparação com 2022, ou seja, 17 mulheres a mais do que as 91 eleitas no pleito anterior. A advogada e professora doutora de Direito Constitucional Damares Medina comemora o número histórico de mulheres, mesmo que estas tenham posicionamentos políticos distintos em relação a pautas prioritárias. “Porque não importa, cada uma a seu modo e à sua forma, traz a mensagem de que lugar de mulher é onde ela quiser. Não vou submeter uma representante popular eleita a um escrutínio hermenêutico ao qual o homem não é submetido.” O Partido Liberal (PL) elegeu a maior bancada da Câmara dos Deputados e terá 121 deputados da legenda na próxima legislatura. São 24 a mais que na eleição anterior, considerando projeção feita com base em 99,9% dos votos apurados, quando não há mais possibilidade de alteração do resultado. A profissional do direito explica o peso de ter a maior bancada da Casa. “É importante porque cada cadeira é poder. Cada uma delas significa influência, o jogo e vetores do que vai definir como a autoridade no Congresso Nacional é distribuída”, disse Damares. A segunda colocada entre as bancadas foi a Federação Brasil da Esperança, formada pelas seguintes siglas: Partido dos Trabalhadores, Partido Comunista do Brasil e Partido Verde (PT-PCdoB-PV), com 88 deputados – seis a mais que na última eleição. Confira a distribuição das bancadas partidárias na Câmara dos Deputados eleita: A advogada ouvida pela Rádio Nacional explica que a formação de grandes blocos partidários garante prioridades. “Uma vez formados, esses blocos têm imenso poder na distribuição de orçamento, na distribuição de emendas parlamentares.” Damares Medina também interpreta o recado dado pelos eleitores, neste domingo, ao eleger mais parlamentares do espectro conservador no Congresso, em um deslocamento radical entre os campos de poder opostos. Ela identifica que este não é um movimento recente. “Se analisarmos a série histórica, desde 1988, na Constituição [Federal], podemos identificar que, pouco a pouco, o espectro político esquerdo foi perdendo a disputa ideológica, o debate intelectual”, avaliou advogada constitucionalista. A eleição também produziu novos recordes de votação. O deputado reeleito Nikolas Ferreira (PL-MG), de 30 anos, superou 3,11 milhões de votos e se tornou o deputado mais votado da história do país. Nikolas ultrapassa os próprios números da eleição passada (2022), quando foi o parlamentar brasileiro mais votado, com 1,47 milhão de votos. Em segundo lugar entre os mais votados para a Câmara, com 3.038.438 de votos, chegou Lucas Pavanato (PL), de 28 anos que, atualmente, é vereador do município de São Paulo e youtuber. A marca é quase o dobro da seguinte colocada, a deputada Erika Hilton (PSol-SP), reeleita com 1.596.472 votos. A parlamentar que, atualmente, preside a Comissão de Defesa dos Direitos da Mulher da Câmara, foi a recordista de votos da bancada feminina. *Colaborou Priscilla Mazenotti, repórter da Rádio Nacional/EBC	Agência Brasil	politica	False
https://agenciabrasil.ebc.com.br/politica/noticia/2026-10/votacao-em-sp-registra-indice-de-abstencao-de-225-no-primeiro-turno	2026-10-05	Votação em SP registra índice de abstenção de 22,5% no primeiro turno	Percentual ultrapassou marca registrada na última eleição	O primeiro turno das Eleições Gerais de 2026 registrou taxa de abstenção de 22,5% no estado de São Paulo, de acordo com dados divulgados pelo Tribunal Superior Eleitoral (TSE). O percentual no estado é superior à média nacional, que registrou abstenção de 21,6% . Os números indicam que dos mais de 34,1 milhões de eleitores aptos a comparecer às urnas, cerca de 7,6 milhões não votaram no domingo (4). A ausência foi ainda maior na capital paulista, onde 23,4% do eleitorado faltou à votação, somando mais de 2,1 milhões de cidadãos. O percentual de abstenção do estado ultrapassou a marca registrada na eleição anterior. Em 2022, a abstenção foi de 21,6%, representando 7,4 milhões de eleitores ausentes. O resultado manteve-se quase idêntico ao de 2018, ocasião em que 21,5% do eleitorado paulista não compareceu (7,1 milhões). No pleito para o governo do estado, 1,3 milhão de eleitores votaram em branco (5,11%), e 1,9 milhão optaram pelo voto nulo (7,3%). Já na disputa pelas duas vagas ao Senado, os votos brancos somaram 4,2 milhões (8,1%), enquanto os nulos chegaram a 5,1 milhões (9,7%). Em relação ao Poder Legislativo, a votação para a Câmara Federal contabilizou mais de 1,5 milhão de votos brancos (5,9%) e 1,1 milhão de nulos (4,3%). Por fim, na escolha dos deputados para a Assembleia Legislativa, os brancos representaram 7% do total (1,8 milhão), enquanto os votos nulos equivaleram a 4,6% (1,2 milhão). Confira mais informações sobre a abstenção em São Paulo no Repórter Brasil , da TV Brasil *Estagiário da Agência Brasil sob supervisão de Odair Braz Junior	Agência Brasil	politica	False
https://agenciabrasil.ebc.com.br/politica/noticia/2026-10/quando-sera-o-segundo-turno-das-eleicoes-veja-data	2026-10-04	Quando será o segundo turno das eleições? Veja a data	Além de presidente, 6 estados e o DF irão decidir governador	Os candidatos Flávio Bolsonaro (PL) e Luiz Inácio Lula da Silva (PT) irão disputar o segundo turno da eleição para presidente da República. Com isso, os eleitores voltam às urnas para o segundo turno no dia 25 de outubro de 2026 (domingo). Flávio terminou a apuração em primeiro lugar, com 47,03% dos votos válidos, o equivalente a 56.103.033 votos. Lula ficou em segundo, com 45,16%, ou 53.870.724 votos. A eleição presidencial é decidida em segundo turno quando nenhum candidato obtém mais da metade dos votos válidos no primeiro turno. Em seis estados e no DF, a eleição para governador foi para o segundo turno, e também será decidida no dia 25 de outubro. Acre Mailza Assis (PP) e Alan Rick (Republicanos) Amazonas Omar Aziz (PSD) e Professora Maria do Carmo (PL) Distrito Federal Celina Leão (PP) e Leandro Grass (PT) Espírito Santo Lorenzo Pazolini (Republicanos) e Ricardo Ferraço (MDB) vão disputar o segundo turno no Espírito Santo. Pazolini obteve 49,65% dos votos válidos e Ferraço ficou com 34,06%. Rio de Janeiro Douglas Ruas (PL) e Eduardo Paes (PSD) Rio Grande do Norte Allyson (União) e Cadu de Lula (PT) Tocantins Professora Dorinha (União) e Vicentinho Júnior (PSDB)	Agência Brasil	politica	False
https://agenciabrasil.ebc.com.br/politica/noticia/2026-10/eleitor-que-faltou-no-primeiro-turno-pode-votar-no-segundo	2026-10-05	Eleitor que faltou ao primeiro turno pode votar no segundo	Prazo para eleitor regularizar o título vai até 3 de dezembro	Mais de 33,4 milhões de eleitores deixaram de ir às urnas nesse domingo (4), o que representou uma abstenção de 21,08%, a maior registrada em um primeiro turno de eleições gerais no país desde 1998, quando a Justiça Eleitoral registrou o percentual de 21,5%. Com um segundo turno confirmado para 25 de outubro, esse percentual pode mudar. De acordo com Tribunal Superior Eleitoral (TSE), cada turno de votação é uma eleição independente. E os eleitores que não votaram no primeiro turno poderão votar normalmente no segundo, desde que estejam com o título regular. No entanto, os eleitores que não foram às urnas no primeiro turno e não justificaram a ausência pelo e-título, ainda são obrigados regularizar a situação eleitoral, mesmo que votem no segundo turno. O prazo vai até 3 de dezembro e a justificativa pode ser apresentada pelo serviço de autoatendimento do site do TSE ou em um cartório eleitoral, com  apresentação obrigatória de um documento que comprove o motivo, como um atestado médico ou bilhete aéreo. Eleitores em viagem no exterior têm até 30 dias após o retorno ao Brasil para apresentar a justificativa. Caso more em outro país e vote em uma zona eleitoral do exterior, só é necessário justificar ausência em eleições presidenciais. Caso não justifique no prazo, além de regularizar a situação, o eleitor também terá que pagar multa de R$ 3,51 por turno. O valor poderá ser pago pelo autoatendimento no site do TSE, pelo aplicativo e-Título ou no cartório eleitoral, por meio de Guia de Recolhimento da União (GRU), do Pix ou de cartão de crédito. Até a quitação da pendência, o eleitor permanecerá com o título eleitoral em situação irregular e impedido de emitir ou renovar carteira de identidade e passaporte, tomar posse em concurso público ou renovar matrícula em instituições de ensino público, receber vencimentos ou proventos em empregos públicos. O título eleitoral é cancelado em caso de ausência sem justificativa e regularização em turnos consecutivos. Saiba mais no Repórter Brasil Tarde, da TV Brasil	Agência Brasil	politica	False
https://agenciabrasil.ebc.com.br/politica/noticia/2026-10/pl-e-psol-elegem-os-cinco-deputados-federas-mais-votados	2026-10-05	PL e PSOL elegem os cinco deputados federais mais votados	Eleitores foram às urnas no domingo	Os candidatos Nikolas Ferreira (PL-MG), Lucas Pavanato (PL-SP) e Érika Hilton (PSOL-SP) foram os três mais votados para a Câmara Federal nas eleições deste ano. Depois deles, seguem André Fernandes (PL-CE) e Sâmia Bonfim (PSOL-SP). Nikolas Ferreira recebeu 3.119.318 votos, ou seja 24,7% do total de eleitores que foram às urnas de Minas Gerais neste domingo (4). Natural de Belo Horizonte, o parlamentar mineiro de 30 anos de idade começou sua carreira na política eleitoral em 2020, quando foi eleito vereador de Belo Horizonte, pelo Partido Renovador Trabalhista Brasileiro (PRTB). Em 2022, foi eleito deputado federal pela primeira vez, já pelo PL, conquistando 1.492.047 dos votos. Em seu primeiro mandato na Câmara dos Deputados, atuou como vice-líder da oposição, do PL e da minoria, além de ter sido presidente da Comissão de Educação. Atualmente é 3º vice-presidente da Comissão de Constituição e Justiça. Companheiro de partido de Nikolas, o vereador Lucas Pavanato também superou os 3 milhões de votos, com 3.038.438, ou seja, 11,5% do total de eleitores paulistas que foram às urnas na eleição deste ano. Com 28 anos, Pavanato nasceu em Sorocaba. Sua primeira eleição foi em 2022, quando tentou uma vaga de deputado estadual, mas com 36 mil votos ficou apenas na suplência para a Assembleia Legislativa de São Paulo (Alesp). Em 2024, já pelo PL, elegeu-se vereador da cidade de São Paulo com 161 mil votos. Já Erika Hilton conquistou 1.596.472 votos, ou 5,9% das pessoas que votaram no estado de São Paulo no domingo. A deputada de 33 anos conquistou seu primeiro mandato na Câmara Federal em 2022, pelo PSOL, com 256 mil votos. Nascida em Franco da Rocha, foi vereadora de São Paulo de 2021 a 2023. Já na Câmara dos Deputados, atuou como líder da Federação PSOL Rede e como 2ª vice-presidente da Comissão de Direitos Humanos, Minorias e Igualdade Racial. Atualmente é presidente da Comissão de Defesa dos Direitos da Mulher. Os outros candidatos a deputado federal com mais votos nesta eleição foram André Fernandes (PL-CE), com 684.732 votos; Sâmia Bomfim (PSOL-SP), com 583.107 votos; Julia Zanatta (PL-SC), com 560.223 votos; Ana Elisa (PT-MG), com 524.129 votos; Kim Kataguiri (Missão-SP), com 520.071 votos; Tabata Amaral (PSB-SP), com 476.383 votos; e Jeffrey Chiquini (Novo-PR), com 425.399 votos. Confira mais informações sobre a composição na Câmara e Senado no Repórter Brasil , da TV Brasil	Agência Brasil	politica	False
https://agenciabrasil.ebc.com.br/politica/noticia/2026-10/espirito-santo-tera-2o-turno-entre-lorenzo-pazolini-e-ricardo-ferraco	2026-10-04	Espírito Santo terá 2º turno entre Lorenzo Pazolini e Ricardo Ferraço	Pazolini teve 49,65% dos votos válidos e Ferraço, 34,06%	Lorenzo Pazolini (Republicanos) e Ricardo Ferraço (MDB) vão disputar o segundo turno da eleição para governador do Espírito Santo. Os dois candidatos foram os mais votados no primeiro turno, realizado neste domingo (4), segundo dados do Tribunal Superior Eleitoral (TSE). Com 100% das urnas apuradas, Pazolini ficou em primeiro lugar, com 49,65% dos votos válidos, ou 1.048.633 votos. Ferraço ficou em segundo, com 34,06%, equivalente a 719.397 votos. Como nenhum dos candidatos obteve mais da metade dos votos válidos, a eleição para governador do Espírito Santo será decidida em segundo turno, marcado para 25 de outubro. Os demais candidatos obtiveram:	Agência Brasil	politica	False
https://agenciabrasil.ebc.com.br/politica/noticia/2026-10/eleicoes-abstencao-cresce-216-e-soma-33-milhoes-de-brasileiros	2026-10-05	Eleições: abstenção cresce para 21,6% e soma 33 milhões de brasileiros	A cada 10 brasileiros aptos a votar, dois não compareceram às urnas	A abstenção no 1º turno das eleições 2026 bateu recorde com 33,4 milhões de pessoas que não compareceram às urnas, representando 21,08% do total de eleitores. Em 2022, a abstenção foi 20,9%, o que representou 32,7 milhões de pessoas. Os dados são do Tribunal Superior Eleitoral (TSE). A abstenção desse domingo (4) foi semelhante à das eleições municipais de 2024, que costumam registrar uma ausência maior que as eleições nacionais. Há dois anos, 33,7 milhões de pessoas não foram votar no 1º turno para prefeito e vereador, chegando a 21,68% do eleitorado total. O 1º turno da eleição de 2026 contava com 158,7 milhões de eleitores aptos a votar. Desses, 125,2 milhões compareceram aos colégios eleitorais. De cada dez eleitores, dois não foram às urnas. Considerando o primeiro turno das eleições gerais, a abstenção desse domingo só foi menor que a de 1998, quando 21,49% do eleitorado não compareceu aos colégios eleitorais. Dos que compareceram às zonas eleitorais, 2,3 milhões votaram em branco para presidente, o que representou 1,84% do eleitorado, e 3,6 milhões anularam o voto presidencial, o que representou 2,93% do total de votos válidos. Os eleitores que não votaram no 1º turno, ainda podem votar no 2º turno , desde que estejam com o título regularizado. Confira mais informações sobre as abstenções no 1° turno no Repórter Brasil , da TV Brasil.	Agência Brasil	politica	False
https://agenciabrasil.ebc.com.br/politica/noticia/2026-10/jeronimo-e-reeleito-governador-no-primeiro-turno-na-bahia	2026-10-04	Jerônimo é reeleito governador no primeiro turno na Bahia	Candidato do PT obteve 55,41% dos votos válidos, segundo dados do TSE	"Jerônimo Rodrigues foi reeleito governador da Bahia neste domingo (4), no primeiro turno das eleições de 2026. O candidato do PT obteve 55,41% dos votos válidos, o equivalente a 4.440.938 votos, segundo dados do Tribunal Superior Eleitoral (TSE). Até as 21h23, 96,73% das urnas haviam sido totalizadas no estado. Com o resultado, ele está matematicamente eleito. Jerônimo ficou à frente de ACM Neto (União), que recebeu 44,11% dos votos (3.535.498). Na sequência, aparecem os seguintes candidatos: A eleição para governador é definida em primeiro turno quando uma candidatura obtém mais da metade dos votos válidos. Com o resultado, não haverá segundo turno para o governo da Bahia. Atual governador, Jerônimo Rodrigues é engenheiro agrônomo e professor universitário. Foi secretário estadual de Desenvolvimento Rural e de Educação e secretário nacional do Desenvolvimento Territorial. Buscava a reeleição. Nas redes sociais, Jerônimo celebrou a reeleição e escreveu que trabalhará para eleger o presidente Luiz Inácio Lula da Silva no segundo turno. ""A Bahia vai seguir avançando! Chegamos até aqui porque cada baiano e cada baiana acreditou no nosso projeto. Agora, vamos arregaçar as mangas e seguir para o segundo turno das eleições, ao lado do presidente Lula, para garantirmos a vitória da democracia. Vamos à luta! Obrigado."", postou o governador reeleito. A votação para governador ocorreu simultaneamente à eleição para presidente, senador e deputados federal, estadual ou distrital (no caso do Distrito Federal)."	Agência Brasil	politica	False
https://agenciabrasil.ebc.com.br/politica/noticia/2026-10/Seis-estados-e-o-DF-terao-segundo-turno-para-governador	2026-10-04	Seis estados e o DF terão segundo turno para governador	Nova disputa nas urnas está marcada para o dia 25 de outubro	Após a realização do primeiro turno das eleições de 2026, realizado neste domingo (4), sete estados não definiram o governador e a disputa irá para o segundo turno. A nova rodada está marcada para o dia 25 de outubro. Os estados que terão segundo turno são: No Acre, Mailza Assis (PP) e Alan Rick (Republicanos) vão disputar o segundo turno. Mailza terminou a apuração em primeiro lugar, com 49,76% dos votos válidos e Rick ficou em segundo, com 32,27%. Omar Aziz (PSD) e Professora Maria do Carmo (PL) vão disputar o segundo turno da eleição para governador do Amazonas.Aziz terminou a apuração em primeiro lugar, com 40,38% dos votos válidos e Maria do Carmo ficou em segundo, com 24,72%. No Distrito Federal , Celina Leão (PP) terminou a apuração em primeiro lugar, com 49,93% dos votos válidos e Leandro Grass (PT) ficou em segundo, com 34,48%. Lorenzo Pazolini (Republicanos) e Ricardo Ferraço (MDB) vão disputar o segundo turno no Espírito Santo. Pazolini obteve 49,65% dos votos válidos e Ferraço ficou com 34,06%. No Rio de Janeiro, Douglas Ruas (PL) e Eduardo Paes (PSD) se enfrentarão no dia 25 de outubro na disputa pelo governo do estado. No primeiro turno, Ruas ficou com 49,27% e Paes obteve 42,76% dos votos. Allyson (União) e Cadu de Lula (PT) vão disputar o segundo turno da eleição para governador do Rio Grande do Norte. Allyson ficou em primeiro lugar, com 36,83% dos votos válidos e Cadu de Lula obteve 36,21% dos votos. No Tocantins, Professora Dorinha (União) e Vicentinho Júnior (PSDB) vão disputar o segundo turno da eleição para governador. Dorinha terminou a apuração em primeiro lugar, com 45,52%  dos votos válidos e Vicentinho ficou em segundo, com 43,94%.	Agência Brasil	politica	False
https://agenciabrasil.ebc.com.br/politica/noticia/2026-10/veja-os-20-estados-onde-o-governador-foi-eleito-no-1o-turno	2026-10-04	Veja os 20 estados onde o governador foi eleito no 1º turno	No Nordeste, oito governadores foram eleitos neste domingo (4)	A eleição para governador foi encerrada no primeiro turno, neste domingo, em 20 estados. Os vencedores conseguiram alcançar mais da metade (50% mais um) dos votos válidos, sem considerar os brancos e nulos, e foram eleitos. Do total de governadores eleitos neste domingo (4), oito são do Nordeste, quatro do Norte, três no Sul, três do Centro-Oeste e dois do Sudeste. JHC (PSDB) foi eleito governador de Alagoas. JHC ficou à frente de Renan Filho (MDB). João Henrique Caldas, o JHC, foi deputado estadual e deputado federal antes de ser eleito prefeito de Maceió em 2020 e reeleito em 2024. Renunciou à prefeitura em abril de 2026 para disputar o governo de AlagoaS. O candidato Dr. Furlan (PSD) foi eleito governador do Amapá . Ele tem 53 anos e nasceu em San José, na Costa Rica, mas é filho de brasileiros. É médico cirurgião cardiovascular, foi eleito deputado estadual em 2014 e reeleito em 2018. Em 2020, foi eleito prefeito de Macapá e reeleito em 2024. Em março deste ano, Dr. Furlan foi afastado do cargo após indícios de desvio de recursos federais destinados à construção do Hospital Geral Municipal. Logo após, ele renunciou ao mandato. Jerônimo Rodrigues (PT) foi reeleito governador da Bahia . Atual governador, Jerônimo Rodrigues é engenheiro agrônomo e professor universitário. Foi secretário estadual de Desenvolvimento Rural e de Educação e secretário nacional do Desenvolvimento Territorial. Elmano de Freitas (PT) foi reeleito governador do Ceará . Atual governador, Elmano de Freitas é formado em Direito. Foi secretário de Educação de Fortaleza e deputado estadual por dois mandatos. Em 2012, disputou a prefeitura da capital cearense. Foi eleito governador em 2022. Daniel Vilela (MDB) foi reeleito governador de Goiás. Atual governador de Goiás, Daniel Vilela assumiu o cargo em março de 2026, após a renúncia de Ronaldo Caiado. Formado em direito, foi vereador, deputado estadual e deputado federal. Também presidiu a Comissão de Constituição e Justiça da Câmara. Eduardo Braide (PSD) foi eleito governador do Maranhão. Eduardo Braide foi prefeito de São Luís por dois mandatos, eleito em 2020 e reeleito em 2024. Antes, foi deputado estadual por dois mandatos e deputado federal. Em 2026, deixou a prefeitura para disputar o governo do Maranhão. Otaviano Pivetta (Republicanos) foi reeleito governador de Mato Grosso . Atual governador de Mato Grosso, Otaviano Pivetta assumiu o cargo em março de 2026, após a renúncia de Mauro Mendes. Foi prefeito de Lucas do Rio Verde por três mandatos e vice-governador por dois mandatos. Eduardo Riedel (PP)  foi reeleito governador de Mato Grosso do Sul. Atual governador de Mato Grosso do Sul, Eduardo Riedel iniciou sua vida pública em 2015, quando assumiu a Secretaria de Estado de Governo e Gestão Estratégica (Segov) no governo de Mato Grosso do Sul. Foi presidente do Conselho Deliberativo do Sebrae e diretor da Confederação da Agricultura e Pecuária do Brasil (CNA), além de ter sido secretário estadual de Governo e de Infraestrutura. Cleitinho Azevedo (Republicanos) foi eleito governador de Minas Gerais. Cleitinho ficou à frente de Patrus Ananias (PT). Senador por Minas Gerais, Cleitinho Azevedo é empresário e músico. Foi vereador de Divinópolis e deputado estadual antes de chegar ao Senado, em 2023. Em 2026, disputou pela primeira vez o governo de Minas. Dr. Daniel (Podemos) foi eleito governador do Pará. Daniel Barbosa Santos é médico e nasceu em Açailândia (MA). Foi prefeito de Ananindeua (PA) por dois mandatos. Antes, foi vereador, deputado estadual e presidente da Assembleia Legislativa do Pará. Lucas Ribeiro (PP) foi reeleito governador da Paraíba. Atual governador da Paraíba, Lucas Ribeiro assumiu o cargo em abril de 2026, após a renúncia de João Azevêdo. Antes, foi vereador e vice-prefeito de Campina Grande e vice-governador do estado. Sergio Moro (PL) foi eleito governador do Paraná. Ele ficou à frente de Sandro Alex. Moro é natural de Maringá (PR) e ficou conhecido nacionalmente como juiz federal à frente de processos da Operação Lava Jato. Foi ministro da Justiça e Segurança Pública no governo Jair Bolsonaro e atualmente é senador pelo Paraná. Aos 54 anos, disputou pela primeira vez o governo do estado. Raquel Lyra (PSD) foi reeleita governadora de Pernambuco. Atual governadora, Raquel Lyra foi deputada estadual e prefeita de Caruaru por dois mandatos. Em 2022, tornou-se a primeira mulher eleita governadora do estado. Rafael Fonteles (PT) foi reeleito governador do Piauí . Eleito o governador mais jovem do Piauí em 2022, Rafael Fonteles é bacharel em matemática pela Universidade Federal do Piauí (UFPI). Atualmente com 41 anos, é natural de Teresina e mestre em economia matemática pelo Instituto Nacional de Matemática Pura e Aplicada (Impa). Fonteles é professor e ocupou o cargo de secretário estadual da Fazenda do Piauí, presidindo o Comitê Nacional dos Secretários de Fazenda dos Estados e do Distrito Federal (Comsefaz) de 2019 a 2021. Luciano Zucco (PL) foi eleito governador do Rio Grande do Sul. Luciano Zucco é militar reformado. Foi deputado estadual e, em 2022, elegeu-se deputado federal. É natural de Alegrete (RS) e tem 52 anos. Em 2026, disputou pela primeira vez o governo gaúcho. Marcos Rogério (PL) foi eleito governador de Rondônia . Marcos Rogério foi vereador de Ji-Paraná e deputado federal por dois mandatos. É senador por Rondônia desde 2019 e já disputou o governo estadual em 2022, quando chegou ao segundo turno. Em 2026, volta a concorrer ao cargo. Arthur Henrique (PL) foi eleito governador de Roraima. Arthur Henrique (PL) tem 45 anos e é natural de Boa Vista (RR).  Ele foi vice-prefeito e secretário municipal da capital antes de ser eleito prefeito em 2020 e reeleito em 2024. Renunciou à prefeitura em abril de 2026 para disputar o governo de Roraima. Jorginho Mello (PL) foi reeleito . Natural de Ibicaré (SC), Jorginho tem 70 anos. Ele foi deputado estadual, deputado federal e senador. Formado em direito e estudos sociais, foi diretor do Banco do Estado de Santa Catarina (BESC). Tarcísio de Freitas (Republicanos) foi reeleito governador de São Paulo . Tarcísio é servidor público de carreira, formado pela Academia Militar das Agulhas Negras (AMAN) e graduado em engenharia no Instituto Militar de Engenharia. Fez parte da missão de paz da Organização das Nações Unidas (ONU) no Haiti. Trabalhou nas áreas de infraestrutura e investimento, foi presidente do Departamento Nacional de Infraestrutura de Transportes (DNIT) e ministro da Infraestrutura durante o governo de Jair Bolsonaro. Fábio Mitidieri (PSD) foi reeleito para o cargo em primeiro turno. Iniciou na política em 2008, quando foi vereador de Aracaju pelo PDT. Também foi secretário municipal de Aracaju na gestão do prefeito Edvaldo Nogueira, e secretário estadual  no governo de Jackson Barreto. Além disso, foi deputado federal por dois mandatos, eleito em 2014 e 2018. Confira mais informações sobre os governadores eleitos em 1° turno no Repórter Brasil , da TV Brasil	Agência Brasil	politica	False
https://agenciabrasil.ebc.com.br/politica/noticia/2026-10/ceara-reelege-elmano-governador-no-primeiro-turno	2026-10-04	Ceará reelege Elmano governador no primeiro turno	Atual mandatário obteve 52,88% dos votos válidos, segundo dados do TSE	"Elmano de Freitas foi reeleito governador do Ceará neste domingo (4), no primeiro turno das eleições de 2026. O candidato do PT obteve 52,88% dos votos válidos, o equivalente a 2.770.571 votos, segundo dados do Tribunal Superior Eleitoral (TSE). Até as 21h08, 96,79% das urnas haviam sido totalizadas no estado. Com o resultado, ele está matematicamente eleito. Elmano ficou à frente de Ciro Gomes (PSDB), que recebeu 46,52% dos votos (2.437.165). Na sequência, aparecem os seguintes candidatos: A eleição para governador é definida em primeiro turno quando uma candidatura obtém mais da metade dos votos válidos. Com o resultado, não haverá segundo turno para o governo do Ceará. Nas redes sociais, o governador reeleito disse a vitória representa o reconhecimento da gestão e a união do povo cearense. ""Vencemos ao lado do povo cearense! Essa vitória é o reconhecimento de um trabalho construído com compromisso, resultados e, acima de tudo, união"", postou. Segundo Elmano, a vitória indica que o Ceará continuará progredindo. ""Meu agradecimento a todos e todas que caminharam com a gente e fizeram parte dessa conquista. Juntos, vamos fazer muito mais, e o Ceará vai seguir avançando!"", concluiu. Atual governador, Elmano de Freitas é formado em Direito. Foi secretário de Educação de Fortaleza e deputado estadual por dois mandatos. Em 2012, disputou a prefeitura da capital cearense. Eleito governador em 2022, buscava a reeleição em 2026. A votação para governador ocorreu simultaneamente à eleição para presidente, senador e deputados federal, estadual ou distrital (no caso do Distrito Federal)."	Agência Brasil	politica	False
https://agenciabrasil.ebc.com.br/politica/noticia/2026-10/maranhao-elege-eduardo-braide-governador-no-primeiro-turno	2026-10-04	Maranhão elege Eduardo Braide governador no primeiro turno	Candidato do PSD obteve 54,1% dos votos válidos, segundo dados do TSE	Eduardo Braide foi eleito governador do Maranhão neste domingo (4), no primeiro turno das eleições de 2026. O candidato do PSD obteve 54,10% dos votos válidos, o equivalente a 2.074.520 votos, segundo dados do Tribunal Superior Eleitoral (TSE). Até as 21h17, 98,42% das urnas haviam sido totalizadas no estado. Com o resultado, ele está matematicamente eleito. Braide ficou à frente de Orleans Brandão (MDB), que recebeu 34,68% dos votos (1.329.874). Na sequência, aparecem os seguintes candidatos: A eleição para governador é definida em primeiro turno quando uma candidatura obtém mais da metade dos votos válidos. Com o resultado, não haverá segundo turno para o governo do Maranhão. “Recebo esta vitória com muita gratidão e, acima de tudo, com um profundo senso de responsabilidade. O Maranhão escolheu um novo caminho, e cabe a nós honrar cada voto, trabalhando para melhorar a vida das pessoas em todas as regiões do nosso estado”, afirmou Eduardo Braide em nota. O governador eleito prometeu ampliar o diálogo com a sociedade e unir esforços. “Essa não é uma vitória de uma pessoa. É uma vitória de todos aqueles que acreditaram que é possível fazer mais pelo Maranhão. A partir de hoje, nosso compromisso é com todos os maranhenses, independentemente de onde moram ou de como votaram. Vamos trabalhar para construir um Maranhão mais forte, desenvolvido e com mais oportunidades para todos”, acrescentou. Eduardo Braide foi prefeito de São Luís por dois mandatos, eleito em 2020 e reeleito em 2024. Antes, foi deputado estadual por dois mandatos e deputado federal. Em 2026, deixou a prefeitura para disputar o governo do Maranhão. A votação para governador ocorreu simultaneamente à eleição para presidente, senador e deputados federal, estadual ou distrital (no caso do Distrito Federal).	Agência Brasil	politica	False
https://agenciabrasil.ebc.com.br/politica/noticia/2026-10/alagoas-elege-jhc-governador-no-primeiro-turno	2026-10-04	Alagoas elege JHC governador no primeiro turno	Candidato obteve 52,09% dos votos válidos, segundo dados do TSE	JHC foi eleito governador de Alagoas neste domingo (4), no primeiro turno das eleições de 2026. O candidato do PSDB obteve 52,09% dos votos válidos, o equivalente a 873.978 votos, segundo dados do Tribunal Superior Eleitoral (TSE). Até as 21h38, 98,28% das urnas haviam sido totalizadas no estado. Com o resultado, ele está matematicamente eleito. JHC ficou à frente de Renan Filho (MDB), que recebeu 47,48% dos votos (796.530). Na sequência, aparecem os seguintes candidatos: A eleição para governador é definida em primeiro turno quando uma candidatura obtém mais da metade dos votos válidos. Com o resultado, não haverá segundo turno para o governo de Alagoas. João Henrique Caldas, o JHC, foi deputado estadual e deputado federal antes de ser eleito prefeito de Maceió em 2020 e reeleito em 2024. Renunciou à prefeitura em abril de 2026 para disputar o governo de Alagoas. A votação para governador ocorreu simultaneamente à eleição para presidente, senador e deputados federal, estadual ou distrital (no caso do Distrito Federal).	Agência Brasil	politica	False
https://agenciabrasil.ebc.com.br/politica/noticia/2026-10/cleitinho-azevedo-e-eleito-governador-de-minas-gerais-no-primeiro-turn	2026-10-04	Cleitinho Azevedo é eleito governador de Minas Gerais no 1º turno	Cleitinho Azevedo obteve 55,41% dos votos válidos, segundo o TSE	Cleitinho Azevedo (Republicanos) foi eleito governador de Minas Gerais neste domingo (4), no primeiro turno das eleições de 2026. O candidato obteve 55,41% dos votos válidos, o equivalente a 6.276.925 votos, segundo dados do Tribunal Superior Eleitoral (TSE). Até às 21h50, 99,34% das urnas haviam sido totalizadas no estado. Cleitinho Azevedo ficou à frente de Patrus Ananias (PT), que recebeu 26,28% dos votos (2.977.570). A eleição para governador é definida em primeiro turno quando uma candidatura obtém mais da metade dos votos válidos. Com o resultado, não haverá segundo turno para o governo de Minas Gerais. Senador por Minas Gerais, Cleitinho Azevedo é empresário e músico. Foi vereador de Divinópolis e deputado estadual antes de chegar ao Senado, em 2023. Este ano, disputou pela primeira vez o governo de Minas.	Agência Brasil	politica	False
https://agenciabrasil.ebc.com.br/politica/noticia/2026-10/douglas-ruas-e-eduardo-paes-disputam-o-2o-turno-para-o-governo-do-rio	2026-10-04	Douglas Ruas e Eduardo Paes disputam o 2º turno para o governo do Rio	Ruas terminou a apuração em 1º lugar, com 49,27% dos votos válidos	Douglas Ruas (PL) e Eduardo Paes (PSD) vão disputar o segundo turno da eleição para governador do Rio de Janeiro. Os dois candidatos foram os mais votados no primeiro turno, realizado neste domingo (4), segundo dados do Tribunal Superior Eleitoral (TSE). Ruas terminou a apuração em primeiro lugar, com 49,27% dos votos válidos, ou 4.268.884 votos. Paes ficou em segundo, com 42,76%, equivalente a 3.704.372 votos. Até as 21h32, 99,95% das urnas haviam sido totalizadas. Como nenhum dos candidatos obteve mais da metade dos votos válidos, a eleição para governador do Rio de Janeiro será decidida em segundo turno, marcado para 25 de outubro. Os demais candidatos obtiveram: O resultado acima ainda será ratificado pelo próprio TSE: caso o tribunal decida por invalidar os votos de Garotinho, Ruas vencerá no primeiro turno.	Agência Brasil	politica	False
https://agenciabrasil.ebc.com.br/politica/noticia/2026-10/reeleito-em-sp-tarcisio-promete-mais-entregas-para-o-proximo-mandato	2026-10-04	Reeleito em SP, Tarcísio promete mais entregas para o próximo mandato	Candidato do Republicanos obteve 62,8% dos votos válidos	O governador Tarcísio de Freitas (Republicanos), que foi reeleito neste domingo (4), fez um discurso de agradecimento após a apuração que lhe deu a vitória em primeiro turno contra Fernando Haddad, candidato pelo Partido dos Trabalhadores (PT). “Podem ter certeza que os quatro anos que virão serão ainda melhores do que foram esses quatro. Nós vamos entregar ainda mais, vamos fazer a diferença”. Candidato do Republicanos obteve 62,8% dos votos válidos e ficou à frente de Haddad, que recebeu 36,22% dos votos. No discurso da vitória, que reuniu apoiadores e políticos como o prefeito de São Paulo, Ricardo Nunes, e Marcos Pereira, presidente do Republicanos, o governador reeleito agradeceu aos eleitores e às lideranças presentes no local, especialmente os prefeitos de diversas cidades do estado de São Paulo que o apoiaram. O governador afirmou que ele e sua equipe conseguiram montar uma grande frente para disputar a eleição. “A gente mostrou que era possível construir um consenso em um país onde faltam consensos, a gente construiu consensos em torno de um projeto. Uma aliança por propósito, uma aliança por projeto, uma aliança para fazer a diferença”. Tarcísio também agradeceu a população de São Paulo. “A população que nos deu a maior votação da história nessa era da redemocratização. A partir do momento em que você tem essa porta aberta, um estado que me acolheu quatro anos atrás de forma tão generosa. Um estado que acreditou, que depositou confiança no nosso trabalho, a gente tem a obrigação de retribuir”. Tarcísio declarou que seu governo teve “coragem” para enfrentar problemas de São Paulo, como a cracolândia, a entrega de trechos do Rodoanel, a Linha 6 do Metrô, entre outras realizações. O governador reeleito também destacou os próximos desafios. “A gente sabe que tem muito a fazer. A gente sabe que tem um longo caminho a percorrer e vamos percorrer esse caminho juntos. Vamos fazer essa diferença juntos, porque o dia de hoje é o dia de renovar compromissos com o estado de São Paulo. Nós estamos conectados com o futuro, com as profissões do futuro. Com os jovens, com as mulheres, com as mães atípicas”. Confira mais informações sobre a reeleição de Tarcísio de Freitas no Repórter Brasil , da TV Brasil	Agência Brasil	politica	False
https://agenciabrasil.ebc.com.br/politica/noticia/2026-10/sergio-moro-e-eleito-governador-do-parana	2026-10-04	Sergio Moro é eleito governador do Paraná em 1º turno	Candidato está matematicamente eleito com 50,11% dos votos	"Sergio Moro (PL) foi eleito governador do Paraná. Com 99,87% das urnas apuradas, Moro obteve 50,11% dos votos válidos, o que responde a 3.126.032. Até às 20h51, 99,87% das urnas haviam sido totalizadas, segundo dados do Tribunal Superior Eleitoral (TSE). Os demais candidatos obtiveram: Foram 122 mil votos brancos e 133 mil nulos, que correspondem a 1,79% e 1,95%, respectivamente. >>> Confira os resultados do estado Sergio Moro é natural de Maringá (PR) e ficou conhecido nacionalmente como juiz federal à frente de processos da Operação Lava Jato. Foi ministro da Justiça e Segurança Pública no governo Jair Bolsonaro e atualmente é senador pelo Paraná. Aos 54 anos, disputou pela primeira vez o governo do estado. Após o resultado, em entrevista, ele afirmou que venceu ""contra toda a máquina e contra todas as mentiras"". ""Vamos provar ao Brasil que é possível fazer um governo honesto e eficiente. Vamos ser intolerantes contra qualquer espécie de desvio. Vamos fazer do Paraná uma terra segura para criar nossos filhos, filhas e as nossas família"", disse. *texto ampliado às 22h21"	Agência Brasil	politica	False
https://agenciabrasil.ebc.com.br/politica/noticia/2026-10/aziz-e-maria-do-carmo-vao-disputar-o-2deg-turno-para-governo-do-amazonas	2026-10-04	Aziz e Maria do Carmo vão disputar o 2° turno para governo do Amazonas	Candidatos do PSD e do PL foram os mais votados no 1º turno	Omar Aziz (PSD) e Professora Maria do Carmo (PL) vão disputar o segundo turno da eleição para governador do Amazonas. Os dois candidatos foram os mais votados no primeiro turno, realizado neste domingo (4), segundo dados do Tribunal Superior Eleitoral (TSE). Como nenhum dos candidatos obteve mais da metade dos votos válidos, a eleição para governador do Amazonas será decidida em segundo turno, marcado para 25 de outubro. Os demais candidatos obtiveram: Confira mais informações sobre a disputa por governadores em 2° turno no Repórter Brasil , da TV Brasil	Agência Brasil	politica	False
https://agenciabrasil.ebc.com.br/politica/noticia/2026-09/flavio-e-lula-vao-disputar-2o-turno-para-presidente-da-republica	2026-10-04	Flávio e Lula vão disputar 2º turno para presidente da República	Candidatos foram os mais votados no primeiro turno de 2026	"Flávio Bolsonaro (PL) e Luiz Inácio Lula da Silva (PT) seguem em disputa no segundo turno da eleição para presidente da República. Os dois candidatos foram os mais votados no primeiro turno, realizado neste domingo (4), segundo dados do Tribunal Superior Eleitoral (TSE). Flávio terminou a apuração em primeiro lugar, com 47,03% dos votos válidos, o equivalente a 56.103.033 votos. Lula ficou em segundo, com 45,16%, ou 53.870.724 votos. Até às 23h21, 99,99% das urnas haviam sido totalizadas. A eleição presidencial é decidida em segundo turno quando nenhum candidato obtém mais da metade dos votos válidos no primeiro turno. A nova votação está marcada para 25 de outubro. Em uma coletiva de imprensa após a divulgação do resultado, o candidato disse que resultado mostra que ""o Brasil quer mudança"". ""Essa é a leitura do que aconteceu hoje. Eu fiquei muito feliz com o resultado em todas as regiões. São quase 56 milhões de brasileiros e brasileiras que deram esse voto de confiança para a mudança. Eu fiquei muito feliz com a quantidade de brasileiros que foram às urnas, não se omitiram e queriam essa mudança”, disse. “Estou feliz com a possibilidade real de, daqui a três semanas, o Brasil dar uma resposta definitiva de que quer um governo moderno, com menos ministérios. Um governo que vai indicar pelo menos quatro ministros para o Supremo Tribunal Federal, que não vão tentar interferir em eleições”, acrescentou. “Eu sou o único candidato que assumiu o compromisso pelo fim da reeleição. Eu só preciso de um mandato para colocar o brasileiro no centro do meu governo, para que eu possa resolver os problemas reais do Brasil. Eu quero a oportunidade de cuidar do Brasil, de cuidar do povo brasileiro”. O presidente da República e candidato à reeleição fez um discurso por volta das 21h40 em um auditório do Hotel Renaissance, na região da Avenida Paulista, em São Paulo. Lula agradeceu os votos recebidos e reconheceu que esperava ganhar no primeiro turno. Disse que no segundo turno terá a possibilidade de mostrar à população quem é o melhor candidato. “Nós acabamos de ter uma lição da democracia no Brasil com a votação do povo brasileiro”, afirmou Lula, logo no início de sua fala. “Mas a gente tem o segundo turno e o segundo turno é a hora da prova dos nove. É a hora de a gente mostrar a verdadeira fotografia do Brasil de hoje e o Brasil que a gente quer. Então a partir de amanhã a gente começa uma nova campanha”, acrescentou. Lula criticou o seu adversário, o senador Flávio Bolsonaro, e disse que, no segundo turno, será possível mostrar com mais clareza a biografia do candidato do PL. “Do outro lado, nós temos apenas incerteza, com uma biografia de um passado tenebroso. Não existe nada que possa vislumbrar um horizonte promissor para a sociedade brasileira."" Confira mais informações sobre o resultado da disputa para a Presidência no Repórter Brasil , da TV Brasil"	Agência Brasil	politica	False
https://agenciabrasil.ebc.com.br/politica/noticia/2026-10/mailza-assis-e-alan-rick-disputarao-o-2deg-turno-para-governador-do-acre	2026-10-04	Mailza Assis e Alan Rick disputarão o 2° turno para governador do Acre	Candidatos do PP e do Republicanos foram os mais votados no 1º turno	Mailza Assis (PP) e Alan Rick (Republicanos) vão disputar o segundo turno da eleição para governador no estado do Acre. Os dois candidatos foram os mais votados no primeiro turno, realizado neste domingo (4), segundo dados do Tribunal Superior Eleitoral (TSE). Até às 20h42, 99,9% das urnas haviam sido totalizadas. Como nenhum dos candidatos obteve mais da metade dos votos válidos, a eleição para governador do Acre será decidida em segundo turno, marcado para o dia 25 de outubro. Os demais candidatos obtiveram: Confira mais informações sobre a disputa por governadores em 2° turno no Repórter Brasil , da TV Brasil	Agência Brasil	politica	False
https://agenciabrasil.ebc.com.br/politica/noticia/2026-10/crimes-eleitorais-pf-apreende-quase-r-1-milhao-em-bens-e-valores	2026-10-04	Crimes eleitorais: PF apreende quase R$ 1 milhão em bens e valores	Ao todo, 22 inquéritos foram instaurados	Até às 18h10 deste domingo (4), a Polícia Federal (PF) instaurou 22 inquéritos policiais e lavrou 72 termos circunstanciados de ocorrência para apurar a prática de crimes eleitorais. As ocorrências foram registradas em 24 estados: Bahia, Rio de Janeiro, Alagoas, Espírito Santo, Pernambuco, Minas Gerais, Sergipe, Roraima, Acre, Rondônia, Amapá, Maranhão, Amazonas, Mato Grosso, Rio Grande do Sul, São Paulo, Paraíba, Santa Catarina, Piauí, Pará, Paraná, Rio Grande do Norte e Tocantins, além do Distrito Federal. Em nota, a corporação informou ainda que, até o momento, 181 pessoas foram conduzidas e R$982.696,78 foram apreendidos em bens e valores, sendo R$457.276,50 em espécie. Entre os principais crimes apurados, segundo a PF, estão propaganda eleitoral irregular e corrupção eleitoral, sobretudo compra de votos. “A Polícia Federal ressalta que os valores de bens e dinheiro em espécie apresentados neste balanço são preliminares e ainda passarão por validação”.	Agência Brasil	politica	False
https://agenciabrasil.ebc.com.br/politica/noticia/2026-10/celina-leao-e-leandro-grass-disputam-2deg-turno-para-governador-do-df	2026-10-04	Celina Leão e Leandro Grass disputam 2° turno para governador do DF	Candidatos do PP e do PT foram os mais votados no 1º turno	Celina Leão (PP) e Leandro Grass (PT) vão disputar o segundo turno da eleição para governador do Distrito Federal. Os dois candidatos foram os mais votados no primeiro turno, realizado neste domingo (4), segundo dados do Tribunal Superior Eleitoral (TSE). Celina terminou a apuração em primeiro lugar, com 49,93% dos votos válidos, ou 824.910 votos. Grass ficou em segundo, com 34,48%, equivalente a 569.582 votos. Até 20h12, 99,93% das urnas haviam sido totalizadas. Como nenhum dos candidatos obteve mais da metade dos votos válidos, a eleição para governador do Distrito Federal será decidida em segundo turno, marcado para 25 de outubro. Os demais candidatos obtiveram: Paula Belmonte (PSDB), 8,52%; Kiko Caputo (Novo), 4,36%; e Cappelli (PSB), 2,23%. Confira mais informações sobre a disputa por governadores em 2° turno no Repórter Brasil , da TV Brasil	Agência Brasil	politica	False
https://agenciabrasil.ebc.com.br/politica/noticia/2026-10/veja-quem-sao-os-novos-senadores-e-como-fica-composicao-do-senado	2026-10-04	Veja quem são os novos senadores e como fica a composição do Senado	Dois candidatos foram eleitos em cada estado e no Distrito Federal	Os eleitores brasileiros escolheram neste domingo (4) dois senadores em cada estado e no Distrito Federal. Ao todo, 54 das 81 cadeiras do Senado Federal estiveram em disputa nas eleições de 2026, o equivalente a dois terços da Casa. Os dois candidatos mais votados em cada unidade da Federação foram eleitos. Com a renovação de dois terços das cadeiras, o resultado das urnas modifica de forma significativa a composição do Senado a partir de 2027. Para conhecer o novo quadro da Casa, no entanto, é preciso considerar também os 27 senadores eleitos em 2022 que não tiveram seus mandatos submetidos à votação neste ano . Esses parlamentares têm mandato previsto até janeiro de 2031. Os 54 novos senadores estão distribuídos em duas vagas para cada uma das 27 unidades da Federação. A votação para o Senado é majoritária: são eleitos os dois candidatos que obtêm o maior número de votos em cada estado e no Distrito Federal. Senadores eleitos em 2026: Acre (AC): Marcio Bittar (PL) e Mara Rocha (Republicanos) Alagoas (AL): Arthur Lira (PP) e Marina JHC (PSDB) Amapá (AP): Rayssa Furlan (PODE) e Lucas Barreto (PSD) Amazonas (AM): Eduardo Braga (MDB) e Plinio Valério (PSDB) Bahia (BA): Rui Costa (PT) e Jaques Wagner (PT) Ceará (CE): Cid Gomes (PSB) e Luizianne (Rede) Distrito Federal (DF): Michele Bolsonaro (PL) e Bia Kicis (PL) Espírito Santo (ES): Renato Casagrande (PSB) e Evair de Melo (Republicanos) Goiás (GO): Gustavo Gayer (PL) e Gracinha Caiado (União) Maranhão (MA): Fufuca (PP) e Lahesio Bonfim (Novo) Mato Grosso (MT): Mauro Mendes (União) e Zé Medeiros (PL) Mato Grosso do Sul (MS): Reinaldo Azambuja (PL) e Capitão Contar (PL) Minas Gerais: Domingos Sávio (PL) e Marília Campos (PT) Pará (PA): Helder (MDB) e Chicão (União) Paraíba (PB): João Azevêdo (PSB) e Veneziano (MDB) Paraná (PR): Filipe Barros (PL) e Deltan Dallangnol (Novo) Pernambuco (PE): Humberto Costa (PT) e Marília Arraes (PDT) Piauí (PI): Marcelo Castro e Júlio César (o Julim do Lula) (PSD) Rio de Janeiro (RJ): Carlos Portinho (PL) e Carlos Jordy (PL) Rio Grande do Norte (RN): Styvenson Valentim (Pode) e Samanda de Lula (PT) Rio Grande do Sul (RS): Sanderson (PL) e Marcel Van Hattem (Novo) Rondônia (RO): Dr. Fernando Máximo (PL) e Bruno Scheid (PL) Roraima (RR) : Nicoletti (PL) e Teresa Surita (MDB) Santa Catarina (SC) : Carol de Toni (PL) e Carlos Bolsonaro (PL) São Paulo (SP): Guilherme Derrite (PP) e André do Prado (PL) Sergipe (SE) : Rogério Carvalho (PT) e Delegado Alessandro (MDB) Tocantins (TO): Eduardo Gomes (PL) e Alexandre Guimarães (MDB) O Senado Federal é composto por 81 parlamentares , sendo três representantes de cada estado e do Distrito Federal. Diferentemente da Câmara dos Deputados, em que o número de representantes de cada unidade da Federação varia de acordo com a população, todos os estados e o Distrito Federal têm o mesmo número de senadores. O mandato de senador dura oito anos. Por isso, a renovação do Senado ocorre de forma alternada: em uma eleição são escolhidos 27 parlamentares, correspondentes a um terço da Casa; quatro anos depois, são escolhidos 54, correspondentes a dois terços. Portanto, os 54 eleitos neste domingo se juntam aos 27 senadores que já tinham mandato até 2031 .	Agência Brasil	politica	False
https://agenciabrasil.ebc.com.br/politica/noticia/2026-10/raquel-lyra-e-reeleita-governadora-em-pernambuco-no-primeiro-turno	2026-10-04	Raquel Lyra é reeleita governadora em Pernambuco no primeiro turno	Candidata do PSD obteve 53,27% dos votos válidos, segundo dados do TSE	"Raquel Lyra foi reeleita governadora de Pernambuco neste domingo (4), no primeiro turno das eleições de 2026. A candidata do PSD obteve 53,27% dos votos válidos, o equivalente a 2.737.297 votos, segundo dados do Tribunal Superior Eleitoral (TSE). Até as 20h59, 98,16% das urnas haviam sido totalizadas no estado. Com o resultado, ela está matematicamente eleita. Lyra ficou à frente de João Campos (PSB), que recebeu 44,78% dos votos (2.315.214). Na sequência, aparecem os seguintes candidatos: A eleição para governador é definida em primeiro turno quando uma candidatura obtém mais da metade dos votos válidos. Com o resultado, não haverá segundo turno para o governo de Pernambuco. Atual governadora, Raquel Lyra foi deputada estadual e prefeita de Caruaru por dois mandatos. Em 2022, tornou-se a primeira mulher eleita governadora do estado. Em 2026, disputa a reeleição. Nas redes sociais, Raquel agradeceu os votos e disse que Pernambuco ""escolheu continuar mudando"" ""Recebo essa vitória com o coração cheio de gratidão e com ainda mais responsabilidade. Há quatro anos, vocês fizeram história ao eleger a primeira mulher governadora de Pernambuco. Hoje, juntos, escrevemos mais um capítulo dessa história"", afirmou. A votação para governador ocorreu simultaneamente à eleição para presidente, senador e deputados federal, estadual ou distrital (no caso do Distrito Federal). *texto ampliado às 22h01"	Agência Brasil	politica	False
https://agenciabrasil.ebc.com.br/politica/noticia/2026-10/tarcisio-e-reeleito-governador-de-sao-paulo	2026-10-04	Tarcísio é reeleito governador de São Paulo	Com mais de 90% das urnas apuradas, candidato obteve 62,8% dos votos	Tarcísio de Freitas foi reeleito governador de São Paulo neste domingo (4), no primeiro turno das eleições de 2026. O candidato do Republicanos obteve 62,8% dos votos válidos, o equivalente a 13.057.319 votos, segundo dados do Tribunal Superior Eleitoral (TSE). Até 19h42, 90,02% das urnas haviam sido totalizadas no estado. Tarcísio ficou à frente de Fernando Haddad (PT), que recebeu 36,22% dos votos. A eleição para governador é definida em primeiro turno quando uma candidatura obtém mais da metade dos votos válidos. Tarcísio é servidor público de carreira, formado pela Academia Militar das Agulhas Negras (AMAN) e graduado em engenharia no Instituto Militar de Engenharia. Fez parte da missão de paz da Organização das Nações Unidas (ONU) no Haiti. Trabalhou nas áreas de infraestrutura e investimento, foi presidente do Departamento Nacional de Infraestrutura de Transportes (DNIT) e ministro da Infraestrutura. A votação para governador ocorreu simultaneamente à eleição para presidente, senador e deputados federal, estadual ou distrital (no caso do Distrito Federal). Após o anúncio do resultado, Tarcísio fez um discurso ao lado de apoiadores e políticos como o prefeito de São Paulo, Ricardo Nunes, e Marcos Pereira, presidente do Republicanos. Ele agradeceu aos eleitores e às lideranças presentes no local, especialmente os prefeitos de diversas cidades do estado de São Paulo que o apoiaram. “Podem ter certeza que os quatro anos que virão serão ainda melhores do que foram esses quatro. Nós vamos entregar ainda mais, vamos fazer a diferença”. O governador afirmou que ele e sua equipe conseguiram montar uma grande frente para disputar a eleição. “A gente mostrou que era possível construir um consenso em um país onde faltam consensos, a gente construiu consensos em torno de um projeto. Uma aliança por propósito, uma aliança por projeto, uma aliança para fazer a diferença”.	Agência Brasil	politica	False
https://agenciabrasil.ebc.com.br/politica/noticia/2026-10/dr-daniel-e-eleito-governador-do-para-no-primeiro-turno	2026-10-04	Dr. Daniel  é eleito governador do Pará no primeiro turno	Candidato do Podemos obteve 51,75% dos votos válidos, segundo o TSE	Dr. Daniel (Podemos) foi eleito governador do Pará neste domingo (4), no primeiro turno das eleições de 2026. O candidato da coligação O Pará é do Povo (Pode/PL/DC/Novo/Solidariedade) obteve 51,75% dos votos válidos, o equivalente a 2.307.995 votos, segundo dados do Tribunal Superior Eleitoral (TSE). Até 21h02, 97,7% das urnas haviam sido totalizadas no estado. Dr. Daniel ficou à frente de Hana Ghassan (MDB), que recebeu 46,15% dos votos. Na sequência, aparecem: A eleição para governador é definida em primeiro turno quando uma candidatura obtém mais da metade dos votos válidos. Com o resultado, não haverá segundo turno para o governo do Pará. Daniel Barbosa Santos é médico e nasceu em Açailândia (MA). Foi prefeito de Ananindeua (PA) por dois mandatos. Antes, foi vereador, deputado estadual e presidente da Assembleia Legislativa do Pará. A votação para governador ocorreu simultaneamente à eleição para presidente, senador e deputados federal, estadual ou distrital (no caso do Distrito Federal).	Agência Brasil	politica	False
https://agenciabrasil.ebc.com.br/politica/noticia/2026-10/fabio-e-reeleito-para-governar-o-sergipe-por-mais-quatro-anos	2026-10-04	Fábio Mitidieri é reeleito para governar o Sergipe por mais 4 anos	Candidato do PSD obteve 59,04% dos votos válidos	"O governador de Sergipe, Fábio Mitidieri (PSD), foi reeleito para o cargo em primeiro turno. Com 92,99% das urnas apuradas, o candidato aparece com 59,04% dos votos válidos, o equivalente a 666.291 votos, segundo dados do Tribunal Superior Eleitoral (TSE). Em segundo lugar, ficou Valmir de Francisquinho (Republicanos), que obteve 37,58% dos votos válidos, o equivalente a 424.173 votos. Dr. Helton (PSOL) ficou com 3,15% dos votos válidos (35.524) e Taty Cristina de Jesus (DC), com 0,23% (2.621). Fábio Mitidieri tem 49 anos e é formado em administração. O vice-governador eleito é Jeferson Andrade. Iniciou na política em 2008, quando foi vereador de Aracaju pelo PDT. Também foi secretário municipal de Aracaju na gestão do prefeito Edvaldo Nogueira, e secretário estadual  no governo de Jackson Barreto. Além disso, foi deputado federal por dois mandatos, eleito em 2014 e 2018. Em suas redes sociais, ele comemorou a reeleição e agradeceu a confiança da população. ""A aprovação da gestão mostra o quanto o povo sergipano espera de nós e o quanto a gente tem por fazer. Eu só sei agradecer trabalhando e vou começar a trabalhar cada vez mais para que a gente possa fazer um segundo mandato ainda melhor do que foi o primeiro"", afirmou. *matéria ampliada às 21h19"	Agência Brasil	politica	False
https://agenciabrasil.ebc.com.br/politica/noticia/2026-10/allyson-e-cadu-de-lula-vao-disputar-o-2o-turno-para-governador-do-rn	2026-10-04	Allyson e Cadu de Lula vão disputar o 2º turno para governador do RN	Até as 20h49, 94,33% das urnas haviam sido totalizadas	Allyson (União) e Cadu de Lula (PT) vão disputar o segundo turno da eleição para governador do Rio Grande do Norte. Os dois candidatos foram os mais votados no primeiro turno, realizado neste domingo (4), segundo dados do Tribunal Superior Eleitoral (TSE). Os dados da apuração apontam Allyson em primeiro lugar, com 36,69% dos votos válidos, ou 685.289 votos. Cadu de Lula ficou em segundo, com 36,31%, equivalente a 690.969 votos. Até as 20h49, 94,33% das urnas haviam sido totalizadas. Como nenhum dos candidatos obteve mais da metade dos votos válidos, a eleição para governador do Rio Grande do Norte será decidida em segundo turno, marcado para 25 de outubro. Os demais candidatos obtiveram:	Agência Brasil	politica	False
https://agenciabrasil.ebc.com.br/politica/noticia/2026-10/dr-furlan-e-eleito-governador-do-amapa-no-primeiro-turno	2026-10-04	Dr. Furlan é eleito governador do Amapá no primeiro turno	Candidato do PSD obteve 62,01% dos votos válidos, segundo dados do TSE	"O candidato Dr. Furlan (PSD) foi eleito governador do Amapá neste domingo (4), no primeiro turno das eleições de 2026. O candidato da coligação Trabalhar para Transformar o Amapá (NOVO/PSD/PODE/PL) obteve 62,01% dos votos válidos, o equivalente a 238.963 votos, segundo dados do Tribunal Superior Eleitoral (TSE). Até às 20h11, 88,51% das urnas haviam sido totalizadas no estado. Dr. Furlan ficou à frente de Clécio (União Brasil), que recebeu 37,72% dos votos. Na sequência, aparecem: A eleição para governador é definida em primeiro turno quando uma candidatura obtém mais da metade dos votos válidos. Com o resultado, não haverá segundo turno para o governo do Amapá. Em suas redes sociais, ele agradeceu os votos e a escolha da população. ""Não vamos decepcionar. Aqui tem muito trabalho e sempre vai ter"", publicou. Antônio Furlan (PSD) tem 53 anos e nasceu em San José, na Costa Rica, mas é filho de brasileiros. É médico cirurgião cardiovascular, foi eleito deputado estadual em 2014 e reeleito em 2018. Em 2020, foi eleito prefeito de Macapá e reeleito em 2024. Em março deste ano, Dr. Furlan foi afastado do cargo após indícios de desvio de recursos federais destinados à construção do Hospital Geral Municipal. Logo após, ele renunciou ao mandato . A votação para governador ocorreu simultaneamente à eleição para presidente, senador e deputados federal, estadual ou distrital (no caso do Distrito Federal). *texto ampliado às 21h24"	Agência Brasil	politica	False
https://agenciabrasil.ebc.com.br/politica/noticia/2026-10/eleitores-do-rio-seguem-em-fila-de-votacao-ate-depois-das-19h	2026-10-04	Eleitores do Rio seguem em fila de votação até depois das 19h	Espera para escolher candidatos acompanhava apuração já iniciada	Por volta das 19h20, ou seja, mais de duas horas após o encerramento do horário oficial de votação, eleitores seguiam em fila no estado do Rio de Janeiro para escolher seus candidatos. A informação foi confirmada pelo Tribunal Regional Eleitoral do estado (TRE-RJ) a jornalistas enquanto a apuração no estado alcançava mais de 66% das urnas. O estado tinha 12,8 milhões de eleitores aptos a votar neste domingo (4). O dia foi marcado por filas em algumas seções do Rio de Janeiro. De acordo com o TRE-RJ, o fato de os eleitores terem de escolher até seis candidatos explica o tempo mais longo nas cabines de votação. No estado, até 19h05, 232 urnas eletrônicas precisaram ser substituídas, o que representa 0,55% do total de equipamentos.	Agência Brasil	politica	False
https://agenciabrasil.ebc.com.br/politica/noticia/2026-10/luciano-zucco-e-eleito-governador-do-rs	2026-10-04	No Rio Grande do Sul, Luciano Zucco é eleito governador em 1º turno	Candidato está matematicamente eleito com 57,88% dos votos	Luciano Zucco (PL) está eleito governador do Rio Grande do Sul. Com 91,53% das urnas apuradas, ele obteve 57,88% dos votos válidos, Juliana Brizola (PDT) 31,88% e Gabriel Souza (MDB) 8,40%. Com esse resultado, ele está matematicamente eleito. Até 19h16, 91,53% das urnas haviam sido totalizadas. Luciano Zucco é militar reformado. Foi deputado estadual e, em 2022, elegeu-se deputado federal. É natural de Alegrete (RS) e tem 52 anos. Em 2026, disputou pela primeira vez o governo gaúcho.	Agência Brasil	politica	False
https://agenciabrasil.ebc.com.br/politica/noticia/2026-10/piaui-reelege-rafael-fonteles-como-governador-no-primeiro-turno	2026-10-04	Piauí reelege Rafael Fonteles como governador no primeiro turno	Candidato do PT obteve 70,16% dos votos válidos, segundo dados do TSE	"Rafael Fonteles (PT) foi reeleito governador do Piauí neste domingo (4), no primeiro turno das eleições de 2026. O candidato do PT obteve 70,16% dos votos válidos, o equivalente a 1.180.667 votos, segundo dados do Tribunal Superior Eleitoral (TSE). Até as 19h29, 83,43% das urnas haviam sido totalizadas no estado. Com o resultado, ele está matematicamente eleito. Ribeiro ficou à frente de Joel Rodrigues (PP), que recebeu 28,20% dos votos (474.596). Na sequência, aparecem os seguintes candidatos: A eleição para governador é definida em primeiro turno quando uma candidatura obtém mais da metade dos votos válidos. Com o resultado, não haverá segundo turno para o governo do Piauí. Eleito o governador mais jovem do Piauí em 2022, Rafael Fonteles é bacharel em matemática pela Universidade Federal do Piauí (UFPI). Atualmente com 41 anos, é natural de Teresina e mestre em economia matemática pelo Instituto Nacional de Matemática Pura e Aplicada (Impa). Fonteles é professor e ocupou o cargo de secretário estadual da Fazenda do Piauí, presidindo o Comitê Nacional dos Secretários de Fazenda dos Estados e do Distrito Federal (Comsefaz) de 2019 a 2021 Nas suas redes sociais, o governador agradeceu à população por dar mais uma vez um voto de confiança. ""Nosso trabalho vai continuar, pensando em todos e todas, sem deixar ninguém para trás"", afirmou. *texto ampliado às 21h38"	Agência Brasil	politica	False
https://agenciabrasil.ebc.com.br/politica/noticia/2026-10/menos-numerosos-em-2026-adolescentes-exercem-direito-ao-voto	2026-10-04	Menos numerosos em 2026, adolescentes exercem direito ao voto	Voto é facultativo entre os 16 e os 18 anos	"Mais de 3 milhões de eleitores com 16 a 18 anos eram esperados nas eleições de 2026, faixa etária em que o voto é facultativo. Mesmo assim, muitos jovens preferem participar da escolha dos próximos representantes políticos, direito que foi garantido na redemocratização, após a ditadura militar, com a Constituição Federal de 1988. Em 2026, esses jovens são 2,25% do eleitorado nacional, que tem 158 milhões pessoas ao todo. Apesar disso, os 3,5 milhões de adolescentes que podiam votar neste ano eram menos numerosos que os 4,1 milhões que se alistaram em 2022 . A diminuição reflete mudanças na pirâmide etária nacional. No pleito atual, o maior grupo de eleitores aptos tinha entre 40 e 49 anos. O Nordeste concentra o maior contingente de jovens com até 18 anos ─ 1,3 milhão . Logo depois, o Sudeste tem 1 milhão, e o Norte, 478 mil. A estudante Luiza Rocha Guerreiro, de 17 anos, foi uma das que votou pela primeira vez nestas eleições. Ela chegou durante a tarde à seção eleitoral, no Largo do Machado, na Zona Sul do Rio de Janeiro, com documentos e a cola eleitoral. ""Não tem como você deixar outras pessoas decidirem sobre o seu futuro"", afirmou, ao deixar o local com a família. ""É nosso direito"". Para selecionar os candidatos, a jovem conta que pesquisou propostas até no site do Tribunal Superior Eleitoral. ""Preferi olhar lá do que em rede social, porque, às vezes, nas redes, as opiniões ficam um pouco exarcebadas"". Escolher os candidatos majoritários, como presidente e governador, foi mais fácil para o estudante Caio de Moraes, de 17 anos. ""Já vinha observando as propostas. Refleti comigo mesmo, e decidi quem era melhor"", observou. Já Esthefany Marques Guimarães, de 18 anos, contou com a ajuda da mãe para escolher em quem votar. Trabalhando como entregadora na plataforma iFood, a jovem disse que faltou tempo. ""Fui na colinha da minhã mãe, que já está acostumada a votar"", disse. ""Se ela vota, eu vou junto"", completou."	Agência Brasil	politica	False
https://agenciabrasil.ebc.com.br/politica/noticia/2026-10/lucas-ribeiro-e-reeleito-governador-da-paraiba-no-primeiro-turno	2026-10-04	Lucas Ribeiro é reeleito governador da Paraíba no primeiro turno	Candidato do PP obteve 64,41% dos votos válidos, segundo dados do TSE	Lucas Ribeiro foi reeleito governador da Paraíba neste domingo (4), no primeiro turno das eleições de 2026. O candidato do PP obteve 64,41% dos votos válidos, o equivalente a 1.233.120 votos, segundo dados do Tribunal Superior Eleitoral (TSE). Até as 18h57, 85,57% das urnas haviam sido totalizadas no estado. Com o resultado, ele está matematicamente eleito. Ribeiro ficou à frente de Efraim Filho (PL), que recebeu 24,44% dos votos (477.730). Na sequência, aparecem os seguintes candidatos: A eleição para governador é definida em primeiro turno quando uma candidatura obtém mais da metade dos votos válidos. Com o resultado, não haverá segundo turno para o governo da Paraíba. Atual governador da Paraíba, Lucas Ribeiro assumiu o cargo em abril de 2026, após a renúncia de João Azevêdo. Antes, foi vereador e vice-prefeito de Campina Grande e vice-governador do estado. Em 2026, buscava a reeleição. A votação para governador ocorreu simultaneamente à eleição para presidente, senador e deputados federal, estadual ou distrital (no caso do Distrito Federal).	Agência Brasil	politica	False
https://agenciabrasil.ebc.com.br/politica/noticia/2026-10/eduardo-riedel-e-reeleito-governador-de-ms-no-primeiro-turno	2026-10-04	Eduardo Riedel é reeleito governador de MS no primeiro turno	Riedel obteve 67,36% dos votos válidos, segundo dados do TSE	Eduardo Riedel foi reeleito governador de Mato Grosso do Sul neste domingo (4), no primeiro turno das eleições de 2026. O candidato do PP obteve 67,36% dos votos válidos, o equivalente a 763.725 votos, segundo dados do Tribunal Superior Eleitoral (TSE). Até 18h33, 83% das urnas haviam sido totalizadas no estado. Riedel ficou à frente de Fábio Trad (PT), que recebeu 23% dos votos. Na sequência, aparecem Joaõ Henrique Catan (Novo), com 7,47%; Delcidio Amaral (PRD), com 1,09%; Economista Renato Gomes (DC), com 0,44%; Lucien Rezende (PSOL), com 0,34%; Daniel Lemes (PCO), com 0,16%; e Jeferson Bezerra (Agir), com 0,07%. A eleição para governador é definida em primeiro turno quando uma candidatura obtém mais da metade dos votos válidos. Com o resultado, não haverá segundo turno para o governo de Mato Grosso do Sul. Atual governador de Mato Grosso do Sul, Eduardo Riedel iniciou sua vida pública em 2015, quando assumiu a Secretaria de Estado de Governo e Gestão Estratégica (Segov) no governo de Mato Grosso do Sul. Foi presidente do Conselho Deliberativo do Sebrae e diretor da Confederação da Agricultura e Pecuária do Brasil (CNA), além de ter sido secretário estadual de Governo e de Infraestrutura. “Quero agradecer a cada um dos sul-mato-grossenses que depositaram os quase 914 mil votos, a confiança num projeto para o estado de Mato Grosso do Sul”, disse Riedel. Ele também exaltou a nova bancada do estado no Senado, com a eleição de Reinaldo Azambujo e Capitão Contar, ambos do PL, se juntando a Tereza Cristina (PP). A votação para governador ocorreu simultaneamente à eleição para presidente, senador e deputados federal, estadual ou distrital (no caso do Distrito Federal). *texto ampliado às 21h46	Agência Brasil	politica	False
https://agenciabrasil.ebc.com.br/politica/noticia/2026-10/MT-reelege-Otaviano-Pivetta-como-governador-no-primeiro-turno	2026-10-04	MT reelege Otaviano Pivetta como governador no primeiro turno	Pivetta obteve 61,07% dos votos válidos, segundo dados do TSE	"O empresário Otaviano Pivetta (Republicanos) foi reeleito governador de Mato Grosso neste domingo (4), no primeiro turno das eleições de 2026. O candidato do Republicanos obteve 61,7% dos votos válidos, o equivalente a 985.996 votos, segundo dados do Tribunal Superior Eleitoral (TSE). Até 19h13, 87,2% das urnas haviam sido totalizadas no estado. Na primeira declaração pública após o resultado das urnas que o reconduziu ao Palácio Paiaguás, Pivetta se disse surpreso e emocionado com o resultado. ""Extremamente emocionado, muito agradecido do povo de Mato Grosso. Eu tinha muita fé que ia ganhar, mas me senti extremamente feliz e positivamente surpreendido com a população"", destacou. Pivetta ficou à frente de Wellington Fagundes (PL), que recebeu 22,97% dos votos. Na sequência, aparecem Doutora Natasha (PSD), com 15,08%; Rafaell Milas (Missão), com 0,56%; Sargento Laudicério (Agir), com 0,18%; e Maurício Coelho (Mobiliza), com 0,15%. A eleição para governador é definida em primeiro turno quando uma candidatura obtém mais da metade dos votos válidos. Com o resultado, não haverá segundo turno para o governo de Mato Grosso. Atual governador de Mato Grosso, Otaviano Pivetta assumiu o cargo em março de 2026, após a renúncia de Mauro Mendes. Foi prefeito de Lucas do Rio Verde por três mandatos e vice-governador por dois mandatos. Em 2026, disputa a eleição para permanecer no cargo. A votação para governador ocorreu simultaneamente à eleição para presidente, senador e deputados federal, estadual ou distrital (no caso do Distrito Federal)."	Agência Brasil	politica	False
https://agenciabrasil.ebc.com.br/politica/noticia/2026-10/daniel-vilela-e-eleito-governador-de-goias-no-primeiro-turno	2026-10-04	Daniel Vilela é reeleito governador de Goiás no primeiro turno	Vilela obteve 58,82% dos votos válidos, segundo dados do TSE	Daniel Vilela foi reeleito governador de Goiás neste domingo (4), no primeiro turno das eleições de 2026. O candidato do MDB obteve 58,82% dos votos válidos, o equivalente a 1.947.517 votos, segundo dados do Tribunal Superior Eleitoral (TSE). Até 19h30, 90,14% das urnas haviam sido totalizadas no estado. Vilela ficou à frente de Wilder Morais, que recebeu 22,25% dos votos. Na sequência, aparecem Luis Cesar Bueno, com 9,74%; Marconi Perillo, com 8,82%; Luciana Amorim, com 0,33%; e Danilo da Silva, com 0,03%. A eleição para governador é definida em primeiro turno quando uma candidatura obtém mais da metade dos votos válidos. Com o resultado, não haverá segundo turno para o governo de Goiás. Atual governador de Goiás, Daniel Vilela assumiu o cargo em março de 2026, após a renúncia de Ronaldo Caiado. Formado em direito, foi vereador, deputado estadual e deputado federal. Também presidiu a Comissão de Constituição e Justiça da Câmara. A votação para governador ocorreu simultaneamente à eleição para presidente, senador e deputados federal, estadual ou distrital (no caso do Distrito Federal).	Agência Brasil	politica	False
https://agenciabrasil.ebc.com.br/politica/noticia/2026-10/jorginho-mello-e-reeleito-governador-de-santa-catarina	2026-10-04	Jorginho Mello é reeleito governador de Santa Catarina em 1° turno	Candidato pelo PL, Jorginho está considerado eleito com votos	Com 81,63% das urnas apuradas, o atual governador de Santa Catarina, Jorginho Mello (PL), foi reeleito ao cargo em primeiro turno. O candidato obteve 68,32% dos votos válidos, o equivalente a 2.373.179 votos, segundo dados do Tribunal Superior Eleitoral (TSE). Até 19h15, 81,63% das urnas haviam sido totalizadas no estado. Jorginho disputou cargo pela coligação Fé no Trabalho e Pé na Tábua, formada por Avante, Agir, DC, PSDB Cidadania, Novo, Republicanos e PL. O vice-governador eleito é Adriano Silva (PL). Também disputavam o governo do estado Gelson Merísio (PSB), que alcançou 15,91% dos votos e João Rodrigues (PSD), que até o momento registrou 13,73% dos votos. A eleição para governador é definida em primeiro turno quando uma candidatura obtém mais da metade dos votos válidos. Com o resultado, não haverá segundo turno para o governo catarinense. Natural de Ibicaré (SC), Jorginho tem 70 anos. Ele foi deputado estadual, deputado federal e senador. Formado em direito e estudos sociais, foi diretor do Banco do Estado de Santa Catarina (BESC).	Agência Brasil	politica	False
https://agenciabrasil.ebc.com.br/politica/noticia/2026-10/pf-investiga-uso-de-broches-com-camera-para-gravar-votos	2026-10-04	PF investiga uso de broches com câmera para gravar votos	Material foi encontrado com um homem em Cabo Frio (RJ)	A Polícia Federal (PF) instaurou inquérito para investigar a distribuição e o uso de broches preparados com dispositivo eletrônico no município de Cabo Frio, no Rio de Janeiro. A suspeita da polícia é que os dispositivos seriam usados para gravar o voto dos eleitores na urna eletrônica. Segundo a PF, os dispositivos, disfarçados de broches, têm na parte frontal o número do candidato e na parte traseira um adesivo que oculta a câmera com bateria. Os materiais foram encontrados com um homem que teve o celular apreendido. Os equipamentos e o celular do conduzido, que optou por ficar em silêncio, foram apreendidos e serão submetidos à perícia técnica criminal para continuidade das investigações. Por lei, é proibido entrar na cabine de votação com celulares, óculos inteligentes, câmeras fotográficas, filmadoras ou qualquer outro dispositivo eletrônico capaz de fotografar ou filmar o voto. A vedação consta na Lei das Eleições e na Resolução nº 23.759/2026 , do Tribunal Superior Eleitoral (TSE), que dispõe sobre a participação de cidadãos no processo eleitoral. A medida, de acordo com o TSE, é uma forma de resguardar o sigilo do voto. De acordo com o último balanço da PF,  até às 15h10 deste domingo (4), foram instaurados seis inquéritos policiais e lavrados 18 termos circunstanciados de ocorrência (TCs) para apurar a prática de crimes eleitorais. As ocorrências foram registradas nos estados da Bahia, Rio de Janeiro, Alagoas, Espírito Santo, Pernambuco, Minas Gerais, Sergipe, Roraima, Acre, Rondônia, Amapá, Maranhão, Amazonas, Mato Grosso, Rio Grande do Sul, São Paulo, Paraíba, Pará, Santa Catarina, Piauí e no Distrito Federal. Até o momento, 129 pessoas foram conduzidas, e foram apreendidos R$ 789,8 mil em bens e valores, sendo R$ 383,6 mil em espécie. Entre os principais crimes apurados estão a propaganda eleitoral irregular e a corrupção eleitoral, especialmente a compra de votos.	Agência Brasil	politica	False
https://agenciabrasil.ebc.com.br/politica/noticia/2026-10/dorinha-e-vicentinho-junior-vao-disputar-o-2deg-turno-no-tocantins	2026-10-04	Dorinha e Vicentinho Junior vão disputar o 2° turno no Tocantins	Candidatos do União e do PSDB foram os mais votados no 1º turno	Professora Dorinha (União) e Vicentinho Júnior (PSDB) vão disputar o segundo turno da eleição para governador do Tocantins. Os dois candidatos foram os mais votados no primeiro turno, realizado neste domingo (4), segundo dados do Tribunal Superior Eleitoral (TSE). Até 19h14, 96,28% das urnas haviam sido totalizadas Como nenhum dos candidatos obteve mais da metade dos votos válidos, a eleição para governador do Tocantins será decidida em segundo turno, marcado para 25 de outubro. Os demais candidatos obtiveram: Confira mais informações sobre a disputa por governadores em 2° turno no Repórter Brasil , da TV Brasil	Agência Brasil	politica	False
https://agenciabrasil.ebc.com.br/politica/noticia/2026-10/marcos-rogerio-e-eleito-governador-de-rondonia-no-primeiro-turno	2026-10-04	Marcos Rogério é eleito governador de Rondônia no primeiro turno	Candidato do PL obteve 57,02% dos votos válidos, segundo o TSE	"Marcos Rogério (PL) foi eleito governador de Rondônia neste domingo (4), no primeiro turno das eleições de 2026. O candidato obteve 57,02% dos votos válidos, o equivalente a 509.168 votos, segundo dados do Tribunal Superior Eleitoral (TSE). Até 19h15, 94,68% das urnas haviam sido totalizadas no estado. Com esse resultado, o candidato está matematicamente eleito. ""Quero agradecer a todos que fizeram parte deste projeto, que foi construído por muitas mãos e não pela mão de um homem só. Um time hoje conquistou um resultado histórico para o estado de Rondônia"", disse Marcos Rogério. ""Gostaria de deixar o meu agradecimento a cada rondoniense que saiu de casa hoje para exercer o seu direito de votar. Não foi apenas um voto. Foi um depósito de esperança e de mudança para o estado."" O candidato do PL ficou à frente de Adailton Furia (PSD), que recebeu 19,31%% dos votos. Na sequência, aparecem: A eleição para governador é definida em primeiro turno quando uma candidatura obtém mais da metade dos votos válidos. Com o resultado, não haverá segundo turno para o governo de Rondônia. Marcos Rogério foi vereador de Ji-Paraná e deputado federal por dois mandatos. É senador por Rondônia desde 2019 e já disputou o governo estadual em 2022, quando chegou ao segundo turno. Em 2026, volta a concorrer ao cargo. A votação para governador ocorreu simultaneamente à eleição para presidente, senador e deputados federal, estadual ou distrital (no caso do Distrito Federal)."	Agência Brasil	politica	False
https://agenciabrasil.ebc.com.br/politica/noticia/2026-10/em-sao-paulo-14-das-secoes-estavam-abertas-18h-para-votacao	2026-10-04	Em São Paulo, 14% das seções estavam abertas às 18h para votação	Informação é do presidente do TRE-SP, José Antonio Encinas Manfré	Apesar de o encerramento da votação estar marcado para as 17h, alguns eleitores do estado de São Paulo ainda estão nas filas aguardando para escolher seus candidatos, informou neste domingo (4) o presidente do Tribunal Regional Eleitoral de São Paulo (TRE-SP), José Antonio Encinas Manfré. Em entrevista coletiva concedida na sede do TRE, na capital paulista, na noite de hoje, Manfré informou que, por volta das 18h, cerca de 14% das seções eleitorais do estado ainda estavam terminando a votação. Somente eleitores que chegaram ao local de votação até as 17h estão autorizados a continuar na fila. Esse atraso na votação em São Paulo, disse o presidente do TRE paulista, é resultado tanto das fortes chuvas quanto da demora do eleitor em digitar os números nas urnas. Havia muitos cargos em votação. Além disso, alguns eleitores acabaram se esquecendo de levar as anotações com os números de seus candidatos e demoraram para digitar os números, o que acabou contribuindo para a demora nas filas. Apesar disso, o presidente do TRE disse ter considerado “satisfatória e segura” a eleição em São Paulo . Em algumas cidades do interior do estado, que foram severamente atingidas por chuvas e ventos, houve locais de votação com falta de luz. Mas isso, informou Manfré, não prejudicou a eleição, já que as urnas eletrônicas também utilizam baterias. “Não houve prejuízo às eleições porque as baterias foram acionadas”, disse ele. Boletim divulgado pelo TRE-SP às 17h de hoje informou que 317 urnas precisaram ser substituídas em todo o estado por terem apresentado alguma falha ou problema. Isso corresponde a cerca de 0,276% das 114.605 urnas que foram utilizadas para esta eleição em São Paulo.	Agência Brasil	politica	False
https://agenciabrasil.ebc.com.br/politica/noticia/2026-10/arthur-henrique-e-eleito-governador-de-roraima-no-primeiro-turno	2026-10-04	Arthur Henrique é eleito governador de Roraima no primeiro turno	Candidato do PL obteve 68,99% dos votos válidos, segundo dados do TSE	Arthur Henrique (PL) foi eleito governador de Roraima neste dmingo (4), no primeiro turno das eleições de 2026. O candidato da coligação Unidos por Roraima (PL/NOVO) obteve 68,99% dos votos válidos, o equivalente a  187.790  votos, segundo dados do Tribunal Superior Eleitoral (TSE). Até 19h09, 86,31%  das urnas haviam sido totalizadas no estado. Com esse resultado, o candidato está matematicamente eleito. Arthur Henrique ficou à frente de Soldado Sampaio, que recebeu 29,43% dos votos ([NÚMERO]). Na sequência, aparecem: A eleição para governador é definida em primeiro turno quando uma candidatura obtém mais da metade dos votos válidos. Com o resultado, não haverá segundo turno para o governo de Roraima. Arthur Henrique (PL) tem 45 anos e é natural de Boa Vista (RR). Ele foi vice-prefeito e secretário municipal da capital antes de ser eleito prefeito em 2020 e reeleito em 2024. Renunciou à prefeitura em abril de 2026 para disputar o governo de Roraima. Na eleição suplementar realizada em junho, sua chapa foi a mais votada, com 60,87% dos votos válidos. No entanto, a candidatura foi contestada por descumprimento do prazo de desincompatibilização e o resultado não foi definitivamente proclamado pela Justiça Eleitoral. A eleição suplementar foi realizada após a cassação, pelo TSE, do mandato do ex-governador Edilson Damião, que assumiu a vaga de Antonio Denarium após ele renunciar ao cargo. A chapa foi condenada no TSE por abuso de poder político e econômico nas eleições de 2022. A votação para governador ocorreu simultaneamente à eleição para presidente, senador e deputados federal, estadual ou distrital (no caso do Distrito Federal).	Agência Brasil	politica	False
https://agenciabrasil.ebc.com.br/politica/noticia/2026-10/tse-parana-tem-94-cidades-com-falta-de-luz-mas-votacao-segue-normal	2026-10-04	TSE: Paraná tem 94 cidades com falta de luz, mas votação segue normal	Nunes Marques garantiu que urnas continuaram funcionando	"Com as fortes chuvas, o Paraná registrou falta total ou parcial de energia elétrica em seções eleitorais em 94 municípios. O balanço foi anunciado pelo presidente do Tribunal Superior Eleitoral (TSE), ministro Kassio Nunes Marques. Em 140 cidades paranaenses, os problemas no fornecimento de luz apareceram já no início da eleição e não haviam sido solucionados completamente até por volta das 15h. Nunes Marques, contudo, disse que a votação seguiu normalmente no estado, assegurada pelo uso de baterias e geradores de energia. ""Todas as urnas estão funcionando"", afirmou. O Paraná soma mais de 8,6 milhões de eleitores aptos a votar este ano, segundo dados do Tribunal Regional Eleitoral (TRE). A eleição no estado é acompanhada por 47 observadores, dos quais três são da Organização dos Estados Americanos (OEA). O presidente da Corte também avaliou que as eleições transparentes e negou a existência de intromissões por parte de outros países. Nunes Marques informou que 59 pessoas são investigadas por suspeita de crimes eleitorais, sendo que 25 delas foram detidas em flagrante. Até o momento, as autoridades apreenderam mais de R$ 380 mil em espécie neste domingo. O montante passa de R$ 30 milhões, se considerado a partir de janeiro."	Agência Brasil	politica	False
https://agenciabrasil.ebc.com.br/politica/noticia/2026-10/tre-rj-nao-cre-em-aumento-de-abstencao-por-mudanca-de-local-de-votacao	2026-10-04	TRE-RJ não crê em aumento de abstenção por mudança de local de votação	Estado teve 72 alterações de localização por motivos de segurança	"A mudança de locais de votação por questões de segurança no estado do Rio de Janeiro não deve aumentar a abstenção de eleitores no primeiro turno, na avaliação do juiz eleitoral Marcello Rubioli, responsável pela fiscalização da propaganda eleitoral da capital fluminense no Tribunal Regional Eleitoral do Rio de Janeiro (TRE-RJ). ""A percepção que se tem é o contrário, de uma alta incidência de votação. Haja vista as filas que a gente tem detectado"", declarou a jornalistas na sede do tribunal. No estado, 72 locais de votação foram alterados por questões de segurança. As mudanças aconteceram em 20 cidades, incluindo a capital. A medida afeta cerca de 202 mil eleitores . As mudanças foram fruto de decisão do presidente do TRE-RJ, desembargador Claudio de Mello Tavares, após uma análise produzida pelo Grupo de Trabalho Unificado de Defesa da Integridade Eleitoral, que conta com representantes da Justiça Eleitoral e de setores de inteligência das forças de segurança. Como justificativa, o tribunal defende que o voto não pode ser livre em regiões dominadas pelo crime organizado . De acordo com o TRE-RJ, os novos locais de votação ficam fora de áreas controladas pelo tráfico de drogas ou por milícias, afastados de territórios dominados por facções rivais e o mais próximo possível de cada local de votação substituído. O juiz Marcello Rubioli explicou que somente após a votação ser encerrada será possível saber como foi o comportamento da abstenção nas localidades onde houve alterações. O TRE-RJ pode fazer o mapeamento de informações para saber se a abstenção nessas regiões aumentou e se a causa pode ser atribuída à mudança de local de votação. Ele enfatizou que os novos locais foram escolhidos de forma que permaneçam próximos à região de moradia dos eleitores. Rubioli citou ainda o exemplo do Complexo da Maré, na Zona Norte do Rio de Janeiro, onde o TRE reforçou o transporte. ""A expectativa é que não haja abstenção por esse motivo. Pode ser até que haja, mas não por esse motivo"", disse."	Agência Brasil	politica	False
https://agenciabrasil.ebc.com.br/politica/noticia/2026-10/jornais-dizem-que-voto-no-brasil-define-geopolitica-na-america-latina	2026-10-04	Jornais dizem que voto no Brasil define geopolítica na América Latina	Decisão do eleitor brasileiro é chave para planos de Trump, diz NYT	"A eleição no Brasil deste domingo (4) foi destaque em alguns dos principais jornais do mundo que apontaram a importância do pleito para a geopolítica na América Latina. O jornal New York Times ( NYT ) dos Estados Unidos (EUA) afirmou que a votação pode definir o futuro da região e que a disputa opõe o presidente Luiz Inácio Lula da Silva ao senador Flávio Bolsonaro. “A disputa também traz consequências abrangentes para os planos de Washington para o domínio na região, colocando um titular de esquerda que desafiou repetidamente o presidente Trump contra um aliado de direita alinhado com o líder americano”, diz o jornal nova-iorquino . A imprensa Argentina tem feito uma cobertura “minuto a minuto” da eleição brasileira, com atualizações sobre a votação dos principais candidatos e números divulgados pela Justiça Eleitoral do Brasil. O jornal Clarín aponta que o resultado é “imprevisível” e que essas eleições teriam sido marcadas por uma “menor mobilização” desde a redemocratização do Brasil, em 1988. “Em nível geopolítico, os Estados Unidos apostaram tudo na vitória do senador Bolsonaro, um líder que recebe os votos de seu pai, Jair Bolsonaro, e mantém um vínculo direto com a chancelaria norte-americana”, destacou o jornal argentino . No México, o jornal El Universal destacou que a eleição deste domingo no Brasil é entre dois modelos, um de “esquerda” e outro de “ultradireita”, “cada vez mais irreconciliáveis”. “[A eleição] pode consolidar o progressismo representado por Lula da Silva, que almeja seu quarto mandato, ou consolidar o bolsonarismo na figura de Flávio Bolsonaro, filho do ex-presidente Jair — este último preso por promover, em 2023, um golpe contra os três poderes. A vitória de qualquer um deles trará reacomodações na geopolítica”, diz o jornal mexicano. Na Espanha, o jornal El País traz diversas matérias sobre a eleição brasileira, apresentando a disputa como um “terceiro duelo” entre a “esquerda democrática” e a “extrema-direita dos Bolsonaro”. O texto jornalístico lembra que a América Latina tem “abraçado” as teses de Donald Trump nas últimas sete eleições da região depois que o republicano voltou à Casa Branca. ""Os brasileiros têm em suas mãos a chance de quebrar essa sequência. Ou não. E podem decidir isso agora ou daqui a três semanas”, escreveu o El País . Na Inglaterra, o jornal The Guardian afirma que a eleição no Brasil está “altamente polarizada” e é de “grande importância, que pode mudar não apenas os rumos do maior país da América Latina, mas de toda a região”. Segundo o jornal, o Brasil é um dos poucos países da América Latina que ainda têm um governo de esquerda após uma onda de vitórias eleitorais da direita e extrema-direita e a tomada do poder na Venezuela pelos EUA após o sequestro do presidente Nicolás Maduro. “A eleição de domingo coloca frente à frente o presidente de esquerda, Luiz Inácio Lula da Silva, que busca um quarto mandato não consecutivo, e o senador de extrema direita Flávio Bolsonaro, aliado de Donald Trump e filho do ex-presidente Jair Bolsonaro, que cumpre pena de 27 anos por tentativa de golpe após sua fracassada reeleição em 2022”, diz o The Guardian . Na África do Sul, o portal de notícias SABC News destacou que “os brasileiros votam neste domingo em uma eleição presidencial acirrada que poderá determinar se o maior país da América Latina seguirá a tendência conservadora da região ou trilhará seu próprio caminho”. Na China, a agência Xinhua em inglês destacou neste domingo que a campanha do candidato Luiz Inácio Lula da Silva pediu ao Supremo Tribunal Federal (STF) que investigue a suspensão consular dos EUA no Brasil às vésperas do pleito. “A petição solicitava uma investigação para apurar se figuras da oposição haviam coordenado ações com autoridades do governo dos EUA em relação à suspensão”, afirma a agência chinesa ."	Agência Brasil	politica	False
https://agenciabrasil.ebc.com.br/politica/noticia/2026-10/pf-ja-apreendeu-mais-de-r-30-milhoes-em-crimes-eleitorais-em-2026	2026-10-04	PF já apreendeu mais de R$ 30 milhões em crimes eleitorais em 2026	Balanço foi apresentado pela corporação em coletiva de imprensa	Mais de R$ 30 milhões foram apreendidos ao longo de 2026, pela Polícia Federal, em ocorrências relacionadas a crimes eleitorais, informou neste domingo (4) o diretor-geral da corporação, Andrei Rodrigues. Outros bens apreendidos somam R$ 45 milhões. Segundo balanço apresentado em entrevista coletiva à imprensa, a Polícia Federal instaurou 1.292 inquéritos policiais sobre crimes eleitorais em 2026, com mais de 2.200 investigações ativas e 62 operações realizadas. >> Saiba o que são crimes eleitorais e como denunciar Apenas neste domingo, 28 pessoas foram detidas em sete estados e no Distrito Federal por crimes desse tipo . Em Roraima, a operação apreendeu mais de R$ 300 mil em dinheiro vivo. Andrei Rodrigues afirmou que as ocorrências registradas nesta manhã não atrapalharam o processo eleitoral ou a votação . O diretor também destacou a abertura de 97 inquéritos policiais relacionados à violência política de gênero, área em que a PF tem atuado de forma coordenada. “Reafirmo nosso compromisso com a democracia, com o processo eleitoral e com o papel que a Polícia Judiciária da União e a Polícia Judiciária Eleitoral estão cumprindo junto com os parceiros. Ninguém faz nada sozinho”, disse ele. Andrei Rodrigues ressaltou a coordenação do Ministério da Justiça e Segurança Pública e a parceria com a Polícia Rodoviária Federal, a Polícia Penal Federal e as polícias estaduais . Policiais de Angola também estão acompanhando as eleições brasileiras, como parte de um acordo de cooperação estabelecido com a Polícia Federal. De acordo com Rodrigues, eles vieram como observadores para levar a experiência brasileira ao país e contribuir para o aprimoramento de seu processo eleitoral.	Agência Brasil	politica	False
https://agenciabrasil.ebc.com.br/politica/noticia/2026-10/em-sao-paulo-34-pessoas-sao-detidas-durante-eleicoes	2026-10-04	Em São Paulo, 34 pessoas são detidas durante as eleições	Maior parte está relacionada à prática de boca de urna	Um balanço parcial divulgado na tarde deste domingo (04) pela Polícia Militar apontou que 34 pessoas foram detidas ou apreendidas em todo o estado paulista por problemas relacionados às eleições. A maior parte desses registros, informou a PM, está relacionada à prática de boca de urna, quando há tentativa de convencer o eleitorado a votar em determinado candidato, partido, federação ou coligação no dia da eleição. Em Franca, uma mulher foi encaminhada ao Distrito Policial por suspeita de distribuir panfletos eleitorais nas proximidades de uma escola. Durante a abordagem, ela confessou que iria receber R$ 100 pela entrega do material de campanha. Já na zona sul paulistana, três pessoas foram detidas pela prática de boca de urna. Apesar das detenções e das fortes chuvas, as eleições estão transcorrendo de forma satisfatória em todo o estado paulista, segundo o presidente do Tribunal Regional Eleitoral de São Paulo (TRE-SP), José Antonio Encinas Manfré. “Os trabalhos estão se processando de modo satisfatório em todo o estado”, garantiu Manfré, em entrevista concedida a jornalistas no final da manhã de hoje. De acordo com um balanço divulgado pelo Corpo de Bombeiros, pelo menos 276 ocorrências relacionadas às fortes chuvas foram encaminhadas para atendimento em todo o estado paulista. A maior parte desses chamados era relacionado a queda de árvores. Quase metade dessas ocorrências foi registrada na cidade de Presidente Prudente, onde o forte temporal provocou até mesmo o destelhamento de uma escola que estava funcionando como um local de votação. Por causa disso, houve necessidade de se transferir a votação que estava ocorrendo na Escola Florivaldo Leal para a Faculdade de Ciências e Tecnologia da Universidade Estadual Paulista (Unesp). As fortes chuvas de hoje no estado provocaram ao menos duas mortes. Uma delas ocorreu na cidade de Araçatuba, onde as rajadas de vento chegaram a alcançar 112 km/h. Uma pessoa acabou morrendo após a queda do teto de um estabelecimento comercial no bairro São João. Já na cidade de Jaboticabal, uma pessoa morreu após uma árvore ter caído sobre o carro em que ela estava.	Agência Brasil	politica	False
https://agenciabrasil.ebc.com.br/politica/noticia/2026-10/idosos-superam-dificuldades-e-ressaltam-importancia-do-voto	2026-10-04	Idosos superam dificuldades e ressaltam importância do voto	Brasil tem hoje cerca de 16 milhões de idosos com mais de 70 anos	Elenita da Silva, 71 anos, tem dificuldade de locomoção por causa de uma cirurgia recente no joelho direito. Ela vota na maior zona eleitoral do Distrito Federal, em Águas Claras, e para chegar até a urna precisou da ajuda de uma bengala. Ela diz que nunca deixou de votar, só que, dessa vez, pensou em não comparecer. “Mas depois eu fiquei olhando as coisas e pensei: melhor eu ir lá. Aí pronto, tô aqui. Acho importante que todas as pessoas exerçam [o direito ao voto] porque só assim a gente pode mudar alguma coisa”, diz. Para os eleitos, ela pede atenção especial para a saúde e a educação do país. “Aqui no Distrito Federal a saúde está debilitada. Tem que mudar isso”, diz. O Brasil tem hoje cerca de 16 milhões de idosos com mais de 70 anos. Isso corresponde a 10,6% dos eleitores do país. Essa população tem voto facultativo desde a promulgação da Constituição de 1988 e histórico de alta abstenção. Em 2022, 60% dos que faziam parte desse grupo não compareceram às urnas. Valdeci Bezerra está em um grupo ainda mais restrito. Aos 81 anos, faz parte dos 2% da população brasileira classificada pelo Instituto Brasileiro de Geografia e Estatística (IBGE) como idosos longevos. E, pelos médicos, como super idosos. Uma boa expressão para descrever Valdeci que, mesmo com mobilidade reduzida por causa de um tratamento de câncer diz que fez questão de sair de casa para votar. Para isso, teve a ajuda do filho. “ A gente precisa votar, a gente tem que defender o nosso Brasil. Não dá pra deixar para depois. Acho que é importante todo mundo exercer o direito de votar e defender o que é nosso”. A professora aposentada Lucilda de Oliveira, 76 anos, também não tem mais obrigação de votar, mas diz que faz isso pelos filhos e pelos netos. “Eu pedi a Deus mais essa chance de votar porque eu respeito e amo meu país”, diz. Perguntada sobre o que espera que os governantes eleitos façam pelos idosos, ela diz que não precisa de uma política específica. Apenas que eles “sejam honestos e tenham caráter”. No centro da capital brasileira, a cerca de 20 quilômetros de onde votam Elenita, Valdeci e Lucilda, Cecília Borgato votou pela primeira vez. Ela tem 17 anos e acha muito importante que os jovens decidam quem vai representá-los. “Eu votei em candidatos que têm compromisso com a tarifa zero, com as cotas, que são coisas que eu acredito. Porque eu uso transporte público todos os dias, mas eu acho que mesmo se eu não utilizasse, eu acho importante a gente votar por quem utiliza, pelas minorias, pelo social”. Segundo dados do TSE, 1,6 milhão de brasileiros de 16 e 17 anos se registraram para votar nas eleições de 2026. Na eleição de 2022 eram 2,1 milhões. Uma queda de 22,8%. No mesmo período, o número de jovens dessa idade também diminuiu no Brasil, mas em proporção muito menor: 5,6%. Maria Clara tirou o título de eleitor aos 16 anos para votar em 2022. Este ano, diz que veio pela democracia e espera que outros jovens façam o mesmo agora. “O Brasil depende das nossas escolhas, das nossas decisões. Se você se abstém, você abre mão de fazer essa escolha. Eu espero que os nossos candidatos façam o país mais justo e mais democrático também”.	Agência Brasil	politica	False
https://agenciabrasil.ebc.com.br/politica/noticia/2026-10/boletim-de-urna-permite-conferir-totalizacao-dos-votos-entenda	2026-10-04	Boletim de Urna permite conferir totalização dos votos; entenda	Relatório fica disponível em local de fácil acesso após a votação	"A partir do momento em que as seções eleitorais encerrarem a votação, às 17h deste domingo (4) , qualquer eleitor poderá atuar como fiscal da totalização dos votos. A explicação é do secretário de Tecnologia da Informação do Tribunal Regional Eleitoral do Rio de Janeiro (TRE-RJ), Michel Kovacs, e vale para todo o país. Assim que a votação é encerrada, cada urna eletrônica gera um documento chamado Boletim de Urna. Trata-se de um relatório impresso que contém informações como o número total de votos da urna e quanto cada candidato recebeu, além do total de brancos e nulos. Há também QR Code em cada um deles. Esses documentos são impressos em cinco vias e anexados pelos funcionários dos TREs em local visível e de fácil acesso, nas próprias seções eleitorais. ""É um documento público, que fica na porta da seção eleitoral"", descreve Kovacs. Por meio dos QR Codes, o eleitor pode capturar os dados com o aplicativo Boletim na Mão . Este ano, a funcionalidade está presente também no e-Título, aplicativo oficial do Tribunal Superior Eleitoral (TSE), no menu mais opções. Segundo o secretário de Tecnologia da Informação do TRE-RJ, o eleitor pode capturar o QR Code de ""quantos boletins quiser"". Com os dados capturados no celular, o eleitor pode comparar as informações com as disponibilizadas pelo TSE no site resultados.tse.jus.br. “Ele consegue ser um fiscal da eleição, porque a totalização é a soma de todos esses boletins”. De acordo com Michel Kovacs, desde 2008, os resultados são publicados no site e nunca foi apontada divergência. ""É uma forma muito importante e fácil de auditar a totalização"", conclui."	Agência Brasil	politica	False
https://agenciabrasil.ebc.com.br/politica/noticia/2026-10/mais-de-5-milhoes-votam-neste-domingo-no-maranhao	2026-10-04	Mais de 5 milhões votam neste domingo no Maranhão	Número de mesários convocados em todo o estado chega a 70 mil	"Mais de 5 milhões de eleitores maranhenses votam neste domingo (4) no primeiro turno das eleições 2026. Para que tudo corra com tranquilidade, a Justiça Eleitoral convocou mais de 70 mil mesários para trabalhar nas seções eleitorais espalhadas pelos 217 municípios do Maranhão. Em São Luís, cidade que concentra o maior número de eleitores, mais de 750 mil pessoas estão aptas a exercer seu direito de escolha. Desde o início da manhã, os eleitores começaram a se deslocar para votar. Foi o caso das irmãs Thaís Chagas de Melo, 34 anos, e Alice Chagas de Melo, 25 anos , que chegaram logo no início da manhã no Liceu Maranhense, localizado no centro da cidade, um dos locais de votação mais movimentados da capital maranhense. À Agência Brasil , as irmãs contaram que já tinham escolhido todos os seus candidatos. “Foi uma longa jornada, mas eu consegui, vou até levar na pesca”, disse Thaís, se referindo a expressão local para a popular cola com o número dos candidatos. A vendedora disse esperar que as pessoas votem de maneira consciente. “Desejo que elas votem com consciência, que elas saibam votar para a gente melhorar o nosso país.” A irmã mais nova, guarda municipal, levour uma cola com os números dos candidatos escolhidos e afirmou que estudou com cuidado as propostas, antes de decidir o voto. “Estudei direitinho, mas achei que ainda há pouca possibilidade de as pessoas fazerem alguma coisa que preste na cidade, porque só vemos as mesmas caras de candidatos”, reclamou. Alice deixou um conselho para os eleitores entenderem as propostas apresentadas: “A gente em que estudar a proposta de cada um, não se vender e ter paciência, que uma hora a gente acerta”, disse. A escolha dos candidatos também deixou dúvidas para a dona de casa Ana Caroline Barroso, 32 anos. Eu ainda estava em dúvida no caso do presidente, governador eu já tinha” disse. Em relação aos demais cargos, ela disse que também teve dificuldades e. “Inclusive eu até votei no partido de um deputado federal”, frisou Ana Caroline, que disse achar que a eleição está “indecisa”. A dona de casa Maria Helena Barros, 57 anos, disse que só definiu o candidato na reta final da eleição. “Foi quase de última hora”, disse Maria Helena. “Saio daqui com um pouco de esperança, mas a gente fica com a dúvida também se vai melhorar”, completou. A dúvida não existiu para a aposentada Itaci Ramos de Salles, 89 anos, que chegou para votar com todos os candidatos definidos. “Já tinha todos os candidatos na cabeça, só Deus. Até porque ninguém faz minha cabeça”, afirmou. Itaci disse que as pessoas mais velhas devem continuar exercendo o seu direito de voto, mesmo que não seja obrigatório. Para mim, é importante votar. Quem tiver com a minha idade e tiver vontade de votar, vote, pode ir tranquilo; votar é bom”, afirmou. A mesma disposição teve o presidente da Cruz Vermelha no Maranhão, Carlos Alberto Rancho. ""Olha, a gente faz uma escolha e ela é responsabilidade nossa. Se errarmos, são quatro anos."" Se acertarmos, são quatro anos de satisfação. É nossa obrigação fazer a nossa escolha para que possamos ajudar, não só os que precisam, mas a nós mesmo e ao país”, observou. Carlos Alberto disse que escolheu os candidatos observando seus pontos de vista e com base nas suas expectativas para o futuro. “O voto de pessoas da minha idade, ou com menos idade, é responsabilidade sobre o futuro dos nossos filhos, netos, bisnetos. Se cometermos um erro hoje na escolha do voto, com certeza, amanhã não vamos poder reclamar”, completou. Neste domingo, 158.745.463 eleitores estão aptos a comparecer aos locais de votação, em todo o país, para escolher os candidatos que disputam as vagas no primeiro turno das Eleições Gerais. A Justiça Eleitoral recomenda que o eleitor leve anotados os números dos candidatos escolhidos para agilizar a votação. Os eleitores devem ficar atentos também aos horários: a votação termina às 17h, seguindo obrigatoriamente o horário de Brasília. O prazo será prorrogado quando houver pessoas aguardando na fila às 17h. Nesse caso, serão distribuídas senhas para garantir que todos os presentes possam exercer o voto."	Agência Brasil	politica	False
https://agenciabrasil.ebc.com.br/politica/noticia/2026-10/maior-local-de-votacao-em-sao-paulo-tem-filas-longas	2026-10-04	Maior local de votação de São Paulo tem filas longas	Eleitores enfrentam mais de uma hora de espera em algumas seções	"Eleitores encontraram longas filas e movimentação intensa na Pontifícia Universidade Católica de São Paulo (PUC-SP), maior local de votação do estado e do país nestas eleições . Localizada no bairro de Perdizes, na Zona Oeste da capital, a instituição de ensino superior espera receber 17 mil eleitores, distribuídos em 46 seções. Em ao menos duas delas, houve mais de uma hora de espera nesta manhã. Na seção 35, foi preciso substituir a urna duas vezes. Já a seção 440, próxima a rampas e elevadores, é referência em acessibilidade e para a população idosa e também registrou filas. >> Eleição vai até as 17h. Saiba mais Por volta das 9h40, o aposentado Ernesto Ferreira Pires (foto) já contava uma hora e meia de espera. Embora tenha votado rápido em sua seção, esperava a mulher, Mirian. “Viemos cedo para acompanhar minha filha, que não mora no bairro, mas continua votando aqui. O processo de votação em si está sendo rápido. Mas, pelo visto, será assim o dia inteiro”, ponderou. Durante a entrevista, Mirian chegou e agradeceu a paciência. “Valeu a espera, pela democracia e pela soberania.” Marco La Rosa de Almeida chegou com a esposa por volta das 8h40 e, às 10h20, ainda esperava pela votação dela na seção 440. “Esta seção é assim em todos os anos, com muita fila e dificuldades. Tem de redistribuir um pouco o pessoal. Na última eleição, foram três horas de fila, e é a única na qual a fila preferencial não funciona na prática"", se queixou Marco, com a filha de 4 anos no colo. Também na fila da seção 440, Ismael Almeida aguardava resoluto. Para o consultor da área de desenvolvimento humano, a espera era um mal menor. “A gente não pode se omitir. Mesmo eu que, com mais de 70 anos, poderia não votar. Estou aqui para dar a minha contribuição para um país que eu acredito que seja o melhor para todos os nossos”. Em outra seção, o estudante Tomás Schneider aguardava para votar pela primeira vez. Ansioso, tinha a colinha na mão. “Acabei de fazer 18 anos este ano. Quis logo vir de manhã, porque é um horário mais calmo. Eu estou animado, acho que essas decisões vão ser importantes para o cenário do nosso país”, refletiu o jovem, que disse ter priorizado candidatos de sua geração e se inteirado sobre as propostas. “O ponto principal, para mim, foi tentar eleger jovens, independentemente de grupo ou lado político. Meu pai trabalhou na política há muito tempo, na área pública, então, eu nasci meio que inserido nessa área. Gosto muito de política e acho que as pessoas têm que se interessar”, refletiu o jovem. Poucos metros atrás dele na fila, o comerciante Thomás Cury aguardava tranquilo. Veio com a colinha escrita em papel e esperava que a votação fosse mais rápida, mas, ainda assim, estava animado. Já tendo atuado como mesário voluntário em eleições anteriores, nesta, participa somente como eleitor. “Não vou desanimar aqui, não. Votarei e depois ainda venho, durante a tarde, trazer meu pai"", disse. Ele conta que, ao se informar sobre seus candidatos, se surpreendeu positivamente. ""Desconhecia alguns projetos que apresentaram durante estes últimos anos e gostei bastante do que vi”, contou. “Cada um tem suas razões e motivos para não votar ou para escolher, mas não é difícil, hoje, você parar, conhecer as propostas e avaliar os candidatos”, completou."	Agência Brasil	politica	False
https://agenciabrasil.ebc.com.br/politica/noticia/2026-10/homem-infarta-e-morre-em-secao-eleitoral-do-rio-de-janeiro	2026-10-04	Homem infarta e morre em seção eleitoral do Rio de Janeiro	Samu declarou o óbito ainda no local de votação	Um homem de 62 anos morreu neste domingo (4) enquanto esperava para votar, em uma seção eleitoral na Barra da Tijuca, bairro da Zona Sudoeste do Rio de Janeiro. Ele sofreu um infarto e não resistiu. Uma equipe do Serviço de Atendimento Móvel de Urgência (Samu) chegou a ser acionada e declarou o óbito ainda no local de votação. O Tribunal Regional Eleitoral do Rio de Janeiro (TRE-RJ) lamentou a morte e prestou condolências à família. A votação prosseguiu normalmente após o corpo ser retirado.	Agência Brasil	politica	False
https://agenciabrasil.ebc.com.br/politica/noticia/2026-10/pf-diz-que-nao-ha-risco-ou-indicio-de-planos-de-ataque-embaixadas	2026-10-04	PF diz que não há risco ou indício de planos de ataque a embaixadas	Embaixadas dos EUA e da Austrália anunciaram suspensão dos serviços	O diretor-geral da Polícia Federal (PF), Andrei Rodrigues, disse neste domingo (4) que não há risco ou indícios de planos de ataque contra embaixadas localizadas na capital federal. Na última sexta-feira (2), a corporação investigou supostas ameaças à Embaixada dos Estados Unidos no Brasil. Foram cumpridos dois mandados de busca e apreensão em São Paulo e no entorno do Distrito Federal. “Os elementos colhidos neste momento não apontam nenhuma ação concreta. Ou seja, não havia nenhum plano, não havia nada que a gente tivesse, de imediato, identificado”, disse Andrei. Em entrevista coletiva no Centro Integrado de Comando e Controle Nacional (CICC), em Brasília, o diretor-geral detalhou que a PF foi informada pela própria embaixada estadunidense sobre o caso e atuou para checar a veracidade das informações. “Cumprimos as medidas judiciais – é um processo sigiloso – e, de fato, não comprovamos nenhum elemento concreto que nos apontasse um risco efetivo para essa embaixada ou para qualquer outra embaixada aqui no nosso território.” Na última sexta-feira, as embaixadas dos Estados Unidos e da Austrália no Brasil anunciaram a suspensão dos serviços consulares em todas as cidades com atendimento presencial, alegando questões de segurança. Austrália e Estados Unidos mantêm parceria na área de inteligência chamada Five Eyes (Cinco Olhos, na tradução para o português). Em nota, o governo australiano chegou a citar risco de terrorismo às vésperas do primeiro turno das eleições gerais no Brasil. Em nota, a PF informou que, até às 12h30 deste domingo, foram instaurados seis inquéritos policiais e lavrados 18 termos circunstanciados de ocorrência para apurar a prática de crimes eleitorais. As ocorrências foram registradas nos seguintes estados: Bahia, Rio de Janeiro, Alagoas, Espírito Santo, Pernambuco, Minas Gerais, Sergipe, Roraima, Acre, Distrito Federal, Rondônia, Amapá, Maranhão, Amazonas, Mato Grosso, Rio Grande do Sul, São Paulo e Paraíba. Ainda de acordo com a corporação, até àquele momento, 59 pessoas foram conduzidas e foram apreendidos R$ 789.828,50 em bens e valores, sendo R$ R$383.627,50 em espécie. Entre os principais crimes apurados estão propaganda eleitoral irregular e corrupção eleitoral, sobretudo compra de votos. “A Polícia Federal ressalta que os valores de bens e dinheiro em espécie apresentados neste balanço são preliminares e ainda passarão por validação.”	Agência Brasil	politica	False
https://agenciabrasil.ebc.com.br/politica/noticia/2026-10/eleicao-com-recorde-de-pessoas-com-deficiencia-ainda-impoe-obstaculos	2026-10-04	Eleição com recorde de pessoas com deficiência ainda impõe obstáculos	Quase 2 milhões de eleitores declararam alguma deficiência	"Alexandre Prudente, cadeirante, saiu cedo para votar na Universidade do Estado do Rio de Janeiro (Uerj), no Maracanã, na Zona Norte do Rio de Janeiro. Chegar à urna, porém, foi uma jornada cheia de obstáculos. Nas eleições deste ano, ele é um dos quase 2 milhões de eleitores com deficiência aptos a votar, o maior número já registrado pela Justiça Eleitoral. Acompanhado por familiares, Alexandre buscou o mesmo local de votação da eleição passada. Subiu dois lances de rampas e um elevador até o oitavo andar do prédio, até descobrir que sua seção tinha mudado de lugar. “Minha seção funcionava na Igreja Metodista [de Vila Isabel] e, na última eleição, me transferiram para a Uerj. Agora, tive que subir essa rampa toda para ir votar. Chegando lá, descobri que me mandaram de volta para a Metodista”, disse Alexandre, que não conseguiu conferir o local de votação na internet antes de sair de casa. Depois de descer tudo, o eleitor subiu no carro do filho e se deslocou até a Igreja Metodista, a 1,5 quilômetro da Uerj. Na igreja, encontrou filas e, mesmo tendo prioridade, ainda precisou esperar uma hora para conseguir digitar seus votos na urna. “Nunca levei tanto tempo para votar. Da outra vez, foi muito mais rápido”, lamentou o eleitor. “Mas, no fim, consegui deixar meu voto”. O número de eleitores com deficiência aumentou de 1,3 milhão em 2022 para 1,9 milhão . Para acompanhar o crescimento, a Justiça Eleitoral ampliou o número de colégios com acessibilidade e cadastrou 220,5 mil seções eleitorais adaptadas. Nas últimas eleições, as salas com essas condições eram 156,2 mil. As mudanças buscam garantir mais autonomia, segundo a Justiça Eleitoral. O número de eleitores com dificuldades de locomoção chega a 617 mil. Há ainda 319 mil com deficiência visual, 182 mil com deficiência auditiva e 64 mil que registraram dificuldade para o exercício do voto. A categoria “Outros” reuniu 994.472 registros. Embora tenha dificuldade de locomoção e use bengala, Isaura dos Santos, de 77 anos, precisou subir escadas para votar no Colégio Estadual Senor Abravanel, na Zona Sul do Rio de Janeiro. “Não tem elevador para a gente subir. E no escuro, com a lâmpada apagada. Como pode uma situação dessa?”, criticou. “Sempre venho votar, mas melhoria, que é bom, a gente não vê. É daí para pior”. A atriz Isabela Quadros foi acompanhar a mãe, Maria Lídia Gomes de Matos, de 85 anos, no mesmo local de votação que Isaura. A psicóloga tem limitações na fala e nos movimentos desde um acidente vascular cerebral, mas não abriu mão de participar das eleições. “A escola não tem estrutura para receber uma pessoa na condição dela, mas, com boa vontade, com a ajuda das pessoas [ela conseguiu votar]. A mesária foi incrível. Sem palavras”, elogiou. Maria Lídia se emocionou ao dar entrevista na saída do local de votação e garantiu: “deu tudo certo.” A Justiça Eleitoral reconheceu o desafio da acessibilidade mesmo antes do pleito. Em comunicado no próprio site, informou que grande parte dos imóveis utilizados nas eleições são das redes públicas de ensino ou instituições parceiras, cujas condições físicas podem mudar ao longo dos anos. ""Por isso, os tribunais regionais eleitorais (TREs) e as zonas eleitorais realizam vistorias periódicas para atualizar as informações e identificar as condições oferecidas"", informa a Justiça Eleitoral, em seu site. Eleitores com deficiência têm prioridade garantida e podem entrar na cabine com um acompanhante, mesmo que não tenha realizado a solicitação antecipada. No caso de optar pelo acompanhante, a pessoa escolhida precisava ter 18 anos e não estar a serviço da Justiça Eleitoral, partidos ou coligações. Como forma de garantir acessibilidade, as urnas contam com teclado em braile, para atender a pessoas cegas ou com baixa visão. Um dispositivo também dá instruções, por áudio, sobre como votar. Para usá-lo, só é permitido o uso de fones de ouvido fornecidos pela Justiça Eleitoral."	Agência Brasil	politica	False
https://agenciabrasil.ebc.com.br/politica/noticia/2026-10/sp-251-urnas-eletronicas-precisaram-ser-substituidas	2026-10-04	SP: 251 urnas eletrônicas precisaram ser substituídas	Índice representa 0,22% e é considerado baixo	De acordo com o Tribunal Regional Eleitoral de São Paulo (TRE-SP), 251 urnas eletrônicas que estavam sendo utilizadas para as eleições no estado apresentaram algum tipo de problema e necessitaram de substituição. Isso corresponde a cerca de 0,22% do total , um índice considerado baixo.O boletim do tribunal foi divulgado às 15h. Não houve registro de votos em papel. Do total de urnas que apresentaram problemas, 63 estavam em uso na capital paulista. Mais cedo, em entrevista coletiva, o presidente do TRE-SP, José Antonio Encinas Manfré, disse que as substituições de urnas podem ocorrer durante as eleições, mas isso não representa perda para os votos já registrados. Segundo ele, após as substituições das urnas, a votação segue normalmente. Ao todo, o TRE-SP preparou 114.605 urnas eletrônicas para as eleições de primeiro turno no estado de São Paulo. A estrutura inclui também as urnas de contingência, que são equipamentos mantidos de prontidão para eventuais substituições técnicas ao longo da votação.	Agência Brasil	politica	False
https://agenciabrasil.ebc.com.br/politica/noticia/2026-10/eleicoes-sao-paulo-tem-45-casos-de-irregularidade-e-15-prisoes	2026-10-04	Eleições: São Paulo tem 45 casos de irregularidade e 15 prisões	Em Santo Amaro, três pessoas foram presas e encaminhadas ao 43º DP	"Nas primeiras horas do primeiro turno das eleições, autoridades policiais registraram 45 ocorrências e detiveram 15 pessoas em todo o estado de São Paulo. O boletim divulgado também informa casos de boca de urna , que fica configurada quando há manifestações coletivas e sonoras, na capital e no interior. No distrito de Santo Amaro, zona sul da capital, policiais militares atenderam um chamado para apurar uma possível ocorrência de boca de urna em via pública. Conforme determina a legislação eleitoral, não são permitidas nos dias de votação aglomerações de pessoas com roupas e artigos de propaganda política, o que foi confirmado ao chegarem ao endereço. Ao todo, três pessoas foram presas e encaminhadas ao 43º Distrito Policial. Ainda segundo a Secretaria da Segurança Pública de São Paulo (SSP), em Mogi Mirim, a Polícia Militar também foi acionada após receber uma denúncia de boca de urna nas proximidades da Escola Técnica Estadual (ETEC) Pedro Ferreira Alves, localizada na Rua Ariovaldo Silveira Franco. Foi formalizada uma ocorrência junto ao Centro de Polícia Judiciária (CPJ) do município. Somente no território paulista, são 34,1 milhões os eleitores aptos a participar do pleito, em mais de 11 mil locais de votação, o que exige um esquema especial de segurança. Em nota, a SSP destaca que mantém equipes de policiamento ostensivo e preventivo próximas aos locais, desde as 6h deste domingo (4). Os agentes já foram escalados nos dias anteriores, para suprir demandas relacionadas à logística das urnas eletrônicas. Após o prazo para o eleitorado votar, que se encerra às 17h, permanecerão em atividade, para garantir novamente a segurança no transporte dos equipamentos. A Polícia Civil atua com reforço dos plantões policiais em todo o estado, além de equipes especializadas de prontidão para o atendimento, o registro e a apuração de eventuais ocorrências. ""O acompanhamento da operação é realizado em tempo real pela Sala de Gerenciamento de Incidentes (SGI), instalada no Centro de Operações da Polícia Militar (Copom), em alinhamento com o Centro Integrado de Comando e Controle (CICC), da SSP. O Centro de Comunicações e Operações da Polícia Civil (Cepol) também monitora os registros para agilizar os encaminhamentos necessários"", completa a pasta no comunicado."	Agência Brasil	politica	False
https://agenciabrasil.ebc.com.br/politica/noticia/2026-10/sobre-para-1544-numero-de-urnas-substituidas-no-primeiro-turno	2026-10-04	Sobe para 1.543 número de urnas substituídas no primeiro turno	Não há registro de votação em papel; saiba mais	No terceiro boletim do dia, o Tribunal Superior Eleitoral (TSE) informou que 1.543 urnas eletrônicas precisaram ser substituídas até as 15h30 em todo o país neste domingo (4) de primeiro turno das eleições. O número corresponde a 0,28% das 499.248 urnas empregadas na votação deste ano. Outros 50.038 equipamentos seguem disponíveis para substituição, se necessário. A Justiça Federal não detalha os motivos que levaram à substituição das urnas. Em geral a troca ocorre devido a falhas operacionais. Caso até mesmo a urna eletrônica substituída apresente falha, a legislação prevê que como último recurso seja adotada a votação com cédula de papel. Até o momento, contudo, isso não foi necessário nas eleições deste ano. Neste domingo (4), mais de 158 milhões de eleitores estão aptos a votar para os cargos de presidente, governador, senador, deputado federal e deputado estadual ou distrital. Confira mais informações sobre o assunto no Repórter Brasil , da TV Brasil *Matéria atualizada às 16h52 para correção do número de urnas substituídas.	Agência Brasil	politica	False
https://agenciabrasil.ebc.com.br/politica/noticia/2026-10/o-que-acontece-se-eu-nao-votar-saiba-como-justificar-e-evite-multas	2026-10-04	O que acontece se eu não votar? Saiba como justificar e evite multas	Voto é obrigatório para eleitores alfabetizados de 18 a 70 anos	No Brasil, o voto é obrigatório para alfabetizados entre 18 e 70 anos, e facultativo para jovens de 16 e 17 anos, idosos acima de 70 anos e analfabetos. Caso se ausente, o eleitor que é obrigado a votar neste domingo (4) precisará justificar essa ausência ou pagar a multa para manter seu título de eleitor regular . Caso não vote no domingo, há duas formas principais de regularizar a situação sem penalidades: Não é necessário anexar documentos que comprovem o motivo da ausência quando a justificativa for apresentada no dia da eleição. Neste caso, é necessário anexar documentos que comprovem o motivo da ausência, como atestado médico ou passagem aérea. Se não apresentar justificativa dentro do prazo, o eleitor fica em débito com a Justiça Eleitoral e deve pagar uma multa que tem o valor-base de R$ 3,51 por turno . A multa eleitoral pode ser paga pelo Autoatendimento Eleitoral , pelo aplicativo e-Título ou no cartório eleitoral, por meio de Guia de Recolhimento da União (GRU), do Pix ou de cartão de crédito. Enquanto a pendência não for quitada, o eleitor fica impedido de: Não , somente a própria eleitora ou eleitor pode justificar sua ausência no dia da eleição. Não serão instaladas mesas receptoras de justificativa no exterior. Caso esteja fora do Brasil no dia da eleição, o eleitor que tenha título em uma Zona Eleitoral do Brasil pode apresentar a justificativa pelo aplicativo e-Título ou pelo Autoatendimento Eleitoral após a data da eleição. A eleitora ou o eleitor que estiver no exterior tem o prazo de até 30 dias após seu retorno ao Brasil para apresentar justificativa de ausência às urnas . Se o seu título pertencer a uma zona eleitoral do exterior, só é necessário justificar ausência em eleições presidenciais. Se não votar em três turnos consecutivos, não justificar nem pagar a respectiva multa, o eleitor estará sujeito ao cancelamento do título.	Agência Brasil	politica	False
https://agenciabrasil.ebc.com.br/politica/noticia/2026-10/eleicoes-2026-acompanhe-apuracao-em-tempo-real-pela-agencia-brasil	2026-10-04	Eleições 2026: acompanhe a apuração em tempo real pela Agência Brasil	Ferramenta estará disponível a partir das 17h deste domingo	A Agência Brasil disponibiliza neste domingo (4), a partir das 17h, uma ferramenta de acompanhamento em tempo real com a apuração dos votos das eleições de 2026. Os leitores terão acesso aos dados oficiais de totalização de votos disponibilizados pelo Tribunal Superior Eleitoral (TSE) diretamente na primeira página do site. Além dos números nacionais, será possível acompanhar a apuração nos estados e no Distrito Federal. A ferramenta permitirá o monitoramento da contagem de votos, ao vivo, para os cargos de presidente da República, governador, senador, deputado federal e deputado estadual ou distrital. O acompanhamento em tempo real complementa a cobertura especial das eleições realizada pela Agência Brasil ao longo de 2026 .	Agência Brasil	politica	False
https://agenciabrasil.ebc.com.br/politica/noticia/2026-10/tse-registra-421-urnas-substituidas-nas-primeiras-2-horas-de-votacao	2026-10-04	TSE registra 421 urnas substituídas nas primeiras 2 horas de votação	Número representa 0,7% das 499.248 máquinas distribuídas	Com pouco mais de duas horas de votação, o Tribunal Superior Eleitoral (TSE) informou em boletim que 421 urnas eletrônicas precisaram ser substituídas em todo o país neste domingo (4) de primeiro turno das eleições. O número corresponde a 0,7% das 499.248 urnas empregadas na votação deste ano. A Justiça Eleitoral deixou reservadas mais 68.912 equipamentos para substituição, se necessário. O TSE não informa os motivos que levaram à substituição das urnas. Em geral a troca ocorre devido a falhas operacionais. Neste ano, 55 auditores do Tribunal de Contas da União (TCU) acompanham testes de integridade que são realizados em urnas espalhadas por todas as unidades da Federação, informou o TSE. Até o momento, nenhuma ocorrência foi registrada. Caso a urna eletrônica substituída apresente falha, a legislação prevê, como último recurso, a adoção de votação com cédula de papel. Até o momento, contudo, isso não foi necessário nas eleições deste ano. Neste domingo (4), mais de 158,7 milhões de eleitores estão aptos a votar para os cargos de presidente, governador, senador, deputado federal e deputado estadual ou distrital. Confira as informações sobre substituições de urna no Rio e em São Paulo no Repórter Brasil , da TV Brasil.	Agência Brasil	politica	False
https://agenciabrasil.ebc.com.br/politica/noticia/2026-10/policia-federal-prende-28-pessoas-crimes-eleitorais-neste-domingo	2026-10-04	Polícia Federal prende 28 pessoas por crimes eleitorais neste domingo	Até as 9h foram instaurados 3 inquéritos e 6 crimes eleitorais	Ao menos 28 pessoas foram detidas em sete estados e no Distrito Federal por crimes eleitorais. Os delitos foram registrados em Roraima, Acre, Rondônia, Amapá, Distrito Federal, Paraíba, Bahia e Minas Gerais. Propaganda eleitoral irregular e compra de votos são os principais crimes investigados. Até o momento, a PF apreendeu R$ 57.379 em bens e valores. Desse total, R$ 34.228 era dinheiro em espécie. A Polícia Federal atua em todo o Brasil neste domingo (4) de votação na prevenção e repressão a crimes eleitorais e também na investigação de possíveis crimes contra a Justiça Eleitoral. Segundo o órgão, até as 9h, foram instaurados três inquéritos policiais e lavrados seis termos circunstanciados de ocorrência para apuração da prática de crimes eleitorais.	Agência Brasil	politica	False
https://agenciabrasil.ebc.com.br/politica/noticia/2026-10/candidato-vence-no-1o-turno-se-ganhar-mais-de-50-dos-votos-validos	2026-10-04	Candidato vence no 1º turno se ganhar mais de 50% dos votos válidos	No caso de eleições para o Senado, basta a maioria simples	"Para vencer no primeiro turno, o candidato da eleição majoritária tem que conseguir a maioria absoluta dos votos, ou seja, mais da metade (50% mais um), sem considerar os brancos e nulos. O sistema majoritário é usado para eleger presidente da República, governador e prefeito. Segundo o Tribunal Superior Eleitoral (TSE), para presidente, governador e prefeito de cidades com mais de 200 mil eleitores, vence quem alcançar a maioria absoluta dos votos válidos. Se ninguém alcançar esse resultado no 1º turno, os dois candidatos mais votados disputam o 2º turno. No caso de eleições para o Senado, basta a maioria simples. Quem tiver mais votos se elege, quando a escolha for por dois senadores. Nas eleições deste ano, cada eleitor deverá escolher dois senadores. Ao todo, serão eleitos 54 para a próxima legislatura, sendo dois por estado e pelo Distrito Federal. De acordo com o TSE, o sistema proporcional serve para eleger deputados federais, estaduais ou distritais e vereadores. Nesse caso, os votos dados aos candidatos e os votos de legenda são somados para definir quantas vagas cada partido ou federação terá. Depois, essas vagas são ocupadas pelos mais votados dentro de cada legenda ou federação. O eleitor também pode escolher votar apenas no partido. É o chamado ""voto de legenda"". Na prática, basta digitar na urna eletrônica o número do partido que deseja apoiar. Assim, quanto mais votos um partido ou uma federação receber, maior poderá ser o número de vagas conquistadas. Por isso, o sistema é chamado de ""proporcional"", explica o TSE."	Agência Brasil	politica	False
https://agenciabrasil.ebc.com.br/politica/noticia/2026-10/temporal-altera-lugar-de-votacao-em-presidente-prudente-em-sp	2026-10-04	Temporal altera lugar de votação em Presidente Prudente em SP	Eleitores foram transferidos para Unesp, no bairro Jardim das Rosas	O forte temporal que atingiu a cidade de Presidente Prudente, no interior de São Paulo, provocou destelhamentos de escolas e, com isso, um local de votação precisou ser alterado de última hora. Segundo o Tribunal Regional Eleitoral de São Paulo (TRE-SP), com o destelhamento da Escola Florivaldo Leal, houve necessidade de alteração do local de votação e transferência de eleitores, de forma provisória, para a Faculdade de Ciências e Tecnologia da Universidade Estadual Paulista (Unesp). O novo local de votação está situado na Rua Roberto Simonsen, 300, bairro Jardim das Rosas. De acordo com o TRE, precisaram ser transferidas as seções eleitorais 12ª, 13ª, 14ª, 15ª, 16ª, 17ª, 18ª, 19ª, 20ª, 21ª, 171ª e 201ª. Ao todo, 3267 eleitores votam nessas 12 seções. Em entrevista à imprensa, o presidente do Tribunal Regional Eleitoral de São Paulo (TRE-SP), José Antonio Encinas Manfré, disse que, apesar dessa ocorrência, as eleições transcorrem normalmente em todo o estado de São Paulo. “Os trabalhos estão se processando de modo satisfatório em todo o estado”, disse ele. “Infelizmente na região noroeste do estado de São Paulo teve [um problema], mas isso já está sendo superado e não haverá comprometimento [na eleição]”, afirmou. Quanto à reclamação de eleitores de que há muitas filas e demora para votar, ele diz que isso é pontual e que, para facilitar o processo, o ideal é que o eleitor leve consigo uma “colinha” com os números de seus candidatos anotados em um papel. “Tem ocorrido situações de alguns eleitores irem votar sem essas anotações e depois passarem por alguma dificuldade. Mas nossas equipes continuam diligentes para que tudo transcorra de maneira satisfatória”. Segundo boletim divulgado pelo TRE-SP às 11h, apenas 118 urnas eletrônicas, de um total de 114.605, apresentaram algum problema e tiveram que ser substituídas em todo o estado paulista.	Agência Brasil	politica	False
https://agenciabrasil.ebc.com.br/politica/noticia/2026-10/flavio-e-lula-votam-no-1o-turno-saiba-candidatos-que-ja-votaram	2026-10-04	Flávio e Lula votam no 1º turno; acompanhe voto dos demais candidatos	Candidatos comparecem às urnas neste domingo	"O candidato Flávio Bolsonaro (PL) votou na manhã deste domingo (4) no Rio de Janeiro. Ele chegou pouco depois das 8h, logo após a abertura dos portões da Escola Municipal Barão Homem de Mello, na Vila Isabel. Depois de votar, o candidato posou para fotos ao lado da esposa, Fernanda Bolsonaro. Flávio foi acompanhado do candidato ao governo do Rio de Janeiro, Douglas Ruas, e dos candidatos ao Senado pelo PL Carlos Portinho e Carlos Jordy. A mãe do candidato, Rogéria Bolsonaro, candidata a deputada federal, também acompanhou o voto do filho. O candidato conversou com a imprensa e disse estar confiante em uma vitória no primeiro turno das eleições. ""Eu espero de verdade que o Brasil já escolha o seu presidente no dia de hoje de forma definitiva."" O candidato também disse que está preparado para presidir o Brasil.  ""Estou muito feliz com a campanha limpa que nós fizemos. Eu espero que os brasileiros e brasileiras possam sair hoje de casa para mudar o país para melhor"", disse o candidato. ""Eu estou mais do que preparado para presidir esse país e devolver o direito das famílias brasileiras de voltarem a sonhar"". O presidente Luiz Inácio Lula da Silva, candidato à reeleição pelo Partido dos Trabalhadores, votou em São Bernardo do Campo, região metropolitana de São Paulo. Ele chegou à escola estadual João Firmino, seu local de votação, por volta das 9h10. Lula estava acompanhado do vice-presidente Geraldo Alckmin. Também acompanharam o presidente as candidatas ao senado Simone Tebet e Marina Silva, além de Fernando Haddad, candidato ao governo de São Paulo. Ao deixar a cabine de votação, Lula posou para os fotógrafos ao lado de Alckmin segurando uma bandeira do Brasil. Em entrevista a jornalistas, o presidente reafirmou que o que está em jogo nas eleições deste domingo é a escolha entre o fortalecimento do regime democrático e a barbárie. ""O que está em jogo é definição de um projeto de Brasil. O povo vai ter que escolher entre o fortalecimento do regime democrático ou a barbárie, entre o desenvolvimento e o atraso"", afirmou. ""O Brasil não irá pra frente com miliciano, com orgia em torno da quadrilha do banco Master. O Brasil vai pra frente com seriedade."" Lula também reforçou o pedido para que os idosos compareçam às urnas. ""Tenho feito um apelo para que as pessoas com mais de 70 anos, que pela lei não precisam votar, compareçam para votar, porque as pessoas não têm que votar apenas pensando nelas, as pessoas têm que pensar no Brasil, as pessoas têm que pensar nos seus filhos, as pessoas têm que pensar nos seus netos, as pessoas têm que pensar no futuro daqueles que elas vão deixar"", disse Lula a jornalistas. Candidato pelo Novo, Romeu Zema votou em Araxá, no Triângulo Mineiro, por volta das 9h. Em entrevista após sair da cabine, ele afirmou que foi o candidato que mais trabalhou e o que registrou a campanha mais econômica. ""Não é dinheiro que faz ganhar eleição"", afirmou. O candidato Ronaldo Caiado (PSD) votou em Nova Crixás, no interior de Goiás. Ao sair da cabine e falar com a imprensa, Caiado disse estar com a sensação de ""dever cumprido"". Já Wilson Grassi (Democratas) votou pela manhã em São Paulo. A candidata à Presidência pela Unidade Popular pelo Socialismo, Samara Martins, votou em Natal (RN), acompanhada de seu marido e dos dois filhos por volta das 10h. “Fizemos uma campanha muito bonita, apresentando propostas do programa socialista da Unidade Popular, que tiveram um apoio muito grande da classe trabalhadora”, destacou a candidata. O candidato Edmilson Costa, do PCB, votou pela manhã no Colégio Rodrigues Alves, na Avenida Paulista. Na porta da escola onde vota, desejou a todos uma eleição tranquila e que os eleitores exerçam a democracia e votem com liberdade. Renan Santos votou por volta das 10h em São Paulo (SP), criticou a falta de debates com os demais candidatos e afirmou que essa foi a “eleição mais estranha desde a redemocratização”. O candidato Augusto Cury (Avante) votou por volta das 11h em Colina (SP). À imprensa, ele afirmou que “pode haver uma surpresa” no resultado do pleito. ""Cada brasileiro tem o direito mais poderoso que pode exercer na democracia, que é o seu voto. Quando ele vota, ele vota no futuro da sua família, dos seus filhos e do seu país. O brasileiro pode conquistar novamente o direito de sonhar e ter esperança”, disse. Clariana Barão (DC) votou em Vargem Grande, em Cuiabá, por volta das 11h. No local, a candidata afirmou estar animada para exercer seu direito de voto e cobrou maior participação das mulheres na política. Rui Costa Pimenta (PCO) votou às 13h no Jabaquara, na capital paulista. Hertz Dias (PSTU) votou em São Luís, pela manhã. Ao votar, destacou a importância da participação popular no processo eleitoral. *texto ampliado às 17h35 *Em atualização"	Agência Brasil	politica	False
https://agenciabrasil.ebc.com.br/politica/noticia/2026-10/eleicoes-2026-camiseta-adesivo-bandeira-o-que-pode-usar-para-votar	2026-10-04	Eleições 2026: camiseta, adesivo, bandeira: o que pode usar para votar	Eleitores podem usar itens que expressem sua preferência política	Durante a votação, é permitida a manifestação individual e silenciosa da sua posição política. Isso significa que eleitores podem usar itens que expressem sua preferência, como: O que não pode é haver aglomerações, manifestações coletivas ruidosas, abordagem a outros eleitores ou qualquer tentativa de aliciamento, que é considerado crime de boca de urna . Quem identificar possíveis irregularidades pode denunciar por meio do aplicativo Pardal, da Justiça Eleitoral. A ferramenta permite informar o local da ocorrência, descrever os fatos e anexar fotos, vídeos, áudios ou links para ajudar na apuração.	Agência Brasil	politica	False
https://agenciabrasil.ebc.com.br/politica/noticia/2026-10/votacao-comeca-com-poucas-filas-na-zona-sul-de-sao-paulo	2026-10-04	Votação começa com poucas filas na zona sul de São Paulo	No Bairro Paraíso, pleito seguia tranquilo pela manhã	A votação transcorreu sem dificuldades para os eleitores da 6ª Zona Eleitoral (ZE), no bairro Paraíso, na zona sul da capital. Próxima do metrô Vergueiro, a ZE registrava um bom fluxo, com eleitores votando rapidamente e com poucas filas. O colégio eleitoral tinha movimento principalmente de idosos e voluntários das eleições, por volta das 9h deste domingo (4). A advogada Vanessa Gomes demorou poucos minutos para participar do pleito. Ao lado do marido, ela contou que optou por votar nas primeiras horas para acompanhar a apuração. “Já vim para ficar com o dia mais tranquilo e evitar que intercorrências me impedissem de estar aqui, fazendo o meu papel de cidadã e fazendo com que a democracia mais uma vez seja efetivada. É a principal arma que o povo tem para que a democracia seja cumprida, não importa em qual lado, se direita ou esquerda, votemos”, declarou à Agência Brasil . Vanessa destacou ainda que o processo é muito simples, pode ser feito com qualquer documento de identidade. “Só é bom olhar onde se vota, para não ter risco de ficar sem tempo. Por isso, acho melhor votar cedo, pensar no futuro que queremos para nós e nossas famílias e depois cada um que vá curtir seu domingo”, completou. Para a técnica em gestão previdenciária Inês Teixeira do Amaral votar cedo é uma estratégia para fugir das filas. “Mas mesmo se houvesse fila, a gente está num momento importantíssimo, jamais deixaria de votar. Não é só por ser obrigatório, é por ser importantíssimo para a cidadania”, disse. Inês votou acompanhada da amiga Elaine Martins, funcionária pública. Ela considera que votar é decidir os rumos do futuro. “Eu sempre voto cedo prefiro resolver logo e acho que é importante votar sempre, é uma questão de cidadania, de você exercer seus direitos e permitir que os demais cidadãos tenham seus direitos respeitados”, explicou Elaine.	Agência Brasil	politica	False
https://agenciabrasil.ebc.com.br/politica/noticia/2026-10/tre-sp-inicia-testes-de-integridade-em-urnas-da-capital-paulista	2026-10-04	TRE-SP inicia testes de integridade em urnas da capital paulista	Teste fica disponível para visitação da imprensa e eleitores	Os testes de integridade de urnas eletrônicas começaram a ser feitos neste domingo (4), em São Paulo, em 33 urnas auditadas em seções especiais, na capital paulista, envolvendo cerca de 400 pessoas, entre trabalhadores do Tribunal Regional Eleitoral e voluntários. Realizados há 20 anos, os testes de integridade servem para conferir a segurança do processo eleitoral. O objetivo é conferir se os votos digitados nos equipamentos equivalem aos votos registrados em células de papel pré-preenchidas por voluntários e lançados na urna eletrônica. O processo é mostrado para a câmera e, ao final do período de votação, às 17h00, é feita uma conferência entre o total de votos em papel e o total que a urna eletrônica indica. “É uma demonstração de que o resultado que as urnas emitem ao final do período de votação corresponde aos votos que efetivamente foram lançados. Até hoje, em mais de 20 anos, o resultado sempre bateu em todo o Brasil”, explicou o juiz eleitoral Francisco Shintate, da comissão de teste de integridade de urnas. Como o teste ocorre fora do sistema eleitoral, permite que seja auditada uma quantidade maior de urnas em ambiente que monitora os detalhes do procedimento. Este ano o teste é feito em 3o urnas no Centro Cultural São Paulo, na Rua Vergueiro, 1000, no Paraíso, zona sul da capital, e em três urnas na seção da Universidade Paulista (Unip) Vergueiro, alguns metros distante. A unidade especial, no Centro Cultural, pode ser visitada durante o dia, até o encerramento das eleições. “O espaço é essencialmente para demonstrar a lisura do processo”, complementou Shintate.	Agência Brasil	politica	False
https://agenciabrasil.ebc.com.br/politica/noticia/2026-10/solicitou-voto-em-transito-saiba-como-verificar-onde-votar	2026-10-04	Solicitou voto em trânsito? Saiba como verificar onde votar	Não será possível votar na seção original	Quem solicitou o voto em trânsito nas eleições 2026 deverá votar no local de votação para o qual foi transferido. Não será possível votar na seção original. Caso a pessoa não esteja no município para o qual se transferiu, deverá apresentar a justificativa da sua ausência, inclusive se estiver no seu local de votação de origem. É possível votar em trânsito em cidades distintas nos dois turnos. O retorno para o local de votação original após a eleição ocorre de forma automática. A consulta ao local de votação pode ser feita por meio do site do Autoatendimento eleitoral ou pelo aplicativo e-Título . O eleitor que indicar uma cidade do mesmo estado do seu domicílio eleitoral poderá votar para todos os cargos em disputa , ou seja, deputado federal, deputado estadual, dois senadores, governador e presidente da República. Caso a escolha seja para outro estado, o voto em trânsito ficará restrito ao cargo de presidente da República. A votação em trânsito somente ocorre em ano de eleições gerais, em locais de votação convencionais ou criados para essa finalidade.	Agência Brasil	politica	False
https://agenciabrasil.ebc.com.br/politica/noticia/2026-10/analfabetos-e-ex-alunos-votam-sob-emocao-em-escola-que-ja-foi-curral	2026-10-04	Analfabetos e ex-alunos votam sob emoção em escola que já foi curral	Em cidade goiana, unidade de ensino é referência na comunidade	"Eram 5h50 da manhã quando o piauiense Pedro Pereira, de 56 anos, morador da cidade de Águas Lindas de Goiás (GO), chegou para votar. Deu certo. Ele era o primeiro da fila quando as salas da escola Domingos Simões abriram, pontualmente, às 8h. Ele estava preocupado porque trabalha como porteiro, há 25 anos, em um prédio em Brasília, a 50 quilômetros de distância, ou duas horas de ônibus. “Espero que um dia acabe essa escala 6x1 e eu possa ter uma vida melhor”, disse o homem que interrompeu os estudos no 4º ano, quando criança. Ele afirmou que não lembra ""quase nada"" do que aprendeu.  A prioridade era trabalhar na roça com a família, na cidade de Campo Maior, a 90 quilômetros de Teresina. “Pisar numa escola mexe demais comigo”. Mexe tanto que conseguiu influenciar os seis filhos a estudar. Ele costuma contar para os filhos que, para mudar para o Centro-Oeste e tentar a vida, vendeu uma cabra que tinha e comprou passagem para a capital do país. Sem estudos, trabalhou também como auxiliar de pedreiro. “Quem sabe um dia eu volto a uma escola como essa”. O homem que vendeu a cabra pensando no sonho de um novo lugar foi votar em uma escola que, na década de 1990, foi implementada onde antes era um curral de vacas de uma fazenda. Professora na unidade, a psicopedagoga Maria do Socorro Pereira, 69 anos, recorda que, em 1992, conseguiu reunir as primeiras 60 crianças, filhas e filhos de trabalhadores rurais, para dar aulas no local. Atualmente, a unidade de ensino tem 1.350 alunos. A estrutura era improvisada inicialmente, mas necessária. “Ocupamos o lugar que era o curral das vacas”. Não havia opção de estudo para essas crianças. “O começo foi no improviso. Tinha contêineres. Eu cavei até cisterna para que aqui virasse uma escola”. O primeiro nome da escola foi Ayrton Senna da Silva, sugerido pela professora logo depois que o ídolo dela morreu em 1994. Município e estado passaram a oferecer ensino fundamental e, depois, o ensino médio. Ela diz que, desde 1995, quando Águas Lindas de Goiás virou município autônomo, a escola discutiu a importância da participação social e política, a par das dificuldades de infraestrutura. Segundo Maria do Socorro, a existência da escola é resultado da luta da comunidade. “Eu tenho muito amor por este lugar”. O nome Ayrton Senna ficou para um prédio, apenas para o ensino médio, na mesma rua, enquanto Domingos Simões ficou para o infantil e fundamental. Do lado de fora da escola, o segundo da fila na votação na manhã de hoje também se considerava analfabeto por só conseguir estudar até o 4º ano. O agricultor Divino Evangelista dos Santos, de 53 anos, teve 11 filhos, mas hoje mora sozinho. Orgulha-se, no entanto, de que “nenhum dos meninos” desistiu do caminho. Chegou cedo à escola para poder cuidar da roça no restante do dia. Perto deles, o pedreiro Dorival Batista, de 62, também analfabeto e que mora desde 2002 em Águas Lindas, é natural de Rio do Sono (TO). Ele sonha que um dia possa dormir mais tranquilo quando se aposentar. À espera do momento de votar, a camareira de hospital Géssica Matos, de 33 anos, guardava nos olhos a expectativa de chegar às urnas. No colo dela, o pequeno Oliver Darwin, de 9 meses de vida, significa a maior inspiração. Géssica estudou, durante toda a vida, na escola em que votou neste domingo. “Foi aqui que a gente cresceu. Nós votamos para ele ter também esperança de futuro. Que ele viva em um país democrático, com ensino de excelência”, diz a mãe, ao lado do marido, o marceneiro Jeremias Azevedo, de 30 anos. A rotina de Géssica atravessa madrugadas em dias alternados para atender à escala do Hospital de Base, em Brasília, onde trabalha. Ela acorda antes das 4h da manhã todos os dias para pegar o ônibus e chegar a tempo no serviço. “Voltar a essa escola para votar nos deixa muito emocionados porque aqui cresceram os nossos sonhos. Votar alimenta nossos sonhos”, afirma. O advogado Adenilson dos Santos Filho, de 36 anos, lembrou, neste domingo, do primeiro dia de aula na escola, aos 7 anos, e disse que a unidade de ensino é uma referência fundamental para a comunidade. “E pensar que era um curral. Lembro das professoras que insistiam que eu estudasse. Elas estavam certas. Mas, no começo, eu vinha mesmo por causa da merenda”, sorri. Filho de caminhoneiro e de professora primária, o rapaz conta que formou um senso de justiça e de esperança, mas não tinha como pagar uma faculdade. Foi possível chegar ao ensino superior graças ao Programa Universidade para Todos (Prouni), do governo federal. “A faculdade foi muito importante, mas essa escola eu nunca esquecerei. É referência para todos nós”. Mesmo recém-formado na escola, o balconista Adriano Silva, de 20 anos, disse que sentiu nostalgia ao entrar na escola para votar. Hoje, ele cursa o ensino superior em gestão pública e espera que existam concursos para prestar em breve. Lembrou com carinho também da quadra de esportes. Logo depois de Adenilson e Adriano entrarem na escola, Lídia da Conceição, de 31 anos, também se disse emocionada com o voto de hoje. Ela estudou “a vida inteira” no lugar e hoje é monitora para alunos com neurodivergência. “Venho trabalhar com muita felicidade”. Ela faz o curso de pedagogia. “Quero ser professora também aqui nesta escola”. A diretora da unidade de ensino, Zélia Vaz, de 58 anos, informou que a escola, durante as últimas três décadas, atendeu alunos e seus familiares em diferentes graus de vulnerabilidade social. “Nosso papel é orientar. Conheço todos que passam aqui. Eles vêm votar, mas estudam ou estudaram com a gente. Para nós, é muito gratificante vê-los ou revê-los como adultos e cidadãos no direito ao voto”. Ela defende que o dia a dia de cada sala de aula amplia os olhares para cada voto na urna."	Agência Brasil	politica	False
https://agenciabrasil.ebc.com.br/politica/noticia/2026-10/eleitores-tem-ate-17h-para-votar-neste-domingo	2026-10-04	Eleitores têm até as 17h para votar neste domingo	Recomendação é levar colinha em papel para agilizar votação	Neste domingo (4), 158.745.463 eleitores estão aptos a comparecer aos locais de votação, em todo o país , para escolher os candidatos que disputam as vagas no primeiro turno das Eleições Gerais. A Justiça Eleitoral recomenda que o eleitor leve anotados os números dos candidatos escolhidos para agilizar a votação. Os eleitores devem ficar atentos também aos horários: a votação termina às 17h, seguindo obrigatoriamente o horário de Brasília. O prazo será prorrogado quando houver pessoas aguardando na fila às 17h. Nesse caso, serão distribuídas senhas para garantir que todos os presentes possam exercer o voto. Nesta etapa, o eleitor deverá escolher até seis candidatos que disputam os seguintes cargos: As eleições definirão a composição do Poder Executivo federal e estadual e renovarão parte do Poder Legislativo para os próximos anos. Se houver segundo turno para escolha de presidente e governadores, a votação será no dia 25 de outubro. * Colaboraram Pedro Peduzzi e Amanda Cieglinski	Agência Brasil	politica	False
https://agenciabrasil.ebc.com.br/politica/noticia/2026-10/tse-justica-eleitoral-esta-preparada-para-eleicao-tranquila	2026-10-04	Justiça está preparada para eleição tranquila, diz presidente do TSE	Segundo Kassio Nunes, incidentes registrados foram contornados	O presidente do Tribunal Superior Eleitoral (TSE), Kassio Nunes Marques, disse, ao votar neste domingo (4), que a Justiça Eleitoral está preparada para que o país tenha uma das eleições “mais tranquilas e exitosas”. “Amanhecemos no dia de hoje com a segurança de que as eleições vão transcorrer na maior normalidade”. Nunes Marques afirmou que os incidentes registrados até a véspera da eleição foram contornados e que a Justiça Eleitoral também adotou providências para enfrentar os impactos das condições climáticas nas diferentes regiões do país. “As questões climáticas estão administradas, tanto nos locais mais extremos, como o Norte do Brasil com as secas, quanto em relação às chuvas que chegaram fortemente à Região Sul”, disse. Segundo o presidente do TSE, houve necessidade de deslocamento de urnas e de seções eleitorais em razão dessas situações, mas as providências foram tomadas previamente. O ministro votou às 8h no Colégio Nossa Senhora do Perpétuo Socorro, no Lago Sul, em Brasília. Antes de votar, Nunes Marques acompanhou a emissão da zerésima na seção eleitoral. Segundo o TSE, o documento, impresso pela urna eletrônica antes do início da votação, comprovou que não havia nenhum voto registrado no equipamento. “A zerésima contém a identificação da urna e a relação das candidaturas, com os respectivos registros de votação zerados, e integra os mecanismos de transparência e auditoria do processo eleitoral”, explica a Corte. O procedimento ocorre antes do primeiro voto. Após a impressão, o documento é assinado pelos integrantes da mesa receptora e pelos fiscais presentes e permanece disponível na seção para acompanhamento e fiscalização.	Agência Brasil	politica	False
https://agenciabrasil.ebc.com.br/politica/noticia/2026-10/cerca-de-158-milhoes-de-eleitores-vao-as-urnas-em-todo-o-pais	2026-10-04	Cerca de 158,7 milhões de eleitores vão às urnas em todo o país	Votação começa às 8h e termina às 17h (horário de Brasília)	"Os brasileiros vão às urnas neste domingo (4) para escolher presidente da República, governadores, senadores, deputados federais, deputados estaduais e deputados distritais. Cerca de 158,7 milhões de eleitores estão aptos a votar, segundo a Justiça Eleitoral. As escolhas feitas pelos eleitores definirão os ocupantes de cargos responsáveis por decisões que afetam diretamente a vida da população em áreas como saúde, educação, segurança pública, transporte, infraestrutura e economia. A votação começa às 8h e termina às 17h (horário de Brasília). Se houver segundo turno para escolha de presidente e governadores, será no dia 25 de outubro. Neste ano, os eleitores votarão em até seis candidatos : presidente da República (e vice-presidente), governador (e vice-governador), dois senadores por estado, deputado federal, e deputado estadual ou distrital, no caso do Distrito Federal. As eleições definirão a composição do Poder Executivo federal e estadual e renovarão parte do Poder Legislativo para os próximos anos. A ordem de votação definida pela Justiça Eleitoral será: Neste pleito, cada eleitor deverá escolher dois candidatos ao Senado , já que duas vagas por unidade da Federação estarão em disputa. A Justiça Eleitoral recomenda que o eleitor consulte antecipadamente o local de votação, verifique sua situação eleitoral e, se desejar, baixe o aplicativo e-Título . Outra orientação é levar anotados os números dos candidatos escolhidos para agilizar a votação. O uso de telefone celular na cabine continua proibido. Antes de confirmar cada voto, o eleitor deve conferir, na tela da urna eletrônica, a fotografia, o nome e o partido do candidato. Em caso de erro, basta apertar a tecla ""Corrige"" e refazer o procedimento. As eleições de 2026 reúnem o maior eleitorado da história brasileira. Do total de eleitores aptos, 141.321.493 já têm biometria cadastrada, o equivalente a 89,01% do eleitorado, segundo a Justiça Eleitoral. De acordo com o Tribunal Superior Eleitoral, há 605,8 mil eleitores de 16 anos e pouco mais de 1 milhão de eleitores com 17 anos – faixas etárias para as quais o voto é facultativo. A disputa também é marcada pelo grande número de candidatos. A Justiça Eleitoral registra cerca de 21 mil pedidos de candidatura. Mais da metade está concentrada nas eleições para as assembleias legislativas e para a Câmara Legislativa do Distrito Federal. São cerca de 11,3 mil candidatos a deputado estadual e 433 a deputado distrital, totalizando cerca de 11,7 mil concorrentes nesses cargos. Para a Câmara dos Deputados, foram registrados 7.803 candidatos. O direito ao voto nem sempre esteve ao alcance de todos os brasileiros. Ao longo da história do país, diferentes grupos foram excluídos do processo eleitoral. Mulheres, analfabetos, populações indígenas e pobres estiveram, em diferentes períodos, impedidos de participar das eleições. Mais recentemente, durante a ruptura institucional instaurada pela ditadura militar, voto e direitos políticos sofreram restrições, e candidaturas foram cassadas, em meio a eleições indiretas para determinados cargos. Os analfabetos voltaram a ter direito ao voto em 1985. Já os direitos políticos foram consolidados na Constituição Federal de 1988. Nesse contexto, cabe à Justiça Eleitoral organizar o processo eleitoral, de forma a garantir o exercício do voto como pilar da democracia brasileira. Em material institucional da série Voto Limpo, o Tribunal Superior Eleitoral (TSE) define o voto como “a maior expressão da cidadania” e destaca que ele garante à população o direito de escolher seus representantes para a condução do país."	Agência Brasil	politica	False
https://agenciabrasil.ebc.com.br/politica/noticia/2026-10/veja-como-consultar-o-local-de-votacao-e-secao-eleitoral	2026-10-04	Eleições 2026: veja como consultar local de votação e seção eleitoral	Informação pode ser acessada no aplicativo e-Título ou no site do TSE	Quem ainda não souber qual é o seu local de votação para as eleições 2026, pode consultar pelos canais disponibilizados pela Justiça Eleitoral. O Tribunal recomenda que os eleitores confiram o local com antecedência para evitar dúvidas no dia da eleição. A informação pode ser acessada pelo aplicativo e-Título ou pelo portal do Tribunal Superior Eleitoral (TSE). A consulta permite verificar o endereço da seção eleitoral e a zona de votação. Uma das opções é utilizar o e-Título, aplicativo oficial da Justiça Eleitoral . Depois de acessar o aplicativo, basta selecionar a opção “Onde votar”. O aplicativo apresenta as informações do local de votação, incluindo endereço, zona e seção eleitoral. O aplicativo também pode mostrar a rota até o local. A informação também está disponível no Autoatendimento Eleitoral – Título Net , no site do Tribunal Superior Eleitoral. Para fazer a consulta, é preciso acessar a opção “Consultas” e, depois, “Onde votar”. O sistema solicita os dados necessários para apresentar as informações eleitorais. A Justiça Eleitoral de 10 estados e do Distrito Federal anunciou alterações em endereços das seções eleitorais. Os 27 tribunais regionais eleitorais costumam manter em seus portais uma lista completa das mudanças. O eleitor deve acessar o seu TRE local e verificar avisos sobre o tema.	Agência Brasil	politica	False
https://agenciabrasil.ebc.com.br/politica/noticia/2026-10/eleicoes-2026-veja-ordem-de-votacao-na-urna-eletronica	2026-10-04	Eleições 2026: veja a ordem de votação na urna eletrônica	Eleitores irão escolher os candidatos para seis cargos	No primeiro turno das eleições 2026, os eleitores irão escolher os candidatos para seis cargos. É importante saber a ordem de votação na urna eletrônica. Veja a sequência: Após digitar cada número e conferir a foto e o nome do candidato, é preciso clicar na tecla verde CONFIRMA . Se houver erro, basta pressionar CORRIGE e refazer o voto daquele cargo. Para votar em branco, é preciso clicar na tecla BRANCO e depois em CONFIRMA . Neste ano, a urna eletrônica terá uma barra de progresso, exibida na parte de cima da tela, que vai mostrar para quais cargos o eleitor já votou e para quais ainda deve votar. Nas eleições deste ano, ocorre a renovação de dois terços do Senado, por isso, o eleitor terá que escolher dois candidatos para o cargo. Não é permitido votar duas vezes no mesmo candidato. Se o eleitor digitar apenas o número de legenda (dois dígitos), a urna não permitirá o prosseguimento da votação. Caso prossiga com um número inválido, o voto será considerado nulo para o cargo.	Agência Brasil	politica	False
https://agenciabrasil.ebc.com.br/politica/noticia/2026-10/saiba-quais-situacoes-permitem-acompanhante-na-cabine-de-votacao	2026-10-03	Saiba quais situações permitem acompanhante na cabine de votação	Crianças não podem digitar voto ou revelar opção do eleitor	Pais acompanhados de crianças devem ficar atentos no dia da votação. A legislação eleitoral permite que os pequenos sejam acompanhantes na hora da votação. No entanto, dentro da cabine, quem deve digitar os números na urna é o eleitor. Além de não poder interferir na votação, a criança também não pode comprometer o sigilo do voto. Já os eleitores com deficiência ou mobilidade reduzida têm direito garantido a acompanhamento no momento da votação e ao uso de recursos de acessibilidade na urna eletrônica. Nesse caso, as normas estabelecidas pela justiça eleitoral ( resolução TSE nº 23.751/2026, art. 140 ) dão a permissão para que o cidadão entre na cabine de votação acompanhado por uma pessoa de sua escolha, independentemente do tipo ou da causa da limitação. O auxílio ao eleitor não exige cadastro ou requerimento prévio junto ao juiz eleitoral. Cabe ao presidente da mesa receptora, na seção eleitoral, avaliar se é imprescindível a necessidade da ajuda e autorizar o ingresso do acompanhante na cabine, juntamente com o eleitor. A pessoa indicada pode, inclusive, digitar os números dos candidatos na urna sob a orientação do eleitor. Para atuar como auxiliar, a pessoa indicada deve apresentar documento de identificação aos mesários. A legislação proíbe que o acompanhante esteja a serviço da justiça eleitoral, de partidos políticos, de federações ou de coligações. Além disso, todos os atendimentos desse tipo devem ser devidamente registrados na ata da seção, contendo o nome completo e o número do documento de quem prestou o auxílio. O protocolo de votação dispõe de recursos específicos de acessibilidade e de tecnologias de assistência que viabilizem o exercício do voto ao eleitor com deficiência ou mobilidade reduzida. Seguem algumas normas para o eleitor com deficiência visual. Por fim, uma pessoa com deficiência ou mobilidade reduzida pode atualizar seu cadastro na justiça eleitoral no próprio dia da eleição. Basta preencher, datar e assinar o Formulário para Identificação de Eleitora e Eleitor com Deficiência para ser encaminhado ao cartório eleitoral do município ou do Distrito Federal pelos integrantes da sala de votação.	Agência Brasil	politica	False
https://agenciabrasil.ebc.com.br/politica/noticia/2026-10/eleicoes-2026-veja-os-horarios-de-votacao-neste-domingo	2026-10-04	Eleições 2026: veja os horários de votação neste domingo	Seções funcionarão até as 17h, no horário de Brasília	Neste domingo (4), 158.745.463 eleitores estão aptos a comparecer aos locais de votação, em todo o país, para escolher os candidatos que disputam as vagas no primeiro turno das Eleições Gerais. Os eleitores deverão ficar atentos aos horários : a votação será iniciada às 8h e terminará às 17h,  seguindo obrigatoriamente o horário de Brasília. O prazo será prorrogado quando houver pessoas aguardando na fila às 17h. Nesse caso, serão distribuídas senhas para garantir que todos os presentes possam exercer o voto. Nesta etapa, o eleitor deverá escolher até seis candidatos que disputam os seguintes cargos: Leia também: >>> Saiba o que pode e o que não pode no dia da votação >>>  Saiba como baixar o e-Título para votar >>>  Saiba em quantos candidatos votar e a ordem de votação	Agência Brasil	politica	False
https://agenciabrasil.ebc.com.br/politica/noticia/2026-10/eleicoes-2026-boca-de-urna-e-crime-saiba-o-que-e-proibido	2026-10-03	Eleições 2026: boca de urna é crime; saiba o que é proibido	Crime pode ser punido com detenção e pagamento de multa	Com a aproximação do primeiro turno das Eleições de 2026, a população deve lembrar que, no dia da votação, alguns comportamentos como pedir votos, distribuir propaganda ou abordar eleitores para influenciar a escolha são proibidos. Essas práticas podem caracterizar o crime de boca de urna. A boca de urna ocorre quando há tentativa de convencer o eleitorado a votar em determinado candidato, partido, federação ou coligação no dia da eleição. O que não pode: Até o encerramento da votação, a legislação proíbe a aglomeração de pessoas com vestuário padronizado ou portando instrumentos de propaganda, quando isso caracterizar manifestação coletiva. A manifestação individual e silenciosa do eleitor sobre a sua preferência política é liberada. Ou seja: é permitido votar com itens como bandeiras, broches e adesivos, desde que não haja manifestação coletiva. No ambiente digital, a lei considera crime a publicação de novos conteúdos ou o impulsionamento de conteúdos no dia da eleição, por parte dos candidatos. Conteúdos publicados anteriormente, no entanto, podem permanecer disponíveis. Quem for pego fazendo boca de urna pode ser punido com detenção de 6 meses a 1 ano, com a possibilidade de substituição pela prestação de serviços à comunidade pelo mesmo período, além de pagamento de multa. As irregularidades relacionadas à propaganda eleitoral podem ser comunicadas pelo Pardal, aplicativo da Justiça Eleitoral. A ferramenta permite o envio de denúncias pelo celular, com informação sobre o local, fotos, vídeos e áudios que ajudem na análise da ocorrência. O aplicativo está disponível gratuitamente nas lojas Google Play e App Store.	Agência Brasil	politica	False
https://agenciabrasil.ebc.com.br/politica/noticia/2026-10/veja-como-foi-ultimo-dia-de-campanha-dos-candidatos-presidente	2026-10-03	Veja como foi o último dia de campanha dos candidatos a presidente	Agenda dos presidenciáveis teve atos de campanha em diferentes cidades	"No último dia de campanha antes do 1º turno, marcado para este domingo (4), os candidatos à Presidência realizaram caminhadas, carreatas e se reuniram com apoiadores. Samara Martins (UP) A candidata realizou uma caminhada no bairro do Alecrim, em Natal. Após a atividade, fez um balanço da campanha e voltou a destacar propostas da legenda relacionadas à renda, à dívida pública, à saúde e à educação. A candidata também ressaltou os diálogos mantidos com eleitores em diferentes regiões do país ao longo da campanha. Augusto Cury (Avante) O candidato esteve em Colina (SP) na manhã deste sábado, onde participou de uma caminhada ao lado de apoiadores. O evento foi o único compromisso público divulgado pela campanha para o último dia antes da votação. Após a atividade, o candidato seguiu para Ribeirão Preto. Flávio Bolsonaro (PL) O candidato Flávio Bolsonaro participou pela manhã de uma moto-carreata entre Santa Bárbara d’Oeste e Americana, no interior paulista. Durante o evento, Flávio posou para fotos segurando um cartaz com a imagem de seu pai, o ex-presidente Jair Bolsonaro, que cumpre prisão domiciliar após ser condenado pelo Supremo Tribunal Federal (STF) por tentativa de golpe de Estado. Ao final do evento, ele agradeceu o apoio recebido durante a campanha e afirmou estar confiante no resultado das urnas. ""Eu tenho a convicção também que tem tudo pra que a gente ganhe essa eleição já no 1º turno"", disse o senador chamando seus apoiadores para irem às urnas no domingo. O candidato aproveitou o ato para criticar o STF dizendo que a Corte ""tem de que deixar de ser uma delegacia de polícia"". Hertz Dias (PSTU) Hertz Dias realizou pela manhã uma reunião virtual com apoiadores de diferentes regiões do país. Para o fim da tarde, participou do ato Pane no Sistema, promovido na sede do Sindicato dos Metroviários, em São Paulo. Luiz Inácio Lula da Silva (PT) O presidente Luiz Inácio Lula da Silva, candidato à reeleição, realizou a caminhada ""Brasil Pronto pra Mais"" nas ruas do centro de São Paulo. Em seu discurso, destacou temas como fim da escala 6x1, combate às bets e políticas de educação. Lula referiu-se à eleição presidencial deste ano como uma oposição entre a democracia e a barbárie. “Nós estamos a poucas horas de fazer possivelmente o maior gesto da revolução democrática desse país”, disse. “De um lado, está a democracia, aqueles que defendem os direitos humanos, a educação, uma forte política de mobilidade urbana, aqueles que defendem a ciência e tecnologia e a soberania”, ressaltou Lula. “Do outro lado, está a barbárie, aqueles que são contra a cultura, que acabaram com o Ministério da Indústria e Comércio, Ministério do Trabalho, Ministério da Igualdade Racial, Ministério dos Direitos Humanos e Ministério das Mulheres”, acrescentou. O presidente afirmou que manterá sua luta pelo povo brasileiro. “É o povo brasileiro que vai derrotar a extrema-direita, os fascistas e os negacionistas.” Lula aproveitou o ato para convocar pessoas maiores de 70 anos, para quem o voto é facultativo, a irem às urnas neste domingo. Renan Santos (Missão) Renan Santos participou ao meio-dia de uma etapa do Tour Futuro Glorioso em Santos (SP). À tarde, seguiu para São Paulo, onde participou de caminhada com apoiadores entre a Praça da Liberdade e o Largo São Francisco. Ronaldo Caiado (PSD) O candidato cumpriu agenda pela manhã em Goiânia, com caminhada e carreata na região noroeste da cidade. Durante as atividades, voltou a defender propostas voltadas à agricultura familiar, à segurança pública e à saúde. Rui Costa Pimenta (PCO) Participou neste sábado do programa Análise Política da Semana, transmitido pela Causa Operária TV. Durante a transmissão, comentou temas políticos e eleitorais na véspera do primeiro turno. Os candidatos Wilson Grassi (Democrata), Clariana Barão (DC), Edmilson Costa (PCB) e Romeu Zema (Novo) não tiveram compromissos públicos neste sábado. *Colaboraram Camila Boehm (de São Paulo) e Pedro Peduzzi"	Agência Brasil	politica	False
https://agenciabrasil.ebc.com.br/politica/noticia/2026-10/eleicoes-2026-e-titulo-permite-justificar-ausencia-pelo-celular	2026-10-04	Eleições 2026: e-Título permite justificar ausência pelo celular	App usa geolocalização e eleitor não precisa apresentar documentos	O eleitor que não votar por estar fora do município de seu local de votação no dia e horário de cada turno das eleições poderá usar o aplicativo e-Título para justificar a ausência. O Primeiro Turno das Eleições 2026 ocorre neste domingo (4), das 8h às 17h, no horário de Brasília. >> Eleições 2026: saiba em quantos candidatos votar e a ordem de votação A ferramenta pode ajudar a reduzir filas em locais instalados pela Justiça Eleitoral para receber a justificativa de ausência no dia da votação, pois o procedimento pode ser realizado no dia da votação de forma rápida, diretamente de um smartphone ou tablet . Caso deixe de votar no primeiro e no segundo turno da eleição, o eleitor terá de justificar cada ausência separadamente, obedecendo aos requisitos e prazos de cada turno. O Tribunal Superior Eleitoral (TSE) informa que não é necessário anexar documentos que comprovem o motivo da ausência, quando a justificativa for apresentada no exato dia da eleição. Isso porque o próprio aplicativo fará a verificação da localização do eleitor, por meio da geolocalização do dispositivo móvel, para certificar se o cidadão está em município diferente daquele em que possui sua inscrição eleitoral. Essa modalidade de justificativa (via e-Título) estará disponível somente para os títulos em situação regular ou suspensa . >> Saiba o que pode e o que não pode no dia da votação Não sendo possível justificar a ausência pelo aplicativo móvel, o eleitor também pode preencher o formulário de Requerimento de Justificativa Eleitoral (no formato PDF). A entrega do documento impresso deve ser feita na seção eleitoral mais próxima ou nos locais de justificativa divulgados pelos Tribunais Regionais Eleitorais (TREs) e pelos cartórios eleitorais , que são unidades da Justiça Eleitoral prestadoras de serviços a eleitores de determinada zona eleitoral. Além do formulário, será necessário apresentar um documento oficial de identificação com foto, mesmo que tenha a data de validade expirada. O formulário gratuito de Requerimento de Justificativa Eleitoral pode ser obtido: O eleitor com domicílio eleitoral no Brasil e que esteja no exterior no dia da votação deve apresentar a justificativa pela ausência via e-Título ou nas mesas que funcionem com urna eletrônica no exterior. >> Confira aqui os locais e as seções eleitorais brasileiras fora do país A Zona Eleitoral do Exterior (ZZ), que atende ao eleitorado brasileiro com domicílio eleitoral fora do Brasil, também pode ser consultada para orientações. Veja aqui os contatos disponíveis . Para quem justificou a ausência nas urnas em algum dos turnos das eleições pelo formulário de Requerimento de Justificativa Eleitoral, o juízo eleitoral responsável deve lançar as informações no cadastro eleitoral até 9 de dezembro. O eleitor que não votou nem apresentou a justificativa no próprio dia da votação poderá fazê-lo em até 60 dias após cada turno, com o envio de documentos comprobatórios. Há três opções para justificar a ausência neste prazo: De acordo com o calendário das Eleições Gerais de 2026, a data final para que eleitores que deixaram de votar no primeiro turno apresentem a justificativa de ausência sem penalidade é 3 de dezembro . E 8 de janeiro de 2027 é o prazo limite para a entrega da justificativa de ausência no segundo turno eleitoral. A eleitora ou o eleitor que estiver nas situações em que o voto é obrigatório pode justificar a ausência às eleições tantas vezes quantas forem necessárias. A ausência a três eleições consecutivas sem o pagamento das respectivas multas ou sem a apresentação de justificativas resultará no cancelamento da inscrição. Caso não vote, não justifique nem pague as multas da Justiça Eleitoral, o eleitor com voto obrigatório, enquanto não regularizar a situação, ficará impedido de: No país, o voto é obrigatório para os cidadãos brasileiros alfabetizados entre 18 e 70 anos. Para quem está com idade entre 16 e 18 anos, para os maiores de 70 anos e para as pessoas não alfabetizadas, o voto é facultativo. Neste ano eleitoral, os menores que completam 16 anos até a data da eleição puderam se alistar como eleitores. Os portadores de deficiência que estejam impossibilitados de cumprir as obrigações eleitorais podem requerer a não aplicação das sanções legais, conforme a legislação eleitoral. Não podem se alistar como eleitores: os estrangeiros, os que cumprem o serviço militar obrigatório e os que tiverem perda ou suspensão em seus direitos políticos, como em caso de condenação criminal irrecorrível, enquanto durar seus efeitos.	Agência Brasil	politica	False
https://agenciabrasil.ebc.com.br/politica/noticia/2026-10/e-titulo-saiba-como-votar-usando-o-aplicativo-do-tse	2026-10-03	E-Título: saiba como votar usando o aplicativo do TSE	Por meio do app, é possível consultar local de votação	"Para exercer o direito ao voto neste domingo (4), os eleitores poderão utilizar o e-Título , a versão digital do título de eleitor. O app pode ser utilizado desde que ele contenha a foto do eleitor. Apesar do uso não ser obrigatório, o aplicativo facilita o acesso às informações mais importantes no dia da votação. Baixe o e-Título para iOS Baixe o e-Título para Android Para comprovar a identidade do eleitor, os mesários deverão conferir documentos oficiais com foto (físicos ou digitais). O e-Título, desde que tenha a foto do eleitor, pode ser utilizado nesta identificação. Para baixar o e-Título, é necessário acessar a AppStore ou Google Play Store e fazer o download gratuito . É importante verificar se o app aparece como ""e-Título - Justiça Eleitoral Brasileira"". Com o aplicativo aberto é preciso preencher os dados: nome completo, data de nascimento, CPF ou Título de Eleitor, e nome dos pais. Após isso, o eleitor deverá responder às perguntas de segurança exibidas na tela e criar uma senha. Os dados informados devem ser exatamente iguais aos do último atendimento na Justiça Eleitoral. Se houver divergência, o aplicativo não validará o documento. O e-Titulo poderá ainda solicitar o reconhecimento facial, feito por meio da câmera do aparelho celular. Além de servir como documento de identificação, no aplicativo é possível consultar informações relevantes como o local de votação, além de emitir certidões eleitorais e justificar a ausência às urnas. Sim. Qualquer documento oficial com foto, físico ou digital, será aceito para identificação. São aceitos como documento de identificação, além do e-Título, inclusive em formato digital:"	Agência Brasil	politica	False
https://agenciabrasil.ebc.com.br/politica/noticia/2026-10/eleicoes-propaganda-eleitoral-nas-ruas-termina-22h-deste-sabado	2026-10-03	Eleições: propaganda eleitoral nas ruas termina às 22h deste sábado	No domingo, fica proibido distribuir santinhos e fazer carreatas	A propaganda eleitoral nas ruas terminará às 22h deste sábado (3), no horário de Brasília, véspera do 1º turno das eleições gerais de 2026. De acordo com o calendário eleitoral, este é o último dia de campanha eleitoral para distribuição de material gráfico (como santinhos e adesivos), para realização de passeatas, carreatas e circulação de carros de som e uso de alto-falantes e amplificadores de som, com jingles e mensagens de campanha. Ainda é vedada a publicação de novos conteúdos ou impulsionamento de conteúdos nas plataformas de internet. Na última quinta-feira (1º), teve fim a propaganda eleitoral gratuita no rádio e na televisão para o primeiro dia do pleito. As regras estão previstas na Lei das Eleições e na resolução do Tribunal Superior Eleitoral que disciplina a propaganda eleitoral e tem o objetivo de assegurar tranquilidade ao eleitorado antes da votação. Neste domingo (4), eleitores e candidatos podem manifestar preferência política de forma individual e silenciosa, como com o uso de camisetas, broches, adesivos e bandeiras. Porém, não é permitido promover aglomerações, abordar eleitores, distribuir material de campanha ou usar veículos para divulgar candidaturas no dia da eleição. A boca de urna é crime eleitoral caracterizado pela tentativa de convencer, influenciar ou arregimentar eleitores a votar ou deixar de votar em determinada candidatura ou partido no dia do pleito. Quem praticar a infração está sujeito a detenção de seis meses a um ano, que pode ser substituída por prestação de serviços à comunidade pelo mesmo período, além de multa de R$ 5.320,50 a R$ 15.961,50. A punição pode alcançar qualquer outra pessoa que pratique a conduta, inclusive, cabos eleitorais, representantes de partidos e federações, eleitores e candidatos. No momento de votar, é proibido também o cidadão fazer uso de celular, de óculos com câmera integrada ou qualquer equipamento eletrônico na cabine de votação . O celular pode ser usado apenas antes, para a identificação do eleitor por meio do aplicativo e-Título (desde que mostre a foto do eleitor) ou pela apresentação de outros documentos oficiais em formato digital, exibidos em seus respectivos aplicativos oficiais. Após a conferência dos dados pelos mesários, o aparelho deve ser deixado no local indicado pela mesa receptora e será devolvido após a votação ser concluída. No primeiro turno das Eleições 2026, eleitores escolherão presidente da República, governadores, senadores, deputados federais, deputados estaduais e deputados distritais. Para os cargos de presidente da República e governador, poderá haver segundo turno caso nenhuma candidatura obtenha mais da metade dos votos válidos (excluídos os votos em branco e os nulos). Nas localidades onde houver segundo turno, a votação ocorrerá em 25 de outubro.	Agência Brasil	politica	False
https://agenciabrasil.ebc.com.br/politica/noticia/2026-10/colinha-em-papel-e-sem-celular-saiba-o-que-pode-entrar-na-cabine	2026-10-04	Colinha em papel e sem celular: saiba o que pode entrar na cabine	Não são permitidos equipamentos que possam registrar o voto	No dia da votação, o eleitor não poderá levar para a cabine de votação itens como celular, smartwatch, máquina fotográfica, filmadora, óculos inteligentes e outros equipamentos que possam comprometer o sigilo do voto. O celular pode ser utilizado para apresentar o e-Título ou outro documento digital aceito pela Justiça Eleitoral durante a identificação na seção eleitoral. Mas, antes de se dirigir à urna eletrônica, o eleitor deve desligar o aparelho e deixá-lo no local indicado pela mesa receptora da seção eleitoral. O objetivo da regra é impedir que o voto seja registrado, transmitido ou divulgado. A mesa receptora ficará responsável pela guarda do celular e deve devolvê-lo após a votação. Para saber os números dos candidatos escolhidos, é possível levar uma colinha em papel para dentro da cabine. A medida evita esquecimentos e torna o processo mais rápido, especialmente porque neste ano são seis cargos para serem escolhidos. O TSE disponibiliza em seu site modelos de colinha para serem impressos. Depois de baixar e imprimir a folha, é possível preencher os espaços com os números das candidatas e dos candidatos escolhidos. As regras não impedem o uso de recursos de acessibilidade e de tecnologias assistivas por pessoas com deficiência ou mobilidade reduzida. Esses equipamentos podem ser utilizados normalmente, desde que não sirvam para registrar, transmitir ou divulgar o conteúdo do voto.	Agência Brasil	politica	False
https://agenciabrasil.ebc.com.br/politica/noticia/2026-10/tribunais-distribuem-urnas-e-preparam-se%C3%A7oes-para-eleicao	2026-10-03	Tribunais distribuem urnas e preparam seções para eleição	Dos 560 mil equipamentos, 65 mil ficarão de reserva para caso de falha	"Os tribunais regionais eleitorais de todo o país realizam neste sábado (3), véspera do primeiro turno da eleição, os últimos procedimentos para o pleito. Mais de 560 mil urnas eletrônicas estão sendo levadas aos locais de votação, onde serão posicionadas, preparadas e mantidas sob guarda policial, até o início da votação. Desse total, cerca de 499 mil são necessárias para a votação, e outras quase 65 mil ficarão reservadas para substituir equipamentos em caso de necessidade. Considerando o tamanho da operação, os tribunais fazem parcerias com outras instituições públicas. No Rio de Janeiro, por exemplo, parte das urnas foi levada até os locais de votação em ônibus escolares, e profissionais da Companhia Municipal de Limpeza Urbana (Comlurb) foram escalados para ajudar nesse transporte. Dentro de cada local, servidores da Justiça Eleitoral e voluntários convocados também estão atuando na preparação das seções, organizando os espaços de movimentação dos eleitores e colando materiais informativos. Assim como foi realizado pelo Tribunal Superior Eleitoral , nos estados também ocorreram as cerimônias de emissão da zerésima do Sistema de Gerenciamento da Totalização. O procedimento comprova que nenhum voto foi previamente registrado no banco de dados de totalização dos resultados. Além disso, antes do início da votação, os voluntários que trabalharão nas seções deverão emitir a zerézima de cada urna, atestando que os equipamentos também não têm nenhum voto registrado. Com isso, a Justiça Eleitoral pretende comprovar que o resultado apurado após o pleito realmente corresponde aos votos depositados pelos eleitores. De acordo com o presidente do TRE-RJ, desembargador Claudio de Mello Tavares, os procedimentos deste sábado oferecem ""mais uma prova pública e verificável de que o voto de cada cidadão será recebido, registrado e contado exatamente como foi manifestado"" ""A eleição não começa quando o eleitor aperta a tecla ""confirma"". Ela começa muito antes, na preparação dos sistemas, na carga e na lacração das urnas, na fiscalização permanente dos partidos e das instituições"", acrescentou. Os tribunais também sortearam as urnas que serão auditadas neste domingo, em mais uma etapa de confirmação da segurança da urna eletrônica. Parte dos equipamentos sorteados passará por testes de autenticidade, em que juízes eleitorais vão verificar, nas próprias seções, se os programas instalados são os mesmos que foram desenvolvidos, lacrados e assinados digitalmente pelo TSE. Outra parte será auditada quanto à sua integridade. As urnas sorteadas serão recolhidas das seções antes do início da votação e levadas a locais seguros e acessíveis à população, a exemplo do Tribunal de Justiça e da sede da Fundação Getulio Vargas, no caso do Rio de Janeiro. Nesses locais, fiscais serão convidados a depositar votos escritos em papel em uma urna comum, e os mesmos votos na urna eletrônica. Depois, o resultado dos dois métodos será comparado. ""O que se demonstrará é simples e decisivo: a urna registra fielmente aquilo que nela se digita"", garantiu o presidente do TRE-RJ. ""O tribunal tem plena confiança no sistema eletrônico de votação e essa confiança decorre do alto grau de auditabilidade de todo o processo, que pode ser verificado antes, durante e depois da votação"", conclui o desembargador."	Agência Brasil	politica	False
https://agenciabrasil.ebc.com.br/politica/noticia/2026-10/no-rio-de-janeiro-1286-milhoes-de-eleitores-sao-esperados-para-votar	2026-10-04	No Rio de Janeiro, 12,86 milhões de eleitores são esperados para votar	Muitas pessoas chegaram cedo, antes da abertura das seções	"Mesmo antes da abertura das seções eleitorais no Rio de Janeiro, muitas pessoas já aguardavam para votar. São esperados nas urnas, neste domingo (4), em todo o estado, 12,86 milhões de eleitores. Paulo Dias chegou às 6h em frente ao seu local de votação, a Escola Municipal Madri, em Vila Isabel, na zona norte da cidade, com o objetivo de ser um dos primeiros da fila. ""Eu trabalho hoje. Então, quis chegar cedo para votar logo. Eu sempre venho votar, porque isso é importante para a democracia"", afirmou. Noêmia Cidrack Ventura chegou por volta das 6h30. ""Prefiro ser uma das primeiras a votar para depois aproveitar o dia. Saindo daqui, compro um pãozinho e vou para casa tomar meu café. Eu já acordo cedo mesmo. Todo ano venho votar. Tenho que escolher quem eu quero que governe a gente"". Tereza Rosauro da Silva, 71 anos, também fez questão de chegar cedo para registrar seu voto, mesmo não sendo mais obrigada a votar. ""Tenho que tentar confiar que haja um futuro melhor. Tenho netos, filhas. Tenho esperança de que as coisas possam mudar""."	Agência Brasil	politica	False
https://agenciabrasil.ebc.com.br/politica/noticia/2026-10/tse-faz-teste-final-de-sistemas-e-emite-zer%C3%A9zima	2026-10-03	TSE faz teste final de sistemas e emite zerézima	Procedimentos confirmam integridade e autenticidade de equipamentos	O Tribunal Superior Eleitoral (TSE) fez neste sábado (3), véspera do primeiro turno das Eleições 2026 , um teste que confirmou a integridade e autenticidade dos sistemas eleitorais. Durante cerimônia na sede da Corte em Brasília, foi emitida a chamada zerézima, procedimento que garante a transparência e a segurança dos processos de votação ao comprovar que não há votos registrados para nenhum candidato antes do início da votação. Essas verificações dos sistemas que serão usados para receber e totalizar os votos em todo o país têm, como objetivo, confirmar que os programas em uso são os mesmos que foram assinados digitalmente e lacrados pela Justiça Eleitoral. Segundo o TSE, foram checados quatro sistemas: Transportador Web, Receptor de Arquivos de Urna, Informação de Arquivos de Urna e Sistema de Gerenciamento da Totalização (Sistot). “Esses testes asseguram que os sistemas que estão instalados no TSE são os sistemas que foram assinados digitalmente na Cerimônia de Assinatura Digital e Lacração dos Sistemas. Portanto, são os sistemas que foram efetivamente inspecionados durante todo o ano”, explicou o secretário de Tecnologia da Informação do TSE, Júlio Valente. Procedimentos semelhantes são feitos em seções eleitorais antes da abertura da votação, quando é emitido um relatório que atesta que a urna eletrônica está apta a receber votos e não possui nenhum registro anterior. De acordo com o TSE, a conferência utiliza as assinaturas digitais e os resumos digitais (hashes), espécies de “identificadores únicos dos arquivos”, segundo o tribunal. “O hash, ou resumo digital, identifica univocamente cada sistema, cada arquivo, de forma que, se alguma parte do arquivo, ainda que mínima, for alterada, o resumo digital não coincide mais”, explicou Júlio Valente.	Agência Brasil	politica	False
https://agenciabrasil.ebc.com.br/politica/noticia/2026-10/idosos-votam-primeiro-conheca-outros-eleitores-com-prioridade	2026-10-03	Idosos votam primeiro: conheça outros eleitores com prioridade	Prioridade absoluta é de eleitores com mais de 80 anos e acompanhantes	Neste domingo (4), os 158,7 mil eleitores que comparecerão às urnas deverão votar em cinco cargos em disputa no primeiro turno - deputado federal, deputado estadual ou distrital, dois senadores, governador e presidente da República. Caso haja fila nas seções de votação, a legislação estabelece públicos prioritários que podem votar antes dos demais. A prioridade absoluta, ou seja, aqueles que passam na frente de qualquer pessoa na fila, são os eleitores com mais de 80 anos. Independentemente do horário de chegada, ele deve passar na frente dos demais e essa prioridade é estendida ao acompanhante do eleitor prioritário. Outros públicos também têm prioridade na fila. Confira a lista: Profissionais envolvidos na organização do pleito também terão prioridade. São eles: >>> Conheça os direitos das pessoas com deficiência no dia das eleições >>> Nem SP, nem Rio: saiba seção que reúne mais eleitores brasileiros >>> Saiba em quantos candidatos votar e a ordem de votação	Agência Brasil	politica	False
https://agenciabrasil.ebc.com.br/politica/noticia/2026-10/eleicoes-2026-saiba-quais-documentos-sao-aceitos-para-votar	2026-10-03	Eleições 2026: saiba quais documentos são aceitos para votar	Documentos digitais oficias com foto são aceitos como identificação	Mais de 158 milhões de brasileiros poderão votar neste domingo (4) no primeiro turno das Eleições Gerais. Para tanto, é comparecer a uma das 499 mil seções eleitorais e apresentar um documento oficial com foto. São aceitos como documento de identificação, inclusive em formato digital: Os documentos oficiais com foto podem ser utilizados mesmo que estejam vencidos, desde que permitam a identificação do eleitor. As certidões de nascimento ou de casamento não valem como prova de identidade na hora de votar. Sim. Documentos oficiais com foto, físicos ou digitais, serão aceito para identificação. No entanto, para votar apresentando somente o e-Título, disponível nas plataformas iOS ou Android , é preciso que o aplicativo contenha a foto do eleitor. Leia também: >>> Saiba o que pode e o que não pode no dia da votação >>>  Saiba como baixar o e-Título para votar >>>  Saiba em quantos candidatos votar e a ordem de votação	Agência Brasil	politica	False
https://agenciabrasil.ebc.com.br/politica/noticia/2026-10/presidente-do-senado-marca-para-terca-votacao-do-fim-da-escala-6x1	2026-10-02	Presidente do Senado marca para terça votação do fim da escala 6x1	Proposta aumenta para dois dias o descanso remunerado do trabalhador	"O presidente do Senado, Davi Alcolumbre, marcou para a próxima terça-feira (6) a análise em Plenário da Proposta de Emenda Constitucional (PEC) do fim da escala 6x1 e da redução da jornada de trabalho. “O tema, de ampla relevância para a sociedade brasileira, será debatido com responsabilidade, equilíbrio e respeito às diferentes perspectivas envolvidas”, afirmou a assessoria da presidência do Senado, em nota. A PEC foi aprovada na Câmara dos Deputados no final de maio e seguiu para o Senado. Em seguida, a base do governo na Casa tentou pautar a análise da proposta, mas Alcolumbre manteve o texto parado. Apenas em agosto encaminhou à Comissão de Constituição e Justiça (CCJ).No início de setembro, a CCJ aprovou o fim da escala 6x1, mas Alcolumbre não levou o tema ao plenário. E afirmou que a votação aconteceria após as eleições . A declaração ocorreu durante sessão deliberativa no plenário da Casa, no dia 3 de setembro, em resposta a um apelo feito pelo senador Paulo Paim (PT-RS). Paim anunciava sua aposentadoria e cumpre o último mandato parlamentar no Congresso Nacional. O senador gaúcho tem histórico de defesa do tema no Congresso. ""Quero aproveitar essa oportunidade que o senador Paulo Paim está aqui na mesa e veio me dar um abraço, para dizer para vossa excelência e para o Brasil, que vossa excelência estará aqui votando, após as eleições, o fim da escala 6x1 no plenário do Senado Federal”, disse o presidente da Casa. A PEC 221 de 2019 acaba com a escala 6x1 instituindo a obrigatoriedade de dois dias de descanso por semana, além de reduzir a jornada de trabalho das atuais 44 horas para 40 horas semanais, sem redução salarial. A proposta permite compensar o sábado ou domingo trabalhados no caso de categorias com jornadas especiais, mas mantendo o número de folgas remuneradas em duas por semana, em média, gozadas obrigatoriamente no mesmo mês. O texto também estipula uma regra de transição de até 14 meses. A exceção são os trabalhadores terceirizados da Administração Pública, que terão uma regra de transição diferenciada."	Agência Brasil	politica	False
https://agenciabrasil.ebc.com.br/politica/noticia/2026-10/voto-para-senador-exige-atencao-redobrada-do-eleitor	2026-10-03	Votos para o Senado exigem atenção redobrada do eleitor	Será necessário escolher dois candidatos	Há um voto que precisa de especial atenção dos eleitores: o voto para senador. Diferentemente dos demais cargos, será necessário votar duas vezes. Além disso, não será possível optar pelo voto de legenda, no qual se digita apenas o número do partido. >> Saiba em quantos candidatos votar e a ordem de votação. E as peculiaridades do cargo vão além do voto. Apesar de o Senado compor o Poder Legislativo federal, ao lado da Câmara dos Deputados, os senadores eleitos terão mandato de oito anos, enquanto o dos deputados federais é de quatro anos. Há diferenças também de atribuições, uma vez que o Senado representa as unidades federativas, os estados e o Distrito Federal, enquanto a Câmara dos Deputados representa a população. >> Saiba como baixar o e-Título para votar. A eleição para o Senado é majoritária, o que não permite o voto de legenda ─ uma possibilidade nas eleições proporcionais, que é o caso das disputas para deputado federal, estadual e distrital. O voto no sistema majoritário é obrigatoriamente nominal, registrado diretamente no número do candidato. Serão eleitos os dois candidatos mais votados, sem quociente eleitoral, distribuição de vagas por partido nem segundo turno. Portanto, se o eleitor digitar apenas o número do partido, o voto será nulo para senador . >> Lei Seca: confira onde haverá restrição a bebidas nas eleições 2026 . Neste ano, estarão em disputa 54 das 81 cadeiras do Senado, o equivalente a dois terços da composição da Casa . A renovação ocorre de forma alternada: em uma eleição é renovado um terço das vagas e, na seguinte, dois terços. Cada unidade da Federação tem, portanto, três representantes – independentemente do número de habitantes. Na urna eletrônica, a votação para o Senado será em duas etapas. O eleitor registrará um voto para a primeira vaga e outro para a segunda. A Justiça Eleitoral esclarece que os votos devem ser destinados a candidatos diferentes . Caso o mesmo número seja digitado duas vezes, apenas o primeiro voto será considerado válido. O segundo será anulado. >> Conheça os direitos das pessoas com deficiência no dia das eleições . A Justiça Eleitoral orienta que o eleitor: O eleitor deve sempre conferir os números de todos os candidatos escolhidos. Os senadores exercem funções legislativas e de fiscalização, além de competências exclusivas previstas na Constituição. Entre suas atribuições estão: Cada candidatura ao Senado é formada por um titular e dois suplentes. Na tela da urna eletrônica, aparecerão nomes e fotografias do candidato e de seus dois suplentes. Os suplentes poderão assumir o mandato em situações previstas em lei, como afastamentos temporários, renúncia, morte ou perda do mandato do titular. São eles os que assumem o cargo quando, por exemplo, um senador assume o cargo de ministro. A relevância, portanto, do papel exercido pelos suplentes tem levado a Justiça Eleitoral a ressaltar a importância de o eleitor conhecer também quem são os suplentes de seu candidato. A Justiça Eleitoral destaca a necessidade de o eleitor conhecer os candidatos e seus números antes de ir à urna. Como os senadores participam da elaboração das leis federais, da fiscalização do governo e de decisões relevantes para o funcionamento das instituições, a escolha influencia diretamente a representação do estado no Congresso Nacional pelos próximos oito anos. O Senado Federal é uma das duas casas que compõem o Congresso Nacional, ao lado da Câmara dos Deputados. Enquanto a Câmara representa a população, o Senado representa os estados e o Distrito Federal. Cada unidade da Federação tem exatamente três senadores, independentemente de sua população. O artigo 2º da Constituição de 1988 define que o Legislativo, o Executivo e o Judiciário são Poderes da União, independentes e harmônicos entre si. Posso votar duas vezes no mesmo candidato? Não. Se o eleitor repetir o mesmo número, apenas o primeiro voto será válido. O segundo será automaticamente anulado pela urna eletrônica. É possível votar apenas no partido? Não. Para senador não existe voto de legenda. O voto é necessariamente nominal, ou seja, dado diretamente ao candidato. Digitar apenas o número do partido resultará em voto nulo. Como os eleitos são definidos? A eleição para o Senado segue o sistema majoritário. Em 2026, serão eleitos os dois candidatos mais votados de cada estado e do Distrito Federal. Não há cálculo de quociente eleitoral, distribuição de vagas por partido nem segundo turno. Por que haverá dois votos para senador em 2026? A renovação do Senado ocorre de forma alternada. Como cada estado possui três senadores e o mandato é de oito anos, não há renovação total da Casa a cada eleição. Em uma eleição, são renovadas 27 cadeiras (um terço do Senado). Na eleição seguinte, são renovadas 54 cadeiras (dois terços). Em 2026, estarão em disputa duas vagas por estado e pelo Distrito Federal, totalizando 54 vagas. Por isso, cada eleitor terá direito a dois votos para senador.	Agência Brasil	politica	False
https://agenciabrasil.ebc.com.br/politica/noticia/2026-10/veja-como-foi-sexta-feira-2-dos-candidatos-presidente	2026-10-02	Veja como foi a sexta-feira (2) dos candidatos a presidente	Agenda dos presidenciáveis teve atos de campanha em diferentes cidades	"Nos últimos dias antes do primeiro turno das eleições 2026, a agenda dos presidenciáveis nesta sexta-feira (2) incluiu caminhadas, comício e atos de campanha em diferentes cidades. Rui Costa Pimenta (PCO) O candidato Rui Costa Pimenta participou de evento de encerramento de campanha em São Paulo. Samara Martins (UP) A candidata Samara Martins participou de comício e caminhada no Recife. Wilson Grassi (Democrata) O candidato Wilson Grassi concedeu entrevista à Sputnik Brasil. Augusto Cury (Avante) O candidato Augusto Cury esteve em Brasília onde fez um ato contra interferência nas eleições, na Praça dos Três Poderes, e criticou decisões judiciais. Augusto Cury disse que, caso eleito, fará um pacto com poderes Legislativo e Judiciário. ""Numa democracia, o Judiciário representa o alicerce. Ele é o guardião da Constituição, mas ele não pode interferir"", disse. Clariana Barão (DC) A candidata Clariana Barão não teve agenda pública de campanha. Edmilson Costa (PCB) O candidato Edmilson Costa concedeu entrevista à emissora de rádio de Cidade de Goiás (GO) e a um canal do YouTube. Flávio Bolsonaro (PL) O candidato Flávio Bolsonaro participou de ato de campanha, na noite de hoje, em Montes Claros (MG), ao lado do candidato a deputado federal Nikolas Ferreira. Hertz Dias (PSTU) O candidato Hertz Dias participou de caminhada no centro de São Paulo. Luiz Inácio Lula da Silva (PT) No Rio de Janeiro, o presidente Luiz Inácio Lula da Silva, candidato à reeleição, desfilou em carro aberto desde a Candelária até a Cinelândia. Ele incentivou a participação dos eleitores com mais de 70 anos, em que o voto é facultativo, a votarem no próximo domingo (4) . ""Se não tiver mais vontade de votar por ela, tem os filhos, os netos, os bisnetos. É importante"". Lula participou também de ato em Belo Horizonte, onde defendeu investimentos nas universidades públicas e na ciência. Renan Santos (Missão) O candidato Renan Santos participou de coletiva de imprensa e da gravação de um podcast em São Paulo. Romeu Zema (Novo) O candidato Romeu Zema não teve agenda pública de campanha. Ronaldo Caiado (PSD) Em Goiânia, o candidato Ronaldo Caiado participou de caminhada na região da 44 e na Avenida Igualdade, além de bandeiraço na Avenida Anhanguera. Caiado criticou isenção de impostos para compras no exterior de até US$ 50 e defendeu que benefício semelhante seja concedido aos empresários brasileiros. ""Se está dando 100% de isenção até US$ 50, que seja dado também a nós que estamos produzindo no Brasil”, defendeu. A ordem de apresentação da cobertura da agenda dos candidatos a presidente segue rodízio diário em ordem alfabética. * Colaboraram Ana Cristina Campos e Rafael Cardoso (Rio de Janeiro), Luciano Nascimento (São Luís) e redação de São Paulo."	Agência Brasil	politica	False
https://agenciabrasil.ebc.com.br/politica/noticia/2026-10/tre-rj-alerta-eleitores-sobre-alteracao-no-local-de-votacao	2026-10-03	TRE-RJ alerta eleitores sobre alteração no local de votação	Consulta pode ser feita por meio do e-Titulo e pelo site do tribunal	O Tribunal Regional Eleitoral do Rio de Janeiro (TRE-RJ) não enviará quaisquer avisos pessoais ao eleitorado do estado sobre as mudanças do local de votação. Por isso, recomendou que os eleitores verifiquem, previamente, se o local foi alterado. Conforme o órgão, a consulta deve ser feita no site oficial do TRE-RJ informando o número do CPF ou do Título de Eleitor, a data de nascimento e o nome da mãe. As mudanças foram determinadas com o objetivo de retirar as seções eleitorais de áreas consideradas de alto risco ou dominadas pelo crime organizado. Os novos locais estão fora de territórios controlados por facções, tráfico ou milícias, longe de áreas de confronto e o mais próximo possível dos endereços originais. No Rio de Janeiro, a Justiça Eleitoral mudou 277 locais de votação em relação à eleição de 2024. De acordo com o Tribunal Regional Eleitoral do Rio de Janeiro (TRE-RJ), a medida impacta cerca de 670 mil eleitores fluminenses. “Consultar o local de votação é essencial para que o eleitor possa se planejar para exercer da melhor maneira o direito ao voto. Essa verificação pode ser feita de modo muito simples e rápido”, disse o presidente do TRE-RJ, o desembargador Claudio de Mello Tavares, em nota divulgada no site do Tribunal. A medida atinge eleitores de Rio de Janeiro, Araruama, Bom Jesus do Itabapoana, Cabo Frio, Campos dos Goytacazes, Itaboraí, Itaguaí, Itaperuna, Japeri, Macaé, Nilópolis, Niterói, Nova Iguaçu, Pinheiral, Resende, Rio Bonito, Rio das Ostras, São Gonçalo, São João de Meriti e Volta Redonda. São dez municípios a mais em relação às Eleições de 2024. “Em função do volume de alterações, o TRE-RJ recomenda que todos os eleitores, destas 20 e das demais cidades, façam uma consulta para saber se houve alguma mudança em seu local de votação”, reforçou o Tribunal. A consulta também pode ser feita por meio do aplicativo e-Título ou pelo WhatsApp do TRE-RJ no telefone (21) 3436-9000, cujo autoatendimento funciona 24 horas . Nas Eleições 2026 cada eleitor votará em seis candidatos : deputado(a) federal, deputado(a) estadual, primeira vaga de senador(a), segunda vaga de senador(a), governador e presidente. A recomendação do presidente do TRE-RJ é que todos saiam de casa com os números anotados em papel, utilizando uma “cola” . “Embora seja permitido o uso do celular para a identificação do eleitor biometrizado, por meio do e-Título, não é possível entrar com o aparelho na cabine de votação. Ele deve ser deixado com o mesário e retirado após o eleitor votar. Portanto, nossa recomendação é que cada um leve uma cola, um lembrete com os números de seus candidatos anotados”, indicou o desembargador Claudio Mello.	Agência Brasil	politica	False
https://agenciabrasil.ebc.com.br/politica/noticia/2026-10/confira-quais-sao-os-maiores-colegios-eleitorais-sao-paulo-lidera	2026-10-02	Confira quais são os maiores colégios eleitorais; São Paulo lidera	Número de eleitores cresceu 1,46% entre 2022 e 2026	Neste domingo (4), 158.745.463 eleitores estão aptos a votar para escolher seus representantes aos cargos de presidente da República, governador, senador, deputado federal e deputado estadual ou distrital. O contingente que vai às urnas cresceu 1,46% em relação a 2022, e o maior colégio eleitoral, ou seja, o estado que concentra o maior número de eleitores, segue sendo São Paulo. Juntos, os cinco maiores colégios eleitorais reúnem 52,45% do eleitorado brasileiro. De 2022 a 2026, o maior crescimento no número de eleitores foi no Norte - alta de 4,37%. O total de votantes passou de 12.560.410 para 13.109.354. Com isso, a região passou a concentrar 8,26% do eleitorado nacional. No Centro-Oeste, o aumento foi de 3,97%. Os eleitores passaram de 11.539.323 para 11.997.001, representando 7,56% do total do país. Já o Nordeste registrou crescimento de 2,69%, passando de 42.390.976 para 43.529.845 votantes. A região reúne 27,42% do eleitorado nacional. No Sul, o eleitorado foi de 22.558.759 para 22.861.012, um aumento de 1,34%. A região representa 14,40% do total de eleitores. Já o Sudeste, apesar de seguir como o maior número de eleitores, registrou queda de 0,56% no total de votantes. Eram 66.707.465 em 2022, contra 66.329.375 em 2026. A participação da região no eleitorado nacional recuou de 42,64% para 41,78%.	Agência Brasil	politica	False
https://agenciabrasil.ebc.com.br/politica/noticia/2026-10/confira-agenda-dos-presidenciaveis-nesta-sexta-feira-2	2026-10-02	Confira a agenda dos presidenciáveis nesta sexta-feira (2)	Candidatos participam de caminhadas e atos de campanha	Nos últimos dias antes do primeiro turno das eleições 2026, a agenda dos presidenciáveis nesta sexta-feira (2) inclui caminhadas, comício e atos de campanha em diferentes cidades. Também estão previstos encontros com apoiadores e bandeiraço, com atividades concentradas principalmente no Rio de Janeiro, em Minas Gerais, em Goiás e em São Paulo. Wilson Grassi (Democrata) Concede entrevista à Sputnik Brasil, à tarde. Augusto Cury (Avante) Fará ato contra interferência nas eleições. Ao meio dia, concede entrevista na Praça dos Três Poderes, em Brasília. Edmilson Costa (PCB) Concede entrevista à emissora de rádio de Cidade de Goiás (GO) à tarde e a um canal do YouTube no início da noite. Flávio Bolsonaro (PL) No início da noite participa do Bloquinho do Nikolas Ferreira em Montes Claros (MG). Hertz Dias (PSTU) Participa de caminhada no centro de São Paulo com saída da Estação Anhangabaú do metrô. Luiz Inácio Lula da Silva (PT) Pela manhã, participa de ato na Candelária, no Rio de Janeiro (RJ). À tarde, faz caminhada em Belo Horizonte, com concentração na Praça da Liberdade, na Savassi. Renan Santos (Missão) Participa de encontro com apoiadores em Volta Redonda (RJ). Ronaldo Caiado (PSD) Em Goiânia (GO), participa de caminhada na região da 44, pela manhã, e na Avenida Igualdade, à tarde. Também faz bandeiraço na Avenida Anhanguera. Rui Costa Pimenta (PCO) Participa de jantar de encerramento de campanha em São Paulo. Samara Martins (UP) Participa de comício seguido de caminhada em Recife (PE). Os candidatos Clariana Barão (DC) e Romeu Zema (Novo) não divulgaram a agenda pública de campanha até o momento desta publicação. A ordem de apresentação da cobertura da agenda dos candidatos a presidente segue rodízio diário em ordem alfabética.	Agência Brasil	politica	False
https://agenciabrasil.ebc.com.br/politica/noticia/2026-10/urna-eletronica-completa-30-anos-de-revolucao-nas-eleicoes-do-brasil	2026-10-03	Urna eletrônica completa 30 anos de revolução nas eleições do Brasil	Sistema é seguro e acelerou o processo de votação e apuração	Os mais jovens não conhecem a experiência de chegar à seção de votação, receber um papel com os nomes dos candidatos, marcar os escolhidos à caneta e depositar o papel dobrado em uma urna de lona. Encerrado o período de votação, a população esperava dias para saber quem seriam os novos deputados, senadores, governadores e presidente da República. Este ano, se completa 30 anos da maior revolução eleitoral no Brasil, a urna eletrônica. Não é exagero dizer que a urna eletrônica é motivo de orgulho para o Brasil. Enquanto países desenvolvidos ainda votam em papel e aguardam vários dias pelo resultado, o Brasil conhece seus eleitos em poucas horas, ainda no mesmo dia do pleito. E tudo por meio de um sistema eletrônico seguro, como garante o próprio Tribunal Superior Eleitoral (TSE). As décadas de voto em cédulas expuseram várias fragilidades. A apuração era manual e levava dias, o que abria espaço para fraudes. Uma das fraudes conhecidas há mais de 30 anos foi o da “urna grávida”. Era o nome dado quando cédulas já preenchidas eram colocadas em uma urna antes de iniciado o processo de votação. A revolução na Justiça Eleitoral começou em 1995. Especialistas de vários órgãos, entre eles as Forças Armadas, Ministério da Ciência e Tecnologia e Ministério das Comunicações, participaram do desenvolvimento da urna eletrônica. A urna eletrônica estreou nas eleições municipais de 1996 e foi batizada de Coletor Eletrônico de Votos, ou apenas CEV. Ainda é seu nome oficial, embora não seja muito usado. Naquele ano, a utilização do sistema eletrônico foi parcial, em caráter de teste. A partir das eleições municipais do ano 2000, todos os eleitores do país votaram eletronicamente. Ao longo dos anos, a urna foi passando por melhorias, aumentando sua segurança e inserindo recursos para o usuário. Em 1998, a urna passou a mostrar a foto de todos os candidatos. Em 2002, foram instituídos a cerimônia pública de lacração dos sistemas e o teste de integridade. Em 2004, os códigos-fonte dos sistemas começaram a passar por auditoria. Em 2006, foi o início da identificação biométrica, que seria implantada em larga escala anos depois. Em 2022, a urna teve sua capacidade de processamento aumentada em 18 vezes e ganhou tela sensível ao toque no terminal do mesário. Neste ano de 2026, 30 anos após seu nascimento, a urna eletrônica continua trazendo inovações. Sua tela vai apresentar um intérprete de Libras indicando o voto nulo, branco, a legenda e uma barra de progresso da votação na parte superior do painel. A urna também informará ao eleitor quantos dígitos são esperados para cada cargo, assim como o progresso da votação. Um ano antes das eleições deste ano, em outubro de 2025, o acesso aos códigos-fonte foi aberto pelo TSE e puderam ser conferidos pelas instituições legitimadas, como partidos políticos, Polícia Federal e Ministério Público. As inspeções puderam ser feitas até setembro, quando foi feita a lacração dos sistemas eleitorais. O processo de votação é auditado. E passa por mais de 40 processos de auditoria, antes, durante e depois das eleições. A fiscalização da urna é feita em vários momentos. Desde a abertura do código-fonte, passando pelo Teste Público de Segurança, os Testes de Integridade, o Registro Digital do Voto (RDV), o Boletim de Urna, até a publicação de arquivos e resultados na internet. A urna eletrônica não é conectada à internet, não recebe conexão via bluetooth ou wi-fi. Por isso, não é possível sofrer um ataque hacker ou tentativa de fraude via internet. Após a votação terminar, a urna grava as votações recebidas em uma mídia, em dados criptografados e protegidos por assinatura digital. A urna também emite um boletim. É o Boletim de Urna, que registra os resultados daquela seção eleitoral. A mídia é usada para transmitir os dados para o sistema de totalização, em uma rede usada exclusivamente pela Justiça Federal. Também é possível conferir se o Boletim de Urna apresenta os mesmos dados recebidos pelo sistema de totalização. Em 30 anos de uso da urna eletrônica, a Justiça Eleitoral nunca registrou uma fraude comprovada. Não é só o Brasil que usa a tecnologia para computar votos nas eleições. Ao menos 34 países usam ou já usaram sistemas eletrônicos de votação. Desses, 17 usam urnas eletrônicas, em maior ou menor grau. França, Bulgária, Índia, Peru, México e Estados Unidos, em alguns estados, estão entre esses países.	Agência Brasil	politica	False
https://agenciabrasil.ebc.com.br/politica/noticia/2026-10/eleicao-no-rio-tera-monitoramento-conjunto-de-forcas-de-seguranca	2026-10-03	Eleição no Rio terá monitoramento conjunto de forças de segurança	Esquema especial funcionará desde hoje até à noite de amanhã	O governo do estado do Rio de Janeiro montou um quartel-general no Centro Integrado de Comando e Controle (CICC), na Cidade Nova, zona central da cidade, onde serão monitoradas e coordenadas as ações de segurança pública durante o primeiro turno das eleições, neste domingo (4). Desde a manhã deste sábado (3) até a noite de domingo, integrantes de órgãos de segurança pública dos governos federal e estadual acompanharão o desenvolvimento do pleito, incluindo as vias públicas e os locais de votação. A partir do Gabinete de Gestão de Crise do CICC, os gestores de segurança poderão contar com um esquema tecnológico com mais de 50 mil câmeras, muitas com dispositivo de reconhecimento facial e leitura de placas. Esses equipamentos estão espalhados por todo o estado para transmitir imagens em tempo real para a central de monitoramento. “Os ‘olhos’ da segurança pública estarão espalhados por toda a parte. São 33.900 câmeras do Sistema 190 Integrado, composto por equipamentos disponibilizados por instituições públicas e privadas e 15.300 câmeras corporais acopladas aos uniformes dos policiais militares”, informou, em nota, o governo do estado, acrescentando que há ainda 1.544 câmeras em viaturas da Polícia Militar. As decisões em conjunto com o Tribunal Regional Eleitoral (TRE) serão com representantes do comando das forças de segurança do estado , como as polícias Militar e Civil, Corpo de Bombeiros e Gabinete de Segurança Institucional, além do Exército, polícias Federal e Rodoviária Federal, Correios e Agência Brasileira de Inteligência (Abin). Estarão presentes no CICC, a cúpula da Polícia Militar e os oficiais dos quatro Comandos de Policiamento de Área (CPA) da região metropolitana; do Comando de Policiamento Especializado e do Comando de Polícia de Proximidade. “A presença dos comandantes intermediários será fundamental para acionar com mais agilidade as unidades operacionais”, explicou o governo do estado. De acordo com o governo, o planejamento de segurança das eleições foi articulado com o TRE para assegurar tranquilidade aos eleitores. Em cada uma das 165 zonas eleitorais, sendo 49 na capital e 116 nos demais municípios, haverá um oficial da Polícia Militar atuando ao lado do juiz eleitoral responsável. Esse contato permanente com o juiz, conforme o governo estadual, “permitirá que o comando das ações de segurança seja informado com antecedência de qualquer fato que possa afetar a rotina da votação”.	Agência Brasil	politica	False
https://agenciabrasil.ebc.com.br/politica/noticia/2026-10/agencia-brasil-e-veiculos-da-ebc-fazem-cobertura-especial-das-eleicoes	2026-10-02	Agência Brasil e veículos da EBC fazem cobertura especial das eleições	Noticiário vai desde a abertura da votação, apuração até os resultados	Para acompanhar o primeiro turno das eleições neste domingo (4), os veículos da Empresa Brasil de Comunicação (EBC) realizam uma cobertura jornalística nacional, integrada e multiplataforma, com o tema O Jornalismo Público a Serviço da Democracia . Ao longo de todo o dia, a TV Brasil , a Agência Brasil e a Rádio Nacional noticiam as diferentes etapas do processo eleitoral, desde a abertura da votação até a apuração e a divulgação dos resultados, com integração entre os veículos e participação de emissoras da Rede Nacional de Comunicação Pública (RNCP) , gerida pela EBC . Os eleitores vão escolher seus candidatos a presidente e vice-presidente da República, 27 governadores, 54 senadores, 513 deputados federais, além de deputados estaduais e distritais. A votação acontece neste domingo em primeiro turno, e no dia 25 de outubro no caso de segundo turno. Das 9h às 13h, a cobertura da TV Brasil conta com entradas ao vivo de hora em hora. A emissora pública faz um giro pelas praças e canais parceiros da RNCP , noticiando os fatos mais relevantes do período. A partir das 15h, a transmissão passa a ser conduzida do estúdio da TV Brasil , com apresentação da jornalista Luciana Barreto. O programa especial será dividido em blocos temáticos e vai aprofundar os principais assuntos do dia e preparar o público para o encerramento da votação e o início da apuração. Das 16h30 até o fim da apuração, a cobertura contínua da totalização dos votos fica sob o comando de Guilherme Portanova. Com dados oficiais do Tribunal Superior Eleitoral, o programa apresenta a evolução da apuração em tempo real até a definição do resultado do primeiro turno. Durante todo o domingo, o site da Agência Brasil estará em constante atualização para trazer um noticiário completo com matérias de serviço aos eleitores e acompanhamento dos principais fatos da votação em todo país. Um painel na primeira página do site informará rapidamente os resultados , garantindo agilidade na divulgação dos dados. Ao término da votação, as equipes produzem reportagens a serem distribuídas gratuitamente para centenas de jornais, sites de notícias e publicações do exterior. O noticiário online publicará matérias com resultados e análises do Brasil que sai das urnas, com pautas sobre bancadas e candidatos mais votados, recortes de gênero e raça, entre outros temas. Repórteres da Agência Brasil também participam dos programas especiais da TV Brasil e da Rádio Nacional , noticiando destaques e balanços do pleito eleitoral. Dois jornalistas estarão no estúdio da TV, e outros farão entradas ao vivo por telefone na programação da Rádio Nacional . A Rádio Nacional também marca presença na cobertura do primeiro turno das Eleições 2026 a partir das 8h, com edições ampliadas do Nacional Notícias . Ao longo do dia, serão entradas de 3 a 5 minutos às 8h, 9h, 10h, 11, 13h, 14h, 15h e 16h. Ao meio-dia, vai ao ar o Repórter Nacional Edição Especial . A produção temática do jornal diário divulgará, em meia hora, as principais notícias sobre o pleito. As transmissões de conteúdos sobre o primeiro turno seguem de das 17h às 21h, com o Eleições 2026 - Especial de Apuração . O programa é produzido e apresentado através de uma parceria entre a área de programação e produção da Rádio Nacional e o radiojornalismo da EBC . Para oferecer aos ouvintes todas as informações sobre o desfecho da votação em todo o país, o especial traz a apuração e os resultados em tempo real, um giro com emissoras parceiras da RNCP e a participação de especialista. Os apresentadores serão Juliana Maya, Daniel Ito, Priscilla Mazenotti e Mario Sartorello. TV Brasil na internet e nas redes sociais Saiba como sintonizar a TV Brasil https://tvbrasil.ebc.com.br/comosintonizar Agência Brasil na internet e nas redes sociais Rádio Nacional na internet e nas redes sociais Saiba como sintonizar a Rádio Nacional	Agência Brasil	politica	False
https://agenciabrasil.ebc.com.br/politica/noticia/2026-10/ons-fara-operacao-preventiva-para-garantir-energia-durante-eleicoes	2026-10-02	ONS fará operação preventiva para garantir energia durante as eleições	Distribuidoras deverão manter equipes de manutenção de sobreaviso	"O Operador Nacional do Sistema Elétrico (ONS) adotará um monitoramento preventivo, da 0h deste sábado (3) até as 7h de segunda-feira (5), para garantir que não haja interrupções no fornecimento de energia elétrica durante o Primeiro Turno das Eleições 2026 , marcado para o próximo domingo (4). A operação será repetida no segundo turno, em 25 de outubro, com início no dia 24 e término no dia 26. >> Acompanhe a cobertura das Eleições 2026 na Agência Brasil Entre as medidas, está a solicitação para que as distribuidoras de energia deixem equipes de operação e manutenção de sobreaviso para casos de emergência. O ONS também pede que sejam evitadas manutenções programadas que envolvam corte de carga ou risco de corte de carga e recomenda a operação do sistema elétrico com fluxos mais reduzidos, de forma a aumentar a segurança. O diretor-geral do ONS, Marcio Rea, disse que as medidas buscam dar proteção adicional à rede em um momento de grande relevância para o país. ""Essa atuação preventiva busca preservar a confiabilidade do Sistema Interligado Nacional e garantir que o fornecimento de energia ocorra com estabilidade e segurança durante todo o processo de votação."" O plano operacional envolve ainda a troca de informações do ONS sobre o desempenho do sistema e eventuais ocorrências com geradores, transmissores e distribuidores de energia, além do Ministério de Minas e Energia, da Agência Nacional de Energia Elétrica (Aneel), do Tribunal Superior Eleitoral (TSE) e dos Tribunais Regionais Eleitorais (TREs). Na segunda-feira (5), o ONS deve emitir um relatório com o resumo das informações técnicas sobre o desempenho da rede de operação do sistema elétrico, destacando os fatos relevantes que ocorreram durante a operação. A iniciativa atende à Resolução nº 001/2005 do Comitê de Monitoramento do Setor Elétrico (CMSE) , que define que o ONS deverá propor medidas extras de segurança a fim de garantir o suprimento de energia elétrica em eventos de grande relevância."	Agência Brasil	politica	False
https://agenciabrasil.ebc.com.br/politica/noticia/2026-10/confira-agenda-dos-presidenciaveis-neste-sabado-3	2026-10-03	Confira a agenda dos presidenciáveis neste sábado (3)	Candidatos participam de caminhada, encontro com apoiadores e carreata	No último dia antes do primeiro turno das Eleições 2026 , a agenda dos presidenciáveis neste sábado (3) inclui caminhadas e atos de campanha em diferentes cidades. Também estão previstos encontros com apoiadores, com atividades concentradas principalmente em São Paulo, no Rio de Janeiro e em Goiás. Augusto Cury (Avante) Às 10h30, participa da Caminhada pela Pacificação, no centro da cidade de Colina (SP). Flávio Bolsonaro (PL) Participa, pela manhã, de moto-carreata entre os municípios paulistas de Santa Bárbara D’Oeste e Americana, pela Rodovia SP-304. Às 15h, tem moto-carreata no Rio de Janeiro, entre os bairros de Campo Grande e Bangu. Hertz Dias (PSTU) Tem reunião on-line com apoiadores de todo o país, às 10h. Às 16h, participará do ato Pane no Sistema, na sede do Sindicato dos Metroviários de São Paulo, na capital paulista. Luiz Inácio Lula da Silva (PT) A partir das 10h, participa da caminhada Brasil Pronto pra Mais, em São Paulo. Renan Santos (Missão) Às 12h, estará no Panteão dos Andradas, no centro de Santos (SP). Às 15h, participa de concentração com apoiadores na Praça da Liberdade, em São Paulo, com caminhada até o Largo São Francisco. Ronaldo Caiado (PSD) Em Goiânia (GO), o candidato faz uma caminhada na Avenida 24 de Outubro, no início da manhã. Às 10h30, participa de carreata da região Noroeste da capital goiana. À tarde, o candidato circula em um palanque móvel pelas ruas de Goiânia. Em seguida, faz ato de encerramento da campanha eleitoral na Basílica do Divino Pai Eterno, no município de Trindade (GO). Samara Martins (UP) Faz caminhada com a militância e apoiadores, a partir da Praça do Relógio, em Natal, no início da manhã. Os candidatos Clariana Barão (DC) , Edmilson Costa , Romeu Zema (Novo) , Rui Costa Pimenta e Wilson Grassi não divulgaram a agenda pública de campanha até o momento desta publicação. A ordem de apresentação da cobertura da agenda dos candidatos a presidente segue rodízio diário em ordem alfabética.	Agência Brasil	politica	False
https://agenciabrasil.ebc.com.br/politica/noticia/2026-10/justica-eleitoral-entra-na-reta-final-da-preparacao-das-urnas	2026-10-02	Justiça Eleitoral entra na reta final da preparação das urnas	Logística é considerada uma das etapas mais complexas da eleição	A dois dias do primeiro turno das Eleições 2026, a Justiça Eleitoral está na fase final dos preparativos para disponibilizar as urnas eletrônicas nos locais de votação em todo o país. Segundo o Tribunal Superior Eleitoral (TSE), os equipamentos passam por etapas como geração de mídias, carga dos sistemas, testes e lacração antes de serem encaminhados para uso no pleito . O TSE destaca que a chegada da urna à seção eleitoral é resultado de uma extensa operação logística coordenada pelos tribunais regionais eleitorais (TREs). A estrutura envolve a distribuição dos equipamentos para milhares de locais de votação espalhados pelo território nacional, incluindo áreas urbanas, comunidades rurais e regiões de difícil acesso. As informações divulgadas pelos tribunais indicam que os trabalhos de preparação seguem próximos da etapa final. O TSE explica que a jornada da urna eletrônica até o eleitor envolve diversas etapas de preparação antes da votação, incluindo procedimentos técnicos e logísticos coordenados pela Justiça Eleitoral em todo o país. Embora os tribunais não detalhem publicamente o cronograma de entrega de cada equipamento aos locais de votação, as publicações mais recentes da Justiça Eleitoral mostram o avanço das etapas de preparação das urnas em diversos estados. A logística é considerada uma das etapas mais complexas da eleição. Segundo o TSE, cada urna é preparada especificamente para a seção onde será utilizada, o que exige controle sobre a movimentação dos equipamentos e acompanhamento das diferentes fases do processo até a abertura da votação. Saiba mais no Repórter Brasil Tarde, da TV Brasil	Agência Brasil	politica	False
https://agenciabrasil.ebc.com.br/politica/noticia/2026-10/bb-fara-pagamentos-pix-mesarios-nas-eleicoes	2026-10-01	BB fará pagamentos via Pix a mesários nas eleições	Acordo prevê auxílio-alimentação para 2,3 milhões de colaboradores	Os mesários e demais colaboradores da Justiça Eleitoral que atuarão nas Eleições Gerais de 2026 receberão o auxílio-alimentação por meio de Pix processado pelo Banco do Brasil. A instituição firmou acordos de cooperação técnica com os tribunais regionais eleitorais (TREs) de todo o país para operacionalizar os pagamentos do primeiro turno e, se houver, do segundo turno. O Banco do Brasil será responsável pelo processamento dos créditos a partir das informações encaminhadas pelos tribunais eleitorais. A operação utilizará sistemas eletrônicos do banco para dar agilidade aos pagamentos e permitir o acompanhamento das transações. A expectativa é que aproximadamente 2,3 milhões de mesários e colaboradores da Justiça Eleitoral recebam o auxílio-alimentação em todo o país. A utilização do Pix permitirá que os valores sejam transferidos diretamente aos beneficiários, com a infraestrutura digital do banco e mecanismos voltados à segurança e à rastreabilidade das operações. Os acordos abrangem os TREs de todo o país e permitem a execução dos pagamentos em escala nacional. O Banco do Brasil utilizará soluções já empregadas no atendimento a órgãos públicos. A instituição bancária tem experiência em operações eleitorais. Nas eleições de 2024, o banco foi responsável pelo processamento de mais de 2,1 milhões de pagamentos destinados a colaboradores da Justiça Eleitoral. A cooperação para este ano busca facilitar a execução dos pagamentos aos trabalhadores convocados para auxiliar na organização das eleições. Os acordos de cooperação técnica não envolvem prestação de serviço remunerada para o banco. O objetivo é exclusivamente viabilizar a operacionalização dos pagamentos dos auxílios-alimentação aos colaboradores da Justiça Eleitoral. Segundo o Banco do Brasil, a iniciativa reforça a parceria mantida pela instituição com órgãos da administração pública e amplia o uso de soluções digitais em operações de grande escala . A instituição destaca ainda sua presença em todo o território nacional e a experiência no atendimento ao setor público como fatores que contribuem para a execução da operação durante as Eleições 2026.	Agência Brasil	politica	False
https://agenciabrasil.ebc.com.br/politica/noticia/2026-10/trump-diz-acompanhar-de-perto-eleicao-brasileira-e-nao-declarar-apoio	2026-10-01	Trump diz acompanhar de perto eleição brasileira e não declara apoio	Declaração ocorre em meio a tensões entre Brasil e EUA	"O presidente dos Estados Unidos (EUA), Donald Trump, afirmou nesta quinta-feira (1º) que acompanha ""muito de perto"" as eleições brasileiras , que ocorrerão daqui a três dias, em 1º turno. A declaração foi dada em resposta à pergunta de uma jornalista, na saída da Casa Branca, antes do presidente norte-americano embarcar em uma aeronave para o Texas. ""Estou acompanhando [as eleições] muito de perto. O Brasil é um país muito importante. É um grande país. As pessoas no Brasil são fantásticas. É uma eleição muito importante"", disse Trump, sem citar nomes ou declaração de apoio a nenhum concorrente, como já fez recentemente em outras eleições presidenciais, como a da Colômbia. A fala do líder estadunidense ocorre em meio a tensões recentes entre os governos brasileiro e norte-americano e a preocupações no Brasil sobre possível interferência estrangeira no processo eleitoral. Em setembro, relatório da Agência Brasileira de Inteligência (Abin) apontou risco de influência ou interferência dos Estados Unidos nas eleições de 2026. No documento, a inteligência brasileira classifica a possibilidade de interferência externa com um ""nível de criticidade"" e contextualiza o problema dizendo que ""a reafirmação da hegemonia dos EUA na América Latina” é prioridade do segundo governo do presidente norte-americano Donald Trump. Segundo a Abin, o objetivo seria afastar ‘rivais dos EUA’, como a China, de ativos estratégicos, riquezas naturais e infraestruturas na região. A avaliação da Abin indica ainda que houve intensificação das ações dos Estados Unidos em relação ao Brasil ao longo dos últimos meses. Além da ingerência nas eleições, o Brasil vem sendo alvo de medidas econômicas e políticas prejudiciais aos interesses nacionais. Em julho, o governo brasileiro negou visto a dois funcionários do Departamento de Estado dos EUA que pretendiam conversar com autoridades eleitorais brasileira sobre liberdade de expressão relacionada às eleições. A visita ocorreria depois de eventos envolvendo políticos que questionaram as urnas eletrônicas. Especialistas ouvidos pela Agência Brasil avaliaram riscos associados a possíveis ações cibernéticas e à atuação de grandes plataformas digitais ."	Agência Brasil	politica	False
https://agenciabrasil.ebc.com.br/politica/noticia/2026-10/Lives-e-cancelamento-de-debate-marcam-quinta-feira-dos-candidatos	2026-10-01	Lives e cancelamento de debate marcam quinta-feira dos candidatos	Presidenciáveis realizam últimas atividades de campanha	"A agenda dos presidenciáveis nesta quinta-feira (1º) incluiu lives, entrevista em podcast e atos de campanha. Ronaldo Caiado (PSD) Estava prevista a participação do candidato Ronaldo Caiado no debate da Rede Globo. O debate foi cancelado pela emissora de televisão. Rui Costa Pimenta (PCO) O candidato Rui Costa Pimenta não teve agenda pública de campanha. Samara Martins (UP) A candidata Samara Martins não teve agenda pública de campanha. Wilson Grassi O candidato Wilson Grassi participou de reunião com representante da Missão de Observação Eleitoral (MOE) da Organização dos Estados Americanos (OEA). Augusto Cury (Avante) Estava prevista a participação do candidato Augusto Cury no debate da Rede Globo. O debate foi cancelado pela emissora de televisão. Clariana Barão (DC) A candidata Clariana Barão participou de agenda online com a Organização dos Estados Americanos (OEA). Edmilson Costa (PCB) O candidato Edmilson Costa não teve agenda pública de campanha. Flávio Bolsonaro (PL) O candidato Flávio Bolsonaro desistiu de participar de debate na Rede Globo e fez uma transmissão ao vivo em seu perfil no Instagram na qual criticou, segundo ele, a interferência da Justiça Eleitoral no debate previsto para hoje. ""É um fato marcante negativo. Foi cancelado um debate presidencial por censura. Isso deixou de ser Justiça e passou a ser perseguição"", disse. Hertz Dias (PSTU) O candidato Hertz Dias reuniu-se com Chavoso, youtuber e professor da Universidade de São Paulo (USP), fez panfletagem no centro de Guarulhos e visitou a Unifesp, na região metropolitana de São Paulo. Luiz Inácio Lula da Silva (PT) O candidato participou de entrevista no canal do YouTube Flow Podcast, no Palácio da Alvorada. Na entrevista, ele afirmou que a verba da exploração da Margem Equatorial, caso se confirme a existência de uma grande quantidade de petróleo na região, deverá ser usada para investimento na educação. “Esse dinheiro eu quero usar para formar essa molecada. Esse país vai ter que dar um banho em chinês e americano. Cansei de ser um país em desenvolvimento. Queremos ser um país desenvolvido”. Lula defendeu mais uma vez uma reforma no Judiciário, mudando a forma de indicação dos ministros do Supremo Tribunal Federal (STF). “Tem que ter mandato [no STF]. Quero criar um conselho para escolher o ministro, não pode ser o presidente [da República]. É melhor criar um conselho da sociedade civil para indicar uma pessoa e essa pessoa passa a ser da responsabilidade da própria sociedade, e não do presidente da República”. Renan Santos (Missão) O candidato Renan Santos participou de ato em Niterói (RJ). No início da noite, decisão do ministro Gilmar Mendes, do STF, determinou a participação do candidato no debate promovido pela Rede Globo. No entanto, a emissora anunciou o cancelamento do debate. Romeu Zema (Novo) Estava prevista a participação do candidato Romeu Zema no debate na Rede Globo. A emissora cancelou o debate. A ordem de apresentação da cobertura da agenda dos candidatos a presidente segue rodízio diário em ordem alfabética. * Colaboraram Luciano Nascimento (São Luís), Marcelo Brandão (Brasília), Rafael Cardoso (Rio de Janeiro) e redação de São Paulo."	Agência Brasil	politica	False
https://agenciabrasil.ebc.com.br/politica/noticia/2026-09/eleicoes-2026-saiba-o-que-pode-e-o-que-nao-pode-no-dia-da-votacao	2026-10-01	Eleições 2026: saiba o que pode e o que não pode no dia da votação	"""Colinha"" deve ser em papel; bandeiras e camisetas são permitidas"	Com a proximidade do primeiro turno das eleições, marcado para o dia 4 de outubro, cerca de 158,7 milhões de eleitores brasileiros vão às urnas para escolher deputados federais, estaduais (ou distritais), senadores, governadores e o presidente da República. Para garantir um processo eleitoral tranquilo e dentro das regras, confira abaixo as principais orientações sobre o que é permitido e o que é proibido na hora de votar. Sim. O eleitor pode levar um papel com os nomes e números de seus candidatos de preferência para consultar no momento do voto, evitando esquecimentos e o uso do celular. Não. O uso de celular, máquinas fotográficas, filmadoras ou qualquer tipo de equipamento que permita registrar o voto é estritamente proibido dentro da cabine . Caso esteja portando algum desses aparelhos, o eleitor deve deixá-lo com os mesários antes de votar. A regra visa proteger o sigilo do voto e evitar coações ou a compra de votos por meio de comprovação em foto ou vídeo. Sim, desde que seja uma manifestação individual e silenciosa . O uso de broches, adesivos, camisetas e bandeiras políticas é permitido. O que não pode é haver aglomerações, manifestações coletivas ruidosas, abordagem a outros eleitores ou qualquer tentativa de aliciamento (boca de urna). No primeiro turno, o eleitor fará seis escolhas na urna eletrônica, na seguinte sequência: Sim. A legislação garante a todo cidadão o direito de se ausentar do trabalho pelo tempo estritamente necessário para exercer o voto , sem sofrer nenhum desconto no salário. Pessoas com mais de 80 anos têm preferência sobre todos os demais eleitores, independentemente da ordem de chegada. Já pessoas com deficiência ou mobilidade reduzida têm o direito de entrar na cabine acompanhadas por uma pessoa de sua livre escolha para auxiliá-las no momento de votar. É necessário apresentar à mesa receptora um documento oficial com foto . São aceitos como documento de identificação, inclusive em formato digital: Os documentos oficiais com foto podem ser utilizados mesmo que estejam vencidos, desde que permitam a identificação do eleitor. Confira mais detalhes sobre as regas na reportagem do Repórter Brasil Tarde, da TV Brasil	Agência Brasil	politica	False
https://agenciabrasil.ebc.com.br/politica/noticia/2026-09/veja-como-foi-quarta-feira-30-dos-presidenciaveis	2026-09-30	Veja como foi a quarta-feira (30) dos presidenciáveis	Candidatos participaram de carreatas, panfletagens e entrevistas	"A agenda dos presidenciáveis nesta quarta-feira (30) incluiu caminhadas, carreatas, panfletagens e encontros com apoiadores, além de entrevistas em rádio e podcast. Romeu Zema (Novo) O candidato não teve agenda pública de campanha. Ronaldo Caiado (PSD) O candidato Ronaldo Caiado fez carreatas nas cidades de Goiás, Valparaíso de Goiás e Luziânia, todas no estado de Goiás. Caiado defendeu avanço no desenvolvimento de Inteligência Artificial (IA) com base em código aberto e controle ético, para melhorar a qualidade de vida da população sem restringir novas aplicações. “O Brasil não pode ser comprador de tecnologia. O Brasil tem que estar num passo avançado. É código aberto, é liberdade para que a inteligência possa produzir as melhores plataformas para que a gente desenvolva o nosso país”, disse. Rui Costa Pimenta (PCO) O candidato Rui Costa Pimenta fez campanha no Recife, onde participou do ato de encerramento da campanha no Sindicato dos Trabalhadores em Telecomunicações (Sinttel) de Pernambuco. Samara Martins (UP) A candidata Samara Martins entregou panfletos no Centro de Ensino Técnico e Formação Profissional (CETEF) e participou de assembleia de moradores da ocupação Eliana Silva, ambos em Belo Horizonte. Wilson Grassi (Democrata) O candidato Wilson Grassi concedeu entrevista ao canal Sevilla Cast. Augusto Cury (Avante) O candidato Augusto Cury cumpriu agenda de campanha em São Paulo. Ele participou de sabatina no canal Inteligência LTDA. Cury defendeu redução de gastos públicos e da taxa de juros. “Se o governo for menos gastador, menos irresponsável fiscalmente, vamos ter, em um ano, uma taxa Selic em 7% a 8%. Cada 1% que temos a menos na Selic, pagamos R$ 100 bilhões a menos para rolar a dívida federal”, disse. Clariana Barão (DC) A candidata Clariana Barão concedeu entrevista para a Rádio Cultura de Cuiabá. Edmilson Costa (PCB) O candidato Edmilson Costa fez panfletagem na Feira do Guará e no terminal do metrô da região administrativa do Distrito Federal. Ele almoçou com apoiadores na Feira da Ceilândia. Hertz Dias (PSTU) O candidato Hertz Dias fez campanha em Belém, onde participou de ato na sede do Sindicato dos Trabalhadores da Construção Civil. Hertz Dias defendeu o fim da escala 6x1 e melhores salários para o setor. ""Defendemos o fim da escala 6x1, sem redução de salários e direitos, e a redução da jornada de trabalho para que os trabalhadores tenham mais tempo para suas famílias, estudos, lazer"", afirmou. Flávio Bolsonaro (PL) O candidato Flávio Bolsonaro não teve agenda pública de campanha. Leonardo Avalanche (PRTB) O candidato Leonardo Avalanche não divulgou agenda pública de campanha. No fim do dia, ele anunciou a desistência de disputar a eleição presidencial. Luiz Inácio Lula da Silva (PT) O candidato Luiz Inácio Lula da Silva deu entrevista a um pool de podcasts. Ele defendeu a reforma política, com o fim dos fundos partidário e eleitoral, compostos de verba de várias fontes, inclusive do Orçamento da União, e usados para financiar os partidos e custear despesas de campanha. “Hoje, sou taxativamente contra [os dois fundos]. Acho que levou os partidos políticos a uma coisa chamada promiscuidade. Se depender da minha vontade pessoal, vou acabar com isso”, disse Lula. O candidato cancelou participação em um comício em Juiz de Fora (MG), por causa de uma forte chuva que atingiu a cidade. Renan Santos (Missão) O candidato Renan Santos encontrou apoiadores em Duque de Caxias (RJ) e Juiz de Fora (MG), e fez um ato público de campanha no centro histórico de Petrópolis (RJ). A ordem de apresentação da cobertura da agenda dos candidatos a presidente segue rodízio diário em ordem alfabética. * Colaboraram Luciano Nascimento (São Luís), Marcelo Brandão (Brasília), Rafael Cardoso (Rio de Janeiro) e redação de São Paulo"	Agência Brasil	politica	False
https://agenciabrasil.ebc.com.br/politica/noticia/2026-09/rodrigo-pacheco-toma-posse-como-ministro-do-tcu	2026-09-30	Rodrigo Pacheco toma posse como ministro do TCU	Ex-senador ocupa vaga aberta por Bruno Dantas	O ex-presidente do Senado Rodrigo Pacheco tomou posse nesta quarta-feira (30) no cargo de ministro do Tribunal de Contas da União (TCU). A nomeação foi publicada em edição extra do Diário Oficial da União de segunda-feira (28). O ex-senador ocupa a vaga aberta com a saída de Bruno Dantas , que deixou a corte de Contas para atuar na iniciativa privada. A indicação foi aprovada recentemente pelo Congresso Nacional. Nascido em Porto Velho, Rondônia, e criado em Minas Gerais, Rodrigo Pacheco tem 49 anos de idade, é advogado, foi deputado federal antes de ser eleito senador, em 2018. No Senado, presidiu a Casa em dois mandatos consecutivos. Nos últimos meses, o nome de Pacheco chegou a ser mencionado entre os possíveis indicados ao Supremo Tribunal Federal (STF). O senador também foi sondado para disputar o governo de Minas Gerais nas eleições de outubro, mas optou por não concorrer. O Tribunal de Contas da União é composto por nove ministros. Três são indicados pelo presidente da República e seis são escolhidos pelo Congresso Nacional. Os cargos são vitalícios, com aposentadoria compulsória aos 75 anos de idade.	Agência Brasil	politica	False
https://agenciabrasil.ebc.com.br/politica/noticia/2026-09/evangelicos-sao-alvo-de-disputa-mas-rejeitam-uso-eleitoral-de-igrejas	2026-09-30	Evangélicos são alvo de disputa, mas rejeitam uso eleitoral de igrejas	Fiéis têm perfis diversos e forte presença nas redes, mostra pesquisa	"""O voto deveria ser do cidadão e não da religião"", afirma o pastor Lucas Oliveira, 30 anos, que atua em uma igreja batista de Nova Iguaçu, na Baixada Fluminense. A frase do pregador evangélico, em conversa com a Agência Brasil , sintetiza uma das principais contradições reveladas pela pesquisa nacional Religião e Vida Pública no Brasil, realizada pelo Instituto de Estudos da Religião (Iser), em parceria com a Quaest Pesquisa e Consultoria, divulgada na semana passada. Embora evangélicos e cristãos em geral, incluindo católicos, estejam no centro da disputa política nas eleições de 2026, como também estiveram em pleitos anteriores, a maioria rejeita que igrejas sejam transformadas em espaços de campanha ou que lideranças religiosas indiquem em quem os fiéis devem votar. Segundo a pesquisa, 83% dos entrevistados são contrários à indicação de voto por pastores e padres, enquanto 82% rejeitam a discussão política durante cultos e missas e 90% são contra campanhas eleitorais dentro dos espaços religiosos. Isso, porém, não significa que a religião esteja afastada da política. Para a pesquisadora Lívia Reis, do Iser, a influência, atualmente, ocorre menos pela transferência direta de votos e mais pela formação de valores, identidades e pertencimentos. ""É mais correto falar em mediação religiosa do voto do que em transferência de votos"", aponta. Segundo a pesquisadora, a politização dos templos, que se tornou comum nas eleições legislativas desde os anos 1990 e se intensificou nas eleições presidenciais a partir de 2018, gerou fortes divisões nas comunidades. Os fiéis passaram a entender que podem formar sua opinião política sem uma influência direta por parte das lideranças. ""A presença forte de lideranças no debate eleitoral não contradiz esse dado. Ela mostra que essas lideranças atuam para além do templo: na mídia, nas redes, no Parlamento. Além disso, a indicação de voto não é uniforme. Ela se concentra em algumas denominações, como a Universal, a Quadrangular e as assembleias de Deus. O que a pesquisa mostra é a distância entre o protagonismo público de certas lideranças e o que a base dos fiéis considera legítimo dentro do espaço religioso"", analisa. O pastor Lucas vem observando esse fenômeno nos últimos anos, e fala do trauma sofrido nas comunidades religiosas por causa do impacto do discurso eleitoral e da divisão interna que isso causou. ""Conheço pastor que lá em 2018 estava fervorosamente apoiando candidaturas, mas que hoje não quer nem tocar nesse assunto, quer esquecer que um dia fez campanha política. Porque com isso ele perdeu um número expressivo [de fiéis] da igreja. E o número não volta. Eu recebi muita gente. Nesse período, eu dialoguei com muita gente que estava machucada. Então, a igreja hoje, quando o assunto é política, se tornou um lugar de pessoas machucadas"", relata. O pastor Moisés Blanco, 46 anos, da Igreja Batista Peregrina, em Natal, identifica uma reação dentro do campo evangélico à politização dos espaços religiosos. Ele participa da Frente de Evangélicos pelo Estado de Direito, que reúne religiosos de todo o país contrários e preocupados com uso político dos templos. ""Essa consciência faz parte da gênese da maioria dos protestantes, da maioria dos evangélicos"", afirma. Blanco relaciona essa preocupação à tradição protestante de defesa da liberdade de consciência, posteriormente desenvolvida por correntes que passaram a defender de forma explícita a separação entre Igreja e Estado. ""Era a luta contra o absolutismo, contra justamente essa unificação de Estado e rei e uma religião que era reflexo do próprio Estado"", afirma Blanco ao se referir ao legado histórico do protestantismo, e que agora é negado por segmentos evangélicos que tentam, segundo ele, impor uma agenda religiosa sobre o ambiente público. A pesquisa Iser/Quaest foi realizada por meio de 15 mil entrevistas presenciais em 412 municípios brasileiros, em janeiro e fevereiro deste ano, incluindo todas as 27 capitais. Com margem de erro de 1%, constitui a mais abrangente e detalhada radiografia sobre como a fé e as mudanças no pertencimento religioso se entrelaçam com valores morais e a política na sociedade brasileira contemporânea. Entre os principais dados, o levantamento mostra que o segmento evangélico é heterogêneo e corresponde hoje a 29% da população brasileira. No interior desse grande grupo social, sete em cada dez são pentecostais (70%), mas há parcelas relevantes de protestantes (17%) e os chamados evangélicos sem igreja (10%). A denominação Assembleia de Deus segue sendo a maior do país, concentrando 32% dos fiéis evangélicos , seguida por 28% dos fiéis que declaram pertencer a milhares de outras denominações pequenas e médias. Já evangélicos sem igreja e batistas aparecem com 10% cada. Congregação Cristã, Igreja Universal e Igreja do Evangelho Quadrangular representam respectivamente 7%, 5% e 4% dos evangélicos, de acordo com a pesquisa Iser/Quaest. Já o catolicismo representa 50% da população, mas a pesquisa distingue praticantes (31%) de não praticantes (19%). Os católicos praticantes apresentam níveis de engajamento semanal e hábitos de oração comparáveis aos dos evangélicos. Além disso, a pesquisa também mostra a adaptação das práticas católicas ao consumo de entretenimento religioso e às novas tecnologias. Se por um lado a pesquisa apontou que o fiel rejeita a politização do templo, a religião e os valores a ela associados continuam presentes nas redes, nos grupos e nas relações de confiança fora da igreja, mas influenciando o comportamento político dos cristãos no ambiente digital. Entre os dados coletados, por exemplo, 66% dos entrevistados afirmaram utilizar o WhatsApp como espaço de articulação de comunidades e grupos religiosos online . ""As redes sociais e o WhatsApp permitem que a religião esteja na política sem passar pelo púlpito. A mensagem política chega pelo grupo da igreja, pelo influenciador religioso ou pelo vídeo compartilhado pela família, sem a formalidade de uma indicação no culto. Assim, a mediação religiosa se desloca do templo para um ambiente digital mais difuso, mas igualmente ancorado em relações de confiança"", afirma a pesquisadora Lívia Reis. No segmento católico, de acordo com o levantamento, há forte concentração em lideranças clericais de grande alcance, como Frei Gilson e outros padres que atuam nas mídias. No campo evangélico, a liderança digital aparece pulverizada em uma ampla lista de nomes, com Bispo Deive Leonardo à frente, junto com influenciadores e figuras do campo político que também são vistos como religiosos. No campo político, os evangélicos declaram se informar sobre política mais pelo WhatsApp, enquanto os católicos recorrem mais à televisão. A religião também transborda para o consumo cultural: 73% dizem ter a Bíblia ou seus versículos como fonte de ensinamentos para a vida e 67% consomem música gospel. Um percentual de 59% diz consumir filmes e séries religiosas. Esse tipo de conteúdo alcança inclusive pessoas de outras religiões não cristãs e sem religião. Se a religião não determina automaticamente o voto, ela participa de sua construção por meio de valores, identidades e redes de pertencimento, mostra a pesquisa Iser/Quaest. Apesar de evitar ou até rejeitar uma orientação eleitoral pronta de sua liderança, o fiel elabora sua posição a partir de repertórios religiosos que se combinam a experiências de classe, raça, gênero, território, escolaridade e outros fatores. Entre católicos brancos, por exemplo, há equilíbrio de preferências, enquanto entre católicos negros (pretos e pardos) a vantagem de candidatos de esquerda é mais expressiva, indica o levantamento. Entre evangélicos com ensino fundamental incompleto, o apoio às candidaturas de esquerda se aproxima das candidaturas de direita. ""A pesquisa mostra onde a religião faz diferença nas opiniões. Ela pesa em temas morais, como a aceitação da diversidade sexual, a ideia de que o Estado deveria defender valores cristãos e o ensino religioso cristão nas escolas públicas. Mas pesa pouco em políticas públicas. Vacinação, educação sexual como prevenção ao abuso, rejeição ao homeschooling e apoio a políticas sociais têm alta concordância em todos os grupos religiosos"", explica Lívia Reis. Dos 54% que se declaram conservadores, 75% apoiam o Bolsa Família e 66% são a favor da taxação dos mais ricos. Como a pesquisa não mede diretamente o que define o voto de cada pessoa, não dá para cravar que as pautas morais são prioritárias. Outros números revelados na pesquisa também desafiam a associação automática entre identidade evangélica e posições conservadoras em determinados temas morais. Entre os evangélicos, 79% apoiam a educação sexual nas escolas, 80% são favoráveis ao uso de métodos contraceptivos e cerca de 90% rejeitam o homeschooling . Na questão do aborto, a divisão é ainda mais evidente: 47% são favoráveis à punição e 45%, contrários, com diferenças que variam não apenas segundo a religião, mas também de acordo com renda e escolaridade. ""Dizem que eu sou muito progressista para o espaço que entendem como conservador e muito conservador para um espaço progressista. Mas eu me identifico hoje como um cristão"", aponta o pastor Lucas, de Nova Iguaçu. ""Essa diferença entre conservador e progressista se trata de duas faces da mesma moeda"", acrescenta. Para Lívia Reis, os dados sugerem que as pautas morais funcionam como marcadores de identidade e de pertencimento, mobilizando mais o debate público, mas que elas convivem com posições bem menos polarizadas sobre temas concretos da vida social. Um episódio recente envolvendo Nossa Senhora Aparecida mostrou como esse debate pode ganhar força fora dos espaços religiosos. O caso veio à tona após surgirem, na semana passada, informações segundo as quais grupos evangélicos ligados à campanha de Flávio Bolsonaro defendiam a destituição de Nossa Senhora Aparecida do título de Padroeira do Brasil. O candidato do PL nega. Flávio Bolsonaro então acionou a Justiça Eleitoral com a alegação de que o fato era ""inverídico"" e trazia ""discurso de ódio e imputação de crime"". Ele obteve uma liminar favorável do ministro André Mendonça, do Tribunal Superior Eleitoral (TSE), que determinou centenas de remoções de conteúdos na internet. No entanto, o ministro Flávio Dino, do Supremo Tribunal Federal (STF), derrubou a decisão de Mendonça para liberar a postagem do humorista Antonio Tabet sobre Nossa Senhora Aparecida. Mas, nessa terça-feira (29), uma terceira decisão, desta vez do ministro Luiz Fux, restabeleceu a suspensão das postagens sobre o caso. Nesta quarta-feira (30), o TSE começou a julgar se mantém a decisão do ministro André Mendonça que ordenou a retirada de postagens sobre Nossa Senhora Aparecida. Até o momento, somente o próprio Mendonça votou no julgamento , no sentido de manter a decisão pela derrubada das publicações. A sessão virtual está marcada para durar até as 23h59 desta quarta."	Agência Brasil	politica	False
https://agenciabrasil.ebc.com.br/politica/noticia/2026-10/entidades-sugerem-politicas-de-protecao-criancas-e-adolescentes	2026-10-01	Entidades sugerem políticas de proteção a crianças e adolescentes	Movimento Agenda 227 entregou documentos a candidatos	Organizações da sociedade civil entregaram aos candidatos à Presidência da República e aos governos dos estados propostas de políticas públicas e metas para proteção a crianças e adolescentes. O movimento, chamado Agenda 227, é composto por mais de 520 entidades de diferentes áreas. São dois documentos distintos, um voltado aos candidatos a presidente e outro voltado aos candidatos aos governos estaduais. Ambos apresentam sugestões para áreas como educação, saúde, primeira infância, enfrentamento das violências e profissionalização. O documento relata que crianças e adolescentes de vários perfis, como negros, indígenas, imigrantes, residentes nas regiões Norte e Nordeste e nas periferias urbanas estão mais expostos à pobreza, insegurança alimentar, violência, baixa oferta de serviços públicos e riscos climáticos. “Essa realidade evidencia que ainda há uma distância significativa a ser percorrida para alcançarmos o que determina a Constituição Federal - a prioridade absoluta dos direitos de crianças e adolescentes - para toda a população de 0 a 17 anos”, ressalta o documento voltado aos candidatos a presidente da República. O objetivo da Agenda 227 é sugerir políticas de democratização da saúde, educação e segurança a todas as crianças e adolescentes do país e combater o preconceito de gênero, cor, origem e classe social. “A experiência recente demonstra que avanços consistentes são possíveis quando há cooperação entre os entes federativos, definição clara de prioridades e fortalecimento das capacidades institucionais”, defende o movimento na carta aos candidatos a governador. O nome Agenda 227 é inspirado no Artigo 227 da Constituição Federal, que define que é dever da família, da sociedade e do Estado garantir à criança e ao adolescente o direito à vida, saúde, educação, lazer, dignidade e respeito, entre outros. Entre as entidades integrantes do movimento estão a Aliança Nacional LGBTI+; Andi – Comunicação e Direitos; Childhood Brasil; Coalizão Brasileira pelo Fim da Violência contra Crianças; Coalizão pela Socioeducação; Fundação Itaú; Geledés – Instituto da Mulher Negra; Instituto Alana; Instituto Liberta; RNPI – Rede Nacional Primeira Infância e United Way Brasil.	Agência Brasil	politica	False
https://agenciabrasil.ebc.com.br/politica/noticia/2026-10/lei-seca-ceara-e-4-municipios-de-rondonia-aderem-veja-lista-completa	2026-10-02	Lei Seca: Ceará e 4 municípios de Rondônia aderem; veja lista completa	Total de estados com restrição a bebidas alcoólicas chega a 14	O Tribunal Regional Eleitoral do Ceará (TRE-CE) decidiu restringir a venda de bebidas alcoólicas no primeiro turno das eleições. A proibição à venda e ao consumo de bebidas alcoólicas em bares, restaurantes, supermercados, estabelecimentos congêneres e demais locais abertos ao público, será das 8h às 18h de domingo (4). A portaria foi publicada no Diário Oficial da Justiça do TRE-CE nesta sexta-feira (2). O TRE de Rondônia informou que, no estado, dois juízos eleitorais também decidiram aplicar a lei seca. O juízo da 25ª Zona Eleitoral, que inclui os municípios de Alto Paraíso e Monte Negro, determinou a suspensão da venda e consumo de bebidas alcoólicas nos estabelecimentos comerciais e clubes sociais, da 0h às 16h do dia 4 de outubro e do dia 25, se houver segundo turno. O juízo da 34ª Zona Eleitoral, que engloba os municípios de Buritis e Campo Novo de Rondônia, vedou a comercialização, o fornecimento, a distribuição e o consumo de bebidas alcoólicas, em estabelecimentos e espaços abertos ao público, será das 18h de sábado (3) às 18h de domingo (4). Com essas decisões, o número de estados com Lei Seca, seja em todo o território seja em alguns municípios, subiu para 14. Veja a lista completa: Saiba mais sobre as restrições no Repórter Brasil Tarde, da TV Brasil	Agência Brasil	politica	False
https://agenciabrasil.ebc.com.br/politica/noticia/2026-09/candidato-do-prtb-leonardo-avalanche-desiste-de-disputar-presidencia	2026-09-30	Candidato do PRTB, Leonardo Avalanche desiste de disputar Presidência	"Decisão foi tomada por motivos ""técnicos, jurídicos e pessoais"""	"O candidato do PRTB à Presidência da República, Leonardo Avalanche , anunciou nesta quarta-feira (30) que desistiu de disputar o pleito deste ano. Em uma rede social, ele escreveu que tomou a decisão por motivos ""técnicos, jurídicos e pessoais"". Avalanche, que se colocava como candidato da direita, disse ainda que não vai apoiar nenhum dos nomes que estão na disputa. ""Não manifestarei apoio a nenhum dos candidatos, por entender que nenhum deles nos representa"", escreveu. Leonardo Avalanche entrou na corrida presidencial substituindo Pablo Marçal como candidato do PRTB. Marçal teve a candidatura cassada pelo Tribunal Superior Eleitoral (TSE), que decidiu, por unanimidade, indeferir o seu registro. A corte aceitou o argumento do Ministério Público Eleitoral (MPE) de que Marçal não estava filiado ao PRTB em abril deste ano, quando terminou o prazo da janela partidária para troca de legenda. Até então, ele estava filiado ao União Brasil. Além disso, Pablo Marçal está inelegível até 2032 por abuso de poder político e econômico durante a campanha para a prefeitura de São Paulo, em 2024."	Agência Brasil	politica	False
https://agenciabrasil.ebc.com.br/politica/noticia/2026-10/prf-tres-e-forcas-de-seguranca-atuarao-em-conjunto-nas-eleicoes	2026-10-01	PRF, TREs e forças de segurança atuarão em conjunto nas eleições	Bloqueios e abordagens só serão permitidos em situações excepcionais	A Polícia Rodoviária Federal (PRF) vai trabalhar de forma conjunta com os tribunais regionais eleitorais (TREs), forças de segurança e instituições públicas para garantir o livre deslocamento dos eleitores até os pontos de votação , manter a segurança e evitar imprevistos a quem vai votar no próximo domingo (4) no primeiro turno das eleições. Segundo a PRF, foi montada uma comissão de eleição para planejar as atuações locais de acordo com as características de cada região. Todas as ocorrências criminais serão monitoradas pelo Centro Integrado de Comando e Controle Nacional (CICCN), na sede da PRF em Brasília. A PRF orienta os eleitores a planejaram com antecedência a rota até os locais de votação e pesquisar horários de pico e previsão do tempo. Tanto no dia 4 quanto no dia 25, se houver segundo turno, haverá restrições de tráfego para veículos grandes , que tenham largura maior que 2,40 metros, altura maior que 4,40 metros e comprimento total maior que 19,80 metros. A medida tem o intuito de evitar congestionamentos. Os bloqueios de rodovias só poderão ocorrer de forma excepcional: As abordagens de veículos também ficam restritas a situações que representem risco concreto e iminente à vida ou à integridade das pessoas. O objetivo é evitar que ocorram bloqueios ilegais como nas eleições de 2022, quando a PRF fez operações para fiscalização de ônibus no Nordeste. Segundo a Procuradoria-Geral da República, as ações foram direcionadas a locais onde o então candidato Luiz Inácio Lula da Silva estava na frente nas pesquisas, e tinha a intenção de impedir os eleitores de chegarem aos locais de votação. O diretor-geral da PRF na época, Silvanei Vasques, foi condenado pelo Supremo Tribunal Eleitoral (STF) a 24 anos e 6 meses de prisão por participação na trama golpista. Saiba mais no Repórter Brasil Tarde, da TV Brasil	Agência Brasil	politica	False
https://agenciabrasil.ebc.com.br/politica/noticia/2026-10/origem-das-bets-passa-por-lobby-estrangeiro-e-jabutis-no-congresso	2026-10-02	Origem das bets passa por lobby estrangeiro e “jabutis” no Congresso	Sob Temer, bets entraram no país por MP com recursos para segurança	"O lobby de empresas estrangeiras articulado com legisladores e agentes do Estado brasileiro, que buscavam mais arrecadação, possibilitou a legalização das apostas esportivas online no Brasil, as chamadas bets, em dezembro de 2018. A avaliação é do pesquisador Francisco Cláudio Freitas Silva, doutor pela Pontifícia Universidade Católica de Minas Gerais (PUC Minas). Autor da tese Categorização Regulatória de Produtos Estigmatizados: o Caso das Apostas Esportivas Online de Cota Fixa e Cassinos Online no Brasil , Silva investigou o caminho percorrido para a legalização das bets em meio ao estigma dos jogos de azar no país. A tese resulta de pesquisa ampla que inclui entrevistas a 14 representantes da indústria de apostas, do Legislativo e do Executivo, que tiveram as identidades preservadas. O estudo foi aprovado em março de 2025 no Programa de Pós-Graduação em Administração da PUC Minas. Francisco Silva relembrou à Agência Brasil que projetos para legalizar as bets foram barrados no Congresso em 2014, em 2016 e no início de 2018. “Na medida em que os projetos destacam o tema das apostas esportivas, cassinos, bets e jogo do bicho, que carrega esse estigma muito forte dos jogos de azar no Brasil, era ativada uma organização muito forte de bancadas religiosas e de esquerda que, todas unidas, impedem a aprovação”, disse à Agência Brasil . A legalização das bets, chamadas de apostas de cota fixa, foi aprovada no Legislativo em duas ocasiões: em 2015, mas acabou vetada pela então presidenta Dilma Rousseff, e em dezembro de 2018, quando foi sancionada pelo então presidente Michel Temer. Nos dois casos, o tema foi incluído no meio de medidas provisórias, mecanismo conhecido no Parlamento como “jabuti” . O termo é usado para textos incluídos em projetos sem relação direta com o tema original da proposta, “pegando carona” em matérias com maior chance de aprovação. “Nesses casos, isso passou sem maiores discussões. Os debates eram, basicamente, sobre as receitas, sobre para onde esse dinheiro iria. Não era mais tratado como jogo de azar”, explicou Silva. A tese da PUC Minas aponta que as apostas esportivas online começaram a ser feitas no Brasil em meados de 2010 por sites d e empresas sediadas no exterior. Brasileiros que acompanhavam o futebol europeu já eram expostos à propaganda de bets. “Mesmo não tendo a propaganda da bet aqui no Brasil, você tinha a camisa do Real Madrid [time da Espanha], a camisa do Milan [time da Itália]. Jogadores como Cristiano Ronaldo e Kaká já usavam essas marcas”, comentou o pesquisador. O principal evento anual das empresas de apostas e jogos de azar, o ICE Totally Gaming, e encontros nacionais, como o Brazilian Gaming Congress, ajudaram a aproximar lobbies empresariais estrangeiros de atores brasileiros. “As edições desses eventos na Europa contavam com painéis só sobre o Brasil, reunindo políticos e servidores públicos brasileiros. Havia um movimento de aproximação muito forte da indústria com os legisladores e reguladores brasileiros”, destacou o doutor pela PUC Minas. Segundo o pesquisador, essas empresas globalizadas “já atuavam em outros países, com uma organização muito forte e poder aquisitivo alto”. Após quatro anos operando por sites sediados no exterior, as empresas de apostas tiveram a primeira oportunidade de buscar a legalização por meio do Projeto de Lei (PL) 186/2014 , do senador Ciro Nogueira (PP), que contou com apoio de parlamentares experientes como Edison Lobão (MDB-MA) e Benedito de Lira (PP-AL), pai do ex-presidente da Câmara Arthur Lira (PP-AL). “A proposta enfrentou resistência de grupos influentes, como o Ministério Público, a bancada evangélica e o Movimento Brasil Sem Azar. Esses setores mobilizaram esforços para bloquear a legalização”, escreveu Francisco Silva. Uma nova tentativa ocorreu em março de 2015, durante a tramitação da Medida Provisória (MP) 671, por emenda do então deputado Otávio Leite (PSDB-RJ). A chamada MP do Futebol foi editada pela então presidente Dilma Rousseff para reestruturar dívidas dos clubes. O dispositivo que criava as bets acabou vetado por Dilma, que alegou riscos da implementação sem arcabouço regulatório rigoroso para prevenir fraudes, evitar evasão de divisas e mitigar impactos sociais negativos. Em 2016, a Câmara voltou a tratar de projeto para legalizar jogos de azar. Resgatou, então, o PL 441/1991, conhecido como Marco Legal dos Jogos de Azar. Novamente, o projeto não avançou, apesar da aprovação do relatório do então deputado Guilherme Mussi (PP-SP) em comissão especial, em agosto de 2016. “Embora o substitutivo estivesse pronto para votação, a falta de consenso entre os parlamentares levou o então presidente da Câmara, deputado Rodrigo Maia (DEM-RJ), a não pautar a proposta durante seus quatro anos de gestão”, escreveu Silva. Apesar das derrotas, os eventos do setor continuavam mobilizando apoios. O autor da tese sobre o tema destacou o evento global ICE de 2017. “Havia não apenas a presença maciça de executivos e empresários brasileiros, mas também a participação efetiva de representantes do governo federal [já sob o comando de Michel Temer]”, disse Francisco Silva. Em agosto de 2018, após promover a intervenção na segurança do Rio de Janeiro, Michel Temer buscava recursos para financiar a segurança pública e editou a MP 846, que redirecionava verbas das loterias esportivas para o Fundo Nacional de Segurança Pública. Novamente, o então deputado Otávio Leite apresentou emenda para criar as apostas de cota fixa, que deram origem às bets. À Agência Brasil, o ex-parlamentar explicou que o objetivo era legalizar uma atividade já consolidada. “Minha sugestão era que o Estado brasileiro, diante de um contexto inexorável de apostas online , precisava tomar alguma atitude para impedir ou diminuir, pelo menos, essa evasão de divisas. Tinha estudos apontando que mais de R$ 1 bilhão já eram gastos em apostas”, disse. Olhando para trás, Leite lamenta que as bets tenham permanecido quase cinco anos sem regulamentação, além de criticar a regulação posterior, que considera permissiva com o jogo. “Essa demora foi muito prejudicial porque o Estado deixou de arrecadar e, ao mesmo tempo, permitiu a proliferação de bets em todo o tecido social, sem qualquer restrição. As publicidades tomaram conta do cenário esportivo. As bets ganharam um corpo muito além do que deveriam”, avaliou. A emenda de Leite foi acolhida pelo relator da MP, o então senador Flexa Ribeiro (PSDB-PA). Ele argumentou que a medida fortaleceria o financiamento da segurança e atendeu à defesa da legalização feita pelo Ministério da Fazenda. “As apostas estavam sendo feitas no exterior sem nenhuma arrecadação de tributos para a Receita Federal. Tivemos várias reuniões na Fazenda e, nessas reuniões, definiram que era interessante fazer a legalização”, contou. O ex-senador lamentou a expansão dos jogos para os cassinos online , entre eles, o do tigrinho, que não estava previsto no relatório da MP. Acolhido por unanimidade na comissão mista, o relatório de Flexa foi aprovado pelo plenário da Câmara em 20 de novembro de 2018, por votação simbólica. O único partido que orientou voto contrário foi o PSC, legenda incorporada ao Podemos em 2023. À época líder do PSC, o deputado Gilberto Nascimento (SP) criticou a criação da nova modalidade de apostas. “Nós estamos criando a cultura do jogo para os mais jovens. Isso é muito ruim para o país. No momento em que as nossas crianças precisam de educação e de cultura, nós criamos a cultura de um novo jogo de azar”, afirmou. A oposição a Temer votou a favor por entender que a MP 846 representava um avanço em relação à MP 841, que retirava recursos das loterias destinados ao esporte e à cultura. “O governo, que criou a confusão com o setor da cultura e do esporte editando a MP 841, acabou recuando depois das pressões de artistas, esportistas, gerentes do esporte, e deu uma melhorada com a MP 846”, disse o então deputado Vicente Candido (PT-SP). Um dia depois da aprovação na Câmara, a MP passou no Senado sem debate, em votação simbólica. Em 12 de dezembro de 2018, a proposta foi sancionada pelo presidente Michel Temer. A Lei 13.756/2018 determinava que o governo federal tinha dois anos para regulamentar as apostas esportivas online , mas o governo Jair Bolsonaro não regulou o tema. Segundo Francisco Silva, a proximidade com a bancada evangélica fez o governo evitar o assunto, apesar da posição favorável à regulamentação dentro do Ministério da Economia liderado pelo ministro Paulo Guedes. “Bolsonaro adiou a tarefa por quatro anos, criando um limbo legal que permitiu a proliferação de empresas do setor sem fiscalização”, escreveu o pesquisador na tese. Durante o governo Luiz Inácio Lula da Silva, as bets foram reguladas sob o argumento de ampliar a arrecadação tributária e impor alguma disciplina ao mercado. “Tínhamos duas opções. Ou acabávamos definitivamente com ela ou a gente regulava. Optamos pela regulação. Vamos ver se a regulação dá conta, mas, se não der, eu acabo com elas.”, disse Lula à Rádio Metrópole, de Salvador, em 2024. Oito anos após a legalização, o presidente Lula proibiu as bets , no último dia 25 de setembro, com a justificativa de prejuízo à economia do país e de milhares de famílias. ""O governo não está preocupado em perder imposto. O que a gente não pode perder é a vida dos pobres jogando"", declarou. *Matéria atualizada às 9h54."	Agência Brasil	politica	False
https://agenciabrasil.ebc.com.br/politica/noticia/2026-09/confira-agenda-dos-presidenciaveis-nesta-quinta-feira-1o	2026-10-01	Confira a agenda dos presidenciáveis nesta quinta-feira (1º)	Candidatos participam de debate, entrevista e atos de campanha	A agenda dos presidenciáveis nesta quinta-feira inclui debate em televisão e entrevista em podcast. Também estão previstos encontros com apoiadores, panfletagem e visita a instituição de ensino superior em São Paulo. Romeu Zema (Novo) Participa de debate na Rede Globo, à noite. Wilson Grassi (Democrata) Reunião com representante da Missão de Observação Eleitoral (MOE) da Organização dos Estados Americanos (OEA), à tarde. Augusto Cury (Avante) Participa de debate na Rede Globo, à noite. Clariana Barão (DC) À tarde tem agenda online com a Organização dos Estados Americanos (OEA). Flávio Bolsonaro (PL) Participa de debate na Rede Globo, à noite. Hertz Dias (PSTU) Participa de panfletagem no centro da cidade de Guarulhos (SP) à tarde e visita a Unifesp, à noite. Luiz Inácio Lula da Silva (PT) Participa de entrevista no Flow Podcast, à noite. Renan Santos (Missão) Participa de ato em Niterói, à tarde, e protesto em frente à Rede Globo no Rio, à noite. Ronaldo Caiado (PSD) Participa de debate na Rede Globo, à noite. Os candidatos Edmilson Costa (PCB), Rui Costa Pimenta (PCO) e Samara Martins (UP) não divulgaram a agenda pública de campanha até o momento desta publicação. A ordem de apresentação da cobertura da agenda dos candidatos a presidente segue rodízio diário em ordem alfabética.	Agência Brasil	politica	False
https://agenciabrasil.ebc.com.br/politica/noticia/2026-09/frente-de-prefeitos-apresenta-carta-com-propostas-aos-presidenciaveis	2026-09-30	Frente de prefeitos apresenta carta com propostas aos presidenciáveis	Documento foi organizado em temas considerados urgentes	A Frente Nacional de Prefeitas e Prefeitos (FNP) cobrou dos candidatos à Presidência da República a construção de “uma nova relação federativa, com maior participação dos governos locais nas decisões nacionais” , em carta pública . No documento, publicado esta quarta-feira (30), a entidade avalia que os próximos quatro anos figuram como oportunidade de construir, e reúne o que chama de “necessidades e propostas” de governantes locais em temas como reforma tributária, pacto federativo, financiamento, segurança, saúde, transporte público e emergência climática. “O objetivo central do documento é reforçar a necessidade do cumprimento da Emenda Constitucional 128 , que impede a imposição ou transferência de novas despesas aos municípios sem a previsão dos recursos necessários para seu custeio”, esclarece a frente em nota. O documento foi organizado em temas que elencam demandas consideradas urgentes pelos municípios , incluindo: A carta destaca ainda que “sem os municípios, não há pacto federativo” e defende a participação de entidades nacionais de representação municipal nas instâncias federativas como imprescindível para a promoção do diálogo entre os diferentes níveis de governo.	Agência Brasil	politica	False
https://agenciabrasil.ebc.com.br/politica/noticia/2026-09/confira-como-foi-segunda-feira-28-dos-candidatos-presidente	2026-09-28	Confira como foi a segunda-feira (28) dos candidatos a presidente	Presidenciáveis intensificam entrevistas e atos no país	"Na última semana de campanha política, os candidatos à Presidência intensificam as agendas com entrevistas para veículos de imprensa e atos em todo o país. Luiz Inácio Lula da Silva (PT) O candidato Luiz Inácio Lula da Silva participou de atos de campanha em Belém e em Manaus. Em Belém, Lula prometeu a ampliação do acesso da população a exames modernos, diagnósticos mais rápidos e consultas com médicos especialistas pela rede pública de saúde. ""É um direito do povo ser tratado com respeito e decência"", afirmou. Renan Santos (Missão) O candidato Renan Santos cumpriu agenda de campanha no Espírito Santo, onde se encontrou, à noite, com apoiadores no centro de Vitória. Romeu Zema (Novo) O candidato Romeu Zema almoçou com apoiadores em Caeté (MG). Ele concedeu entrevista para a Rádio Alfa, de Nova Era (MG). Ronaldo Caiado (PSD) O candidato Ronaldo Caiado fez caminhada no bairro Jardim Guanabara, em Goiânia. Ele voltou a defender limitar o crescimento dos gastos obrigatórios a 50% do crescimento do Produto Interno Bruto (PIB) e corte de 25% dos gastos discricionários. “[Gestão de] gasto público nós mostramos como fazer aqui no estado. O que se precisa no Brasil é saber governar. Mas não só saber governar, é ter autoridade moral para governar”, afirmou. Rui Costa Pimenta (PCO) O candidato Rui Costa Pimenta não teve agenda pública de campanha. Samara Martins (UP) A candidata Samara Martins cumpriu agenda de campanha em São Paulo. Ela fez panfletagem no bairro da Mooca, na zona leste da capital, e participou de ato pela legalização do aborto na Avenida Paulista. Samara Martins participou de evento na Universidade Zumbi dos Palmares. Wilson Grassi (Democrata) O candidato Wilson Grassi não teve agenda pública de campanha. Augusto Cury (Avante) O candidato Augusto Cury participou de uma reunião com executivos do Bradesco. Ele teve encontro com a Associação Nacional dos Transportes Rodoviários (ANTF) e com representantes do YouTube Brasil. O candidato cancelou a visita que faria à Assembleia de Deus, no bairro do Brás. Clariana Barão (DC) A candidata Clariana Barão foi até o Mercadão, na região central de São Paulo, onde conversou com apoiadores e comerciantes locais. Clariana disse que, caso seja eleita, indicará quatro mulheres para o Supremo Tribunal Federal (STF). A candidata também caminhou pelas ruas do centro e fez panfletagem. Edmilson Costa (PCB) O candidato Edmilson Costa concedeu entrevista para a jornalista Renata Regina. Flávio Bolsonaro (PL) O candidato Flávio Bolsonaro esteve na capital paulista, onde fez uma caminhada no bairro do Brás e visitou o Mercadão, no centro da cidade. Ele defendeu redução dos impostos, principalmente para empreendedores. “A gente vê que os empreendedores do Brasil estão sofrendo, estão clamando por mudança; ninguém aguenta mais o juro alto, ninguém aguenta mais o preço das coisas"", disse. Hertz Dias (PSTU) O candidato Hertz Dias concedeu entrevistas em Brasília . Ele teve encontro com estudantes da Universidade de Brasília (UnB) e defendeu o aumento dos investimentos nas universidades federais e criticou as políticas de ajuste fiscal que limitam os recursos para as áreas sociais. ""Defendemos o fim do arcabouço fiscal e investimentos massivos na educação pública para garantir acesso, permanência e produção de conhecimento voltada às necessidades da população."" Leonardo Avalanche (PRTB) O candidato Leonardo Avalanche não divulgou agenda pública de campanha. A ordem de apresentação da cobertura da agenda dos candidatos a presidente segue rodízio diário em ordem alfabética. * Colaboraram Luciano Nascimento (São Luís), Rafael Cardoso (Rio de Janeiro) e redação de São Paulo. Confira as informações sobre o dia dos presidenciáveis no Repórter Brasil , da TV Brasil"	Agência Brasil	politica	False
https://agenciabrasil.ebc.com.br/politica/noticia/2026-09/veja-como-foi-terca-feira-29-dos-presidenciaveis	2026-09-29	Veja como foi a terça-feira (29) dos presidenciáveis	Candidatos participaram de caminhadas e panfletagens	"A agenda dos presidenciáveis nesta terça-feira (29) incluiu sabatina e entrevistas em veículos de comunicação, além de caminhadas, panfletagens e encontros com apoiadores. Renan Santos (Missão) O candidato Renan Santos participou de encontro com apoiadores em Brasília. Romeu Zema (Novo) O candidato Romeu Zema participou de entrevistas para portais e rádios de Ipatinga (MG), e caminhou com apoiadores no centro centro da cidade. Ronaldo Caiado (PSD) O candidato Ronaldo Caiado se reuniu com apoiadores em Goiânia e participou de um evento pelas ruas de Aparecida de Goiânia (GO). Rui Costa Pimenta (PCO) O candidato Rui Costa Pimenta participou do programa Análise da Terça, transmitido pela Rádio Causa Operária. Samara Martins (UP) A candidata Samara Martins fez panfletagem em Niterói (RJ) e participou de caminhada no bairro da Tijuca, na capital fluminense. Wilson Grassi (Democrata) O candidato Wilson Grassi concedeu entrevistas para a Rádio Tocantins FM e para o Projeto Nosso Futuro. Augusto Cury (Avante) O candidato Augusto Cury participou de gravação de sabatina na Rede TV, em Osasco (SP). Clariana Barão (DC) A candidata Clariana Barão participou de evento social na capital paulista. Edmilson Costa (PCB) O candidato Edmilson Costa concedeu entrevista ao portal Metrópoles, em Brasília, e participou de roda de conversa sobre o programa de governo do PCB. Flávio Bolsonaro (PL) O candidato Flávio Bolsonaro visitou uma academia de jiu-jitsu no bairro da Vila Olímpia, em São Paulo. Ele conversou com os alunos e apoiadores e defendeu apoio à prática do esporte. ""Com as bolsas que permitam que as pessoas sejam profissionais, vivendo do esporte, possam estudar e ter condições também de viver só do esporte, treinarem para serem atletas de alto nível ou atletas amadores"", disse. Hertz Dias (PSTU) Em Belém, o candidato Hertz Dias fez caminhada e panfletagem. Hertz Dias defendeu a suspensão de iniciativas econômicas e exploratórias que impactam a Amazônia e os povos que vivem na região. ""É preciso suspender todos os projetos que colocam em risco o meio ambiente e as comunidades amazônicas"", disse. Leonardo Avalanche (PRTB) O candidato não divulgou agenda pública de campanha Luiz Inácio Lula da Silva (PT) O candidato Luiz Inácio Lula da Silva participou de um comício em Fortaleza. Ele reiterou a intenção de acabar com a escala de trabalho 6x1. “Se preparem porque vamos acabar com a escala 6x1, para que vocês tenham dois dias de descanso”, disse Lula. O projeto instituindo a jornada de trabalho 5x2 aguarda votação no plenário do Senado. Lula também afirmou que respeita todas as religiões. “Respeito a católica, a evangélica, a religião de matriz africana. Eu respeito até os ateus. Mas enquanto eu for presidente da República, Nossa Senhora Aparecida será a padroeira do Brasil”. À noite, ele esteve em um ato de campanha em Salvador. A ordem de apresentação da cobertura da agenda dos candidatos a presidente segue rodízio diário em ordem alfabética. * Colaboraram Luciano Nascimento (São Luís), Marcelo Brandão (Brasília), Rafael Cardoso (Rio de Janeiro) e redação de São Paulo."	Agência Brasil	politica	False
https://agenciabrasil.ebc.com.br/politica/noticia/2026-09/santa-catarina-tem-oito-candidatos-governador-veja-quais-sao	2026-09-28	Santa Catarina tem oito candidatos a governador, veja quais são	Estado tem 5,7 milhões de pessoas aptas a votar este ano	Oito candidatos concorrem ao governo de Santa Catarina nas eleições deste ano. Um total de 5.725.753 eleitores estão aptos a votar. Desse total, 52% são mulheres e 48% homens. Entre os 20,73% dos eleitores que declaram cor/raça, 22,59% são pardos, 71,27% são brancos e 5,37% são pretos. O primeiro turno acontece no dia 4 de outubro , quando serão votados candidatos a deputado federal, estadual, dois senadores, governador e presidente da República, esses dois últimos incluindo seus vices. A chapa de senador é composta por um titular e dois suplentes. O segundo turno está marcado para o dia 25 e pode ocorrer na disputa para os cargos de governador e presidente. Os eleitores voltarão às urnas se nenhum dos candidatos conquistar mais de 50% dos votos válidos, excluindo brancos e nulos, no primeiro turno. Conheça os candidatos ao governo de Santa Catarina. A lista está em ordem alfabética, de acordo com o nome na urna. Bruno Pedreiro do PCO - Brunno Andrade Dias (PCO) Gelson Merísio - Gelson Luiz Merisio (PSB) João Rodrigues (PSD) Jorginho Mello - Jorginho dos Santos Mello (PL) Laís Chaud - Laís Paganelli Chaud (UP) Marcelo Brigadeiro - Marcelo Marcel Franco Jose da Silva (Missão) Professor Marcus Sodré - Marcus Alexandre Sodré (PSTU) Ralf Zimmer - Ralf Guimarães Zimmer Junior (PRD)	Agência Brasil	politica	False
https://agenciabrasil.ebc.com.br/politica/noticia/2026-09/conheca-os-sete-candidatos-ao-governo-do-rio-grande-do-sul	2026-09-28	Conheça os sete candidatos ao governo do Rio Grande do Sul	Estado tem 8,5 milhões de pessoas aptas a votar este ano	Sete candidatos concorrem ao governo do Rio Grande do Sul nas eleições deste ano. Um total de 8.526.233 eleitores estão aptos a votar, dos quais 53% são mulheres e 47% homens. Entre os 16,09% dos eleitores que declaram cor/raça, 17,1% são pardos, 74,37% são brancos e 7,79% são pretos. O primeiro turno acontece no dia 4 de outubro , quando serão votados candidatos a deputado federal, estadual, dois senadores, governador e presidente da República, esses dois últimos incluindo seus vices. A chapa de senador é composta por um titular e dois suplentes. O segundo turno está marcado para o dia 25 e pode ocorrer na disputa para os cargos de governador e presidente. Os eleitores voltarão às urnas se nenhum dos candidatos conquistar mais de 50% dos votos válidos, excluindo brancos e nulos, no primeiro turno. Conheça os candidatos ao governo do Rio Grande do Sul. A lista está em ordem alfabética, de acordo com o nome na urna. Cesar Pontes - Cesar Augusto Pontes Ferreira (PCO) Gabriel Souza - Gabriel Vieira de Souza (MDB) Juliana Brizola (PDT) Marcelo Maranata  - Marcelo Maranata Soares Reinaldo (PSDB) Priscila Voigt - Priscila Voigt Severiano (UP) Rejane de Oliveira  - Rejane Silva de Oliveira (PSTU) Zucco  - Luciano Lorenzini Zucco (PL)	Agência Brasil	politica	False
https://agenciabrasil.ebc.com.br/politica/noticia/2026-09/confira-quem-sao-os-candidatos-governador-do-parana	2026-09-28	Confira quem são os candidatos a governador do Paraná	Estado tem 8,6 milhões de pessoas aptas a votar este ano	Oito candidatos concorrem ao governo do Paraná nas eleições deste ano. Um total de 8.609.026 eleitores estão aptos a votar. Desse total, 53% são mulheres e 47% homens. Entre os 17,46% dos eleitores que declaram cor/raça, 32,57% são pardos, 60,54% são brancos e 5,04% são pretos, além de 1,08% amarelos e 0,41% indígenas. O primeiro turno acontece no dia 4 de outubro , quando serão votados candidatos a deputado federal, estadual, dois senadores, governador e presidente da República, esses dois últimos incluindo seus vices. A chapa de senador é composta por um titular e dois suplentes. O segundo turno está marcado para o dia 25 e pode ocorrer na disputa para os cargos de governador e presidente. Os eleitores voltarão às urnas se nenhum dos candidatos conquistar mais de 50% dos votos válidos, excluindo brancos e nulos, no primeiro turno. Conheça os candidatos ao governo do Paraná. A lista está em ordem alfabética, de acordo com o nome na urna. Adriano Funileiro - Adriano Teixeira (PCO) Doutor Alexandre Salomão - Alexandre Salomão (Mobiliza) Luiz França - Luiz Felipe Martins França (Missão) Requião Filho - Mauricio Thadeu de Mello e Silva (PDT) Samuel de Mattos - Samuel de Mattos Figueiredo (PSTU) Sandro Alex - Sandro Alex Cruz de Oliveira (PSD) Sergio Moro - Sergio Fernando Moro  (PL) Tayná Miessa - Tayná Miessa Tsushida (UP)	Agência Brasil	politica	False
https://agenciabrasil.ebc.com.br/politica/noticia/2026-09/veja-como-foi-o-final-de-semana-dos-candidatos-presidencia	2026-09-27	Veja como foi o final de semana dos candidatos à presidência	Primeiro turno será no proximo domingo (4)	No último fim de semana antes do primeiro turno das eleições, no próximo domingo (4), os candidatos à Presidência da República priorizaram atividades nas ruas pelo país, com eventos como caminhadas e carreatas pelo interior e capitais. Veja abaixo detalhes das agendas no sábado (26) e no domingo (27): A agenda do candidato não foi divulgada. Presidente e candidato à reeleição, Luiz Inácio Lula da Silva (PT) participou de uma caminhada na Zona Leste de São Paulo (SP) no sábado (26). No evento, Lula defendeu a proibição da operação de bets no Brasil, assinada por ele na sexta (25). “Quem quiser ganhar dinheiro, que arrume um jeito honesto de ganhar, mas não matando o povo pobre, endividando o povo pobre, vendendo mentira”, disse Lula. Ele garantiu que o governo também vai intensificar a fiscalização das casas clandestinas de apostas. Ele voltou a destacar a importância do fim da escala 6x1 que tramita no Congresso. No domingo, Lula não teve compromissos públicos. O candidato passou o sábado em Minas Gerais e se encontrou com apoiadores nas cidades de Belo Horizonte e Divinópolis. Ele defendeu a redução de impostos e dos custos pelo Estado. Neste domingo, Santos foi a Salvador (BA). No sábado (26), o candidato também esteve em Minas Gerais. Em Pouso Alegre, ele concedeu entrevista a uma rádio local e se encontrou com apoiadores. Depois, foi a Varginha, onde participou de uma caminhada. O candidato defendeu mais crédito para o agronegócio e a criação de um seguro-safra. Ainda ressaltou a necessidade de baixar juros para viabilizar maior nível de produção no país. No domingo, Caiado participou de missa na Paróquia Nossa Senhora Aparecida e Santa Edwiges, em Goiânia. Ele disse repudiar o uso da religião como instrumento político. “Isso é um direito de cada um e cabe ao Estado brasileiro garantir essa liberdade religiosa”, afirmou. A respeito das bets, o candidato disse ser contrário aos jogos e que defende uma restrição dura às publicidades desse tipo de atividade. No sábado, o candidato participou de um programa na Causa Operária TV e de um debate nos podcasts Kritikê e 3 Irmãos, além do canal My News, em São Paulo. Neste domingo, foi à Avenida Paulista para uma manifestação pública junto com apoiadores. Ele ainda concederia entrevista ao SBT, segundo agenda. No sábado, a candidata fez um comício em São Paulo (SP), e depois participou de um debate pelos podcasts Kritikê e 3 Irmãos, além do canal My News. Neste domingo, ela esteve em Florianópolis (SC), onde participou de uma caminhada. Samara Martins ainda foi a um encontro dos blocos afros de maracatu, no centro da cidade. No sábado, o candidato ficou em São Paulo (SP), onde concedeu entrevista aos canais SBT e SBT News. Ele participou do debate pelos podcasts Kritikê e 3 Irmãos, além do canal My News. Neste domingo, esteve em uma maratona em Salvador (BA). No sábado, o candidato fez uma caminhada no Pelourinho e na Feira do Empreendedor. No domingo, esteve em Belo Horizonte na Feira Hippie e também em carreata a partir da Praça Israel Pinheiro, conhecida como a Praça do Papa, na capital mineira. Em entrevista à imprensa, ele disse que as bets geram consequências graves à economia e à saúde mental dos brasileiros. Cury defendeu a extinção dessas apostas ou uma taxação maior. Ele gravaria vídeos para a campanha e, na sequência, voltaria para São Paulo, segundo agenda. A candidata participou de um debate no sábado transmitido pelos podcasts Kritikê e 3 Irmãos, além do canal My News. Ela não teve compromissos oficiais de campanha neste domingo. O candidato esteve no Paraná neste final de semana e foi a um bloco de carnaval, o Vermelho, no sábado, em Curitiba. Além disso, participaria de debate na noite deste domingo, em Maringá, sobre soberania nacional e luta anti-imperialista. O candidato passou o sábado no Rio de Janeiro. Ele participou de carreata em São João de Meriti, na Baixada Fluminense, e em Jacarepaguá, na Zona Sudoeste do Rio. Neste domingo, Flávio Bolsonaro esteve em Aracaju (SE) para uma carreata a partir da orla da Praia de Atalaia. Ele afirmou que vai investir na produção de petróleo no Estado. “Essa riqueza que Deus deu também para o estado de Sergipe, nós vamos tirar lá do fundo do mar e trazer para o povo sergipano, porque essa riqueza é de vocês; são vocês que merecem o usufruto dela”, disse. No discurso, ele voltou a defender pautas como a redução da maioridade penal, a carteira de motorista para menores de idade, a castração química para estupradores de mulheres e crianças, e a criação de programas de empreendedorismo. Depois, Flávio Bolsonaro foi para Goiânia (GO), onde faria novo comício e carreata. No sábado, o candidato esteve em São Paulo, onde participou de debate transmitido pelos podcasts Kritikê e 3 Irmãos, além do canal My News. Neste domingo, ele participa do lançamento do livro Programa Revolucionário para o Brasil & Análise do Brasil Contemporâneo , na Asa Norte, em Brasília. *A ordem de apresentação da cobertura da agenda dos candidatos a presidente segue rodízio diário em ordem alfabética.	Agência Brasil	politica	False
https://agenciabrasil.ebc.com.br/politica/noticia/2026-09/saiba-como-bets-adoeceram-e-endividaram-os-brasileiros	2026-09-27	Saiba como as bets adoeceram e endividaram os brasileiros	Apenas em 2025, as famílias brasileiras perderam R$ 62 bi em apostas	"“Um grande alívio.” Foi assim que Kaio*, de 42 anos, definiu o sentimento ao ouvir a notícia, na última sexta (25), de que as operações das empresas de apostas on-line, as bets, foram proibidas no Brasil . Ele diz que tenta recomeçar a vida depois de perder o carro, a casa e o emprego por causa das dívidas de jogo. Hoje, Kaio mora sozinho em um dormitório em uma cidade do interior de Goiás. No local, ele se abriga, todas as noites, no chão. Temendo pela segurança, em função de dívidas contraídas com agiotas, preferiu se afastar e ficar longe da família. Ele reconhece que, nos últimos seis anos, o vício em jogos fez a sua vida virar pelo avesso . Por isso, resolveu procurar ajuda em um Centro de Atenção Psicossocial (Caps), onde começou, neste ano, a participar de grupos terapêuticos e consultas médicas. Ele toma três remédios por dia. Desde o início dos alertas sobre o empobrecimento da população e o aumento do vício das bets, a Agência Brasil tem produzido reportagens sobre o tema. Veja aqui todas as matérias publicadas . A Medida Provisória 1394 que proibiu as bets no país, assinada pelo presidente Luiz Inácio Lula da Silva na sexta-feira (25), revogou o que estava previsto no capítulo 5 da Lei 13.756 , de dezembro de 2018, aprovada no último mês do governo de Michel Temer. Apesar de terem sido aprovadas em 2018, as bets só foram regulamentadas em dezembro de 2023. Ou seja, as plataformas de apostas funcionavam, mas praticamente sem nem tipo de regra por pelo menos cinco anos. Foi apenas com a regulamentação que surgiram regras como a necessidade de avisos de desestímulo ao jogo e de advertência sobre seus malefícios que deveriam ser veiculadas pelos agentes operadores. A psiquiatra Katia Branco, supervisora do Grupo Pro-Amiti (que trata e estuda o transtorno do controle de impulso) do Hospital das Clínicas de São Paulo, explica que pessoas em vulnerabilidade representam o grupo mais suscetível ao vício em jogos e foram afetadas por desinformação e publicidade enganosa por todos os lados. Segundo ela, as pessoas foram atacadas por anúncios que induziam a uma falsa ideia de que o jogo serviria como uma complementação de renda. “São pessoas que querem retornos rápidos induzidas a acreditar que podem ter isso com as bets. Isso se tornou realmente muito perigoso.” Apenas no ano passado, as famílias brasileiras perderam R$ 62,5 bilhões para as bets (diferença entre o dinheiro apostado e o devolvido em forma de prêmio). Isso equivale a uma média de R$ 4,7 bilhões por mês, de outubro de 2024 a março de 2026. As perdas equivalem a 0,68% da Renda Nacional Disponível Bruta das Famílias e consideram as transferências feitas por Pix para as casas de apostas. No mesmo período, as bets movimentaram quase R$ 351 bilhões em transações via Pix. Os dados foram divulgados no Boletim Fiscal dos Estados, divulgado pelo Comitê Nacional de Secretários de Fazenda (Comsefaz). A lei que regulamentava as bets determinava, por exemplo, que as empresas bloqueassem o acesso de usuários identificados como compulsivos. Mas, segundo o advogado Júlio Leone, isso nunca ocorreu. Ao contrário, as empresas mandavam inúmeros bônus e anúncios aos jogadores, “É aí que ela perde todo o capital"", disse o advogado à Agência Brasil em agosto. Kaio* reforça que era exatamente isso o que ocorria. “O celular não parava de trazer mensagens.” Pessoas de todas as idades passaram a ser vítimas das violações cometidas pelas plataformas, inclusive, adolescentes. Um em cada cinco alunos (20,4%) dos anos finais do ensino fundamental e do ensino médio disse, no último ano, já ter feito apostas online. O levantamento foi feito a pedido da Frente Parlamentar Mista da Educação pela Equidade.info (iniciativa que produz dados para pesquisas). O estudo ouviu 1.912 estudantes de 191 escolas de todo o país. Um dos dados de maior impacto mostrava que as apostas começavam aos 11 anos de idade. Pelo menos 9,5% dos estudantes nessa faixa etária disseram já ter feito apostas. A psicóloga Mariana Kehl, membro da Sociedade Brasileira de Psicologia, explica que o jovem é mais vulnerável a apelos desse tipo porque o cérebro dele ainda está em construção . Os especialistas explicam que o núcleo ligado à sensação de prazer e à dopamina funciona em ritmo acelerado, as regiões que controlam os impulsos e avaliam riscos só terminam de amadurecer aos 20 e poucos anos. “O adolescente sente intensamente o prazer de ganhar uma aposta, mas ele, em contrapartida, ainda não dispõe do aparato para frear o impulso da aposta seguinte”, diz. Os profissionais de saúde constataram que apostadores de todas as faixas etárias apresentaram sinais de desesperança, sensação de estar sem saída , afastamento das pessoas, aumento do uso de álcool ou mudanças importantes de comportamento. Segundo a psiquiatra Katia Branco, supervisora do Grupo Pro-Amiti (que trata e estuda o transtorno de controle de impulso) do Hospital das Clínicas de São Paulo, falas relacionadas à morte ou a não querer mais viver devem ser motivo de atenção e procura de ajuda. “A ideação suicida deve ser tratada de forma mais aberta tanto no consultório quanto nos grupos terapêuticos. Com manejo adequado, podemos reduzir o risco e tentar ajudar os pacientes”, afirma a psiquiatra. Ainda de acordo com a especialista, os pacientes mostravam-se extremamente ansiosos em virtude dos prejuízos caudados pelos jogos. “Há quem tenha pensamentos de morte e, no caso, os mais graves já com a ideação suicida em virtude dos prejuízos financeiros que têm”, explica. O neurocirurgião Orlando Maia afirma que pessoas com essa dependência têm a sensação de que a aposta faz parte do dia a dia, já que buscam um mecanismo de recompensa.  Ele explica que, muitas vezes, as pessoas não reconhecem o problema por si mesmas. “Precisam de pessoas da família ou de amigos que possam ajudar”. A psicóloga Claudia Feres, que atua em um Centro de Apoio Psicossocial (Caps) no Distrito Federal, recomenda que pacientes dependentes e suas famílias procurem ajuda profissional. “Eu trabalho em Caps. Chegam para nós pessoas que tiveram pensamentos e fizeram, por exemplo, tentativa de autoextermínio. É um pedido de socorro desesperado, como se falasse que precisa se ausentar da vida naquele momento”. Um dos problemas, segundo os especialistas, é que as apostas online estavam facilmente acessíveis e disponíveis praticamente 24 horas por dia. ""É um cassino dentro do seu bolso"", afirmou Luiz Carlos*, 71 anos, integrante do Jogadores Anônimos. ”Graças a Deus eu não jogo hoje, porque, se eu jogasse, estava perdido. Na minha época, a gente tinha que sair de casa para jogar. Hoje não precisa mais"", afirmou em entrevista à Rádio Nacional , dias antes de o governo proibir as plataformas de bets por problema de saúde pública . Em agosto, com o aumento dos problemas de saúde ligados ao vício em jogos, o Sistema Único de Saúde (SUS) ampliou o número de teleatendimentos mensais a pessoas que enfrentam problemas relacionados a apostas online. Com o anúncio de proibição das bets, na sexta-feira (25), o Ministério da Saúde anunciou que aumentará os esforços para contatar apostadores contumazes, oferecendo acompanhamento e tratamento nos casos necessários. Segundo o ministro Alexandre Padilha, haverá políticas de busca ativa, a partir de dados compartilhados pelos ministérios da Fazenda e da Segurança e pela Receita Federal. *Nomes fictícios a pedido dos entrevistados"	Agência Brasil	politica	False
https://agenciabrasil.ebc.com.br/politica/noticia/2026-09/confira-agenda-dos-presidenciaveis-nesta-quarta-feira-30	2026-09-30	Confira a agenda dos presidenciáveis nesta quarta-feira (30)	Candidatos participam de atos, carreatas e encontros	A agenda dos presidenciáveis nesta quarta-feira (30) inclui caminhadas, carreatas, panfletagens e encontros com apoiadores, além de entrevistas em rádio e podcast. Também estão previstas visitas a obras, plenárias com ativistas, assembleia de moradores, ato de encerramento de campanha e participação em evento transmitido pelas redes sociais. Ronaldo Caiado (PSD) Participa de carreatas em quatro municípios de Goiás: Cidade de Goiás, Valparaíso de Goiás e Luziânia. Rui Costa Pimenta (PCO) Em Recife (PE), participa de ato de encerramento da campanha no Sinttel. Samara Martins (UP) Em Belo Horizonte (MG) participa de panfletagem no CETEF e de assembleia de moradores da ocupação Eliana Silva (Barreiro). Wilson Grassi (Democrata) Concede entrevista ao podcast Sevilla Cast. Augusto Cury (Avante) Participa de evento com transmissão ao vivo pelo Instagram. Clariana Barão (DC) Concede entrevista para a Rádio Cultura de Cuiabá (MT). Edmilson Costa (PCB) Faz panfletagem na Feira do Guará e terminal do metrô. Almoça com Max Maciel na Feira da Ceilândia. Hertz Dias (PSTU) Em Belém (PA), visita obra da construção civil no bairro de Umarizal e participa de plenária com ativistas na sede do Sindicato dos Trabalhadores da Construção Civil. Luiz Inácio Lula da Silva (PT) Participa de caminhada em Juiz de Fora (MG), com concentração no Viaduto Roza Cabinda, no Centro. Renan Santos (Missão) Participa de encontros com apoiadores em Duque de Caxias (RJ), Petrópolis (RJ) e Juiz de Fora (MG). O candidato Flávio Bolsonaro (PL) não tem agenda pública de campanha nesta quarta-feira. Os candidatos Leonardo Avalanche (PRTB) e Romeu Zema (Novo) não divulgaram a agenda pública de campanha até o momento desta publicação. A ordem de apresentação da cobertura da agenda dos candidatos a presidente segue rodízio diário em ordem alfabética.	Agência Brasil	politica	False
https://agenciabrasil.ebc.com.br/politica/noticia/2026-09/novas-tecnologias-levam-justica-eleitoral-reforcar-regras-de-votacao	2026-09-30	Novas tecnologias levam Justiça Eleitoral a reforçar regras de votação	Objetivo é impedir registros e garantir o caráter secreto do voto	A rápida evolução de dispositivos eletrônicos tem levado a Justiça Eleitoral a atualizar orientações e procedimentos para garantir o sigilo do voto, um direito assegurado pela Constituição Federal. A preocupação é evitar que equipamentos capazes de registrar, transmitir ou divulgar informações sejam utilizados para revelar a escolha feita pelo eleitor dentro da cabine de votação. Embora a proibição de portar aparelhos eletrônicos na cabine não seja novidade, o avanço de tecnologias cada vez mais discretas e conectadas tem exigido adequações nas normas eleitorais. Nesse contexto, tribunais regionais eleitorais vêm detalhando procedimentos relativos a equipamentos que, há alguns anos, não faziam parte da rotina dos eleitores. Foi o que fez o Tribunal Regional Eleitoral do Distrito Federal (TRE-DF), ao publicar resolução que especifica a aplicação das regras para celulares, relógios inteligentes, óculos inteligentes, pulseiras conectadas, fones de ouvido, câmeras corporais, microcâmeras e até acessórios dotados de câmeras, microfones ou recursos de comunicação. Segundo o tribunal, a medida não cria uma nova proibição, mas adapta a regulamentação às transformações tecnológicas, detalhando como devem ser tratados equipamentos que podem comprometer o caráter secreto da votação. Já o Tribunal Superior Eleitoral (TSE) adota uma abordagem mais ampla. Em suas normas e orientações ao eleitorado, a Corte estabelece a vedação ao ingresso na cabine de votação com celular, máquina fotográfica, filmadora ou qualquer equipamento capaz de comprometer o sigilo do voto. O foco, portanto, não é listar dispositivos específicos, mas impedir o uso de qualquer tecnologia que permita registrar, transmitir ou divulgar a escolha do eleitor. De acordo com o TSE, a regra busca assegurar que o voto permaneça secreto e impedir práticas como a compra de votos, em que o eleitor pode ser pressionado a apresentar alguma forma de comprovação da opção registrada na urna. O celular pode ser utilizado para apresentar o e-Título ou outro documento digital aceito pela Justiça Eleitoral durante a identificação na seção eleitoral. Após essa etapa, porém, o aparelho deve ser desligado e entregue à mesa receptora de votos, que ficará responsável por sua guarda até o fim da votação. O mesmo cuidado vale para outros equipamentos eletrônicos capazes de registrar, transmitir ou divulgar imagens, sons ou dados. O eleitor não pode entrar na cabine de votação portando celular, câmera fotográfica, filmadora, relógio inteligente, óculos inteligentes ou qualquer outro equipamento que possa ser utilizado para registrar o voto. Também devem permanecer fora da cabine dispositivos conectados e acessórios equipados com câmeras, microfones ou recursos de comunicação. Quem se recusar a desligar e deixar o equipamento no local indicado não poderá votar enquanto persistir a recusa. A ocorrência pode ser registrada pelos mesários e, se necessário, a força policial poderá ser acionada. As regras não impedem o uso de recursos de acessibilidade e de tecnologias assistivas por pessoas com deficiência ou mobilidade reduzida. Esses equipamentos podem ser utilizados normalmente, desde que não sirvam para registrar, transmitir ou divulgar o conteúdo do voto. Em caso de dúvida sobre determinado aparelho, a mesa receptora poderá solicitar esclarecimentos ao eleitor ou verificar as características externas do equipamento. A orientação da Justiça Eleitoral é simples: levar apenas os documentos necessários e, se desejar, uma cola em papel com os números dos candidatos. Antes de entrar na cabine, o eleitor deve desligar o celular ou qualquer equipamento eletrônico que possa comprometer o sigilo do voto e deixá-lo sob a guarda da mesa receptora. Depois de concluir a votação, os pertences serão devolvidos. Com essas medidas, a Justiça Eleitoral busca garantir que o avanço tecnológico não comprometa um dos princípios centrais das eleições brasileiras: o voto livre, individual e secreto.	Agência Brasil	politica	False
https://agenciabrasil.ebc.com.br/politica/noticia/2026-09/confira-agenda-dos-presidenciaveis-nesta-terca-feira-29	2026-09-29	Confira a agenda dos presidenciáveis nesta terça-feira (29)	Candidatos participam de sabatinas, caminhadas e encontros	A agenda dos presidenciáveis nesta terça-feira (29) inclui sabatina e entrevistas em veículos de comunicação, além de caminhadas, panfletagens e encontros com apoiadores. Também estão previstas participação em roda de conversa e atividades em diferentes regiões do país. Renan Santos (Missão) Participa de encontro com apoiadores em Brasília (DF). Romeu Zema (Novo) Em Ipatinga (MG), concede entrevistas para o portal Plox e para a rádio 98.1. Também participa de almoço e caminhada com apoiadores no centro da cidade. Ronaldo Caiado  (PSD) Participa de evento em palanque móvel pelas ruas de Aparecida de Goiânia (GO) e de Goiânia (GO). À noite, se reúne com apoiadores em Goiânia (GO) Rui Costa Pimenta (PCO) Às 13h, participa do programa Análise da Terça, transmitido pela Rádio Causa Operária. Samara Martins (UP) Às 11h, faz panfletagem em Niterói (RJ). Às 16h30, participa de caminhada na Tijuca (RJ). Às 19h, faz comício na Praça Saens Peña, na Tijuca (RJ). Wilson Grassi (Democrata) Concede entrevistas para a Rádio Tocantins FM e para o Projeto Nosso Futuro. Augusto Cury (Avante) Participa da sabatina da RedeTV!, em Osasco (SP). Clariana Barão (DC) Participa de evento social em São Paulo (SP). Edmilson Costa (PCB) Participa de roda de conversa para apresentação do programa anticapitalista e anti-imperialista do PCB à presidência do Brasil, em Taguatinga (DF). Flávio Bolsonaro (PL) Às 15h, tem encontro com faixas-pretas na Alliance Jiu Jitsu, Vila Olímpia, em São Paulo. Hertz Dias (PSTU) Em Belém (PA), faz caminhada e panfletagens na avenida Presidente Vargas e na UFPA. Participa de almoço no mercado Ver-o-Peso. Luiz Inácio Lula da Silva (PT) Participa da caminhada Brasil Pronto pra Mais em Salvador (BA), no Circuito Ondina-Barra. O candidato Leonardo Avalanche (PRTB) não divulgou agenda pública de campanha até o momento desta publicação. A ordem de apresentação da cobertura da agenda dos candidatos a presidente segue rodízio diário em ordem alfabética.	Agência Brasil	politica	False
https://agenciabrasil.ebc.com.br/politica/noticia/2026-09/ex-presidente-jose-sarney-segue-internado-em-hospital-de-sao-paulo	2026-09-28	Ex-presidente José Sarney segue internado em hospital de São Paulo	Ele trata pneumonia bacteriana e seu quadro cínico é estável	O ex-presidente da República, José Sarney, de 96 anos, continua internado no Hospital Sírio-Libanês, na capital paulista. Ele deu entrada no hospital na última quinta-feira (24) para fazer um check-up após receber um diagnóstico de pneumonia. Segundo o hospital, o quadro de saúde de Sarney é o mesmo de quinta-feira, quando foi divulgado o último boletim médico informando que ele havia sido internado para avaliação clínica e continuidade do tratamento de uma pneumonia bacteriana. O quadro clínico no ex-presidente é estável. Sarney foi internado no dia 13 de setembro no Maranhão. Boletim divulgado pelo UDI Hospital, da Rede D’Or, no Maranhão, já informava sobre um quadro de infecção respiratória (pneumonia), com condição estável. Na semana passada, Sarney postou um vídeo em suas redes sociais comunicando sua ida a São Paulo para fazer uma avaliação. “Estou indo a São Paulo porque, depois da pneumonia que eu tive, eu tenho necessidade de fazer um checkup para ver como estou, uma vez que tenho 96 anos”, disse ele. José Sarney foi presidente do Brasil entre os anos de 1985-1990. Foi também senador da República e governador do Maranhão. Em 2014 ele anunciou sua aposentadoria da carreira política.	Agência Brasil	politica	False
https://agenciabrasil.ebc.com.br/politica/noticia/2026-09/lei-cria-diretrizes-permanentes-para-o-futebol-feminino-no-Brasil	2026-09-28	Lei cria diretrizes permanentes para o futebol feminino no Brasil	Norma estimula igualdade salarial para atletas de futebol feminino	O presidente Luiz Inácio Lula da Silva sancionou, nesta segunda-feira (28), a lei que estabelece diretrizes nacionais e permanentes para o desenvolvimento do futebol feminino no Brasil . A Lei nº 15.522 traz uma série de atribuições para o Estado, para a Confederação Brasileira de Futebol (CBF) e para os clubes. “Nós queremos que as mulheres conquistem espaço em todo mercado de trabalho, toda atividade política, em toda atividade profissional e toda atividade esportiva. Não há porque a mulher ser tratada de forma inferior”, disse Lula. A lei estabelece que clubes formadores de novos atletas devem manter também uma equipe feminina, e assegura às organizações esportivas formadoras de futebol feminino os mesmos direitos e benefícios conferidos às entidades formadoras do futebol masculino. Caberá ao Ministério do Esporte estimular a participação de meninas no futebol , o fortalecimento das competições de formação em todas as idades e o apoio à criação e à manutenção de equipes profissionais e de base. O ministério ainda deverá articular, junto com os clubes e a CBF, protocolos de prevenção e enfrentamento ao racismo, discriminação, preconceito e violência contra as mulheres. Essas medidas de proteção abrangem atletas, árbitras, treinadoras, torcedoras, gestoras, profissionais de educação física e demais mulheres que atuam no futebol. O ministério também deverá estimular parcerias entre escolas, universidades e clubes na identificação e formação de novos talentos no futebol feminino. E também apoiar a capacitação e empregabilidade de mulheres nos outros aspectos do jogo, como na arbitragem, gestão técnica, direção esportiva, entre outras funções. A nova lei também altera a Lei das Sociedades Anônimas do Futebol (SAF). Agora, um clube que queira se tornar uma SAF deverá formar atletas de futebol feminino e masculino, ou apenas feminino. “A mudança dá respaldo legal à formação de atletas profissionais por estruturas empresariais dedicadas exclusivamente ao futebol feminino”, esclarece o governo. O Poder Executivo encaminhou o projeto de lei para o Congresso Nacional em setembro de 2025. Em 2 de setembro deste ano, o texto concluiu sua tramitação no Legislativo, sendo aprovado na Câmara e no Senado, indo à sanção presidencial. Confira mais informações sobre a nova lei no Repórter Brasil , da TV Brasil A sanção da lei ocorre no âmbito da organização da próxima Copa do Mundo Feminina , que ocorrerá no Brasil em 2027. E em seu texto também há a previsão da elaboração de um plano de legado social, esportivo e financeiro que deve ser deixado pelo torneio. A Copa do Mundo Feminina 2027 será realizada entre 24 de junho e 25 de julho de 2027 em Belo Horizonte, Brasília, Fortaleza, Porto Alegre, Recife, Rio de Janeiro, Salvador e São Paulo.	Agência Brasil	politica	False
https://agenciabrasil.ebc.com.br/politica/noticia/2026-09/cnbb-nega-envolvimento-em-polemica-sobre-santa-catolica	2026-09-28	CNBB nega envolvimento em polêmica sobre santa católica	Acusação foi feita pelo candidato à presidência Flávio Bolsonaro	A Conferência Nacional dos Bispos do Brasil (CNBB) divulgou uma nota na qual nega ter produzido, autorizado ou participado da elaboração ou divulgação de informações falsas relacionadas ao atual processo eleitoral. A declaração veio a público após o candidato do PL à Presidência da República, Flávio Bolsonaro, ter acusado “gente de dentro da CNBB” de ter ajudado na divulgação de que, se eleito, retiraria de Nossa Senhora da Aparecida o título de padroeira do Brasil. “A maior fake news da campanha foi essa sobre Nossa Senhora Aparecida. Nunca existiu movimento para tirar dela o título de padroeira do Brasil”, disse o candidato. A nota da CNBB informou que a entidade “repudia a produção e a utilização de informações falsas, independentemente de sua origem ou de quem possam beneficiar ou prejudicar”, e que não integra qualquer estrutura político-partidária, de partido ou candidatura. Na sequência, informou que suas manifestações sobre as eleições “decorrem de sua missão pastoral e de princípios públicos expressos em seus documentos, orientados pela dignidade humana, pelo bem comum, pela democracia e pela liberdade de consciência”. * Matéria atualizada para adequação de informações.	Agência Brasil	politica	False
https://agenciabrasil.ebc.com.br/politica/noticia/2026-09/confira-agenda-dos-presidenciaveis-nesta-segunda-feira-28	2026-09-28	Confira a agenda dos presidenciáveis nesta segunda-feira (28)	Candidatos intensificam atividades na última semana de campanha	Na última semana de campanha política, os candidatos à Presidência intensificam as agendas com entrevistas para veículos de imprensa e atos em todo o país. Ronaldo Caiado (PSD) Faz caminhada no bairro Jardim Guanabara, em Goiânia. Samara Martins (UP) Às 12h, faz panfletagem na Fábrica Lorenzetti, na Mooca, em São Paulo. Às 18h, participa de ato pela legalização do aborto no Masp. Às 20h, participa em evento na Universidade Zumbi dos Palmares em São Paulo. Augusto Cury (Avante) Às 10h, tem reunião com representantes do Banco Bradesco, em São Paulo. Às 14h, encontra-se com integrantes da Associação Nacional dos Transportes Rodoviários, em São Paulo (SP). Às 15h, participa de reunião com a equipe do YouTube Brasil, também em São Paulo (SP). Às 19h, visita a Assembleia de Deus no Brás, Ministério de Madureira, em São Paulo (SP). Clariana Barão (DC) Faz visita ao Mercadão de São Paulo para captação de imagens para a campanha. Edmilson Costa (PCB) Às 20h30, conversa ao vivo no Instagram com a jornalista Renata Regina. Flávio Bolsonaro (PL) Às 10h30, faz caminhada no bairro do Brás, em São Paulo. Às 13h, visita o Mercadão em São Paulo. Hertz Dias (PSTU) Concede entrevistas ao jornal O Tempo e aos sites Poder 360 e Metrópoles. Participa ainda de encontro com estudantes no Restaurante Universitário da Universidade de Brasília (UnB), às 14h. Luiz Inácio Lula da Silva (PT) Participa de atos de campanha em Belém e Manaus. Renan Santos (Missão) Participa de encontro com apoiadores no Espírito Santo. Romeu Zema (Novo) Às 13h, almoça com apoiadores em Caeté (MG). Às 15h45, concede entrevista ao vivo para a Rádio Alfa FM 105,3, de Nova Era-MG. O candidato Wilson Grassi (Democrata) não tem agenda pública de campanha nesta segunda-feira. Os candidatos Leonardo Avalanche (PRTB) e Rui Costa Pimenta (PCO) não divulgaram agenda pública de campanha até o momento desta publicação. A ordem de apresentação da cobertura da agenda dos candidatos a presidente segue rodízio diário em ordem alfabética.	Agência Brasil	politica	False
https://agenciabrasil.ebc.com.br/politica/noticia/2026-09/minas-gerais-tem-11-candidatos-governador-veja-quais-sao	2026-09-27	Minas Gerais tem 11 candidatos a governador; veja quais são	Estado tem 16,3 milhões de pessoas aptas a votar este ano	Onze candidatos concorrem ao governo de Minas Gerais nas eleições deste ano. Segundo maior colégio eleitoral e estado de maiores dimensões da região sudeste, abriga um total de 16.377.659 eleitores aptos a votar. Desse total, 52% são mulheres e 47% homens. Entre os 22,08% eleitores que declaram cor/raça, 49,64%% são pardos, 36,13% são brancos e 13,49% são pretos. O primeiro turno acontece no dia 4 de outubro , quando serão votados candidatos a deputado federal, estadual, dois senadores, governador e presidente da República, esses dois últimos incluindo seus vices. A chapa de senador é composta por um titular e dois suplentes. O segundo turno está marcado para o dia 25 e pode ocorrer na disputa para os cargos de governador e presidente. Os eleitores voltarão às urnas se nenhum dos candidatos conquistar mais de 50% dos votos válidos, excluindo brancos e nulos, no primeiro turno. Conheça os candidatos ao governo de Minas Gerais. A lista está em ordem alfabética, de acordo com o nome na urna. Alexandre Kalil (PDT) Ben Mendes - Benoni Benjamin Cardoso Mendes (Missão) Cleitinho Azevedo - Cleiton Gontijo de Azevedo (Republicanos) Flávio Roscoe - Flávio Roscoe Nogueira (PL) Gabriel - Gabriel Sousa Marques de Azevedo (MDB) Henrique Áreas - Henrique Áreas de Araújo (PCO) Indira Xavier - Indira Ivanise Xavier (UP) Mateus Simões - Mateus Simões de Almeida (PSD) Patrus Ananias - Patrus Ananias de Sousa (PT) Professor Tuilo Lopes - Tulio Cesar Dias Lopes (PCB) Rafael Duda - Rafael Ribeiro de Ávila  (PSTU)	Agência Brasil	politica	False
https://agenciabrasil.ebc.com.br/politica/noticia/2026-09/saiba-quem-sao-os-cinco-candidatos-governador-no-espirito-santo	2026-09-27	Saiba quem são os cinco candidatos a governador no Espírito Santo	Estado tem 2,9 milhões de pessoas aptas a votar este ano	Cinco candidatos concorrem ao governo do Espírito Santo nas eleições deste ano. Um total de 2.990.490 eleitores estão aptos a votar. Desse total, 53% são mulheres e 47% homens. 24,45% dos eleitores declaram cor/raça, e entre eles 51,88% são pardos, 34,41% são brancos e 13,13% são pretos. O primeiro turno acontece no dia 4 de outubro , quando serão votados candidatos a deputado federal, estadual, dois senadores, governador e presidente da República, esses dois últimos incluindo seus vices. A chapa de senador é composta por um titular e dois suplentes. O segundo turno está marcado para o dia 25 e pode ocorrer na disputa para os cargos de governador e presidente. Os eleitores voltarão às urnas se nenhum dos candidatos conquistar mais de 50% dos votos válidos, excluindo brancos e nulos, no primeiro turno. Conheça os candidatos ao governo do Espírito Santo. A lista está em ordem alfabética, de acordo com o nome na urna. Breno Barcelos  - Breno Augusto Fagundes Barcelos (Missão) Helder Salomão - Helder Ignacio Salomão (PT) Lorenzo Pazolini - Lorenzo Silva de Pazolini (Republicanos) Rafael Demuner - Rafael Ketley Demuner (UP) Ricardo Ferraço - Ricardo de Rezende Ferraço (MDB)	Agência Brasil	politica	False
https://agenciabrasil.ebc.com.br/politica/noticia/2026-09/confira-agenda-dos-presidenciaveis-neste-fim-de-semana-26-e-27	2026-09-26	Confira a agenda dos presidenciáveis neste fim de semana (26 e 27)	Candidatos participam de caminhadas, comícios e encontros	A agenda dos candidatos à Presidência da República neste fim de semana inclui caminhadas, comícios, entrevistas e encontros com apoiadores em diferentes cidades. Há atividades previstas de campanha em São Paulo, Rio de Janeiro, Minas Gerais, Bahia e Paraná. Romeu Zema (Novo) Participa de atos de campanha em cidades do Sul de Minas. Pela manhã, concede entrevista para o portal Terra do Mandu em Pouso Alegre e depois se encontra com apoiadores na cidade. Às 12h, faz caminhada nos comércios de Varginha e almoça com apoiadores. No início da tarde concede entrevista ao vivo para a rádio Itatiaia de Varginha. Ronaldo Caiado (PSD) Pela manhã, participa de carreata em Luziânia e Cristalina. Às 13h30, participa de caminhada em Valparaíso de Goiás e às 18h30 se encontra com lideranças e apoiadores em Águas Lindas de Goiás, município no entorno do Distrito Federal. Rui Costa Pimenta (PCO) No início da tarde, o candidato participa do programa Análise Política da Semana, transmitido pela Causa Operária TV, com análise da conjuntura nacional e internacional e perguntas do público. Já as 18h participa de debate presidencial, transmitido ao vivo pelos podcasts Kritikê e Três Irmãos, além da rádio My News. No domingo, às 11h, o candidato participa de ato de encerramento de campanha em São Paulo (SP). Samara Martins (UP) No sábado, participa de comício no Centro de São Paulo (SP), às 9h. O encontro será na Estação da Luz. Já as 18h participa de debate presidencial, transmitido ao vivo pelos podcasts Kritikê e Três Irmãos, além da rádio My News. Não há agenda pública divulgada para o domingo. Wilson Grassi (Democrata) Às 12h, concede entrevista aos canais SBT e SBT News. Às 18h, participa do debate com candidatos à presidência da República promovido pelos podcasts Kritikê e 3 Irmãos, além do canal My News. Augusto Cury (Avante) No sábado, cumpre agenda de campanha em Salvador (BA), das 10h às 13h. Participa de caminhada pela pacificação pelo Pelourinho e pela Feira do Empreendedor. Às 16h30, inicia agenda de campanha em Caeté (MG). De lá, participa de caminhada pela pacificação até a Igreja Nossa Senhora de Bonsucesso. Não há previsão de agenda pública do candidato no domingo. Clariana Barão (DC) Participa de debate com candidatos à Presidência da República, às 18h, promovido pelos podcasts Kritikê, Três irmãos e MyNews. Edmilson Costa (PCB) No sábado, participa de panfletagem no Centro de Curitiba (PR), às 10h30. Ao meio-dia, almoça com a militância. Às 14h30, participa de roda de conversa na Livraria Vertov, no bairro Mercês. Às 17h, participa de atividade de imprensa e produção de materiais. Às 18h, participa de confraternização do Bloco Vermelho, na Escadaria das Ruínas de São Francisco. No domingo (27), participa, às 19h, de debate sobre soberania nacional e luta anti-imperialista, em Maringá (PR). Flávio Bolsonaro (PL) No sábado, participa de duas moto-carreatas no Rio de Janeiro (RJ). Às 10h30, participa de moto-carreata em São João de Meriti. O trajeto inclui passagem pela Praça da Matriz e termina no bairro Vila Tiradentes. Às 15h, participa de outra moto-carreata, desta vez em Jacarepaguá, na capital fluminense. Não foi divulgada previsão de agenda pública do candidato para o domingo. Hertz Dias (PSTU) Participa, às 18h, de debate presidencial, transmitido ao vivo pelos podcasts Kritikê e Três Irmãos, além da rádio My News. No domingo, às 18h30, participa do lançamento do livro Programa Revolucionário para o Brasil & Análise do Brasil Contemporâneo , em Brasília (DF). Luiz Inácio Lula da Silva (PT) No sábado, participa da caminhada Brasil Pronto pra Mais, em São Miguel, na zona leste de São Paulo (SP). A concentração começa às 9h e a caminhada está prevista para as 10h. O candidato não tem agenda pública prevista para domingo. Renan Santos (Missão) No sábado, participa de encontros com apoiadores em Minas Gerais. Às 10h, estará em Divinópolis e, às 20h30, em Belo Horizonte. No domingo, participa de encontro com apoiadores em Salvador (BA), às 16h. *A ordem de apresentação da agenda dos candidatos à Presidência segue rodízio diário em ordem alfabética.	Agência Brasil	politica	False
https://agenciabrasil.ebc.com.br/politica/noticia/2026-09/eleicoes2026-saiba-em-quantos-candidatos-votar-e-ordem-de-votacao	2026-09-26	Eleições 2026: saiba em quantos candidatos votar e a ordem de votação	Colinha em papel evita erros e filas. Celular é proibido na cabine	O eleitor poderá escolher até seis candidatos no 1º turno das Eleições 2026 , que serão realizadas no próximo domingo, dia 4 de outubro. Cada cargo é identificado por uma sequência numérica: para votar em deputado federal, é necessário teclar 4 dígitos na urna eletrônica. Para deputado estadual, são 5 números. Para senadores, 3 dígitos. Já para governador e presidente da República, são 2 dígitos. A ordem de votação na urna eletrônica será: A Justiça Eleitoral recomenda que os eleitores anotem os números dos seis candidatos em um papel antes de irem às zonas eleitorais. A medida ajuda a evitar erros e também contribui para reduzir filas. >> A cola pode ser baixada aqui << A colinha em papel é importante porque não será permitido entrar com o celular na cabine de votação . A restrição proíbe também o uso de câmeras fotográficas, filmadoras ou qualquer outro equipamento eletrônico, mesmo que desligados. Os aparelhos deverão ser deixados perto dos mesários. A medida tem a finalidade de proteger o sigilo do voto. O celular poderá ser utilizado apenas para a identificação do eleitor aos mesários por meio do aplicativo e-Título (desde que mostre a foto do eleitor) ou pela apresentação de outros documentos oficiais em formato digital, como a CNH Digital e o RG Digital. “São seis cargos, muitos dígitos, ou seja, muito para se decorar. Essa demora ou dúvida gera um efeito dominó nas filas. Nosso recado é direto: anote tudo em um papelzinho e leve-o com você, já que o celular não pode entrar na cabine. O lembrete tradicional em papel continua sendo o melhor amigo do eleitor para uma votação rápida”, destaca a coordenadora de Mídias e Web do Tribunal Superior Eleitoral (TSE), Rakell Dimanski. Além dos documentos digitais, o eleitor poderá se identificar na seção eleitoral com qualquer documento oficial com foto. Veja com quais documentos é possível votar: Os documentos oficiais com foto podem ser utilizados mesmo que estejam vencidos, desde que permitam a identificação do eleitor.	Agência Brasil	politica	False
https://agenciabrasil.ebc.com.br/politica/noticia/2026-09/conheca-os-nove-candidatos-governador-do-rio-de-janeiro	2026-09-27	Conheça os nove candidatos a governador do Rio de Janeiro	Estado é o terceiro maior colégio eleitoral do país	Nove candidatos concorrem ao governo do Rio de Janeiro nas eleições deste ano. No estado, 12,857 milhões de eleitores estão aptos a votar, universo que perde apenas para Minas Gerais e São Paulo. Desse total, 54% são mulheres e 46% homens. Entre os eleitores que declararam cor/raça, 41,54% são pardos, 39,76% são brancos e 18,19%, pretos. Amarelos e indígenas somam cerca de 0,5%. O primeiro turno acontece no dia 4 de outubro, quando serão votados candidatos a deputado federal, estadual, dois senadores, governador e presidente da República, esses dois últimos incluindo seus vices. A chapa de senador é composta por um titular e dois suplentes. O segundo turno está marcado para o dia 25 e pode ocorrer na disputa para os cargos de governador e presidente. Os eleitores voltarão às urnas se nenhum dos candidatos conquistar mais de 50% dos votos válidos, excluindo brancos e nulos, no primeiro turno. Conheça os candidatos ao governo do Rio de Janeiro. A lista está em ordem alfabética, de acordo com o nome na urna. André Marinho - Andre Bourguignon Marinho (Novo) Coronel Busnello - João Jacques Soares Busnello (Missão) Cyro Garcia - Cyro Garcia (PSTU) Douglas Ruas - Douglas Ruas dos Santos (PL) Eduardo Paes - Eduardo da Costa Paes (PSD) Garotinho - Anthony William Matheus de Oliveira (Republicanos) Juliete - Juliete Pantoja Alves (UP) Luan Monteiro - Luan Monteiro Paschoal Pires (PCO) William Siri - William Carlos Brum Bispo (PSOL)	Agência Brasil	politica	False
https://agenciabrasil.ebc.com.br/politica/noticia/2026-09/conheca-os-candidatos-que-disputam-o-governo-estadual-em-sao-paulo	2026-09-27	Conheça os candidatos que disputam o governo estadual em São Paulo	Com maior eleitorado do país, estado tem 34,1 milhões de eleitores	Seis candidatos concorrem ao governo de São Paulo nas eleições deste ano. Com o maior eleitorado do país, os paulistas somam 34.104.226 eleitores aptos a votar. Desse total, 53% são mulheres e 47% homens. Entre os 15,77% de  eleitores que declaram cor/raça, 36,32% são pardos, 52,46% são brancos e 9,97% são pretos.Outros 1,12% são amarelos e 0,14% são indígenas. O primeiro turno acontece no dia 4 de outubro , quando serão votados candidatos a deputado federal, estadual, dois senadores, governador e presidente da República, esses dois últimos incluindo seus vices. A chapa de senador é composta por um titular e dois suplentes. O segundo turno está marcado para o dia 25 e pode ocorrer na disputa para os cargos de governador e presidente. Os eleitores voltarão às urnas se nenhum dos candidatos conquistar mais de 50% dos votos válidos, excluindo brancos e nulos, no primeiro turno. Conheça os candidatos ao governo de São Paulo . A lista está em ordem alfabética, de acordo com o nome na urna. Carlos Machado - Carlos Alberto Machado (PCB) Fernando Haddad (PT) Izadora Dias - Izadora Cristina Dias da Silva (PCO) Tarcísio - Tarcísio Gomes de Freitas (Republicanos) Vera Lúcia - Vera Lúcia Pereira da Silva Salgado (PSTU) Vivian Mendes - Vivian Mendes da Silva (UP)	Agência Brasil	politica	False
https://agenciabrasil.ebc.com.br/politica/noticia/2026-09/quase-1-milhao-de-brasileiros-no-exterior-poderao-votar-nas-eleicoes	2026-09-26	Quase 1 milhão de brasileiros no exterior poderão votar nas eleições	Número de eleitores fora do país cresceu  358% desde 2010	Quase 1 milhão de brasileiros com domicílio eleitoral no exterior estão aptos a votar nas eleições de 2026. Segundo o Tribunal Superior Eleitoral (TSE), são 918.876 eleitores em 134 países, o equivalente a pouco mais de 0,5% dos cerca de 158,7 milhões totais do país. Os brasileiros que vivem fora do país votam apenas para os cargos de presidente e vice-presidente da República. O número de brasileiros aptos a votar fora do país vem crescendo ano a ano. De 2010 a 2026, o aumento registrado foi de 358%. Em 2010, eram cerca de 210 mil eleitores habilitados, contingente que subiu para 354 mil em 2014. Em 2018 eram 500 mil eleitores registrados fora do país e, em 2022, quase 700 mil. A jornalista Victoria Duarte, de 30 anos, está entre esses eleitores. Estudante de mestrado na University of Niagara Falls, ela mora em Ontário, no Canadá, desde agosto de 2025. Esta será a primeira vez que ela participará de uma eleição brasileira no exterior. “Queria votar, mesmo morando fora, porque sei da importância dessas eleições para o futuro do meu país. Fiz todo o processo necessário para isso”, disse ela à Agência Brasil. Para votar, Victoria e outros amigos brasileiros terão de se deslocar até Toronto, onde fica a seção eleitoral mais próxima. Segundo o TSE, serão instaladas seções eleitorais em 186 cidades do exterior. Elas funcionarão principalmente em consulados e embaixadas brasileiras, mas também poderão ser instaladas em escolas, hotéis e outros espaços. O número de brasileiros aptos a votar fora do país vem crescendo nos últimos anos. Em 2014, havia cerca de 354 mil eleitores habilitados. Em 2022, esse contingente chegou a quase 700 mil. A experiência de morar fora reforçou o vínculo de Victoria com o Brasil. “Fiquei mais patriota e orgulhosa do próprio país”, afirmou. “Quem mora fora sabe disso porque compara.” Os países com o maior número de eleitores brasileiros são os Estados Unidos (265,4 mil), Portugal (134,7 mil), Japão (88,3 mil), Canadá (46,4 mil) e Alemanha (41,5 mil). Segundo o TSE, as mulheres representam 57% dos eleitores registrados fora do Brasil, enquanto os homens correspondem a 43%. Quanto ao estado civil, os solteiros são maioria, com 52% do total. Os casados representam 42%; os divorciados, 6%; e os viúvos, 1%. O cadastro eleitoral registra ainda 6.614 pessoas com deficiência, número equivalente a 0,72% desse eleitorado. Com relação à escolaridade, 38% dos eleitores residentes no exterior têm ensino superior completo, o maior percentual entre os níveis de instrução registrados. Os que concluíram o ensino médio representam 29%, enquanto aqueles com ensino superior incompleto correspondem a 13%. Os eleitores com ensino médio incompleto somam 10%, seguidos pelos que têm ensino fundamental completo (5%), ensino fundamental incompleto (3%) e pelos que apenas sabem ler e escrever (1%). Quanto à faixa etária, o maior grupo é formado por eleitores de 40 a 44 anos. Em seguida aparecem as faixas de 45 a 49 anos e de 35 a 39 anos. Os dados detalhados sobre o eleitorado residente no exterior estão disponíveis no portal do TSE . Victoria diz que a polarização política brasileira também é percebida entre os brasileiros que vivem no exterior. “Em geral, as pessoas que vêm ao Canadá têm melhores condições financeiras e, por isso, tendem a ser mais conservadoras. Mas há também muitos jovens por aqui que, em geral, são mais progressistas e costumam votar na esquerda”, avaliou. Eleitores que estiverem no exterior no dia da votação e não comparecerem às urnas poderão justificar a ausência em uma das mesas receptoras de votos instaladas fora do país ou por meio do aplicativo e-Título. “Não haverá mesas exclusivas para justificativa. O procedimento presencial poderá ser realizado apenas nas mesas que funcionarem com urna eletrônica”, informou o TSE.	Agência Brasil	politica	False
https://agenciabrasil.ebc.com.br/politica/noticia/2026-09/eleicoes-2026-saiba-quem-sao-os-candidatos-ao-governo-do-df	2026-09-26	Eleições 2026: saiba quem são os candidatos ao governo do DF	Dez candidatos concorrem ao GDF	Dez candidatos concorrem ao governo do Distrito Federal (GDF) nas eleições de 2026. No total, 2.253.132 eleitores estão aptos a votar. Desse total, 54% são mulheres e 46%, homens . Entre os eleitores que declararam cor/raça, 49,17% são pessoas pardas; 38,02%, brancas; 11,71%, pretas; 0,89%, amarelas; e 0,22%, indígenas. O primeiro turno das eleições ocorre no dia 4 de outubro. Em eventual segundo turno, os eleitores voltam às urnas em 25 de outubro. Serão escolhidos os chefes do Poder Executivo - presidente da República e governadores - e seu vices, além dos representantes para compor o Legislativo, tanto no âmbito federal como no estadual e distrital - senadores, deputados federais, deputados estaduais e distritais. Conheça os candidatos ao governo do Distrito Federal, em ordem alfabética de acordo com o nome que aparece na urna eletrônica: Cappelli - Ricardo Garcia Cappelli (PSB) Celina Leão - Celina Leao Hizim Ferreira (Propósito e Ação) Elisson - Elisson Ferreira Freire (Agir) Expedito Mendonça - Expedito Carneiro de Mendonça (PCO) Kiko Caputo - Francisco Queiroz Caputo Neto (Novo) Leandro Grass - Leandro Antônio Grass Peixoto (DF do Povo) Paula Belmonte - Paula Moreno Paro Belmonte (Federação PSDB Cidadania) Professor Robson - Robson Raymundo da Silva (PSTU) Professora Samara Mineiro - Samara Mineiro Oliveira (UP) Rico Pinheiro - Alderico da Silva Pinheiro Filho (PRTB)	Agência Brasil	politica	False
https://agenciabrasil.ebc.com.br/politica/noticia/2026-09/veja-quem-sao-os-candidatos-governador-de-mato-grosso-do-sul	2026-09-26	Veja quem são os candidatos a governador de Mato Grosso do Sul	Oito candidatos estão na disputa para o Executivo estadual	Oito candidatos concorrem ao governo de Mato Grosso do Sul nas eleições de 2026. No estado, 2.024.884 eleitores estão aptos a votar. Desse total, 53% são mulheres e 47%, homens . Entre os eleitores que declararam cor/raça, 49,62% são pessoas pardas; 38,84%, brancas; 6,79%, pretas; 3,94%, indígenas; e 0,82%, amarelas. O primeiro turno das eleições ocorre no dia 4 de outubro. Em eventual segundo turno, os eleitores voltam às urnas em 25 de outubro. Serão escolhidos os chefes do Poder Executivo - presidente da República e governadores - e seu vices, além dos representantes para compor o Legislativo, tanto no âmbito federal como no estadual e distrital - senadores, deputados federais, deputados estaduais e distritais. Conheça os candidatos ao governo de Mato Grosso do Sul, em ordem alfabética de acordo com o nome que aparece na urna eletrônica: Daniel Lemes - Daniel Lemes Vasques (PCO) Delcídio Amaral - Delcídio do Amaral Gomez (Federação Renovação Solidária – PRD/Solidariedade) Economista Renato Gomes - Renato Wanderley Gomes (DC) Eduardo Riedel - Eduardo Correa Riedel (Fazendo o Futuro Acontecer) Fábio Trad - Fabio Ricardo Trad (Por um MS do Povo) Jeferson Bezerra - Jeferson Jose Bezerra – (Agir) João Henrique Catan - João Henrique Miranda Soares Catan (Novo) Lucien Rezende - Lucien Roberto Garcia de Rezende (Federação PSOL Rede - PSOL/Rede)	Agência Brasil	politica	False
https://agenciabrasil.ebc.com.br/politica/noticia/2026-09/conheca-os-candidatos-ao-governo-de-goias-nas-eleicoes-deste-ano	2026-09-26	Conheça os candidatos ao governo de Goiás nas eleições deste ano	Seis candidatos disputam o cargo de governador	Seis candidatos concorrem ao governo de Goiás nas eleições de 2026. No estado, 5.080.755 eleitores estão aptos a votar. Desse total, 53% são mulheres e 47%, homens. Entre os eleitores que declararam cor/raça, 59,17% são pessoas pardas; 29,95%, brancas; 9,71%, pretas; 1,06%, amarelas; e 0,12% indígenas. O primeiro turno das eleições está marcado para 4 de outubro. Se houver segundo turno, os eleitores voltam às urnas em 25 de outubro. Serão escolhidos os chefes do Poder Executivo - presidente da República e governadores - e seu vices, além dos representantes para compor o Legislativo, tanto no âmbito federal como no estadual e distrital - senadores, deputados federais, deputados estaduais e distritais. Conheça os candidatos ao governo de Goiás, em ordem alfabética de acordo com o nome que aparece na urna eletrônica: Daniel Vilela - Daniel Elias Carvalho Vilela (Pra Goiás Seguir Em Frente) Danilo da Silva - Danilo Pinheiro Evangelista da Silva (PCO) Luciana Amorim - Luciana de Deus Amorim (UP) Luís Cesar Bueno - Luís Cesar Bueno e Freitas (Goiás Pode Mais) Marconi Perillo - Marconi Ferreira Perillo Junior (Goiás Pode Muito Mais) Wilder Morais - Wilder Pedro de Morais (Goiás que Cresce)	Agência Brasil	politica	False
https://agenciabrasil.ebc.com.br/politica/noticia/2026-09/saiba-quem-sao-os-candidatos-ao-governo-de-mato-grosso	2026-09-26	Saiba quem são os candidatos ao governo de Mato Grosso	Seis candidatos concorrem ao cargo	Seis candidatos concorrem ao governo de Mato Grosso nas eleições de 2026. No estado, 2.638.230 eleitores estão aptos a votar. Desse total, 51% são mulheres e 49%, homens . Entre os eleitores que declararam cor/raça, 59,85% são pessoas pardas; 27,16%, brancas; 10,21%, pretas; 2,17%, indígenas; e 0,62%, amarelas. O primeiro turno das eleições está marcado para o dia 4 de outubro. Se houver segundo turno, será em 25 de outubro. Serão escolhidos os chefes do Poder Executivo - presidente da República e governadores - e seu vices, além dos representantes para compor o Legislativo, tanto no âmbito federal como no estadual e distrital - senadores, deputados federais, deputados estaduais e distritais. Conheça os candidatos ao governo de Mato Grosso, em ordem alfabética de acordo com o nome que aparece na urna eletrônica: Doutora Natasha - Natasha Slhessarenko Fraife Barreto (Mato Grosso para Todos) Mauricio Coelho - Mauricio Coelho de Souza Junior (Mobiliza) Otaviano Pivetta - Otaviano Olavo Pivetta (Mato Grosso não Pode Parar) Rafaell Milas - Rafaell Milas de Oliveira (Missão) Sargento Laudicério - Laudicério Aguiar Machado (Agir) Wellington Fagundes - Wellington Antonio Fagundes (Coração da Gente)	Agência Brasil	politica	False
https://agenciabrasil.ebc.com.br/politica/noticia/2026-09/eleitor-deve-se-antecipar-na-consulta-local-de-votacao-alerta-tse	2026-09-26	Eleitor deve se antecipar na consulta a local de votação, alerta TSE	Informações estão disponíveis no aplicativo e-Título e no site do TSE	"A menos de oito dias para o primeiro turno das eleições, o eleitor deve lembrar de conferir o local de votação, uma vez que sua seção pode ter mudado de endereço desde o último pleito, alerta o Tribunal Superior Eleitoral (TSE). No caso dos eleitores de primeira viagem, é preciso descobrir onde fica a zona e a seção eleitorais que constam em seu título. Para os mais antigos, o mais comum é que o endereço de votação permaneça o mesmo por sucessivas eleições. Ainda assim, a Justiça Eleitoral alerta que mesmo poucas alterações podem afetar milhares de eleitores, dado o universo de 158,7 milhões de cidadãos aptos a votar. Somente no estado do Rio de Janeiro, por exemplo, as mudanças afetam ao menos 670 mil eleitores, com alteração em 277 locais de votação, 72 dos quais foram modificados por motivos de segurança. A Justiça Eleitoral de 10 estados e do Distrito Federal anunciou alterações em endereços das seções eleitorais. Os 27 tribunais regionais eleitorais costumam manter em seus portais uma lista completa das mudanças. O eleitor deve acessar o seu TRE local e verificar avisos sobre o tema. Além disso, o TSE liberou desde 1º de setembro a consulta ao endereço do local de votação diretamente no aplicativo do e-Título, disponível para aparelhos com sistema operacional Android e iOS .  A informação pode ser acessada de duas formas: Pelo aplicativo e-Título: Na tela inicial do aplicativo, clique em “onde votar”. Pelo Portal do TSE: Acesse a área ""Serviços Eleitorais"" e selecione ""Onde votar"". Informe o número do CPF ou do título de eleitor, a data de nascimento e o nome da mãe. O eleitorado brasileiro está distribuído em 5.571 municípios, além de 186 cidades no exterior. A votação ocorrerá em 517.206 seções eleitorais, organizadas em 2.641 zonas eleitorais."	Agência Brasil	politica	False
https://agenciabrasil.ebc.com.br/politica/noticia/2026-09/confira-como-foi-sexta-feira-25-dos-presidenciaveis	2026-09-25	Confira como foi a sexta-feira (25) dos presidenciáveis	Candidatos participaram de encontros com trabalhadores e empresários	"A agenda dos presidenciáveis nesta sexta-feira (25) incluiu caminhadas, carreatas, panfletagens e encontros com apoiadores. Também estão previstos debates, roda de conversa com trabalhadores, evento cultural, culto religioso e jantar com empresários. Hertz Dias (PSTU) O candidato Hertz Dias fez campanha em Belo Horizonte (MG), onde fez panfletagens na Santa Casa de Misericórdia no Mercado Central, na PUC Coreu e em bairros da cidade. Ele defende a valorização da educação, com maior investimento público e respeito aos profissionais da área. “Os trabalhadores da educação precisam ser valorizados. Isso significa garantir o cumprimento da lei do piso, carreira, salários dignos e condições adequadas de trabalho. Educação de qualidade não se faz com cortes de verbas, precarização e desrespeito aos profissionais que estão todos os dias nas escolas”, disse. Leonardo Avalanche O candidato Leonardo Avalanche não divulgou agenda pública de campanha. Luiz Inácio Lula da Silva (PT) O candidato Luiz Inácio Lula da Silva participou de ato de campanha no Recife, pela manhã. Ele defendeu o fim das casas de apostas esportivas, as chamadas bets. “Tem muita gente doente por causa de jogo, tem muita gente endividada. Eu vou dizer para vocês, eu vou acabar com as bets”. Lula participou ainda de um jantar com empresários em São Paulo. Renan Santos (Missão) O candidato Renan Santos fez campanha em Franca (SP) e em Uberaba e Uberlândia, ambas em Minas Gerais, onde conversou com seus apoiadores e fez comícios. Romeu Zema (Novo) O candidato Romeu Zema cumpriu agenda em cidades do interior de Minas Gerais. Ele concedeu entrevista à rádio Portal FM, em Extrema. Na mesma cidade, encontrou-se com apoiadores numa padaria. O candidato visitou o município de Cambuí, onde deu entrevista para uma rádio local e almoçou com apoiadores. Zema fez campanha na cidade de Ouro Fino. Ronaldo Caiado  (PSD) O candidato Ronaldo Caiado fez campanha em Goiás, onde participou de carreatas nos municípios de Quirinópolis, Itumbiara e Catalão e reuniu-se com apoiadores em Goiânia. Caiado defendeu a renegociação de dívidas e maiores subsídios para o agronegócio, incluindo seguro para mitigar efeitos das mudanças climáticas. ""Como presidente da República eu saberei, primeiro, propor uma renegociação capaz de resgatar o setor, depois garantir um seguro rural, para que não fique nas costas do produtor rural os riscos, principalmente em momentos como esse, com a ameaça desse El Niño, de proporções maiores ainda”, afirmou. Rui Costa Pimenta (PCO) O candidato Rui Costa Pimenta concedeu entrevista a Luiz Bacci e participou de entrevista na PlayTV, com Bob Navarro. Samara Martins (UP) A candidata Samara Martins não teve agenda pública de campanha. Wilson Grassi (Democrata) O candidato Wilson Grassi não teve agenda pública de campanha. Augusto Cury (Avante) O candidato Augusto Cury fez campanha no bairro de Boa Viagem, na zona sul do Recife, onde conversou com eleitores. Em entrevista à imprensa, ele defendeu maior taxação das bets, a quem atribuiu o maior endividamento das famílias. “As bets, com seu efeito rápido e curto, também geram dependência. Nós precisamos ou terminar com as bets, ou taxá-las de maneira concreta, grande. Porque hoje elas estão taxadas em 12%, os alimentos, em 18%, e os remédios, em 32%, bem como a energia”, afirmou. Clariana Barão (DC) A candidata Clariana Barão não teve agenda pública de campanha. Edmilson Costa (PCB) No Rio de Janeiro, o candidato Edmilson Costa participou de roda de conversa sobre os desafios da classe trabalhadora em Seropédica e de debate promovido pelo Movimento Nacional de Luta pela Moradia, no centro do Rio de Janeiro. Nas redes sociais, divulgou vídeo gravado reafirmando o compromisso com a luta do povo palestino. ""Condenamos, com toda firmeza, o genocídio contra a população de Gaza. Diante da destruição, da fome, do deslocamento forçado e da morte de milhares de civis, o silêncio não é opção"", afirmou. Flávio Bolsonaro (PL) No Rio de Janeiro, o candidato Flávio Bolsonaro participou da Formatura Geral do Curso de Formação de Praças da Polícia Militar do Estado. Ele destacou que os policiais são peça fundamental ""para devolver as ruas ao povo brasileiro"".  Ele reafirmou que, se eleito, declarará guerra contra o crime organizado e os policiais serão essenciais. O candidato também se posicionou contra as apostas online e disse que, caso eleito, ""vai estar proibido o jogo do Tigrinho, vai estar proibido o cassino online"". A ordem de apresentação da cobertura da agenda dos candidatos a presidente segue rodízio diário em ordem alfabética. * Colaboraram Luciano Nascimento (São Luís), Marcelo Brandão (Brasília) e redações de São Paulo e Rio de Janeiro."	Agência Brasil	politica	False
https://agenciabrasil.ebc.com.br/politica/noticia/2026-09/meta-desabilitou-anuncios-do-perfil-de-lula-no-facebook	2026-09-25	Meta desabilitou anúncios do perfil de Lula no Facebook	Página foi normalizada no mesmo dia, mas bigtech não se manifestou	A empresa Meta - dona do Facebook, WhatsApp e Instagram – desabilitou os anúncios do perfil do candidato à presidência Luiz Inácio Lula da Silva (PT) no Facebook a 10 dias do 1º turno da eleição. A direção da campanha entrou com recurso contra a Meta, alegando que o bloqueio não foi justificado. A conta de anúncios de Lula no Facebook foi normalizada no mesmo dia e a campanha do presidenciável aguarda manifestação da big tech para entender o que ocorreu. A Meta ainda não explicou o motivo do bloqueio temporário. Procurada pela Agência Brasil , a big tech não se manifestou até o fechamento desta reportagem. O incidente reforçou o discurso de aliados de Lula de que as empresas sediadas nos Estados Unidos (EUA) trabalham a favor dos adversários políticos do PT. Logo após Trump assumir o controle da Casa Branca pela segunda vez, em janeiro de 2025, o dono da Meta, o empresário Mark Zuckerberg, foi às redes sociais anunciar o alinhamento da companhia com o novo governo em Washington. “Vamos trabalhar com o presidente Trump para pressionar os governos ao redor do mundo que estão perseguindo empresas americanas”, afirmou Mark Zuckerberg . A regulação das big techs no Brasil é defendida pelo atual governo brasileiro, gerando tensões com as gigantes da tecnologia e com o governo de Donald Trump, que tem criticado países ou governos que buscam regular as plataformas digitais e criar regras para evitar a prática de crimes no ambiente digital.	Agência Brasil	politica	False
https://agenciabrasil.ebc.com.br/politica/noticia/2026-09/veja-quem-ira-concorrer-ao-governo-do-estado-no-piaui	2026-09-25	Veja quem irá concorrer ao governo do estado no Piauí	Estado tem 2,7 milhões de pessoas aptas a votar	Dez candidatos concorrem ao governo do Piauí nas eleições deste ano. No estado, 2.708.160 eleitores estão aptos a votar. Desse total, 52% são mulheres e 48% homens. Entre os eleitores que declararam cor/raça, 69,86% são pardos, 17,47% são brancos, 11,64% são pretos, 0,88% é amarelo e 0,14%, indígena. O primeiro turno será realizado no dia 4 de outubro , quando serão votados candidatos a deputado federal, estadual, dois senadores, governador e presidente da República, esses dois últimos incluindo seus vices. A chapa de senador é composta por um titular e dois suplentes. O segundo turno está marcado para o dia 25 e pode ocorrer na disputa para os cargos de governador e presidente. Os eleitores voltarão às urnas se nenhum dos candidatos conquistar mais de 50% dos votos válidos, excluindo brancos e nulos, no primeiro turno. Conheça os candidatos ao governo do Piauí. A lista está em ordem alfabética, de acordo com o nome na urna. Dra. Lúcia Santos - Lúcia Maria de Sousa Aguiar dos Santos (PSDB) Elizeu Aguiar - Elizeu Morais de Aguiar (Novo) Geraldo Carvalho - Geraldo do Nascimento Carvalho (PSTU) Joel Rodrigues - Joel Rodrigues da Silva (PP) Lourdes Melo - Maria de Lourdes Soares Melo (PCO) Professor Gisvaldo - Gisvaldo Oliveira da Silva (PSOL) Professor Jurity - Francisco José Martins Jurity (DC) Rafael Fonteles - Rafael Tajra Fonteles (PT) Ravenna da Inclusão - Ravenna de Castro Lima Azevedo (Democrata) Santiago Belizário - José Santiago Belizário (UP)	Agência Brasil	politica	False
https://agenciabrasil.ebc.com.br/politica/noticia/2026-09/rio-grande-do-norte-tem-oito-candidatos-governador-conheca	2026-09-25	Rio Grande do Norte tem oito candidatos a governador; conheça	Estado tem quase 2,7 milhões de pessoas aptas a votar	Oito candidatos concorrem ao governo do Rio Grande do Norte nas eleições deste ano. No estado, 2.660.565 eleitores estão aptos a votar. Desse total, 53% são mulheres e 47% homens. Entre os eleitores que declararam cor/raça, 58,2% são pardos, 32,53% são brancos e 8,43%, pretos. Amarelos e indígenas não chegam a 1%. O primeiro turno será realizado no dia 4 de outubro , quando serão votados candidatos a deputado federal, estadual, dois senadores, governador e presidente da República, esses dois últimos incluindo seus vices. A chapa de senador é composta por um titular e dois suplentes. O segundo turno está marcado para o dia 25 e pode ocorrer na disputa para os cargos de governador e presidente. Os eleitores voltarão às urnas se nenhum dos candidatos conquistar mais de 50% dos votos válidos, excluindo brancos e nulos, no primeiro turno. Conheça os candidatos ao governo do Rio Grande do Norte. A lista está em ordem alfabética, de acordo com o nome na urna. Allyson - Allyson Leandro Bezerra Silva (União) Álvaro Dias - Álvaro Costa Dias (PL) Arinalda do MLB - Arinalda Vasconcelos de Medeiros (UP) Cadu de Lula - Carlos Eduardo Xavier (PT) Dário Barbosa - Dario Barbosa de Melo (PSTU) Henrique Lyra - Henrique Othon Costa de Lyra (PCO) Professor Roberio Paulino - Roberio Paulino Rodrigues (PSOL) Rodrigo Bolsonaro - Karlo Rodrigo Lucio Vieira (AGIR)	Agência Brasil	politica	False
https://agenciabrasil.ebc.com.br/politica/noticia/2026-09/veja-quem-esta-na-disputa-pelo-governo-do-estado-em-sergipe	2026-09-25	Veja quem está na disputa pelo governo do estado em Sergipe	Sergipanos são o menor eleitorado do Nordeste	Seis candidatos concorrem ao governo de Sergipe nas eleições deste ano. No estado, 1.740.124 eleitores estão aptos a votar. Desse total, 53% são mulheres e 47% homens. Entre os eleitores que declararam cor/raça, 66,75% são pardos, 19,66% são brancos e 12,76%, pretos. Amarelos e indígenas não somam 1%. O primeiro turno será realizado no dia 4 de outubro , quando serão votados candidatos a deputado federal, estadual, dois senadores, governador e presidente da República, esses dois últimos incluindo seus vices. A chapa de senador é composta por um titular e dois suplentes. O segundo turno está marcado para o dia 25 e pode ocorrer na disputa para os cargos de governador e presidente. Os eleitores voltarão às urnas se nenhum dos candidatos conquistar mais de 50% dos votos válidos, excluindo brancos e nulos, no primeiro turno. Conheça os candidatos ao governo de Sergipe. A lista está em ordem alfabética, de acordo com o nome na urna. Dr. Helton - José Helton Silva Monteiro (PSOL) Emanuel Cacho - Emanuel Messias Oliveira Cacho (PSDB) Fábio - Fábio Cruz Mitidieri (PSD) Ricardo Marques - Jose Ricardo Marques dos Santos (PL) Taty Cristina de Jesus - Tatiana Cristina Santos de Jesus (DC) Valmir de Francisquinho - Valmir dos Santos Costa (Republicanos)	Agência Brasil	politica	False
https://agenciabrasil.ebc.com.br/politica/noticia/2026-09/saiba-quem-disputa-o-governo-estadual-em-pernambuco	2026-09-25	Saiba quem disputa o governo estadual em Pernambuco	Estado tem 7,2 milhões de pessoas aptas a votar	Sete candidatos concorrem ao governo de Pernambuco nas eleições deste ano. No estado, 7.225.744 eleitores estão aptos a votar. Desse total, 54% são mulheres e 46% homens. Entre os eleitores que declararam cor/raça, 62,34% são pardos, 26,28% são brancos, 9,27% são pretos, 1,69% é indígena e 0,41%, amarelo. O primeiro turno será realizado no dia 4 de outubro , quando serão votados candidatos a deputado federal, estadual, dois senadores, governador e presidente da República, esses dois últimos incluindo seus vices. A chapa de senador é composta por um titular e dois suplentes. O segundo turno está marcado para o dia 25 e pode ocorrer na disputa para os cargos de governador e presidente. Os eleitores voltarão às urnas se nenhum dos candidatos conquistar mais de 50% dos votos válidos, excluindo brancos e nulos, no primeiro turno. Conheça os candidatos ao governo de Pernambuco. A lista está em ordem alfabética, de acordo com o nome na urna. Guilherme Fonseca - Guilherme Fonseca (PSTU) Ivan Moraes - Ivan Vasconcellos de Moraes Filho (PSOL) João Campos - João Henrique de Andrade Lima Campos (PSB) Professora Camila - Maria Camila da Silva Falcão (UP) Raquel Lyra - Raquel Teixeira Lyra Lucena (PSD) Renan - Renan Lucio Sant Anna Hallais (Missão) Victor Assis - Victor Assis da Silva (PCO)	Agência Brasil	politica	False
https://agenciabrasil.ebc.com.br/politica/noticia/2026-09/eleitores-do-maranhao-tem-oito-candidatos-governador-conheca	2026-09-25	Eleitores do Maranhão têm oito candidatos a governador; conheça	Estado tem cerca de 5,2 milhões de pessoas aptas a votar	Oito candidatos concorrem ao governo de Maranhão nas eleições deste ano. No estado, 5.186.562 eleitores estão aptos a votar. Desse total, 52% são mulheres e 48% homens. Entre os eleitores que declararam cor/raça, 74,61% são pardos, 13,13% são brancos, 10,88% são pretos, 0,88% é indígena e 0,5%, amarelo. O primeiro turno será realizado no dia 4 de outubro, quando serão votados candidatos a deputado federal, estadual, dois senadores, governador e presidente da República, esses dois últimos incluindo seus vices. A chapa de senador é composta por um titular e dois suplentes. O segundo turno está marcado para o dia 25 e pode ocorrer na disputa para os cargos de governador e presidente. Os eleitores voltarão às urnas se nenhum dos candidatos conquistar mais de 50% dos votos válidos, excluindo brancos e nulos, no primeiro turno. Conheça os candidatos ao governo de Maranhão. A lista está em ordem alfabética, de acordo com o nome na urna. André Luís - André Luís Caetano dos Santos (Missão) Dimas Cassimiro - Dimas Cassimiro do Nascimento (PCO) Eduardo Braide - Eduardo Salim Braide (PSD) Felipe Camarão - Felipe Costa Camarão (PT) Orleans Brandão - Carlos Orleans Braide Brandão (MDB) Reginaldo Lima - Reginaldo Lima Brauno (PCB) Roberto Rocha - Roberto Coelho Rocha (PRTB) Saulo Arcangeli - Saulo Costa Arcangeli (PSTU)	Agência Brasil	politica	False
https://agenciabrasil.ebc.com.br/politica/noticia/2026-09/confira-agenda-dos-presidenciaveis-nesta-sexta-feira-25	2026-09-25	Confira a agenda dos presidenciáveis nesta sexta-feira (25)	Candidatos participam de atos, carreatas e encontros nesta sexta	A agenda dos presidenciáveis nesta sexta-feira (25) inclui caminhadas, carreatas, panfletagens e encontros com apoiadores. Também estão previstos debates, roda de conversa com trabalhadores, evento cultural, culto religioso e jantar com empresários. Renan Santos (Missão) Participa de encontro com apoiadores em cidades de São Paulo e Minas Gerais: Franca (SP), Uberaba (MG) e Uberlândia (MG). Romeu Zema (Novo) Às 9h,participa de entrevista ao vivo para a rádio Portal FM, de Extrema (MG). Às 9h30, tem encontro com apoiadores na Padaria Doçura Maluca, em Extrema/MG. Às 11h, concede entrevista ao vivo para a rádio Cidade 100.7 FM, de Cambuí (MG). Às 11h45, tem almoça com apoiadores e a prefeita de Cambuí-MG, no Churrasco na Braza. Às 14h30, encontra apoiadores em Ouro Fino (MG). Ronaldo Caiado  (PSD) Participa de carreatas nos municípios de Quirinópolis (GO), Itumbiara (GO) e Catalão (GO). À noite, faz reunião com apoiadores em Goiânia (GO). Rui Costa Pimenta (PCO) Às 16h40, concede entrevista a Luiz Bacci. Às 20h, participa de entrevista na PlayTV, com Bob Navarro. Augusto Cury (Avante) Cumpre agenda em Recife (PE) e em Salvador (BA), onde participa de culto da Igreja Batista Lírio dos Vales. Edmilson Costa (PCB) Participa de roda de conversa sobre os desafios da classe trabalhadora em Seropédica (RJ). À noite, participa de debate promovido pelo Movimento Nacional de Luta pela Moradia, no centro do Rio de Janeiro Flávio Bolsonaro (PL) No Rio de Janeiro (RJ), participa da Formatura Geral do Curso de Formação de Praças da Polícia Militar do Estado. À noite, participa do Jaguariúna Rodeo Festival, em Jaguariúna (SP). Hertz Dias (PSTU) Em Belo Horizonte (MG), faz panfletagens na Santa Casa de Misericórdia no Mercado Central, na PUC Coreu e na rua Sapucaí, bairro Floresta Luiz Inácio Lula da Silva (PT) Participa de caminhada Recife, com concentração no Cais de Santa Rita, próximo à antiga ponte Giratória, seguindo até o Marco Zero. À noite, ele participa de jantar com empresários em São Paulo Os candidatos Clariana Barão (DC), Samara Martins (UP) e Wilson Grassi (Democrata) não têm agenda pública de campanha nesta sexta-feira. O candidato Leonardo Avalanche (PRTB) não divulgou agenda pública de campanha até o momento desta publicação. A ordem de apresentação da cobertura da agenda dos candidatos a presidente segue rodízio diário em ordem alfabética.	Agência Brasil	politica	False
https://agenciabrasil.ebc.com.br/politica/noticia/2026-09/confira-quem-sao-os-seis-candidatos-governador-da-paraiba	2026-09-25	Confira quem são os seis candidatos a governador da Paraíba	Estado tem 3,2 milhões de pessoas aptas a votar	Seis candidatos concorrem ao governo da Paraíba nas eleições deste ano. No estado, 3.247.397 eleitores estão aptos a votar. Desse total, 53% são mulheres e 47% homens. Entre os eleitores que declararam cor/raça, 62,05% são pardos, 29,15% são brancos, 7,6% são pretos, 0,68% é indígena e 0,52%, amarelo. O primeiro turno será realizado no dia 4 de outubro, quando serão votados candidatos a deputado federal, estadual, dois senadores, governador e presidente da República, esses dois últimos incluindo seus vices. A chapa de senador é composta por um titular e dois suplentes. O segundo turno está marcado para o dia 25 e pode ocorrer na disputa para os cargos de governador e presidente. Os eleitores voltarão às urnas se nenhum dos candidatos conquistar mais de 50% dos votos válidos, excluindo brancos e nulos, no primeiro turno. Conheça os candidatos ao governo da Paraíba. A lista está em ordem alfabética, de acordo com o nome na urna. Camilo Duarte - Camilo Sobreira Duarte Filho (PCO) Cícero Lucena - Cícero de Lucena Filho (MDB) Efraim Filho - Efraim de Araújo Morais Filho (PL) Lucas Ribeiro - Lucas Ribeiro Novais de Araújo (PP) Pedro Coutinho - Pedro Jorge Coutinho Guerra (DC) Yuri Ezequiel - Yuri Ezequiel de Lima Silva (UP)	Agência Brasil	politica	False
https://agenciabrasil.ebc.com.br/politica/noticia/2026-09/conheca-os-seis-candidatos-governador-da-bahia	2026-09-25	Conheça os seis candidatos a governador da Bahia	Estado tem o maior eleitorado da região Nordeste	Seis candidatos concorrem ao governo da Bahia nas eleições deste ano. No estado, 11.321.005 eleitores estão aptos a votar. Desse total, 53% são mulheres e 47% homens. Entre os eleitores que declararam cor/raça, 59,61% são pardos, 23,47% são pretos, 15,9% são brancos, 0,52% é indígena e 0,5%, amarelo. O primeiro turno será realizado no dia 4 de outubro , quando serão votados candidatos a deputado federal, estadual, dois senadores, governador e presidente da República, esses dois últimos incluindo seus vices. A chapa de senador é composta por um titular e dois suplentes. O segundo turno está marcado para o dia 25 e pode ocorrer na disputa para os cargos de governador e presidente. Os eleitores voltarão às urnas se nenhum dos candidatos conquistar mais de 50% dos votos válidos, excluindo brancos e nulos, no primeiro turno. Conheça os candidatos ao governo da Bahia. A lista está em ordem alfabética, de acordo com o nome na urna. ACM Neto - Antonio Carlos Peixoto de Magalhães Neto (União) Ariel Capistrano - Ariel da Silva Capistrano (DC) Aroldo Felix - Aroldo Felix de Azevedo Junior (UP) Jerônimo Rodrigues - Jerônimo Rodrigues Souza (PT) Maria Bona - Maria Bona Carrara de Sumbuy (PCO) Ronaldo Mansur - Ronaldo Mansur Santos Silva (Psol)	Agência Brasil	politica	False
https://agenciabrasil.ebc.com.br/politica/noticia/2026-09/exercito-simula-defesa-cibernetica-no-brasil-vesperas-da-eleicao	2026-09-25	Exército simula defesa cibernética no Brasil às vésperas da eleição	Abin e especialistas têm apontado riscos de interferência estrangeira	"O Exército brasileiro coordenou, entre os dias 21 e 25 de setembro, a oitava edição do evento Guardião Cibernético às vésperas da eleição presidencial. A ação veio em meio aos alertas, tanto de especialistas, quando da Agência Brasileira de Inteligência (Abin), para possíveis interferências estrangeiras no pleito brasileiro. O evento do Exército reuniu 1,3 mil participantes em Brasília e outras seis capitais do país, como São Paulo, Recife, Curitiba e Manaus. A simulação contou com cerca de 300 organizações e representantes de 14 países . Classificado como “um dos mais abrangentes treinamentos de defesa cibernética do Hemisfério Sul”, o encontro simulou ameaças digitais com objetivo de treinar a cooperação entre instituições públicas e privadas para casos de ataques cibernéticos que possam afetar serviços essenciais à população . “Durante o exercício, foram reproduzidos cenários de ataques cibernéticos complexos e coordenados, permitindo testar procedimentos, aperfeiçoar planos de contingência e identificar soluções para ampliar a resiliência nacional”, afirmou o Exército, em nota . A iniciativa reuniu, além das Forças Armadas, órgãos governamentais, entidades reguladoras e operadores de infraestruturas críticas dos setores de energia, abastecimento de água, telecomunicações, finanças, entre outros. Na semana passada, um relatório da Abin divulgado pela Folha de São Paulo, e confirmado pela TV Brasil , alertou para risco de influência ou interferência dos Estados Unidos (EUA) nas eleições brasileiras de 2026. Elaborado em agosto deste ano, o documento classifica a possibilidade de interferência externa com um ""nível de criticidade"" e contextualiza o problema dizendo que ""a reafirmação da hegemonia dos EUA na América Latina” é prioridade do segundo governo do presidente norte-americano Donald Trump. Analistas consultados pela Agência Brasil têm alertado para o risco de ação cibernética dos EUA ou de bigtechs com objetivo de influenciar as eleições gerais de outubro, o que poderia desestabilizar sistemas informáticos e computacionais. No dia 12 de agosto, a Casa Branca publicou memorando prevendo parceria com empresas privadas para ações que envolvem “acesso a tais sistemas de informação sem autorização do proprietário ou operador ou excedendo o acesso autorizado”. Nesta semana, a Austrália denunciou uma invasão em site com estatísticas de saúde pública do país pela Open IA, dona do ChatGPT, uma das principais companhias de Inteligência Artificial do mundo."	Agência Brasil	politica	False
https://agenciabrasil.ebc.com.br/politica/noticia/2026-09/sarney-e-internado-no-sirio-libanes-para-tratar-pneumonia	2026-09-25	Sarney é internado no Sírio-Libanês para tratar pneumonia	Ex-presidente partiu de São Luís para São Paulo	O ex-presidente da República José Sarney foi internado nessa quinta-feira (24) no Hospital Sírio-Libanês , em São Paulo, para tratar um quadro de pneumonia bacteriana. De acordo com boletim médico, Sarney passa por avaliação clínica e continuidade do tratamento para pneumonia, já que o quadro vinha sendo acompanhado em São Luís . O quadro clínico do ex-presidente, de acordo com o hospital, é considerado estável. Os cuidados são coordenados pelo médico Roberto Kalil Filho. Escritor e político, José Sarney foi o primeiro presidente da República da era da redemocratização, entre 1985 e 1990. Depois disso, foi senador por três mandatos, entre 1991 e 2015. Saiba mais no Repórter Brasil Tarde, da TV Brasil	Agência Brasil	politica	False
https://agenciabrasil.ebc.com.br/politica/noticia/2026-09/ceara-tem-oito-candidatos-governador-veja-quais-sao	2026-09-25	Ceará tem oito candidatos a governador, veja quais são	Estado tem quase 7 milhões de pessoas aptas a votar	Oito candidatos concorrem ao governo do Ceará nas eleições deste ano. No estado, 6.998.494 eleitores estão aptos a votar. Desse total, 53% são mulheres e 47% homens. Entre os eleitores que declararam cor/raça, 69,53% são pardos, 22,94% são brancos, 6,65% pretos, 0,5% é amarelo e 0,38%, indígena. O primeiro turno será realizado no dia 4 de outubro , quando serão votados candidatos a deputado federal, estadual, dois senadores, governador e presidente da República, esses dois últimos incluindo seus vices. A chapa de senador é composta por um titular e dois suplentes. O segundo turno está marcado para o dia 25 e pode ocorrer na disputa para os cargos de governador e presidente. Os eleitores voltarão às urnas se nenhum dos candidatos conquistar mais de 50% dos votos válidos, excluindo brancos e nulos, no primeiro turno. Conheça os candidatos ao governo do Ceará. A lista está em ordem alfabética, de acordo com o nome na urna. Ciro Gomes - Ciro Ferreira Gomes (PSDB) Danilo Soares - Danilo Soares Sousa (Democrata) Delegado Huggo - Huggo Leonardo de Lima Anastacio (Missão) Elmano de Freitas - Elmano de Freitas da Costa (PT) Ieri Braga - Ieri de Sousa Braga Junior (PCO) Serley Leal - Serley de Souza Leal (UP) Vera Lúcia - Vera Lucia da Silva (Novo) Zé Batista - Jose Batista Neto (PSTU)	Agência Brasil	politica	False
https://agenciabrasil.ebc.com.br/politica/noticia/2026-09/eleicoes-2026-saiba-quem-sao-os-candidatos-governador-de-alagoas	2026-09-25	Eleições 2026: saiba quem são os candidatos a governador de Alagoas	Estado tem 2,4 milhões de pessoas aptas a votar este ano	Quatro candidatos concorrem ao governo de Alagoas nas eleições deste ano. No estado, 2.441.794 eleitores estão aptos a votar. Desse total, 53% são mulheres e 47% são homens. Entre os eleitores que declararam cor/raça, 70,85% são pardos, 19,93% são brancos, 7,81% pretos, 0,89% é indígena e 0,52%, amarelo. O primeiro turno será realizado no dia 4 de outubro, quando serão votados candidatos a deputado federal, estadual, dois senadores, governador e presidente da República, esses dois últimos incluindo seus vices. A chapa de senador é composta por um titular e dois suplentes. O segundo turno está marcado para o dia 25 de outubro e pode ocorrer na disputa para os cargos de governador e presidente. Os eleitores voltarão às urnas se nenhum dos candidatos conquistar mais de 50% dos votos válidos, excluindo brancos e nulos, no primeiro turno. Conheça os candidatos ao governo de Alagoas. A lista está em ordem alfabética, de acordo com o nome na urna. JHC - João Henrique Holanda Caldas (PSDB) Lenilda Luna - Lenilda Luna de Almeida (UP) Márcio Jambo - Marcio Ferreira Jambo Sobrinho (DEMOCRATA) Renan Filho - José Renan Vasconcelos Calheiros Filho (MDB)	Agência Brasil	politica	False
https://agenciabrasil.ebc.com.br/politica/noticia/2026-09/veja-como-foi-quinta-feira-24-dos-presidenciaveis	2026-09-24	Veja como foi a quinta-feira (24) dos presidenciáveis	Candidatos participaram de carreata, entrevistas e panfletagens	"A agenda dos presidenciáveis nesta quinta-feira (24) incluiu entrevistas, debates, atos, encontros com apoiadores, além de visitas a instituições e espaços comerciais, carreata, coletiva de imprensa e panfletagens em diferentes cidades. Flávio Bolsonaro (PL) Em Minas Gerais, o candidato Flávio Bolsonaro participou de evento em Teófilo Otoni. Ele reafirmou que irá ""declarar guerra ao narcotráfico"" caso eleito. Outra proposta do candidato é reduzir a maioridade penal para ""fazer o Brasil prosperar de verdade"". Hertz Dias (PSTU) O candidato Hertz Dias fez ações de campanha e distribuição de panfletos em Belo Horizonte. Segundo ele, o Brasil é um dos países mais ricos do mundo em recursos naturais, mas ainda com desafios de acabar com o desemprego e a insegurança alimentar. ""Nós entendemos que é possível e é necessário reverter essa situação a partir da mobilização da classe trabalhadora"", afirmou. Leonardo Avalanche (PRTB) O candidato Leonardo Avalanche participou de programa no podcast Hóspedes do Hospício. Luiz Inácio Lula da Silva (PT) O candidato Luiz Inácio Lula da Silva participou de ato de campanha em Maceió. Lula defendeu investimentos em obras de infraestrutura, como a transposição do Rio São Francisco, e em escolas de tempo integral. ""Eu quero provar que a meninada brasileira não depende de ninguém. Não deixem seus filhos terem preguiça de ir para a escola. Não existe país no mundo que se desenvolveu sem antes investir na educação”, disse. Renan Santos (Missão) Nesta quinta-feira (24), o candidato Renan Santos fez campanha em três cidades do interior paulista: Piracicaba, São Carlos e Ribeirão Preto. Romeu Zema (Novo) O candidato Romeu Zema deu entrevista para a rádio Jovem Pan Campinas (SP) e fez uma caminhada pelas ruas do centro da cidade de Holambra (SP). Ele visitou Jaguariúna (SP), onde foi ao Centro de Referência do Autismo. Ronaldo Caiado  (PSD) O candidato Ronaldo Caiado cumpriu agenda de campanha em Goiânia, onde participou de caminhada na cidade. Ele ainda concedeu entrevista ao Programa Primeira Hora, da Rádio Acústica (RS). Ele esteve em carreata em Senador Canedo (GO). Rui Costa Pimenta (PCO) O candidato Rui Costa Pimenta participou do programa Análise Internacional, transmitido pelo canal Diário Causa Operária no YouTube. Samara Martins (UP) A candidata Samara Martins não teve agenda pública de campanha. Wilson Grassi (Democrata) O candidato Wilson Grassi não teve agenda pública de campanha. Augusto Cury (Avante) O candidato Augusto Cury esteve em Cuiabá, onde visitou a Casa Cury e o Shopping Popular. Foi também a Porto Velho para uma carreata e visitou a sede do partido em Manaus. “É uma região que precisa ser cuidada com muito carinho e muita responsabilidade. Tanto para preservar o meio ambiente, quanto para preservar a produção agrícola e industrial”, disse sobre a região Amazônica. Clariana Barão (DC) A candidata Clariana Barão concedeu entrevista ao portal Pleno News. Ela defendeu medidas mais rígidas para o combate à violência contra a mulher. ""Vou trabalhar incansavelmente para que agressor de mulher não passe nem por audiência de custódia. A grande chave que liberta a mulher da violência doméstica é a independência financeira"", disse. Edmilson Costa (PCB) O candidato Edmilson Costa participa de debate sobre o Programa Anticapitalista e Anti-imperialista para o Brasil do PCB no Rio de Janeiro. A ordem de apresentação da cobertura da agenda dos candidatos a presidente segue rodízio diário em ordem alfabética. * Colaboraram Luciano Nascimento (São Luís) e redações do Rio de Janeiro e de São Paulo"	Agência Brasil	politica	False
https://agenciabrasil.ebc.com.br/politica/noticia/2026-09/parlamentares-dos-eua-criticam-acoes-de-trump-nas-eleicoes-do-brasil	2026-09-24	Parlamentares dos EUA criticam ações de Trump nas eleições do Brasil	Partido democrata envia carta para secretário de Estado do país	Parlamentares dos Estados Unidos enviaram uma carta ao secretário de Estado do país, Marco Rubio, afirmando que o governo de Donald Trump não pode interferir nas eleições do Brasil. A carta foi assinada por 31 parlamentares do partido democrata, de oposição a Trump, e encaminhada a Rubio nesta quinta-feira (24). Os democratas falam em um “esforço coordenado do governo [de Donald Trump] para ameaçar nossa aliança estratégica com o Brasil e enfraquecer a segunda maior democracia do Hemisfério Ocidental às vésperas da eleição presidencial de outubro de 2026”. Na carta, os democratas acusam o governo Trump de tomar uma série de medidas para tentar garantir a vitória de Flávio Bolsonaro, candidato da extrema direita e alinhado politicamente com Trump. Entre essas medidas estariam a imposição de tarifas a produtos brasileiros para evitar a condenação de Jair Bolsonaro, pai de Flávio, por golpe de Estado. O ex-presidente foi condenado a mais de 27 anos de prisão. Atualmente, cumpre prisão domiciliar. Também citaram a indicação de Darren Beattie como assessor sênior para assuntos relativos ao Brasil. Segundo os democratas, Beattie é um “conhecido extremista de direita e supremacista branco”. Ele tentou vir ao Brasil em março para visitar Jair Bolsonaro, mas teve sua entrada no país negada. Os parlamentares compararam o comportamento da gestão Joe Biden diante das eleições brasileiras de 2022, quando houve apoio ao sistema eleitoral e reconhecimento do resultado obtido nas urnas. “Em vez de ajudar a defender a democracia brasileira, os Estados Unidos atuam como agentes de interferência e desestabilização, exercendo pressão diplomática, econômica e política de maneiras que podem enfraquecer as instituições democráticas do país, minar a confiança no processo eleitoral brasileiro e causar danos adicionais à nossa relação com um aliado estratégico e parceiro comercial dos Estados Unidos”, acrescentaram. A carta afirmou que as ações do governo estadunidense “refletem um amplo e profundamente preocupante padrão de interferência da administração Trump nos recentes processos eleitorais na América Latina”. E citaram as recentes eleições na Colômbia e em Honduras, bem como as eleições de meio de mandato na Argentina, governada por Javier Milei. Além disso, os parlamentares pediram explicações em relação a várias medidas do governo dos Estados Unidos em relação ao Brasil. Entre elas: Na carta, eles também pedem que o governo dos EUA se comprometa a respeitar o processo eleitoral do Brasil e reconhecer o resultado das urnas, além de manter “relações diplomáticas normais” com o candidato eleito, seja ele quem for. Saiba mais no Repórter Brasil Tarde, da TV Brasil Em seu discurso na Assembleia Geral das Nações Unidas , nesta terça-feira (22), o presidente Luiz Inácio Lula da Silva defendeu a soberania dos países e citou tentativas de influência estrangeira sobre processos políticos nacionais, sobretudo na América Latina e no Caribe. “Voltamos a presenciar a ingerência externa em processos eleitorais, a divisão do mundo em zonas de influência e investidas neocoloniais com recursos estratégicos constituem gestos anacrônicos”, disse, ao citar contextos recentes registrados na Venezuela, na Nicarágua, no Haiti e em Cuba.	Agência Brasil	politica	False
https://agenciabrasil.ebc.com.br/politica/noticia/2026-09/flavio-usou-jatinho-ligado-vorcaro-em-viagem-em-2025-diz-revista	2026-09-24	Flávio usou jatinho ligado a Vorcaro em viagem em 2025, diz revista	Aeronave é a mesma que foi usada depois por Alexandre de Moraes	Reportagem publicada nesta quarta-feira (23) pela revista piauí revelou que o candidato do PL à presidência da República, Flávio Bolsonaro, viajou em janeiro de 2025 em um jato executivo ligado ao ex-banqueiro Daniel Vorcaro, investigado nas fraudes relacionadas ao Banco Master. O voo ocorreu entre Fort Lauderdale, nos Estados Unidos, e Brasília. De acordo com a matéria, a viagem de Flávio foi feita em família, com a mulher Fernanda Antunes Figueira Bolsonaro, e as duas filhas do casal. Entre os passageiros estava o advogado e empresário Willer Tomaz, que é amigo do presidenciável. Willer é investigado no esquema de desvios bilionários do INSS. Após a divulgação da reportagem, Flávio Bolsonaro comentou o caso em uma publicação nas redes sociais, em tom de ironia. “Ainda bem que na época o avião era de Willer. Imagina se fosse agora, eu teria viajado no avião de Alexandre de Moraes”, escreveu. O jato citado pela revista é um Legacy 650 operado pela empresa Prime You, que teve Daniel Vorcaro entre seus sócios. De acordo com a reportagem, trata-se da mesma aeronave utilizada posteriormente pelo ministro do Supremo Tribunal Federal (STF), Alexandre de Moraes . A revista piauí relata ainda que a viagem ocorreu durante negociações para o financiamento do filme Dark Horse, cinebiografia de Jair Bolsonaro. Segundo a publicação, após retornar ao Brasil, Flávio Bolsonaro teria cobrado interlocutores para acelerar a liberação dos recursos prometidos ao projeto. Saiba mais no Repórter Brasil Tarde, da TV Brasil	Agência Brasil	politica	False
https://agenciabrasil.ebc.com.br/politica/noticia/2026-09/eleicoes-2026-veja-quem-sao-os-candidatos-ao-governo-de-rondonia	2026-09-24	Eleições 2026: veja quem são os candidatos ao governo de Rondônia	Disputa tem seis concorrentes ao cargo	Seis candidatos concorrem ao governo de Rondônia nas eleições de 2026. No estado, 1.267.105 eleitores estão aptos a votar. Desse total, 52% são mulheres e 48%, homens . Entre os eleitores que declararam cor/raça, 65,3% são pessoas pardas; 23,79%, brancas; 8,44%, pretas; 1,85%, indígenas; e 0,62%, amarelas. O primeiro turno das eleições ocorre no dia 4 de outubro. Em eventual segundo turno, os eleitores voltam às urnas em 25 de outubro. Serão escolhidos os chefes do Poder Executivo - presidente da República e governadores - e seu vices, além dos representantes para compor o Legislativo, tanto no âmbito federal como no estadual e distrital - senadores, deputados federais, deputados estaduais e distritais. Conheça os candidatos ao governo de Rondônia, em ordem alfabética de acordo com o nome que aparece na urna eletrônica: Adailton Furia - Adailton Antunes Ferreira (Gente que Gosta de Gente) Expedito Netto - Expedito Goncalves Ferreira Netto (Fé Rondônia) Hildon Chaves - Hildon de Lima Chaves (Rondônia com a Força do Trabalho e da União) Marcos Rogério - Marcos Rogerio da Silva Brito (Juntos por Rondônia) Pedro Abib - Pedro Abib Hecktheuer (Experiência Fé e Autoridade Rondônia Forte de Verdade - PDT/MDB) Samuel Costa - Samuel Costa Menezes (PSB)	Agência Brasil	politica	False
https://agenciabrasil.ebc.com.br/politica/noticia/2026-09/conheca-os-recursos-de-acessibilidade-que-ampliam-autonomia-na-votacao	2026-09-24	Conheça os recursos de acessibilidade que ampliam autonomia na votação	Eleitorado com deficiência cresce 42% nas eleições de 2026	Cerca de 1,97 milhão de eleitoras e eleitores com deficiência estão aptos a votar nas eleições de outubro, segundo dados do Tribunal Superior Eleitoral (TSE). O número representa crescimento de 42% em relação às eleições gerais de 2022, quando 1,38 milhão de pessoas com deficiência estavam inscritas para votar. Entre esse eleitorado, 319.489 pessoas declararam ter deficiência visual. Em 2022, eram 214.088, aumento de aproximadamente 49%. Para acompanhar o crescimento do eleitorado com deficiência, a Justiça Eleitoral ampliou o número de seções eleitorais principais com acessibilidade. Em 2022, eram 156.296. Para as eleições deste ano, são 220.577, alta de cerca de 41%. A ampliação da estrutura é acompanhada de recursos que buscam garantir maior autonomia no momento da votação. A aposentada Regina Célia Santos tem deficiência visual e nunca deixa de votar. Mesmo após perder a visão, há 14 anos, registrar o voto a cada eleição é, para ela, um compromisso com a cidadania. “A obrigação do brasileiro é exercer essa cidadania. Eu sempre alerto a todos que devem votar. Se a gente quer um país melhor, temos que tentar mudar as cadeiras”, disse Regina. Para eleitoras e eleitores com deficiência visual, a urna eletrônica oferece sistema de áudio, que pode ser utilizado com fone de ouvido descartável fornecido pela Justiça Eleitoral. O equipamento permite ouvir as informações apresentadas pela urna e acompanhar a votação. Também há identificação tátil da tecla 5, que serve como referência para a localização das demais teclas. As urnas contam ainda com teclado numérico com identificação em Braille e recursos de áudio para a leitura das teclas digitadas e dos nomes das candidaturas. Há também intérprete de Língua Brasileira de Sinais (Libras) na tela para auxiliar eleitoras e eleitores surdos. Durante uma visita ao Tribunal Regional Eleitoral do Rio de Janeiro (TRE-RJ), Regina conheceu os recursos disponíveis na urna e recebeu orientações sobre o funcionamento do sistema de áudio, inclusive sobre os comandos para aumentar e diminuir o volume. O secretário de Tecnologia da Informação do TRE-RJ, Michel Kovacs, explicou que eleitoras e eleitores com deficiência visual podem utilizar os recursos de áudio mesmo que não tenham informado previamente essa condição à Justiça Eleitoral. “Se a pessoa já estiver cadastrada, o áudio é habilitado automaticamente. O mesário nem precisa fazer nada, já fica registrado na urna e o áudio funciona automaticamente. Mas, se a pessoa não estiver cadastrada, basta informar ao mesário que o áudio será habilitado e o fone fornecido”, disse. Pessoas com deficiência ou mobilidade reduzida têm preferência para votar. A prioridade também se estende à pessoa acompanhante ou ao atendente pessoal, mesmo que essa pessoa esteja inscrita para votar em outra seção eleitoral. Eleitores com deficiência ou mobilidade reduzida podem escolher uma pessoa de confiança para auxiliar durante a votação, mesmo que não tenham feito uma solicitação antecipada à Justiça Eleitoral. A assistência deve ser registrada na ata da mesa receptora de votos. No caso de pessoas com deficiência visual, é permitido utilizar o alfabeto comum ou o sistema Braille para assinar o caderno de votação. Também é possível utilizar instrumento mecânico próprio ou fornecido pela mesa receptora. A Justiça Eleitoral assegurao ingresso e a permanência na seção eleitoral de pessoas acompanhadas por cão-guia. A ampliação das seções acessíveis e dos recursos tecnológicos faz parte das medidas adotadas pela Justiça Eleitoral para garantir que pessoas com deficiência possam exercer o direito ao voto com mais autonomia e segurança.	Agência Brasil	politica	False
https://agenciabrasil.ebc.com.br/politica/noticia/2026-09/sete-candidatos-concorrem-ao-governo-do-amazonas-veja-quem-sao	2026-09-24	Sete candidatos concorrem ao governo do Amazonas; veja quem são	No estado, 2.801.182 eleitores estão aptos a votar	Sete candidatos concorrem ao governo do Amazonas nas eleições de 2026. No estado, 2.801.182 eleitores estão aptos a votar. Desse total, 51% são mulheres e 49% homens . Entre os eleitores que declararam cor/raça, 75,93% são pessoas pardas; 10,53%, brancas; 9,27%, indígenas; 3,81%, pretas; e 0,46%, amarelas. O primeiro turno das eleições ocorre no dia 4 de outubro. Em eventual segundo turno, os eleitores voltam às urnas em 25 de outubro. Serão escolhidos os chefes do Poder Executivo - presidente da República e governadores - e seu vices, além dos representantes para compor o Legislativo, tanto no âmbito federal como no estadual e distrital - senadores, deputados federais, deputados estaduais e distritais. Conheça os candidatos ao governo do Amazonas, em ordem alfabética de acordo com o nome que aparece na urna eletrônica: Cabo Daciolo - Benevenuto Daciolo Fonseca dos Santos (Mobiliza) David Almeida - David Antônio Abisai Pereira de Almeida (Pra Cima Amazonas) Gilberto Vasconcelos - Gilberto Vasconcelos da Silva (PSTU) Isael Munduruku - Isael Franklin Gonçalves (Federação PSOL Rede) Omar Aziz - Omar Jose Abdelaziz (Força Amazonas) Professora Maria do Carmo - Maria do Carmo Seffair Lins de Albuquerque (Mudar É Urgente) Roberto Cidade - Roberto Maia Cidade Filho (União Pelo Amazonas)	Agência Brasil	politica	False
https://agenciabrasil.ebc.com.br/politica/noticia/2026-09/conheca-os-candidatos-ao-governo-do-amapa-nas-eleicoes-deste-ano	2026-09-24	Conheça os candidatos ao governo do Amapá nas eleições deste ano	Cinco candidatos concorrem ao cargo	Cinco candidatos concorrem ao governo do Amapá nas eleições de 2026. No estado, 577.534 eleitores estão aptos a votar. Desse total, 51% são mulheres e 49%, homens. Entre os eleitores que declararam cor/raça, 72,15% são pessoas pardas; 13,91%, brancas; 11,53%, pretas; 1,93%,indígenas; e 0,47%, amarelas. O primeiro turno das eleições ocorre no dia 4 de outubro. Em eventual segundo turno, os eleitores voltam às urnas em 25 de outubro. Serão escolhidos os chefes do Poder Executivo - presidente da República e governadores - e seu vices, além dos representantes para compor o Legislativo, tanto no âmbito federal como no estadual e distrital - senadores, deputados federais, deputados estaduais e distritais. Conheça os candidatos ao governo do Amapá, em ordem alfabética de acordo com o nome que aparece na urna eletrônica: Carlos Cley - Carlos Cley Ramos Paiva (PSTU) Clécio - Clécio Luís Vilhena Vieira (Juntos por Todo o Amapá) Delegado Marcos - Marcos José Reategui de Souza (DC) Dr. Furlan - Antonio Paulo de Oliveira Furlan (Trabalhar para Transformar o Amapá) Jairo Palheta - Jairo Palheta da Silva Marques (PCO)	Agência Brasil	politica	False
https://agenciabrasil.ebc.com.br/politica/noticia/2026-09/eleicoes-2026-saiba-quem-sao-os-candidatos-ao-governo-do-acre	2026-09-24	Eleições 2026: saiba quem são os candidatos ao governo do Acre	Estão na disputa seis candidatos	Seis candidatos concorrem ao governo do Acre nas eleições de 2026. No estado, 614.375 eleitores estão aptos a votar. Desse total, 52% são mulheres e 48%, homens . Entre os eleitores que declararam cor/raça, 72,28% são pessoas pardas; 14,53%, brancas; 8,29%, pretas; 4,34%, indígenas; e 0,89%, amarelas. O primeiro turno das eleições ocorre no dia 4 de outubro. Em eventual segundo turno, os eleitores voltam às urnas em 25 de outubro. Serão escolhidos os chefes do Poder Executivo - presidente da República e governadores - e seu vices, além dos representantes para compor o Legislativo, tanto no âmbito federal como no estadual e distrital - senadores, deputados federais, deputados estaduais e distritais. Conheça os candidatos ao governo do Acre, em ordem alfabética de acordo com o nome que aparece na urna eletrônica: Alan Rick - Alan Rick Miranda (Trabalho da Esperança) Dr. Luisinho - Francisco das Chagas Conceição Da Silva (Agir) Eudo Raffael - Eudo Raffael Lima da Silva (PCB) Mailza Assis - Mailza Assis Cameli (Avança Acre) Thor Dantas - Thor Oliveira Dantas (Frente Ampla pelo Acre) Tião Bocalom - Sebastião Bocalom Rodrigues (Produzir para Empregar)	Agência Brasil	politica	False
https://agenciabrasil.ebc.com.br/politica/noticia/2026-09/saiba-quais-sao-os-candidatos-na-disputa-ao-governo-de-roraima	2026-09-24	Saiba quais são os candidatos na disputa ao governo de Roraima	Cinco candidatos concorrem ao cargo de governador	Cinco candidatos concorrem ao governo de Roraima nas eleições de 2026. No estado, 401.496 eleitores estão aptos a votar. Desse total, 51% são mulheres e 49%, homens. Entre os eleitores que declararam cor/raça, 62,91% são pessoas pardas; 15,71%, indígenas; 14,67%, brancas; 6,27%, pretas; e 0,43%, amarelas. O primeiro turno das eleições está marcado para 4 de outubro. Se houver segundo turno, será no dia 25 de outubro. Serão escolhidos os chefes do Poder Executivo - presidente da República e governadores - e seu vices, além dos representantes para compor o Legislativo, tanto no âmbito federal como no estadual e distrital - senadores, deputados federais, deputados estaduais e distritais. Conheça os candidatos ao governo do Roraima, em ordem alfabética de acordo com o nome que aparece na urna eletrônica: Arthur Henrique - Arthur Henrique Brandao Machado (Unidos por Roraima) Clébio Genuíno - José Clébio Genuíno do Nascimento (PCO) Farah Mesquita - Farah Mesquita (Federação Renovação Solidária - PRD/Solidariedade) Rosi Aires - Rosimayre Patrícia Aires da Silva (Roraima da Esperança) Soldado Sampaio - Francisco dos Santos Sampaio (Roraima Segue em Frente)	Agência Brasil	politica	False
https://agenciabrasil.ebc.com.br/politica/noticia/2026-09/conheca-os-candidatos-governador-do-tocantins-nas-eleicoes-deste-ano	2026-09-24	Conheça os candidatos a governador do Tocantins nas eleições deste ano	Sete candidatos estão na disputa	Sete candidatos concorrem ao governo de Tocantins nas eleições de 2026. No estado, 1.182.307 eleitores estão aptos a votar. Desse total, 51% são mulheres e 49%, homens. Entre os eleitores que declararam cor/raça, 64,96% são pessoas pardas; 17,79%, brancas; 14,87%, pretas; 1,63%, indígenas; e 0,75%, amarelas. O primeiro turno das eleições ocorre no dia 4 de outubro. Em eventual segundo turno, os eleitores voltam às urnas em 25 de outubro. Serão escolhidos os chefes do Poder Executivo - presidente da República e governadores - e seu vices, além dos representantes para compor o Legislativo, tanto no âmbito federal como no estadual e distrital - senadores, deputados federais, deputados estaduais e distritais. Conheça os candidatos ao governo do Tocantins, em ordem alfabética de acordo com o nome que aparece na urna eletrônica: Ataídes de Oliveira - Ataídes de Oliveira (Novo) Du Pereira - Ivaildo Pereira da Cruz (DC) Laurez Moreira - Laurez da Rocha Moreira (Pra Frente Tocantins) Professor Witer Naves - Witer Fonseca Naves (Federação PSOL Rede) Professora Dorinha - Maria Auxiliadora Seabra Rezende (União Pelo Tocantins) Siqueira Campos Jr - José Wilson Siqueira Campos Júnior (Democrata) Vicentinho Júnior - Vicente Alves de Oliveira Júnior (Pra Cima Tocantins)	Agência Brasil	politica	False
https://agenciabrasil.ebc.com.br/politica/noticia/2026-09/maior-colegio-eleitoral-do-pais-sp-tera-mais-de-114-mil-urnas	2026-09-23	Maior colégio eleitoral do país, SP terá mais de 114 mil urnas	Preparação das máquinas vai até o dia 2 de outubro	"Cerca de 114,5 mil urnas eletrônicas do estado de São Paulo começaram nesta quarta-feira (23) a ser preparadas para o primeiro turno das eleições deste ano, que será realizado no dia 4 de outubro. Somente na capital paulista, mais de 28 mil máquinas serão utilizadas. Uma cerimônia pública, realizada na primeira zona eleitoral da capital paulista, marcou o início da preparação, quando cada urna passa a receber as informações oficiais das eleições, como os dados do eleitorado, as seções eleitorais e as candidaturas. Na primeira zona eleitoral, por exemplo, há 449 seções eleitorais, e serão preparadas 505 urnas eletrônicas. As urnas a mais são necessárias para uma situação emergencial, para substituição de algum equipamento com problema durante a votação. ""O tribunal estabeleceu para que isso [preparação] seja feito até a antevéspera da eleição, no dia 2 de outubro, sexta-feira”, explicou Erick Viana, chefe de cartório da primeira zona eleitoral de São Paulo. O processo de preparação das urnas têm início com a geração das mídias que contém os sistemas eleitorais e dados do eleitorado e das candidaturas. As mídias são dispositivos semelhantes a pen drives, em que são gravadas as informações necessárias para o funcionamento das urnas. Na sequência, os dados das mídias são inseridos nas máquinas correspondentes a cada seção eleitoral. Nessa etapa, as urnas também passam por um teste de funcionamento, sendo posteriormente lacradas para a votação. “Cada urna chega nos cartórios eleitorais vazias, sem dados. E agora começamos a inserir esses dados”, disse Viana. “Após essa etapa, fazemos uma verificação por amostragem da integridade dos sistemas e as urnas são então lacradas e preparadas para o dia da votação”, afirmou. Todo o processo de preparação da urna, segundo Viana, respeita protocolos e procedimentos rigorosos de segurança. “Historicamente, tem-se provado que as urnas são extremamente seguras. Não houve comprovações de fraude em toda a história de funcionamento das urnas eletrônicas”. Segundo o Tribunal Regional Eleitoral de São Paulo (TRE-SP) , não é possível utilizar os equipamentos antes de 4 de outubro, porque os sistemas são programados para iniciar o funcionamento durante o dia e horário da votação. Em entrevista à imprensa, o presidente do TRE-SP, José Antonio Encinas Manfré, destacou a segurança do sistema eleitoral do Brasil. “Podemos reiterar que as urnas eletrônicas são seguras. O voto dado é o voto computado”, disse. “O protagonista das eleições, que é o eleitor ou eleitora, pode votar com toda a segurança e serenidade porque todas as providências estão sendo tomadas pela Justiça Eleitoral para que, mais uma vez, haja segurança e confiança da sociedade [no sistema eleitoral do país]”. No dia 4 de outubro, os eleitores vão escolher os candidatos para presidente da República, governador, senadores (duas vagas), deputado federal e deputado estadual ou distrital."	Agência Brasil	politica	False
https://agenciabrasil.ebc.com.br/politica/noticia/2026-09/confira-agenda-dos-presidenciaveis-nesta-quinta-feira-24	2026-09-24	Confira a agenda dos presidenciáveis nesta quinta-feira (24)	Candidatos participam de debates, atos e encontros nesta quinta	A agenda dos presidenciáveis nesta quinta-feira (24) inclui entrevistas, debates, atos e encontros com apoiadores. Também estão previstas visitas a instituições e espaços comerciais, carreata, coletiva de imprensa e panfletagens em diferentes cidades. Luiz Inácio Lula da Silva (PT) Participa do ato Brasil Pronto pra Mais na Praça Marechal Deodoro, no centro de Maceió (AL). Renan Santos (Missão) Participa de encontro com apoiadores em cidades de São Paulo: Piracicaba, São Carlos e Ribeirão Preto. Romeu Zema (Novo) Às 10h30, participa de entrevista ao vivo para a Jovem Pan Campinas, em São Paulo. Às 11h45, caminha pelas ruas Rota dos Imigrantes e Rua Boulevard centro comercial de Holambra (SP). Às 12h50, tem almoço com apoiadores em Holambra, na Casa Bela Café. Às 13h50, encontra-se com empresários na empresa Inbra, em Jaguariúna. Às 14h50, conhece o CAJ - Centro de Referência Autismo de Jaguariúna (SP). Ronaldo Caiado  (PSD) Às 9h35, participa de entrevista, ao vivo no Programa Primeira Hora , da Rádio Acústica FM 97.7 (RS). Às 10h45, tem caminhada na Av. Mangalô - Região Noroeste de Goiânia (GO). Às 17h, participa de carreata em Senador Canedo (GO). Rui Costa Pimenta (PCO) Às 13h, participa do programa Análise Internacional , transmitido pelo canal do Diário Causa Operária no YouTube. Augusto Cury (Avante) Em Cuiabá (MT), visita a Casa Cury e o Shopping Popular. Em Porto Velho (RO), participa de carreata e coletiva de imprensa. À noite, visita a sede do Avante em Manaus (AM). Clariana Barão (DC) Concede entrevista ao portal Pleno News. Edmilson Costa (PCB) Participa de debate sobre o Programa Anticapitalista e Anti-imperialista para o Brasil do Partido Comunista Brasileiro, na Lapa, Rio de Janeiro (RJ). Flávio Bolsonaro (PL) Às 17h, participa Bloquinho do Nikolas Ferreira, na Praça Lions Clube, em Teófilo Otoni (MG). Às 19h30, estará no bloquinho do Nikolas Ferreira em Governador Valadares (MG), na Praça do Imigrante. Hertz Dias (PSTU) Em Belo Horizonte (MG), participa de panfletagem na porta da UFMG e na Praça Sete. Após almoço no Mercado Central, faz panfletagem na fábrica Sumitomo em Juatuba (MG). À noite, participa de debate na sede do SindREDE, em Belo Horizonte. Leonardo Avalanche (PRTB) ​Às 15h, participa de programa no podcast Hóspedes do Hospício. Os candidatos Wilson Grassi (Democrata) e Samara Martins (UP) não têm agenda pública de campanha nesta quarta-feira. A ordem de apresentação da cobertura da agenda dos candidatos a presidente segue rodízio diário em ordem alfabética. *Texto atualizado às 12h12 para inserir agenda do candidato Leonardo Avalanche (PRTB).	Agência Brasil	politica	False
https://agenciabrasil.ebc.com.br/politica/noticia/2026-09/conheca-os-candidatos-ao-governo-do-para-eleicoes-2026	2026-09-24	Conheça os candidatos a governador do Pará nas eleições de 2026	Seis candidatos concorrem ao cargo	Seis candidatos concorrem ao governo do Pará nas eleições de 2026. No estado, 6.265.355 eleitores estão aptos a votar. Desse total, 51% são mulheres e 49%, homens. Entre os eleitores que declararam cor/raça, 76,59% são pessoas pardas; 12,79%, brancas; 9,29%, pretas; 0,89%, indígenas; e 0,44%, amarelas. O primeiro turno das eleições está marcado para o dia 4 de outubro. Se houver segundo turno, será em 25 de outubro. Serão escolhidos os chefes do Poder Executivo - presidente da República e governadores - e seu vices, além dos representantes para compor o Legislativo, tanto no âmbito federal como no estadual e distrital - senadores, deputados federais, deputados estaduais e distritais. Conheça os candidatos ao governo do Pará, em ordem alfabética de acordo com o nome que aparece na urna eletrônica: Araceli - Araceli Maria Pereira Lemos (Federação PSOL Rede) Dr. Daniel - Daniel Barbosa Santos (O Pará é do Povo!) Gal Leite - Gualdina Maria Menezes Leite (UP) Hana Ghassan - Hana Ghassan Tuma (O Pará Tá Junto) Ruth Reis - Ruth Helena Ferreira Reis (Democrata) Well Macedo - Wellingta Josyane Siqueira Macedo (PSTU)	Agência Brasil	politica	False
https://agenciabrasil.ebc.com.br/politica/noticia/2026-09/veja-como-foi-quarta-feira-23-dos-presidenciaveis	2026-09-23	Veja como foi a quarta-feira (23) dos presidenciáveis	Candidatos participaram de encontros com apoiadores	"A agenda dos presidenciáveis nesta quarta-feira (23) incluiu debates, entrevistas e encontros com apoiadores, além de visitas a instituições e atividades de campanha. Edmilson Costa (PCB) O candidato Edmilson Costa participou do ato do comando de greve dos bancários, em Belo Horizonte, manifestando apoio aos grevistas. Ele visitou o Memorial de Direitos Humanos (antigo Dops) na capital mineira. Flávio Bolsonaro (PL) O candidato Flávio Bolsonaro fez live pelo canal TV Celular Flávio Bolsonaro no YouTube. Hertz Dias (PSTU) Em Belo Horizonte, o candidato participou de panfletagens na região da Escola Estadual Cecília Meireles e na avenida Sinfrônio Brochado. Ele participou de assinatura da carta compromisso com os candidatos do partido. Leonardo Avalanche (PRTB) O candidato Leonardo Avalanche não teve agenda pública de campanha. Luiz Inácio Lula da Silva (PT) No Rio de Janeiro, o candidato Luiz Inácio Lula da Silva participou de ato com artistas, lideranças políticas e personalidades da cultura para debater propostas para o setor. Lula defendeu que é necessário mudar as leis para evitar interferências dos governantes nas políticas culturais. ""Colocar na Constituição é a forma mais segura de garantir a cultura"", disse. Renan Santos (Missão) O candidato Renan Santos participou de encontro com apoiadores nas cidades de Sorocaba, Americana, Nova Odessa e Campinas, no estado de São Paulo. Ele disse que, em um eventual governo, trabalhará para a reindustrialização do país e que pretende enfrentar o tráfico internacional de drogas. ""Temos que desmontar as bases operacionais de funcionamento do PCC, em que ele pega a droga que chega, coloca dentro de contêineres e manda para exportação"", disse. Romeu Zema (Novo) O candidato Romeu Zema participou de debate da Revista Veja, em São Paulo. Ronaldo Caiado (PSD) Em São Paulo, o candidato Ronaldo Caiado visitou a Biblioteca Mario de Andrade e defendeu investimentos em cultura. “Eu quero cada vez mais reafirmar que cultura é liberdade. Cultura não é propriedade de partido algum”, disse. Ele participou de debate na Revista Veja. Rui Costa Pimenta (PCO) O candidato Rui Costa Pimenta não teve agenda pública de campanha. Samara Martins (UP) Em Salvador, a candidata Samara Martins fez panfletagem em frente ao complexo fabril Bahia Têxtil. Ela participou de plenária sobre educação pública na Frente da Biblioteca da Universidade Federal da Bahia (UFBA) e de reunião com movimentos sociais da Bahia. ""Nossas propostas foram muito bem recebidas, em especial o aumento de 100% do salário mínimo e o fim do bolsa banqueiro"", afirmou. Wilson Grassi (Democrata) O candidato Wilson Grassi concedeu entrevista ao programa Minuto Micheletto. Ele defende a proposta de construir hospitais veterinários públicos em todo o Brasil, reformar o Supremo Tribunal Federal e a oferta de toxina botulínica (botox) para mulheres de baixa renda como política de valorização da autoestima e da saúde emocional. Augusto Cury (Avante) O candidato Augusto Cury visitou o Instituto Bacarelli, na capital paulista. Ele acompanhou uma aula de musicalização infantil, ensaio do coral e da orquestra. Cury participou do podcast Os Sócios, em Barueri, região metropolitana. O candidato cancelou sua participação no debate da Revista Veja hoje para viajar a Belo Horizonte, onde será realizado nesta sexta-feira (24) o velório do empresário Bruno Avelar, que morreu no acidente de helicóptero que também tirou a vida do cantor Rick e de mais três pessoas. Clariana Barão (DC) A candidata Clariana Barão não teve agenda pública de campanha. A ordem de apresentação da cobertura da agenda dos candidatos a presidente segue rodízio diário em ordem alfabética. * Colaboraram Isabela Vieira (Rio de Janeiro), Luciano Nascimento (São Luís) e redação de São Paulo"	Agência Brasil	politica	False
https://agenciabrasil.ebc.com.br/politica/noticia/2026-09/comunidade-cientifica-alerta-para-risco-de-interferencia-nas-eleicoes	2026-09-23	Comunidade científica alerta para risco de interferência nas eleições	Maior preocupação é com pressões vindas dos EUA	A Academia Brasileira de Ciências (ABC) e a Sociedade Brasileira para o Progresso da Ciência (SBPC) manifestaram preocupação com a possibilidade de interferência estrangeira no processo eleitoral brasileiro, mais notadamente por parte dos Estados Unidos. O temor expressado pelas entidades é de haver uma interferência de tal modo que afete “a soberania nacional, o funcionamento das instituições democráticas e a livre formação de vontade dos eleitores” . O texto divulgado enfatiza a necessidade de independência e autonomia do brasileiro para fazer suas escolhas políticas. “A escolha dos governantes brasileiros pertence exclusivamente ao povo brasileiro. Nenhum Estado, governo, poder econômico ou ator externo deve buscar condicionar essa decisão, seja por pressões políticas ou econômicas, seja pela manipulação do ambiente informacional ou pelo uso indevido de tecnologias e plataformas digitais”, dizem as entidades. No fim de agosto, a Agência Brasileira de Inteligência (Abin) elaborou um relatório em que aponta risco de influência ou interferência dos Estados Unidos nas eleições brasileiras deste ano . O documento reservado alerta ainda para uma tendência de escalada da pressão estadunidense sobre o Brasil. A ABC e a SBPC pediram mobilização das instituições da República, bem como da comunidade científica e acadêmica e da sociedade civil, em prol de uma eleição livre de ingerência internacional . “Cabe a todos contribuir, em suas respectivas responsabilidades, para um ambiente público baseado em informação confiável, respeito às instituições, liberdade de escolha e rejeição a qualquer tentativa de interferência externa na vontade soberana da população brasileira.” As entidades também apoiaram o gesto do Instituto Vladimir Herzog, que levou às Nações Unidas uma carta chamando atenção para os riscos de interferência estadunidense nas eleições brasileiras e pedindo o rápido reconhecimento internacional do resultado, independente do vencedor. Em seu discurso na Assembleia Geral das Nações Unidas, na terça-feira (22), o presidente Luiz Inácio Lula da Silva também abordou o assunto . Ele defendeu a soberania dos países e citou tentativas de influência estrangeira sobre processos políticos nacionais, sobretudo na América Latina e no Caribe. “Voltamos a presenciar a ingerência externa em processos eleitorais. A divisão do mundo em zonas de influência e investidas neocoloniais com recursos estratégicos constituem gestos anacrônicos”, disse, ao citar contextos recentes registrados na Venezuela, na Nicarágua, no Haiti e em Cuba. As eleições estão marcadas para o dia 4 de outubro. Nesse dia, os eleitores votarão em candidatos para os cargos de deputado estadual/distrital, deputado federal, senador, governador e presidente da República. Confira na íntegra a nota da Academia Brasileira de Ciências (ABC) e da Sociedade Brasileira para o Progresso da Ciência (SBPC): Soberania e democracia: o Brasil decide seu futuro A Academia Brasileira de Ciências (ABC) e a Sociedade Brasileira para o Progresso da Ciência (SBPC) manifestam preocupação diante dos alertas sobre possíveis interferências externas no processo eleitoral brasileiro de 2026, em particular dos alertas sobre eventuais pressões provenientes dos Estados Unidos que possam afetar a soberania nacional, o funcionamento das instituições democráticas e a livre formação da vontade dos eleitores. ABC e SBPC consideram relevante, nesse contexto, a iniciativa do Instituto Vladimir Herzog de levar às Nações Unidas preocupações relacionadas a possíveis ingerências no processo eleitoral brasileiro e de solicitar atenção internacional à defesa da soberania, do princípio da não intervenção e do respeito ao resultado oficialmente proclamado pela Justiça Eleitoral, independentemente de quem seja o vencedor. A escolha dos governantes brasileiros pertence exclusivamente ao povo brasileiro. Nenhum Estado, governo, poder econômico ou ator externo deve buscar condicionar essa decisão, seja por pressões políticas ou econômicas, seja pela manipulação do ambiente informacional ou pelo uso indevido de tecnologias e plataformas digitais. Em um mundo marcado pela circulação transnacional de informações, dados e tecnologias, a proteção da democracia exige atenção também às novas formas de interferência. Eventuais ações dessa natureza devem ser identificadas e apuradas com base em evidências, transparência e respeito ao Estado Democrático de Direito. A defesa da democracia também diz respeito à comunidade científica. Ela depende do acesso ao conhecimento, da liberdade de pensamento, da integridade da informação e da possibilidade de que cidadãs e cidadãos formem suas convicções sem manipulações ou condicionamentos indevidos. Soberania política, soberania científica e soberania digital são dimensões cada vez mais interdependentes da capacidade de uma nação decidir seu próprio futuro. ABC e SBPC conclamam as instituições da República, a comunidade científica e acadêmica, as organizações da sociedade civil, os meios de comunicação, as plataformas digitais e toda a sociedade brasileira a permanecerem vigilantes na defesa da integridade do processo democrático. Cabe a todos contribuir, em suas respectivas responsabilidades, para um ambiente público baseado em informação confiável, respeito às instituições, liberdade de escolha e rejeição a qualquer tentativa de interferência externa na vontade soberana da população brasileira. ABC e SBPC reafirmam, portanto, princípios que não pertencem a qualquer candidatura, partido ou governo: a soberania nacional e a autodeterminação; eleições livres e íntegras; a não intervenção externa; o respeito à Constituição e às instituições democráticas; a integridade do ambiente informacional; e o reconhecimento do resultado oficialmente proclamado pela Justiça Eleitoral, qualquer que seja a escolha soberana das urnas. Defender a democracia brasileira é defender o direito do Brasil de decidir, livremente e sem interferências externas, o seu futuro. Rio de Janeiro, São Paulo, 21 de setembro de 2026. HELENA BONCIANI NADER Presidente da ABC FRANCILENE PROCÓPIO GARCIA Presidente da SBPC	Agência Brasil	politica	False
https://agenciabrasil.ebc.com.br/politica/noticia/2026-09/entidades-denunciam-agressoes-mulheres-que-disputam-cargos	2026-09-23	Entidades denunciam agressões às mulheres que disputam cargos	Levantamento aponta que maioria dos casos envolve mulheres negras	As denúncias sobre violência política de gênero têm crescido, especialmente em ano de eleição. Dados do Tribunal Superior Eleitoral (TSE) apontam que de 2022 a 2024 os processos relacionados a esse tipo de crime aumentaram 11 vezes . Em Pernambuco, uma deputada estadual recebeu uma pedrada durante compromisso de campanha no interior do estado e foi parar no hospital. No Espírito Santo, um artefato explosivo foi lançado contra integrantes da campanha de uma candidata a deputada federal. Outra candidata, desta vez em Minas Gerais, recebeu ameaças de estupro na internet e teve dados de familiares expostos. No Rio de Janeiro, a ameaça foi de morte, inclusive com citação direta ao assassinato da ex-vereadora Marielle Franco. Todas essas denúncias foram recebidas por movimentos sociais que, diante da gravidade dos relatos, redigiu um documento pedindo medidas do Estado para coibir as agressões. O relatório foi entregue ao TSE. A coordenadora de Incidência Política da organização Terra de Direitos, Gisele Barbiere, diz que o enfrentamento à violência política de gênero passa pela responsabilização dos agressores. “A impunidade, a falta de respostas para esses casos faz com que esses algozes se sintam mais encorajados a intimidar e violentar as mulheres dessa forma”, diz. A cooperação com as plataformas digitais e campanhas de conscientização das próprias vítimas sobre o que é a violência política também são apontadas pelos movimentos sociais como estratégias para tentar conter a violência. A coordenadora de Programas e Estratégia do Instituto Marielle Franco, Larissa Amorim, destaca que essa violência acaba atacando a própria democracia brasileira. “Quando você expõe dados pessoais, ou quando você ameaça a família daquela parlamentar ou daquela gestora pública, isso ameaça, inclusive, o direito ao exercício do seu mandato, ou exercício da sua ocupação de carácter político. O que, por sua vez, ameaça o princípio de representação política. Então, é um problema da nossa democracia”, diz. Uma pesquisa do Instituto Marielle Franco publicado em 2025 mostra que a violência política não atinge todas as mulheres da mesma forma. O estudo analisou 77 casos de violência política entre 2021 e 2025. O resultado mostrou que 87% das vítimas eram mulheres negras. “O que a gente vê quando se trata dessa violência de gênero com esse recorte racial é uma violência muito mais perversa, porque ela sempre vai diretamente em críticas ao corpo, à aparência. São xingamentos comparando as mulheres a animais”, conta Barbieri. Larissa Amorim destaca que, uma forma de ajudar a combater o problema é inserir a perspectiva de raça na lei 14.192/2021, que estabelece normas para prevenir, reprimir e combater a violência política contra a mulher. “E por que isso é importante? Porque se ela (a lei) não traz uma dimensão racial na sua estrutura, essa certamente não é uma dimensão que será incorporada pelas políticas construídas a partir da lei. E é uma coisa que precisa ser feita pra gente qualificar a atuação do Estado brasileiro no enfrentamento à violência política de gênero e raça. Porque as mulheres negras, as mulheres trans negras, inclusive, são alvo prioritário dessa violência”, diz.	Agência Brasil	politica	False
https://agenciabrasil.ebc.com.br/politica/noticia/2026-09/eleicoes-2026-confira-6-dicas-para-ajudar-escolher-seus-candidatos	2026-09-23	Eleições 2026: confira 6 dicas para ajudar a escolher seus candidatos	Conheça critérios que podem auxiliar na escolha dos representantes	"A menos de duas semanas do primeiro turno das Eleições de 2026, muitos eleitores ainda não definiram em quem vão votar. Neste ano, a tarefa de escolher, entre tantos candidatos, aqueles mais aptos a representar os interesses da população, contou com mais um complicador: as notícias relacionadas ao caso Master e à crise do Supremo Tribunal Federal (STF) reduziram o debate das propostas. A Agência Brasil ouviu especialistas que indicaram caminhos que podem ajudar eleitores a escolherem seus candidatos com mais critérios, buscando aqueles mais alinhados a seus interesses e visões de mundo, além de evitar armadilhas como os “puxadores de voto” e propostas genéricas. Saber quem financia as campanhas, quais são as propostas de cada candidato e de que forma elas vão impactar a realidade prática de cada eleitor são estratégias para um voto responsável. Antes de avaliar as propostas ou o currículo dos candidatos é importante olhar para si mesmo e para sua coletividade. Alguns questionamentos podem guiar essa reflexão: Em política, nem sempre os interesses convergem. Um empresário, um trabalhador assalariado e um profissional autônomo não necessariamente avaliam do mesmo jeito uma proposta como, por exemplo, o fim da escala 6x1. Homens e mulheres podem ter urgências distintas. Elas, inclusive, são mais da metade (53%) do eleitorado. Ainda assim, na atual legislatura, ocuparam apenas 15 das 81 cadeiras do Senado e 91 dos 513 assentos da Câmara dos Deputados. Não existe governo que agrade a todos o tempo todo. Toda decisão política implica escolhas distributivas. Quem governa pensando no bem comum tem que necessariamente administrar conflitos decorrentes de interesses divergentes, avaliando os impactos de suas ações. “Por isso é fundamental o eleitor saber quais são seus interesses políticos e econômicos”, diz o professor de Ciência Política da Universidade Estadual do Rio de Janeiro, João Feres Júnior. Ele destaca que muitos eleitores não têm clareza quanto aos seus próprios interesses – nem certeza de que, uma vez eleitos, os candidatos os representarão de fato. “Claro que há prioridades em relação às representações. Há partidos e candidatos que optam por atender prioritariamente aos mais pobres. Outros fazem políticas que beneficiam principalmente os mais ricos. E muitos eleitores não sabem, de fato, quais são suas prioridades. Principalmente porque, idealmente, o eleitor deve procurar se informar da melhor forma possível, mas, na prática, ele nem sempre tem acesso a informações de qualidade – principalmente quanto às boas práticas políticas, já que a imprensa está mais interessada em cobrir os escândalos”, pondera. Compreenda as atribuições de cada cargo; o que cada candidato, se eleito, poderá ou não fazer, de acordo com a lei. Passo básico, mas essencial para evitar frustrações e reduzir as chances de cair em falsas promessas — como um candidato a deputado prometendo construir um hospital ou pavimentar ruas, algo que cabe ao Poder Executivo decidir e executar – ou seja, presidente, governadores e prefeitos. “Parte das pessoas tem pouca informação sobre as competências dos legisladores”, diz a socióloga Débora Messemberg, professora da Universidade de Brasília (UnB). “Um senador ou um deputado federal têm muito poder para indicar a destinação das verbas públicas, seja porque aprova o Orçamento [da União], seja por meio de emendas [parlamentares]. Só que eles não executam [as políticas públicas]. Saber isso importa. Até porque, os candidatos [ao Poder Legislativo] que prometem fazer obras, construir não sei o que lá, estão dando uma clara demonstração negativa”, pondera Débora. A saber, compete: Ao Presidente da República: Exercer o Poder Executivo e a direção da administração federal; nomear e exonerar ministros de Estado e ocupantes de outros cargos da administração federal; comandar as Forças Armadas; enviar ao Congresso Nacional, anualmente, o projeto de lei de diretrizes orçamentárias e a proposta de orçamento; sancionar, promulgar ou vetar leis aprovadas pelo Congresso Nacional, bem como expedir decretos presidenciais que tratem da organização e funcionamento da administração federal; manter relações com Estados estrangeiros; celebrar tratados e convenções internacionais, entre outras coisas. Aos Governadores: Nomear e exonerar secretários estaduais; sancionar, promulgar ou vetar leis aprovadas pela Assembleia Legislativa estadual; decretar e executar a intervenção nos municípios; administrar a segurança pública no estado, inclusive nomeando os dirigentes das polícias Militar e Civil, bem como a rede estadual de ensino; os hospitais regionais e a infraestrutura de rodovias estaduais entre outras atribuições. Aos Deputados : O deputado federal atua no Congresso Nacional; o estadual, na Assembleia Legislativa do seu estado e os distritais, na Câmara Legislativa do Distrito Federal. Cabe a eles, entre outras coisas, aprovar e modifica leis, fiscalizar o Poder Executivo (federal, estadual ou distrital, conforme o caso) e participar da elaboração do orçamento público (definindo para onde vão os recursos por meio de emendas e votações). Aos Senadores: Representar, no Congresso Nacional, a unidade federativa pela qual foi eleito; discutir, votar e aprovar leis federais; sabatinar ministros do Supremo Tribunal Federal (STF), diretores de agências reguladoras e julgar autoridades etc Para o professor de Ciência Política da Universidade Federal do Ceará (UFC), Francisco Uribam Xavier de Holanda, analisar o conteúdo de campanha dos candidatos não é algo simples, pois exige um tempo de que a maioria dos eleitores não dispõem. Ainda assim, é algo da maior relevância. “Para a maioria das pessoas, é difícil encontrar tempo para fazer isso. Além do mais, é muito complicado para o cidadão se inteirar de algo tão sofisticado quanto os processos de financiamento de campanha, o uso do fundo partidário e os financiamentos privados – que muitas vezes são camuflados”, alerta Uribam. Ele também destaca que quase a totalidade dos candidatos elabora seus discursos e propostas com base em pesquisas eleitorais, raramente esclarecendo quais interesses e grupos realmente defendem. Se o candidato já ocupa um cargo político, verificar seu histórico e como ele votou ou atuou em projetos relevantes pode ajudar o eleitor a identificar incoerências, discursos vazios ou falsas promessas. “De certa forma, a campanha política é feita para manufaturar a vontade do eleitor, que tem que, a partir de sua condição de vida, pensar quem é que, quando chega ao poder, faz alguma coisa que ele percebe que lhe beneficia. Se eu tenho um filho pequeno e não tenho condições de pagar uma escola particular, quem são os políticos que não só incluem em seus programas a defesa das escolas públicas, mas que, se já tiveram oportunidade, fizeram com que estas chegassem ao meu bairro, à minha cidade?”, destaca Uribam. As propostas de governo, bem como a declaração de bens e a prestação de contas, com a relação de todos os doadores de campanha, podem ser consultados no sistema do Tribunal Superior Eleitoral (TSE) . No sistema político brasileiro, ninguém atua de forma isolada. Mesmo que nem todos os partidos tenham uma linha ideológica clara, é de se esperar que seus filiados demonstrem um alinhamento mínimo, uma disciplina partidária. “Cada partido tem seu programa, sua posição política e compõe uma bancada”, destaca a cientista política Naiara Sandi de Almeida Alcantara, professora da Universidade Federal do Pará (UFPA). Para Naiara, isso fica mais perceptível no Poder Legislativo, já que, em muitas votações, vale a chamada orientação de bancada – recomendação dada pelo líder partidário aos parlamentares de seu partido ou bloco parlamentar para que se posicionem ou votem em determinado sentido. Ou seja, um candidato pode se apresentar com um discurso e, quando eleito, se alinhar à diretriz partidária, mesmo que contrariamente aos interesses que prometeu defender. “Daí a importância de o eleitor conhecer não só as propostas e as trajetórias individuais dos candidatos, mas também as posições que o partido ao qual o candidato é filiado costuma adotar; seu programa e a quais outros partidos ele está associado”, acrescentou a cientista política. Para avaliar os partidos com rigor, o eleitor deve procurar observar: Em 2010, Francisco Everaldo Oliveira Silva, o palhaço Tiririca, obteve mais de 1,35 milhão de votos, tornando-se o candidato a deputado federal mais votado do Brasil naquele ano. Em sua estreia na política, Tiririca ajudou a eleger outros três candidatos à Câmara dos Deputados, seus correligionários. Embora não fosse uma novidade, o fenômeno passou a ser chamado de Efeito Tiririca. Isso é possível porque no chamado sistema proporcional (que, no Brasil, é usado na escolha de deputados federais, estaduais e distritais, além de vereadores, nas eleições municipais) os candidatos são eleitos conforme o chamado quociente eleitoral. O cálculo é ainda mais complicado que o nome. Funciona assim: O total de votos válidos registrado em seu estado ou no Distrito Federal é dividido pelo número de assentos a que a unidade federativa tem direito. (Exemplo: se houver, em um estado com direito a dez cadeiras na Câmara dos Deputados, um total de 2 milhões de votos válidos, o quociente eleitoral será de 200 mil votos). Depois, os votos que todos os candidatos de um mesmo partido ou federação receberam são somados e divididos pelo quociente eleitoral. (Seguindo o exemplo, uma legenda ou federação cujos candidatos totalizarem 800 mil votos terá conquistado quatro assentos, ocupados por seus filiados mais votados e que tenham cumprido a cláusula de barreira individual — ao menos 10% do quociente eleitoral). Ou seja: os chamados “puxadores de voto” carregam consigo, de carona, outros candidatos. “Por isso, muitas vezes, os partidos buscam celebridades, artistas ou atletas de grande visibilidade, capazes de receber grande número de votos, para fortalecer a legenda e auxiliar na eleição de outros candidatos menos votados”, explica o cientista político Rodrigo Stumpf González, da Universidade Federal do Rio Grande do Sul (UFRGS). Segundo ele, nos últimos anos, mudanças na legislação eleitoral impuseram algumas barreiras à eleição de candidatos pouco votados, como, por exemplo, a exigência de uma votação mínima. Mesmo assim, é preciso estar atento a fim de evitar arrependimentos futuros. “É importante o eleitor saber qual a nominata [lista oficial] do partido. E, se for o caso, que não vote [em determinada legenda] motivado por uma única pessoa”, acrescenta González. “Também é importante lembrar que o número [da candidatura] não identifica só o candidato, mas também seu partido. Com isso é possível saber quem são os demais candidatos deste partido e quem, potencialmente, pode vir a ser eleito com os votos dados a uma celebridade.” O 1º turno das eleições deste ano acontecerá em 4 de outubro. Em todo o Brasil, cerca de 158,7 milhões de eleitores aptos a votar ajudarão a eleger os futuros deputados federais, estaduais ou distritais; dois senadores para cada unidade federativa; governadores e o presidente da República. No dia da votação, o eleitor pode levar consigo um papel com os nomes e os números dos candidatos ou candidatas de sua preferência e consultá-lo na cabine de votação para evitar esquecimentos. Ao contrário da “colinha”, o celular tem que ficar de fora da cabine de votação. Também é proibido votar portando máquina fotográfica, filmadora ou qualquer equipamento que permita ao eleitor registrar seu voto. Se necessário, a pessoa deve deixar o aparelho com os mesários. Em vigor desde 2009, a proibição foi adotada para, segundo o TSE, proteger o sigilo e o livre exercício do direito ao voto. ""Admitir o registro visual do exercício do voto poderia expor parte dos eleitores ao aliciamento por candidatos que não respeitam as regras para as eleições. Esses candidatos estariam diante de uma forma para captação ilícita de votos e, consequentemente, para corrupção, ante a possibilidade de obterem comprovação, por meio de imagens e vídeos, de que determinado eleitor lhe atribuiu o voto"", sustenta o tribunal. Qualquer cidadão poderá usar broches, adesivos e camisetas, limitando-se a fazer manifestação de apoio individual e silenciosa, inclusive com bandeiras políticas. Já a manifestação coletiva ou ruidosa é proibida, bem como a abordagem, o aliciamento e qualquer método para tentar influenciar outros eleitores. Cada pessoa tem o direito de se ausentar do serviço pelo tempo necessário para votar, sem prejuízo no salário. Pessoas com mais de 80 anos têm preferência sobre os demais eleitores, independentemente da ordem de chegada à seção eleitoral. Pessoas com deficiência ou mobilidade reduzida podem ser auxiliadas por alguém de sua escolha no momento de votar."	Agência Brasil	politica	False
https://agenciabrasil.ebc.com.br/politica/noticia/2026-09/afetados-pelo-el-nino-terao-credito-extraordinario-de-r-64-milhoes	2026-09-22	Afetados pelo El Niño terão crédito extraordinário de R$ 64 milhões	Ações para segurança alimentar e povos indígenas receberão recursos	O presidente da República em exercício, Geraldo Alckmin, assinou nesta terça-feira (22) uma Medida Provisória (MP) que libera crédito extraordinário de R$ 64 milhões para amenizar os efeitos do El Niño no Brasil. As comunidades que dependem da agricultura familiar e tiveram sua produção afetada estão entre as mais assistidas por esse dinheiro. Do total de recursos, R$ 40 milhões serão direcionados ao Ministério do Desenvolvimento e Assistência Social, Família e Combate à Fome (MDS) para a aquisição e distribuição de alimentos da agricultura familiar no âmbito do Programa de Aquisição de Alimentos. Os outros R$ 24 milhões serão destinados à Fundação Nacional dos Povos Indígenas (Funai) em ações emergenciais destinadas ao fornecimento de alimentos, água potável e outros insumos essenciais em terras indígenas. O governo também lançou uma página dedicada ao El Niño que reúne informações oficiais sobre o fenômeno, os impactos que devem ser monitorados em cada região do país e as principais ações de preparação e resposta. A plataforma traz ainda orientações para estados, municípios e para a população, além de informações sobre monitoramento, prevenção de desastres, assistência às áreas mais vulneráveis e medidas adotadas pelo Governo Federal para reduzir os efeitos do El Niño. O El Niño é um fenômeno que se caracteriza pelo aquecimento das águas superficiais do Oceano Pacífico Tropical e provoca alteração na circulação atmosférica tornando os volumes de chuvas irregulares. Ele provoca seca no Norte e Nordeste do país, atraso das chuvas no Centro-Oeste e no Sudeste, e enchentes na região Sul do Brasil.	Agência Brasil	politica	False
https://agenciabrasil.ebc.com.br/politica/noticia/2026-09/casos-de-violencia-politica-de-genero-crescem-11-vezes-em-4-anos	2026-09-22	Casos de violência política de gênero crescem 11 vezes em 4 anos	TSE lança campanha para combater violência política contra mulheres	A violência política contra mulheres pode assumir diferentes formas, da intimidação e dos ataques à honra até ameaças e assassinatos. Casos como o da vereadora Marielle Franco, assassinada em 2018 por razões relacionadas à sua atuação política, e os ataques sofridos pela deputada Maria do Rosário dentro do Congresso Nacional, em 2014, evidenciam a dimensão que esse tipo de violência pode alcançar. Segundo o Tribunal Superior Eleitoral (TSE), o número de processos por violência política de gênero aumentou mais de 11 vezes em 4 anos. Em 2022, foram encaminhados 15 processos à Justiça Eleitoral. Em 2026, até setembro, já são 177 processos. O Ministério Público Federal (MPF) registrou, desde 2018, 436 denúncias de violência política de gênero. Em mais da metade dos casos (221), essa violência tinha teor moral. E em 40% deles (177), houve violência psicológica. Para tentar combater esse tipo de violência, o TSE e o MPF lançaram nesta terça-feira (22) a campanha Política é Substantivo Feminino. O objetivo é informar e conscientizar a sociedade sobre a importância de combater as diferentes formas de violência política praticada contra mulheres. A ministra do TSE, Estela Aranha, explicou qual o efeito desse tipo de violência na democracia brasileira. “Ela [a violência política de gênero] silencia individualmente, porque essa mulher pensa: vou sair da política. Mas também atinge a coletividade, porque outras mulheres que veem a violência pensam: por que vou entrar na política? Você tira as que já estão e as que pensam em entrar. E isso é muito grave, porque a democracia pressupõe a participação politica e eleitoral de todos os cidadãos e cidadãs e as mulheres são expulsas do debate”, reflete. Durante o lançamento da campanha, entidades de direitos das mulheres e do movimento negro entregaram ao presidente do TSE, ministro Nunes Marques, uma carta relatando preocupação com o aumento da violência política de gênero e raça nas eleições deste ano e cobrando respostas efetivas para coibir novos casos. O documento afirma que, nas últimas semanas, os movimentos sociais receberam relatos de candidatas, especialmente negras e LBTs, em diferentes estados, que foram ameaçadas de morte e violência sexual, tiveram endereços e informações de familiares expostos, sofreram ataques racistas, LGBTIfóbicos, perseguições, intimidações e agressões físicas. A carta também ressalta que a violência de gênero não atinge todas as mulheres da mesma maneira. Uma pesquisa do Instituto Marielle Franco analisou 77 casos entre 2021 e 2025. Entre as vítimas, 87% eram mulheres negras. O Brasil é um dos países com a menor participação de mulheres no Parlamento Federal. Em um ranking de 184 países, o Brasil ocupa a 135º posição, com apenas 17,5% de mulheres no Congresso, atrás de nações com regimes pouco democráticos como a Coreia do Norte e Burkina Faso. No âmbito local, o Brasil tem mais de 700 municípios nos quais não há uma única mulher em cargo eletivo. E apenas 16% das prefeituras são chefiadas por mulheres. A coordenadora do grupo de trabalho de prevenção e combate à violência política de gênero da Procuradoria-Geral Eleitoral, Raquel Branquinho, diz que a legislação brasileira está alinhada com diretrizes internacionais sobre representatividade feminina. “O grande problema a ser enfrentado, entretanto, é a violência contra essas mulheres”, diz.	Agência Brasil	politica	False
https://agenciabrasil.ebc.com.br/politica/noticia/2026-09/veja-como-foi-terca-feira-22-dos-candidatos-presidente	2026-09-22	Veja como foi a terça-feira (22) dos candidatos a presidente	Presidenciáveis participaram de caminhadas, carreatas e entrevistas	"A agenda dos presidenciáveis nesta terça-feira (22) incluiu caminhadas, carreatas e atos de campanha, além de entrevistas e participação em podcasts e sabatina. Clariana Barão (DC) A candidata Clariana Barão fez campanha em João Pessoa, onde participou da inauguração do comitê do candidato a governador Pedro Coutinho, do Democracia Cristã. Edmilson Costa (PCB) O candidato Edmilson Costa esteve em Belo Horizonte (MG), onde fez panfletagem e caminhada no centro da cidade. Ele também participou de ato pró-candidaturas do PCB. Flávio Bolsonaro (PL) O candidato Flávio Bolsonaro esteve em São Luís. Ele participou de motocarreata e comício no bairro Cohajap. Ele prometeu investir mais em infraestrutura, focado na distribuição da produção do agronegócio na região. “Temos aqui uma zona econômica que é uma importante área de escoamento da produção nacional e não tem justificativa nenhuma continuar com índices tão ruins de desenvolvimento humano”, afirmou. O candidato disse ainda que irá conceder títulos de propriedade urbana e rural, principalmente aos agricultores familiares. Hertz Dias (PSTU) O candidato Hertz Dias participou dos podcasts Tamir Convida e IronTalks. Hertz Dias defende a reindustrialização do país e a reestatização de empresas estratégicas, como Eletrobras, Embraer e Avibras. Leonardo Avalanche (PRTB) O candidato Leonardo Avalanche não divulgou agenda pública de campanha. Luiz Inácio Lula da Silva (PT) O presidente Luiz Inácio Lula da Silva, candidato à reeleição, participou da 81ª Assembleia Geral da ONU, em Nova York (EUA). Lula fez o discurso de abertura do evento e destacou a soberania brasileira. “Na América Latina e Caribe, a proximidade geográfica com a maior potência militar do mundo é inescapável, sobretudo no contexto do recrudescimento de tentações hegemônicas. O Brasil não cabe no quintal de ninguém”, disse. Renan Santos (Missão) O candidato Renan Santos teve encontros com eleitores no interior de São Paulo. Renan esteve no Santuário Nacional de Nossa Senhora da Conceição Aparecida, em Aparecida (SP). Depois, seguiu para São José dos Campos, onde discursou para jovens de um carro de som. Romeu Zema (Novo) O candidato Romeu Zema passou o dia em Minas Gerais. Ele fez uma caminhada com eleitores, almoçou com empresários e concedeu entrevista para canais de TV e rádios de Poços de Caldas. Zema defendeu o beneficiamento de nióbio e terras raras, além de sugerir condicionar a exportação dos minerais à derrubada de ações protecionistas de outros países. ""Temos hoje a União Europeia que coloca uma série de restrições para comprar proteína e produtos agrícolas e nós vamos falar: você vai precisar acabar com esses obstáculos, senão, não vou te fornecer"". Ronaldo Caiado (PSD) O candidato Ronaldo Caiado fez campanha em Goiás. Segundo a assessoria, a carreata prevista para ocorrer na cidade de Buriti Alegre foi cancelada devido ao mau tempo. Caiado participou de carreata em Morrinhos. Ele disse que pretende adotar a mesma dinâmica de gestão de quando governou o estado. Rui Costa Pimenta (PCO) O candidato Rui Costa Pimenta participou da Análise da 3ª, no canal da Rádio Causa Operária no YouTube. Ele concedeu entrevista para o canal do Galo Preto. Samara Martins (UP) A candidata Samara Martins não teve agenda pública de campanha. Wilson Grassi (Democrata) O candidato Wilson Grassi concedeu entrevista para o portal A priori, de Tocantins. Augusto Cury (Avante) O candidato Augusto Cury cancelou parte da agenda por causa da morte do empresário Bruno Avelar, amigo do candidato. Avelar era um dos tripulantes do helicóptero que caiu em Santa Catarina. Na mesma aeronave, estava o cantor Rick. Ele participou de sabatina da revista Veja. A ordem de apresentação da cobertura da agenda dos candidatos a presidente segue rodízio diário em ordem alfabética. * Colaboraram Isabela Vieira (Rio de Janeiro), Luciano Nascimento (São Luís) e redação de São Paulo"	Agência Brasil	politica	False
https://agenciabrasil.ebc.com.br/politica/noticia/2026-09/lula-discursa-nesta-terca-feira-na-assembleia-geral-da-onu	2026-09-22	Lula discursa nesta terça-feira na Assembleia Geral da ONU	Presidente brasileiro deve destacar importância do multilateralismo	"O presidente Luiz Inácio Lula da Silva Lula discursa nesta terça-feira (22) na 81ª Assembleia Geral da Organização das Nações Unidas (ONU), em Nova York, nos Estados Unidos (EUA) a partir das 10h (horário de Brasília). No tradicional discurso de abertura na sessão de alto nível da assembleia, o presidente deve ressaltar a importância do multilateralismo, uma das linhas centrais da política externa, o respeito ao direito internacional humanitário e a não interferência em assuntos internos de outros países, em cenário marcado pela multiplicação de conflitos internacionais. Lula também deverá defender a negociação como caminho para a solução de disputas. O discurso deve apresentar a visão do Brasil sobre os principais temas da agenda internacional. A reforma das Nações Unidas, em particular de seu Conselho de Segurança, deve estar entre os temas abordados. O Brasil defende há anos a atualização da composição e do funcionamento do órgão e critica a sua dificuldade de responder aos conflitos internacionais. Lula teve encontros bilaterais com outros chefes de Estado e se reuniu com o secretário-geral da ONU, António Guterres, que está em fase final de mandato à frente da entidade internacional e com o prefeito da cidade, o progressista Zohran Mamdani, do Partido Democrata, que governa Nova York desde o início do ano . Lula retorna ao Brasil ainda hoje. Esta é a 11ª participação de Lula na Assembleia Geral das Nações Unidas como presidente da República. Em seus três mandatos, ele só não compareceu em 2010. O presidente norte-americano é o segundo a falar, logo após Lula, e ambos eventualmente podem se cruzar nos bastidores do plenário. No ano passado, os dois líderes tiveram um breve contato, quando Lula deixava o palco após seu discurso e Trump se preparava para falar. Na ocasião, o encontro causou boa impressão nos dois presidentes e Trump posteriormente falou em ""química excelente"" entre eles. Foi o primeiro de três encontros entre os dois líderes desde então. De acordo com o Itamaraty, o ministro das Relações Exteriores, Mauro Vieira, permanecerá em Nova York durante toda a semana e participará de uma série de reuniões e encontros ministeriais, entre eles os do Brics, do Fórum de Diálogo Índia-Brasil-África do Sul (IBAS), do G77, do G4, do L69 e da Comunidade dos Países de Língua Portuguesa (CPLP), além de reuniões da Comunidade de Estados Latino-Americanos e Caribenhos (Celac) e do Consenso de Brasília. O ministro também presidirá duas reuniões ministeriais. No dia 23 de setembro, será realizado o encontro da Aliança Global contra a Fome e a Pobreza, iniciativa lançada pelo Brasil durante a presidência brasileira do G20. No dia 24, Mauro Vieira presidirá a reunião ministerial da Zona de Paz e Cooperação do Atlântico Sul (Zopacas). O Brasil ocupa atualmente a presidência da Zopacas, após a realização, em abril deste ano, da 9ª Reunião Ministerial da organização. O país exercerá a presidência pelo período de três anos. O ministro do Desenvolvimento e Assistência Social, Família e Combate à Fome, Wellington Dias, copresidente da Aliança Global contra a Fome e a Pobreza, também participará de atividades em Nova York entre os dias 21 e 23 de setembro, com agendas relacionadas à segurança alimentar, proteção social, financiamento para o desenvolvimento e cooperação internacional. No dia 23, participará do encontro da Aliança Global. A delegação brasileira participará de reuniões do Conselho de Segurança das Nações Unidas e de encontros sobre a situação da Palestina e a solução de dois Estados, o combate à desigualdade, a Comissão de Consolidação da Paz e temas relacionados ao direito internacional humanitário. Além dos ministros Mauro Vieira e Wellington Dias, estão previstas as participações da ministra da Gestão e da Inovação em Serviços Públicos, Esther Dweck; do ministro dos Povos Indígenas, Luiz Eloy Terena; e da ministra da Igualdade Racial, Rachel Barros, em atividades relacionadas às áreas de atuação de cada pasta."	Agência Brasil	politica	False
https://agenciabrasil.ebc.com.br/politica/noticia/2026-09/lei-que-amplia-cargos-da-diretoria-da-oab-e-sancionada	2026-09-22	Lei que amplia cargos da diretoria da OAB é sancionada	Núcleo executivo da OAB Nacional passa a ter sete cargos	O presidente da República em exercício, Geraldo Alckmin, sancionou nesta terça-feira (22) a lei que amplia a composição da Diretoria do Conselho Federal da Ordem dos Advogados do Brasil (OAB), modifica a nomenclatura do secretário-geral adjunto e faculta aos Conselhos Seccionais a criação de diretorias regimentais temporárias. A nova norma altera o Estatuto da Advocacia (Lei 8.906, de 1994) para criar novos cargos na diretoria do Conselho Federal da entidade. O núcleo executivo da OAB Nacional passa a ter sete cargos. Agora, conta com corregedor-geral, diretor tesoureiro, diretor administrativo e diretor executivo. Esses dois últimos cargos substituem o cargo de secretário-geral adjunto. Ficam mantidos os cargos de presidente, vice-presidente e secretário-geral. As funções de direção da OAB são exercidas de forma voluntária, sem remuneração. A mudança nos cargos de diretoria da OAB começou a ser discutida no Congresso Nacional, com o Projeto de Lei 1.743/2024. O projeto nasceu na Câmara, onde foi aprovado, e seguiu para o Senado. A aprovação no Senado ocorreu em 2 de setembro. De lá, seguiu para sanção presidencial. A Ordem dos Advogados do Brasil é a entidade máxima de representação dos advogados no país. Ela regulamenta o exercício da advocacia, fiscaliza e seleciona, através de um exame próprio, os profissionais em atuação no Brasil. Geraldo Alckmin assinou a sanção como presidente da República em exercício, uma vez que Luiz Inácio Lula da Silva estava em Nova York. Nesta terça, Lula discursou na abertura da 81ª Assembleia Geral da ONU . Ele deve desembarcar no Brasil ainda na noite de hoje.	Agência Brasil	politica	False
https://agenciabrasil.ebc.com.br/politica/noticia/2026-09/ministerio-da-justica-demite-eduardo-bolsonaro-por-abandono-de-cargo	2026-09-21	Ministério da Justiça demite Eduardo Bolsonaro por abandono de cargo	Ele foi desligado do cargo de escrivão da Polícia Federal	O Ministério da Justiça e Segurança Pública demitiu o ex-deputado federal Eduardo Bolsonaro do cargo de escrivão da Polícia Federal, por abandono de cargo. A decisão , publicada na edição desta segunda-feira (21) do Diário Oficial da União , tem como base processo administrativo disciplinar que concluiu pela ocorrência de faltas injustificadas por período superior a 30 dias consecutivos. Segundo a portaria, a demissão teve por base a Lei nº 15.047, de 2024, que prevê a penalidade para casos de abandono de cargo. Eduardo Bolsonaro integrava o quadro de pessoal da Polícia Federal e estava afastado da função para exercer mandato eletivo na Câmara dos Deputados . Eduardo Bolsonaro deixou o Brasil em março de 2025 para morar nos Estados Unidos. Eleito deputado federal por São Paulo pela primeira vez em 2014, Eduardo teve o último mandato cassado em dezembro de 2025 por ausência em sessões deliberativas da Câmara. Após a cassação, a Polícia Federal publicou ato declarando o fim do afastamento para exercício de mandato eletivo, com efeitos retroativos a 19 de dezembro de 2025, e determinou seu retorno imediato às atividades como escrivão. Além do processo administrativo que resultou em sua demissão da Polícia Federal, Eduardo Bolsonaro responde a ações judiciais relacionadas à atuação política no exterior. Entre as medidas, estão as tarifas sobre produtos brasileiros , a revogação de vistos de autoridades brasileiras e a aplicação de sanções econômicas previstas na Lei Magnitsky. Segundo o STF, as iniciativas buscavam pressionar instituições brasileiras e interferir no andamento das investigações e processos judiciais. Em junho de 2026, a Primeira Turma do Supremo Tribunal Federal (STF) condenou o ex-deputado a quatro anos e dois meses de prisão , em regime semiaberto, pelo crime de coação no curso do processo. No dia 18 de setembro, a Primeira Turma rejeitou por unanimidade recurso do ex-deputado. O placar da votação foi de 4 votos a 0. Na mesma decisão, o colegiado determinou a inelegibilidade de Eduardo Bolsonaro por oito anos e também recomendou a perda do cargo de escrivão da Polícia Federal. A decisão final sobre a perda do cargo, porém, seguiu vias administrativas. Por unanimidade, os ministros acompanharam o entendimento da Procuradoria-Geral da República (PGR) de que o ex-parlamentar atuou para estimular sanções e medidas adotadas pelos Estados Unidos contra o Brasil com o objetivo de influenciar o julgamento do ex-presidente Jair Bolsonaro que foi condenado a 27 anos de prisão por tentativa de golpe de Estado , em setembro de 2025. Saiba mais no Repórter Brasil Tarde, da TV Brasil *Matéria alterada às 13h56 de 22/9 para esclarecer informação sobre condenação de Eduardo Bolsonaro no STF.	Agência Brasil	politica	False
https://agenciabrasil.ebc.com.br/politica/noticia/2026-09/confira-agenda-dos-presidenciaveis-nesta-quarta-feira-23	2026-09-23	Confira a agenda dos presidenciáveis nesta quarta-feira (23)	Candidatos participam de debates, atos e encontros nesta quarta	A agenda dos presidenciáveis nesta quarta-feira (23) inclui debates, entrevistas e encontros com apoiadores, além de visitas a instituições e atividades de campanha. Também estão previstas panfletagens, caminhada, plenárias sobre educação e movimentos sociais, assinatura de carta-compromisso e ato com artistas e representantes da cultura. Hertz Dias (PSTU) Em Belo Horizonte (MG), participa de panfletagens na região da Escola Estadual Cecília Meireles e na avenida Sinfrônio Brochado. À noite, participa de assinatura da carta compromisso com os candidatos no SindREDE e concede entrevista. Flávio Bolsonaro (PL) Às 19h, faz live no YouTube, no TV Celular Flávio. Luiz Inácio Lula da Silva (PT) No Rio de Janeiro (RJ), participa de ato com artistas, lideranças políticas e personalidades da cultura para debater propostas para o setor. Renan Santos (Missão) Participa de encontro com apoiadores em cidades de São Paulo: Sorocaba, Americana, Nova Odessa e Campinas. Romeu Zema (Novo) Participa de debate da Revista Veja, em São Paulo (SP). Ronaldo Caiado  (PSD) Participa de debate da Revista Veja, em São Paulo (SP). Samara Martins (UP) Em Salvador (BA), faz panfletagem em frente ao complexo fabril Bahia Têxtil e caminhada com mini-trio na Rua do Uruguay. À noite, participa de plenária sobre educação pública na Frente da Biblioteca da Ufba e de reunião com movimentos sociais da Bahia na Casa Preta Zeferina. Wilson Grassi (Democrata) Concede entrevista ao podcast Minuto Micheletto. Augusto Cury (Avante) Visita o Instituto Baccarelli, em São Paulo (SP), e participa do Podcast Os Sócios, em Barueri (SP). À noite, participa do debate da Revista Veja, em São Paulo (SP). Edmilson Costa (PCB) Às 19h, visita o Memorial de Direitos Humanos (antigo Dops) em Belo Horizonte. Os candidatos Rui Costa Pimenta (PCO) e Clariana Barão (DC) não têm agenda pública de campanha nesta quarta-feira. O candidato Leonardo Avalanche (PRTB) não divulgou a agenda pública de campanha até o momento desta publicação. A ordem de apresentação da cobertura da agenda dos candidatos a presidente segue rodízio diário em ordem alfabética. *Texto atualizado às 9h18 para incluir informação de agenda do candidato Flávio Bolsonaro.	Agência Brasil	politica	False
https://agenciabrasil.ebc.com.br/politica/noticia/2026-09/confira-agenda-dos-presidenciaveis-nesta-terca-feira-22	2026-09-22	Confira a agenda dos presidenciáveis nesta terça-feira (22)	Candidatos participam de atos, entrevistas e eventos de campanha	A agenda dos presidenciáveis nesta terça-feira (22) inclui caminhadas, carreatas e atos de campanha, além de entrevistas e participação em podcasts e sabatina. Também estão previstas visita a igreja, inauguração de comitê, plenária de mobilização e reunião com lideranças políticas. Augusto Cury (Avante) Participa de visita à Igreja Casa de Oração do Brás, em São Paulo (SP), e faz caminhada pelo bairro. À noite, participa de sabatina da Revista Veja. Clariana Barão (DC) Em João Pessoa, participa da inauguração do comitê do candidato a governador Pedro Coutinho, do Democracia Cristã. Edmilson Costa (PCB) Faz panfletagem e caminhada no Centro de Belo Horizonte e participa de ato de campanha das candidaturas do PCB na Casa dos Jornalistas. Flávio Bolsonaro (PL) Passa o dia em São Luís (MA). Às 10h22, começa moto-carreata, concentração no QG do Capitão, retorno do aeroporto. Às 12h, participa de comício no bairro Cohajap. Hertz Dias (PSTU) Participa dos podcasts Tamir  Convida e IronTalks Renan Santos (Missão) Às 10h30, participa da missa no Santuário Nacional de Nossa Senhora da Conceição Aparecida, em Aparecida (SP). Às 11h30, participa de encontro no Estacionamento do Santuário. Às 13h, encontra estudantes e apoiadores na Universidade do Vale do Paraíba (Campus Castejón), em São José dos Campos (SP). Às 19h45, tem sabatina no Jornal da Record, São Paulo (SP). Romeu Zema (Novo) Passa o dia em Poços de Caldas (MG). Às 10h, concede entrevista ao vivo à TV Poços. Às 11h, grava entrevista para a Jovem Pan Poços. Às 12h, participa de entrevista ao vivo para a rádio Onda Poços. Às 12h30, tem almoço com empresários, no centro. Às 14h40, faz caminhada no centro de poços. Ronaldo Caiado  (PSD) Participa de carreatas nas cidades de Buriti Alegre e Morrinhos, em Goiás. À noite, faz reunião política com lideranças de Luziânia (GO). Rui Costa Pimenta (PCO) Às 13h, participa da Análise da 3ª , no canal da Rádio Causa Operária no YouTube. Às ⁠20h, concede entrevista para Leandro Fortes, no Canal do Galo Preto. Wilson Grassi (Democrata) Concede entrevista ao portal A Priori. Os candidatos Luiz Inácio Lula da Silva (PT) e Samara Martins (UP) não tem agenda pública de campanha nesta terça-feira. O candidato Leonardo Avalanche (PRTB) não divulgou a agenda pública de campanha até o momento desta publicação. A ordem de apresentação da cobertura da agenda dos candidatos a presidente segue rodízio diário em ordem alfabética. *Texto alterado às 10h53 para atualizar agenda do candidato Luiz Inácio Lula da Silva (PT). Texto atualizado às 11h12, com agenda do candidato Rui Costa Pimenta.	Agência Brasil	politica	False
https://agenciabrasil.ebc.com.br/politica/noticia/2026-09/veja-como-foi-segunda-feira-21-dos-candidatos-presidente	2026-09-21	Veja como foi a segunda-feira (21) dos candidatos a presidente	Presidenciáveis participaram de sabatina e atos de campanha	"A agenda dos candidatos à Presidência nesta segunda-feira (21) incluiu sabatina, atos políticos, encontros com apoiadores e atividades de campanha em diferentes cidades. Augusto Cury (Avante) Em São Paulo, o candidato Augusto Cury participou de um encontro com influenciadores digitais. Em conversa com a imprensa, Cury disse que há atualmente uma indústria que promove o ódio entre eleitores e políticos de direita e esquerda. Segundo ele, essa polarização precisa acabar e que, se eleito, irá governar para todos. Clariana Barão (DC) Em Imperatriz (MA), a candidato Clariana Barão fez adesivaço. Edmilson Costa (PCB) O candidato Edmilson Costa participou de programa do PCB no Youtube. Ele afirmou que uma de suas principais bandeiras é intensificar a democracia por meio da formação de conselhos populares. “Os conselhos populares têm como função proporcionar a atuação do povo na gestão da economia e do Estado. Esses conselhos podem ser eleitos nos locais de trabalho, de moradia, de estudo e funcionariam como uma espécie de estrutura permanente da democracia direta”, disse. Flávio Bolsonaro (PL) O candidato Flávio Bolsonaro cumpriu agenda de campanha em Natal (RN), onde participou de uma moto-carreata e fez um comício. Flávio Bolsonaro disse que irá manter o benefício do programa Bolsa Família, aliado a uma política de corte de impostos. “Vou estender a mão para que possam se qualificar, se capacitar, concluir seus estudos, possam ter na palma da mão a possibilidade de saber onde tem emprego compatível com o que ela sabe fazer perto de onde mora. Como dar um financiamento barato, de longo prazo, e ensinando as pessoas como é que abre o seu próprio negócio”, afirmou. Hertz Dias (PSTU) Em São Paulo, o candidato Hertz Dias teve encontro com o professor e comunicador Thiago Torres, conhecido como Chavoso da USP, e participou de lançamento de livro. Leonardo Avalanche (PRTB) O candidato Leonardo Avalanche não divulgou agenda pública de campanha. Luiz Inácio Lula da Silva (PT) Em viagem a Nova York (EUA), o presidente Lula, candidato à reeleição, defendeu as urnas eletrônicas usadas no sistema eleitoral brasileiro. “Estou muito tranquilo com relação ao processo eleitoral. A nossa urna é muito séria. Aliás, o mundo inteiro deveria adotar o sistema eletrônico do Brasil. Não tem nenhum problema de contestação nas nossas eleições”, disse em entrevista à emissora de televisão CNN. Ele afirmou que o eleitor irá escolher em outubro entre quem defende ""uma política de preservação ambiental, ou de desmatamento; uma política de inclusão social ou abandono das pessoas pobres. O fortalecimento da cultura, ou o fim da cultura. É isso que está em jogo”. Lula afirmou que já pediu para o presidente dos Estados Unidos, Donald Trump, não interferir nas eleições brasileiras e que a relação entre os dois países é “sólida”, sem nenhum sentimento de aversão aos Estados Unidos. Renan Santos (Missão) O candidato Renan Santos participou de sabatina no jornal SBT Brasil . Romeu Zema (Novo) O candidato Romeu Zema participou, na capital paulista, de debate do Flow Podcast. Ronaldo Caiado (PSD) O candidato Ronaldo Caiado participou de debate no Flow Podcast. Rui Costa Pimenta (PCO) O candidato Rui Costa Pimenta não teve agenda pública de campanha. Samara Martins (UP) A candidata Samara Martins não teve agenda pública de campanha. Wilson Grassi (Democrata) O candidato Wilson Grassi não teve agenda pública de campanha. A ordem de apresentação da agenda dos candidatos a presidente segue rodízio diário em ordem alfabética. * Colaboraram Luciano Nascimento (São Luís), Marcelo Brandão (Brasília) e redação de São Paulo."	Agência Brasil	politica	False
https://agenciabrasil.ebc.com.br/politica/noticia/2026-09/escolas-privadas-fora-de-locais-de-votacao-terao-aula-no-df	2026-09-21	Escolas privadas fora de locais de votação terão aulas normais no DF	GDF mudou decreto que previa suspensão geral antes do pleito	O governo do Distrito Federal (GDF) alterou o decreto publicado no dia 11 de setembro sobre a suspensão das aulas nas duas sextas-feiras que antecedem o primeiro e o segundo turno das eleições deste ano, dias 2 e 23 de outubro. Com a mudança, as escolas privadas que não forem requisitadas como locais de votação devem permanecer em funcionamento regular, com a manutenção integral das atividades escolares e das aulas. A alteração foi publicada no Diário Oficial do DF desta segunda-feira (21). Já as escolas públicas continuam com as aulas suspensas nos dias 2 e 23 de outubro, assim como as escolas particulares que forem locais de votação. Se não houver segundo turno, a medida será cancelada no dia 23 de outubro. A norma anterior suspendia as aulas em toda a rede de ensino pública e privada do DF, em virtude da realização das eleições gerais. No caso das creches, as atividades permanecem sem alterações. A reposição de horas-aula na rede de ensino pública deve seguir as diretrizes da Secretaria de Estado de Educação. Nas instituições privadas que tiverem as aulas suspensas, a reposição fica a critério de cada instituição de ensino.	Agência Brasil	politica	False
https://agenciabrasil.ebc.com.br/politica/noticia/2026-09/confira-agenda-dos-presidenciaveis-nesta-segunda-feira-21	2026-09-21	Confira a agenda dos presidenciáveis nesta segunda-feira (21)	Candidatos participam de sabatina e atos políticos	A agenda dos candidatos à Presidência nesta segunda-feira (21) inclui sabatina e atos políticos. Também estão previstos encontros com apoiadores e atividades de campanha em diferentes cidades. Clariana Barão (DC) Em Imperatriz (MA), faz adesivaço na Maçonaria da Rua Alagoas. Edmilson Costa (PCB) Às 19h, Participa, junto com Cleusa Santos, candidata à Vice-Presidência, de conversa sobre educação, trabalho, cultura, lazer e os direitos da juventude brasileira, no YouTube. Flávio Bolsonaro (PL) Participa de moto-carreata e faz comício em Natal (RN). Hertz Dias (PSTU) Em São Paulo, faz encontro com o professor e comunicador Thiago Torres, conhecido como Chavoso da USP, e participa lançamento de livro. Renan Santos (Missão) Participa de sabatina no jornal SBT Brasil. Romeu Zema (Novo) Às 19h, participa do debate do Flow Podcast. Ronaldo Caiado (PSD) Em São Paulo, participa de debate no podcast Flow. Augusto Cury (Avante) Às 14h, tem encontro com influenciadores digitais no Itaim Bibi, em São Paulo (SP). Os candidatos Luiz Inácio Lula da Silva (PT) , Wilson Grassi e Samara Martins (UP) não têm agenda pública de campanha. Os candidatos Leonardo Avalanche (PRTB) e Rui Costa Pimenta (PCO) não divulgaram agenda pública de campanha até o momento desta publicação. A ordem de apresentação da agenda dos candidatos a presidente segue rodízio diário em ordem alfabética.	Agência Brasil	politica	False
https://agenciabrasil.ebc.com.br/politica/noticia/2026-09/eleitores-de-religioes-afro-se-sentem-invisiveis-em-campanha-eleitoral	2026-09-21	Eleitores de religiões afro se sentem invisíveis em campanha eleitoral	Número de adeptos triplicou no país, de acordo com IBGE	"Os brasileiros adeptos de religiões de matriz africana e afro-brasileira não se sentem representados nas campanhas políticas de 2026, avaliam praticantes, religiosos e estudiosos. O número de brasileiros que afirmou seguir uma fé afro-brasileira triplicou entre 2010 e 2022, de acordo com o último censo demográfico do Instituto Brasileiro de Geografia e Estatística (IBGE) . O número chegou a 1,8 milhão de pessoas. Porém, ao contrário dos eleitores cristãos, alvo intenso de disputas, os de matriz afro são deixados de lado na corrida eleitoral. A falta de interesse das campanhas e a baixa representatividade na política refletem preconceito, analisam especialistas e religiosos de matriz afro, como a advogada e umbandista Lívia dos Santos. Ela atribui o problema à intolerância religiosa . ""É muito difícil a gente, que é de religião de matriz africana, se ver representado pelos políticos."" ""A gente tá falando, em uma última análise, de uma sociedade que não se permite conhecer essas religiões, justamente por todo o histórico de marginalização, criminalização dos povos que sempre cultuaram o orixá"", analisa ela. Para o segmento, o combate à intolerância é uma das agendas mais importantes para a democracia. O Artigo 208 do Código Penal protege o sentimento e a liberdade religiosa e atribui pena de um a três anos para o crime de discriminação religiosa. Os praticantes de religiões de matriz africana representam uma parcela menor da população quando comparados aos católicos e evangélicos, cerca de 80% dos brasileiros. No entanto, não é por ser em número inferior que o eleitorado deva ser negligenciado, reforça o pai de santo e pesquisador do Grupo de Pesquisas sobre Povos de Terreiro da Universidade Federal Fluminense (UFF) , Leonardo Vieira. ""Há nichos da política que ainda concebem os povos de terreiro como inferiores."" Segundo Vieira, prevalece a concepção errônea de que os povos de terreiro não são capazes de se organizar politicamente, quando, na verdade, a política é parte da sua existência. ""Essa organização política começa dentro dos terreiros nas suas relações comunitárias e coletivas de organização, economia, de saúde, de educação, de tecnologia, e que é uma forma de fazer política diferente."" De acordo com ele, os postulantes a cargos públicos que são de matriz afro ou que se aproximam do segmento, no entanto, são aqueles capazes de obter o apoio e votos desses eleitores. Em tempos de campanha eleitoral, grandes eventos religiosos são frequentemente explorados por candidatos e transformados em agenda. No caso dos povos de terreiro, arquitetar mobilizações desse tipo não é tão simples, afirmam os pesquisadores. Eles explicam que, no Brasil, a intolerância religiosa ainda faz com que seja um risco sofrer violências por se assumir praticante de religiões afro. Números do Disque Direitos Humanos (Disque 100) evidenciam a necessidade de enfrentamento ao problema. Entre janeiro de 2025 e janeiro de 2026, o serviço registrou 2.774 denúncias de casos do tipo. O serviço do Ministério dos Direitos Humanos e da Cidadania funciona por 24 horas, incluindo sábados, domingos e feriados. O atendimento é gratuito e imediato. As denúncias de violações de direitos humanos, incluindo as de intolerância religiosa, são registradas e analisadas pela equipe do Disque 100 e, posteriormente, encaminhadas aos órgãos competentes. Em situações de emergência, a Polícia Militar local deve ser acionada pelo telefone 190. *Colaborou Isabela Vieira, da Agência Brasil"	Agência Brasil	politica	False
https://agenciabrasil.ebc.com.br/politica/noticia/2026-09/caminhos-da-reportagem-importancia-do-voto-para-jovens-e-idosos	2026-09-21	Caminhos da Reportagem: importância do voto para jovens e idosos	Episódio mostra o que motiva grupos a participar das eleições	Intitulado Do primeiro ao último voto , o próximo episódio do programa Caminhos da Reportagem , que será exibido nesta segunda (21), às 23h30, na TV Brasil , dá voz à parcela dos eleitores brasileiros para quem votar é facultativo e não obrigatório. Jovens com 16 e 17 anos e idosos com 70 anos ou mais estão entre os quase 159 milhões de cidadãos aptos a votar nas eleições de 2026, marcadas para os dias 4 e 25 de outubro. O programa busca entender por que a maioria dessas pessoas faz questão de ir às urnas para exercer o direito reconquistado após o fim da ditadura militar e a volta da democracia no Brasil. “A gente vai decidir o que vai acontecer no começo da nossa vida adulta, como as políticas sobre estágios e faculdade”, opina o estudante Brayan de Sousa, de 17 anos. “Quem tem 70 anos ou mais e vota é uma pessoa que tem consciência da importância do voto”, afirma a pesquisadora Ana Amélia Camarano. Além de jovens e idosos, a equipe do programa entrevistou ativistas e especialistas no assunto. A jornalista Manuela Pinho, que lutou pelo voto dos adolescentes no fim dos anos 1980 na  campanha “Se liga, 16”, conta que fez mobilizações nas ruas e no Congresso. “Em 1988 foi a Constituinte e em 1989 teve a primeira eleição presidencial do período democrático, e esse foi um caldo que favoreceu discutir participação e a defesa da democracia. A gente fez abaixo-assinado e conversou com parlamentares. Quando o direito foi conquistado, o momento foi de divulgar”, lembra Manuela. Há poucos anos, ela reviveu essa história. Foi quando a filha de Manuela, então adolescente, tirou o título de eleitor. “Foi uma vontade dela e eu achei muito interessante. Ela tomou a decisão dela, foi pesquisar e escolheu”, diz. Quem também não deixa de comparecer às urnas é o fiscal de finanças Manoel de Matos. Com deficiência visual, auditiva e física, ele entende que votar é lutar pelos seus direitos. “Nós nos tornamos muitas vezes invisíveis perante a sociedade. E o voto é uma maneira de nós nos colocarmos como cidadãos para dizer: eu tenho deficiência, mas posso contribuir com a democracia desse país.” Com o envelhecimento da população brasileira, o perfil do eleitorado também envelheceu. Em 2022, mais de 14,8 milhões de eleitores tinham 70 anos ou mais, em 2026 são mais de 17,2 milhões. Ao mesmo tempo, o número de eleitores com 16 e 17 anos diminuiu em quase meio milhão. No ar desde 2008, o Caminhos da Reportagem é uma das produções jornalísticas brasileiras mais prestigiadas pelo público e a crítica. No final de 2025, o programa da TV Brasil ultrapassou a marca de 100 prêmios recebidos. Os reconhecimentos atestam a relevância editorial, a qualidade jornalística e o compromisso da equipe com reportagens aprofundadas sobre os mais variados temas de interesse público. Exibido às segundas, às 23h30, o Caminhos da Reportagem tem horário alternativo na madrugada para terça, às 3h. A produção disponibiliza as edições especiais no site http://tvbrasil.ebc.com.br/caminhosdareportagem e no YouTube da emissora pública em https://www.youtube.com/tvbrasil . As matérias anteriores também estão no aplicativo TV Brasil Play , disponível nas versões Android e iOS, e no site http://tvbrasilplay.com.br . Acompanhe a programação da TV Brasil pelo canal aberto, TV por assinatura e parabólica. Sintonize: https://tvbrasil.ebc.com.br/comosintonizar . Seus programas favoritos estão no TV Brasil Play , pelo site http://tvbrasilplay.com.br ou por aplicativo no smartphone . O app pode ser baixado gratuitamente e está disponível para Android e iOS. Assista também pela WebTV: https://tvbrasil.ebc.com.br/webtv. Caminhos da Reportagem – Do primeiro ao último voto : segunda-feira (21/9), às 23h30, na TV Brasil – com reprise na madrugada às 3h. TV Brasil na internet e nas redes sociais Site – https://tvbrasil.ebc.com.br Facebook – https://www.facebook.com/tvbrasil Instagram – https://www.instagram.com/tvbrasil YouTube – https://www.youtube.com/tvbrasil X – https://x.com/TVBrasil TikTok – https://www.tiktok.com/@tvbrasil TV Brasil Play - http://tvbrasilplay.com.br	Agência Brasil	politica	False
https://agenciabrasil.ebc.com.br/politica/noticia/2026-09/samara-martins-propoe-dobrar-salario-minimo-e-instituir-escala-4x3	2026-09-20	Samara Martins propõe dobrar salário mínimo e instituir escala 4x3	Plano de governo fala em construir sociedade socialista	"Sob o título Unidade Popular pelo Socialismo , o programa de governo da candidata a presidente Samara Martins, do partido Unidade Popular (UP), apresenta explicitamente um projeto de transformação estrutural do modelo econômico e político brasileiro. O objetivo declarado no documento é superar as desigualdades do capitalismo e construir uma sociedade socialista. >> Veja a íntegra do documento: A Agência Brasil publicou matérias com os programas de governo de todos os candidatos à Presidência nas eleições deste ano. Os textos foram liberados seguindo a ordem alfabética do nome do candidato. Neste domingo (20), serão publicadas as matérias referentes aos candidatos Romeu Zema , Samara Martins e Wilson Grassi . Partido criado em 2016 e identificado com o campo da esquerda radical, a UP disputa a Presidência da República em 2026 com uma candidatura formada exclusivamente por mulheres. Cabeça da chapa, Samara, 38 anos, é cirurgiã-dentista e trabalhadora do Sistema Único de Saúde (SUS) no Rio Grande do Norte. Foi candidata a vice-presidente pela legenda em 2022, com Leonardo Péricles, atual presidente do partido. A candidata a vice é Raquel Brício, 34 anos, guarda portuária e dirigente sindical no Pará, que já disputou eleições para deputada estadual e para a prefeitura de Belém. ""O Brasil é um dos países mais ricos do mundo, mas o povo vive na pobreza. Essa desigualdade não é natural. Ela resulta de um modelo econômico que coloca os interesses dos capitalistas acima das necessidades populares"", diz o programa, que faz um diagnóstico extremamente crítico da economia de mercado e propõe medidas radicais para modificar o sistema em vigor. ""Defendemos que saúde, educação, água, energia, saneamento, moradia, transporte, cultura e comunicação sejam direitos, e não mercadorias. Defendemos o fim da escala 6x1, a redução da jornada com aumento salarial, a elevação em 100% do salário mínimo, a reindustrialização, a reforma agrária, a soberania nacional, o fortalecimento da ciência e a recuperação do controle público dos setores estratégicos"", prossegue o texto. A UP também promete enfrentar ""todas as formas de exploração"", como racismo, machismo, LGBTfobia, capacitismo e opressão, bem como assegurar territórios e proteção de povos indígenas, quilombolas e comunidades tradicionais. O programa de governo da UP, que está registrado no Tribunal Superior Eleitoral (TSE), tem 67 páginas e está organizado em 18 eixos temáticos. No tema de trabalho e salário, por exemplo, o partido propõe dobrar o valor atual do salário mínimo de forma imediata , o que significaria um acréscimo exato de R$ 1.621, fazendo o novo valor totalizar R$ 3.242. Também defende o fim da escala 6x1 e o estabelecimento da escala 4x3 para todos os trabalhadores do país, além de garantia de emprego para todas as pessoas adultas capazes de trabalhar. Na área econômica, o programa propõe a suspensão imediata do pagamento da dívida pública e realização de auditoria cidadã. A UP afirma que os recursos liberados seriam redirecionados para políticas sociais e estima em cerca de R$ 2 trilhões o montante que poderia ser deslocado do serviço da dívida. O partido também se compromete com a nacionalização dos bancos e estatização do sistema financeiro, com fusão das instituições bancárias sob controle estatal e gestão dos trabalhadores. Propõe ainda o fim da autonomia do Banco Central (BC), submetendo as políticas monetária e cambial às diretrizes do governo ao que o programa denomina desenvolvimento social. O programa da UP ainda prevê reestatização de empresas privatizadas, citando expressamente Eletrobras e a Petrobras , que passariam a ter controle 100% estatal, e retomada de empresas como Vale, companhias que controlam ferrovias, e empresas de saneamento e telecomunicações. O programa também propõe monopólio público em geração de energia, mineração, produção e distribuição de combustíveis e indústria de defesa. O texto também estabelece o fim de novas privatizações e dos leilões de petróleo e revisão e eventual revogação das concessões privadas de portos, aeroportos e rodovias. No transporte urbano, prevê estatização das frotas, criação de empresas públicas e reestatização de linhas privatizadas de metrô e trem, incluindo o fortalecimento da Companhia Brasileira de Trens Urbanos (CBTU), empresa pública federal que administra linhas férreas em diferentes estados. Na parte tributária, a UP propõe isenção do Imposto de Renda para trabalhadores, retirada de impostos sobre itens da cesta básica e produtos essenciais e instituição de tributação progressiva sobre grandes fortunas, lucros, dividendos e heranças de bilionários . Também propõe mudanças nos impostos ICMS/IVA, com redução de alíquotas e isenções para determinados produtos. A candidatura de Samara Martins cita ainda propostas de criminalização da misoginia, ampliação da rede de atendimento às mulheres, igualdade salarial com homens, rede pública de cuidados e descriminalização e legalização do aborto. Para a população negra, o plano de governo fala em ampliação das ações afirmativas e titulação de territórios quilombolas. A demarcação e a titulação de terras indígenas também são pontos abordados no programa. O documento propõe também realização de ampla reforma agrária e ""nacionalização da terra"". O programa cita reforma urbana, com produção pública de moradias, urbanização de favelas, regularização fundiária, utilização de imóveis públicos ociosos e desapropriação de propriedades que não cumpram função social. Na área de segurança, o programa da UP prevê desmilitarização das polícias, reorganização das carreiras policiais e mudança do modelo de segurança. O Poder Judiciário passaria a ter eleição direta de juízes e tribunais superiores, com o fim dos chamados ""penduricalhos"" que aumentam os salários muito acima do teto constitucional. O plano também defende o fortalecimento da Justiça do Trabalho e reforma do sistema penitenciário. No setor de comunicações, o programa prevê o que chama de ""estatização dos monopólios de TV e rádio"" e apoio à imprensa comunitária e alternativa . Já as políticas culturais teriam como prioridade o incentivo à cultura popular e uma proposta de nacionalização de grandes gravadoras e produtoras cinematográficas."	Agência Brasil	politica	False
https://agenciabrasil.ebc.com.br/politica/noticia/2026-09/renan-propoe-cortes-na-previdencia-e-alterar-pisos-da-saude-e-educacao	2026-09-19	Renan propõe cortes na Previdência e alterar pisos da saúde e educação	"Candidato do partido Missão defende ""ajuste fiscal urgente” no país"	O candidato à Presidência da República do partido Missão, o empresário Renan Santos, apresentou um plano de governo de 51 páginas com propostas que vão desde o fim do Bolsa Família até a tutela federal de municípios considerados “ineficientes”. >> Veja a íntegra do documento: A Agência Brasil publica até domingo (20) matérias com os programas de governo de todos os candidatos à Presidência nas eleições deste ano. Os textos serão liberados seguindo a ordem alfabética do nome do candidato. Neste sábado (19), serão publicadas as matérias referentes aos candidatos Renan Santos, Ronaldo Caiado e Rui Costa Pimenta . Na primeira parte do plano, o Missão propõe um “ajuste fiscal urgente” por meio da desindexação de benefícios previdenciários e assistenciais do reajuste do salário mínimo. Com isso, os reajustes seriam limitados à variação da inflação, sem qualquer ganho real, como ocorre hoje. A “revisão” do abono salarial, a redução de renúncias fiscais, o fim dos “supersalários” e uma reforma da Previdência compõem o ajuste fiscal que chegaria a R$ 1,1 trilhão até 2031, segundo cálculos do candidato. Renan Santos também propõe desvincular os pisos mínimos da saúde e educação da chamada receita corrente líquida (RCL) . Atualmente, os gastos com saúde e educação são definidos com base na RCL da União, sendo 15% para saúde e 18% para educação. O fim da vinculação dessas despesas abre espaço para cortes nessas áreas. O plano de governo prevê ainda a criação da Comissão Federal de Gestão Pública para estabelecer critérios de avaliação de prefeituras, com previsão de “tutela” federal sobre cidades consideradas com gestão ineficiente. Outra proposta do partido Missão é acabar com o Bolsa Família para substituir o programa por “Frentes Cidadãs”, que seria um “trabalho remunerado em prol da comunidade”. Na infraestrutura, o candidato promete dobrar os investimentos na área até chegar a 4% do Produto Interno Bruto (PIB) e ampliar a malha ferroviária de 30 mil para 40 mil quilômetros de extensão por meio do “espaço fiscal” que o corte de gastos abriria, segundo calcula o partido. A proposta do candidato presidencial do Missão prevê ainda declarar “guerra ao crime” por meio da publicação de decretos de “Estado de Defesa”, que implementariam, na visão do candidato Santos, uma legislação específica chamada de “Direito Penal do Inimigo” para processar e julgar membros de organizações criminosas. Entre as mudanças, estaria a dissolução de “entidades públicas ou privadas infiltradas pelo crime organizado”; julgamento de casos em “tribunais especializados com magistrados selecionados”; e federalização de todos os processos envolvendo facções. Na área da saúde, Santos promete novos critérios para fila do atendimento do Sistema Único de Saúde (SUS), que priorize a gravidade de cada caso , além da criação de um programa de saúde e tecnologia que combine telemedicina, diagnósticos por Inteligência Artificial (IA), entre outras medidas. Para a cultura, o candidato promete fundir o Ministério da Cultura com o da Educação, transferir recursos da cultura para segurança, além de revisar a Lei Rouanet, que prevê benefícios fiscais para empresas que apoiam projetos culturais. Na educação, o candidato propõe a adoção do “sistema fônico de alfabetização”, ampliação das escolas cívicos-militares, com “ordem disciplinar rígida” e redução de repasses para escolas menos “ordeiras”. Renan Santos promete ainda abolir as cotas na educação brasileira e acabar com a autonomia universitária, que concede às universidades independência pedagógica e administrativa, para instituir um “alinhamento estratégico” das instituições públicas de ensino superior com o governo federal. O plano de governo propõe ainda a celebração de acordos bilaterais com Estados Unidos (EUA) e a União Europeia (UE) na área de terras raras, mas não cita a China, que lidera a corrida comercial global no setor. No plano internacional, o plano do candidato Renan Santos prevê o Brasil como “Árbitro do Sul Global” que “lidere” a América do Sul e rejeita o “alinhamento ideológico automático” com os EUA. O plano de governo de Renan Santos propõe ainda a “desfavelização” do Brasil, no prazo de dez anos , por meio da conversão de favelas em “bairros formais”. O plano prevê a instituição de hipotecas de R$ 200 a R$ 500 para os beneficiários. Além disso, propõe o prazo de 48 horas para demolição de construção habitacional não legalizada e a criminalização de quem organiza ocupações consideradas irregulares. Segundo a campanha do candidato, o projeto custaria entre R$ 1,2 bilhão e 1,5 bilhão, recursos que superam os limites permitidos de aumento de gastos hoje definidos pelo arcabouço fiscal. O plano prevê, contudo, que o Tesouro Nacional ficaria com R$ 50 bilhões a 85 bilhões dessas despesas ao alegar que o programa “se autofinancia” por meio de hipotecas e recursos advindos do Imposto Predial e Territorial Urbano (IPTU) nas novas áreas ou da “recuperação do furto de energia”.	Agência Brasil	politica	False
https://agenciabrasil.ebc.com.br/politica/noticia/2026-09/confira-agenda-dos-presidenciaveis-nesta-fim-de-semana-19-e-20	2026-09-19	Confira a agenda dos presidenciáveis neste fim de semana (19 e 20)	Candidatos participam de sabatinas, atos e caminhadas no sábado	A agenda dos candidatos à Presidência neste fim de semana inclui sabatinas, atos políticos, caminhadas e panfletagens. Também estão previstas visitas a municípios, participação em eventos e manifestações culturais, além de encontros com empresários e apoiadores e atividades de campanha em diferentes cidades. Augusto Cury (Avante) Participa de sabatina do Jornal da Record, em São Paulo (SP), sábado. Flávio Bolsonaro (PL) No sábado, faz comícios em Joinville (SC) e Chapecó (SC). Hertz Dias (PSTU) No Rio de Janeiro, faz panfletagem no calçadão de Madureira e participa de festa da campanha na Portelinha. Luiz Inácio Lula da Silva (PT) Participa de ato no Centro de Florianópolis (SC), no sábado pela manhã. Renan Santos (Missão) No sábado, visita os municípios de Capão da Canoa (RS), Criciúma (SC) e Florianópolis (SC). Domingo, visita Balneário Camboriú (SC), 13h Blumenau (SC) e Curitiba (PR). Romeu Zema (Novo) Participa de caminhada na feira Eldorado, em Contagem, no sábado. Também almoça com empresários e apoiadores na cidade. Ronaldo Caiado  (PSD) No sábado, visita o comércio do Centro de Osasco (SP) e participa de sabatina no SBT. Samara Martins (UP) No Rio de Janeiro, faz caminhada em Madureira e panfletagem faz panfletagem em frente à Império Serrano, no sábado. À noite, participa de voo noturno nos Arcos da Lapa. Wilson Grassi (Democrata) Participa do Rocky Mountain Games, em São Paulo, no sábado. A candidata Clariana Barão (DC) não tem agenda pública de campanha. Os candidatos Edmilson Costa (PCB), Leonardo Avalanche (PRTB), e Rui Costa Pimenta (PCO) não divulgaram a agenda pública de campanha até o momento desta publicação. A ordem de apresentação da agenda dos candidatos a presidente segue rodízio diário em ordem alfabética.	Agência Brasil	politica	False
https://agenciabrasil.ebc.com.br/politica/noticia/2026-09/zema-propoe-saida-do-brics-e-reducao-de-supersalarios-e-de-impostos	2026-09-20	Zema propõe saída do Brics e redução de supersalários e de impostos	Candidato do Novo propõe criação de regime alternativo à CLT	"O programa de governo do candidato do partido Novo à Presidência da República, Romeu Zema, está dividido em 15 temas. Entre as medidas propostas pelo candidato estão a eliminação de supersalários para os agentes públicos, a redução das taxas de juros e de impostos sobre operações financeiras e a criação de um regime alternativo à Consolidação das Leis do Trabalho (CLT). >> Veja a íntegra do documento: A Agência Brasil publicou matérias com os programas de governo de todos os candidatos à Presidência nas eleições deste ano. Os textos foram liberados seguindo a ordem alfabética do nome do candidato. Neste domingo (20), serão publicadas as matérias referentes aos candidatos Romeu Zema, Samara Martins e Wilson Grassi . O plano do candidato do partido Novo prevê classificar facções criminosas como organizações terroristas. O texto defende a construção de presídios de segurança máxima para terroristas em regiões remotas e isoladas. Também propõe a atuação integrada das Forças Armadas às polícias e a prisão preventiva obrigatória na terceira prisão em flagrante. Sugere-se ainda a redução da maioridade penal para 16 anos ou menos e o fim da progressão acelerada de penas. As delegacias da Mulher passariam a operar 24 horas e seriam ampliadas as Patrulhas Maria da Penha. O plano pretende restringir o foro privilegiado apenas ao Presidente da República. A progressão de pena para corruptos ficará condicionada à devolução total dos valores desviados. O texto propõe que aumentos patrimoniais incompatíveis aos rendimentos de agentes públicos disparem sindicâncias automáticas. O documento prevê também a eliminação de supersalários aos agentes públicos, limitação de férias a 30 dias e extinção da aposentadoria compulsória punitiva. O documento defende a limitação do poder do Supremo Tribunal Federal (STF) e a proibição de que um único ministro suspenda leis, bloqueie políticas públicas ou imponha obrigações ao governo. O texto é favorável a retirar do STF as competências para julgar matérias tributárias e penais, e limitar as possibilidades de reversão de decisões do Congresso. Prevê ainda a criação de uma corregedoria para o STF e a proibição que escritórios de parentes de ministros advoguem nos tribunais superiores. Também pretende tornar obrigatória a investigação de ministros do STF quando apoiada pela maioria do Senado ou por iniciativa popular. O texto defende uma reforma da Previdência abrangendo estados e municípios, militares e a previdência rural. Também sugere um mecanismo de reajuste automático da idade de aposentadoria pela expectativa de vida. O plano prevê conter despesas obrigatórias, inclusive emendas parlamentares. O texto sugere a privatização de todas as empresas estatais e a venda de imóveis públicos sem uso. O plano propõe a redução das taxas de juros por meio de um “choque fiscal” e a diminuição dos impostos sobre operações financeiras. Prevê a redução do Imposto sobre Operações Financeiras (IOF) sobre empréstimos e a diminuição do Imposto de Renda para empresas. O documento sugere conceder à iniciativa privada a construção, operação e manutenção de ativos com viabilidade econômica e, aonde ""o mercado não chegar sozinho”, garantir a presença do Estado via parcerias público-privadas (PPPs). A proposta defende a expansão de acordos comerciais, impulsionando a atração de investimentos e ampliando as oportunidades de exportação para as empresas brasileiras e prevê atrair investimentos principalmente em data centers e para as cadeias de inteligência artificial (IA), evitando uma regulação ""precoce e ampla"". O texto propõe a criação de um regime alternativo à Consolidação das Leis do Trabalho (CLT), em que o trabalhador e empregador possam ajustar o modelo de contratação às suas preferências, com prevalência do negociado sobre o legislado. O modelo proposto permite ajustes na jornada diária, divisão de férias e pagamentos salariais, e também a isenção de encargos sobre um salário mínimo para contratados vindos da informalidade, e a eliminação de contribuições sobre a folha sem relação laboral. Ainda é sugerido o fim do monopólio sindical e o direito de exploração econômica de terras por comunidades indígenas, regulamentando o exercício de atividades como agricultura, pecuária, extrativismo e turismo. A proposta visa fazer valer, na prática, a nova Lei Geral do Licenciamento Ambiental, garantindo o cumprimento dos novos prazos e regras pelos órgãos ambientais federais, estaduais e municipais, para que os projetos de infraestrutura deixem de travar por insegurança e demora na obtenção das licenças. Cria um regime de “Projetos de Interesse Nacional”, com tramitação prioritária: uma via rápida para obras estratégicas, com prazos e ritos mais céleres e prioridade junto a todos os órgãos licenciadores. O candidato propõe reestruturar a formação de preços e retirar encargos setoriais para reduzir a conta de luz. No setor petrolífero, o texto defende abrir o setor à concorrência: desverticalizar a Petrobras, separando as operações de produção, refino, transporte e logística em diferentes empresas para permitir a entrada de novos concorrentes e ampliar a concorrência. O plano de governo prevê retomar o levantamento geológico do território nacional com dados abertos e padrão internacional e pretende acabar com o garimpo ilegal e a ""mineração do crime organizado"". O candidato também pretende enfrentar a mineração ilegal como política de segurança pública, integrando forças policiais, órgãos de fiscalização e inteligência financeira, com rastreabilidade da origem do minério e responsabilização de quem compra de origem criminosa. A diplomacia será orientada pelo pragmatismo comercial. O texto prevê a saída do Brasil do bloco Brics. O plano prioriza a adesão imediata à Organização para a Cooperação e Desenvolvimento Econômico (OCDE) e transforma o Mercosul em zona de livre comércio. O programa defende a coordenação junto com os Estados Unidos e demais países interessados no combate ao crime organizado. O candidato defende que, se eleito, a administração pública seja orientada pela gestão por resultados e satisfação do cidadão. Deverá ser instituída a avaliação 360 graus e possibilidade de demissão por baixo rendimento. Prevê-se a unificação de carreiras, redução de ministérios e o fim de cargos obsoletos. O texto propõe modelos de contratação flexíveis sem estabilidade ampla ou por tempo determinado. Todo o governo federal será digitalizado com prazos máximos para prestação de serviços. O plano pretende facilitar a compra e produção nacional de fertilizantes e agrotóxicos para diminuir a dependência externa. O texto defende a ampliação da infraestrutura de transportes e armazenagem para baratear o frete. O licenciamento ambiental deverá ser simplificado para destravar investimentos produtivos. A proposta é criar um fundo privado com aportes públicos para fortalecer o mercado de seguro rural. O texto também prevê o porte de armas de fogo em toda a extensão rural e a prioridade à emissão ágil de títulos de propriedade rural para dar segurança aos proprietários. Segundo o programa, o desmatamento ilegal e a grilagem de terra serão combatidos com inteligência e monitoramento via satélite. Propõe-se estruturar um ambiente desburocratizado para a comercialização de créditos de carbono. O texto prevê a concessão de parques nacionais à iniciativa privada para fomentar o turismo sustentável. Também serão feitas obras de contenção, sistemas de drenagem e novos planos diretores municipais. Será promovida a educação ambiental focada na convergência entre conservação e desenvolvimento. A prioridade do programa é a aprendizagem dos alunos e a alfabetização na idade certa. O texto prevê vagas em creches via parcerias privadas. O currículo será reformulado com foco em português, matemática, ciências e habilidades digitais. O Ministério da Educação (MEC) focará apenas na educação básica, passando o ensino superior ao Ministério de Ciência e Tecnologia . A proposta é autorizar o homeschooling e as escolas cívico-militares. O texto prevê também reformular os critérios de concessão de bolsas, como as da Coordenação de Aperfeiçoamento de Pessoal de Nível Superior (Capes) e do Conselho Nacional de Desenvolvimento Científico e Tecnológico (CNPq). O texto prevê a modernização da saúde com base em um registro nacional com prontuário eletrônico. A proposta defende a expansão do atendimento remoto e o monitoramento de pacientes via telemedicina. Será fortalecida a Estratégia Saúde da Família vinculando incentivos ao controle de doenças crônicas. Para zerar filas, serão comprados serviços e capacidade ociosa na rede hospitalar privada. O programa prevê ainda o combate de entraves excessivos do marco regulatório da Agência Nacional de Saúde Suplementar (ANS) para permitir modelos diferenciados de planos de saúde, ampliando a competição no setor e as opções disponíveis aos beneficiários."	Agência Brasil	politica	False
https://agenciabrasil.ebc.com.br/politica/noticia/2026-09/wilson-grassi-defende-imposto-unico-e-mais-rigor-contra-faccoes	2026-09-20	Wilson Grassi defende imposto único e mais rigor contra facções	Plano de governo do Partido Democrata é dividido em 14 eixos	O candidato à Presidência da República Wilson Grassi, do Partido Democrata, protocolou no Tribunal Superior Eleitoral (TSE) o programa de governo intitulado Brasil em Primeiro Lugar . O documento de 58 páginas é dividido em uma carta ao eleitor e 14 eixos de propostas, além de um cronograma de realização para os 100 primeiros dias de um eventual governo. >> Veja a íntegra do documento: A Agência Brasil publicou matérias com os programas de governo de todos os candidatos à Presidência nas eleições deste ano. Os textos foram liberados seguindo a ordem alfabética do nome do candidato. Neste domingo (20), serão publicadas as matérias referentes aos candidatos Romeu Zema , Samara Martins e Wilson Grassi. Entre as principais propostas elaboradas pela candidatura de Wilson Grassil está a criação do Imposto Único Federal (IUF). A ideia é que haja um único imposto cobrado automaticamente sobre movimentações bancárias, em substituição de nove tributos federais sobre folha, faturamento e produção. O plano de governo também prevê isenção do Imposto de Renda Pessoa Física (IRPF) para quem ganha até cinco salários mínimos (R$ 8.105) e o fim da tributação sobre o emprego , com a extinção da contribuição previdenciária patronal sobre a folha de pagamento para desonerar a contratação formal. Também estão previstos cursos financiados pela União e executados com o Sistema S e rede técnico-federal com oferta condicionada à demanda real de contratação na região. Para o isolamento de facções e asfixia financeira, o documento propõe a expansão do sistema penitenciário federal de segurança máxima para lideranças criminosas com bloqueio efetivo de sinal telefônico, somada à integração de inteligência financeira para confisco de bens. Wilson Grassi sugere a realização de um plebiscito sobre o modelo penitenciário no país . A proposta é que a consulta decida sobre a adoção de um modelo de confinamento de segurança máxima em grande escala (nos moldes de El Salvador), sem supressão de garantias individuais. O candidato defende a unificação das saúdes humana, animal e ambiental, com vigilância de zoonoses e participação de médicos-veterinários na política de saúde . Na atenção primária, propõe a expansão da cobertura de equipes de saúde da família com repasses federais estáveis fora da barganha política e criação de carreiras para a fixação de profissionais em áreas remotas. A candidatura também pretende criar uma fila nacional pública para cirurgias e exames eletivos, organizada por critérios clínicos e consultável pelo próprio paciente. Na área educacional, Wilson Grassi promete adotar ações para possibilitar a alfabetização na idade certa, com a condicionalidade do apoio técnico e financeiro federal aos resultados de alfabetização aferidos em avaliações externas . No ensino médio e técnico, o plano de governo prevê a expansão da rede federal de educação profissional orientada pela demanda produtiva regional e integrada aos programas de qualificação. Se eleito, o candidato pretende enviar ao Congresso a Proposta de Emenda à Constituição (PEC) da Pesquisa, para transformar pesquisadores bolsistas em servidores públicos concursados com carreira federal, previdência e salário compatível, exigindo um período de contrapartida de permanência no país. Outra proposta do programa de governo é a portabilidade do aluguel para financiamento: o histórico comprovado de pagamento de aluguel será usado como comprovação de renda para acesso a financiamento habitacional , com parcelas iniciais equivalentes ao valor do aluguel já pago. O documento prevê também a titulação em massa de moradias em áreas consolidadas e prestação de assistência técnica pública gratuita para reforma e ampliação. O candidato também pretende implementar o programa Brasil nos Trilhos, para conclusão dos corredores ferroviários de carga prioritários e incentivo ao regime de autorização ferroviária para investimentos privados, integrando ferrovia, portos, hidrovias e cabotagem. Na área de saneamento e licenciamento, haverá, segundo o plano de governo, cobrança rigorosa das metas do Marco Legal do Saneamento e fixação de prazos com responsáveis nomeados para processos de licenciamento ambiental. Sobre a atividade de mineração em terra indígena, a candidatura promete enviar projeto de lei ao Congresso para regulamentar o Artigo 231, Parágrafo 3º da Constituição, exigindo três condições inegociáveis: consentimento da comunidade via consulta prévia (como prevê a Convenção 169 da Organização Internacional do Trabalho, a OIT), participação econômica paga diretamente aos indígenas e licenciamento ambiental com proibição do uso de mercúrio. O plano prevê apoio à PEC 55/2023 para elevar gradualmente o orçamento da área de defesa a 2% do Produto Interno Bruto (PIB), vinculando no mínimo 35% desses recursos à modernização de equipamentos e tecnologias. Outra proposta do programa de governo é a rastreabilidade bovina antecipada, com apoio financeiro e antecipação voluntária da identificação individual de bovinos nos corredores de exportação antes do encerramento do cronograma oficial em 2032, visando atender a exigências de mercados compradores internacionais. O candidato também se compromete com a recomposição do quadro de fiscais do serviço veterinário oficial por concurso público e a manutenção dos status sanitários internacionais para febre aftosa, influenza aviária e peste suína. O documento prevê ainda um programa nacional de boas práticas de manejo, transporte e abate, oferta de crédito simplificado para a agricultura familiar e priorização das compras públicas de alimentos produzidos localmente.	Agência Brasil	politica	False
https://agenciabrasil.ebc.com.br/politica/noticia/2026-09/caiado-promete-governo-transformador-e-reformas-estruturais	2026-09-19	"Caiado promete governo ""transformador"" e reformas estruturais"	Candidato do PSD diz que buscará cooperação entre os Poderes	O candidato do PSD à Presidência da República, Ronaldo Caiado, promete que, se eleito, implementará um governo e um programa político “transformadores”. Médico e produtor rural, ele foi eleito cinco vezes deputado federal e uma vez senador por Goiás, estado que governou entre 2018 e março de 2026, quando passou a disputar a Presidência. >> Veja a íntegra do documento: A Agência Brasil publica até domingo (20) matérias com os programas de governo de todos os candidatos à Presidência nas eleições deste ano. Os textos serão liberados seguindo a ordem alfabética do nome do candidato. Neste sábado (19), serão publicadas as matérias referentes aos candidatos Renan Santos , Ronaldo Caiado e Rui Costa Pimenta . “O governo transformador combinará pacificação democrática, responsabilidade fiscal, segurança, crescimento baseado em investimento e produtividade, gestão profissional e inserção internacional pragmática”, garante o candidato do PSD em seu plano de governo. “Mas nenhum programa transformador será executado sem cooperação entre os Poderes, apoio no Congresso e confiança da sociedade”, acrescenta o candidato, ao afirmar que, para levar suas propostas adiante, além de vencer as eleições, precisará reconstruir a capacidade de cooperação política e recuperar o papel do Palácio do Planalto como coordenador de ações que exijam a atuação conjunta dos Poderes Executivo, Legislativo, Judiciário, além de estados e municípios. Para o candidato, “segurança é o primeiro dever do Estado e condição para todos os outros direitos”. Ele considera o avanço das organizações criminosas e das milícias por todo o Brasil como o mais grave problema nesta área. O presidenciável promete propor ao Congresso Nacional a aprovação de leis que enquadrem organizações criminosas e milícias como grupos terroristas domésticos; a redução da maioridade penal para 16 anos em caso de crimes graves e o endurecimento das penas para adultos, o que inclui equiparar o furto de celulares ao crime de roubo e estabelecer penas severas para o enriquecimento ilícito. Caiado propõe a criação do Ministério da Segurança Pública; do Sistema Integrado de Proteção à Soberania Nacional e do Conselho Estratégico Nacional de Segurança Pública e Combate ao Terrorismo Doméstico, do qual participariam os 27 governadores e representantes das instituições públicas de segurança. As mudanças legislativas que ele defende permitiriam o emprego das Forças Armadas contra o crime organizado sem a necessidade de decreto presidencial para Garantia da Lei e da Ordem (GLO). Também estabeleceriam o Regime Especial Disciplinar Antiterrorismo Doméstico (Redad), instituindo penas mais rígidas para líderes, recrutadores, financiadores e apoiadores dessas mesmas organizações, além de endurecer a regulação e o combate às apostas on-line (bets) por representarem ameaças econômicas e de saúde pública. Caiado diz que modernizará a investigação criminal, implantando um protocolo nacional para apuração de homicídios, feminicídios e latrocínios, e dedica especial atenção à proteção de mulheres, crianças e adolescentes. Ele trata, inclusive, da possível criação da Secretaria Nacional da Segurança da Mulher, da Criança e Minorias e do endurecimento das punições em casos de feminicídio – com a possibilidade de progressão somente apenas após 90% de cumprimento da pena e confisco de bens do condenado. Na economia, o pessedista propõe uma “estratégia de desenvolvimento de longo prazo” que, “com a participação relevante do investimento público”, eleve o nível de investimento dos atuais cerca de 17% do Produto Interno Bruto (PIB) para aproximadamente 25%. Para isso, Caiado promete “restabelecer uma trajetória fiscal sustentável”, além de reduzir o custo do capital, qualificar a mão de obra e modernizar a infraestrutura de forma a aumentar a produtividade – o que, reconhece, exigirá mais investimentos em educação, ciência e tecnologia e segurança jurídica. O político goiano diz que, se eleito, promoverá um pacto nacional pela alfabetização e pelo ensino adequado da matemática buscando assegurar que todas as crianças dominem essas competências até o final do 2º ano do ensino fundamental. O programa faz parte de uma diretriz mais ampla para a área educacional inspirada na experiência de seu governo em Goiás, que prevê estratégias que vão da prevenção ao abandono escolar à valorização docente, passando pela ampliação do ensino em tempo integral e do fortalecimento da educação profissional e tecnológica conectada às demandas do mercado de trabalho. Em seu plano de governo, Caiado assegura que pretende fortalecer e preservar os princípios do Sistema Único de Saúde (SUS), mas com maior ênfase no caráter preventivo. “O futuro da saúde brasileira não será construído apenas com mais hospitais, mais equipamentos ou mais recursos. Será construído pela capacidade de organizar melhor o sistema, prevenir mais doenças, utilizar melhor a tecnologia e colocar cada brasileiro no centro do cuidado”, destaca. O candidato promete rever os atuais critérios para agendamento de consultas e procedimentos, priorizando a análise da gravidade dos casos, riscos de progressão de doenças evitáveis, impacto da demora no atendimento, vulnerabilidade e tempo já transcorrido. Com 100 páginas, o plano de Caiado contém propostas também para o agronegócio; ciência, tecnologia e inovação; cultura; defesa; energia; esporte; infraestrutura; meio ambiente; mobilidade; promoção e proteção da Região Nordeste e da Amazônia, entre outros temas.	Agência Brasil	politica	False
https://agenciabrasil.ebc.com.br/politica/noticia/2026-09/rui-costa-pimenta-quer-ampliar-direitos-trabalhistas-e-verbas-da-saude	2026-09-19	Rui Costa Pimenta quer ampliar direitos trabalhistas e verbas da saúde	Candidato do PCO também defende estatização do ensino privado	As propostas de governo do candidato à Presidência da República pelo PCO, Rui Costa Pimenta, dividem-se em 15 temas, com planos em áreas como mercado de trabalho, reforma agrária, habitação e saúde . Na área de saúde, por exemplo, a proposta é garantir mais verbas para a saúde pública, um plano de emergência para construir hospitais e postos de saúde em todo o país e a contratação de profissionais por meio do programa Mais Médicos. >> Veja a íntegra do documento: A Agência Brasil publica até domingo (20) matérias com os programas de governo de todos os candidatos à Presidência nas eleições deste ano. Os textos serão liberados seguindo a ordem alfabética do nome do candidato. Neste sábado (19), serão publicadas as matérias referentes aos candidatos Renan Santos , Ronaldo Caiado e Rui Costa Pimenta. Para ampliar a oferta de profissionais de saúde, o programa de governo do PCO propõe abertura imediata de centenas de cursos de medicina e enfermagem, com livre acesso, sem vestibular, nas universidades públicas. Na área de educação , o plano inclui a estatização do ensino privado, fim dos vestibulares, aumento das verbas para educação pública e jornada de trabalho de no máximo 30 horas semanais para professores. Em relação às políticas habitacionais, o PCO defende expropriação de imóveis vagos que pertençam a especuladores do mercado imobiliário, proibição de despejos e desocupações e construção de milhões de moradias. A reforma agrária é outra bandeira do candidato, que pretende fazer o assentamento imediato de milhões de sem-terra acampados em todo o país e a demarcação de terras indígenas que estão sob disputa com latifundiários . Rui Costa Pimenta também defende o direito de armamento para trabalhadores do campo e indígenas. Na área econômica, há propostas como cancelamento de todas as privatizações realizadas, redução imediata do preço dos combustíveis em 50% , fim da política de paridade com o dólar, reposição integral de 100% das perdas salariais e impostos sobre grandes fortunas, reajustes das aposentadorias e pensões com reposição de 100% das perdas. Há ainda propostas de aumento emergencial de 50% de todos os salários, salário mínimo de pelo menos R$ 7,5 mil, Bolsa Família de pelo menos um salário mínimo, anulação de todas as dívidas dos trabalhadores com o sistema financeiro, fim da independência do Banco Central e fim dos impostos sobre o consumo e os salários. Imposto somente sobre os ganhos dos capitalistas e grandes fortunas. Em relação aos trabalhadores, há previsão de cancelamento da reforma trabalhista, revogação das reformas previdenciárias, aposentadoria, no máximo, aos 25 anos de trabalho para as mulheres e 30 anos para os homens e reajuste das aposentadorias e pensões, com reposição de 100% das perdas. O candidato também defende redução da jornada de trabalho para o máximo de sete horas por dia e cinco dias por semana (35 horas semanais) , salário-desemprego igual ao último salário recebido para todos os trabalhadores demitidos e proibição de despejos e cortes de serviços essenciais (como água, luz, gás etc.) para todos os desempregados.	Agência Brasil	politica	False
https://agenciabrasil.ebc.com.br/politica/noticia/2026-09/veja-como-foi-o-fim-de-semana-dos-candidatos-presidente-0	2026-09-20	Veja como foi o fim de semana dos candidatos a presidente	Presidenciáveis falaram sobre saúde, trabalho, segurança e bets	"Neste final de semana, os candidatos à Presidência da República visitaram os estados de São Paulo, Minas Gerais, Rio de Janeiro e Santa Catarina, onde participaram de atos de campanha, caminhadas e entrevistas. Entre os temas abordados estiveram as prioridades para a saúde, mudanças no sistema prisional, o combate ao crime organizado, direitos do trabalhador, empreendedorismo e a proibição das bets. Augusto Cury (Avante) O candidato participou de sabatina do Jornal da Record. Clariana Barão (DC) A candidata não teve compromissos oficiais de campanha neste final de semana Edmilson Costa (PCB) O candidato concedeu entrevista ao SBT News. Flávio Bolsonaro (PL) O candidato passou o sábado (19) em Santa Catarina. Em discurso ao desembarcar em Joinville, Flávio afirmou que o estado catarinense “é a prova do Brasil que deu certo”. “O povo de Santa Catarina é um povo trabalhador, um povo produtivo, um povo que tem a mentalidade de correr atrás pelos seus méritos”, destacou Flávio. Ainda na cidade, em outro evento de campanha, disse que o modelo do sistema prisional catarinense será implantado em seu futuro governo. “Tem um programa junto aos presos de menor periculosidade aqui e, todos os que querem trabalhar, conseguem emprego. Temos que ter uma parceria do sistema penitenciário junto a empresas para que esses egressos do sistema penitenciário trabalhem, paguem pela sua estadia. Mas, também, saiam daqui com uma profissão e reduzam a taxa de reincidência”, avaliou. Hertz Dias (PSTU) Neste sábado (19), o candidato esteve no bairro de Madureira, na zona norte do Rio de Janeiro, onde fez uma caminhada e conversou com moradores. Segundo ele, é preciso ampliar investimentos em educação, cultura, esporte e geração de emprego, além de oferecer perspectivas de futuro para a juventude trabalhadora. ""A juventude negra das periferias é a principal vítima da violência no país. Milhares de jovens têm suas vidas interrompidas todos os anos, enquanto outros tantos são empurrados para o desemprego, a precarização do trabalho ou o encarceramento. É preciso acabar com essa política que transforma os jovens pobres em alvo permanente da repressão"", defendeu. Leonardo Avalanche (PRTB) Não houve divulgação de agenda pública do candidato neste fim de semana. Lula (PT) Durante comício em Florianópolis, neste sábado (19), o candidato à reeleição reforçou que pretende acabar com as bets no Brasil. Segundo ele, as apostas online estão levando muitas pessoas ao endividamento, causando perda de patrimônio e até da própria vida. “O país proíbe briga de galo, passarinho, cassino, mas as bets entram na nossa casa pelo celular e tem muita gente que não consegue parar de apostar porque as propagandas os induzem a acreditar que vão ganhar. Se depender da minha vontade, eu quero acabar com as bets"", disse. Ele ressaltou que, para começar com esse processo, é importante estar preparado porque há muito dinheiro para financiar a propaganda desse mercado. “Os times de futebol fizeram uma carta essa semana dizendo que, se eu acabar com as bets, vou acabar com o futebol. É mentira, porque o São Paulo foi três vezes campeão do mundo sem ter a bet, assim como também foram campeões o Flamengo, o Corinthians, o Internacional, o Grêmio, a Seleção Brasileira”. Lula afirmou que os times de futebol não podem querer sobreviver às custas do povo, que já é torcedor e frequenta os estádios. Segundo ele, quem não quer que as bets acabem são as emissoras de TV, os influenciadores e empresários. Renan Santos (Missão) O candidato passou mais um dia no Rio Grande do Sul. Neste sábado (19), cumpriu agenda em Capão da Canoa. Em discurso aos apoiadores, Renan falou que “nós vamos militarizar o Brasil e juntos libertar a América do Sul do crime organizado”. Disse ainda que, caso eleito, seu governo vai investigar o envolvimento de políticos com o crime organizado. Sobre a polarização entre Flávio e Lula, Renan firmou que esta é a eleição da desistência: “ambos querem que você não tenha nenhuma esperança de nada diferente"". Romeu Zema (Novo) No sábado (19), o candidato foi a Contagem (MG), onde defendeu estímulos ao microempreendedorismo. Afirmando querer tornar menos burocrática a legislação, Zema propõe mudanças nas atuais regras de autorização de funcionamento de estabelecimentos comerciais. “Quero que tenhamos, no Brasil, o mesmo que fizemos em Minas Gerais: confiar no empreendedor. Que ele passe a operar e, depois, o Estado fiscaliza. Hoje, parte-se do princípio de que ele é um criminoso, que o estabelecimento dele tem que ser aprovado antes dele começar a funcionar. Sou totalmente contrário”, comentou o ex-governador mineiro. “Se alguém quiser abrir uma lanchonete, que abra. Aí, então, o Estado vai lá e fiscaliza. Se não estiver adequado, fecha. Hoje, às vezes, ele fica aguardando por meses para alguém ir lá fazer uma vistoria”, acrescentou. Ele defendeu a redução do chamado “custo-Brasil” e destacou a preocupação com o nível de endividamento da população. “E quando eu falo de custo-Brasil, são vários, principalmente a taxa de juros que, hoje, é altíssima. Qualquer empreendedor que for a um banco pegar dinheiro vai estar pagando 25% ao ano. Lá fora, na Ásia, na Europa, na América do Norte, entre 6% e 7%.” Ronaldo Caiado (PSD) No sábado (19), o candidato esteve em Barretos, no interior de São Paulo, onde participou do Encontro Nacional de Muladeiros do Bem. Entrevistado por jornalistas, o político goiano prometeu que, se eleito, priorizará a saúde e, em particular, a prevenção ao câncer, promovendo o diagnóstico precoce da doença. “A saúde terá prioridade total no sentido de fazer com que o atendimento básico seja de melhor qualidade e eficiência”, declarou. O plano de governo de Caiado propõe a criação, no Sistema Único de Saúde (SUS), da chamada “via rápida do câncer”, estratégia que prevê o atendimento prioritário dos pacientes conforme a gravidade do caso. “Para que as pessoas não cheguem ao hospital já em fase terminal”, explicou. O candidato também apontou algumas das demandas que vem recebendo de empresários do agronegócio. “Mais do que nunca, o setor pede por um seguro rural. E um plano plurianual para que possa sobreviver às intempéries climáticas e às situações de mercado. Além da pacificação o campo”, concluiu Caiado, antes de seguir para Osasco, na região metropolitana da capital paulista, onde concedeu entrevista para uma emissora de TV. Rui Costa Pimenta (PCO) Não houve divulgação de agenda pública do candidato neste fim de semana. Samara Martins (UP) A candidata participou de uma caminhada com panfletagem neste sábado (19), em Madureira, bairro da zona norte da cidade do Rio de Janeiro. Samara apresentou suas propostas para os trabalhadores, com aumento de 100% nos salários, redução da jornada de trabalho e fim da escala 6 por 1. ""Esse bairro é proletário, é dos trabalhadores, do povo negro. Vimos muitos trabalhadores concordando com o nosso programa e cansados da exploração que sofrem no capitalismo"", disse. Wilson Grassi (Democrata) No sábado (19), o candidato participou do Rocky Mountain Games, no Pico do Jaraguá,  na capital paulista. * Colaboraram Alex Rodrigues (Brasília), Douglas Correa (Rio de Janeiro), Flávia Albuquerque e Vitor Abdala (Rio de Janeiro)."	Agência Brasil	politica	False
https://agenciabrasil.ebc.com.br/politica/noticia/2026-09/onu-lula-apoiara-multilateralismo-e-reforma-do-conselho-de-seguranca	2026-09-20	ONU: Lula defende multilateralismo e reforma do Conselho de Segurança	Presidente embarca hoje para Nova York e vai discursar na terça-feira	"O presidente Luiz Inácio Lula da Silva embarca neste domingo (20) para Nova York, nos Estados Unidos (EUA), onde participará da 81ª Assembleia Geral da Organização das Nações Unidas (ONU). No tradicional discurso de abertura na seção de alto nível da assembleia, o presidente deve ressaltar a importância do multilateralismo , uma das linhas centrais da política externa brasileira, em um cenário marcado pela multiplicação de conflitos internacionais. Lula também deverá defender a negociação como caminho para a solução de disputas, o respeito ao direito internacional humanitário e a não interferência em assuntos internos de outros países. O discurso deve apresentar a visão do Brasil sobre os principais temas da agenda internacional. A reforma das Nações Unidas, em particular de seu Conselho de Segurança, deve estar entre os temas abordados. O Brasil defende há anos a atualização da composição e do funcionamento do órgão e critica a sua dificuldade de responder aos conflitos internacionais. Lula terá encontros bilaterais com outros chefes de Estado, que ainda não foram anunciados, além de se reunir com o secretário-geral da ONU, António Guterres, que está em fase final de mandato à frente da entidade internacional. Um dos encontros previstos de Lula será com o prefeito da cidade, o progressista Zohran Mamdani , do Partido Democrata, que governa Nova York desde o início do ano. A agenda presidencial em Nova York prevê a chegada à cidade ainda na noite de domingo (20), com encontros bilaterais reservados para ocorrer ao longo da segunda-feira (21). Na terça-feira (22) de manhã, o presidente terá encontro com Guterres e depois fará o discurso na Assembleia Geral. Ele retorna ao Brasil no mesmo dia. Esta será a 11ª participação de Lula na Assembleia Geral das Nações Unidas como presidente da República. Em seus três mandatos, ele só não compareceu em 2010. O Palácio Itamaraty não informou sobre a expectativa de um encontro entre Lula e o presidente dos EUA, Donald Trump, que não tem confirmação de nenhuma das partes. O presidente norte-americano é o segundo a falar, logo após Lula, e ambos eventualmente poderiam se cruzar nos bastidores do plenário. No ano passado, os dois líderes tiveram um breve contato , quando Lula deixava o palco após seu discurso e Trump se preparava para falar. Na ocasião, o encontro causou boa impressão nos dois presidentes e Trump posteriormente falou em ""química excelente"" entre eles. Foi o primeiro de três encontros entre os dois líderes desde então. De acordo com o Itamaraty, o ministro das Relações Exteriores, Mauro Vieira, permanecerá em Nova York durante toda a semana e participará de uma série de reuniões e encontros ministeriais , entre eles os do Brics, do Fórum de Diálogo Índia-Brasil-África do Sul (IBAS), do G77, do G4, do L69 e da Comunidade dos Países de Língua Portuguesa (CPLP), além de reuniões da Comunidade de Estados Latino-Americanos e Caribenhos (Celac) e do Consenso de Brasília. O ministro também presidirá duas reuniões ministeriais. No dia 23 de setembro, será realizado o encontro da Aliança Global contra a Fome e a Pobreza, iniciativa lançada pelo Brasil durante a presidência brasileira do G20. No dia 24, Mauro Vieira presidirá a reunião ministerial da Zona de Paz e Cooperação do Atlântico Sul (Zopacas). O Brasil ocupa atualmente a presidência da Zopacas, após a realização, em abril deste ano, da 9ª Reunião Ministerial da organização. O país exercerá a presidência pelo período de três anos. O ministro do Desenvolvimento e Assistência Social, Família e Combate à Fome, Wellington Dias, copresidente da Aliança Global contra a Fome e a Pobreza, também participará de atividades em Nova York entre os dias 21 e 23 de setembro, com agendas relacionadas à segurança alimentar, proteção social, financiamento para o desenvolvimento e cooperação internacional. No dia 23, participará do encontro da Aliança Global. A delegação brasileira participará de reuniões do Conselho de Segurança das Nações Unidas e de encontros sobre a situação da Palestina e a solução de dois Estados, o combate à desigualdade, a Comissão de Consolidação da Paz e temas relacionados ao direito internacional humanitário. Além dos ministros Mauro Vieira e Wellington Dias, estão previstas as participações da ministra da Gestão e da Inovação em Serviços Públicos, Esther Dweck; do ministro dos Povos Indígenas, Luiz Eloy Terena; e da ministra da Igualdade Racial, Rachel Barros, em atividades relacionadas às áreas de atuação de cada pasta. Confira mais informações no Repórter Brasil Tarde, da TV Brasil"	Agência Brasil	politica	False
https://agenciabrasil.ebc.com.br/politica/noticia/2026-09/veja-como-foi-sexta-feira-18-dos-candidatos-presidente	2026-09-18	Veja como foi a sexta-feira (18) dos candidatos a presidente	Presidenciáveis participaram de entrevistas e atos de campanha	"A agenda dos presidenciáveis nesta sexta-feira (18) incluiu debates ao vivo, sabatinas e entrevistas para veículos de comunicação, além de visitas a feiras, projeto social e encontro com representantes do setor industrial. Wilson Grassi (Democrata) O candidato Wilson Grassi concedeu entrevista ao jornal O Tempo (MG). Augusto Cury (Avante) O candidato Augusto Cury participou de debate de presidenciáveis do portal Metrópoles, no YouTube. Clariana Barão (DC) A candidata Clariana Barão esteve em Caruaru (PE), onde visitou uma feira de artesanato e o bairro Alto do Moura. Ela disse que uma de suas principais propostas é ampliar o acesso a crédito para mulheres empreendedoras. “Com menos burocracia, melhores condições de financiamento e mais apoio para quem quer abrir ou expandir o próprio negócio”, afirmou. Edmilson Costa (PCB) O candidato Edmilson Costa esteve na cidade de São José do Rio Preto (SP), onde fez panfletagem no calçadão da cidade e campanha no terminal urbano. Flávio Bolsonaro (PL) O candidato Flávio Bolsonaro cancelou entrevista à TV Record. Hertz Dias (PSTU) O candidato Hertz Dias concedeu entrevista ao comunicador Kaled PZR, que integra um projeto social na comunidade do Morro dos Prazeres, no Rio de Janeiro. Ele defendeu a mobilização da classe trabalhadora para garantir moradia, educação, saúde e redução da jornada de trabalho. Leonardo Avalanche (PRTB) O candidato Leonardo Avalanche não divulgou agenda de campanha. Luiz Inácio Lula da Silva (PT) O candidato Luiz Inácio Lula da Silva participou de ato de campanha em Guarulhos (SP). Ele destacou a urgência do combate ao vício nas bets, das políticas de igualdade entre homens e mulheres e de políticas voltadas para a qualidade de vida dos mais pobres. “Se depender de minha vontade, vou acabar com as bets no país. A gente pode perder imposto, o que não posso é perder a vida dos pobres"", disse. Lula ainda propôs construção de política de cuidados e convivência para a terceira idade, investimentos em educação de nível superior, habitação, aumento do salário mínimo e controle da inflação. Renan Santos (Missão) O candidato Renan Santos realizou um ato de campanha em Gramado, cidade da Serra Gaúcha. O candidato voltou a defender ações de combate ao crime e que pretende transformar comunidades das periferias em cidades. “Vamos libertar as pessoas que vivem em favelas e transformar o bairro delas em cidade”, disse. Renan Santos ainda participou de encontro na Pontifícia Universidade Católica (PUC-RS) e no Centro de Tradição Gaúcha (CTG) Vaqueanos da Tradição. Romeu Zema (Novo) O candidato Romeu Zema participou de debate dos presidenciáveis do portal Metrópoles, no YouTube. Ronaldo Caiado  (PSD) O candidato Ronaldo Caiado participou de uma sabatina do programa Café com a Gazeta , em São Paulo, e participou de reunião com conselheiros do Instituto de Estudos para o Desenvolvimento Industrial (IEDI). O candidato defendeu uma revisão da reforma tributária para dialogar com as diferentes realidades do país e diminuir o custo Brasil. “Nós não podemos simplesmente desconhecer essa realidade continental do Brasil com as peculiaridades que têm. Agora, a simplificação [dos impostos], sem dúvida nenhuma, mas que não inviabilize também e jogue as pessoas na informalidade”, disse. Rui Costa Pimenta (PCO) O candidato Rui Costa Pimenta cumpriu agenda em São Paulo, onde concedeu entrevista para a TV 247. Samara Martins (UP) A candidata Samara Martins participou de debate dos candidatos à Presidência do portal Metrópoles, no YouTube. A ordem de apresentação da cobertura da agenda dos candidatos a presidente segue rodízio diário em ordem alfabética. * Colaboraram Douglas Correa (Rio de Janeiro), Guilherme Jeronymo (São Paulo) e Luciano Nascimento (São Luís)."	Agência Brasil	politica	False
https://agenciabrasil.ebc.com.br/politica/noticia/2026-09/ex-vereador-milton-leite-se-entrega-policia-apos-operacao-contra-pcc	2026-09-18	Ex-vereador Milton Leite se entrega à polícia após operação contra PCC	Milton Leite era considerado foragido	O ex-vereador e ex-presidente da Câmara Municipal de São Paulo, Milton Leite, do União Brasil, se entregou à polícia na tarde desta sexta-feira (18). Ele compareceu à Delegacia de Investigações Sobre Entorpecentes na cidade de Mogi das Cruzes, Região Metropolitana de São Paulo, acompanhado de um advogado. Leite foi um dos alvos, nesta quinta-feira (18), de uma operação da Polícia Civil e do Ministério Público de São Paulo que investigava a atuação do Primeiro Comando da Capital (PCC) no transporte coletivo paulistano. Ele teve sua prisão temporária decretada. Ontem, as autoridades foram até a casa do político e não o encontraram. A polícia passou a considerá-lo fugitivo. Leite, ainda na quinta, divulgou nota por meio de sua assessoria informando que não havia fugido, mas que estava viajando e que se apresentaria às autoridades. Ele também declarou que é inocente. A polícia considera que existem vários indícios de que Milton Leite tenha envolvimento com o esquema criminoso do PCC que atinge dezenas de empresas de transporte público de São Paulo. Leite será levado para a cadeia pública de Mogi das Cruzes.	Agência Brasil	politica	False
https://agenciabrasil.ebc.com.br/politica/noticia/2026-09/candidatos-nao-poderao-ser-presos-partir-deste-sabado	2026-09-18	Candidatos não poderão ser presos a partir deste sábado	Medida só admite exceção em caso de flagrante delito	Candidatas e candidatos que disputam as eleições 2026 não poderão ser presos ou detidos a partir deste sábado (19). A medida é prevista pelo Código Eleitoral, para os 15 dias que antecedem o primeiro turno, marcado para 4 de outubro. Ela valerá até 48 horas após o encerramento da votação. Durante o período de vigência da regra, prisões ou detenções só poderão ocorrer em casos de flagrante delito . A garantia alcança todos os candidatos registrados para a disputa eleitoral. De acordo com o calendário aprovado pelo Tribunal Superior Eleitoral (TSE) , os eleitores irão às urnas em 4 de outubro para escolher presidente da República, governadores, senadores e deputados federais, estaduais e distritais.	Agência Brasil	politica	False
https://agenciabrasil.ebc.com.br/politica/noticia/2026-09/lula-propoe-criar-ministerio-da-seguranca-e-aumento-real-do-minimo	2026-09-18	Lula propõe criar Ministério da Segurança e aumento real do mínimo	Investimento em defesa nacional também é prioridade do candidato do PT	Na busca pela reeleição, o candidato do PT à Presidência da República, Luiz Inácio Lula da Silva, baseia parte de seu plano de governo nos feitos da gestão atual. Muitas propostas visam dar continuidade a políticas adotadas nos últimos quatro anos ou aprofundá-las, com mais investimentos ou alcance . >> Veja a íntegra do documento: A Agência Brasil publica até domingo (20) matérias com os programas de governo de todos os candidatos à Presidência nas eleições deste ano. Os textos serão liberados seguindo a ordem alfabética do nome do candidato. Nesta sexta-feira (18), serão publicadas as matérias referentes aos candidatos Flávio Bolsonaro , Hertz Dias , Leonardo Avalanche e Luiz Inácio Lula da Silva. Entre as propostas do plano de governo de Lula, considerando diferentes áreas de gestão, estão o aumento do salário mínimo sempre acima da inflação, investimento em defesa nacional, criação de um ministério para a segurança pública e a ampliação do programa Farmácia Popular com inclusão de exames laboratoriais gratuitos. Em seu programa de governo para uma eventual reeleição, a campanha de Lula fala em criar “a maior rede pública de cuidado ao câncer do mundo”. Para isso, prevê investimentos em diagnóstico e tratamento ao câncer com técnicas e equipamentos modernos , bem como atualização de novos medicamentos quimioterápicos e imunoterápicos. No âmbito do programa Farmácia Popular , existente desde 2004 e que disponibiliza medicamentos da Atenção Primária à Saúde para 12 indicações diferentes, a proposta é incluir exames laboratoriais, de diagnóstico e de monitoramento de condições crônicas de saúde. A meta é incluir doenças como hipertensão arterial e diabetes no rol de exames ofertados pelo programa. Uma das principais propostas de Lula para caso seja reeleito é a criação do Ministério da Segurança Pública. Uma vez criada, a pasta coordenaria, em articulação com estados e municípios, a execução das políticas nacionais de segurança pública. Além disso, fortaleceria a integração entre União, estados e municípios no enfrentamento ao crime organizado, por exemplo. A proposta para o setor visa o fortalecimento do Programa Brasil contra o Crime Organizado, lançado em maio deste ano. No âmbito do programa, Lula pretende avançar no enfrentamento ao tráfico de armas, munições, acessórios e explosivos; asfixiar financeiramente o crime organizado e as milícias, fortalecer a segurança nos presídios, entre outras providências. No campo da educação, Lula promete investir mais em institutos federais de educação técnica e tecnológica . “No novo mandato, continuaremos a expansão da nossa rede de institutos federais, priorizando a interiorização, os vazios educacionais, as periferias urbanas e os municípios com baixa oferta de cursos técnicos”, afirma o programa de governo de Lula. O documento fala também em expandir a cobertura das creches, investir em ensino integral e criar mais oportunidades ao ensino técnico e superior. O plano de governo de Lula prevê isenção de impostos para a cesta básica e “dar continuidade à política de valorização do salário mínimo” . Além disso, fala em “manter a inflação sob controle de forma duradoura e sustentável, garantindo que a renda real da população cresça acima do custo de vida”. Dentre os planos de um novo governo de Lula para a indústria, está o fortalecimento do que chama de neoindustrialização. “O foco estratégico está na inovação, IA [inteligência artificial], minerais críticos e outros ativos capazes de colocar o Brasil de uma vez por todas como protagonista em áreas portadoras de futuro”, diz o plano de governo. As propostas de combate à corrupção passam por dar sequência ao Plano de Integridade e Combate à Corrupção 2025–2027, fortalecendo a prevenção e a responsabilização de corruptos e corruptores. Um novo governo Lula, caso reeleito, promete aprimorar as políticas e medidas de transparência. O Portal da Transparência deverá se basear em dados abertos e inteligência artificial. O discurso da soberania tem sido reiterado por Lula em seu terceiro mandato, sobretudo a partir das tarifas de importação impostas ao Brasil pelos Estados Unidos. O plano de governo fala em proteger as fronteiras e fortalecer a Base Industrial e Tecnológica de Defesa , equipando as Forças Armadas, responsáveis por proteger o território brasileiro e seus recursos naturais. O fortalecimento da Inteligência de Estado também é abordado no plano de governo. A ideia é garantir proteção diante de ameaças geopolíticas, tecnológicas, cibernéticas e do crime organizado transnacional. “A atividade será exercida em caráter civil, subordinada ao Estado Democrático de Direito, à neutralidade político-partidária, aos direitos fundamentais e ao controle democrático, rejeitando seu uso para fins de perseguição política”, afirma o documento da campanha de Lula. Um eventual quarto governo de Lula irá focar na integração da América do Sul e a afirmação da região como zona de paz. O Mercosul, frequentemente exaltado pelo atual presidente, continuará sendo prioridade. “Consolidaremos o Mercosul como principal plataforma de integração econômica, produtiva, política e social da América do Sul”, diz o plano de governo.	Agência Brasil	politica	False
https://agenciabrasil.ebc.com.br/politica/noticia/2026-09/confira-agenda-dos-presidenciaveis-nesta-sexta-feira-18	2026-09-18	Confira a agenda dos presidenciáveis nesta sexta-feira (18)	Candidatos participam de debates, entrevistas e encontros	"A agenda dos presidenciáveis nesta sexta-feira (18) inclui debates ao vivo, sabatinas e entrevistas para veículos de comunicação. Também estão previstas visitas a feira e bairro, além de encontro com representantes do setor industrial e em projeto social. Augusto Cury (Avante) Participa de debate ao vivo no YouTube do Metrópoles Clariana Barão (DC) Em Caruaru (PE), participa da feira de artesanato e visita o bairro Alto do Moura Edmilson Costa (PCB) Passa o dia em São José do Rio Preto. Às 11h faz panfletagem no calçadão. Às 17h,participa de panfletagem no terminal urbano. Flávio Bolsonaro (PL) Concede entrevista ao Jornal da Record Hertz Dias (PSTU) Concede entrevista no Morro dos Prazeres no projeto social  PZR Fábrica de Talentos Luiz Inácio Lula da Silva (PT) Participa, às 19h, do ato Brasil Pronto pra Mais, na Rua Dom Pedro II, no centro de Guarulhos. Renan Santos (Missão) O candidato participa de carreta pelo Rio Grande do Sul. Às 14h, estará no ponto de encontro na Rua Torta, em Gramado. Às 18h30, estará na PUC RS, em Porto Alegre. Às 20h, vai ao CTG Vaqueano da Tradição, em Porto Alegre. Romeu Zema (Novo) Participa de debate ao vivo no YouTube do Metrópoles Ronaldo Caiado  (PSD) Participa de sabatina do programa ""Café com a Gazeta"". Também se reúne com conselheiros do Instituto de Estudos para o Desenvolvimento Industrial Rui Costa Pimenta (PCO) Às 13h, participa de entrevista na TV 247. Samara Martins (UP) Participa de debate ao vivo no YouTube do Metrópoles Wilson Grassi (Democrata) Concede entrevista ao jornal O Tempo (MG) O candidato Leonardo Avalanche (PRTB) não divulgou agenda pública de campanha até o momento desta publicação. A ordem de apresentação da cobertura da agenda dos candidatos a presidente segue rodízio diário em ordem alfabética."	Agência Brasil	politica	False
https://agenciabrasil.ebc.com.br/politica/noticia/2026-09/flavio-bolsonaro-propoe-enxugar-estado-e-endurecer-acoes-de-seguranca	2026-09-18	Flávio Bolsonaro propõe enxugar Estado e endurecer ações de segurança	Candidato também prevê compartilhar dados do SUS com rede privada	"O candidato a presidente da República Flávio Bolsonaro (PL) apresentou um plano de governo marcado por propostas de enxugar o Estado, digitalizar a economia, retomar desestatizações, além de enfrentar o crime por meio do aumento de penas e do encarceramento. >> Veja a íntegra do documento: A Agência Brasil publica até domingo (20) matérias com os programas de governo de todos os candidatos à Presidência nas eleições deste ano. Os textos serão liberados seguindo a ordem alfabética do nome do candidato. Nesta sexta-feira (18), serão publicadas as matérias referentes aos candidatos Flávio Bolsonaro, Hertz Dias , Leonardo Avalanche e Luiz Inácio Lula da Silva . Chamado de Para o Brasil Vencer o Atraso , o plano de governo de Flávio Bolsonaro tem 76 páginas com propostas divididas em nove eixos. No último eixo, o Brasil que Não Volta Atrás, o candidato revela como estruturará, economicamente, suas propostas. Ele afirma que fará um ""tesouraço"" nos gastos públicos, reforma administrativa – com corte de dez ministérios, cargos comissionados e despesas –, ao lado da revisão do pacto federativo, com estados e municípios. Ele propõe um governo próximo ao de seu pai, Jair Bolsonaro, que foi presidente do país entre os anos de 2019 e 2022. O programa de Flávio Bolsonaro começa listando ações de segurança. No documento, informa que pretende declarar facções criminosas e milícias organizações narcoterroristas. Como forma de combater a entrada de drogas no país, uma parte dos negócios do crime, ele também promete uma ""tropa de elite"" das Forças Armadas que irá para patrulhar as fronteiras. Ele sugere ainda a redução da idade penal de 18 para 14 anos , punindo maiores de 14 anos por crimes como estupro, tráfico, tortura e assassinato, classificados pelo Código Penal como crimes hediondos. Por meio de propostas de redução de impostos de energia elétrica e de combustíveis, além da revisão da reforma tributária, o candidato também pretende incentivar o consumo das famílias. Ele apresenta como a principal medida da gestão o corte de gastos públicos, com a intenção de forçar a queda de juros no país. Ele sugere ainda criar corredores logísticos, para baratear o transporte, principalmente de alimentos, aumentar a capacidade de armazenamento de safras do agronegócio e apoiar a produção nacional de fertilizantes. Por meio da tecnologia, Flávio Bolsonaro promete também digitalizar serviços públicos, reduzindo a burocracia e economizando tempo dos brasileiros. Ele pretende começar pelos prontuários de saúde e propõe o compartilhamento do documento, com dados pessoais de pacientes, com os hospitais privados . O texto fala ainda em ""manter a imunização"". O programa ainda prevê oferecer atendimento em saúde por telefone ou aplicativo, em regiões com falta de médico ou com longas filas de espera por especialistas. Já no eixo Brasil que Prepara, que trata sobre a educação, o candidato afirma que mudará o método de alfabetização que relaciona o fonema à letra para o método fônico, que faz associações ao som, além de propor um voucher , uma espécie de cheque, para famílias poderem pagar mensalidades em creches privadas. No ensino básico, há propostas de remuneração de alunos para que deem aulas de reforço aos colegas. Não há medidas listadas para o ensino médio, o candidato propõe somente a ampliação da oferta de cursos técnicos “para atender ao mercado”. Para a educação, ele também pretende criar mais escolas cívico-militares; incluir nos currículos competências para a economia digital, além de robótica; abrir escolas nas férias; e passar a educação superior do Ministério da Educação para o Ministério da Ciência, Tecnologia e Inovação. Apesar de não reconhecer a existência de uma crise climática com aumento de eventos extremos no mundo, o plano traz medidas para a área ambiental. A maior parte delas tem o objetivo de flexibilizar o licenciamento ambiental. No plano, ao tratar de energia, tema que é econômico, mas tem impactos ambientais, a aposta é a exploração de combustíveis fósseis, entre os mais poluentes, ao lado da ampliação da produção de petróleo e gás, assim como a liberação do fracking (método de extração de recursos por meio da perfuração do solo). O programa propõe ""eliminar superposições"" de atribuições de órgãos como a Fundação Nacional dos Povos Indígenas (Funai) e o Instituto Brasileiro do Meio Ambiente e dos Recursos Naturais Renováveis (Ibama). Para o meio ambiente, o documento propõe ainda permitir o autolicenciamento, em situações de decurso de prazo para emissão de licenças; dar incentivos para a produção de combustível sustentável de aviação; e acelerar projetos de mineração com ampliação do capital estrangeiro. Na área de saneamento básico, o candidato quer acelerar concessões e parcerias privadas para atender à população. Desta forma, ele também pretende levar água às escolas e fechar lixões a céu aberto. Para disponibilizar mais moradias, outra intenção é retomar o Programa Casa Verde e Amarela, com o objetivo de erguer 2,5 milhões de residências, que serão vendidas com “a menor taxa de juros possível”."	Agência Brasil	politica	False
https://agenciabrasil.ebc.com.br/politica/noticia/2026-09/gasto-com-policia-e-5-mil-vezes-custo-de-politicas-para-egressos	2026-09-17	Gasto com polícia é 5 mil vezes custo de políticas para egressos	Estudo aponta concentração de recursos no encarceramento de negros	O gasto com polícias nos estados brasileiros corresponde a mais de 5 mil vezes o valor destinado a políticas para pessoas egressas do sistema prisional. Para cada R$ 5.423 gastos com as polícias em 2025, R$ 1.169 foram destinados ao sistema prisional e apenas R$ 1 a políticas exclusivas para egressos. É o que aponta a nova edição da pesquisa “O Funil de Investimentos da Segurança Pública nos Estados Brasileiros” , realizada pelo centro de pesquisa Justa e que será apresentada nesta quinta-feira (17) no 20º Encontro do Fórum Brasileiro de Segurança Pública. O estudo analisou como os governos estaduais, de 26 unidades federativas, distribuem os recursos destinados às polícias, ao sistema prisional e às políticas voltadas para egressos. O Acre não forneceu dados para o estudo. Na comparação com a edição anterior do estudo, que analisou dados de 2024, a desigualdade dessa distribuição de recursos se intensificou. Na ocasião, para cada R$ 4.877 destinados às polícias, foram R$ 1.221 para o sistema penitenciário e R$ 1 para políticas exclusivas para os egressos. O resultado demonstra a concentração dos recursos na porta de entrada do sistema de justiça criminal e uma distribuição de recursos estruturada como um funil de investimentos. Segundo a coordenadora de pesquisas do Justa, Taciana Santos, a priorização orçamentária das polícias não necessariamente resulta em mais segurança para a população. “Esse crescimento de gasto com polícias está associado ao crescimento da bancada da bala e do populismo penal na política, como observamos pelo número de candidatos que se elegem instrumentalizando a insegurança como principal bandeira eleitoral”, avaliou Taciana. Os gastos com as polícias nos estados analisados passaram de R$ 87,5 bilhões, em 2024, para R$ 103,5 bilhões em 2025. Mesmo dentro das corporações, há desproporcionalidade na distribuição dos recursos. As Polícias Militares (PM), responsáveis pelo patrulhamento e policiamento ostensivo, concentraram R$ 60,7 bilhões, o que equivale a 58,6% da verba das polícias. Já as Polícias Civis, encarregadas das investigações de crimes em geral, gastaram R$ 22,2 bilhões (21,5%), enquanto as Polícias Técnico-Científicas, que realizam atividades como perícia e produção de provas, receberam R$ 2,8 bilhões (2,7%). Os R$ 17,8 bilhões restantes correspondem a despesas compartilhadas, que não podem ser atribuídas a uma única corporação. Os dados apontam que os governos estaduais têm priorizado o policiamento ostensivo, em detrimento de ações de investigação e inteligência. “É uma lógica que ajuda a sustentar um modelo de encarceramento em massa, marcado por fragilidades na apuração da autoria e na produção de evidências”, avaliou Luciana Zaffalon, diretora-executiva do JUSTA. Dos R$ 22,3 bilhões gastos pelos estados com o sistema prisional em 2025, cerca de R$ 13,7 bilhões correspondem ao encarceramento de pessoas negras, o equivalente a R$ 6 de cada R$ 10 investidos na área. Para essa estimativa, o Justa cruzou os gastos estaduais com dados do Sistema Nacional de Informações Penais (Sisdepen) de dezembro de 2025. “Os dados evidenciam uma realidade sistêmica: o Brasil prende muito e prende mal. A grande maioria das pessoas presas é pobre e preta, que acabam sendo entregues no sistema prisional às facções. Enquanto isso, os órgãos de segurança pública seguem com baixa capacidade de combater o crime organizado com eficiência”, mencionou Zaffalon. Em 2024, o sistema penitenciário teve R$ 21,9 bilhões de gastos. A diretora executiva explica que, embora os gastos com o sistema prisional se mantenham praticamente estáveis, os aumentos identificados pela pesquisa têm se destinado principalmente à expansão da estrutura carcerária. “Já as reduções atingem despesas diretamente relacionadas às condições de encarceramento, como alimentação e saúde, contribuindo para um estado de precarização e violação de direitos dos apenados”, acrescentou. Na porta de saída do sistema prisional, o Justa constatou que os investimentos permaneceram praticamente estagnados. Os estados destinaram R$ 19 milhões para políticas exclusivas para egressos em 2025, contra R$ 18 milhões no ano anterior. “Como elementos fundamentais da segurança pública, as políticas para egressos permitem apoiar o acesso a documentação, moradia, saúde, educação, trabalho e renda, reduzindo barreiras para a reconstrução da vida após o cumprimento da pena”, enfatizou Zaffalon. No entanto, afirma a diretora, quando o estado destina bilhões à entrada e à permanência no sistema prisional, mas reserva valores residuais para a saída, ele limita as possibilidades de reinserção social e mantém condições que podem favorecer a reincidência. Os dados analisados mostram que apenas sete unidades federativas investiram em políticas exclusivas para egressos em 2025, enquanto no ano anterior eram seis. Entre os estados que investiram, estão Rio Grande do Sul e Santa Catarina, que não investiram no ano passado, mas passaram a registrar investimentos exclusivos para egressos em 2025, com R$ 414 mil e R$ 177 mil, respectivamente. São Paulo teve a maior parcela dos recursos exclusivos para egressos identificados pelo levantamento, com R$ 13,3 milhões, seguido pelo Ceará, com R$ 3,8 milhões. Mato Grosso investiu R$ 781 mil; Bahia, R$ 482 mil; e Sergipe, R$ 19 mil. Já Tocantins, que era um dos estados com investimento na área em 2024, chegou a ter dotação aprovada na Lei Orçamentária Anual, mas não utilizou os recursos nas políticas para egressos.	Agência Brasil	politica	False
https://agenciabrasil.ebc.com.br/politica/noticia/2026-09/edmilson-costa-defende-jornada-de-30-horas-e-fim-da-escala-6x1	2026-09-17	Edmilson Costa defende jornada de 30 horas e fim da escala 6x1	Candidato do PCB propõe o fim do arcabouço fiscal	"O candidato à Presidência Edmilson Costa, do Partido Comunista Brasileiro (PCB), propõe em seu programa de governo reformas estruturais nas áreas sociais e do mundo do trabalho, com a implantação da jornada de 30 horas semanais sem redução salarial e o fim da escala 6x1. Veja a íntegra do documento: A Agência Brasil publica de hoje (17) a domingo (20) matérias com os programas de governo de todos os candidatos à Presidência nas eleições deste ano. Os textos serão liberados seguindo a ordem alfabética do nome do candidato. Nesta quinta, serão publicadas as matérias referentes aos candidatos Augusto Cury , Clariana Barão e Edmilson Costa. No plano Construir o Poder Popular, Rumo ao Socialismo , o candidato do PCB também defende a reforma agrária popular e a recomposição do poder de compra do trabalhador por meio do salário mínimo necessário, de acordo com os cálculos do Departamento Intersindical de Estatística e Estudos Socioeconômicos (Dieese). O programa informa que busca atingir objetivos políticos, econômicos e sociais. Dentre eles, desenvolver a luta permanente contra o imperialismo e a solidariedade militante a Cuba, à Palestina, ao povo do Irã, da Venezuela e ""todos os povos que enfrentam a velha ordem imperial e defendem sua soberania e autodeterminação"". “Defendemos o fim dos monopólios nas comunicações; a estatização das áreas estratégicas da economia e dos setores produtores de bens necessários à vida, como água, energia, saneamento etc.; a proteção ao meio ambiente; um amplo programa de moradia popular digna; o combate às opressões e a todo e qualquer tipo de discriminação e preconceito”, diz o documento. O candidato também quer o fim do arcabouço fiscal; saúde, transporte coletivo e educação 100% públicos e de qualidade para todos; e a adoção de uma lei de responsabilidade social para garantir recursos à implementação de políticas sociais voltadas a atender às reais necessidades da população. A candidatura do PCB informa que propõe um novo caminho para o Brasil, colocando um conjunto de questões para debate na sociedade. ""O objetivo é romper com a velha ordem oligárquica, excludente e subordinada ao capital internacional que marca a sociedade brasileira, inaugurando um novo tempo político, econômico e social, fundado na soberania popular e na autodeterminação nacional""."	Agência Brasil	politica	False
https://agenciabrasil.ebc.com.br/politica/noticia/2026-09/fim-da-escala-6x1-e-de-privatizacoes-e-prioridade-de-hertz-dias	2026-09-18	Fim da escala 6x1 e de privatizações é prioridade de Hertz Dias	Candidato do PSTU quer revogar reformas trabalhista e da Previdência	O enfrentamento à dominação do país por grandes monopólios capitalistas, assim como o fim da escala 6X1 – sem redução de salários, jornada de trabalho de 36 horas –, e a revogação das reformas trabalhista e da Previdência estão entre os principais pontos defendidos pelo professor, integrante do movimento hip-hop , de movimentos sociais e candidato do PSTU à Presidência da República, Hertz Dias. >> Veja a íntegra do documento: A Agência Brasil publica até domingo (20) matérias com os programas de governo de todos os candidatos à Presidência nas eleições deste ano. Os textos serão liberados seguindo a ordem alfabética do nome do candidato. Nesta sexta-feira (18), serão publicadas as matérias referentes aos candidatos Flávio Bolsonaro , Hertz Dias, Leonardo Avalanche e Luiz Inácio Lula da Silva . O plano de governo do candidato do PSTU também prevê a reindustrialização, o fim das privatizações de diversos setores – como metrôs, estradas e ferrovias, e a reestatização de empresas. O documento parte da constatação de que, apesar de ser uma das maiores economias mundiais, o Brasil é um dos países com a maior desigualdade no mundo, com dois terços da população vivendo com até dois salários mínimos. Isso aliado ao fato de o partido considerar que o país sofre um processo de retrocesso e recolonização a partir da dominação imperialista das potências capitalistas, o que tem levado o Brasil a um caminho crescente de desindustrialização, com empobrecimento, precarização do trabalho e manutenção de salários baixos, em meio ao aumento na violência urbana e privatização dos serviços públicos. Para resolver esse conjunto de questões, o partido propõe como base a construção de um governo dos trabalhadores por meio de uma plataforma que conjuga direitos trabalhistas, serviços públicos, medidas de impacto na estrutura econômica, assim como políticas voltadas à população negra, mulheres, LGBTQIA+ e povos tradicionais. “Queremos que a própria classe trabalhadora e seus aliados governem diretamente a sociedade, organizem a economia, controlem as riquezas do país e decidam os rumos políticos da nova sociedade”, diz o programa. Por isso, o documento propõe o fim dos benefícios fiscais e tributários às grandes empresas, a tributação fortemente progressiva sobre lucros empresariais, a taxação ampliada sobre remessas de capital ao exterior e o imposto progressivo sobre as grandes fortunas, que possuem de R$ 1 bilhão para cima. Outro ponto é a limitação em 25% da distribuição de dividendos das grandes empresas privadas remanescentes, com reinvestimento obrigatório do excedente produtivo no território nacional e a expropriação integral da produção nacional de ouro e metais preciosos estratégicos, com incorporação automática às reservas cambiais públicas. O objetivo é reduzir a dependência das reservas em dólar e títulos estrangeiros. O candidato propõe ainda a defesa ampla dos trabalhadores com redução da jornada de trabalho para 36 horas semanais, sem redução de salários, o fim da escala 6x1 e da pejotização,das terceirizações e das demissões associadas à redução da jornada. O programa também prevê um plano nacional de obras públicas voltado à geração de empregos, universalização do saneamento básico, construção de escolas, hospitais, creches, o aumento de 100% do salário mínimo, visando chegar ao valor calculado pelo Departamento Intersindical de Estatística e Estudos Socioeconômicos (Dieese), bolsa equivalente a um salário mínimo para trabalhadores desempregados, fim da terceirização, a revogação das reformas trabalhista e da Previdência e a reestatização de empresas privatizadas. O programa também aborda a situação dos trabalhadores de aplicativo, destacando que as plataformas digitais mudaram o mercado de trabalho, mas que os apps transferem todos os riscos da atividade econômica e pagando ainda valores ínfimos aos trabalhadores. O documento propõe o reconhecimento do vínculo empregatício; garantia de todos os direitos: previdência, férias, décimo terceiro salário, descanso remunerado, seguro contra acidentes, licença-maternidade, piso salarial para carga horária mínima logada de 36 horas e remuneração mínima por corrida/entrega ou serviço prestado para jornadas menores que 36 horas. O candidato defende ainda a demarcação de terras indígenas e quilombolas, desapropriação das áreas utilizadas para especulação fundiária – incluindo terras públicas devolutas, latifúndios improdutivos, áreas griladas, terras concentradas em monoculturas voltadas à exportação, propriedades subutilizadas e áreas sob controle do capital financeiro. Outro ponto é o fim dos subsídios públicos bilionários ao grande agronegócio e aos monopólios e a expropriação das grandes propriedades rurais e das empresas do agronegócio, retirando o controle da produção do grande capital e das multinacionais, sem indenização aos grandes grupos e sob controle dos trabalhadores rurais. Para as mulheres, o programa defende a igualdade de salários, prioridade de acesso ao emprego e às políticas públicas para trabalhadoras , principalmente as mais precarizadas, creches e escolas públicas, gratuitas e em tempo integral para todas as crianças, como condição para a independência das mulheres. O programa defende também o aborto legal, seguro e gratuito pelo Sistema Único de Saúde (SUS), licença parental de um ano, compartilhada entre responsáveis, delegacias especializadas abertas 24 horas, casas-abrigo e rede de atendimento conforme a demanda. Política similar é defendida para o segmento LGBTQIA+;com investimento na saúde especializada, direito à terapia hormonal e à cirurgia de redesignação pelo SUS, com acompanhamento adequado, políticas de prevenção de infecções sexualmente transmissíveis (IST) e tratamento para pessoas com HIV, especialmente nas periferias. No que diz respeito à questão racial, o candidato propõe a titulação dos territórios quilombolas, a expropriação, sem indenização, de fazendas do agronegócio que atuem sobre territórios indígenas e quilombolas, além da manutenção e ampliação das cotas para pessoas negras nas universidades e no serviço público. O programa defende ainda o combate à intolerância contra religiões de matriz africana e a implementação do ensino de história e cultura afro-brasileira e indígena em toda a rede de ensino. Além disso, prevê punições para empregadores que estimulem ou tolerem práticas racistas e traz medidas específicas para as mulheres negras, com prioridade no que diz respeito ao acesso a emprego, renda, combate à superexploração das trabalhadoras negras e garantia de direitos às trabalhadoras domésticas. O programa relaciona ainda a questão racial à violência contra a população negra, no debate sobre segurança pública. A principal medida proposta é a desmilitarização da Polícia Militar, com a unificação das polícias sob controle dos trabalhadores. O documento propõe ainda o o fim da criminalização de manifestações culturais periféricas, como funk e batalhas de rima, o fim da privatização dos presídios e a revogação da Lei Antidrogas. Para o candidato, o combate ao crime organizado, às máfias, às milícias, às facções e demais organizações criminosas deve ocorrer por meio da investigação, inteligência e desarticulação de seus negócios, com foco em atingir o patrimônio, as fontes de financiamento e as relações com agentes públicos, políticos, empresários e, especialmente, com o sistema financeiro, “em vez de realizar operações militares que vitimam principalmente a população trabalhadora.” No campo da saúde, o candidato se posiciona por um sistema de saúde 100% público e estatal para garantir saúde pública universal. Para tanto, Hertz Dias propõe o fim da privatização e da gestão privada da saúde – o que inclui organizações sociais, fundações, parcerias público-privadas, proibição da transferência de leitos públicos para planos privados, ampliação do investimento público em saúde, com prioridade para a atenção básica. O programa defende ainda a produção pública de medicamentos e insumos estratégicos e a integração entre saúde e saneamento, para enfrentar doenças relacionadas à falta de infraestrutura. Na área educacional, a defesa também é por uma educação pública de qualidade. O candidato defende o fim das parcerias público-privadas e terceirizações, a revogação da Base Nacional Comum Curricular e do Novo Ensino Médio, além da ampliação de creches, escolas e universidades públicas. Outro ponto é a valorização dos profissionais da educação, permanência estudantil e oposição à militarização das escolas. No transporte público, o candidato propõe a adoção da tarifa zero, com transporte público estatal, sob controle público e dos trabalhadores, reversão das concessões privadas, fim da privatização de metrôs, estradas e ferrovias. Além disso, propõe o fim dos subsídios públicos às empresas privadas de transporte, com ampliação e integração da rede (ônibus, metrô, trem). Já para a moradia, a principal proposta é a construção massiva de moradias populares e infraestrutura por empresa pública de obras aliada à urbanização das periferias e comunidades populares, e à expropriação dos imóveis urbanos abandonados, ociosos ou destinados exclusivamente à especulação imobiliária.	Agência Brasil	politica	False
https://agenciabrasil.ebc.com.br/politica/noticia/2026-09/leonardo-avalanche-quer-reduzir-impostos-e-zerar-fila-do-sus	2026-09-18	Leonardo Avalanche quer reduzir impostos e zerar fila do SUS	Candidato do PRTB propõe criar Sistema Único Nacional de Segurança	O programa de Leonardo Avalanche, do PRTB, para o cargo de presidente da República propõe o que chama de reconstrução nacional, com a promessa de transformar o Brasil em uma “economia mais dinâmica, produtiva e voltada ao empreendedorismo.” O plano propõe, entre outros pontos, reduzir impostos e zerar a fila do Sistema Único de Saúde. >> Veja a íntegra do documento: A Agência Brasil publica até domingo (20) matérias com os programas de governo de todos os candidatos à Presidência nas eleições deste ano. Os textos serão liberados seguindo a ordem alfabética do nome do candidato. Nesta sexta-feira (18), serão publicadas as matérias referentes aos candidatos Flávio Bolsonaro , Hertz Dias , Leonardo Avalanche e Luiz Inácio Lula da Silva . Outro ponto previsto no plano de governo de Leonardo Avalanche é a doação de um smartphone aos brasileiros que concluírem um curso de empreendedorismo proposto pelo governo . O programa cita o modelo iPhone “de última geração com um ano de internet gratuita”. O argumento é possibilitar que o aparelho seja usado como ferramenta de trabalho. Segundo o programa, os recursos para viabilizar a proposta viriam do dinheiro gasto pelo governo federal com publicidade. No eixo econômico, o programa de Leonardo Avalanche , que substituiu Pablo Marçal na corrida eleitoral , propõe uma redução progressiva da carga tributária sobre produção, investimentos e geração de empregos, e simplificação do sistema tributário. A principal proposta é criar uma espécie de impostão substituindo os atuais ICMS, ISS, IPI, PIS, Cofins, IOF, IRPJ, CSLL, IRPF, INSS (patronal e do trabalhador), em um imposto único com alíquota de 3,5%. O programa propõe ainda o pagamento do Imposto sobre Propriedade de Veículos Automotores (IPVA), de competência estadual, em uma taxa fixa de R$ 50 mensais para todos os veículos e isenção nacional de IPVA para o caminhoneiro. O programa do candidato diz ainda que vai criar um programa de financiamento facilitado os motoristas de aplicativo, com isenção total de imposto sobre o veículo financiado. Além disso, Leonardo Avalanche pretende criar pontos de apoio pelas cidades e quer negociar diretamente com as plataformas para baixar a taxa do aplicativo sobre o motorista para 3,5%. No âmbito da saúde, o programa de Leonardo Avalanche propõe zerar a fila do Sistema Único de Saúde por meio de mutirões de atendimento aliados a programas de telemedicina e parceria com hospitais privados ociosos para absorver demanda reprimida. O candidato também disse que vai instalar um sistema de inteligência artificial (IA) para monitorar em tempo real o estoque de medicamentos em hospitais, postos de saúde e unidades básicas de Saúde de todo o país. Leonardo Avalanche também disse que, em um eventual governo, vai criar programas de prevenção de doenças voltados às jovens, incluindo orientação pra evitar gravidez precoce, ampliação do acesso a ginecologistas mulheres pra realização de exames preventivos regulares, e garantia de anticoncepcionais adequados ao perfil de cada mulher. Para os idosos, a promessa é ampliar a atenção a esse segmento. Em relação à segurança, o programa propõe o uso intensivo de tecnologias, como câmeras de monitoramento e o reconhecimento facial. Leonardo Avalanche também diz que vai colocar mais policiais nas ruas. O programa prevê a criação de um Sistema Único Nacional de Segurança que funcionaria em conjunto com tecnologia de reconhecimento facial. Na área da educação, o programa também propõe o uso intensivo de IA no ensino dos jovens, com foco no empreendedorismo. “Na prática: uso de inteligência artificial para personalizar o ensino no ritmo de cada aluno, currículo com foco em educação financeira, tecnologia e empreendedorismo desde o ensino fundamental — dentro da escola pública. A ideia é preparar o jovem para o primeiro emprego, não só para o vestibular. O documento diz ainda que vai criar o programa Abraço Azul para atender a crianças autistas, com direito a profissional com formação certificada, contratado de forma efetiva em escolas e creches. Outro ponto é o apoio a regulamentação do chamado homeschooling no país. Para a juventude, o programa prevê a criação de um programa batizado de Meu Primeiro Emprego, que prevê que o governo complete o salário para empresas poderem treinar e efetivar os jovens nos empregos. Outro ponto é a possibilidade de criação de um programa de crédito nacional de qualificação para jovens a partir de 25 anos. Na tecnologia, o programa do PRTB diz que pretende tornar o Brasil, ao longo dos próximos anos, o maior polo tecnológico do mundo. O centro dessa proposta é o incentivo fiscal para a criação de empresas de tecnologia, parcerias internacionais, e retomada forte do investimento em pesquisa científica por meio da recomposição do orçamento da Coordenação de Aperfeiçoamento de Pessoal de Nível Superior (Capes) e do Conselho Nacional de Desenvolvimento Científico e Tecnológico (CNPq). O programa prevê incentivos para o setor da indústria ligado ao agronegócio, incluindo a de fertilizantes e insumos agrícolas . O programa prevê desoneração — ou seja, redução e isenção de imposto. “Especificamente para quem produz e transforma matéria-prima dentro do Brasil, incentivo à instalação de indústrias de beneficiamento mineral com prioridade estratégica para nióbio e terras raras, crédito facilitado pra indústria nacional crescer.” Estão previstos incentivos semelhantes para a indústria automobilística, com desoneração e incentivo à produção nacional de veículos e autopeças, com foco em tecnologia própria e cadeia de fornecedores brasileira. Além disso, o plano propõe a criação de linhas específicas de crédito para agricultores por porte, com regra própria para o pequeno, médio e grande produtor. O documento também diz que, em um eventual governo, vai aumentar os recursos para o setor de defesa, com o uso de drones de vigilância cobrindo a Amazônia inteira, monitorando em tempo real desmatamento ilegal e o garimpo clandestino. O documento defende ainda o incentivo ao aumento das ferrovias nas mãos de operadores privados e aumento das hidrovias. Para as mulheres, o programa defende a tolerância zero com violência doméstica e feminicídio, com “fiscalização real de medida protetiva, resposta rápida da polícia em caso de descumprimento”. Diz ainda que vai aumentar a rede de proteção, expandindo o número de casas de acolhimento para todo o país, e propõe a criação de um órgão para apurar o assédio contra as mulheres no trabalho. Em relação ao enfrentamento da violência sexual contra crianças e adolescentes, o programa prevê criar um programa nacional de identificação ativa, capaz de reconhecer quando imagem ou vídeo de criança em situação de abuso ou de cunho sexual estiver circulando na internet, além de prometer cobrar multa e tirar do ar imediatamente os sites e plataformas que lucram com exploração infantil.	Agência Brasil	politica	False
https://agenciabrasil.ebc.com.br/politica/noticia/2026-09/pesquisa-aponta-que-solidao-e-exaustao-ampliam-abstencao-nas-urnas	2026-09-17	Pesquisa aponta que solidão e exaustão ampliam abstenção nas urnas	Estudo aponta como fatores emocionais impactam decisão de não votar	"Mais do que desiludidos com a política, eleitores deixam de votar, ano após ano, no Brasil, por se sentirem exaustos e solitários. A constatação é da Pesquisa Termômetro do Bem Viver, realizada por um projeto da Plataforma Avaaz em parceria com o Datafolha, divulgada esta semana. Inédito, o estudo relacionou a ausência de vínculos comunitários e de contato com a natureza ao desinteresse na política, apontando esses fatores para explicar a ausência nas urnas. C erca de 30 milhões de eleitores - praticamente um em cada três - deixaram de votar, nos últimos pleitos. Por trás da abstenção, em geral, a pesquisa encontrou o que chamou de epidemia de solidão, esgotamento mental e dependência digital. Por outro lado, o estudo revelou que brasileiros ""vinculados"" consideram a democracia inegociável. ""Descobrimos que os 'desvinculados' estão em ciclo muito destrutivo"", explicou a diretora do Projeto Desapocalíptica, do Avaaz, Nana Queiroz, que coordenou o estudo. Segundo Nana, esse público busca a TV e as as redes sociais ""como uma espécie de anestesia para essa exaustão"". A diretora pontuou ainda que as redes sociais no país mantém pessoas em ""bolhas"" - círculo de usuários com opiniões semelhantes - além de alimentar ""uma cultura de ódio"". Nesses casos, elas se sentem mais isoladas, desesperançosas ou culpadas por perderem tanto tempo nas redes sociais ou da TV. ""Quando essas pessoas se vêem assim culpadas, exaustas e isoladas, elas acham que elas não têm poder de transformar o coletivo e é por isso que elas estão parando de votar"", analisou. Entre os brasileiros identificados como ""desvinculados"", quase metade (47%) são indivíduos que já deixaram de votar ou votam raramente. Três em cada dez desistiram totalmente de votar por essa falta de vínculo. A juventude é quem mais se encaixa neste perfil. De acordo com a Termômetro do Bem Viver, os jovens entre 18 e 34 anos são 44% dos desvinculados, sinalizando para a necessidade de ação. Apenas dois a cada dez jovens afirmam ter uma conexão comunitária e se sentir bem. Nana Queiroz chama atenção para as jornadas de trabalho extenuantes, como a 6x1, que reduzem o tempo de lazer e para cultivar uma rede. Para recuperar o vínculo, a recomendação é desenvolver as chamadas políticas de Bem Viver. Essas são ações que promovem também contato com a natureza, acesso à cultura, lazer e a cidades mais acessíveis, no geral, cita Nana. ""Dar bom dia para uma pessoa na padaria já influencia o seu nível de felicidade"", informou a diretora. O contato com o meio ambiente é visto ainda como restaurador de saúde mental, principalmente, em casos de ansiedade e tédio dos mais jovens. Ações para conter a dependência digital também são necessárias. De acordo com ela, um exemplo bem sucedido é o ECA Digital, que enfrentou o design viciante das plataformas, a rolagem infinita e os conteúdos inadequados para crianças e adolescentes. ""Se você quiser reconquistar essas pessoas, trazer às urnas, é preciso criar políticas que alterem a vida real delas, para que sintam que o voto tem um impacto real na vida delas"", frisou Nana. A Termômetro do Bem Viver foi realizada com base em metodologia estrangeira, propondo olhar indicadores de qualidade de vida menos frequentes nas pesquisas com enfoque econômico e que investigam mais o acesso ao consumo, conforto material e o próprio desempenho da economia. *texto alterado para correção de informação no oitavo parágrafo. O percentual de 47% se refere ao grupo que não está mais comprometido com o voto entre o total dos classificados como ""desvinculados"""	Agência Brasil	politica	False
https://agenciabrasil.ebc.com.br/politica/noticia/2026-09/tre-rj-distribui-mais-de-1-milhao-de-colas-eleitorais-para-dia-do-voto	2026-09-17	TRE-RJ distribui mais de 1 milhão de colas eleitorais para dia do voto	Uso de telefone celular na cabine de votação é proibido	O Tribunal Regional Eleitoral do Rio de Janeiro (TRE-RJ) iniciou a distribuição de 1,4 milhão de colas eleitorais para as Eleições 2026. O material pode ser retirado gratuitamente nas zonas eleitorais e nas Centrais de Atendimento ao Eleitor (CAEs) de todo o estado para facilitar o voto na urna eletrônica. A cola permite que eleitoras e eleitores anotem antecipadamente os números de seus candidatos e consultem as escolhas no momento da votação. Também é possível preparar a própria cola em casa, em uma folha de papel, observando a ordem dos cargos que aparecerá na urna eletrônica. Nas eleições deste ano, cada eleitor deverá escolher seis candidatos: deputado federal, deputado estadual, dois senadores, governador e presidente da República. Por isso, a votação tende naturalmente a exigir mais tempo. Chegar à seção eleitoral com os números já anotados facilita a votação, reduz o período de permanência na cabine e contribui para evitar a formação de filas, como explica o presidente do TRE-RJ, desembargador Claudio de Mello Tavares. “A fluidez da votação também depende de uma preparação simples, que está ao alcance de todos. Ao levar os números dos candidatos anotados, o eleitor vota com mais tranquilidade, segurança e ajuda. A redução do tempo de espera beneficia a todos. A distribuição de 1,4 milhão de colas integra o esforço da Justiça Eleitoral para oferecer uma votação organizada, ágil e acessível”, afirma o magistrado. Ao preencher a cola, é importante prestar atenção à quantidade de dígitos correspondente a cada escolha: Deputado(a) federal: quatro dígitos Deputado(a) estadual: cinco dígitos Senador(a)1: três dígitos Senador(a)2: três dígitos Governador(a): dois dígitos Presidente: dois dígitos A Justiça Eleitoral recomenda que a cola seja preenchida com antecedência e levada em papel. O uso de telefone celular na cabine de votação é proibido. Por isso, mesmo quem costuma guardar informações no aparelho deve transferir os números dos candidatos para uma cola manuscrita antes de comparecer à seção eleitoral. O eleitor também deve consultar previamente seu local de votação e chegar com o número da seção anotado. A medida facilita a localização da sala e evita contratempos no dia da eleição. A consulta pode ser feita pelo aplicativo e-Título, pelo portal do TRE-RJ ou pelo Disque TRE-RJ, de segunda a sexta-feira, das 11h às 19h, pelo telefone: (21) 3436-9000.	Agência Brasil	politica	False
https://agenciabrasil.ebc.com.br/politica/noticia/2026-09/justica-eleitoral-rejeita-cerca-de-12-mil-registros-de-candidatura	2026-09-17	Justiça Eleitoral rejeita cerca de 1,2 mil registros de candidatura	TSE informa que 99% dos 20,9 mil pedidos já foram analisados	A Justiça Eleitoral já indeferiu cerca de 1,2 mil registros de candidaturas às eleições gerais de outubro. De acordo com dados do sistema de candidaturas do Tribunal Superior Eleitoral (TSE), são 335 registros indeferidos definitivamente e 869 que ainda podem ser contestados por meio de recursos às instâncias superiores. O levantamento do TSE mostra que o descumprimento de requisitos formais previstos na legislação eleitoral é o principal motivo dos indeferimentos. Na sequência, aparecem a falta de condições de elegibilidade, ilegalidades na convenção partidária e a ausência de incompatibilização com o cargo público. Segundo o tribunal, cerca de 99% dos pedidos de registro de candidatura já foram analisados pela Justiça Eleitoral em todo o país. Ao todo, foram apresentados 20,9 mil pedidos. O primeiro turno das eleições será realizado em 4 de outubro. Serão eleitos deputados federais, deputados estaduais e distritais, governadores, senadores e o presidente da República. O segundo turno está marcado para o dia 25 e poderá ocorrer nas disputa para os cargos de governador e presidente. A segunda votação será realizada caso nenhum candidato alcance mais de 50% dos votos válidos no primeiro turno, excluídos os votos em branco e os nulos. Saiba mais no Repórter Brasil Tarde, da TV Brasil	Agência Brasil	politica	False
https://agenciabrasil.ebc.com.br/politica/noticia/2026-09/confira-agenda-dos-presidenciaveis-nesta-quinta-feira-17	2026-09-17	Confira a agenda dos presidenciáveis nesta quinta-feira (17)	Candidatos participam de caminhadas, carreatas e entrevistas	A agenda dos presidenciáveis nesta quinta-feira (17) inclui caminhadas, carreatas e visitas a feiras e instituições. Também estão previstas entrevistas em veículos de comunicação, encontros com militantes e apoiadores, caravana partidária e participação em compromisso voltado aos direitos de crianças e adolescentes. Flávio Bolsonaro (PL) Participa de carreata pelas ruas de Vitória da Conquista (BA) até o Estádio Municipal Lomanto Júnior, no bairro Candeias. Hertz Dias (PSTU) Faz panfletagem na Feira do João Paulo, em São Luís (MA) e participa de entrevista ao Podcast Maranhão News. Luiz Inácio Lula da Silva (PT) Participa de caminhada no bairro Maracanã, em Montes Claros (MG). Romeu Zema (Novo) Participa de uma entrevista para o SBT Brasil, às 20h. Renan Santos (Missão) Participa de carreata passando por Chapecó (SC), Passo Fundo (RS) e Caxias do Sul (RS). Ronaldo Caiado  (PSD) Entrevista ao Jornal da Record Rui Costa Pimenta (PCO) Participa do programa Análise Internacional, transmitido pelo canal do Diário Causa Operária no YouTube; Samara Martins (UP) Participa de caminhada no centro de São Paulo (SP) e de tribuna popular com militantes e apoiadores no Itaim Paulista e no Jardim Pantanal. Wilson Grassi (Democrata) Participa da assinatura do Termo de Compromisso de Presidente Amigo da Criança, da Abrinq, em São Paulo (SP). Também visita a ONG Cão sem Dono, em Itapecerica da Serra (SP) e a fábrica de móveis veterinários Metalvet. Augusto Cury (Avante) Concede entrevista coletiva na sede da Associação Paulista de Imprensa em São Paulo, às 9h30. Clariana Barão (DC) Participa de caminhada na Feira de Toritama (PE) e visita a Feira de Santa Cruz do Capibaribe (PE). Edmilson Costa (PCB) Participa de caravana em São José do Rio Preto com as candidaturas do PCB. O candidato Leonardo Avalanche (PRTB) não divulgou agenda pública de campanha até o momento desta publicação. A ordem de apresentação da cobertura da agenda dos candidatos a presidente segue rodízio diário em ordem alfabética.	Agência Brasil	politica	False
https://agenciabrasil.ebc.com.br/politica/noticia/2026-09/veja-como-foi-quinta-feira-17-dos-candidatos-presidente	2026-09-17	Veja como foi a quinta-feira (17) dos candidatos a presidente	Presidenciáveis participaram de caminhadas, carreatas e visitas	"A agenda dos presidenciáveis nesta quinta-feira (17) incluiu caminhadas, carreatas e visitas a feiras e instituições. Samara Martins (UP) A candidata Samara Martins fez uma caminhada pela região central de São Paulo. Wilson Grassi (Democrata) O candidato Wilson Grassi esteve na sede da Associação Brasileira dos Fabricantes de Brinquedos (Abrinq), em São Paulo, onde assinou Termo de Compromisso de Presidente Amigo da Criança. Ele visitou a ONG Cão Sem Dono, em Itapecerica da Serra, região metropolitana da capital paulista, e uma fábrica de móveis veterinários. Augusto Cury (Avante) O candidato Augusto Cury esteve, em São Paulo, na Associação Paulista de Imprensa. Em entrevista, ele defendeu uma auditoria no Brasil e no exterior dos algoritmos da Meta (dona do Facebook, Instagram e Whatsapp). Para o candidato, os algoritmos estimulam a polarização política atual. “Eu sou a favor da liberdade de expressão. A questão não é regular as redes sociais, é abrir o algoritmo. Ele tem que ser aberto”, disse. Clariana Barão (DC) A candidata Clariana Barão fez campanha em Toritama (PE), onde visitou a feira local e concedeu entrevista para uma rádio regional. Ela também esteve em Santa Cruz do Capibaribe, onde visitou a feira da cidade. A candidata defendeu valorização dos empreendedores. ""O empreendedor é quem gera riqueza para esse país e ele deve ser valorizado. Temos que reduzir o custo de vida para o brasileiro, para deixar a energia e a água mais barata”, disse. Edmilson Costa (PCB) O candidato Edmilson Costa (PCB) participou de caravana na cidade de São José do Rio Preto (SP). Ele defendeu a estatização do sistema bancário. Flávio Bolsonaro (PL) O candidato Flávio Bolsonaro cumpriu agenda de campanha em Vitória da Conquista (BA). Ele participou de uma carreata e um comício. Flávio Bolsonaro disse que, se eleito, pretende criar linha de crédito mais barata e com maior prazo de paga “O governo vai ter uma linha de crédito mais barata, com mais tempo para pagar. A gente vai organizar as contas. E vai ser vantajoso você empreender, porque meu sonho é reduzir a carga tributária”, disse. Hertz Dias (PSTU) O candidato Hertz Dias fez panfletagem em bairros tradicionais de São Luís. Ele defendeu a redução dos preços dos alimentos e aumento geral dos salários. “Não é aceitável que um país que produz tanta riqueza, tenha trabalhadores que precisam escolher entre comprar comida, pagar aluguel ou quitar contas básicas. Defendemos um aumento geral dos salários para garantir condições dignas de vida para quem trabalha”, disse. Leonardo Avalanche (PRTB) O candidato Leonardo Avalanche não divulgou compromissos de campanha. Luiz Inácio Lula da Silva (PT) O candidato Luiz Inácio Lula da Silva realizou ato de campanha em Montes Claros (MG). Em entrevista à Rádio Itatiaia, ele prometeu, se reeleito, manter a política de valorização do salário mínimo com reajustes acima da inflação. ""A gente vai continuar dando ajuste de salário mínimo para aposentado, porque é o mínimo necessário para sobreviver. Eu não vou penalizar os pobres para beneficiar os ricos"", disse. Sobre o programa Bolsa Família, Lula defendeu que os beneficiários vão deixando o programa de transferência de renda quando ""melhoram de vida"". Renan Santos (Missão) O candidato Renan Santos fez carreata em Chapecó (SC), Passo Fundo (RS) e Caxias do Sul (RS). Romeu Zema (Novo) O candidato Romeu Zema concedeu entrevista ao Jornal do SBT . Ronaldo Caiado  (PSD) O candidato Ronaldo Caiado fez campanha na cidade de São Paulo, onde caminhou pela Rua 25 de Março. Em entrevista, ele disse que, caso eleito, pretende unificar dados estratégicos do Conselho de Controle de Atividades Financeiras (Coaf), da Receita Federal, da Comissão de Valores Mobiliários (CVM) e da Polícia Federal (PF) para combater o crime organizado. “O Ministério da Segurança Pública vai ter a ligação com o Coaf. Vai ter acesso 100% à Receita Federal. Vai ter toda a inteligência da Polícia Federal e do CVM. Isso tudo migra por um caminho chamado inteligência artificial, que vai juntar todos esses dados e vai apontando caso a caso e vai tirando esse tecido podre da sociedade”, disse. Rui Costa Pimenta (PCO) O candidato Rui Costa Pimenta participou do programa Análise Internacional, transmitido pelo canal do Diário Causa Operária, no YouTube. A ordem de apresentação da cobertura da agenda dos candidatos a presidente segue rodízio diário em ordem alfabética. * Colaboraram Douglas Correa (Rio de Janeiro), Luciano Nascimento (São Luís), redação de São Paulo e Rádio Nacional"	Agência Brasil	politica	False
https://agenciabrasil.ebc.com.br/politica/noticia/2026-09/clariana-barao-prioriza-propostas-de-protecao-mulher-e-infancia	2026-09-17	Clariana Barão prioriza propostas de proteção à mulher e à infância	Programa de governo propõe rede de proteção e resposta à violência	Candidata à Presidência pelo Democracia Cristã (DC), Clariana Barão tem como slogan de campanha “Proteger Hoje, Transformar o Amanhã”. A proteção de mulheres e crianças é o primeiro item de sua proposta de governo. Com o título Mulheres e Crianças em Primeiro Lugar , o programa propõe a existência de uma rede nacional de proteção e resposta à violência; estabelece a primeira infância como prioridade nacional e prevê ações voltadas à proteção de crianças e adolescentes e à autonomia econômica das mulheres. Veja a íntegra do documento: A Agência Brasil publica de hoje (17) a domingo (20) matérias com os programas de governo de todos os candidatos à Presidência nas eleições deste ano. Os textos serão liberados seguindo a ordem alfabética do nome do candidato. Nesta quinta, serão publicadas as matérias referentes aos candidatos Augusto Cury , Clariana Barão e Edmilson Costa . Clariana Barão nasceu em  Cuiabá, em 3 de abril de 1987. Advogada formada pelo Centro Universitário de Várzea Grande (MT), é a atual presidente do Diretório Estadual do DC em Mato Grosso. A candidata já foi presidente da Comissão de Solidariedade e Assistência Social da Ordem dos Advogados do Brasil (OAB) em Várzea Grande. Com o título Economia: Prosperidade que Protege, o programa prevê a simplificação regulatória; a digitalização e abertura rápida de empresas; e a segurança jurídica e avaliação de normas. Para os pequenos negócios e empreendedorismo, a ideia é melhorar o crédito produtivo e garantias; oferecer capacitação gerencial e digital e tornar as compras públicas acessíveis a pequenos negócios. Ainda na área econômica, Clariana tem projetos para infraestrutura e logística que abrangem as rodovias e a manutenção baseada em desempenho; ferrovias, hidrovias, portos e cabotagem e concessões, Parcerias Público-Privadas (PPPs) e planejamento de longo prazo. Outros eixos são energia, conectividade e competitividade; responsabilidade fiscal com foco em resultado; trabalho, renda e proteção nas transições; agro, agricultura familiar e segurança alimentar. Além disso, prevê na área da moradia, saneamento e mobilidade: urbanização, regularização, habitação, saneamento, drenagem, iluminação e prevenção de desastres combinados; prioridade a projetos maduros e territórios com maior déficit e risco, evitando obras desconectadas; mobilidade segura e acessível, com integração entre transporte, emprego, saúde e educação. Também estão previstas ações nas áreas do clima, natureza e segurança hídrica; ciência, indústria e soberania digital; desenvolvimento regional, cultura e turismo. O mote da área é Educação: Preparar para o Futuro. O programa de Clariana abrange os itens primeira infância e prontidão para aprender; alfabetização e aprendizagem essencial; professor valorizado e apoiado; escola para o século 21, ensino médio, técnico e transição para o trabalho; ensino superior, pesquisa e inovação; educação inclusiva, cultura e esporte. Clariana propõe a proteção da vida e a garantia da liberdade com segurança e inteligência. Entre os pontos desse item estão: equipamentos e compartilhamento de dados para tornar as fronteiras inteligentes e integradas; combate ao narcotráfico e ao tráfico de armas, enfatizando o trabalho de inteligência e a prioridade para o combate às grandes organizações criminosas junto com o sufocamento financeiro das facções. Além disso, prevê orientar a segurança urbana por dados e modificar a gestão do sistema prisional com foco na redução da reincidência. A proposta inclui ainda a prevenção da violência contra mulheres e crianças e de crimes cibernéticos. Na área da saúde a ideia é reforçar a medicina preventiva, cuidando antes que a doença apareça, por meio da atenção primária resolutiva; prevenção e diagnóstico precoce; reforço à inovação e terapias com avaliação científica. Além disso, a candidata destaca em seu programa o esporte e atividade física como saúde; a melhoria da saúde digital e acesso; a atenção à saúde mental e prevenção do suicídio. O programa de governo de Clariana detalha maneiras de tornar o Estado e seu funcionamento mais eficientes por meio da digitalização e simplificação dos processos. Entre os pontos abordados estão a gestão por metas e evidências; integridade e transparência; serviço público orientado à entrega; federalismo de resultados; respeito à independência dos Poderes e às regras democráticas; e soluções digitais e presenciais que ampliem o acesso à Justiça e a resolução de conflitos.	Agência Brasil	politica	False
https://agenciabrasil.ebc.com.br/politica/noticia/2026-09/augusto-cury-propoe-mandato-de-oito-anos-no-stf-e-semipresidencialismo	2026-09-17	Augusto Cury propõe mandato de oito anos no STF e semipresidencialismo	Com cerca de 200 páginas, programa de governo reúne 18 projetos	"O programa de governo do candidato Augusto Cury (Avante) está dividido em 18 projetos e 20 teses. O documento propõe três reformas: a mudança para o regime semipresidencialista, mandado de oito anos para os ministros do Supremo Tribunal Federal (STF) e a criação de uma diplomacia econômica. >> Veja a íntegra do documento: A Agência Brasil publica de hoje (17) a domingo (20) matérias com os programas de governo de todos os candidatos à Presidência nas eleições deste ano. Os textos serão liberados seguindo a ordem alfabética do nome do candidato. Nesta quinta, serão publicadas as matérias referentes aos candidatos Augusto Cury, Clariana Barão e Edmilson Costa . Com cerca de 200 páginas, o programa de governo de Augusto Cury estabelece a educação em tempo integral como prioridade estratégica principal. A proposta foca em criar ambientes escolares dinâmicos com debates, artes, esportes e convivência, além de estruturar o ensino médio com formação acadêmica, humana e profissionalizante, reestruturando universidades para atuarem como polos geradores de inovação e patentes. O eixo Brasil Neuroinclusivo determina uma política de Estado permanente voltada ao acolhimento de pessoas com autismo, transtorno do déficit de atenção com hiperatividade (TDAH), dislexia e altas habilidades. Pretende aproximar a escola da família e prevê a elaboração de um Plano de Inclusão por unidade escolar e a criação de um Mapa Nacional da Neurodiversidade. A iniciativa Mulheres Vivas prevê uma política nacional integrada contra o feminicídio e de proteção às mulheres, sugerindo o uso de botões de alerta e monitoramento de agressores. O texto sugere prioridade no acesso a programas de qualificação, empreendedorismo e empregabilidade para vítimas de violência, além do fim de taxas abusivas de juros no crédito feminino e a indicação de mulheres ao STF. O texto prevê a criação do Ministério do Empreendedorismo e da Economia Distribuída, que visa descentralizar a produção em milhões de microempresas . Sugere ainda a implementação de 10 mil clubes de Empreendedorismo e de uma rede de escolas de Empreendedorismo. O projeto cria o Banco do Empreendedor, oferecendo crédito de até R$ 20 mil com juros reduzidos e incentivos aos beneficiários do Bolsa Família. Para as favelas, o plano de governo projeta regularizar juridicamente até 5 milhões de moradias em dez anos sem expulsar os atuais ocupantes, associando essa ação ao projeto Comunidade 4.0 para melhorias urbanas. A iniciativa visa financiar 2 milhões de pequenos empreendedores locais com crédito de R$ 2 mil a R$ 20 mil via Fundo Nacional do Empreendedor, sem exigir o imóvel familiar como garantia. O programa de governo defende a implantação do Brasil Oásis, que pretende transformar o semiárido em uma fronteira agrícola estratégica com segurança hídrica e agroexportação com tecnologias inspiradas em Israel, como a irrigação de precisão. A meta é duplicar a produção de alimentos e multiplicar por dez as exportações de frutas em uma década, além de fortalecer 3,9 milhões de estabelecimentos de agricultura familiar. Já o projeto Brasil Empreendedor nas Estradas (BEE) propõe a instalação, via Parcerias Público-Privadas, de polos de comércio a cada 10 a 15 quilômetros nas rodovias. Esses locais contarão com energia solar, áreas de descanso, sanitários e cabines antiestresse para funcionar como microecossistemas de fomento ao turismo, à produção local e à agricultura familiar. O Agroindústria Brasil, proposto pelo candidato, almeja converter o país em uma potência agroindustrial, estimulando o desenvolvimento de 10 mil agroindústrias no interior e a criação de 100 usinas de etanol de milho com foco regional no Nordeste. O plano prevê o uso de subprodutos proteicos do etanol para a criação e industrialização de proteína animal. Já a proposta Brasil Cooperativismo (BCOO) busca dobrar o número de cooperativas no país e aumentar a quantidade de cooperados de 27 milhões para 54 milhões. A expansão abrange setores como bioenergia, tecnologia, saúde, habitação e educação, sob a articulação da nova Autoridade Nacional do Cooperativismo (ANCOOP). A iniciativa Brasil Exportador planeja a implantação de zonas francas de Exportação coordenadas pela Zona Nacional de Exportação (Zone) em cinco estados. O foco principal dessas zonas estará voltado para setores tecnológicos e de ponta, como inteligência artificial (IA), robótica, semicondutores, energia limpa e drones. Na política externa, o programa prevê a reestruturação das embaixadas brasileiras em ""estruturas 4.0"", com treinamento voltado para a diplomacia econômica e inteligência comercial. Haverá o deslocamento do efetivo diplomático dos Estados Unidos e Europa para reforçar a atuação estratégica em mercados emergentes como Oriente Médio, Índia, China  e outros países asiáticos. No âmbito internacional, o plano sugere a criação de um Plano de Combate Mundial da Fome por meio de um fundo internacional financiado pelo comércio global e pela indústria de armas. A estimativa é mobilizar entre US$ 177 bilhões e US$ 342 bilhões por ano para a erradicação da fome. Na área da saúde, o Tele Saúde Brasil propõe construir a maior plataforma pública de medicina digital do mundo para desafogar o Sistema Único de Saúde (SUS), estipulando atendimento em até 30 minutos para casos compatíveis . Paralelamente, a iniciativa Sociedade Está Abraçando (SEA) focará na prevenção e rastreamento contínuo de diversos tipos de câncer com expansão de unidades móveis. O plano Energias Renováveis do Brasil busca atingir 90% de matriz energética limpa até 2040 com o uso de IA e incentivo ao hidrogênio verde, enquanto o projeto Petra BR visa mapear minerais críticos e terras raras, buscando a industrialização e o refino no país. Em relação ao meio ambiente, o Floresta Viva BR propõe o combate a incêndios com uso de IA e drones; o Programa Amazônia Viva prevê obras de saneamento, infraestrutura e conectividade; e o Banco Empreendedor Amazônico estabelece o apoio à bioeconomia, à pesca e ao turismo ecológico. Também é prevista a remuneração de populações locais como guardiãs da floresta. Já na área da segurança pública, o programa Segurança 4.0 propõe unificar as ações das polícias estadual e federal, além de criar a Força de Combate Municipal (Foco) para atuar em um sistema integrado de dados . A estratégia prioriza o combate ao crime organizado, a proteção escolar por meio de botões de emergência, o monitoramento inteligente de fronteiras e a valorização dos agentes de segurança."	Agência Brasil	politica	False
https://agenciabrasil.ebc.com.br/politica/noticia/2026-09/veja-como-foi-quarta-feira-dos-presidenciaveis	2026-09-16	Veja como foi a quarta-feira (16) dos presidenciáveis	Candidatos participaram de caravanas e atos de campanha	"A agenda dos presidenciáveis nesta quarta-feira (16) incluiu entrevistas em podcasts, rádio e televisão, além de caravana, panfletagem e atos de campanha. Rui Costa Pimenta (PCO) O candidato não teve agenda pública de campanha. Samara Martins (UP) A candidata Samara Martins participou de comício no calçadão de Canoas (RS) e de panfletagem no Hospital de Clínicas em Porto Alegre. Ela ainda fez comício no Centro Histórico e Cidade Baixa da capital gaúcha. Wilson Grassi (Democrata) O candidato Wilson Grassi concedeu entrevista ao podcast Lima TV, em São Bernardo do Campo (SP). Augusto Cury (Avante) O candidato Augusto Cury participou do Flow Podcast, em São Paulo. Clariana Barão (DC) A candidata Clariana Barão não teve agenda de campanha. Edmilson Costa (PCB) Nesta quarta-feira (16), o candidato Edmilson Costa (PCB) participou de uma caravana na cidade de Franca (SP), ao lado de outros candidatos do partido. Flávio Bolsonaro (PL) O candidato Flávio Bolsonaro participou de motocarreata em Juazeiro do Norte (CE). Ele disse que, em um eventual mandato, dará continuidade à transposição do Rio São Francisco. Flávio Bolsonaro disse ainda que pretende incrementar a infraestrutura logística da região para favorecer o escoamento da produção agrícola. ""Quero destravar todos esses projetos e conclusões de projetos, em especial de ferrovias, porque isso vai garantir o barateamento do escoamento da nossa produção, de commodities ”, disse. Ele viajou para Recife, onde participou de comício. Hertz Dias (PSTU) O candidato Hertz Dias fez panfletagem na sede da Companhia de Saneamento do Maranhão (Caema), em São Luís. Ele defendeu a estatização dos setores estratégicos da economia, como saneamento, energia, transporte e petróleo, e criticou os processos de privatização. “Água e saneamento são direitos fundamentais. Não podem estar nas mãos de grupos privados que enxergam esses serviços apenas como fonte de lucro"", disse. Leonardo Avalanche (PRTB) O candidato Leonardo Avalanche não divulgou compromissos de campanha. Luiz Inácio Lula da Silva (PT) Em Ceilândia, a maior região administrativa do Distrito Federal, o candidato Luiz Inácio Lula da Silva participou de ato de campanha e disse que, se reeleito, irá priorizar o ensino universitário e pretende chegar a abertura de 1 mil institutos federais. Outra proposta de Lula é inaugurar as universidades indígena e dos esportes. Ele ainda defendeu investimento em aprendizagem sobre aplicação da inteligência artificial, para que o Brasil não dependa de tecnologias estrangeiras. ""Vamos preparar os mais jovens para trabalhar com a inteligência artificial"", afirmou. Renan Santos (Missão) O candidato Renan Santos participou de carreata em Londrina, Maringá e Cascavel, no Paraná. Durante a passagem por Londrina, o candidato defendeu o afastamento de ministros do Supremo Tribunal Federal que tenham envolvimento no caso Master. Romeu Zema (Novo) O candidato Romeu Zema concedeu entrevista ao Jornal da Record. Ronaldo Caiado  (PSD) Em São Paulo, o candidato Ronaldo Caiado concedeu entrevista à imprensa e criticou a decisão do Supremo Tribunal Federal de adiar discussão sobre possível abertura de investigação contra o ministro Alexandre de Moraes. Ele ainda concedeu entrevista ao Flow Podcast. A ordem de apresentação da cobertura da agenda dos candidatos a presidente segue rodízio diário em ordem alfabética. * Colaboraram Douglas Correa (Rio de Janeiro), Luciano Nascimento (São Luís), Luiz Claudio Ferreira (Brasília) e redação de São Paulo."	Agência Brasil	politica	False
https://agenciabrasil.ebc.com.br/politica/noticia/2026-09/tse-vai-enviar-alertas-no-e-titulo-com-orientacoes-para-eleicoes	2026-09-16	TSE vai enviar alertas no e-Título com orientações para eleições	Aplicativo permite consultar local de votação e justificar ausência	A duas semanas do primeiro turno das Eleições 2026, marcado para 4 de outubro, o Tribunal Superior Eleitoral (TSE) começou a enviar, nesta quinta-feira (17), notificações oficiais aos eleitores pelo aplicativo e-Título. Os alertas trazem orientações sobre serviços eleitorais, consulta ao local de votação e combate à desinformação. O envio continuará durante todo o período eleitoral, inclusive entre o primeiro e o segundo turnos. “Queremos incentivar eleitoras e eleitores a manterem o e-Título atualizado e facilitar o acesso a informações importantes para o exercício do voto, como a consulta ao local de votação. É um canal direto de comunicação da Justiça Eleitoral com a cidadania”, destaca a assessora-chefe de Gestão da Identificação do TSE, Marília Loyola. O TSE recomenda que os eleitores consultem antecipadamente o local de votação. A informação está disponível na opção “Onde Votar”, que indica a zona e a seção eleitoral. Além de apresentar a via digital do título eleitoral, o e-Título reúne diferentes serviços da Justiça Eleitoral. Entre eles estão: Consulta ao local de votação: permite verificar zona e seção eleitoral. Acompanhamento do Título Net: mostra o andamento de requerimentos feitos pelo sistema. Certidão de filiação partidária: permite emitir documentos sobre filiação atual e histórico de vínculos. Justificativa de ausência: possibilita justificar a ausência no dia da eleição, por geolocalização, ou posteriormente, com documentos comprobatórios. Pagamento de multas eleitorais: débitos podem ser quitados por Pix ou cartão de crédito, por meio do PagTesouro. Validação de documentos: permite conferir a autenticidade de certidões da Justiça Eleitoral por meio de QR Code. Boletim na Mão: a ferramenta passou a integrar o e-Título e permite consultar e compartilhar Boletins de Urna. Descadastramento de mesário voluntário: permite solicitar pelo celular o cancelamento da inscrição para trabalhar nas eleições. O aplicativo também oferece recursos de segurança, como a geração de código temporário para autenticação em sistemas parceiros da Justiça Eleitoral, mediante reconhecimento facial. O e-Título substitui o título eleitoral em papel. Para eleitores com biometria cadastrada e fotografia disponível no aplicativo, o documento digital também pode ser utilizado como identificação no momento da votação. O e-Título é gratuito e está disponível nas lojas oficiais de aplicativos para celulares Android e iOS. Também é possível baixar no site do TSE . O Tribunal recomenda instalar ou atualizar o aplicativo com antecedência, fazer o primeiro acesso e conferir os dados antes do dia da votação. Saiba mais no Repórter Brasil Tarde, da TV Brasil	Agência Brasil	politica	False
https://agenciabrasil.ebc.com.br/politica/noticia/2026-09/veja-como-foi-terca-feira-15-dos-candidatos-presidente	2026-09-15	Veja como foi a terça-feira (15) dos candidatos a presidente	Presidenciáveis participaram de atos políticos	A agenda dos candidatos à presidência da República nesta terça-feira (15) incluiu entrevistas e participação em podcasts, manifestações e atos políticos. Ronaldo Caiado  (PSD) O candidato Ronaldo Caiado cumpriu agenda na cidade de Aparecida de Goiânia (GO), onde fez comício de campanha. Nas redes sociais, Caiado disse que, se eleito, pretende implantar novos critérios para indicação de ministros do STF, como idade mínima de 60 anos, quarentena de quatro anos para voltar à profissão e de oito anos para disputar cargo político. Ele afirmou ainda que pretende indicar quatro mulheres para a Corte. Rui Costa Pimenta (PCO) O candidato Rui Costa Pimenta participou de programa na Rádio Causa Operária e concedeu entrevista ao Canal do Galo Preto. Samara Martins (UP) A candidata Samara Martins cumpriu agenda de campanha em Porto Alegre (RS). Na cidade, participou de café da manhã na Ocupação Sepé Tiaraju, próxima ao centro da cidade. Samara Martins também fez panfletagem no Restaurante Universitário da Universidade Federal do Rio Grande do Sul (Ufrgs) e de ato em frente ao Ministério Público. Ela fez comício no centro de Gravataí (RS). Wilson Grassi (Democrata) O candidato não teve agenda pública de campanha. Augusto Cury (Avante) O candidato Augusto Cury esteve na Avenida Paulista, em frente ao Museu de Arte de São Paulo (Masp), e participou da ação “Cury Fala, Brasil Escuta”, onde público relatou problemas ao candidato. Clariana Barão (DC) A candidata Clariana Barão passou o dia em Brasília. Em vídeo divulgado nas redes sociais, a candidata lamentou a crise no STF que, segundo ela, tira a atenção do debate eleitoral. Edmilson Costa (PCB) O candidato Edmilson Costa esteve nesta terça-feira (15), em Campinas (SP), onde realizou panfletagem no CAPS Reviver e no centro da cidade. Flávio Bolsonaro (PL) Em Fortaleza, o candidato Flávio Bolsonaro reuniu-se com aliados e participou de ato de campanha. Nas redes sociais, o candidato criticou a crise no STF e defendeu políticas na área de segurança pública e o fim da reeleição. Hertz Dias (PSTU) Em São Luís (MA), o candidato Hertz Dias reuniu-se com bancários da Caixa em greve e também com moradores na comunidade do Rio dos Cachorros, na zona rural da capital maranhense. Durante a visita aos bancários, o presidenciável defendeu que os bancos públicos sejam 100% estatais e sob controle dos trabalhadores. Luiz Inácio Lula da Silva (PT) O candidato Luiz Inácio Lula da Silva concedeu entrevista ao Jornal da Record. Na entrevista, Lula disse que, se reeleito, pretende fazer uma segunda reforma no Judiciário, com mudança nos critérios de indicação para ministros. Segundo Lula, o Judiciário precisa dar o exemplo. Renan Santos (Missão) O candidato Renan Santos participou de gravação de Sabatina Rede TV! e sabatina no jornal Correio Braziliense . Nas redes sociais, o candidato criticou a decisão do ministro Kassio Nunes Marques de ter se declarado impedido de participar do julgamento sobre a possível abertura de uma investigação contra o ministro Alexandre de Moraes. Romeu Zema (Novo) O candidato Romeu Zema participou de manifestação em frente ao STF, em Brasília. Ele defendeu que todos os citados ou com envolvimento com Daniel Vorcaro, dono do Banco Master, devem ser investigados, incluindo parentes de ministros do STF. A ordem de apresentação da cobertura da agenda dos candidatos a presidente segue rodízio diário em ordem alfabética. Confira como foi o dia dos candidatos no Repórter Brasil , da TV Brasil * Colaboraram Douglas Corrêa (Rio de Janeiro), Luciano Nascimento (São Luís) e redação de São Paulo.	Agência Brasil	politica	False
https://agenciabrasil.ebc.com.br/politica/noticia/2026-09/flavio-e-pl-lideram-uso-de-conteudos-feitos-por-IA-diz-observat%C3%B3rio	2026-09-14	Flávio e PL lideram uso de conteúdos feitos por IA, diz observatório	Maior parte dos casos manipulou imagem ou voz de pessoas públicas	"Um levantamento feito pelo Observatório IA nas eleições , desenvolvido pela Data Privacy Brasil e pelo Aláfia Lab, identificou que quase dois em cada três conteúdos políticos feito por inteligência artificial em publicações nas redes sociais, entre 1º de janeiro e 16 de agosto de 2026, não sinalizou o uso da tecnologia , o que é proibido pela Justiça Eleitoral. Além disso, do total de 413 conteúdos analisados, 250, cerca de 60%, foram classificados como sátira, com o objetivo de ridicularizar algum político. Outros 163, cerca de 40%, foram classificados como desinformação. ""O dado levanta a preocupação dos conteúdos estarem sendo compartilhados sem o cuidado de informar ao público o uso da tecnologia seja por parte das contas que o publicam, como também das próprias plataformas digitais, que, apesar de disponibilizarem os recursos de rotulagem, possivelmente não estão moderando devidamente os conteúdos sintéticos"", aponta o observatório. A maior parte dos conteúdos criados por inteligência artificial foram publicados por usuários anônimos. Já entre os candidatos que publicaram esse tipo de mensagem, o presidenciável Flávio Bolsonaro (PL) lidera a lista. Ele compartilhou 13 conteúdos . O deputado federal Mário Frias (PL-SP) vem em seguida com 10 publicações. O ex-governador Romeu Zema e candidato a presidente pelo Novo publicou cinco, o deputado federal Sóstenes Cavalcante (PL- RJ), três; e o ex-deputado Eduardo Bolsonaro (PL), três. Entre os partidos, o PL foi o maior propagador de mensagens feitas com inteligência artificial, com 28 publicações. O PT compartilhou quatro mensagens e o PSDB, duas mensagens. A maior parte dos casos identificados de uso de inteligência artificial (81%) manipularam imagens ou a voz de pessoas públicas, técnica classificada como deepfake. O principal alvo foi o presidente Luiz Inácio Lula da Silva (PT), que teve imagem ou voz modificada de forma pejorativa em 112 publicações. Flávio Bolsonaro foi alvo de 57 manipulações. Deepfake é um conteúdo sintético produzido ou manipulado por inteligência artificial ou tecnologia equivalente, que apresente grau de realismo e reproduza ou altere a imagem, voz ou manifestação de pessoa viva, falecida ou fictícia. O TSE proibiu o uso de deepfake nas eleições quando o conteúdo for caracterizado como propaganda eleitoral. *texto alterado para correção de informação no quinto parágrafo. Ao contrário do que foi informado, os conteúdos criados por IA e publicados por usuários anônimos não eram, necessariamente, classificados como desinformação."	Agência Brasil	politica	False
https://agenciabrasil.ebc.com.br/politica/noticia/2026-09/especialistas-defendem-maior-regulacao-de-plataformas-digitais	2026-09-15	Especialistas defendem maior regulação de plataformas digitais	Pesquisadoras destacam riscos de algoritmos e deepfakes nas eleições	O Brasil deve ampliar a regulação de plataformas digitais e a fiscalização do compartilhamento de conteúdos feitos com Inteligência Artificial. Foi o que defenderam as pesquisadoras Fernanda Rodrigues, diretora executiva do Instituto de Referência em Internet e Sociedade (IRIS) e Larissa Santiago, cofundadora da plataforma de comunicação independente Blogueiras Negras. Durante o webinário Tecnologias, IA e Eleições, promovido pela Articulação de Organizações de Mulheres Negras Brasileiras nesta terça-feira (15), Fernanda Rodrigues chamou atenção para o funcionamento dos algoritmos de recomendação, que, segundo ela, fazem com que as plataformas determinem quais conteúdos serão apresentados aos usuários. “É preciso uma regulação mínima que assegure que as pessoas possam optar por não receber conteúdos padronizados e que assegure que os mecanismos de recomendação não tenham vieses discriminatórios”, disse. Sobre a Inteligência Artificial, as pesquisadoras afirmaram que o desenvolvimento dessa tecnologia não tem sido pautado pelas demandas da sociedade e que as grandes empresas de tecnologia monopolizam o debate sobre o assunto. Larissa Santiago afirmou que, em comparação com outros países, o Brasil tem um bom sistema regulatório de IA. Mas que é preciso aumentar a fiscalização e, principalmente, a educação midiática. “As pessoas não conseguem entender a diferença entre uma pessoa real e uma pessoa criada pela IA. É preciso educar a população”, disse. Ao citar o processo que levou ao impeachment da então presidenta Dilma Rousseff, Larissa Santiago mencionou a circulação de imagens e notícias distorcidas. O processo de impeachment ocorreu em 2016, antes da popularização das ferramentas atuais de inteligência artificial generativa. Larissa afirmou que a tecnologia de IA potencializa a violência política de gênero e raça com o uso de desinformação e deepfakes. “A gente viu isso com a presidenta Dilma. As imagens distorcidas, as notícias distorcidas, até chegar ao golpe”, disse.	Agência Brasil	politica	False
https://agenciabrasil.ebc.com.br/politica/noticia/2026-09/confira-agenda-dos-presidenciaveis-nesta-quarta-feira-16	2026-09-16	Confira a agenda dos presidenciáveis nesta quarta-feira (16)	Candidatos participam de entrevistas, atos e mobilizações de campanha	"A agenda dos presidenciáveis nesta quarta-feira (16) inclui entrevistas em podcasts, rádio e televisão, além de caravana, panfletagem e atos de campanha. Também estão previstas comícios, caminhadas e encontros com apoiadores em diferentes cidades. Edmilson Costa (PCB) Participa de caravana em Franca (SP) com as candidaturas do PCB. Hertz Dias (PSTU) Panfletagem na sede da Companhia de Saneamento do Maranhão (Caema), em São Luís (MA). Flávio Bolsonaro (PL) Às 9h30, participa de motocarreata em Juazeiro do Norte (CE), com parada na Praça Padre Cícero às 10h25. Às 18h, participa de comício em Recife (PE). Luiz Inácio Lula da Silva (PT) Participa do ato ""Brasil Pronto pra Mais no DF"",, na Praça do Trabalhador de Ceilândia (DF). Renan Santos (Missão) O candidato participa de carreata pelo Paraná. Às 8h30, passa por Londrina, às 12h30 por Maringá e às 18h30 por Cascavel. Romeu Zema (Novo) Entrevista ao Jornal da Record Ronaldo Caiado  (PSD) Às 13h30, faz atendimento à imprensa no Restaurante Cantaloup, em São Paulo. Às 19h, concede entrevista, ao vivo, para o Flow Podcast, também em São Paulo. Samara Martins (UP) Participa de comício no calçadão de Canoas (RS) e de panfletagem no Hospital de Clínicas  em Porto Alegre (RS). À tarde, faz comício no centro de Porto Alegre e caminhada pelo Centro Histórico e Cidade Baixa. Wilson Grassi (Democrata) Concede entrevista ao podcast Lima TV, em São Bernardo do Campo (SP). Augusto Cury (Avante) Participa do Flow Podcast em São Paulo (SP), ao vivo, às 15h. Os candidatos Clariana Barão (DC) e Rui Costa Pimenta (PCO) não têm agenda pública de campanha. Leonardo Avalanche (PRTB) não divulgou compromissos até o momento desta publicação. A ordem de apresentação da cobertura da agenda dos candidatos a presidente segue rodízio diário em ordem alfabética."	Agência Brasil	politica	False
https://agenciabrasil.ebc.com.br/politica/noticia/2026-09/confira-agenda-dos-presidenciaveis-nesta-terca-feira-15	2026-09-15	Confira a agenda dos presidenciáveis nesta terça-feira (15)	Candidatos participam de atos, entrevistas e manifestações	"A agenda dos candidatos à presidência da República nesta terça-feira (15) inclui entrevistas e participação em podcasts, manifestações e atos políticos. Também estão previstos encontros com apoiadores, panfletagens, visitas a movimentos sociais, atividades em comunidades e participação em evento de campanha. Augusto Cury (Avante) Participa da ação ""Cury Fala, Brasil Escuta"", na Avenida Paulista, em São Paulo (SP). Clariana Barão (DC) Participa dos podcasts Midiajur Cuiabá (MT) e O Empallador, de Várzea Grande (MT). Edmilson Costa (PCB) Em Campinas (SP), faz panfletagem no CAPS Reviver e no centro da cidade. À noite, acompanha o lançamento do documentário ""Afrontosa"", no Centro de Convivência Cultural. Flávio Bolsonaro (PL) Às 19h, em Fortaleza, participa do Bloco do 22 com candidatos da capital. Hertz Dias (PSTU) Em São Luís (MA), visita a greve dos bancários da Caixa e se reúne com apoiadores na comunidade do Rio dos Cachorros, na zona rural. Luiz Inácio Lula da Silva (PT) Concede entrevista ao Jornal da Record. Renan Santos (Missão) Às 14h, participa de gravação de Sabatina Rede TV!. Às 15h, tem sabatina no jornal Correio Braziliense. Ambos os compromissos ocorrem em Osasco (SP). Romeu Zema (Novo) Participa de manifestação em frente ao STF, em Brasília. Samara Martins (UP) Em Porto Alegre (RS), participa de café da manhã na Ocupação Sepé Tiaraju, de panfletagem no Restaurante Universitário da Ufrgs e de ato em frente ao Ministério Público. No fim da tarde, faz comício no centro de Gravataí (RS). Ronaldo Caiado  (PSD) Em Aparecida de Goiânia (GO), concede entrevista coletiva e participa do encontro ""Dia do 15"". Rui Costa Pimenta (PCO) Às 13h, participa do programa Análise da 3ª , transmitido pela Rádio Causa Operária no YouTube. Às 20h, concede entrevista a Leandro Fortes, transmitida pelo Canal do Galo Preto. Wilson Grassi (Democrata) Às 9h, tem reunião com equipe de comunicação da campanha. Às 16h, participa de reunião com a equipe de marketing da campanha. A ordem de apresentação da cobertura da agenda dos candidatos a presidente segue rodízio diário em ordem alfabética."	Agência Brasil	politica	False
https://agenciabrasil.ebc.com.br/politica/noticia/2026-09/em-carta-aos-candidatos-fenaj-pede-valorizacao-dos-jornalistas	2026-09-15	Em carta aos candidatos, Fenaj pede valorização dos jornalistas	Entidade destaca pleitos como piso salarial e combate à pejotização	A Federação Nacional dos Jornalistas (Fenaj) lançou, nesta terça-feira (15), duas cartas abertas para as candidaturas à presidência da República e ao Congresso Nacional. As cartas tratam dos pleitos da categoria, alertando para a precarização e retirada de direitos dos jornalistas no país e a necessidade de regulamentação das plataformas digitais. “O avanço das plataformas digitais, situadas majoritariamente nos Estados Unidos, e a utilização de recursos como a chamada ‘inteligência artificial’, desafiam a soberania brasileira e colocam em xeque o futuro da profissão jornalística, já que essas empresas se apropriam do conteúdo produzido por nossa categoria sem nenhum tipo de contrapartida financeira”, diz a Fenaj em uma das cartas. “A utilização de conteúdo jornalístico por essas ferramentas deve não apenas assegurar transparência, mas remuneração justa a quem produziu a informação”, acrescenta. Entre as reivindicações da entidade, estão a aprovação do Piso Salarial Nacional e o combate à “pejotização”, que contrata pessoas físicas como se fossem empresas, e não lhes confere os direitos da Consolidação das Leis Trabalhistas (CLT). A Fenaj também defende a criação do Fundo Nacional de Apoio e Fomento ao Jornalismo (Funajor), que seria abastecido pela tributação das grandes plataformas multinacionais, para viabilizar a diversidade regional, comunitária e independente. Na carta aos candidatos ao cargo de presidente da República, a entidade defende o fortalecimento da Empresa Brasil de Comunicação como instrumento de garantir “conteúdos comprometidos com a cidadania e a democracia”. “A Empresa Brasil de Comunicação (EBC) deve, portanto, ser um pilar fundamental para o sistema público de comunicação de nosso país, por meio do fortalecimento de sua autonomia editorial e da garantia de financiamento público adequado e permanente”. Aos candidatos a cargos no Congresso Nacional, a Fenaj pede a revogação da Lei do Multimídia. A lei, sancionada em janeiro de 2026, cria a figura de um profissional apto a exercer diversas funções, como criar, produzir e editar conteúdos, entre outras atribuições. “É um risco concreto para o futuro de nossa profissão, ao sobrepor uma série de funções historicamente regulamentadas para nossa categoria”, diz a entidade. Confira aqui a carta aos candidatos a presidente da República.	Agência Brasil	politica	False
https://agenciabrasil.ebc.com.br/politica/noticia/2026-09/tiktokizacao-e-crise-sufocam-propostas-de-campanha-diz-fenaj	2026-09-15	"""Tiktokização"" e crise sufocam propostas de campanha, diz Fenaj"	Entidade reflete sobre lacunas da cobertura eleitoral de 2026	"O debate público sobre os rumos do Brasil tem sido esvaziado por um modelo eleitoral distorcido, marcado pela ausência de propostas estruturais. É o que aponta a presidenta da Federação Nacional dos Jornalistas (Fenaj), Samira de Castro. Em entrevista à Agência Brasil , ela argumenta que os problemas reais do país estão deixando de ser discutidos devido a dois principais fatores: a busca da grande mídia por audiência instantânea - e, na maioria dos casos, momentânea - e a adesão das candidaturas a uma lógica de marketing superficial. “Sofremos um processo violento de 'tiktokização' da campanha eleitoral. Tudo se resume à dancinha”, declarou Samira. Ela acrescenta que, em tempos de atenção pulverizada e consumo superficial de notícias, poucos candidatos parecem dispostos a debater a sério os reais problemas do Brasil. Samira também destaca qual é o papel do jornalismo nas grandes crises, como a que enfrenta o Supremo Tribunal Federal (STF) e a importância de ir além nessa pauta. Leia, a seguir, os principais trechos da entrevista exclusiva. Agência Brasil: A atual crise político-institucional, que envolve denúncias relacionadas ao caso Master, afeta o debate eleitoral? Samira de Castro: Sim. Ela já extrapolou o Poder Judiciário - envolvendo outras organizações, como a Polícia Federal - e está dominando o debate. O pior é que, a meu ver, ela continuará dominando o noticiário. Agência Brasil: Com a aproximação do primeiro turno [em 4 de outubro], você acha que a imprensa e a opinião pública vão encontrar uma forma mais equilibrada para seguir acompanhando e noticiando o caso e, ao mesmo tempo, estimular os candidatos a detalharem suas propostas e os demais problemas brasileiros? Samira de Castro: Sendo muito sincera, acho que não. Há um outro aspecto nisso tudo que preocupa a mim e à Fenaj, que é a questão do jornalismo declaratório, da superficialidade com que este e outros escândalos são tratados. Agência Brasil: De que maneira isso atrapalha o debate eleitoral e, no limite, impacta o curso normal das eleições? Samira de Castro: Primeiramente, o debate eleitoral fica prejudicado porque, no primeiro plano, as atenções se voltam todas para a crise institucional – que neste caso é [afeita ao] Poder Judiciário. Com isso, as pautas comuns dos períodos eleitorais, ou seja, a discussão das propostas dos candidatos, das demandas da sociedade civil e das pautas nacionais, ficam em segundo plano. Ainda que um ou outro veículo entreviste os candidatos ou tenha feito séries sobre os problemas reais do Brasil, isto fica em segundo plano diante do cenário de crise. Em parte, isso ocorre também por uma lógica própria da comunicação, que é a busca pela audiência, cuja atenção é mobilizada. O resultado é que a população não debate com profundidade os programas de governo e as candidaturas, nem em nível nacional nem estadual. O que, em última instância, prejudica a sociedade civil organizada, cujas proposições não são contempladas. Agência Brasil: Diante da gravidade da crise, isso poderia ser diferente? Como equacionar a necessária cobertura dos fatos e, ao mesmo tempo, garantir espaço para o debate dos problemas estruturais do país? Samira de Castro: Acho que a mídia precisa insistir na segunda agenda. É importante cobrir a crise do Poder Judiciário. Inclusive porque rende muita audiência – o que também é necessário. Mas a agenda própria aos debates políticos precisa de uma certa insistência; de uma visão de longo prazo que não se esgota apenas na eleição. Porque tanto a realidade nacional tem que ser o tempo todo informada à sociedade, como também os desafios futuros, sobretudo nos campos econômico, social e geopolítico, como a interferência dos Estados Unidos. Esses temas podem até não ser o assunto principal neste momento, mas têm que ser discutidos com fontes plurais e confiáveis, evitando vieses editoriais. É preciso ir além do jornalismo declaratório, do “quem disse o quê”, e buscar ouvir a população, que é afetada no dia a dia pela política. Agência Brasil: Toda crise política e institucional interessa ou beneficia a algum segmento e também cabe à imprensa deixar isto claro – mesmo sob risco de ser acusada de parcial? Samira de Castro: Acho que a imprensa vai ser cada vez mais desafiada nessas coberturas eleitorais. Não só pelas crises persistentes, mas por uma reflexão muito franca sobre qual é, de fato, nosso papel. É ficarmos só na repercussão de fatos que mobilizam determinados setores políticos e econômicos? Para um segmento do espectro político, interessa que a crise institucional seja coberta todo dia, com vazamentos seletivos, investigações direcionadas. É um projeto em disputa. O jornalismo tem que perceber seu papel nesse momento e agir com responsabilidade, cumprindo sua função social de compartilhar informação de relevante interesse público, capaz de gerar cidadania. Mas, ao contrário disso, muitos veículos de imprensa estão se guiando pela lógica de concorrer com as redes sociais, buscando uma atenção capaz de gerar engajamento momentâneo, mas sem discutir nada com profundidade, o que prejudica os esforços de veículos para se manterem relevantes. Além disso, é preciso reconhecer que houve um empobrecimento também das campanhas. Parece-me que estamos sofrendo um violento processo de ""tiktokização"" da campanha eleitoral. Você olha os perfis dos candidatos e tudo se resume a dancinha. É uma loucura. Poucos parecem debater a sério os reais problemas do Brasil. Agência Brasil: E quais são, a seu ver, os temas mais urgentes nestas eleições? Samira de Castro: Um deles certamente é a questão climática. Como as candidaturas enxergam as mudanças climáticas e suas consequências? Outra questão é como explorar nossas terras raras. Eu, particularmente, me interesso pela questão da atração de data centers, um tema bastante complicado e controverso. Enfim, há inúmeros temas na ordem do dia e sobre os quais não estamos vendo um debate aprofundado."	Agência Brasil	politica	False
https://agenciabrasil.ebc.com.br/politica/noticia/2026-09/confira-como-foi-segunda-feira-14-dos-candidatos-presidente	2026-09-14	Confira como foi a segunda-feira (14) dos candidatos a presidente	Presidenciáveis participaram de panfletagem e comícios	"A agenda dos candidatos à Presidência da República nesta segunda-feira (14) incluiu reuniões, encontros e atividades de campanha em diferentes estados. Renan Santos (Missão) O candidato Renan Santos iria participar do encontro de presidenciáveis, organizado pela Mathias TV, em São Paulo. O debate foi cancelado. Ronaldo Caiado (PSD) O candidato Ronaldo Caiado iria participar do encontro de presidenciáveis, organizado pela Mathias TV, em São Paulo. O debate foi cancelado. Rui Costa Pimenta (PCO) O candidato Rui Costa Pimenta dedicou o dia a reunião com a coordenação de campanha e com candidatos do Mato Grosso do Sul, em Dourados (MS). Romeu Zema (Novo) O candidato Romeu Zema iria participar de encontro de presidenciáveis, organizado pela Mathias TV, em São Paulo. O debate foi cancelado. Samara Martins (UP) A candidata Samara Martins cancelou compromissos de campanha em Belo Horizonte por causa da forte chuva. Wilson Grassi (Democrata) O candidato Wilson Grassi concedeu entrevista para a Rádio Líder FM de Pernambuco. Augusto Cury (Avante) O candidato Augusto Cury participou do 3º Congresso da Associação Paulista de Saúde Integrativa e Bem-Estar (APIBEM), na Assembleia Legislativa do Estado de São Paulo (Alesp). Ele esteve em almoço com empresários e participou de reunião na Assembleia de Deus, no bairro do Brás, região central da capital paulista. Clariana Barão (DC) A candidata Clariana Barão esteve em Várzea Grande (MT), onde nasceu, para conceder entrevista a uma rádio local. Ela disse que, em um eventual governo, a prioridade será o cuidado com mulheres e crianças. ""Eu venho de um estado campeão do feminicídio. Temos um histórico absurdo de violência contra crianças, então realmente a minha pauta número um é o cuidar"", afirmou. Edmilson Costa (PCB) O candidato Edmilson Costa cancelou a agenda prevista para o litoral norte de São Paulo em razão das condições climáticas. Flávio Bolsonaro (PL) O candidato Flávio Bolsonaro cumpriu agenda de campanha em Belém, onde almoçou com apoiadores e participou de motocarreata. No início da noite, fez um comício no Complexo Turístico Ver-o-Rio, em Umarizal. O candidato disse que, se eleito, vai revitalizar a rodovia Transamazônica. ""Vou regularizar essa questão da terra, de cerca de 22 municípios ao redor da Transamazônica. Vou regularizar essas terras para levar desenvolvimento e oportunidades para essas pessoas”, afirmou. Hertz Dias (PSTU) O candidato Hertz Dias cumpriu agenda em São Luís, onde concedeu entrevistas a rádios e TVs locais e participou de panfletagem. Ele defendeu demarcação de terras indígenas e quilombolas para evitar o avanço ilegal do agronegócio e da mineração. ""Os povos indígenas e quilombolas estão entre os principais defensores das florestas, dos rios e da biodiversidade brasileira. Por isso, defender a demarcação de suas terras também é defender a Amazônia, o Cerrado e todos os biomas ameaçados pela exploração predatória"", disse. Luiz Inácio Lula da Silva (PT) O candidato Luiz Inácio Lula da Silva não teve agenda pública de campanha. A ordem de apresentação da cobertura da agenda dos candidatos a presidente segue rodízio diário em ordem alfabética * Colaboraram Bruno de Freitas Moura (Rio de Janeiro), Luciano Nascimento (São Luís) e redação de São Paulo."	Agência Brasil	politica	False
https://agenciabrasil.ebc.com.br/politica/noticia/2026-09/ciencia-ainda-nao-foi-lembrada-na-campanha-eleitoral-diz-sbpc	2026-09-14	Ciência ainda não foi lembrada na campanha eleitoral, diz SBPC	Presidente da entidade alerta para ausência de debates importantes	Enquanto o cenário político e as denúncias envolvendo o caso Master monopolizam as atenções em todo o Brasil, os desafios estratégicos que o país enfrentará a curtíssimo prazo — do envelhecimento populacional à transição energética, passando pela importância de se tornar capaz de processar os minerais críticos que abriga em seu subsolo — seguem à margem do debate eleitoral. Para a presidenta da Sociedade Brasileira para o Progresso da Ciência (SBPC), Francilene Garcia, os recentes escândalos e as disputas pessoais aprofundam o esvaziamento das discussões de temas vitais para os rumos nacionais, deixando em segundo plano itens como ciência, transição energética e a necessidade de se preparar para cenários adversos, incluindo uma iminente crise sanitária. Para a doutora em engenharia elétrica, professora e pesquisadora da Universidade Federal de Campina Grande (UFCG), que desde 2025 está à frente da mais importante entidade de promoção e defesa da ciência e tecnologia no Brasil, eleitores e candidatos parecem ter sido empurrados para uma falsa dicotomia: a ideia errônea de que é preciso escolher entre passar as instituições a limpo ou discutir e planejar o futuro do país. “O país acaba sendo obrigado a escolher entre discutir a integridade das instituições ou o projeto de desenvolvimento, quando as duas coisas fazem parte de uma mesma agenda”, defendeu Francilene em entrevista exclusiva à Agência Brasil . Na conversa, ela falou ainda sobre temas como o envelhecimento da população e o baixo engajamento das candidaturas com o tema da ciência. Leia a íntegra abaixo: Agência Brasil: Quais temas a SBPC considera prioritários nestas Eleições Gerais? Francilene Garcia: Primeiro, acho fundamental começar dizendo que [com a crise] o país acaba sendo obrigado a escolher entre discutir a integridade das instituições ou o projeto de desenvolvimento, quando as duas coisas fazem parte de uma mesma agenda. Também é importante dizer que a ciência brasileira ainda não entrou nessa campanha. Justo a ciência, que depende de regras estáveis, orçamento previsível e atenção - inclusive quando estamos à beira de novas crises pandêmicas. Isso vem sendo discutido quase que em lacunas, de forma periférica, porque a agenda [eleitoral] está sendo ocupada por temas que a sociedade não escolhe. Na nossa visão, há uma lacuna imensa em relação aos temas que realmente importam. Tanto que lançamos o Observatório das Eleições justamente para tentar levar mais de uma centena de propostas de políticas públicas que julgamos importantes para o desenvolvimento do país. Temos tentado engajar as candidaturas e qualificar os debates em torno de temas como as mudanças climáticas e seus impactos para as cidades, bem como o risco de novas crises pandêmicas e o processo de transformação digital. Temas que ainda hoje não entraram nas campanhas. Agência Brasil: E não entraram devido à dimensão da atual crise político-institucional e suas repercussões ou porque, historicamente, a ciência sempre fica à margem dos debates eleitorais? Francilene: Historicamente, a ciência fica à margem do debate. Isso mudou um pouco em 2020, quando enfrentamos o problema da crise sanitária [a pandemia de covid-19]. Ali começamos a ver um pouco mais de discussão. Depois, em 2024, ocorreram as enchentes no Rio Grande do Sul; queimadas no Centro-Oeste e seca, escassez hídrica, em regiões do Norte e Nordeste. Tudo isso fruto do novo regime climático. Nesses momentos, a temática ganhou peso. Já no atual debate eleitoral, as temáticas acabam fugindo ao que de fato interessa do ponto de vista de um projeto de nação. Olhando para os países líderes globais, vemos, por exemplo, que temas da maior importância, como o aproveitamento das terras raras, que são fundamentais para toda a indústria do complexo de transformação digital das sociedades, estão postos nos debates. No Brasil, não, pois tivemos um esvaziamento não só da participação [dos próprios candidatos] nos debates, como dos temas relevantes para o futuro do país. Agência Brasil: A estratégia que a SBPC tinha definido e as ações que vêm realizando para tentar pautar a ciência nos debates eleitorais foram impactados pela dimensão da atual crise? Francilene : Estão sendo. Temos no Observatório das Eleições pouco mais de uma centena de candidaturas engajadas. Dentre as quais, uma única de âmbito [Executivo] federal e nenhuma de âmbito estadual. Quer dizer, nenhum candidato a governador se comprometeu com nossas propostas. Alguns candidatos a deputado federal e ao Senado vinham se comprometendo, mas isso também perdeu velocidade nos últimos dias. Então, ao ocupar o centro das atenções em um momento importante como este das eleições gerais, essa discussão que tomou conta de grande parte da imprensa e que nos obriga a escolher discutir a integridade das instituições em vez de um projeto de país, acaba afastando outros temas. Incluindo a própria questão do financiamento da ciência. A questão é que temos pela frente um curto período pré-eleitoral ao fim do qual escolhas terão que ser feitas sem que tenhamos respostas para problemas que afetam a vida de todos. Para não falar que, ao monopolizar a agenda, esta crise evidencia uma situação muito complicada para toda a comunidade científica, que é a disputa de versões. Agência Brasil: Mas, considerando a gravidade das suspeitas e dos fatos que têm vindo a público, que a situação poderia ser diferente? Há como discutirmos outros temas sem deixar de lado a necessária fiscalização dos Poderes? Francilene: Enquanto entidade científica, não nos cabe fazer julgamento prévio de processos investigativos em andamento. Tal como, creio eu, não cabe a nenhum indivíduo. Este, inclusive, foi o tema da nota que a SBPC, a Academia Brasileira de Ciências e (ABC) e várias entidades científicas tornaram pública na semana passada. Há de se cumprir o rito processual, garantindo o amplo direito à defesa. É fundamental entendermos que a integridade das instituições, os legítimos protocolos definidos na Constituição Federal, precisam ser respeitados e cumpridos dentro dos prazos legais. Complicado é quando começamos a ver vazamentos de informações em prol de interesses específicos, particulares. E quando esses acabam ocupando a centralidade do debate público, esvaziando a discussão de temáticas importantes. Agência Brasil: Além dos investimentos em educação, ciência e tecnologia e da regulamentação da exploração das terras raras, quais outros temas a SBPC vê como centrais para o Brasil? Francilene: Uma discussão que já vinha ocupando espaço na mídia diz respeito aos impactos da crise climática, que já é uma realidade. Temos que continuar discutindo o impacto do aquecimento para a vida no planeta, especialmente para o Brasil e para nossos biomas. Estamos todos testemunhando o aumento dos eventos climáticos extremos. Temos que seguir discutindo e adotando medidas para [conter] os impactos. Inclusive, no caso brasileiro, para a agroindústria. Associado a isso, de maneira muito direta, há a questão de novas crises sanitárias pandêmicas. Sabemos que isso ocorrerá, só não quando. É preciso discutir como o Brasil, em particular o Sistema Único de Saúde (SUS) está se preparando para isso. Precisamos melhorar as imunizações. E, para isso, vamos ter que discutir e rever estratégias, pois sabemos que uma parte da população nega a importância das vacinas. Além disso, quando olhamos para as transformações digitais e para os [prováveis] impactos da inteligência artificial, é preciso nos perguntarmos qual espécie de soberania o Brasil está construindo para a próxima década. São temas fundamentais que deveriam estar no centro do debate político eleitoral e ainda não estão. Até porque, como disse antes, a ciência também ainda não chegou à pauta das discussões entre os candidatos nessas eleições. Agência Brasil: Por quê? A classe política não está sabendo avaliar e pautar os temas que importam para o futuro do país? Francilene : Provavelmente não. Esta é uma grande preocupação para a comunidade científica. Por exemplo, lançando um olhar para daqui a pouco mais de dez anos, quando estaremos próximos de ter mais pessoas acima dos 60 anos de idade do que na faixa etária produtiva, nos perguntamos que espécie de soberania e autonomia teremos construído para o Brasil? O país vai voltar a ser um país colônia, [exclusivamente] exportador de matéria-prima? Será isso que a população quer? Parte da própria classe política parece nos dar uma demonstração de estar um pouco alheia aos debates fundamentais para o futuro do país. Tudo isso preocupa muito a comunidade científica.	Agência Brasil	politica	False
https://agenciabrasil.ebc.com.br/politica/noticia/2026-09/campanha-incentiva-voto-de-quem-tem-mais-de-70-anos	2026-09-14	Campanha incentiva voto de quem tem mais de 70 anos	Iniciativa alcança 300 municípios em São Paulo e 358 em Minas Gerais	Mapeamento do data8 revela diferenças regionais na implementação do programa Seu Voto Importa , voltado para atender eleitores brasileiros com deficiência ou mobilidade reduzida, que não dispõem de meios próprios para chegar ao local de votação – entre eles, pessoas idosas com dificuldade de deslocamento. A iniciativa alcança mais de 300 municípios em São Paulo e 358 em Minas Gerais, mas estados como Amazonas e Mato Grosso do Sul, por exemplo, não implementaram o programa. Outro problema identificado pelo mapeamento é que as ações dirigidas aos eleitores com mais de 70 anos, faixa etária para a qual o voto é facultativo, são pontuais e nem sempre esse público é informado de maneira clara das possibilidades de solicitar o serviço, cujo prazo expira nesta segunda-feira (14) . Criado pelo Tribunal Superior Eleitoral (TSE) a partir da Resolução 23.753/2026, o Seu Voto Importa estabelece as diretrizes para a oferta do serviço pelos Tribunais Regionais Eleitorais (TREs). A norma inclui os idosos entre as pessoas com mobilidade reduzida quando essa condição dificulta ou impede o deslocamento por meios próprios. Para o primeiro turno, a solicitação pode ser feita pela própria pessoa – ou por curador, apoiador ou procurador –, presencialmente no cartório eleitoral ou pelos canais disponibilizados por cada TRE. Os pedidos são avaliados individualmente, considerando fatores como grau de limitação funcional, existência de transporte público acessível e distância entre a residência e o local de votação. O transporte pode incluir os trajetos de ida e volta entre a residência e a seção eleitoral e, quando necessário ao exercício do voto, um acompanhante. A disponibilidade do serviço e as informações sobre o transporte devem ser confirmadas ao eleitor até 48 horas antes da votação. A oferta está condicionada às possibilidades materiais, orçamentárias e financeiras dos tribunais – com prioridade para situações de maior vulnerabilidade. Para Cléa Klouri, fundadora do data8 e coordenadora do mapeamento que integra o Movimento Voto 70+, a criação de uma política nacional que reconheça e busque remover barreiras concretas de acesso às urnas representa um avanço. Um dos problemas identificados pelo data8 está na linguagem. Embora a resolução inclua idosos no conceito de mobilidade reduzida quando houver dificuldade ou impedimento para o deslocamento por meios próprios, uma pessoa de 75 ou 80 anos pode não se identificar espontaneamente com essa classificação. De acordo com análise do data8, embora as dificuldades de deslocamento e acesso à informação atinjam a população idosa de maneira geral – comprometendo o exercício do voto –, a partir dos 70 anos surge uma questão adicional: o voto passa a ser facultativo. Nesse grupo, remover a barreira física para chegar à urna não basta, necessariamente, para estimular a participação. Segundo Cléa Klouri, o mapeamento identificou uma abstenção muito grande das pessoas acima de 70 anos nas últimas eleições. “Fizemos uma campanha desde o início do ano para incentivar essas pessoas a votarem. Uma das razões é que pessoas a partir dessa idade acabam se sentindo um pouco invisibilizadas, acham que seu voto não tem mais importância, que ninguém mais quer saber sua opinião. Com toda a experiência que tiveram, elas têm muito a contribuir para o país”, explicou. Atualmente o país conta com cerca de 16 milhões de idosos com mais de 70 anos, 10,6% do total de eleitores aptos . Dos 25 milhões de brasileiros que não foram às urnas em 2022, 8 milhões faziam parte desse grupo, registrando quase 60% de abstenção.	Agência Brasil	politica	False
https://agenciabrasil.ebc.com.br/politica/noticia/2026-09/confira-agenda-dos-presidenciaveis-nesta-segunda-feira-14	2026-09-14	Confira a agenda dos presidenciáveis nesta segunda-feira (14)	Candidatos têm compromissos em diferentes estados	A agenda dos candidatos à Presidência da República nesta segunda-feira (14) inclui reuniões, encontros e atividades de campanha em diferentes estados. Augusto Cury (Avante) Às 10h30, participa do III Congresso da Associação Paulista de Saúde Integrativa e Bem-Estar (APIBEM), na Assembleia Legislativa do Estado de São Paulo (Alesp), na capital paulista. O candidato receberá uma homenagem e terá um momento de fala no evento. Às 12h, participa de almoço com empresários no Café Journal, em São Paulo. Às 15h, participa de reunião na Assembleia de Deus no Brás, também na capital paulista. Clariana Barão (DC) Às 10h, participa de entrevista ao vivo na rádio Metrópole FM Cuiabá, 105,9 FM. Às 15h, grava entrevista para a MidiaNews, em Cuiabá. Edmilson Costa (PCB) A agenda prevista para esta segunda-feira (14), no litoral norte de São Paulo, foi cancelada em razão das condições climáticas. Flávio Bolsonaro (PL) Às 16h30, participa de moto-carreata em Belém (PA). Às 18h, faz comício no Complexo Turístico Ver-o-Rio, em Umarizal, Belém (PA). Hertz Dias (PSTU) Às 11h, concede entrevista ao Café Quente Podcast. Às 12h30, participa de entrevista à TV Cidade (TV Record). Às 14h30, tem entrevista ao UQ Podcast. Às 17h, faz panfletagem no comércio da Rua Grande. Às 18h30, entrevista à TV Band. Todos os compromissos ocorrem em São Luís (MA). Renan Santos (Missão) Às 20h, participa de encontro de presidenciáveis organizado pela Mathias TV, em São Paulo. Ronaldo Caiado (PSD) Às 20h, participa de encontro de presidenciáveis organizado pela Mathias TV, em São Paulo. Rui Costa Pimenta (PCO) Às 18h, tem reunião com candidatos de Mato Grosso do Sul. Romeu Zema (Novo) Às 20h, participa de encontro de presidenciáveis organizado pela Mathias TV. Samara Martins (UP) Às 7h, faz panfletagem Move Tamoios (Av. Paraná, 301). Às 12h, participa de panfletagem com trabalhadores na Vilma. Às 16h, panfletagem e agitação na Praça Sete. Às 19h, tem reunião com Comunicados Eclesiais de Base. Todos os compromissos ocorrem em Belo Horizonte (MG). Wilson Grassi (Democrata) Às 18h, concede entrevista ao vivo à Rádio Líder FM de Pernambuco. O candidato Luiz Inácio Lula da Silva (PT) não divulgou agenda de campanha até o momento desta publicação. A ordem de apresentação da cobertura da agenda dos candidatos a presidente segue rodízio diário em ordem alfabética. *Colaborou Isabela Vieira, Guilherme Jeronymo e Andreia Verdélio.	Agência Brasil	politica	False
https://agenciabrasil.ebc.com.br/politica/noticia/2026-09/eleitores-com-deficiencia-tem-ate-hoje-para-pedir-transporte-gratis	2026-09-14	Eleitores com deficiência têm até hoje para pedir transporte grátis	Benefício é assegurado pelo Programa Seu Voto Importa, do TSE	Termina nesta segunda-feira (14) o prazo para eleitoras e eleitores com deficiência ou mobilidade reduzida e que não dispõem de meios próprios para chegar ao local de votação pedirem à Justiça Eleitoral transporte especial individual e gratuito para o primeiro turno das eleições de 2026. O benefício é assegurado pelo Programa Seu Voto Importa, que o Tribunal Superior Eleitoral (TSE) instituiu em fevereiro deste ano, por intermédio da Resolução nº 23.753/2026 . E contempla também população de territórios indígenas, de comunidades remanescentes de quilombos e de demais comunidades tradicionais. O transporte especial individual gratuito é destinado a eleitoras e eleitores que não disponham de meios próprios para comparecer ao local de votação. Quando necessário, o serviço poderá garantir o deslocamento de ida e volta entre a residência e o local de votação e incluir acompanhante indicado pelo eleitor, caso esse apoio seja indispensável para o exercício do voto. A iniciativa não substitui a obrigação do Poder Público de garantir transporte coletivo urbano e intermunicipal gratuito nos dias de votação. Segundo o texto da resolução assinada pelo presidente do TSE, ministro Nunes Marques, o Programa Seu Voto Importa integra o conjunto de ações de acessibilidade promovidas pela Justiça Eleitoral para promover a inclusão no processo eleitoral, assegurando condições de igualdade para todos os cidadãos e cidadãs aptas a votar exercerem o direito de voto. A solicitação deve ser feita até o fim do dia, pelo próprio eleitor ou eleitora, bem como por seus curadores, apoiadores ou procuradores. Pode ser formalizada presencialmente, em um cartório eleitoral, ou por meio dos canais de atendimento disponibilizados e divulgados pelos Tribunais Regionais Eleitorais (TREs) de cada estado. O serviço abrange pessoas com deficiência – ou seja, com impedimento de longo prazo de natureza física, mental, intelectual ou sensorial – bem como cidadãos com mobilidade reduzida, categoria que inclui idosos, gestantes, lactantes, pessoas com crianças de colo e obesos. Quem tiver dificuldade para exercer o direito ao voto ou a outros direitos eleitorais também pode procurar uma unidade da Defensoria Pública da União (DPU) e receber orientação jurídica gratuita. “Garantir o direito ao voto também significa remover as barreiras que podem impedir uma pessoa de chegar à seção eleitoral. Essa parceria busca assegurar que pessoas com deficiência, mobilidade reduzida e integrantes de comunidades indígenas e quilombolas tenham condições concretas de participar das eleições. Por isso, é importante ficar atento ao prazo e solicitar o transporte dentro do período previsto”, destaca o defensor público federal Vinícius Diniz, coordenador do Núcleo Estratégico de Interiorização Eleitoral (NEIE). Dados do TSE mostram que o eleitorado com alguma deficiência aumentou quase 14 vezes (ou 1.290%) no espaço de 16 anos, saltando de 141.690, em 2010, para os atuais quase 2 milhões. A fim de facilitar e/ou permitir que esses cidadãos exerçam seu direito ao voto, a Justiça Eleitoral implementou outras iniciativas além do transporte especial gratuito. Este ano, por exemplo, as eleições contarão com novidades nas urnas eletrônicas. Segundo o TSE, uma nova fonte tipográfica – a Atkinson Hyperlegible, desenvolvida pelo Braille Institute –, mais legível, facilitará a leitura para pessoas com deficiência visual. Além disso, uma barra de progresso fixa na parte superior da tela orientará o eleitor durante todas as etapas da votação, tornando o processo mais intuitivo. Recursos de acessibilidade que já vinham sendo empregados também foram ampliados. Caso dos intérpretes de Libras, que além de informar o cargo em votação, passam a indicar situações como voto em branco, voto nulo e voto de legenda. As iniciativas de acessibilidade também incluem a ampliação dos intérpretes de Libras empregados para sinalizar votos em branco e nulos; o livre ingresso e a permanência de cães-guia nos locais de votação e o treinamento dos mesários, com foco em assegurar atendimento preferencial a grupos específicos, como as pessoas no Transtorno do Espectro Autista (TEA). Saiba mais no Repórter Brasil Tarde, da TV Brasil	Agência Brasil	politica	False
