URL	Data	Titulo	Subtitulo	Conteudo	Author	Categoria	is_fake
https://agenciabrasil.ebc.com.br/geral/noticia/2026-10/calor-e-chuva-persistem-em-grande-parte-do-pais	2026-10-07	Calor e chuva persistem em grande parte do país	Massa de ar quente e seco avança sobre várias regiões	Uma grande massa de ar quente e seco se estabelece, nesta quarta-feira (7), entre a Região Nordeste e grande parte do Norte do país e deve avançar sobre o norte de Minas Gerais, Espírito Santo e parte do Centro-Oeste, informa o Instituto Nacional de Meteorologia (Inmet). Na Região Norte, o tempo fica ensolarado em grande parte do Pará, no Amapá e no Tocantins. Também há possibilidade de tempestade no oeste do Amazonas, em Rondônia, no oeste de Roraima e no leste do Acre. Entre as capitais, a temperatura mínima será de 24°C em Porto Velho e a máxima chega a 38°C em Palmas. No Nordeste, um aviso amarelo de perigo potencial alerta para baixa umidade do ar no leste do Maranhão, em grande parte do Piauí e do Ceará, no sudoeste do Rio Grande do Norte, no oeste da Paraíba e de Pernambuco e no norte, oeste, centro e sul da Bahia. Pode chover no litoral da Paraíba, do Rio Grande do Norte e do Maranhão, onde a chuva também chega de forma isolada no extremo oeste. Nas capitais, a temperatura mínima será de 22°C em Maceió e a máxima chega a 40°C em Teresina. O Centro-Oeste brasileiro tem tempo estável com chuvas isoladas em alguns pontos da região, como o noroeste e oeste de Mato Grosso, leste de Mato Grosso do Sul e sul de Goiás. Também há aviso amarelo de perigo potencial para tempestades no noroeste, oeste e sul de Mato Grosso, no sul de Goiás e em Mato Grosso do Sul. A temperatura mínima entre as capitais será de 19°C em Brasília e a máxima de 37°C em Cuiabá. No Sudeste do país, um aviso amarelo de perigo potencial alerta para tempestades no oeste, noroeste, norte e leste de São Paulo, no Triângulo Mineiro, no centro, sul e sudeste de Minas Gerais, no Rio de Janeiro e no sul do Espírito Santo. No norte de Minas Gerais, há aviso amarelo de perigo potencial para baixa umidade do ar. Entre as capitais, a temperatura mínima é de 17°C em São Paulo e a máxima é de 31°C em Vitória. Na Região Sul, um aviso laranja de perigo alerta para tempestades no oeste de Santa Catarina e no noroeste, oeste, sul e centro do Rio Grande do Sul. Nas demais áreas do Rio Grande do Sul, no meio-oeste de Santa Catarina e no oeste e sudoeste do Paraná, o aviso perde força, mas ainda é amarelo de perigo potencial. As temperaturas ficam amenas nas capitais, variando entre a mínima de 15°C em Curitiba e a máxima de 25°C em Porto Alegre.	Agência Brasil	geral	False
https://agenciabrasil.ebc.com.br/geral/noticia/2026-10/bets-comecam-sair-do-ar-nesta-terca-feira	2026-10-06	Bets começam a sair do ar nesta terça-feira	De 9 a 14 de outubro bancos deverão devolver saldos remanescentes	Os sites e aplicativos de apostas esportivas e jogos online , conhecidos como bets, começam a sair do ar em todo o país nesta terça-feira (6). A medida cumpre o previsto na MP 1.394/2026 , que proibiu a exploração, a oferta, a intermediação e a publicidade dessas atividades no Brasil. O prazo para que os usuários retirassem voluntariamente os recursos mantidos nas plataformas terminou às 23h59 de ontem (5). As empresas terão os dias 7 e 8 de outubro para informar às instituições financeiras os saldos remanescentes de seus clientes, vinculados aos respectivos CPFs. De 9 a 14 de outubro, os bancos deverão efetuar a devolução dos valores aos apostadores. Nos casos em que houver impedimento para a restituição dos recursos pelas instituições financeiras, a Caixa Econômica Federal poderá intermediar os pagamentos a partir de 14 de outubro. A medida provisória foi assinada pelo presidente Luiz Inácio Lula da Silva em 25 de setembro. A proibição alcança as apostas esportivas e os jogos online e determina o encerramento das atividades das plataformas no país. A devolução vale para os saldos mantidos nas plataformas autorizadas . Segundo estimativas da Secretaria de Prêmios e Apostas (SPA), cerca de 23 milhões de apostadores tinham recursos nessas contas. O governo calcula que aproximadamente R$ 1,7 bilhão deverá ser devolvido aos usuários. Quem não conseguiu sacar os recursos dentro do prazo não perderá o dinheiro. As empresas deverão repassar aos bancos os dados dos saldos remanescentes para que a devolução seja feita aos apostadores. Nos casos em que houver impedimento para a devolução pelos bancos, a Caixa Econômica Federal poderá intermediar os pagamentos a partir de 14 de outubro. O governo orienta os usuários a guardar comprovantes de saldo e de eventuais solicitações de saque feitas antes do encerramento das operações. Quem não retirou os recursos até o fim do prazo deverá acompanhar os procedimentos de devolução pelas instituições financeiras. Lojas de aplicativos, provedores de internet e o Comitê Gestor da Internet no Brasil (CGI.br) participam do processo de bloqueio dos sites e aplicativos. Usuários que tentarem acessar as plataformas poderão ser direcionados para páginas com orientações sobre a devolução dos valores. O governo também ampliou as ações contra plataformas irregulares. Até o fim de setembro, os ministérios da Justiça e da Fazenda haviam solicitado o bloqueio de 5.209 domínios ligados à exploração ilegal de apostas. A MP 1.394/2026 está em vigor, mas ainda precisa ser analisada pelo Congresso Nacional. Como toda medida provisória, perderá a validade se não for aprovada pelos parlamentares dentro do prazo constitucional. Veja o cronograma para o fim das bets nas plataformas e a devolução dos recursos	Agência Brasil	geral	False
https://agenciabrasil.ebc.com.br/geral/noticia/2026-10/mega-sena-acumula-e-proximo-concurso-pode-pagar-r-92-milhoes	2026-10-04	Mega-Sena acumula e próximo concurso pode pagar R$ 92 milhões	Números sorteados foram 04 - 06 - 09 - 13 - 28 - 48.	Ninguém acertou as seis dezenas sorteadas nesse sábado (3) em São Paulo, no concurso 3066 da Mega-Sena. O próximo concurso, na terça-feira (6), pode pagar até R$ 92 milhões. Os números sorteados foram  04 - 06 - 09 - 13 - 28 - 48. O sorteio do concurso 3066 foi feito excepcionalmente no sábado por causa da realização das eleições neste domingo (4). Acertaram as cinco dezenas 118 apostadores que vão receber, cada um, R$ 25.224,37. Quatro números foram marcados por 8.062 apostadores que levam o prêmio individual de R$ 608,56. A aposta mínima na Mega-Sena custa R$ 6 e pode ser feita também pela internet.	Agência Brasil	geral	False
https://agenciabrasil.ebc.com.br/geral/noticia/2026-10/pf-investiga-ligacao-de-policiais-com-faccao-criminosa	2026-10-07	PF investiga ligação de policiais com facção criminosa	Eles são acusados de vender fuzis e vazar informações	A Polícia Federal (PF) cumpre, nesta quarta-feira (7), sete mandados de prisão preventiva e 18 de busca e apreensão contra um grupo acusado de ligações com facção criminosa do Rio de Janeiro. A PF investiga crimes como venda ilegal de fuzis e vazamento de informações sigilosas para a organização que atua no Complexo de Israel, na zona norte da capital fluminense, além de lavagem de dinheiro Entre os alvos da operação Magen estão um policial civil, um policial militar e ex-policiais. A investigação, feita pelo Grupo de Investigações Sensíveis da PF (GISE) e pelo Grupo de Atuação Especializada de Defesa da Integridade e Repressão à Sonegação Fiscal do Ministério Público do Rio (MPRJ), identificou que a organização criminosa mantinha um núcleo estruturado para obtenção, transporte e revenda clandestina de armas. Segundo a PF, o grupo comercializava fuzis de uso restrito, revólveres, pistolas, carregadores e munições. A investigação apontou indícios de que os alvos da operação chegaram a fornecer dez fuzis AR-15 diretamente à principal liderança criminosa do Complexo de Israel. Os policiais e ex-policiais conseguiam acessar sistemas restritos da Administração Pública e repassavam aos líderes da facção criminosa dados sigilosos referentes a mandados de prisão em aberto, endereços, registros de veículos e alvos de ações policiais em andamento. Com isso, conseguiram alertar os criminosos que atuam no complexo de favelas e evitar a repressão policial. As informações sigilosas também eram usadas para conduzir investigações clandestinas que tinham como objetivo extorquir criminosos. A lavagem do dinheiro obtido com o esquema criminoso era feita por meio de sucessivas manobras de dissimulação. Mais de R$ 100 milhões foram movimentados em um intervalo de quatro anos, entre contas pessoais e de empresas de fachada. Saiba mais no Repórter Brasil Tarde, da TV Brasil	Agência Brasil	geral	False
https://agenciabrasil.ebc.com.br/geral/noticia/2026-10/sorteio-da-mega-sena-sera-neste-sabado-premio-e-de-r-82-milhoes	2026-10-03	Sorteio da Mega-Sena será neste sábado; prêmio é de R$ 82 milhões	Apostas podem ser feitas até às 20h	A Mega-Sena sorteia neste sábado (3) prêmio estimado em R$ 82 milhões. As seis dezenas do concurso 3.066 serão sorteadas a partir das 21h (horário de Brasília) no Espaço da Sorte, em São Paulo. Devido à realização do primeiro turno das eleições de 2026, a Caixa Loterias antecipou para hoje os sorteios que estavam previstos para domingo (4). As apostas podem ser feitas até às 20h (horário de Brasília) em casas lotéricas credenciadas pela Caixa em todo o país ou pela internet . A aposta simples, com seis dezenas, custa R$ 6. No último concurso, foram sorteados os números  08 - 10 - 30 - 38 - 50 - 53 e nenhum apostador acertou as seis dezenas .	Agência Brasil	geral	False
https://agenciabrasil.ebc.com.br/geral/noticia/2026-09/transporte-publico-de-graca-no-dia-da-eleicao-veja-como-ira-funcionar	2026-10-02	Transporte público de graça no dia da eleição: veja como irá funcionar	Medida é para garantir chegada dos eleitores aos locais de votação	No próximo domingo (4), data do primeiro turno das eleições 2026, o transporte público coletivo deve ser gratuito em várias capitais e cidades do país. Isso é para garantir que os eleitores cheguem ao local de votação com antecedência. A medida está prevista na Resolução-TSE nº 23.751/2026, que determina a oferta gratuita de transporte coletivo urbano e intermunicipal no 1º turno, em 4 de outubro, e em eventual 2º turno, em 25 de outubro. Nas áreas urbanas, o serviço deve funcionar com horários parecidos aos dos dias úteis. Candidatos, partidos políticos ou federações partidárias são proibidos de oferecer transporte para eleitores. Em Maceió, até as 7h, será mantida a programação habitual dos ônibus. A partir desse horário, algumas linhas que não circulam aos domingos passarão a operar, enquanto outras terão reforço entre 7h e 18h. De acordo com a prefeitura, os eleitores que precisam se deslocar de ônibus no domingo e utilizam o cartão Vamu na modalidade Cidadão não pagam passagem. A partir das 18h, todas as linhas passarão a circular com programação habitual de domingo. Em Macapá, todos os veículos e linhas do sistema municipal vão operar de graça. O usuário não precisa apresentar título de eleitor, comprovante de votação ou informação sobre o local de votação para usar o transporte coletivo, segundo o TRE-AP. Os ônibus serão de graça das 4h às 18h em Manaus. Segundo a prefeitura, haverá esquema especial de trânsito das 7h às 16h. Irão circular 1.149 ônibus convencionais e 320 veículos do transporte complementar no dia da votação. Os ônibus do sistema convencional, BRT, STEC (amarelinhos) irão operar de graça das 6h às 20h em Salvador. Segundo a prefeitura, os ônibus irão circular sem cobrador. Os usuários deverão embarcar e desembarcar pelas portas do meio ou traseiras do veículo. O Elevador Lacerda irá funcionar normalmente, das 7h às 21h30, sem cobrança de tarifa. Além da passagem de ônibus de graça, a Empresa de Transporte Urbano de Fortaleza (Etufor) colocará mais 380 veículos extras para circular no domingo (4) em Fortaleza Os ônibus funcionarão de graça das 6h às 18h. Nos demais horários - meia-noite às 5h59 e 18h01 às 23h59, será aplicada a Tarifa Social, com valores menores: R$ 4,80 a inteira, R$ 1,50 a tarifa estudantil. Os estudantes terão direito a mais duas passagens sem cobrança. No domingo, haverá a circulação da linha especial 1811- Papicu/Fanor/Clube dos Diários, criada para facilitar o transporte de eleitores entre seções da região. Os horários de chegada dos ônibus e os pontos de parada estão disponíveis no aplicativo Meu Ônibus Fortaleza. Pelo aplicativo, o eleitor pode consultar o local de votação e traçar a melhor rota de ônibus para deslocamento. No Distrito Federal, os eleitores podem consultar os horários e linhas de ônibus gratuito em links da página da Secretaria de Mobilidade: pesquisa geral e pesquisa por linhas . A Justiça Eleitoral fornece transporte gratuito no dia da eleição para eleitores que vivem em zonas rurais. Os horários e percursos podem ser verificados aqui . Os ônibus irão circular conforme os horários e percursos dos dias úteis em Goiânia e na região metropolitana. De acordo com TRE-GO, os passageiros deverão passar pelas catracas, para permitir a contagem e a classificação eletrônica dos usuários, conforme o procedimento habitual de controle. Os ônibus urbanos irão circular na capital maranhense com catraca livre para todos os passageiros de meia-noite às 22h. Os veículos seguirão a mesma programação dos dias úteis. A prefeitura informou que a passagem de graça não será restrita apenas às pessoas que estiverem se dirigindo aos locais de votação. O transporte público será oferecido sem distinção entre eleitoras e eleitores, garantindo o acesso da população ao serviço durante o período determinado. A prefeitura informou que a frota completa de ônibus irá circular das 5h às 17h no domingo (4) para atender ao fluxo de eleitores em Cuiabá. A Agência Municipal de Transporte e Trânsito (AGETRAN) informou que as todas das linhas de transporte coletivo seguirão o mesmo itinerário de segunda-feira a sexta-feira em Campo Grande. Haverá reforço de veículos nos períodos de maior movimentação dos eleitores, das 4h40 às 08h30, das 10h30 às 13h30 e das 16h às 19h. Em Belo Horizonte, o transporte coletivo será gratuito da meia-noite às 23h59 em todas as linhas de ônibus convencionais, do Move e suplementares. Haverá um reforço das 5h às 20h. As linhas terão itinerários de dia útil, mantendo os atendimentos típicos do domingo, como para o Zoológico e Parque das Mangabeiras. Os passageiros deverão passar pela roleta utilizando o Cartão BHBUS ou solicitar a liberação ao motorista, se não tiver o cartão. Nenhum valor será debitado. O transporte rodoviário será gratuito para eleitores que precisam se descolar entre municípios para chegar aos locais de votação. A medida vale de meia-noite do dia 3 de outubro até as 23h59 do dia 5 de outubro. É preciso apresentar título de eleitor ou e-título, comprovante de votação e do trecho de ida. Para ônibus semiurbano, as viagens serão de graça durante todo o dia 4 de outubro. Em Curitiba, o transporte coletivo terá mais veículos no domingo e com passagem gratuita. Nas estações-tubo e terminais, a entrada dos usuários ocorrerá pelas portas de isenção, sem o giro da catraca. O Grande Recife Consórcio de Transportes Metropolitano (CTM) irá disponibilizar 1.308 ônibus para circularem no dia da eleição. Os veículos irão operar durante todo o domingo. No estado do Rio de Janeiro, ônibus intermunicipais, trens, metrô e barcas irão operar de graça no domingo, das 6h às 20h. A gratuidade não se aplica às linhas operadas por ônibus do tipo rodoviário no Estado do Rio de Janeiro, exceto para os casos em que não exista serviço intermunicipal operado por ônibus do tipo urbano. Na capital, a medida vale também para o corredor expresso de ônibus BRT, para o VLT Carioca (Veículo Leve sobre Trilhos), para o chamado cabritinho, transporte feito por kombis, e para as vans, esses dois registrados na prefeitura. Ao longo dos trajetos, os passageiros do sistema do VLT poderão fazer integração com os trens nas estações Central do Brasil e Cristiano Ottoni; com o metrô, nas estações Central, Cinelândia e Carioca; além de ônibus e BRT, no Terminal Gentileza, e barcas, na Praça XV. O VLT também atende áreas próximas à Rodoviária do Rio e ao Aeroporto Santos Dumont. De acordo com o Tribunal Regional Eleitoral do Rio de Janeiro (TRE-RJ), as linhas e horários podem ser consultados no site Portal das Eleições 2026 , em Para os Eleitores e Eleitoras, Transporte Gratuito de Eleitores. Os ônibus intermunicipais irão funcionar de graça entre 4h30 do dia 3 de outubro até as 16h do dia 5 de outubro. A medida é para os eleitores que precisam votar em outro município e retornarem. No caso de transporte semiurbano, a gratuidade vale durante todo o dia 4 de outubro. Para usar o transporte de graça com destino ao local de votação, é preciso apresentar o título de eleitor ou e-título. Para voltar, o eleitor deve apresentar o comprovante de votação e de utilização da gratuidade no trecho de ida. As passagens intermunicipais serão de graça, ida e volta, entre as 8h do dia 3 de outubro e às 8h da segunda-feira (5). A gratuidade é assegurada na modalidade comum, semi-direta e direta, excluídos os serviços especiais como executivo, leito e leito-cama. O usuário precisa apresentar título de eleitor ou e-título. A passagem deve ser emitida, presencialmente, em pontos de vendas, agências ou estações rodoviárias ou nas empresas transportadoras. O usuário terá direito a passagem de ida ao município onde vota e de retorno para o município onde mora. Não é admitido para outros destinos. Os bilhetes de passagem eletrônica deverão ter o nome e o número do título de eleitor, além da identificação “Eleições 2026”. A tarifa zero de ônibus em Porto Velho valerá das 5h às 18h no dia da votação. Os ônibus serão gratuitos para todos os usuários em Boa Vista, das 7h às 16h (horário local). Segundo a prefeitura, a frota irá circular seguindo os itinerários e horários iguais aos praticados em dias úteis. Em Florianópolis, o transporte público será gratuito. Os horários dos ônibus serão os mesmo dos dias úteis. Não é obrigatória a apresentação de cartão de transporte no domingo. A cidade de São Paulo terá gratuidade no transporte público. Não será necessário apresentar documento, bilhete ou comprovante para passar pelas catracas. Os ônibus municipais (SP Trans), linhas de metrô e vão circular sem cobrar tarifa durante o horário comercial. Nas linhas privatizadas, o passe livre é das 6h às 20h. Ônibus municipais (SPTrans): como já ocorre regularmente aos domingos pelo programa Passe Livre, a frota de ônibus da capital operará sem cobrança de tarifa. Os ônibus irão operar gratuitamente na capital Aracaju e nos municípios de Barra dos Coqueiros, Nossa Senhora do Socorro e São Cristóvão, que integram o Consórcio de Transporte Metropolitano (CTM). A prefeitura de Palmas informou que as linhas de ônibus irão funcionar conforme a programação dos dias úteis. Os veículos começarão a circular antes das 7h. * Colaborou Cristina Indio do Brasil (Rio de Janeiro) * Texto atualizado às 22h02	Agência Brasil	geral	False
https://agenciabrasil.ebc.com.br/geral/noticia/2026-10/campanha-busca-engajamento-para-reduzir-desperdicio-de-alimento	2026-10-03	Campanha busca engajamento para reduzir desperdício de alimento	Iniciativa é do programa Brasil Sem Desperdício	A campanha #FazAXepa chega às redes sociais de restaurantes, empresas e às feiras e mercados com o objetivo de reduzir o desperdício de alimentos e transformar a forma como as pessoas percebem os alimentos que estão fora dos padrões estéticos, por causa de desafios logísticos ou falhas operacionais. A iniciativa do programa Brasil Sem Desperdício , uma cooperação das organizações sociais WWF-Brasil e o Waste & Resources Action Programme (Wrap), chama a atenção para a disparidade entre o desperdício de 30% do que é produzido pelo Brasil e a existência de 55 milhões de brasileiras e brasileiros, que vivem algum nível de insegurança alimentar, segundo dados do IBGE. “A iniciativa parte da compreensão de que o desperdício não acontece apenas por falta de planejamento, mas também por padrões culturais que nos levam a rejeitar alimentos perfeitamente próprios para consumo por questões estéticas ou pela ideia equivocada de abundância”, destaca Luiza Soares, líder do programa Brasil Sem Desperdício. Para aproximar o conceito do dia a dia das pessoas, a campanha faz uso do termo xepa, aplicado às sobras do fim da feira, para propor uma mudança de comportamento em que o que está fora de padrão ganha o valor de ingrediente fundamental na alimentação e nos negócios de todo o país. Ao longo de todo o mês de outubro, marcado pelo Dia Mundial da Alimentação, dia 16, a campanha terá ações com a atriz Laila Zaid e a chef Bel Coelho em feiras e restaurantes populares para debater o assunto. Também serão veiculados nas redes sociais do programa vídeos com entrevistas, declarações e receitas com alimentos maduros, rejeitados, fora do padrão estético ou próximos do descarte. De acordo com Luiza Soares, a expectativa é estimular uma reflexão coletiva sobre a forma como atribuímos valor aos alimentos e incentivar mudanças concretas de comportamento. “Queremos que mais pessoas passem a enxergar o aproveitamento dos alimentos como uma prática simples, possível e desejável”, diz. Para os organizadores da campanha, além da segurança alimentar, o desperdício de alimento também significa desperdício de recursos naturais e energéticos empregados na produção e descarte, que causam impactos ambientais e climáticos . “O desperdício de alimentos é, ao mesmo tempo, uma ineficiência econômica, uma pressão ambiental e uma injustiça social”, reforça Luiza. Para responder a essa ineficiência, a campanha busca o engajamento de todos os setores da sociedade, desde o consumidor até as grandes empresas que comercializam alimentos e as organizações sociais e pesquisadores que possam propor inovações e soluções para estancar o desperdício. “A transformação não virá de iniciativas isoladas, ela depende da capacidade de empresas, governos, academia e sociedade colaborarem em torno de um objetivo comum, compartilhando aprendizados e definindo novos padrões”, avalia Luiza Soares.	Agência Brasil	geral	False
https://agenciabrasil.ebc.com.br/geral/noticia/2026-10/mudancas-climaticas-preocupam-mais-que-perda-de-emprego-diz-estudo	2026-10-03	Mudanças climáticas preocupam mais que perda de emprego, diz estudo	Levantamento do Instituto Oyá ouviu 2 mil brasileiros	Para 41% dos brasileiros, as mudanças climáticas são a maior ameaça para o futuro. Esse é um dos resultados apresentados nesta semana por uma pesquisa inédita do Instituto Oyá , em parceria com a Ipsos. Sob o título Termômetro do Brasil , o levantamento mostra a preocupação das pessoas para si mesmas e para suas famílias. O tema supera inclusive outros temas relevantes, como : O estudo ouviu 2 mil pessoas. No entanto, quando esse grupo é questionado a respeito das principais preocupações no momento, o tema das mudanças climáticas vai para o nono lugar (com 14%). As ameaças ao meio ambiente estão em décimo (10%). Esses números fazem com que o Brasil ocupe a 20ª colocação entre os mais preocupados. De acordo com a diretora executiva do Instituto Oyá, Camila Kamilo, um dos dados que mais a surpreenderam é que, em média, 78% das pessoas não sabiam diferenciar notícias falsas das verdadeiras, inclusive sobre eventos climáticos extremos. Ela explica que, a partir de um experimento social cego, ficou demonstrado que os brasileiros aceitam como verdadeiras fake news de forte apelo emocional. Nesse contexto, 81% temem o uso de deepfakes e tecnologias de inteligência artificial para manipulação de imagem e voz. “Algo que nos deixou bem preocupadas é que 67% dos brasileiros confiam na tecnologia, enquanto 65% desconfiam dos governos”, afirma a diretora do instituto. Segundo a diretora, a deterioração da confiança do brasileiro é considerada um motivo de atenção em um momento de incertezas. “[Isso] faz com que as pessoas, literalmente, aceitem qualquer coisa como verdade. E isso ocorre, não só num contexto de crise climática, mas também de desafios sociais, econômicos e ecológicos.” Camila Kamilo observa que o engajamento social, sobre clima inclusive, tem ocorrido mais pelas redes sociais, de forma distante fisicamente, do que de forma ativa e presencial. Para a pesquisadora, é necessário que o país adote políticas públicas e novos modelos de comunicação para garantir a veracidade das informações que circulam socialmente. “O brasileiro não é negacionista na sua maioria. Ele está desinformado.” Outra observação que a pesquisadora cita é que, apesar de desconfianças nas instituições,  45% dos brasileiros acreditam nas organizações não governamentais. “Mais do que nunca é importante a gente fortalecer as nossas organizações da sociedade civil, incluindo a imprensa como difusão de informações checadas”, exemplifica. Outro dado destacado é que o eleitor brasileiro se mostra afastado do engajamento partidário tradicional. No total, 39% descartam atuar em campanhas ou partidos, e 33% rejeitam protestos de rua.	Agência Brasil	geral	False
https://agenciabrasil.ebc.com.br/geral/noticia/2026-10/mega-sena-acumula-para-r-100-milhoes-confira-os-numeros-sorteados	2026-10-06	Mega-Sena acumula para R$ 100 milhões; confira os números sorteados	Dezenas sorteadas foram 01 - 04 - 17 - 33 - 41 - 52	Nenhum apostador acertou as seis dezenas do Concurso 3.067 da Mega-Sena, realizado nesta terça-feira (6). O prêmio acumulou novamente e está estimado em R$ 100 milhões para o próximo sorteio. Os números sorteados são: 01 - 04 - 17 - 33 - 41 - 52 Para o próximo concurso, as apostas podem ser feitas até as 20h (horário de Brasília) de quinta-feira (8), em qualquer lotérica do país ou pela internet, no site ou aplicativo da Caixa. A aposta simples, com seis dezenas, custa R$ 6.	Agência Brasil	geral	False
https://agenciabrasil.ebc.com.br/geral/noticia/2026-10/mesmo-proibidos-deepfakes-tomam-conta-das-redes-antes-da-eleicao	2026-10-02	Mesmo proibidos, deepfakes tomam conta das redes antes da eleição	Agência de checagem avaliou quase mil publicações em 40 dias	"Durante a campanha para o primeiro turno das eleições gerais de 2026, pelo menos 554 vídeos e imagens do tipo deepfake foram publicadas nas redes sociais, conforme levantamento do projeto VigIA, realizado pela agência de checagem Lupa, que monitora o uso de IA no pleito. Desses, 29 foram disseminados por perfis de candidatos ou partidos, o que pode gerar sanções. Deepfakes são conteúdos produzidos ou editados com ferramentas de IA a partir da imagem de uma pessoa real, manipulada de forma que ela apareça falando frases ou realizando atos que não são reais. O Tribunal Superior Eleitoral proibiu essas publicações , que podem acarretar até na cassação da candidatura ou do mandato, mas também ressalvou que, para isso, elas devem estar caracterizadas como propaganda política e apresentar verossimilhança capaz de enganar o eleitor. Relatório publicado nesta quinta-feira (1°) pelo projeto VigIA identificou que deepfakes foram os principais conteúdos criados ou editados com IA e publicados nas redes sociais neste período eleitoral. Eles correspondem a 60% do total de 920 publicações coletadas entre os dias 16 de agosto e 28 de setembro. Destacam-se entre as deepfakes mais recorrentes, vídeos em que jornalistas anunciam notícias inventadas e celebridades manifestam, falsamente, apoio a candidatos. A maioria das postagens falsas (525) foram feitas por usuários comuns, incluindo muitos anônimos. Para a pesquisadora responsável pelo relatório, Beatriz Farrugia, esse dado revela um desafio para a aplicação da lei eleitoral: ""Se a gente quer bloquear de toda maneira a publicação de deepfakes pelo risco que impõe ao entendimento das pessoas sobre os eventos políticos, a gente precisa considerar que a maior parte desses conteúdos tem partido de contas de usuários e de avatares anônimos. Aqui a Justiça precisaria trabalhar com as plataformas para tentar identificar essas pessoas"" O relatório também identificou outra prática que contraria a legislação eleitoral. O uso de IA é permitido desde que as peças criadas ou manipuladas com o auxílio dessas ferramentas sejam sinalizadas, o que não ocorreu na maioria dos casos. Dos 920 conteúdos identificados, apenas 371 estavam devidamente rotulados como material feito com IA, cerca de 40%. Considerando as 549 publicações irregulares, 75 foram feitas por candidatos ou partidos. Ao todo, o VigIA coletou 1.941 conteúdos político-eleitorais suspeitos, ao longo do período analisado. Por enquanto, 972 imagens e vídeos foram analisados, com 920 casos confirmados de uso de IA. A investigação é feita em parceria com o Laboratório de Inteligência Artificial (Recod.ai) da Universidade Estadual de Campinas (Unicamp). Três ferramentas de detecção de IA são aplicadas para procurar indícios de uso dessas ferramentas, e depois o resultado passa pelo crivo dos pesquisadores. Além dos deepfakes , há também conteúdos sintéticos, em que a tecnologia foi usada para criar ou modificar aspectos da publicação, sem imputar a uma pessoa fala ou atos que não aconteceram. Para a fundadora e gerente de Inteligência e Formação da Agência Lupa, Cristina Tardáguila, os números mostram que a IA ""já faz parte da comunicação política cotidiana, e não só de episódios isolados"" ""Quando encontramos quase um conteúdo com IA por hora e vemos que a maioria não sinaliza o uso da tecnologia, temos uma dimensão do desafio que esse cenário representa não só para o eleitor como para os órgãos fiscalizadores”, acrescenta. De forma geral, a promoção de candidaturas foi a finalidade mais frequente entre os conteúdos identificados pelo VigIA, aparecendo em 414 dos 920 casos (45%). No entanto, um quarto dos conteúdos trazem ataques contra candidatos ou outras pessoas. Há também uma proporção parecida de peças em que a IA foi utilizada para produzir conteúdo de humor ou sátira. O cenário nacional foi mais explorado, com grande foco nas eleições presidenciais. Em consonância, o atual presidente e candidato à reeleição, Luiz Inácio Lula da Silva (PT), foi a principal figura pública retratada nas peças, aparecendo em 379 publicações. Em seguida, vem Flávio Bolsonaro (PL), adversário de Lula, com 190 aparições. No caso de Lula, 39% das publicações eram de humor ou sátira e outras 34% buscavam atacar sua candidatura. Já entre as publicações com Flávio Bolsonaro, 40% buscavam favorecê-lo e 28% traziam conteúdo humorístico ou satírico. A predominância de usuários comuns como principais publicadores se manteve na análise geral, e 47% dos autores têm esse perfil. No entanto, o relatório também destaca que 27% das publicações partiram de perfis desconhecidos, proporção maior do que os 24,5% referentes às contas oficiais das candidaturas."	Agência Brasil	geral	False
https://agenciabrasil.ebc.com.br/geral/noticia/2026-10/mega-sena-acumula-para-r-82-milhoes-confira-os-numeros-sorteados	2026-10-01	Mega-Sena acumula para R$ 82 milhões; confira os números sorteados	Números sorteados são: 08 - 10 - 30 - 38 - 50 - 53	Nenhum apostador acertou as seis dezenas do Concurso 3.065 da Mega-Sena, realizado nesta quinta-feira (1º). O prêmio acumulou e está estimado em R$ 82 milhões para o próximo sorteio. Os números sorteados são: 08 - 10 - 30 - 38 - 50 - 53 O próximo concurso acontece sábado (3), às 21h. As apostas podem ser feitas até as 20h (horário de Brasília), em qualquer lotérica do país ou pela internet, no site ou aplicativo da Caixa. A aposta simples, com seis dezenas, custa R$ 6.	Agência Brasil	geral	False
https://agenciabrasil.ebc.com.br/geral/noticia/2026-10/fim-de-semana-de-eleicao-tera-chuvas-fortes-no-estado-de-sao-paulo	2026-10-02	Fim de semana de eleição terá chuvas fortes no estado de São Paulo	Em algumas regiões, chuva virá com raios e rajadas de vento	A Defesa Civil de São Paulo prevê que o próximo domingo (4), quando ocorrerão as eleições, deverá ter fortes chuvas no estado. Segundo o órgão, neste sábado (3), haverá aumento da nebulosidade e ocorrência de pancadas de chuva, principalmente durante o período da tarde e no interior do estado. Já no domingo, a chuva vai se intensificar e pancadas de chuvas devem ocorrer já nas primeiras horas da manhã. Em algumas regiões do estado, a chuva poderá ser forte, acompanhada de raios e rajadas de vento. Na segunda-feira (5), o tempo deverá continuar instável, com chuvas de forma mais persistente, podendo ganhar intensidade em alguns momentos. Os maiores acumulados de precipitação devem ocorrer em cidades próximas à divisa com o estado do Paraná. A Defesa Civil orienta a população a evitar áreas sujeitas a alagamentos e não permanecer perto de árvores, locais abertos ou estruturas metálicas durante a ocorrência de raios. Segundo o Instituto Nacional de Meteorologia (Inmet), o dia das eleições terá tempo instável em grande parte da Região Sudeste. Nas áreas do Triângulo Mineiro, noroeste de Minas Gerais, além das regiões noroeste, oeste, centro e sul de São Paulo devem ter chuvas com trovoadas. Nas demais áreas da região, o dia deverá ser de muitas nuvens, com pancadas de chuva.	Agência Brasil	geral	False
https://agenciabrasil.ebc.com.br/geral/noticia/2026-10/petrobras-reajusta-preco-medio-do-querosene-de-aviacao-em-1176	2026-10-01	Petrobras reajusta preço médio do querosene de aviação em 11,76%	Desde o início da guerra no Oriente Médio, alta acumula 74%	A Petrobras reajustou o preço do querosene de aviação (QAV) em 11,76%, em média, nas refinarias da companhia. O novo valor entra em vigor nesta quinta-feira (1º). O QAV é utilizado por aviões e helicópteros. O preço médio do combustível passou de R$ 5,585 por litro em setembro para R$ 6,242 por litro em outubro. A relação de preços em cada refinaria está disponível no site da Petrobras . Previsto em contrato, o preço do combustível vendido às distribuidoras é reajustado sempre no dia 1º de cada mês. A Petrobras tem atribuído a alta do QAV nos últimos meses à guerra no Oriente Médio , que se refletiu em problemas na logística da indústria do petróleo e derivados. O preço médio atual é 74% maior que o de 1º de março (R$ 3,592/litro), dia seguinte ao início dos ataques militares de Estados Unidos e Israel ao Irã. O motivo principal é a instabilidade no Estreito de Ormuz, passagem marítima ao sul do Irã. Antes da guerra, 20% da produção internacional de óleo e gás passavam pelo estreito. Com menos oferta de petróleo nos mercados, o preço subiu. Antes do conflito, o combustível respondia por cerca de 30% das despesas operacionais das companhias aéreas brasileiras, segundo a Agência Nacional de Aviação Civil (Anac), órgão regulador do setor aéreo. Depois da guerra, o peso do QAV ultrapassou 45% dos custos operacionais , de acordo com a Associação Brasileira das Empresas Aéreas (Abear). Apesar de o Brasil ser produtor de petróleo, o produto e seus derivados, por serem commodities (matéria-prima negociada em grandes quantidades), têm preço definido no mercado internacional. Como houve momentos em que os EUA e o Irã se aproximaram de um acordo, a Petrobras chegou a reduzir o QAV em junho e julho. Mas em agosto, voltou a subir, assim como em setembro e agora em outubro. Em maio, para suavizar o efeito do encarecimento nos caixas das companhias aéreas, a estatal permitiu que as distribuidoras parcelassem o reajuste . A Petrobras comercializa o QAV produzido nas refinarias da empresa ou importado para as distribuidoras. Essas empresas transportam o combustível e vendem para companhias de transporte e outros consumidores finais nos aeroportos ou ainda para revendedores. A estatal tem participação de cerca de 85% na produção do QAV nacional, mas o mercado é aberto à livre concorrência , isto é, sem restrições para outras empresas atuarem como produtoras ou importadoras.	Agência Brasil	geral	False
https://agenciabrasil.ebc.com.br/geral/noticia/2026-09/rio-operacao-no-complexo-da-mare-deixa-tres-mortos-diz-secretaria	2026-09-28	Rio: Operação no Complexo da Maré deixa três mortos, diz secretaria	Além de dois adolescentes, 11 criminosos e 1 policial ficaram feridos	"Três pessoas morreram na operação policial realizada nesta segunda-feira (28) nas comunidades do Timbau e Baixa do Sapateiro, no Conjunto de Favelas da Maré, na zona norte do Rio de Janeiro. O balanço foi divulgado no início da tarde pela Secretaria de Estado de Polícia Militar do Rio de Janeiro. De acordo com o órgão, os três mortos eram considerados suspeitos. Os policiais apreenderam 12 fuzis, oito pistolas, além de granadas, munições e carregadores. Além disso, os agentes recuperaram seis veículos e apreenderam 83 quilos de drogas. De acordo com a secretaria, entre os 12 criminosos presos, 11 ficaram feridos e foram socorridos no Hospital Federal de Bonsucesso. Um policial militar também foi ferido no braço durante a ação. Dois adolescentes também feridos foram transferidos para o Hospital Estadual Getúlio Vargas, na Penha. Um deles já foi liberado e o outro permanece internado. A operação, que começou nas primeiras horas da manhã, reúne cerca de 200 policiais militares de unidades especializadas, entre elas o Batalhão de Operações Policiais Especiais (BOPE), o Batalhão Tático de Motociclistas (BTM), o Batalhão de Polícia de Choque (BPChq) e o Batalhão de Ações com Cães (BAC). Além disso, conta com o emprego de Grupamento Aeromóvel (GAM) da Polícia Militar, e de sete veículos blindados. Segundo o órgão, criminosos ligados à facção que atua no Conjunto de Favelas da Maré fizeram uma série de ações na Linha Vermelha e na Rodovia Washington Luiz, vias de grande circulação e mais distantes do local da operação. Os atos seriam uma ""retaliação"" à apreensão das armas e prisões na operação e teriam o objetivo de desviar a atenção da polícia. “Em uma rápida mobilização, policiais militares atuaram nos locais e liberaram as vias, empregando equipes do 15º BPM (Duque de Caxias) e do Batalhão de Policiamento em Vias Expressas (BPVE). O policiamento permanece reforçado na região”, informou em nota. Confira mais informações sobre o assunto no Repórter Brasil , da TV Brasil"	Agência Brasil	geral	False
https://agenciabrasil.ebc.com.br/geral/noticia/2026-09/hoje-e-dia-datas-fatos-e-feriados-de-outubro-de-2026	2026-10-01	Hoje é Dia: datas, fatos e feriados de outubro de 2026	Confira as principais efemérides de outubro na seção Hoje é Dia	"O mês de outubro de 2026, que terá o primeiro e o segundo turnos das eleições gerais, também é marcado por campanhas, feriados, pela memória de figuras da cultura e por fatos marcantes da história do Brasil e do mundo. Tradicionalmente, outubro começa pelo Outubro Rosa , movimento internacional de conscientização para o controle do câncer de mama. A campanha, que pode ser considerada uma das mais bem-sucedidas dentre as que citam ""meses e cores"", busca ampliar o acesso à informação, estimular a prevenção e reforçar a importância do diagnóstico precoce. Presente nos meses de outubro desde 1986 nos Estados Unidos, a campanha é adotada no Brasil desde 2002. Neste conteúdo, o História Hoje, da Radioagência Nacional, explica a origem e a importância do Outubro Rosa . Outubro tem, no dia 12, o seu único feriado nacional. A data, que cai em uma segunda-feira neste ano, é dedicada a Nossa Senhora Aparecida, Padroeira do Brasil . A efeméride está ligada à história da imagem de Nossa Senhora da Conceição Aparecida, encontrada no rio Paraíba do Sul , no século XVIII, e carrega uma tradição religiosa que se consolidou ao longo dos séculos e transformou Aparecida em um dos principais destinos de peregrinação religiosa do país, como mostra a Radioagência Nacional . Para as escolas, o mês também tem uma data especial: o Dia do Professor , celebrado em 15 de outubro. A data é dedicada aos profissionais responsáveis pela educação e pela formação de milhões de estudantes brasileiros e abre espaço para discussões sobre valorização profissional, condições de trabalho e os desafios da educação brasileira. Em 2024, o programa Revista Brasil, da Rádio Nacional abordou o futuro da educação e o reconhecimento da profissão . A trajetória de uma educadora também foi lembrada em entrevista de 2022 sobre a carreira , no programa Cultura Ativa. Em tempos de dados alarmantes sobre o feminicídio , o dia 10 de outubro é marcado pelo Dia Nacional de Luta contra a Violência à Mulher . A história da mobilização, que chama a atenção para a necessidade de prevenção, enfrentamento da violência e proteção das vítimas, foi contada pela Agência Brasil em 2020 . O tema também foi abordado pelo Repórter Brasil, da TV Brasil , em 2022. Também em 12 de outubro é comemorado o Dia das Crianças . A data se tornou uma das principais celebrações dedicadas ao público infantil no Brasil e também ganhou forte presença no comércio. A Agência Brasil já contou como uma campanha de empresários ajudou a popularizar o Dia das Crianças . Já a Radioagência Nacional explicou a história da data . Um dia antes do primeiro turno das eleições de 2026, o Brasil completa 30 anos do início da utilização da urna eletrônica nas eleições brasileiras . A adoção da tecnologia, em 3 de outubro de 1996, modificou o processo de votação e de apuração dos resultados eleitorais no país. Neste ano, a Agência Brasil explica como a urna eletrônica funciona e contribui para o processo eleitoral brasileiro . Ainda sobre o tema, o podcast Crianças Sabidas fez uma temporada com quatro episódios com informações sobre as Eleições Gerais 2026 . Já o dia 23 de outubro é marcado pelos 120 anos do voo histórico do 14-Bis , realizado por Alberto Santos Dumont diante de uma comissão oficial em Paris, em 1906. O feito, considerado um dos momentos mais importantes da história da aviação, deu origem ao Dia do Aviador . Em 2021, a Radioagência Nacional relembrou a saga do voo do 14-Bis . A TV Brasil também relembrou o primeiro voo do 14-Bis , em 2012: A aviação também tem um episódio trágico que merece lembrança neste mês. Em 31 de outubro de 2026, completam-se 30 anos do acidente com o voo TAM 402 , que caiu no bairro do Jabaquara, em São Paulo, pouco depois de decolar do Aeroporto de Congonhas. O acidente envolveu um Fokker 100 da TAM e entrou para a história da aviação brasileira. Em 2021, a Agência Brasil relembrou o acidente e seus 25 anos . O mês também tem diversas lembranças relacionadas à cultura. O dia 11 de outubro é marcado pelos 30 anos da morte de Renato Russo , cantor e compositor fluminense e uma das figuras mais conhecidas do rock brasileiro. Vocalista da Legião Urbana, Renato Russo deixou uma obra que permanece associada à música brasileira das décadas de 1980 e 1990. A Agência Brasil relembrou a trajetória do cantor em 2025. A Rádio Nacional também homenageou Renato Russo no ano passado, no programa Arte Clube. Em 18 de outubro, a música internacional lembra os 100 anos do nascimento de Chuck Berry , cantor, compositor e guitarrista estadunidense considerado uma das figuras fundamentais da história do rock. A Rádio Nacional, no programa Alma Blues, também apresentou uma homenagem a Chuck Berry . Para fechar a tríade de artistas, o dia 26 de outubro é marcado pelos 50 anos da morte de Di Cavalcanti , pintor modernista brasileiro que teve papel importante na arte nacional. Di Cavalcanti participou da Semana de Arte Moderna de 1922 e construiu uma trajetória marcada pela representação de temas brasileiros. A Radioagência Nacional relembrou a trajetória do artista em 2021. A TV Brasil também apresentou a trajetória de Di Cavalcanti em 2016. Para fechar, há duas celebrações relacionadas à Empresa Brasil de Comunicação. Em 11 de outubro, a Radioagência Nacional completa 22 anos. O serviço reúne e distribui conteúdo jornalístico em áudio para emissoras de rádio e outros veículos de comunicação. No ano passado, a história da Radioagência Nacional foi contada pelo próprio veículo. Neste ano, a história também foi lembrada em um episódio do especial de 90 anos da Rádio Nacional . Para encerrar, o dia 24 de outubro marca os 19 anos da criação da Empresa Brasil de Comunicação (EBC) . A fundação também foi contada em um episódio do especial de 90 anos da Rádio Nacional . Outubro Rosa - Movimento internacional de conscientização para o controle do câncer de mama Dia Mundial de Luta contra a Patologização da Transexualidade - data móvel - desde 2009, a Campanha Internacional Stop Trans Pathologization (STP) convoca, sempre no mês de outubro, um Dia Internacional de Ação pela Despatologização Trans, com manifestações simultâneas e outras ações em diversas cidades do mundo Tombamento federal do Centro Histórico de Penedo, em Alagoas (30 anos) Aprovação na Câmara dos Deputados da isenção do IR para R$5.000 (1 ano) Dia do Vereador Dia Internacional das Pessoas Idosas - comemoração instituída pela Assembleia Geral da Organização das Nações Unidas na Resolução Nº 45/106 de 14 de dezembro de 1990, que também é conhecida como ""Dia Internacional do Idoso"", e que está oficializada no Brasil como ""Dia Nacional do Idoso"" Dia Internacional da Música - comemoração internacional, que foi instituída por uma resolução de 1975 da 15ª Assembleia Geral do Conselho Internacional de Música Dia Mundial do Vegetarianismo - comemoração internacional de vegetarianos que foi instituída em 1977 pela Sociedade Vegetariana estadunidense e aprovado em 1978 pela União Vegetariana Internacional O Estado de Israel detém novamente a Flotilha da Liberdade, dessa vez são mais de 40 barcos e 497 ativistas detidos Estreia do programa infantil ""Reino da Alegria"", na Rádio MEC (81 anos) - sob direção da musicista Geny Marcondes Nascimento do músico, compositor e ator britânico Gordon Matthew Thomas Sumner, o Sting (75 anos) Dia Internacional da Não-Violência - comemoração instituída pela ONU numa Resolução de 15 de Junho de 2007 para marcar a data do nascimento do líder pacifista hindu, Mahatma Gandhi Dia Nacional do Pacifismo Ativo e pelo Desarmamento - comemoração conforme Lei Nº 11.619 de 19 de dezembro de 2007, que está relacionada com o ""Dia Internacional da Não-Violência"" Presidente Juscelino Kubitschek visita pela primeira vez a Praça do Cruzeiro, marco geodésico da construção da Nova Capital (70 anos) Nascimento do compositor estadunidense Steve Reich (90 anos) - considerado um dos mais importantes compositores da música minimalista e da música modalista Morte do músico e compositor paulista Nabor Pires Camargo (30 anos) - considerado um dos mais importantes clarinetistas brasileiros, teve intensa atuação como instrumentista e compositor em São Paulo. Sua importância transcende a atuação como intérprete e compositor, já que deixou álbuns dedicados ao estudo da clarineta e um ""Método de Clarineta"", aprovado e recomendado pelo Conservatório de São Paulo Instituição do Código de Processo Penal Brasileiro (85 anos) Entra em vigor, pela primeira vez no Brasil, o Horário de Verão (95 anos) Início da utilização da urna eletrônica nas eleições brasileiras (30 anos) Início das transmissões do Projeto Minerva (56 anos) Morte do compositor, cantor e pintor fluminense Heitor dos Prazeres (60 anos) - um dos pioneiros na composição dos sambas e participou da fundação das primeiras escolas de samba do Brasil Registro do domínio wikileaks.org, do projeto Wikileaks (20 anos) - organização transnacional sem fins lucrativos, sediada na Suécia,que publica, em sua página, postagens de fontes anônimas, documentos, fotos e informações confidenciais, vazadas de governos ou empresas, sobre assuntos sensíveis Dia Nacional do Agente Comunitário de Saúde e Dia Nacional dos Agentes de Combate às Endemias Dia Mundial dos Animais - comemoração internacional, que teria sido criada em 1929 no ""Congresso de Proteção Animal"" realizado na cidade austríaca de Viena ou em 1931, durante um encontro de ecologistas realizado na cidade italiana de Florença Início da Semana Mundial do Espaço - o evento acontece por conta do lançamento do primeiro satélite artificial, o Sputnik I, em 4 de outubro de 1957, e do Tratado sobre princípios reguladores das atividades dos Estados na exploração e uso do espaço cósmico, inclusive a lua e demais corpos celestes, que entrou em vigor em 10 de outubro de 1967 Morte do inventor e executivo estadunidense Steve Jobs (15 anos) - fundador da Apple Morte do cantor fluminense Mário Reis (45 anos) - cantor da Era do Rádio, em 1939, gravou quatro músicas e participou de um programa da Rádio Nacional com Francisco Alves e Jean Sablon (da França); já em 1940, lançou duas músicas para o carnaval Nascimento do ator, cantor, compositor, autor, apresentador de TV e político mineiro Moacyr Franco (90 anos) Anúncio do da primeira versão oficial do sistema operacional Linux, versão 0.02. por Linus Torvalds (35 anos) - sistema operacional desenvolvido com o propósito de colaboração para a filosofia de promoção de software livre e de código aberto Convenção de Beberibe, episódio também conhecido como Movimento Constitucionalista de 1821, refere-se a um movimento armado que culminou com a expulsão dos exércitos portugueses de Pernambuco (205 anos) Dia Mundial dos Professores - data da Unesco Dia Nacional da Micro e Pequena Empresa Dia Nacional da Cidadania Dia do Empreendedor Estreia do programa ""Edifício Balança Mas não Cai"" (76 anos) Como parte das operações militares da ""Guerra do Terror"", os Estados Unidos e seus aliados invadiram o Afeganistão (25 anos) Dia do Compositor Brasileiro Hamas e Israel assinam acordo de paz proposto pelos EUA Estreia do programa ""Doce França"", na Rádio Ministério da Educação (atual Rádio MEC) (76 anos) Dia Nacional de Doação de Cordão Umbilical - comemoração criada pela Lei Nº 13.309 de 6 de julho de 2016, com o objetivo de estimular a doação por meio da coleta de sangue do cordão umbilical e da placenta, feita logo após o parto, com o consentimento da mãe O Ministro do Supremo Tribunal Federal Luis Barroso antecipa aposentadoria  (1 ano) Nascimento do compositor mineiro Fernando Brant (80 anos) Dia do Atletismo Presidenta do Peru, Dina Boluarte, sofre impeachment Corina Machado, venezuelana opositora do regime de Maduro, ganha Nobel da Paz Polícia Civil faz operação e encontra grande centro de adulteração de bebidas falsificadas, segundo o secretário de segurança, o metanol vinha de etanol adulterado de postos de gasolina Nascimento do ator, autor e apresentador fluminense Miguel Falabella (70 anos) ""A Banda"" (Chico Buarque de Hollanda), interpretada por Nara Leão, bem como ""Disparada"" (Geraldo Vandré/Théo de Barros), interpretada por Jair Rodrigues, Trio Marayá e Trio Novo, dividem o 1º lugar no II Festival da Música Popular Brasileira, na TV Record (60 anos) Dia Mundial da Saúde Mental - comemoração internacional, que foi instituída pela Federação Mundial para a Saúde Mental com o apoio da Fundação de Saúde Mental e da ONU desde 1992 Dia Nacional de Luta contra a Violência à Mulher - comemorado desde 10 de outubro de 1980 para marcar a data em que inúmeras mulheres reuniram-se nas escadarias do Teatro Municipal de São Paulo, como parte de um movimento de caráter nacional, em protesto contra o então índice crescente de crimes contra mulheres em todo o Brasil Lançamento do programa ""Escolinha Mirim"", veiculado na Rádio Nacional do Rio de Janeiro (72 anos) - visava ensinar mecanismos de produção de rádio às crianças, e era transmitido nas segundas, quartas e sextas-feiras Início da Radioagência Nacional (22 anos) Morte do cantor e compositor fluminense Renato Russo (30 anos) - líder da banda Legião Urbana Nascimento do cantor e compositor baiano Tom Zé (90 anos) Dia Internacional da Menina - comemoração instituída pela ONU na Resolução Nº 314 de 19 de dezembro de 2011, com o apoio da entidade canadense, Plano Internacional que atua em mais de 60 países desde 1937, enquanto defensora dos direitos das crianças e promotora da campanha ""Porque Eu Sou uma Menina"" Morte da atriz matogrossense Glauce Rocha (55 anos) Morte do compositor e poeta fluminense Mário Rossi (45 anos) - foi responsável por letras que entraram para a História da música popular brasileira Dia das Crianças Dia da Hispanidade ou Dia de Colombo - feriado que celebra a chegada de Cristóvão Colombo à América em 12 de outubro de 1492, sendo este também o dia dedicado à Nossa Senhora do Pilar, padroeira da Hispanidad. A data é comemorada em todos os países de Língua espanhola e também nos Estados Unidos Dia da Nossa Senhora Aparecida, Padroeira do Brasil Dia Nacional da Leitura Inauguração do Monumento do Cristo Redentor (95 anos) Abertura do Instituto Inhotim, em Brumadinho - MG, para visitação (20 anos) Nascimento do compositor e gaitista gaúcho Eduardo Nadruz, o Edu da Gaita (110 anos) Morte do regente, compositor e letrista pernambucano Sofonia Dornelas (85 anos) Nascimento do cantor e compositor estadunidense de música folk rock Paul Simon (85 anos) - ficou conhecido por ter feito parte da dupla Simon & Garfunkel. Compôs temas de grande sucesso como ""The Sound of Silence"", ""Mrs. Robinson"" e ""Bridge Over Troubled Water"" O cantor e compositor estadunidense Bob Dylan é anunciado Nobel de Literatura, tornando-se o primeiro letrista a receber a honraria (10 anos) Dia do Maquiador Dia Internacional para a Redução dos Desastres - foi instituído pela Assembleia Geral das Nações Unidas, e celebras-se anualmente na segunda quarta-feira de outubro Dia do Meteorologista Estreia televisiva do grupo ""Os Mutantes"" no programa dominical O Pequeno Mundo de Ronnie Von, transmitido pela TV Record (60 anos) Dia Internacional das Mulheres Rurais Dia do Professor - comemorado por brasileiros e inspirado na data da publicação do Decreto Nº 52.682, emitido em 15 de outubro de 1827 pelo Imperador dom Pedro I, legislando então sobre o ensino das primeiras letras no Brasil, a data tornou-se oficial nacionalmente como feriado escolar pelo Decreto Federal 52.682, de 14 de outubro de 1963 Pedra fundamental da Catedral Militar da Rainha da Paz é abençoada pelo Papa João Paulo II em 1991 durante sua visita ao Brasil (35 anos) Nascimento do cantor, compositor e político mineiro Agnaldo Timóteo (90 anos) Dia Mundial da Alimentação - celebrada em mais de 150 países como uma importante data para consciencializar a opinião pública sobre questões relativas à nutrição e à alimentação. Corresponde também à fundação da FAO (Food and Agriculture Organization), Organização das Nações Unidas para Alimentação e Agricultura Nelson Piquet conquista seu primeiro título mundial de Fórmula 1 (45 anos) Os cientistas Marina Demaria Venâncio e Hani Rocha El Bizri vencem o Green Talents Award, prêmio concedido pelo Minisério da Educação e Pesquisa da Alemanha (10 anos) Dia Internacional Para a Erradicação da Pobreza - comemoração internacional, que foi instituída pela Assembleia Geral da ONU na sua Resolução A/RES/47/196 de 22 de dezembro de 1992 Dia do Profissional de Propaganda Dia Nacional da Vacinação Dia do Eletricista Tombamento federal da Casa de Chico Mendes e seu acervo, em Xapuri (AC) (15 anos) Nascimento do cantor e compositor estadunidense Charles Edward Anderson Berry, o Chuck Berry (100 anos) - um dos pioneiros do gênero rock and roll. Com canções como ""Maybellene"" (1955), ""Roll Over Beethoven"" (1956), ""Rock and Roll Music"" (1957) e ""Johnny B. Goode"" (1958), Berry refinou e desenvolveu o rhythm and blues nos principais elementos que tornaram o rock and roll distinto Nascimento do educador, militar e político fluminense Benjamin Constant (190 anos) Morte do inventor estadunidense Thomas Edison (95 anos) Dia Mundial da Menopausa - comemoração internacional, que tem sido promovida pela Sociedade Internacional da Menopausa com o apoio da Organização Mundial da Saúdee de várias ONGs do Brasil e do mundo Roubo no Museus Louvre, em Paris, deixa prejuízo de 102 milhões de dólares e provoca debate sobre a segurança de museus no mundo O inventor Alberto Santos Dumont contornou a Torre Eiffel em seu balão Dirigível no. 06, recebendo o Prêmio Deutsch, tornando-se internacionalmente reconhecido (125 anos) Dia do Profissional de TI Dia Nacional da Inovação Inauguração oficial do primeiro estádio da cidade de São Paulo, o Velódromo Paulistano (125 anos) Morte do ex-ditador libanês Muammar al-Gaddafi (15 anos) Nascimento cantor de rap estadunidense Calvin Cordozar Broadus, Jr., o Snoop Dogg (55 anos) Nascimento do compositor paulista Benedito Seviero (95 anos) - um dos mais importantes nomes da música sertaneja Dia do Poeta Dia do Arquivista - comemorado no Brasil para marcar a data da fundação da Associação dos Arquivistas Brasileiros, que foi constituída em 20 de outubro de 1971 na cidade brasileira do Rio de Janeiro Dia Mundial e Nacional da Osteoporose - comemoração internacional que foi instituída em 1996 pela Sociedade Britânica de Osteoporose e que, a partir de 1997, foi adotada pela Fundação Internacional da Osteoporose Realização da 1ª Bienal de São Paulo (75 anos) Nascimento do compositor britânico Malcolm Arnold (105 anos) - um dos mais importantes compositores do século XX. Compôs nove sinfonias, duas óperas, mais de 20 concertos, mas o seu nome ficará para sempre associado ao cinema, tendo escrito temas para 132 filmes Dia do Podcast Criação da associação cultural brasileira ARUC - Associação Recreativa do Cruzeiro (65 anos) - desde 2009 a ARUC é considerada patrimônio cultural imaterial do DF Nascimento do ator, cantor, compositor e apresentador paulista Rolando Boldrin (90 anos) Nascimento da historiadora paulista Alice Piffer Canabrava (115 anos) - autora de uma das primeiras pesquisas tipicamente acadêmicas da área de História Econômica no Brasil, fundadora de uma revista especializada e da Associação dos Professores Universitários de História, mais tarde chamada de Associação Nacional de História (ANPUH) Estreia do programa ""Gente que brilha"", na Rádio Nacional (76 anos) - programa musical e de variedades produzido e apresentado por Paulo Roberto que recebia grandes estrelas do casting da emissora O avião 14-Bis, criação do inventor brasileiro Santos Dumont percorreu 70 metros em sete segundos, a uma altura de aproximadamente dois metros, perante mais de 1.000 espectadores. Esteve presente a Comissão Oficial do Aeroclube da França, entidade reconhecida internacionalmente e autorizada a homologar qualquer evento significante, tanto no campo dos aeróstatos como no dos ""mais pesado que o ar"" (120 anos) Dia da Força Aérea Brasileira Dia do Aviador - comemorado por brasileiros, conforme Lei Nº 218 de 4 de julho de 1936 da então República dos Estados Unidos do Brasil, para marcar a data daquele que é tido, principalmente por brasileiros, como o 1º Vôo em Avião da história da aviação mundial, e que foi realizado na cidade francesa de Paris em 23 de outubro de 1906 pelo inventor brasileiro, Alberto Santos Dumont, enquanto piloto do ""14 BIS"" Criação da Empresa Brasil de Comunicação - EBC, pelo Decreto nº 6.246, de 24 de outubro de 2007 (19 anos) Dia Internacional da Informação sobre o Desenvolvimento - comemoração instituída pela 27ª sessão da Assembleia Geral da ONU na Resolução A/Res ou NRES/3038 de 19 de dezembro de 1972, com o objetivo de chamar a atenção da opinião pública mundial para os problemas de desenvolvimento e a necessidade de se reforçar a cooperação internacional para a solução desses problemas a cada ano Dia das Nações Unidas - comemoração internacional que tem por fim marcar a data da entrada em vigor da ""Carta das Nações Unidas"", que se tornou vigente a partir de 24 de outubro de 1945, com a ratificação dos 5 países do Conselho de Segurança da ONU, representados por Estados Unidos da América, França, Reino Unido, República da China (posteriormente substituída pela República Popular da China), e a então URSS (União Socialista das Repúblicas Soviéticas) Aniversário de Manaus - a vila de Manaos foi elevada a categoria de cidade neste dia em 1848, por isso a data foi escolhida para as comemorações de aniversário da capital amazônica (358 anos) Nascimento do escritor e jornalista maranhense Humberto de Campos (140 anos) Nascimento do pintor espanhol Pablo Picasso (145 anos) Partido de Javier Milei obtém maioria nas eleições legislativas da Argentina (1 ano) Nascimento do cantor, compositor, músico, produtor, artista plástico e professor cearense Antônio Carlos Belchior (80 anos) Morte do pintor modernista, desenhista, ilustrador, muralista e caricaturista fluminense Di Cavalcanti (50 anos) Morte do compositor, arranjador e maestro fluminense Rogério Duprat (20 anos) - um dos maiores responsáveis pela ascensão da Tropicália, personalizando o som do então emergente movimento musical com arranjos bem elaborados, criativos e perfeitamente antenados com as tendências internacionais da época. Ele era o grande responsável pelos efeitos sonoros inovadores de psicodelia e experimentalismo presentes no movimento, junto ao produtor Manoel Barenbein Dia da Visibilidade Intersexo Dia Nacional de Luta pelo Passe Livre - comemorado no Brasil para marcar a data da entrada para votação de um projeto de lei de iniciativa popular pelo passe livre, para ser aprovado em 4 de novembro de 2005 na Câmara de Vereadores da cidade brasileira de Florianópolis; busca aprofundar o debate sobre o direito de ir e vir das pessoas, sobre a mobilidade urbana nas grandes cidades e sobre um novo modelo de transporte para o Brasil, além de lutar por um transporte público fora da iniciativa privada, que garanta o acesso universal pelo passe livre para todas as camadas da população brasileira Dia Mundial do Patrimônio Audiovisual - comemoração instituída pela UNESCO para marcar a data da aprovação de uma recomendação sobre a salvaguarda e conservação das imagens em movimento, que se deu na 21ª Reunião da própria UNESCO em 27 de outubro de 1980 Megaoperação da polícia no Rio resulta em 121 mortes e dezenas de prisões Furacão Melissa deixa dezenas de mortos em países do Caribe Morte do ator, diretor teatral, escritor, crítico e roteirista fluminense Bernardo Jablonski (15 anos) Morte do advogado, político, orador, magistrado e poeta baiano Franklin Américo de Meneses Dória, conhecido como Franklin Dória, o Barão de Loreto (120 anos) - membro fundador da Academia Brasileira de Letras (ABL) O presidente estadunidense Grover Cleveland inaugura a Estátua da Liberdade, em Nova Iorque (140 anos) Dia Internacional da Animação - comemoração instituída pela Associação Internacional do Filme de Animação que é apoiada no Brasil pela Associação Brasileira de Cinema de Animação, para marcar a data da 1ª apresentação de ""Teatro Ótico"", do artista francês Émile Reynaud, que apresentava cenas animadas, ""Pantomimas Luminosas"" no Museu Grévin em Paris Dia do Servidor Público - comemorado por brasileiros, conforme Decreto Nº 5936 de 28 de outubro de 1943 e Artigo 236º da Lei Nº 8.112 de 11 de dezembro de 1990, pela qual também se instituiu o Regime Jurídico dos Servidores Públicos Civis da União, das autarquias, inclusive as em regime especial, e das fundações públicas federais, para marcar a data da Lei Nº 284 de 28 de outubro de 1936, pela qual se adotou o principio geral de formação de carreiras para os funcionários civis federais brasileiros Nascimento do sambista fluminense Nelson Cavaquinho (115 anos) Dia Mundial do Acidente Vascular Cerebral (AVC) - comemoração instituída pela Organização Mundial da Saúde e pela Federação Mundial de Neurologia; tem por fim conscientizar e prevenir sobre esse mal que chega a atingir uma a cada 6 pessoas Dia Nacional do Livro - comemoração criada pela Lei Nº 5.191 de 13 de dezembro de 1966, pela qual se obriga a celebração nas escolas públicas e particulares de ensino fundamental e médio do Brasil, sem interrupção dos trabalhos escolares Dia do Comerciário Dia do Ginecologista Dia do Fisiculturista Dia Nacional de Luta contra o Reumatismo – data do calendário brasileiro de saúde voltada à conscientização sobre as doenças reumáticas e à importância do diagnóstico e do tratamento adequados Nascimento de Luís Guimarães Filho. Diplomata carioca, poeta e cronista Luís Guimarães Filho, que viria a ocupar a cadeira 24 da Academia Brasileira de Letras (1925) Morte do escritor baiano Xavier Marques, membro da Academia Brasileira de Letras (1942) Tropas da Força Expedicionária Brasileira participaram da conquista de posições italianas durante a campanha da Segunda Guerra Mundial (1944) Posse do general Emílio Garrastazu Médici como presidente da República, sucedendo à Junta Militar que governava o país desde o afastamento de Costa e Silva (1969) Nelson Piquet conquista o tricampeonato mundial de Fórmula 1. O piloto brasileiro garantiu seu terceiro título mundial na categoria (1987) Ayrton Senna conquista seu primeiro título mundial de Fórmula 1. O brasileiro assegurou o campeonato ao vencer o GP do Japão, em Suzuka (1988) Brasil é escolhido como sede da Copa do Mundo de 2014 (2007) Luiz Inácio Lula da Silva é eleito presidente pela terceira vez, ao vencer Jair Bolsonaro no segundo turno da eleição presidencial, realizado em 30 de outubro Henrique VII é coroado rei da Inglaterra, consolidando o início da dinastia Tudor (1485). O Império Otomano assina o Armistício de Mudros com os Aliados, encerrando sua participação na Primeira Guerra Mundial (1918). Benito Mussolini é nomeado primeiro-ministro da Itália pelo rei Vítor Emanuel III, dois dias após a Marcha sobre Roma (1922). Orson Welles transmite “A Guerra dos Mundos”, programa de rádio que se tornou célebre pela simulação de boletins sobre uma invasão extraterrestre (1938). A União Soviética detona a Tsar Bomba, a maior explosão nuclear já realizada (1961) Muhammad Ali derrota George Foreman por nocaute no oitavo round, no célebre combate “Rumble in the Jungle”, em Kinshasa (1974). A Argentina realiza suas primeiras eleições democráticas após sete anos de ditadura militar; Raúl Alfonsín é eleito presidente (1983). A Suécia reconhece oficialmente o Estado da Palestina (2014) Nascimento de Ezra Pound, poeta americano (1885) Nascimento de Diego Maradona, futebolista argentino (1960) Morte do educador, professor, e escritor pernambucano Antônio Carneiro Leão (60 anos) - imortal da Academia Brasileira de Letras (ABL) Morte do ilusionista húngaro Harry Houdini (100 anos) - foi um dos mais famosos escapologistas e ilusionistas da história A tragédia no Voo TAM 402 deixou 99 mortos no bairro Jabaquara, em São Paulo (30 anos) Dia Nacional da Poesia - comemoração de brasileiros, que foi instituída pela Lei Nº 13.131 de 3 de junho de 2015; tem por fim marcar a data do aniversário do nascimento de Carlos Drummond de Andrade, que é considerado por muitos como o mais influente poeta brasileiro do século XX Dia das Bruxas - comemoração tradicional nos Estados Unidos, Canadá, Inglaterra, Irlanda e outros lugares pelo mundo a fora; é festejada com personagens como bruxas, abóboras enfeitadas, zumbis etc., a partir da celebração do ""Festival de Samhain"" na Irlanda, uma festividade da mitologia Celta, que era iniciada a partir do pôr do sol de 31 de outubro no Hemisfério Norte, no final da temporada de colheitas Dia do Saci Dia Mundial das Cidades *As datas são selecionadas pela equipe de pesquisadores do Projeto Efemérides, da Gerência de Acervo da Empresa Brasil de Comunicação (EBC), que traz temas relacionados à cultura, história, ciência e personalidades, sempre ressaltando marcos nacionais e regionais. A Gerência de Acervo também atende aos pedidos de pesquisa do público externo. Basta enviar um e-mail para centraldepesquisas@ebc.com.br."	Agência Brasil	geral	False
https://agenciabrasil.ebc.com.br/geral/noticia/2026-09/mega-sena-sorteia-premio-acumulado-de-r-75-milhoes-nesta-quinta-feira	2026-10-01	Mega-Sena sorteia prêmio acumulado de R$ 75 milhões nesta quinta-feira	Apostas podem ser feitas até às 20h	A Mega-Sena sorteia nesta quinta-feira (1º) prêmio estimado em R$ 75 milhões . As seis dezenas do concurso 3.065 serão sorteadas a partir das 21h (horário de Brasília) no Espaço da Sorte, em São Paulo. As apostas podem ser feitas até às 20h (horário de Brasília) de hoje em casas lotéricas credenciadas pela Caixa em todo o país ou pela internet, no site ou aplicativo da Caixa. A aposta simples, com seis dezenas, custa R$ 6. No último concurso, foram sorteados os números  04 - 10 - 20 - 25 - 27 - 48 e nenhum apostador acertou as seis dezenas .	Agência Brasil	geral	False
https://agenciabrasil.ebc.com.br/geral/noticia/2026-09/trump-anuncia-autorregulacao-da-ia-por-bigtechs-em-meio-temor-social	2026-09-30	Trump anuncia autorregulação da IA por big tech em meio a temor social	Trump e empresas mantêm compromisso com expansão de data centers	O presidente dos Estados Unidos (EUA), Donald Trump, anunciou acordo com donos de big techs de Inteligência Artificial (IA) para uma autorregulação voluntária com previsão de mecanismos de segurança e controle em meio ao crescente temor da sociedade estadunidense em relação aos riscos da expansão da IA. Trump e líderes das gigantes da IA ainda reforçaram o compromisso com a expansão dos data centers – que são os centros de processamentos de dados para sistemas de inteligência. Por consumirem grande quantidade de água e energia, esses centros vêm sofrendo oposição das comunidades onde são instalados. Nessa terça-feira (29), Trump reuniu na Casa Branca os dirigentes do Google, OpenAI, Meta, X (antigo Twitter), Nvidia e da Anthropic (imagem em destaque) para firmar um documento com compromissos voluntários a serem adotados por essas big techs . “Acreditamos que cada empresa é responsável por desenvolver sua própria tecnologia com segurança e de uma forma que construa confiança com os clientes e o público”, diz o documento assinado em Washington. Entre as medidas previstas na autorregularão anunciada por Trump, está a implementação de “controles internos” para monitorar os sistemas de IA e “garantir que seus modelos não invadam ou acessem sistemas técnicos de maneiras não intencionais”. Na última semana, um sistema da OpenAI invadiu uma base de dados do serviço público de saúde da Austrália. A companhia dos EUA alegou que a ação foi “involuntária” e que adotaria medidas para evitar novas invasões a outras empresas ou instituições. O documento ainda prevê a capacitação de uma equipe interna em cada empresa para monitorar os sistemas de IA , além de parceria com auditor externo independente e criação de comitê também independente para supervisionar os relatórios sobre a segurança no uso da IA. “Juntas, essas etapas darão a cada empresa, seus clientes e ao público a confiança de que a tecnologia está operando conforme o esperado”, diz o documento. O governo Trump tem rejeitado impor limites ao desenvolvimento da IA por meio de uma regulação legal, mesmo diante de pedidos da própria indústria. O documento assinado ontem na Casa Branca afirma que “com o tempo, pode fazer sentido codificar essas etapas em leis ou regulamentos”, adiando qualquer decisão por uma regulação do setor. Um dos riscos apontados é de que a IA banalize ataques cibernéticos por meio da invasão de sistemas de outras empresas e instituições. Outros riscos associados à IA são os impactos sobre o mercado de trabalho, sobre a economia e também devido ao uso da tecnologia por criminosos para aplicar golpes cibernéticos. A IA ainda pode ser usada para influenciar a opinião pública por meio da manipulação da desinformação que circula nas redes sociais, segundo descreve o relatório a Internacional IA Safety Report 2026 , elaborado por especialistas. >> Clique aqui e leia mais sobre Inteligência Artificial na Agência Brasil O governo do republicano vem sendo questionado nos EUA sobre medidas para garantir a segurança da IA para a sociedade às vésperas da eleição legislativa de meio de mandato, prevista para novembro, que pode retirar a pequena maioria construída pelo partido de Trump no Congresso dos EUA. Pesquisa de opinião realizada pela Ipsos e Reuters nos EUA revelou que 73% da população do país acreditam que as empresas de IA não tomam medidas suficientes para impedir os danos da tecnologia e 39% acreditam que a IA está tendo um impacto negativo na sociedade. Após assinarem o documento, Trump e os dirigentes das companhias concederam coletiva à imprensa no jardim da Casa Branca, onde o presidente dos EUA defendeu a expansão dos data centers . “Elas [as empresas] formarão parcerias com as comunidades ao abrir centros de dados, e todos sairão ganhando: financeira e moralmente; haverá benefícios de todas as formas possíveis”, disse Trump. O dono da Meta, Mark Zuckerberg, que controla Facebook, Whatsapp e Instagram, afirmou que a ideia do acordo é “transmitir confiança” ao povo estadunidense e aos clientes de que a tecnologia funciona “da maneira que pretendemos”. “A ideia não é que isso seja a única coisa que faremos. É um começo e um acordo que todo o setor pode adotar”, disse Zuckerberg. O CEO da Anthropic, Dario Amodei, que tem feito alertas para os riscos do avanço da IA, acrescentou que segue acreditando que a tecnologia apresenta riscos “muito reais”. “E, veja, o mecanismo — a forma como lidamos com esses riscos — ainda está sendo discutido. Mas todos precisamos trabalhar juntos para garantir que possamos vencer, e vencer com segurança”, comentou. No mesmo dia, o presidente Trump assinou uma Ordem Executiva para que todos os documentos oficiais do governo dos EUA passem a chamar a inteligência artificial de superinteligência. “O termo superinteligência captura de forma mais apropriada a promessa, o potencial e as capacidades em rápido avanço dessas tecnologias”, diz o documento . Analistas críticos da IA, como o cientista brasileiro Miguel Nicolelis, apontam que o termo “inteligência” da IA é uma metáfora ou estratégia de marketing para sugerir que a tecnologia possui capacidades humanas que, na realidade, os sistemas não dominam. Seria uma forma de valorizar os serviços que as gigantes da tecnologia vendem.	Agência Brasil	geral	False
https://agenciabrasil.ebc.com.br/geral/noticia/2026-09/estado-de-sao-paulo-tem-um-idoso-para-cada-pessoa-com-menos-de-15-anos	2026-09-30	Estado de São Paulo tem um idoso para cada pessoa com menos de 15 anos	Dados da Fundação Seade apontam cenário de envelhecimento da população	O estado de São Paulo tem um idoso para cada pessoa com menos de 15 anos, segundo pesquisa da Fundação Seade. De acordo com dados coletados em 2025, o índice de envelhecimento alcançou 101,0, o que significa que há 101 pessoas com 60 anos ou mais para cada 100 crianças e adolescentes com menos de 15 anos. A rapidez dessa transição demográfica reflete-se na trajetória do indicador nas últimas décadas. Entre 1950 e 2025, o índice de envelhecimento paulista multiplicou-se por 8,7. Para cada 100 jovens com menos de 15 anos, a proporção de idosos passou de 34,1 em 2000 para 53,9 em 2010, subindo para 82,3 em 2020 e superando a barreira dos 100 em 2025. Dessa forma, a pirâmide etária do estado deixou de ter o formato de triângulo, com base larga composta por muitas crianças, e um topo estreito com poucos idosos. Atualmente, de acordo com a porta-voz da Seade, Lucia Yazaki, a base da pirâmide está ficando cada vez mais estreita por causa da diminuição da fecundidade, enquanto o topo tem ampliado pelo aumento da expectativa de vida dos idosos. “Aqui no estado de São Paulo, estamos com fecundidade de 1,5 filho por mulher. No século passado, era em torno de quatro filhos por mulher”, afirma Lucia. A entrada da geração X na terceira idade, composta por pessoas nascidas entre 1965 e 1980, é mais um fator a impactar essa dinâmica. No estado de São Paulo, 549 mil cidadãos dessa geração alcançaram exatamente os 60 anos de idade. O grupo representa 6,6% da população idosa, aproximando cada vez mais a quantidade de pessoas entre 45 e 60 anos, com um total de 9,2 milhões de habitantes. Lucia Yazaki destaca que o aumento numérico intensifica as demandas já existentes por políticas públicas nas áreas de previdência, saúde, lazer, infraestrutura e cuidados. Outro fator que a pesquisa evidencia são as disparidades regionais no estado. Os menores índices de envelhecimento estão concentrados nas regiões ao sul, enquanto ao norte e noroeste predominam municípios com mais de 120 idosos para cada 100 pessoas com menos de 15 anos. Nas regiões ao sul, como Registro, Itapeva e Baixada Santista, prevalecem maiores índices de fecundidade e mortalidade. Em Registro, são 93 pessoas de 60 anos ou mais para cada 100 pessoas com menos de 15 anos. Já nas regiões ao norte e noroeste, como Araçatuba e Presidente Prudente, os dados mostram 120 idosos para cada 100 crianças. Essas variações decorrem dos indicadores locais de fecundidade e mortalidade, que estão fortemente associados à situação socioeconômica da população residente. Contudo, todas as cidades seguem a tendência de envelhecimento populacional, com índices maiores em relação ao passado. * Estagiário da Agência Brasil sob supervisão de Odair Braz Junior	Agência Brasil	geral	False
https://agenciabrasil.ebc.com.br/geral/noticia/2026-09/passageiro-de-onibus-morre-baleado-durante-acao-policial-no-rio	2026-09-30	Passageiro de ônibus morre baleado durante ação policial no Rio	Ele estava em veículo da linha de BRT Transolímpica, em Curicica	Um passageiro que estava dentro de um ônibus morreu na manhã desta quarta-feira (30), atingido por um tiro, durante operação policial na zona sudoeste da cidade do Rio de Janeiro. Ele estava em um veículo da linha de BRT Transolímpica quando foi baleado. A vítima foi atingida nas proximidades da Estação Asa Branca, no bairro de Curicica. Os bombeiros chegaram a tentar socorrer o homem, de cerca de 40 anos, mas ele já estava morto. De acordo com a empresa Mobi Rio, que administra o sistema de BRT do Rio, a estação Asa Branca foi interditada para a perícia policial. A Polícia Militar informou que fazia uma operação na comunidade Dois Irmãos, na manhã desta quarta-feira, quando recebeu a informação de que um homem havia sido baleado dentro de um ônibus do BRT. De acordo com a PM, o objetivo da operação é combater a ação de criminosos e localizar suspeitos de matarem um homem na tarde dessa terça-feira (29), na região. Durante a ação, que está em andamento, um homem foi preso e três fuzis foram apreendidos. Saiba mais no Repórter Brasil Tarde, da TV Brasil	Agência Brasil	geral	False
https://agenciabrasil.ebc.com.br/geral/noticia/2026-09/mega-sena-acumula-para-r-75-milhoes-confira-os-numeros-sorteados	2026-09-29	Mega-Sena acumula para R$ 75 milhões; confira os números sorteados	Dezenas sorteadas foram: 04 - 10 - 20 - 25 - 27 - 48	Nenhum apostador acertou as seis dezenas do Concurso 3.064 da Mega-Sena, realizado nesta terça-feira (29). O prêmio acumulou e está estimado em R$ 75 milhões para o próximo sorteio. Os números sorteados foram: 04 - 10 - 20 - 25 - 27 - 48 Para o próximo concurso, as apostas podem ser feitas até as 20h (horário de Brasília) de quinta-feira (1º), em qualquer lotérica do país ou pela internet, no site ou aplicativo da Caixa. A aposta simples, com seis dezenas, custa R$ 6.	Agência Brasil	geral	False
https://agenciabrasil.ebc.com.br/geral/noticia/2026-09/mega-sena-sorteia-premio-de-r-52-milhoes-nesta-terca-feira	2026-09-29	Mega-Sena sorteia prêmio de R$ 52 milhões nesta terça-feira	Apostas podem ser feitas até às 20h	A Mega-Sena sorteia nesta terça-feira (29) prêmio estimado em R$ 52 milhões. As seis dezenas do concurso 3.064 serão sorteadas a partir das 21h (horário de Brasília) no Espaço da Sorte, em São Paulo. As apostas podem ser feitas até às 20h (horário de Brasília) em casas lotéricas credenciadas pela Caixa em todo o país ou pela internet, no site ou aplicativo da Caixa. A aposta simples, com seis dezenas, custa R$ 6. No último concurso, foram sorteados os números  05 - 35 - 36 - 41 - 43 - 48  e nenhum apostador acertou as seis dezenas .	Agência Brasil	geral	False
https://agenciabrasil.ebc.com.br/geral/noticia/2026-09/congresso-nacional-tem-novo-site-para-agendar-visitas-guiadas	2026-09-28	Congresso Nacional tem novo site para agendar visitas guiadas	Passeio dura cerca de 50 minutos e percorre Câmara e Senado	A partir desta segunda-feira (28), entrou no ar o novo site do Programa Visite o Congresso Nacional. A ferramenta possibilita o agendamento da visita guiada ao prédio público, em Brasília, às segundas, quintas, sextas, sábados, domingos e feriados, das 9h às 17h. “Do hotel, o visitante pode já entrar no site e marcar o horário que esteja disponível e ver o que ele pode fazer em Brasília para além da visita ao Congresso”, conta Daniel Pinto, coordenador-geral da Secretaria de Relações Públicas do Senado. >> Clique aqui e acesse o site para agendar a visita Cada visita dura em média cerca de 50 minutos e percorre o Salão Negro, o Salão Branco, o Salão Verde, o Salão Azul, o Túnel do Tempo, e os plenários da Câmara dos Deputados e do Senado. Durante o trajeto, um mediador do Congresso Nacional acompanha o grupo mostrando detalhes sobre a arquitetura, obras de arte, esculturas, bustos, mobiliário e funcionamento das Casas Legislativas. Anualmente, o Congresso Nacional recebe cerca de 150 mil visitantes em busca da experiência de conhecer de perto o prédio onde funcionam as duas casas legislativas. É o terceiro ponto turístico mais visitado em Brasília. De acordo com Daniel Pinto, o prédio projetado pelo arquiteto Oscar Niemeyer por si só já desperta a curiosidade dos visitantes, especialmente, por estar presente no imaginário de quem assiste aos noticiários televisivos e o vê com frequência ilustrando reportagens. “Para além disso, eu acho que a visita do Congresso é muito bem recomendada porque ela é uma experiência de turismo cívico, de educação política e cidadã”, reforça. As reservas para o passeio são gratuitas e podem ser feitas para grupos de até 50 pessoas. “Para agendar, o visitante precisa entrar no site e preencher um formulário com os dados pessoais para fazer esse agendamento”, explica Daniel Pinto. A visita é acessível e há possibilidade de atendimento em Libras, mas é necessário informar na hora do agendamento. Também é possível ter o acompanhamento mediado em outros idiomas como inglês, francês e espanhol, sendo necessário agendamento prévio. “O visitante vai entrar no site e selecionar inglês ou espanhol, por exemplo. Se tiver alguma condição de acessibilidade por pessoa com deficiência ou que precise de um atendimento especial a gente tem a possibilidade de oferecer isso por meio das indicações que são feitas no formulário de agendamento”, explica Daniel Pinto. É recomendado chegar com pelo menos 30 minutos de antecedência do horário agendado. Para acessar o prédio, é necessário a apresentação de um documento oficial com foto, como como carteira de identidade, CNH ou passaporte. O acesso ao prédio do Congresso Nacional em dias úteis com roupas informais - como bermudas, shorts , camisas sem mangas e chinelos - é proibido, sendo necessário traje formal para acessar os plenários. Nos finais de semana e feriados, são aceitos trajes informais, mas é recomendado o uso de camisetas com manga, calça, saia ou vestido.	Agência Brasil	geral	False
https://agenciabrasil.ebc.com.br/geral/noticia/2026-09/pf-prende-candidato-de-extrema-direita-por-depredar-patrimonio-da-unb	2026-09-28	PF prende candidato de extrema direita por depredar patrimônio da UnB	Wilker Leão é conhecido por tentar ridicularizar alunos e professores	A Universidade de Brasília (UnB) divulgou nota de repúdio contra “atos de violência e depredação de patrimônio público” que teriam sido praticados por um candidato de extrema direita no campus universitário. Segundo a UnB, Wilker Leão, candidato a deputado federal pelo Novo, foi preso em flagrante pela Polícia Federal, após depredar pinturas em muro do Instituto de Artes, acompanhado de apoiadores que teriam agredido estudantes no local. Em nota, a universidade associa o ataque a “métodos adotados pela extrema-direita” que, além de ilegais, “são covardes, porque só se viabilizam na impossibilidade do debate qualificado”. “Por isso, a união da comunidade em defesa da Universidade é tão importante.” Leão tem sido pivô de uma série de conflitos com a comunidade universitária. Recentemente, ele foi expulso da UnB, onde cursava História, após processo disciplinar que o condenou por gravar sem consentimento professores e alunos, com o objetivo de ridicularizá-los . Em abril, acompanhado de outros militantes de direita, chegaram a convocar um ato na UnB que estimulava violência contra estudantes da instituição . Na convocação, foram feitas menções como “trocar porrada com os vermes” e “porrada nos comunistas”. Neste domingo, Leão retornou ao campus para pintar de branco o muro do Instituto de Artes, destruindo pinturas feitas por alunos. A UnB, então, colocou em prática o protocolo de segurança previsto para esse tipo de situação. “Forças policiais foram acionadas e houve prisão em flagrante pela Polícia Federal. A Universidade está adotando todas as providências administrativas e jurídicas cabíveis para a apuração dos fatos e responsabilização dos envolvidos”, detalhou a UnB. A universidade disse se solidarizar com os estudantes agredidos durante o episódio; que prestará o apoio necessário a todos que tenham sido prejudicados; e, por fim, que “seguirá firme na defesa de sua comunidade, de seus espaços e da convivência democrática”. A Agência Brasil aguarda manifestação dos advogados de defesa do candidato sobre o ocorrido.	Agência Brasil	geral	False
https://agenciabrasil.ebc.com.br/geral/noticia/2026-09/bh-aeroporto-de-confins-suspende-operacoes-por-problema-na-pista	2026-09-26	BH: Aeroporto de Confins suspende operações por problema na pista	Quarenta e cinco voos foram cancelados	As operações de pouso e decolagem no Aeroporto Internacional de Belo Horizonte/Confins estão suspensas neste sábado (26) em razão de um problema na pista. De acordo com a concessionária que administra o local, a BH Airport, ainda não há previsão para a normalização do funcionamento. “Como medida preventiva para garantir a segurança das pessoas, as operações do aeroporto estão temporariamente suspensas neste sábado (26) para a realização de uma intervenção pontual na pista de pousos e decolagens”, diz a concessionária em nota. Segundo a empresa, em razão da intercorrência, foram cancelados 45 voos (pousos ou decolagens) que utilizariam o aeroporto hoje. Também há registro de oito voos atrasados. A orientação para os passageiros é consultar diretamente as companhias aéreas para obter informações atualizadas sobre a situação dos voos programados para este sábado. O Aeroporto Internacional de Belo Horizonte/Confins é o segundo maior em destinos domésticos do país.	Agência Brasil	geral	False
https://agenciabrasil.ebc.com.br/geral/noticia/2026-09/eleicao-e-inteligencia-artificial-e-o-tema-do-caminhos-da-reportagem	2026-09-28	Eleição e inteligência artificial é o tema do Caminhos da Reportagem	Programa vai ao ar às 23h30 na TV Brasil	"O impacto da inteligência artificial (IA) nas eleições é tema do programa Caminhos da Reportagem que vai ao ar nesta segunda-feira (28), às 23h30, na TV Brasil e no canal da emissora pública no YouTube . O uso dessa tecnologia é um dos focos de atenção do Tribunal Superior Eleitoral (TSE), que estabeleceu regras para utilização nas propagandas eleitorais. Inteligência artificial é a capacidade de sistemas e máquinas simularem habilidades humanas, como aprender, analisar informações, tomar decisões e gerar respostas. Atualmente, vídeos, áudios e imagens gerados por IA tornam cada vez mais difícil distinguir o real do fabricado, enquanto campanhas políticas, órgãos de fiscalização e plataformas digitais travam uma corrida para acompanhar toda essa transformação digital. Embora a IA não seja proibida nas eleições, quando ela for usada pelos candidatos em áudios, vídeos, textos e imagens é preciso que isso seja avisado de forma clara e destacada . As plataformas de redes sociais que detectarem desinformação, as chamadas fake news , devem retirar esse conteúdo do ar imediatamente. Um dos entrevistados pela equipe do Caminhos da Reportagem é Sérgio Lüdtke, jornalista e editor-chefe do Comprova, projeto da Associação Brasileira de Jornalismo Investigativo (Abraji). Ele explica que a atenção, principalmente nas redes sociais, é muito precária. Como o conteúdo produzido por IA é normalmente fragmentado e as pessoas não têm acesso ao contexto, elas podem se enganar com facilidade. ""Uma peça de desinformação pode mudar o resultado de uma eleição. Como mexe com a decisão das pessoas, isso pode causar grandes problemas para a nossa democracia"", afirma. Outra fonte ouvida pela atração foi o escritor e professor de direito eleitoral Digital Diogo Rais. Ele chama a atenção para a responsabilidade dos eleitores e afirma que é comum que apoiadores façam por conta própria conteúdos eleitorais. ""Fica a dúvida: a Justiça Eleitoral pode e deve fiscalizar como ela fiscaliza os candidatos? A resposta é que a nossa legislação não faz distinção. A legislação acaba dizendo o seguinte: quem publica o conteúdo é responsável por ele"", lembra. Cabe à Polícia Federal investigar conteúdos criminosos e seus autores. Segundo o delegado da Divisão de Repressão a Crimes Eleitorais da PF, Henrique Oliveira Santos, o maior problema é com perfis nas redes sociais de pessoas que não são candidatas e que imaginam que a internet é um ambiente sem lei. ""O que não é verdade, porque nós temos ferramentas de investigação para encontrar não só a materialidade, mas também descobrir autorias"", reforça. Projetos de checagem de informações e de educação são realizados em todo o país com objetivo de informar as pessoas para que elas não sejam manipuladas. Um exemplo é a Coar Notícias, um site criado no Piauí para combater a desinformação. Desse projeto nasceram os manuais regionais de checagem de notícias. O primeiro deles foi o do Nordeste, o ""Arriégua"", e depois surgiram os manuais das outras regiões. O Caminhos da Reportagem também apresenta outras iniciativas que apostam na educação digital de crianças, adolescentes e idosos. O Sesc do Distrito Federal, por exemplo, oferece cursos de letramento digital para idosos."	Agência Brasil	geral	False
https://agenciabrasil.ebc.com.br/geral/noticia/2026-09/aeroporto-de-confins-volta-normalidade-depois-de-suspender-operacoes	2026-09-26	Aeroporto de Confins volta à normalidade depois de suspender operações	Terminal ficou interditado totalmente para pousos e decolagens	"A pista do Aeroporto Internacional de Belo Horizonte/Confins foi liberada para funcionamento às 15h08 deste sábado (26) após ficar interditada totalmente para pousos e decolagens. A informação é da concessionária que administra o local, a BH Airport. A interrupção, causada por um problema na pista, acarretou o cancelamento de 45 voos (pousos ou decolagens) neste sábado. O aeroporto é o segundo maior em destinos domésticos no Brasil. “O aeroporto mantém contato com as companhias aéreas e acompanha a retomada gradual das operações ao longo do dia"", informou a concessionária em nota. Os passageiros devem consultar diretamente suas companhias para obter informações atualizadas sobre seus voos”, destacou a BH Airport, em nota."	Agência Brasil	geral	False
https://agenciabrasil.ebc.com.br/geral/noticia/2026-09/mega-sena-acumula-para-r-52-milhoes-veja-os-numeros-sorteados	2026-09-27	Mega-Sena acumula para R$ 52 milhões; veja os números sorteados	Nenhum dos apostadores acertou as dezenas 05, 35, 36, 41, 43 e 48	O prêmio da Mega-Sena acumulou neste domingo (27) para R$ 52 milhões, após o sorteio do Concurso 3063, realizado no Espaço da Sorte, em São Paulo. Nenhum dos apostadores acertou as dezenas 05, 35, 36, 41, 43 e 48. O prêmio de R$ 73.111,35 será pago a 29 apostas que acertaram cinco números. As 2.642 apostas que acertaram quatro números vão faturar R$ 1.322,81. O próximo sorteio será realizado na terça-feira (29). A aposta mínima, de seis números, custa R$ 6.	Agência Brasil	geral	False
https://agenciabrasil.ebc.com.br/geral/noticia/2026-09/tenente-da-marinha-e-encontrada-morta-na-usp	2026-09-25	Tenente da Marinha é encontrada morta na USP	PF investiga as causas da morte de Beatriz Ficket Santoro, de 33 anos	A Polícia Federal (PF) e a Marinha do Brasil investigam a morte da Segundo-Tenente da Marinha, Beatriz Ficket Santoro, de 33 anos, encontrada morta na tarde dessa quinta-feira (24) dentro da Universidade de São Paulo (USP). O corpo da oficial foi localizado no interior do Centro Tecnológico da Marinha, que fica dentro da USP, na zona oeste de São Paulo, onde Beatriz trabalhava. A militar foi encaminhada para o Hospital Universitário da própria USP, mas chegou sem vida ao local. Segundo a Secretaria de Segurança Pública paulista, uma médica se recusou a fazer o atestado de óbito. De acordo com o boletim de ocorrência da Polícia Militar, a ocorrência foi registrada como morte suspeita. Em nota, a Marinha informou que manifesta sinceras condolências e que presta assistência social, psicológica e religiosa aos familiares e amigos de Beatriz. *Estagiário sob supervisão de Odair Braz Júnior	Agência Brasil	geral	False
https://agenciabrasil.ebc.com.br/geral/noticia/2026-09/mega-sena-acumula-para-r-45-milhoes-confira-os-numeros-sorteados	2026-09-24	Mega-Sena acumula para R$ 45 milhões; confira os números sorteados	Dezenas sorteadas são: 05 - 09 - 11- 17 - 18 - 38	Nenhum apostador acertou as seis dezenas do Concurso 3.062 da Mega-Sena, realizado nesta quinta-feira (24). O prêmio acumulou e está estimado em R$ 45 milhões para o próximo sorteio. Os números sorteados são: 05 - 09 - 11- 17 - 18 - 38 O próximo concurso acontece domingo (27), às 11h. As apostas podem ser feitas até as 22h (horário de Brasília) de sábado (26), em qualquer lotérica do país ou pela internet, no site ou aplicativo da Caixa. A aposta simples, com seis dezenas, custa R$ 6.	Agência Brasil	geral	False
https://agenciabrasil.ebc.com.br/geral/noticia/2026-09/ampliacao-da-dutra-no-grande-rio-deve-ser-concluida-em-um-ano	2026-09-24	Ampliação da Via Dutra no Grande Rio deve ser concluída em um ano	Intervenções já estão 70% prontas	"As obras de ampliação e modernização do trecho da Rodovia Presidente Dutra (BR-116), no Grande Rio, serão concluídas até setembro do ano que vem. A informação foi divulgada pela concessionária Ecovias Rio Minas. As obras, que já estão 70% concluídas, são no trecho entre Seropédica, na Baixada Fluminense, e a cidade do Rio de Janeiro . Os trabalhos incluem: Outras intervenções são um novo trevo de acesso a Queimados, adequações no Trevo das Margaridas, serviços de contenção, drenagem e implantação de barreiras de segurança nas vias marginais. A Dutra é a principal rodovia que conecta as duas maiores cidades do país, Rio de Janeiro e São Paulo. O trecho das obras também serve como uma importante via de tráfego diário para moradores do Rio e da Baixada Fluminense, em seus trajetos de casa para o local de trabalho ou estudo. O custo total das ampliações e melhorias é de R$ 997 milhões. O presidente da República, Luiz Inácio Lula da Silva, visitou as obras nesta quinta-feira (24). ""Quando ela [a obra] estiver pronta, o povo vai sentir na pele a diferença. A gente não queria fazer a Dutra só para caminhão. A gente queria saber se as entradas perto da Dutra vão ter facilidade de tráfego, se vão ter conforto. Porque não adianta eu desafogar a Dutra e entupir as ruas e avenidas da cidade"", disse Lula, depois da visita."	Agência Brasil	geral	False
https://agenciabrasil.ebc.com.br/geral/noticia/2026-09/cenipa-recupera-caixa-preta-de-helicoptero-que-levava-cantor-rick	2026-09-23	Cenipa recupera caixa-preta de helicóptero que levava cantor Rick	Aeronave caiu em serra catarinense; todos os ocupantes morreram	"O Centro de Investigação e Prevenção de Acidentes Aeronáuticos (Cenipa) informou ter recuperado a caixa-preta do helicóptero modelo Bell 430, que caiu na serra de Santa Catarina, na região do município de Urubici, no último domingo (20). O cantor Rick, da dupla sertaneja Rick e Renner, estava a bordo da aeronave . Além dele, outras quatro pessoas viajavam no helicóptero. Nenhuma delas sobreviveu à queda. A caixa-preta se refere ao gravador cujo nome técnico é Cockpit Voice Recorder (CVR, na sigla em inglês) e contém o registro das comunicações e dos sons na cabine de comando. O equipamento será enviado ao Laboratório de Leitura e Análise de Dados de Gravadores de Voo (LABDATA), em Brasília (DF). O Cenipa informou que os trabalhos preliminares de preparação, extração e degravação dos dados serão iniciados pelos investigadores já nos próximos dias. Segundo o órgão, foi concluída nesta quarta-feira (23) a primeira etapa da investigação, após coleta de todas as evidências e partes da aeronave necessárias à investigação, liberando os demais destroços à autoridade policial competente, que deverá isolar e preservar o local do acidente, conforme previsto na legislação aeronáutica. A remoção dos destroços, dos bens transportados e a higienização do local do acidente caberá ao operador da aeronave. ""Após a conclusão da Ação Inicial em Urubici (SC), a investigação avançará para a fase de análise de dados. Nesse estágio, serão examinadas as atividades relacionadas ao voo, o ambiente operacional e os fatores humanos, bem como realizados estudos pormenorizados de componentes, equipamentos, sistemas, infraestrutura, entre outros elementos relacionados à ocorrência"", disse o Cenipa, em nota. O helicóptero caiu na mata fechada quando voava de Porto Belo, no litoral norte, para a cidade de São Joaquim, ambas em Santa Catarina. As buscas duraram cerca de 13 horas e foram feitas por aeronaves da Força Aérea Brasileira (FAB), além de bombeiros e equipes de resgate. Os destroços só foram encontrados por volta das 12h de terça-feira (22), na região de Urubici. Além de Rick, estavam também a bordo o piloto Antônio Roberto Nóbrega de Araújo, o copiloto Leopoldo Barros Teixeira, o videomaker Paulo Soares e o empresário Bruno Avelar de Souza. O corpo de Rick será velado na cidade de Sorocaba (SP) nesta quinta-feira (24), em cerimônia reservada a familiares e amigos."	Agência Brasil	geral	False
https://agenciabrasil.ebc.com.br/geral/noticia/2026-09/pf-e-cgu-apuram-fraudes-em-contratacoes-e-desvios-de-recursos-federais	2026-09-24	PF e CGU apuram fraudes em contratações e desvios de recursos federais		A Polícia Federal (PF) e a Controladoria-Geral da União (CGU) deflagraram nesta quinta-feira (24) a Operação Legado. O objetivo é apurar suspeitas de fraudes em licitações e contratações diretas, sobretudo na área da saúde, feitas por municípios na Bahia, no Piauí e Espírito Santo. Em nota, a corporação informou que estão sendo cumpridos 44 mandados de busca e apreensão em 22 municípios de seis unidades da Federação: As ordens foram expedidas pelo Tribunal Regional Federal da 1ª Região, que autorizou ainda 13 medidas patrimoniais e o bloqueio de bens até o limite de R$ 3,4 milhões. Segundo a PF, as investigações apontam indícios de atuação coordenada de empresas, simulação de concorrência, direcionamento de contratações, sobrepreço, faturamento de produtos não entregues e fornecimento de equipamentos usados como se fossem novos. “Também foram identificadas movimentações financeiras suspeitas e possíveis pagamentos de vantagens indevidas a agentes públicos”, informou o comunicado. De acordo com a corporação, a investigação alcançou 56 procedimentos de contratação em 31 municípios, envolvendo cerca de R$ 17 milhões. “Entre os investigados estão empresários e atuais e antigos ocupantes de cargos públicos municipais.” Os fatos podem caracterizar os crimes de organização criminosa, fraude em licitação e contrato público, falsidade documental, peculato e corrupção ativa e passiva.	Agência Brasil	geral	False
https://agenciabrasil.ebc.com.br/geral/noticia/2026-09/mega-sena-sorteia-premio-acumulado-de-r-38-milhoes-nesta-quinta-feira	2026-09-24	Mega-Sena sorteia prêmio acumulado de R$ 38 milhões nesta quinta-feira	Apostas podem ser feitas até às 20h	A Mega-Sena sorteia nesta quinta-feira (24) prêmio estimado em R$ 38 milhões . As seis dezenas do concurso 3.062 serão sorteadas a partir das 21h (horário de Brasília) no Espaço da Sorte, em São Paulo. As apostas podem ser feitas até às 20h (horário de Brasília) de hoje em casas lotéricas credenciadas pela Caixa em todo o país ou pela internet, no site ou aplicativo da Caixa. A aposta simples, com seis dezenas, custa R$ 6. No último concurso, foram sorteados os números  24 - 25 - 28 - 37 - 47 - 55 e nenhum apostador acertou as seis dezenas .	Agência Brasil	geral	False
https://agenciabrasil.ebc.com.br/geral/noticia/2026-09/policia-e-mp-deflagram-nova-fase-da-operacao-carbono-oculto-em-sp	2026-09-24	Polícia e MP deflagram nova fase da Operação Carbono Oculto em SP	Órgãos investigam fraude na compra de distribuidora de combustíveis	"O Grupo de Atuação Especial de Combate ao Crime Organizado (Gaeco), ligado ao Ministério Público de São Paulo, e a Receita Federal fazem nesta manhã de quinta-feira (24) a terceira fase da Operação Carbono Oculto. Os órgãos investigam, com apoio da Polícia Federal e Receita Federal, estrutura complexa de lavagem de dinheiro para viabilizar a compra de uma das maiores distribuidoras de combustíveis do país. A suspeita é de estrutura criminosa montada busca ocultar o controle de usina sucroalcooleira. Fintechs foram utilizadas para fazer movimentação financeira da organização criminosa. As autoridades conseguiram identificar uma operação ligada à usina no valor aproximado de R$ 370 milhões. Toda a movimentação do montante foi feita através da estrutura criada pelos criminosos para conferir uma aparência de legitimidade à operação, dificultando a identificação dos beneficiários finais. Entre os alvos estão executivos de um banco e de empresas, como a Entre Investimentos, do empresário Antônio Carlos Freixo Junior (o Mineiro), que tem ligações com Daniel Vorcaro, ex-dono do Banco Master que está preso devido a fraudes no sistema financeiro. ""A Entre é uma administradora de recursos que funcionou também como instrumento de ocultação e lavagem de dinheiro para que essa usina, que já era de organizações criminosas, pudesse adquirir uma distribuidora de combustível, ocultando a real propriedade de quem, de fato, passou a comprar essas distribuidora de combustível que já está fechada por determinação da Justiça e de órgãos competentes"", disse o ministro da Fazenda Dario Durigan nesta manhã. Durigan disse ainda que, após as investigações da Receita Federal e do Ministério Público de São Paulo, foi identificado que a Entre ""recebe dinheiro do crime organizado, ajuda na ocultação de patrimônio de forma que, não só uma usina de etanol mas também uma distribuidora de combustível passassem a atuar no mercado numa concorrência bastante desleal com o setor formal"". De acordo com o ministro, esta terceira fase da Carbono Oculto identificou uma movimentação de R$ 11 bilhões ""por essas várias camadas da 'lavanderia' que virou parte do nosso sistema financeiro"". Por meio de nota, o Banco Genial informou que Humberto Tupinambá não integra a diretoria nem é sócio da instituição desde maio deste ano, quando foi destituído. O banco afirmou que forneceu ao GAECO-SP todas as informações sobre as operações envolvendo o Fundo Radford e comunicou os fatos ao Coaf. Segundo a instituição, foram adotadas medidas adicionais de governança e controle, incluindo a revisão de processos e o afastamento e posterior destituição do então diretor envolvido nas decisões. ""Após a deflagração da Operação Carbono Oculto, a Genial renunciou à administração do Fundo Radford e manteve sua postura de colaboração com as autoridades, fornecendo as informações e os documentos solicitados. A instituição permanece à disposição das autoridades competentes para colaborar com as investigações e prestar todos os esclarecimentos que se façam necessários."", informaram. Saiba mais no Repórter Brasil Tarde, da TV Brasil *O texto foi atualizado às 18h54 para inclusão da nota do Banco Genial."	Agência Brasil	geral	False
https://agenciabrasil.ebc.com.br/geral/noticia/2026-09/carteira-de-identidade-nacional-possibilita-ter-conta-ouro-no-govbr	2026-09-24	Carteira de Identidade Nacional possibilita ter conta ouro no GOV.BR	Das 64 milhões de pessoas com o documento, 22 milhões fizeram upgrade	O Ministério da Gestão e da Inovação em Serviços Públicos (MGI) informou nesta quinta-feira (24) que, dos 64 milhões de pessoas que já emitiram a Carteira de Identidade Nacional (CIN), 22 milhões ainda não utilizaram o documento para aumentar o nível de segurança da conta GOV.BR para ouro. A medida amplia a segurança no uso da plataforma, dificultando golpes, além de permitir o acesso aos mais de 5 mil serviços digitais do governo federal . Dados do MGI mostram que, dos cerca de 52 milhões de pessoas que já possuem uma conta na plataforma GOV.BR, somente 30 milhões já mudaram o nível da sua conta para ouro. “Dos 22 milhões restantes, cerca de 6 milhões de usuários possuem uma conta de nível prata, e outros 16 milhões de pessoas estão com uma conta de nível bronze, o mais básico para uso de serviços digitais. Todas essas pessoas já estão aptas para mudar de nível”, informou a pasta. Veja abaixo instruções para melhorar o nível de segurança após ter recebido a Carteira de Identidade Nacional: Além do aumento no nível de segurança para ouro, a nova carteira também tem uma versão digital disponível no aplicativo GOV.BR , que pode ser baixado após o recebimento do documento impresso. Atualmente, o GOV.BR conta com mais de 178 milhões de usuários e disponibiliza mais de 5 mil serviços digitais federais e mais de 8,3 mil serviços estaduais . O governo federal destaca que, além do uso da CIN, os usuários podem habilitar a verificação de duas etapas como forma de aumentar a segurança da conta GOV.BR. A ferramenta está disponível na seção “Segurança da Conta” no aplicativo GOV.BR. Ao ativar a ferramenta, será necessário gerar um código no app sempre que a pessoa for acessar a sua conta na plataforma. Além disso, também é possível selecionar dispositivos ou navegadores confiáveis, possibilitando marcar uma opção para que não seja mais solicitado o código para esses aparelhos ou sistemas. Na mesma área de segurança, é possível verificar todos os dispositivos autorizados. A verificação de duas etapas também facilita a restauração do acesso em caso de perda ou troca do celular, uma vez que o usuário pode cadastrar um e-mail de recuperação da conta GOV.BR. Para quem ainda não possui a nova carteira, basta acessar gov.br/identidade , consultar as orientações de seu estado ou do Distrito Federal e verificar como realizar o atendimento ou agendamento. Vale destacar que é necessário levar, na data agendada, a certidão de nascimento ou de casamento para a emissão da carteira, cuja 1ª via é gratuita. Um ponto de destaque é que a CIN permite solicitar a inserção de números de outros documentos na sua versão digital. Entre eles, estão Carteira de Trabalho e Previdência Social (CTPS), Título de Eleitor, Carteira Nacional de Habilitação (CNH), Identidade Funcional ou Carteira Profissional e o Certificado Militar. Além disso, é possível incluir o tipo sanguíneo, juntamente com o fator RH, e a disposição a doar órgãos. A CIN tem prazo de validade de cinco anos para crianças entre 0 e 12 anos incompletos. Já para pessoas de 12 a 60 anos incompletos, o documento será válido por dez anos. Para idosos, a validade é indeterminada.	Agência Brasil	geral	False
https://agenciabrasil.ebc.com.br/geral/noticia/2026-09/organizacao-cria-comunidades-alternativas-para-questionar-big-techs	2026-09-24	Organização cria comunidades alternativas para questionar big techs	Coordenador da organização Ctrl+Z participou do Tarde Nacional SP	“As grandes empresas do Vale do Silício concentram muito poder e estão numa batalha para impedir que países como o Brasil tenham sua própria soberania digital. Querem que seus termos estejam acima das nossas leis.” Essa é a avaliação que o jornalista Henrique Sampaio faz sobre a concentração de poder nas mãos das grandes empresas de tecnologia, as chamadas big techs, cujas sedes estão na região conhecida como Vale do Silício, na Califórnia (EUA). Ele é coordenador de redes sociais da organização social Ctrl+Z , que se propõe a enfrentar o modelo de operação das big techs. Em entrevista ao Tarde Nacional SP , da Rádio Nacional , ele explica que entre as estratégias estão investigar e expor abusos, mover ações judiciais e mobilizar pessoas. O objetivo é transformar o setor de tecnologia visando o bem-estar coletivo. Recentemente, um levantamento feito pela Ctrl+Z denunciou dezenas de perfis de falsos médicos no YouTube. A organização é comanda pela executiva Daniela da Silva, que já chefiou a área de Políticas Públicas do WhatsApp (Meta) no Brasil; pela diretora de Programas Tatiana Dias, que é jornalista investigativa e já foi editora executiva do Intercept Brasil; e pelo diretor de Litigância Luã Cruz, especialista em direitos digitais e políticas públicas e ex-coordenador do Instituto de Defesa de Consumidores (Idec). “Queremos levar as pessoas para fora das telas e criar uma comunidade que não seja mediada pelas empresas de tecnologia”, afirma Henrique Sampaio. O modelo que a organização encontrou para fazer isso é a articulação de pessoas com diferentes perfis, por meio de plataformas de código aberto, com a transparência que as redes sociais mais populares não têm. “As plataformas de código aberto sempre existiram, mas as big techs têm um poder muito grande para nos convencer a usar os produtos delas. É viciante”, pondera o jornalista. “Quando a gente propõe algo que foge a essa lógica, as pessoas lembram que existe uma internet mais livre”, completa Henrique. Para ouvir a entrevista completa, acesse o site da Rádio Nacional	Agência Brasil	geral	False
https://agenciabrasil.ebc.com.br/geral/noticia/2026-09/anac-muda-regras-em-caso-de-atrasos-e-cancelamentos-de-voos	2026-09-23	Anac muda regras em caso de atrasos e cancelamentos de voos	Aéreas devem enviar comunicação rápida por meio digital ao passageiro	A Agência Nacional de Aviação Civil (Anac) aprovou mudanças nas regras do transporte aéreo de passageiros que ampliam as obrigações das companhias aéreas de informar clientes sobre atrasos, cancelamentos e interrupções de voos. As alterações entram em vigor 30 dias após a publicação da resolução no Diário Oficial da União . Entre as principais novidades, as empresas deverão informar, no momento da compra da passagem, que a operação aérea pode sofrer mudanças por motivos como condições meteorológicas e exigências de segurança. Em situações de atraso, cancelamento ou interrupção do serviço, as companhias terão de avisar os passageiros por canais digitais assim que tomarem conhecimento do problema. As informações devem incluir a previsão de partida do voo, as opções de reacomodação e a forma de acesso à assistência material. A assistência aos passageiros continua obrigatória. Após duas horas de espera, a empresa deverá oferecer alimentação. Em casos que exijam pernoite após quatro horas de atraso, a companhia terá de fornecer hospedagem e transporte de ida e volta ao local de acomodação. A atualização também esclarece, na própria resolução, as regras sobre a responsabilidade das empresas aéreas por danos causados por atrasos, cancelamentos, interrupções do serviço ou preterição de embarque. Outra mudança permite que, em situações excepcionais, como falta de infraestrutura aeroportuária ou indisponibilidade de fornecedores locais, a assistência material seja prestada por meio de reembolso. Nesse caso, o passageiro deverá guardar os comprovantes das despesas com alimentação, transporte e hospedagem, que deverão ser ressarcidas pela companhia em até sete dias. A Anac também poderá definir, temporariamente, formas alternativas de cumprimento da assistência material em eventos que provoquem impactos generalizados na operação aérea, sem afastar a obrigação de atendimento aos passageiros. Saiba mais no Repórter Brasil Tarde, da TV Brasil	Agência Brasil	geral	False
https://agenciabrasil.ebc.com.br/geral/noticia/2026-09/senacon-faz-operacao-para-apurar-abusos-nos-precos-de-combustiveis	2026-09-23	Senacon inicia operação para apurar abusos nos preços de combustíveis	Operação Carga Pesada reúne Procons e ANP após 330 denúncias	A Secretaria Nacional do Consumidor (Senacon) iniciou, nesta quarta-feira (23), operação nacional para apurar possíveis aumentos abusivos nas margens de lucro de postos de combustíveis. A medida ocorre após a Agência Nacional do Petróleo, Gás Natural e Biocombustíveis (ANP) receber cerca de 330 denúncias sobre suspeitas de altas indevidas nos preços. Com base em autos de fiscalização encaminhados pela ANP, a Senacon instaurou 70 processos administrativos sancionadores contra postos de combustíveis. Os estabelecimentos terão 20 dias para apresentar defesa. Segundo a secretaria, a investigação não se concentra no preço cobrado na bomba, mas em eventuais aumentos injustificados das margens de lucro, prática que pode resultar em multas e outras sanções previstas no Código de Defesa do Consumidor. Dados apresentados pelo órgão indicam preocupação principalmente com o diesel S10. O preço médio nacional do combustível chegou a R$ 7,13 por litro em 19 de setembro, alta de 2,3% em uma semana. As maiores variações foram registradas na Bahia, em Mato Grosso, Pernambuco, Sergipe e no Tocantins. Na gasolina comum, o aumento médio nacional foi de 0,2% no período analisado. Mato Grosso, Pernambuco, Rio Grande do Sul, Paraná e Piauí apresentaram as maiores variações. O etanol, por sua vez, teve alta média de 3,3% na semana. Batizada de Operação Carga Pesada, a iniciativa reúne a Senacon, Procons estaduais e municipais e a ANP em ações de fiscalização em todo o país. A operação também poderá contar com o apoio da Secretaria Nacional de Segurança Pública (Senasp) e da Força Nacional. A secretaria informou ainda que disponibilizará orientações técnicas e instrumentos padronizados para auxiliar os Procons na coleta de informações e na condução das fiscalizações. Consumidores que identificarem possíveis irregularidades nos preços dos combustíveis podem registrar denúncias nos Procons estaduais e municipais ou junto à ANP, pelo telefone 0800 970 0267 e pelo aplicativo ANP com Vc – Postos . Para facilitar a apuração, é recomendável informar o nome e o endereço do estabelecimento, o tipo de combustível, o preço praticado e a data da ocorrência, além de apresentar, sempre que possível, notas fiscais ou outros comprovantes. Saiba mais no Repórter Brasil Tarde, da TV Brasil	Agência Brasil	geral	False
https://agenciabrasil.ebc.com.br/geral/noticia/2026-09/corpos-de-vitimas-de-queda-de-helicoptero-em-sc-sao-liberados	2026-09-23	Corpos de vítimas de queda de helicóptero em SC são liberados	Corpo do cantor Rick, da dupla com Renner, será velado em Sorocaba	Os corpos dos cinco ocupantes do helicóptero que caiu na serra de Santa Catarina foram liberados para as famílias pelo Instituto Médico Legal (IML) de Florianópolis. As vítimas, entre elas o cantor sertanejo Rick Sollo, da dupla Rick & Renner, passaram por processo de reconhecimento por papiloscopia, exame feito por meio das impressões digitais. A queda da aeronave modelo Bell 430 ocorreu no último domingo (20), e os destroços foram encontrados ao meio-dia dessa terça-feira (22) na região de Urubici. Além de Rick, estavam a bordo também o piloto Antônio Roberto Nóbrega de Araújo, o copiloto Leopoldo Barros Teixeira, o videomaker Paulo Soares e o empresário Bruno Avelar de Souza. A aeronave caiu na mata fechada quando voava de Porto Belo, no litoral norte, para a cidade de São Joaquim, ambas em Santa Catarina. As buscas duraram cerca de 13 horas e foram feitas por helicópteros da Força Aérea Brasileira (FAB), além de bombeiros e equipes de resgate. A FAB, por meio do Centro de Investigação e Prevenção de Acidentes Aeronáuticos (Cenipa), informou que faz, neste momento, investigação na área onde houve a queda do helicóptero. O órgão afirma que faz a coleta e confirmação de dados e também de outras informações relevantes para esclarecer as causas do acidente. O corpo de Rick será velado na cidade de Sorocaba (SP) nesta quinta-feira (24). Saiba mais no Repórter Brasil Tarde, da TV Brasil	Agência Brasil	geral	False
https://agenciabrasil.ebc.com.br/geral/noticia/2026-09/mega-sena-acumula-para-r-38-milhoes-confira-os-numeros-sorteados	2026-09-22	Mega-Sena acumula para R$ 38 milhões; confira os números sorteados	Números sorteados foram: 24 - 25 - 28 - 37 - 47 - 55	Nenhum apostador acertou as seis dezenas do Concurso 3.061 da Mega-Sena, realizado nesta terça-feira (22). O prêmio acumulou e está estimado em R$ 38 milhões para o próximo sorteio. Os números sorteados foram: 24 - 25 - 28 - 37 - 47 - 55 Para o próximo concurso, as apostas podem ser feitas até as 20h (horário de Brasília) de quinta-feira (24), em qualquer lotérica do país ou pela internet, no site ou aplicativo da Caixa. A aposta simples, com seis dezenas, custa R$ 6.	Agência Brasil	geral	False
https://agenciabrasil.ebc.com.br/geral/noticia/2026-09/pf-faz-operacao-contra-entrada-ilegal-de-eletronicos-no-pais	2026-09-23	PF faz operação contra entrada ilegal de eletrônicos no país	Esquema fazia declarações falsas de suas remessas postais	A Polícia Federal (PF) faz operação, nesta quarta-feira (23), contra a entrada ilegal de produtos eletrônicos no país. De acordo com a PF, o esquema fazia declarações falsas de suas remessas postais à Receita Federal, com o objetivo de não pagar o valor devido de importação dos itens. A operação Tegmen cumpre quatro mandados de busca e apreensão em endereços residenciais e estabelecimentos comerciais nos bairros da Barra da Tijuca e do Recreio dos Bandeirantes, na zona sudoeste do Rio de Janeiro. As investigações, que contaram com o apoio da Receita Federal e dos Correios, constataram que as declarações de importação informavam que a remessa postal continha objetos de pequeno valor. No entanto, os bens transportados eram eletrônicos de valor significativamente superior ao informado. A ação de hoje visa coletar provas relacionados à origem, aquisição, remessa, recebimento e comercialização das mercadorias. O material apreendido pode ajudar também a identificar outros possíveis envolvidos e a calcular os valores tributários que deixaram de ser pagos pelo esquema. Os investigados poderão responder pelo crime de descaminho, que é a importação ou exportação de bens não declarados ou declarados de forma errada, para evitar o pagamento de tributos. A pena pode chegar a quatro anos de reclusão.	Agência Brasil	geral	False
https://agenciabrasil.ebc.com.br/geral/noticia/2026-09/mega-sena-sorteia-premio-de-r-32-milhoes-nesta-terca-feira	2026-09-22	Mega-Sena sorteia prêmio de R$ 32 milhões nesta terça-feira	Apostas podem ser feitas até às 20h	A Mega-Sena sorteia nesta terça-feira (22) prêmio estimado em R$ 32 milhões. As seis dezenas do concurso 3.061 serão sorteadas a partir das 21h (horário de Brasília) no Espaço da Sorte, em São Paulo. As apostas podem ser feitas até às 20h (horário de Brasília) em casas lotéricas credenciadas pela Caixa em todo o país ou pela internet, no site ou aplicativo da Caixa. A aposta simples, com seis dezenas, custa R$ 6. No último concurso, foram sorteados os números  06 - 15 - 23 - 36 - 37 - 38 e nenhum apostador acertou as seis dezenas .	Agência Brasil	geral	False
https://agenciabrasil.ebc.com.br/geral/noticia/2026-09/renner-pede-oracoes-para-que-parceiro-rick-seja-localizado	2026-09-22	Renner pede orações para que parceiro Rick seja localizado	Helicóptero em que o cantor viajava desapareceu em Serra de SC	"O cantor Renner usou das redes sociais nesta manhã de terça-feira (21) para pedir orações ao parceiro, Rick. O helicóptero em que Rick embarcou, com outras três pessoas, está desaparecido desde a tarde dessa segunda-feira (21). A aeronave fazia o percurso entre as cidades de Porto Belo (região litorânea) e de São Joaquim, ambas em Santa Catarina. “Neste momento de angústia e incerteza, nos unimos em pensamentos positivos e orações pela busca do helicóptero que estava transportando o Rick.” Ele pede que Deus proteja Rick e os demais tripulantes. “Que as equipes de busca tenham força, sabedoria e que boas notícias cheguem o quanto antes. Vamos manter a fé e a esperança.” Mensagem divulgada no perfil oficial da dupla sertaneja destaca que os representantes dos cantores seguem aguardando dados oficiais sobre a localização do helicóptero de matrícula PP-MGR. “As equipes responsáveis pelas buscas seguem mobilizadas e acompanhamos cada atualização junto às autoridades competentes.” A assessoria dos cantores pede ainda que ""não sejam compartilhadas informações falsas"" e não confirmadas oficialmente. O helicóptero sumiu quando sobrevoava a Serra Catarinense, região montanhosa e com muita vegetação, o que dificulta as buscas. O trabalho de busca segue agora pela manhã na região de Urubici, área em que houve o último contato com o helicóptero, por volta das 16h de ontem. A Força Aérea Brasileira (FAB) e o corpo de bombeiros de Santa Catarina trabalham em conjunto, com o auxílio de cães farejadores e drones térmicos."	Agência Brasil	geral	False
https://agenciabrasil.ebc.com.br/geral/noticia/2026-09/cenipa-abre-investigacao-para-apurar-causas-de-queda-de-helicoptero	2026-09-22	Cenipa abre investigação para apurar causas de queda de helicóptero	Peritos e investigadores foram acionados para iniciar coleta de dados	"O Centro de Investigação e Prevenção de Acidentes Aeronáuticos (Cenipa) vai abrir uma investigação para apurar as causas da queda do helicóptero de matrícula PP-MGR, localizado nesta terça-feira (22) na serra de Santa Catarina, na região de Urubici. O cantor Rick, da dupla Rick e Renner, estava a bordo da aeronave . Além dele, outras quatro pessoas viajavam no helicóptero. Nenhuma delas sobreviveu à queda. Peritos e investigadores foram mobilizados para realizar a chamada ""ação inicial"", etapa em que há coleta de dados, inspeção dos danos na aeronave e identificação dos fatores que contribuíram para o acidente. Para a tarefa, também foram mobilizados investigadores do Quinto Serviço Regional de Investigação e Prevenção de Acidentes Aeronáuticos (SERIPA V), órgão regional do Cenipa localizado em Canoas (RS). Segundo o Cenipa, os trabalhos de investigação serão concluídos no menor prazo possível, dependendo da complexidade dos levantamentos na área da ocorrência. A localização dos destroços foi feita pela Força Aérea Brasileira (FAB), através da aeronave SC-105 Amazonas, que acumulou cerca de 13 horas de voo na operação. Após avistar o local do acidente, a equipe orientou a aproximação de um helicóptero que estava mais próximo e sobrevoava a zona para dar suporte às operações no terreno. O planejamento da área de buscas esteve a cargo do Centro de Coordenação de Salvamento Aeronáutico de Curitiba (Salvaero Curitiba), que delimitou o perímetro com maior probabilidade de encontrar o aparelho."	Agência Brasil	geral	False
https://agenciabrasil.ebc.com.br/geral/noticia/2026-09/fab-e-bombeiros-buscam-helicoptero-com-cantor-rick-desaparecido-em-sc	2026-09-21	FAB e bombeiros buscam helicóptero com cantor Rick, desaparecido em SC	Último contato foi feito por volta das 16h	"A Força Aérea Brasileira (FAB) e o corpo de bombeiros de Santa Catarina realizam buscas por um helicóptero de matrícula PP-MGR, desaparecido na tarde desta segunda-feira (21), próximo à cidade de São Joaquim (SC). Entre os desaparecidos está o cantor sertanejo Rick, da dupla Rick e Renner. Segundo os bombeiros, a aeronave decolou de Porto Belo (SC) e seguia para a região de São Joaquim. Além do cantor, estava na aeronave o empresário Bruno Avelar. O último contato foi feito por volta das 16h. O Centro de Coordenação de Salvamento Aeronáutico de Curitiba, o Salvaero Curitiba, da FAB, atuou durante a tarde com duas aeronaves, uma Black Hawk (H-60) e SC-105 Amazonas, na região de Vacas Gordas, onde um aviso aos bombeiros relatou queda de aeronave. ""A prioridade da operação é localizar a aeronave e seus ocupantes no menor tempo possível, concentrando os esforços de busca nas áreas de maior probabilidade e ajustando continuamente o planejamento à medida que novas informações são obtidas"", informou a FAB. Os bombeiros informaram que concentram as buscas em dois pontos, com uma distância de 30 quilômetros, entre o local onde foi avistada a queda e o ponto onde foi registrado o último sinal de celular de um dos tripulantes. Cerca de 20 bombeiros militares participam da operação, com apoio de viaturas com tração 4x4, necessárias para acessar o terreno. Nesta segunda-feira, os bombeiros atenderam  ocorrências de alagamento e inundação em oito municípios do sul catarinense."	Agência Brasil	geral	False
https://agenciabrasil.ebc.com.br/geral/noticia/2026-09/policia-civil-faz-operacao-contra-faccao-criminosa-em-quatro-estados	2026-09-22	Polícia Civil faz operação contra facção criminosa em quatro estados	Mandados são cumpridos no Rio, São Paulo, Minas Gerias e Alagoas	Policiais civis fazem, nesta terça-feira (22), uma operação contra o fornecimento de drogas ilícitas para uma das principais facções criminosas do Rio de Janeiro. A operação Icarus está cumprindo mandados de prisão e de busca e apreensão contra acusados de abastecer pontos de revenda de cocaína e maconha. A Polícia Civil do Rio de Janeiro conta com a participação das polícias civis de São Paulo, Minas Gerais e Alagoas para cumprir os mandados nesses estados. Também apoiam a operação, no Rio de Janeiro, as corregedorias da Polícia Militar e da Polícia Penal fluminenses . Até as 6h30 de hoje, seis pessoas já tinham sido presas, entre eles um homem apontado como o articulador central do esquema de abastecimento de drogas, responsável por negociar cargas, organizar o transporte, fazer pagamentos e movimentar os valores provenientes da atividade criminosa. De acordo com a Polícia Civil, o esquema tinha uma divisão de tarefas entre liderança, operadores logísticos, transportadores, responsáveis pela cobrança e pelo recolhimento de valores e pessoas interpostas. Pelo menos duas grandes apreensões estão relacionadas ao esquema criminoso, em 2024: 715 quilos de cocaína e maconha em Guarulhos (SP) e 73,8 quilos de cocaína em Seropédia (RJ). Os investigadores também identificaram o uso de empresas dos setores de transporte e logística para ocultar e viabilizar o envio de drogas entre São Paulo e o Rio de Janeiro. Também foram encontradas operações financeiras consideradas atípicas envolvendo investigados e pessoas jurídicas, possivelmente utilizadas para a ocultação e dissimulação de valores. O valor total movimentado chegou a R$ 70 milhões curto espaço de tempo.	Agência Brasil	geral	False
https://agenciabrasil.ebc.com.br/geral/noticia/2026-09/jornalista-zuenir-ventura-morre-aos-95-anos	2026-09-22	Jornalista Zuenir Ventura morre aos 95 anos	Escritor morreu em casa em decorrência de uma pneumonia	O jornalista Zuenir Ventura, de 95 anos, morreu na manhã desta terça-feira (22), em casa, em decorrência de uma pneumonia. A informação foi divulgada pela Academia Brasileira de Letras (ABL). Ventura era acadêmico da ABL desde 2015, como sucessor do escritor Ariano Suassuna. Nascido em 1931, em Além Paraíba (MG), ele era bacharel e licenciado em letras neolatinas e foi professor da Universidade Federal do Rio de Janeiro (UFRJ) e da Universidade do Estado do Rio de Janeiro (Uerj). Começou no jornalismo em 1956, como arquivista. Atuou como repórter, colunista, editor, chefe de reportagem e diretor de redação, tendo trabalhado em diversos veículos como o jornal O Globo, Correio da Manhã e Jornal do Brasil, além das revistas Fatos & Fotos, Cruzeiro, Visão e Veja. Como autor de livros, publicou obras como 1968 - o ano que não terminou , que vendeu centenas de milhares de cópias, e Cidade partida , um livro-reportagem sobre a violência no Rio de Janeiro, que lhe rendeu o Prêmio Jabuti de Reportagem. Segundo a ABL, seu corpo será velado nesta quarta-feira (23), na Academia Brasileira de Letras e enterrado no mausoléu da ABL no Cemitério São João Batista. Saiba mais sobre a trajetória de Zuenir Ventura na reportagem do Repórter Brasil Tarde, da TV Brasil	Agência Brasil	geral	False
https://agenciabrasil.ebc.com.br/geral/noticia/2026-09/bombeiros-encontram-helicoptero-com-corpo-do-cantor-rick	2026-09-22	Bombeiros encontram helicóptero com corpo do cantor Rick	Segundo a corporação, não há sobreviventes no acidente	Os bombeiros de Santa Catarina encontraram nesta terça-feira (22), por volta das 12h, na Serra Catarinense (SC), os destroços do helicóptero no qual viajava o cantor Rick, da dupla Rick e Renner. Havia cinco pessoas a bordo e não há sobreviventes. Além do artista, estavam na aeronave o piloto e copiloto, o empresário Bruno Avelar e ainda o videomaker Paulo Soares. A aeronave desapareceu na tarde de ontem, quando saiu de Porto Belo (região litorânea) em direção à cidade de São Joaquim, ambas em Santa Catarina. As buscas invadiram a madrugada e tiveram de ser brevemente interrompidas devido à falta de visibilidade. Os trabalhos foram retomados de manhã. Após encontrar a aeronave, os bombeiros agora trabalham para retirar os corpos do local e para que a Polícia Científica faça a perícia e as investigações necessárias. A operação de resgate teve o apoio de um helicóptero, mais de 40 bombeiros, cães farejadores e drones de identificação térmica. O helicóptero de matrícula PP-MGR foi localizado pela Força Aérea Brasileira (FAB), que fez 13 horas de sobrevoos na serra catarinense. A equipe da FAB avistou a aeronave em que estava o cantor Rick e direcionou para o local um outro helicóptero que estava mais próximo da ocorrência. Saiba mais sobre o acidente no Repórter Brasil Tarde, da TV Brasil	Agência Brasil	geral	False
https://agenciabrasil.ebc.com.br/geral/noticia/2026-09/ia-e-videos-falsos-superam-fake-news-como-maior-ameaca-democracia	2026-09-22	IA e vídeos falsos superam fake news como maior ameaça à democracia	Guia do CGI.br aponta novos riscos digitais para as eleições	"Vídeos falsos criados por inteligência artificial e a informação de baixa qualidade substituíram as tradicionais fake news e passaram a ser a principal ameaça digital às eleições e à democracia. É o que mostra o Guia Internet, Democracia e Eleições, publicado nesta terça-feira (22) pelo Comitê Gestor da Internet no Brasil (CGI.br). O Guia considera a mudança abrupta entre 2018, ano da primeira edição, e este ciclo eleitoral. Se lá atrás os meios prioritários de circulação eram as redes abertas, como o Facebook, atualmente redes mais restritas, como o Whatsapp, são a principal via de difusão. Os especialistas do CGI.br identificaram ainda que a disseminação de desinformação tornou-se mais distribuída, com circulação simultânea em múltiplas plataformas. ""Em termos de formato, o vídeo passou a ser o principal vetor, quase sempre acompanhado de um texto curto que ancora e legitima a narrativa falsa"", aponta o documento. Não à toa a desinformação passou a ser considerada um dos maiores riscos globais por instituições como o Fórum Econômico Mundial, já em 2025. Diante deste cenário, a centralidade da internet como mídia de informação, entretenimento e contato passa a ser um elemento cada vez mais importante para as disputas democráticas. Ferramentas recentes, como as inteligências artificiais generativas, já tiveram estreia no ciclo eleitoral de 2022, mas é esperado que este ano tenham ainda mais impacto, aliadas a ferramentas de difusão, com o direcionamento cada vez mais atrelado a perfis específicos de usuários e estruturas cada vez mais complexas de roteiro, com maior apelo a aparência de verdade. “Hoje, as plataformas digitais ocupam um lugar central na forma como os brasileiros se informam sobre o que acontece no mundo, no país e nas cidades onde vivem"", diz a coordenadora do CGI.br, Renata Mielli. Renata destaca que são empresas privadas orientadas por objetivos econômicos, e não pela perspectiva do interesse público. ""Compreender como esses ambientes funcionam, como os conteúdos são distribuídos e quais impactos isso produz sobre o debate público é fundamental para fortalecer a integridade da informação e a própria democracia. Esclarecer esses mecanismos é uma das finalidades do guia”. Disponível no site do CGI.br , a publicação aborda temas como a operação dos sistemas de recomendação de conteúdo, o impacto da IA generativa no cenário eleitoral e discute como ferramentas avançadas, a exemplo das deepfakes e dos modelos de linguagem conversacionais, funcionam. A publicação reúne ainda diretrizes para o combate institucional à desinformação e orientações para que o cidadão não se torne vítima nem propagador de conteúdos falsos ou enganosos. Além de analisar as estruturas dos meios de divulgação e das redes, o estudo destaca o papel dos comunicadores destas mídias, os influenciadores. Reconhece seu papel de destaque, mas alerta para a diferença fundamental que tem em relação ao jornalismo: não seguem um código de ética, não respondem institucionalmente pela veracidade de suas afirmações ou por imprecisões, ou mesmo erros deliberados, naquilo que divulgam. Segundo os estudos do grupo do CGI.br, a preocupação mais apontada a respeito das deepfakes diz respeito ao realismo ou à fidedignidade. Como esse tipo de conteúdo mentiroso tem passado por aprimoramento constante, passa a ter potencial para enganar mesmo aqueles eleitores mais experientes em avaliar conteúdos. Este tipo de conteúdo pode fomentar a desconfiança generalizada sobre qualquer tipo de informação, mesmo as verdadeiras. ""A perda de confiança em instituições como a imprensa e o Judiciário, somada à polarização política, também contribuem para esse cenário, fazendo com que convicções pessoais se sobreponham à verificação dos fatos"", alerta o Guia. Outro problema que aparece com o clima de desconfiança é o de que as pessoas passam a consumir cada vez mais conteúdos que confirmem o que já pensam. ""Quando se deparam com informações que contrariam essas crenças, tendem a descartá-las — a chamada racionalidade motivada. Nesse sentido, podem produzir o efeito de reforço ideológico"", alerta o estudo."	Agência Brasil	geral	False
https://agenciabrasil.ebc.com.br/geral/noticia/2026-09/quatro-pessoas-estao-desaparecidas-no-rs-apos-temporal	2026-09-21	Quatro pessoas estão desaparecidas no RS após temporal	Segundo a Defesa Civil, 64 municípios do estado enfrentaram problemas	O temporal que atingiu o Rio Grande do Sul durante esta madrugada, com fortes chuvas e ventos, deixou ao menos quatro pessoas desaparecidas, quatro desabrigadas e outras 624 desalojadas, informou a Defesa Civil. Os quatro desaparecidos são da cidade de Caxias do Sul, na Serra gaúcha. Três dessas pessoas, informou a Defesa Civil, estavam em um veículo que foi arrastado pela enxurrada. Um homem foi resgatado, mas um adolescente de 13 anos, uma criança de 4 anos e uma mulher de 43 anos seguem desaparecidos. Em uma outra ocorrência na cidade, um homem fazia a limpeza de uma galeria quando foi arrastado pela água no bairro De Lazzer. Segundo balanço do órgão, 64 municípios do estado enfrentaram problemas com o temporal, sendo que 49 deles sofreram principalmente com os ventos. No município de Hulha Negra, por exemplo, as rajadas de vento chegaram a atingir 126,7 km/h. Já em Caxias do Sul, a chuva acumulada em um só dia chegou a 159,4 milímetros. Em Pelotas, a prefeitura informou que o temporal destelhou casas e provocou a queda de muitas árvores, deixando famílias desalojadas. Em Nova Santa Rita, a prefeitura informou que 400 casas foram destelhadas. Por causa do temporal, a administração municipal de Nova Santa Rita decidiu suspender as aulas em diversas escolas da cidade. Em Igrejinha, a prefeitura informou que o Rio Paranhana atingiu a cota de 3,5 metros e entrou em estágio de atenção, uma escala antes do nível de alerta. Mais de 100 casas ficaram destelhadas na cidade. Segundo o Centro de Monitoramento da Defesa Civil Estadual do Rio Grande do Sul, as chuvas das últimas 12 horas estão provocando a elevação dos arroios e rios na região hidrográfica do rio Guaíba e, com a possibilidade de continuidade das chuvas, há riscos para alagamentos, enxurradas e extravasamento de rios. A previsão é de que ao longo desta tarde a condição de chuva intensa e volumosa em curto período de tempo continue a atingir as áreas do Norte, Vales e Serra do estado , com acumulados oscilando entre 50 e 80 milímetros em 12 horas. Como já foram registrados acumulados durante essa madrugada, a Defesa Civil emitiu um alerta para essas regiões. Nas áreas Noroeste, Norte e Nordeste do estado há condição para tempestades, com queda de granizo e rajadas intensas de vento, que podem superar os 90 km/h. O alerta vale até a próxima quarta-feira (23).	Agência Brasil	geral	False
https://agenciabrasil.ebc.com.br/geral/noticia/2026-09/mega-sena-acumula-e-pagara-r-32-milhoes-na-terca-confira-dezenas	2026-09-20	Mega-Sena acumula e pagará R$ 32 milhões na terça; confira dezenas	Os números sorteados foram 06-15-23-36-37-38	Ninguém acertou as seis dezenas da Mega-Sena do Concurso 3060 que foram sorteadas na manhã de hoje (20) no Espaço da Sorte, na capital paulista. Os números foram: 06-15-23-36-37-38. Segundo a Caixa, 54 apostas acertaram cinco dezenas e devem receber um prêmio de R$ 32.111,66. Outras 3.075 apostas acertaram quatro números e vão receber R$ 929,52. Como não houve ganhador, o prêmio ficou acumulado para o próximo sorteio, que ocorrerá na próxima terça-feira (22). A estimativa da Caixa é de que o próximo sorteio pague um prêmio de R$ 32 milhões.	Agência Brasil	geral	False
https://agenciabrasil.ebc.com.br/geral/noticia/2026-09/exercito-brasileiro-promove-exercicio-de-defesa-cibernetica	2026-09-21	Exército brasileiro promove exercício de defesa cibernética	Rio, Manaus, Belém, Recife, São Paulo, Curitiba e Brasília terão ações	"O Exército brasileiro coordena, esta semana, exercício com o objetivo de preparar o país para o enfrentamento de ataques cibernéticos . O simulado é promovido pelo Comando de Defesa Cibernética da força, em parceria com a Marinha e a Força Aérea Brasileira (FAB) . A ação ocorre, entre esta segunda (21) e sexta-feira (25), simultaneamente em Brasília e em outras seis cidades: É a oitava edição do exercício, chamado de Guardião Cibernético, que integrará as forças armadas, órgãos governamentais, órgãos reguladores e operadores de infraestruturas estratégicas como abastecimento de água, energia, telecomunicações e mercado financeiro. Serão mais de 1,3 mil participantes de 300 organizações, além de representantes de outros 14 países. No Rio de Janeiro, o simulado será no Centro de Referência em Tecnologia da Informação e Comunicações (Digitech) da Federação das Indústrias do Rio de Janeiro (Firjan). Os participantes do exercício enfrentarão cenários de ataques complexos e coordenados em sistemas digitais semelhantes aos usados pelas organizações envolvidas no simulado. A ideia é fortalecer o sistema nacional, validando planos de contingência diante desses ataques cibernéticos. De acordo com o Exército, a cibernética é um dos três setores estratégicos definidos pela Estratégia Nacional de Defesa (END). O segmento envolve os sistemas informatizados que operam computadores, rádios e radares, além de carros de combate e defesa antiaérea. ""Ao reunir diversas instituições civis e militares, o Exercício Guardião Cibernético torna-se como um marco de preparação e integração, reafirmando a importância do compromisso coletivo com a segurança e a soberania nacional"", informa o Exército, por meio de nota."	Agência Brasil	geral	False
https://agenciabrasil.ebc.com.br/geral/noticia/2026-09/mega-sena-sorteia-premio-de-r-28-milhoes-neste-domingo	2026-09-19	Mega-Sena sorteia prêmio de R$ 28 milhões neste domingo	Apostas podem ser feitas até às 22h de sábado	A Mega-Sena sorteia neste domingo (20) prêmio estimado em R$ 28 milhões. As seis dezenas do concurso 3.060 serão sorteadas a partir das 11h (horário de Brasília) no Espaço da Sorte, em São Paulo. As apostas podem ser feitas até às 22h (horário de Brasília) de sábado (19) em casas lotéricas credenciadas pela Caixa em todo o país ou pela internet . A aposta simples, com seis dezenas, custa R$ 6. No último concurso, foram sorteados os números   01 - 02 - 07 - 18 - 33 - 35 e u m bolão feito em Presidente Venceslau (SP) levou o prêmio de R$ 101.970.706,13..	Agência Brasil	geral	False
https://agenciabrasil.ebc.com.br/geral/noticia/2026-09/cinco-pessoas-morrem-em-acidente-com-onibus-no-interior-de-sp	2026-09-20	Cinco pessoas morrem em acidente com ônibus no interior de SP	Ônibus com 48 passageiros caiu em ribanceira na cidade de Cruzeiro	Um acidente envolvendo um ônibus provocou a morte de pelo menos cinco pessoas na manhã de hoje (20) na Rodovia Doutor Avelino Júnior (SP-052), na cidade de Cruzeiro, no interior paulista. Segundo informações preliminares do Corpo de Bombeiros, o ônibus transportava 48 pessoas e caiu em uma ribanceira . O acidente ocorreu por volta das 5h15 da manhã de hoje. Por meio de nota publicada em suas redes sociais, a prefeitura de Cruzeiro informou que o acidente foi na rodovia que liga Cruzeiro a Passa Quatro (MG). “Equipes da Guarda Civil Municipal (GCM), SAMU, Defesa Civil e profissionais da rede municipal de saúde e segurança estão atuando em conjunto com os demais órgãos envolvidos na operação de resgate e atendimento às pessoas que estavam no veículo”, escreveu a administração municipal. Segundo a prefeitura, os feridos estão sendo levados para o Hospital Santa Casa. Até este momento não foram divulgadas informações sobre o estado de saúde dos demais feridos e nem sobre as causas do acidente. Saiba mais no Repórter Brasil Tarde, da TV Brasil	Agência Brasil	geral	False
https://agenciabrasil.ebc.com.br/geral/noticia/2026-09/aposentado-ou-pensionista-que-votar-nao-precisara-fazer-prova-de-vida	2026-09-18	Aposentado ou pensionista que votar não precisará fazer Prova de Vida	Governo vai cruzar informações da Justiça Eleitoral com base do INSS	Aposentados e pensionistas do Instituto Nacional do Seguro Social (INSS) que comparecerem para votar nas eleições de outubro não precisarão fazer a verificação da Prova de Vida neste ano. De acordo com o Ministério da Previdência Social, a verificação vai ocorrer de forma automática a partir do cruzamento das informações da Justiça Eleitoral com a base de dados do INSS. A Prova de Vida é um procedimento anual cujo objetivo é identificar se o titular do benefício previdenciário ou assistencial continua vivo para garantir a manutenção de pagamentos. O ministro da Previdência Social, Wolney Queiroz, disse que a medida facilita a vida dos pensionistas. “A Prova de Vida pode se dar por meio do comparecimento eleitoral. Então, se você for votar no dia das eleições, você já terá a prova de vida realizada. O INSS recebe esses dados e já computa como prova de vida”, explicou. Segundo a pasta, o procedimento abrange atualmente cerca de 40 milhões de beneficiários ativos, entre aposentadorias, pensões e benefícios assistenciais. Além disso, desde 2019, como forma de reduzir filas e custos para processo de Prova de Vida, o comparecimento presencial deixou de ser regra, estabelecendo que o INSS busque, de forma proativa, dados que confirmem a condição de vida do cidadão. Saiba mais no Repórter Brasil Tarde, da TV Brasil	Agência Brasil	geral	False
https://agenciabrasil.ebc.com.br/geral/noticia/2026-09/mega-sena-sorteia-premio-acumulado-de-r-102-milhoes-nesta-quinta	2026-09-17	Mega-Sena sorteia prêmio acumulado de R$ 102 milhões nesta quinta	Apostas podem ser feitas até às 20h	A Mega-Sena sorteia nesta quinta-feira (17) prêmio estimado em R$ 102 milhões . As seis dezenas do concurso 3.059 serão sorteadas a partir das 21h (horário de Brasília) no Espaço da Sorte, em São Paulo. As apostas podem ser feitas até às 20h (horário de Brasília) de hoje em casas lotéricas credenciadas pela Caixa em todo o país ou pela internet, no site ou aplicativo da Caixa. A aposta simples, com seis dezenas, custa R$ 6. No último concurso, foram sorteados os números 14 - 23 - 53 - 56 - 57 - 60 e nenhum apostador acertou as seis dezenas .	Agência Brasil	geral	False
https://agenciabrasil.ebc.com.br/geral/noticia/2026-09/inmet-preve-final-de-semana-de-chuvas-nas-regioes-sul-e-sudeste	2026-09-17	Inmet prevê final de semana de chuvas nas regiões Sul e Sudeste	Mudança favorecerá o transporte de ar quente e úmido em direção ao Sul	De acordo com o Instituto Nacional de Meteorologia (Inmet), o padrão atmosférico começa a mudar significativamente no país, a partir desta sexta-feira (18), com o enfraquecimento e fragmentação do canal de umidade e o estabelecimento de uma nova configuração meteorológica sobre o interior da América do Sul. A mudança favorecerá o transporte de ar quente e úmido em direção à Região Sul, e contribuirá para a queda da pressão atmosférica e o retorno das instabilidades e das chuvas ao Sul do Brasil, que devem se intensificar ao longo do fim de semana. Já nesta quinta-feira (17), devido ao canal de umidade, as condições atmosféricas permanecem semelhantes às observadas nos últimos dias, ou seja, as condições de chuva persistem entre as regiões Norte, e parte das regiões Centro-Oeste, Sudeste e Nordeste. No litoral leste do Nordeste, a presença de um cavado no Oceano Atlântico deve favorecer o aumento da nebulosidade e chuvas. Para esta quinta-feira, há previsão de muitas nuvens e chuva sobre o Norte do Brasil. Pancadas de chuva com trovoadas ocorrem no noroeste, oeste e sul do Amazonas, no Acre e no centro e norte de Rondônia. Para o sudoeste e sul do Amazonas, Acre e Rondônia há aviso amarelo de perigo potencial para chuvas intensas. Nas demais áreas do Amazonas e de Rondônia, em Roraima, no noroeste, oeste e sul do Pará e no oeste e sul de Tocantins, também chove. Há ainda possibilidade de chuva isolada no Amapá e no centro e nordeste do Pará. Para o sul do Pará e grande parte de Tocantins há aviso amarelo de perigo potencial para baixa umidade. Entre as capitais, a temperatura mínima é de 23 graus Celsius (°C) em Rio Branco, e as máximas chegam a 37°C em Manaus e 39°C em Palmas. Já na sexta-feira, a instabilidade concentra-se sobre o Amazonas, onde ocorrem pancadas de chuva com trovoadas isoladas. Chuvas isoladas também serão observadas no Acre, em Rondônia e em Roraima. No litoral do Pará, há possibilidade de chuva isolada. Em todas essas áreas, o céu terá muitas nuvens. No entanto, no Amapá e nas demais áreas do Pará e do Tocantins, a sexta-feira será de sol forte, calor intenso e poucas nuvens. O sul da Bahia segue nesta quinta-feira com instabilidade e chuva. Há aviso amarelo de perigo potencial para chuva intensa nas áreas de divisa com o Espírito Santo. No litoral leste, entre Sergipe, Alagoas, Pernambuco, Paraíba e o litoral sul do Rio Grande do Norte, o céu fica com muitas nuvens e há ocorrência de chuva. No período da noite, há possibilidade de chuva isolada no norte do Maranhão. O tempo fica ensolarado, com poucas nuvens, no sul do Maranhão, centro e sul do Piauí, sul do Ceará, oeste da Paraíba, centro e oeste de Pernambuco, oeste de Alagoas e norte da Bahia. Para essas áreas, há aviso amarelo de perigo potencial para baixa umidade. Entre as capitais, a temperatura varia entre a mínima de 21°C em Maceió e a máxima de 38°C em Teresina. No dia seguinte, a instabilidade aumenta na Região Nordeste. No litoral da Bahia, de Sergipe, de Alagoas e no litoral sul de Pernambuco, o céu fica com muitas nuvens e há ocorrência de chuva. Há também possibilidade de chuva isolada no litoral do Maranhão e do Piauí, no norte, centro, sul e leste do Ceará, no Rio Grande do Norte, na Paraíba, em Pernambuco, nas demais áreas de Alagoas e Sergipe e no centro e leste da Bahia. Poucas nuvens predominam no centro e sul do Maranhão, no oeste e sul do Piauí e no noroeste da Bahia. O tempo ficará instável nesta quinta-feira, com chuva e trovoadas no noroeste de Mato Grosso. Também chove no oeste, centro e norte mato-grossense. Para o noroeste e oeste de Mato Grosso há aviso amarelo de perigo potencial para chuva intensa. Há ainda possibilidade de chuva isolada no sudeste de Mato Grosso, no nordeste de Mato Grosso do Sul e no oeste, centro e sul de Goiás. Nas demais áreas, o céu fica com muitas nuvens. Para o nordeste de Mato Grosso e norte de Goiás há aviso amarelo de perigo potencial para baixa umidade. Nas capitais, a temperatura mínima de 17°C em Campo Grande e máxima de 35°C em Goiânia e Cuiabá. Já na sexta-feira, no norte e nordeste de Mato Grosso, a instabilidade diminui, com céu variando de muitas nuvens a poucas nuvens. Por outro lado, no sul de Mato Grosso e de Goiás, ocorre aumento da instabilidade, com pancadas de chuva e trovoadas isoladas. Em Mato Grosso do Sul, espera-se forte instabilidade, com chuva e trovoadas ao longo do dia. Com isso, para Mato Grosso do Sul há aviso amarelo de perigo potencial para tempestades. Há ainda possibilidade de chuva isolada no centro e leste de Mato Grosso e na região central de Goiás, incluindo a capital, Goiânia (GO). Nesta quinta-feira, na região Sudeste, a Meteorologia prevê muitas nuvens, com chuva, entre o nordeste e leste de Minas Gerais, no Espírito Santo, no Rio de Janeiro e no litoral de São Paulo, entre Santos (SP) e a divisa com o Rio de Janeiro. Para o centro e leste de Minas Gerais, para o Espírito Santo e norte do Rio de Janeiro há aviso amarelo de perigo potencial para tempestades. Predomínio de poucas nuvens no litoral de São Paulo. Pode haver nevoeiro no centro e norte de Minas Gerais, na região do Parque Nacional das Sempre-Vivas, e em toda a faixa leste e litorânea de São Paulo. O frio continua na capital paulista, com mínima de 14°C e máxima de 17°C em São Paulo. As temperaturas ficam amenas nas demais capitais, com máxima de 24°C no Rio de Janeiro e em Vitória e de 26°C em Belo Horizonte. No dia seguinte, a nebulosidade aumenta em toda a região. No centro e oeste de São Paulo, chove com trovoadas. Para o oeste de São Paulo, há aviso amarelo de perigo potencial para tempestades. Pancadas de chuva com trovoadas isoladas também ocorrem no Triângulo Mineiro, enquanto pancadas de chuva ocorrem no leste de São Paulo, sul de Minas Gerais e nordeste do Espírito Santo. Nas demais áreas, o céu fica com muitas nuvens e há possibilidade de chuva isolada. No sul do país, o tempo fica estável em grande parte da região nesta quinta-feira, com poucas nuvens no céu. O Inmet prevê um pouco mais de nebulosidade no norte do Paraná. O dia amanhece com nevoeiro em toda a faixa leste e litorânea da região. Há ainda possibilidade de geada nas áreas mais elevadas do leste dos estados do Sul. Entre as capitais, a temperatura varia entre a mínima de 10°C em Porto Alegre e Curitiba e a máxima de 21°C em Porto Alegre. Já na sexta-feira, a entrada de uma massa e ar quente e úmido sobre o oeste do Paraná, e no centro, norte e oeste de Santa Catarina e noroeste do Rio Grande do Sul traz instabilidades que causam chuva intensa com trovoadas no decorrer da sexta. Com isso, há aviso amarelo de perigo potencial para tempestades nessas áreas. No litoral do Paraná e no litoral norte de Santa Catarina, o céu fica com muitas nuvens, e há possibilidade de chuva isolada. Na região de Florianópolis (SC), no litoral sul catarinense, no centro, leste e na Campanha Gaúcha, o céu varia entre muitas e poucas nuvens, sem chuva. Na madrugada e pela manhã, ocorrem geadas fracas e isoladas na Campanha Gaúcha e nas regiões de serra do Rio Grande do Sul e na Serra Catarinense, incluindo São Joaquim (SC) e Urupema (SC).	Agência Brasil	geral	False
https://agenciabrasil.ebc.com.br/geral/noticia/2026-09/prf-estabelece-regras-para-evitar-bloqueios-nas-eleicoes-de-2026	2026-09-16	PRF estabelece regras para evitar bloqueios nas eleições de 2026	Norma restringe abordagens que possam dificultar trânsito de eleitores	Uma portaria conjunta da Polícia Rodoviária Federal (PRF) e do Tribunal Superior Eleitoral (TSE) estabelece regras para a atuação dos órgãos de segurança pública durante as Eleições Gerais de 2026. O texto prevê restrições a abordagens e ações de policiamento e fiscalização que possam criar obstáculos ao trânsito de eleitores. O primeiro turno das eleições será realizado em 4 de outubro e o segundo, em 25 de outubro. De acordo com o normativo, a abordagem de veículos fica restrita a “situações que representem risco concreto e iminente à vida ou à integridade física das pessoas”. Eventuais bloqueios em rodovias federais deverão ser comunicados previamente ao Tribunal Regional Eleitoral (TRE) competente, com justificativa para a medida e indicação de rotas alternativas. A comunicação prévia será dispensada em casos de flagrante delito ou infração às normas de segurança do trânsito. De acordo com o Ministério da Justiça e Segurança Pública, a norma complementa o artigo 236 do Código Eleitoral (Lei nº 4.737/1965), que estabelece restrições à prisão ou detenção de eleitores e candidatos em períodos próximos ao pleito. Eleitores não podem ser presos ou detidos nos cinco dias que antecedem as eleições até 48 horas depois do encerramento da votação. Para candidatos, a proteção começa 15 dias antes do pleito. A legislação prevê exceções à regra, como os casos de flagrante delito e de sentença criminal condenatória por crime inafiançável. Além do patrulhamento usual, a PRF prestará suporte logístico à Justiça Eleitoral, mediante solicitação, no transporte de materiais e urnas eletrônicas e na segurança de instalações. No segundo turno das eleições de 2022, a PRF realizou operações em rodovias, principalmente no Nordeste, para fiscalizar ônibus que transportavam eleitores. As ações ocorreram mesmo após determinação do Tribunal Superior Eleitoral (TSE) para que a corporação não dificultasse o transporte de eleitores. Segundo a Procuradoria-Geral da República (PGR), as operações foram direcionadas a regiões onde o então candidato Luiz Inácio Lula da Silva havia obtido mais votos no primeiro turno. Em dezembro de 2025, o Supremo Tribunal Federal (STF) condenou o então diretor-geral da PRF, Silvinei Vasques, a 24 anos e seis meses de prisão, no processo sobre a trama golpista. Segundo a acusação, Vasques tentou interferir no processo eleitoral ao dificultar o deslocamento de eleitores de Lula no segundo turno. A defesa negou a acusação. Saiba mais no Repórter Brasil Tarde, da TV Brasil	Agência Brasil	geral	False
https://agenciabrasil.ebc.com.br/geral/noticia/2026-09/rj-vai-criar-5-mil-vagas-no-sistema-penitenciario-em-tres-anos	2026-09-18	RJ vai criar 5 mil vagas no sistema penitenciário em três anos	Iniciativa busca frear crise de superlotação nos presídios fluminenses	"Acordo entre as áreas de Justiça e segurança pública do Rio pretende criar, em três anos, 5.180 vagas no sistema penitenciário do estado do Rio. Com o pacto, que tem vigência de 11 anos, o Estado ficará encarregado de executar um plano estruturado para criação de, no mínimo, 5.180 novas vagas no sistema prisional ao longo de três anos, de 2026 a 2028. Serão 2.180 vagas em 2026, com acréscimo de módulos em unidades já existentes, 1.500 vagas em 2027 e 1.500 vagas em 2028. O financiamento contará com R$ 33 milhões do Fundo do Tribunal de Justiça, R$ 79 milhões do Fundo do Ministério da Justiça (via Senappen) e aportes do estado do Rio de Janeiro, que somam R$ 70 milhões no primeiro ano e R$ 260 milhões nos dois anos subsequentes. O documento prevê a elaboração de estudos até dezembro de 2027 e de plano de longo prazo no período de 2029 a 2036, além de mecanismos rígidos de transparência e monitoramento. “Não há como se discutir segurança pública sem tratar da funcionalidade do sistema penitenciário. A superlotação é causa da degradação do ambiente prisional, favorece atividades e facções criminosas, viola direitos fundamentais e compromete a segurança pública"", disse o promotor de Justiça Murilo Bustamante. De acordo com o promotor, a eliminação do déficit de vagas é ""providência essencial"" para a adequada e efetiva promoção da responsabilidade penal. Para o governador em exercício, Ricardo Couto, a assinatura representa dever constitucional de apresentar os estabelecimentos prisionais de maneira adequada para o cumprimento da execução penal. ""Todos os polos da sociedade, depois de um debate pleno, participaram para chegarmos a esse plano”, disse. De acordo com a Secretaria Nacional de Políticas Penais (Senappen), órgão do Ministério da Justiça e Segurança Pública, o estado do Rio de Janeiro tem cerca de 46,3 mil pessoas presas em celas físicas. O número total pode variar conforme a inclusão de pessoas em prisão domiciliar com ou sem monitoramento eletrônico. O sistema enfrenta superlotação histórica com um grande déficit de vagas em relação ao total de custodiados. Um estudo publicado nesta semana aponta que o gasto com polícias nos estados brasileiros corresponde a mais de 5 mil vezes o valor destinado a políticas para pessoas egressas do sistema prisional. Para cada R$ 5.423 gastos com as polícias em 2025, R$ 1.169 foram destinados ao sistema prisional e apenas R$ 1 a políticas exclusivas para egressos. O estudo analisou como os governos estaduais, de 26 unidades federativas, distribuem os recursos destinados às polícias, ao sistema prisional e às políticas voltadas para egressos. O Acre não forneceu dados para o estudo. Os dados são da pesquisa “O Funil de Investimentos da Segurança Pública nos Estados Brasileiros” , realizada pelo centro de pesquisa Justa e apresentada no 20º Encontro do Fórum Brasileiro de Segurança Pública. O resultado demonstra a concentração dos recursos na porta de entrada do sistema de justiça criminal e uma distribuição de recursos estruturada como um funil de investimentos. Segundo os coordenadores da pesquisa, a priorização orçamentária das polícias não necessariamente resulta em mais segurança para a população. *texto ampliado em 18/09/2026 às 15h43"	Agência Brasil	geral	False
https://agenciabrasil.ebc.com.br/geral/noticia/2026-09/bolao-de-presidente-venceslau-sp-leva-r-101-milhoes-na-mega-sena	2026-09-17	Bolão de Presidente Venceslau (SP) leva R$ 101 milhões na Mega-Sena	Números sorteados são: 01 - 02 - 07 - 18 - 33 - 35	Um bolão com nove cotas feito em Presidente Venceslau (SP) acertou as seis dezenas do Concurso 3.059 da Mega-Sena sorteadas nesta quinta-feira (17). Os ganhadores receberão o prêmio de R$ 101.970.706,13. O bolão foi feito na lotérica Cantinho da Sorte e apostou sete números. Os números sorteados são: 01 - 02 - 07 - 18 - 33 - 35 Para o próximo concurso, no domingo (20), o prêmio principal está estimado em R$ 28 milhões. As apostas podem ser feitas até as 22h (horário de Brasília) de sábado (19), em qualquer lotérica do país ou pela internet, no site ou aplicativo da Caixa. A aposta simples, com seis dezenas, custa R$ 6.	Agência Brasil	geral	False
https://agenciabrasil.ebc.com.br/geral/noticia/2026-09/cnh-vencida-entre-junho-e-setembro-tem-validade-extra-ate-dezembro	2026-09-17	CNH vencida entre junho e setembro tem validade extra até dezembro	Não é preciso emitir novo documento, diz Contran	O Conselho Nacional de Trânsito (Contran) prorrogou, excepcionalmente, a validade da Autorização para Conduzir Ciclomotor (ACCs) e da Carteira Nacional de Habilitação (CNH) vencidas ou com vencimento entre 5 de junho e 8 de dezembro de 2026. Com o novo prazo, automaticamente, esses documentos ficam válidos até 9 de dezembro de 2026. A medida está descrita na deliberação do Contran (nº 279) , publicada em edição extra do Diário Oficial da União da última quarta-feira (9). A prorrogação da validade dos documentos dos condutores deve ser respeitada pela fiscalização de trânsito, integrantes do Sistema Nacional de Trânsito (SNT), em todo o país. Porém, essa autorização de prorrogação de validade da CNH e do ACC não se aplica aos condutores suspensos ou cassados. Não será necessária a emissão de novo documento ou a realização de qualquer procedimento para registro da prorrogação de que trata esta deliberação. Após a data limite (9 de dezembro), o motorista ainda terá os 30 dias de carência tradicionais previstos no Código de Trânsito Brasileiro (CTB) para efetuar a renovação sem penalidade. Os órgãos ou entidades executivas de trânsito dos estados e do Distrito Federal, os Detrans, têm um prazo de 30 dias para atualizar, no Registro Nacional de Carteiras de Habilitação (Renach), os cadastros de médicos e psicólogos peritos examinadores e de entidades habilitadas à realização dos exames de aptidão física e mental e das avaliações psicológicas. Segundo a deliberação, o objetivo é assegurar o adequado direcionamento dos candidatos e condutores que realizarão estes procedimentos.	Agência Brasil	geral	False
https://agenciabrasil.ebc.com.br/geral/noticia/2026-09/pf-faz-acao-para-combater-entrada-clandestina-de-eletronicos-no-brasil	2026-09-17	PF faz ação para combater entrada clandestina de eletrônicos no Brasil	Agentes cumprem mandados na capital fluminense e em Maricá	A Polícia Federal (PF) está nas ruas na manhã desta quinta-feira (17) com a Operação Conexão Paralela, para combater a entrada clandestina de produtos eletrônicos no país. Ao todo, estão sendo cumpridos seis mandados de busca e apreensão nas cidades do Rio de Janeiro e Maricá, no Grande Rio. O grupo responsável pelo ingresso destes produtos estrangeiros e posterior revenda dentro do Brasil seria comandado por um policial militar, de acordo com a PRF. Os produtos, especialmente smartphones , eram introduzidos no país sem o pagamento de impostos de importação. A revenda de milhares destes produtos teria movimentado cerca de R$ 60 milhões nos últimos anos. Os investigados poderão responder pelos crimes de descaminho e associação criminosa.	Agência Brasil	geral	False
https://agenciabrasil.ebc.com.br/geral/noticia/2026-09/apos-semana-em-greve-empregados-dos-correios-tem-dissidio-na-segunda	2026-09-18	Após semana em greve, empregados dos Correios têm dissídio na segunda	Principal impasse está em mudança no plano de saúde	A greve dos funcionários dos Correios ultrapassou uma semana em todo o país. O julgamento do dissídio coletivo está marcado para segunda-feira (21), às 13h30. O principal impasse está na mudança do plano de saúde. Os trabalhadores contestam a intenção da empresa de migrar sua condição de mantenedora para patrocinadora do CorreiosSaúde. De acordo com a categoria, essa alteração pode elevar de forma abusiva custos e mensalidades cobrados de funcionários, aposentados e dependentes, com a perda de direitos trabalhistas. Os sindicatos rejeitaram a proposta inicial da direção da empresa, que ofereceu reajuste de 0,87%. A categoria reivindica recomposição condizente com a inflação acumulada e ganho real, apontando que a oferta da estatal ficou bem abaixo do Índice Nacional do Preço ao Consumidor (INPC). Os trabalhadores reivindicam também o retorno do adicional tradicional de 70% sobre as férias, além da retomada do pagamento de 200% sobre o repouso ou feriado trabalhado. A categoria também é contra a proposta da empresa de extinguir gratificações específicas, como a de motoristas, por quebra de caixa e o vale extra de Natal. O Tribunal Superior do Trabalho (TST) ao julgar a legalidade da greve dos Correios determinou a manutenção de 80% do efetivo em atividade em cada unidade. O presidente do TST, ministro Vieira de Mello Filho considerou a essencialidade do serviço e o impacto no período eleitoral de 2026. A Federação Interestadual dos Empregados da Empresa Brasileira de Correios e Telégrafos (Findect) informou, em nota, que é difícil aceitar que outros temas ganhem destaque justamente quando a categoria espera iniciativa concreta para retomar a mesa e negociar seriamente um acordo. “Em meio a uma greve e com o acordo coletivo sem solução, a empresa dedica espaço a novos uniformes, tamanhos, tecidos e procedimentos de entrega, enquanto a questão que mais preocupa os trabalhadores permanece sem resposta: a garantia do plano de saúde.” De acordo com a federação, tais aquisições são relevantes, mas estão sendo executadas em momento inoportuno. Em nota, os Correios disseram que mantem os serviços em todo o país, atuando para reduzir os eventuais impactos da paralisação, que tem a adesão parcial de empregados. “Entre as medidas adotadas estão a mobilização de empregados administrativos para apoio às atividades operacionais, o remanejamento de veículos e a realização de mutirões para preservar o fluxo logístico.” Os Correios orientam os clientes a acompanharem o rastreamento de suas encomendas pelo site ou aplicativo da empresa e a aguardarem a entrega no endereço de destino. Para o tratamento de situações específicas, os clientes devem entrar em contato pelos telefones 4003-8210 e 0800-881-8210, por meio do chat ou do serviço Fale Conosco disponível no portal dos Correios: www.correios.com.br .	Agência Brasil	geral	False
https://agenciabrasil.ebc.com.br/geral/noticia/2026-09/operacao-combate-infiltracao-do-pcc-no-transporte-publico-em-sao-paulo	2026-09-17	Operação combate infiltração do PCC no transporte público em São Paulo	Um dos alvos, ex-vereador Milton Leite disse que se apresentará em 24h	A Polícia Civil de São Paulo (PC-SP) e o Ministério Público (MP-SP) fazem na manhã desta quinta-feira (17) a operação Vectura Corrupta, que investiga lavagem de dinheiro e a infiltração do Primeiro Comando da Capital (PCC) no sistema de transporte coletivo da capital paulista. Um dos alvos é Milton Leite, ex-vereador e ex-presidente da Câmara Municipal de São Paulo. Até o momento, Leite não foi encontrado pelas autoridades. A assessoria do político emitiu nota: “Estou em viagem, não estou foragido e vou me apresentar às autoridades em até 24 horas. Vou provar minha inocência em todas as acusações”. A maioria dos alvos, segundo a polícia, tem função de liderança dentro da facção. São advogados e políticos que fazem parte da organização criminosa. Esta operação é a terceira fase da investigação que verifica a atuação do PCC no transporte público da cidade de São Paulo. Ao todo, são cumpridos 16 mandados de prisão e 18 de busca e apreensão. A ação da polícia e do MP-SP acontece nas cidades de São Paulo, Santana de Parnaíba, São Bernardo do Campo, Diadema, Santos, Praia Grande e Cubatão. Saiba mais no Repórter Brasil Tarde, da TV Brasil	Agência Brasil	geral	False
https://agenciabrasil.ebc.com.br/geral/noticia/2026-09/mega-sena-acumula-para-r-102-milhoes-confira-os-numeros-sorteados	2026-09-15	Mega-Sena acumula para R$ 102 milhões; confira os números sorteados	Números sorteados foram: 14 - 23 - 53 - 56 - 57 - 60	Nenhum apostador acertou as seis dezenas do Concurso 3.058 da Mega-Sena, realizado nesta terça-feira (15). O prêmio acumulou e está estimado em R$ 102 milhões para o próximo sorteio. Os números sorteados foram: 14 - 23 - 53 - 56 - 57 - 60 Para o próximo concurso, as apostas podem ser feitas até as 20h (horário de Brasília) de quinta-feira (17), em qualquer lotérica do país ou pela internet, no site ou aplicativo da Caixa. A aposta simples, com seis dezenas, custa R$ 6.	Agência Brasil	geral	False
https://agenciabrasil.ebc.com.br/geral/noticia/2026-09/lotofacil-da-independencia-72-apostas-faturam-r-44-milhoes-cada	2026-09-16	Lotofácil da Independência: 72 apostas faturam R$ 4,4 milhões cada	Números sorteados foram 01-02-03-04-05-06-07-12-15-16-17-19-21-22 e 23	O concurso especial da Lotofácil da Independência 3.780 sorteou nesta terça-feira (15) um prêmio total de R$ 323.177.688, que será dividido entre 72 apostas vencedoras. Cada aposta receberá R$ 4.488.579. Os 15 números sorteados foram 01-02-03-04-05-06-07-12-15-16-17-19-21-22-23. Segundo a Caixa, 61 apostas sorteadas foram feitas em canais físicos nas seguintes unidades federativas: Alagoas (2), Amazonas (1), Bahia (4), Ceará (6), Distrito Federal (3), Goiás (2), Maranhão (1), Minas Gerais (8), Mato Grosso do Sul (2), Mato Grosso (2), Paraíba (2), Piauí (1), Paraná (3), Rio de Janeiro (4), Rio Grande do Norte (2), Rio Grande do Sul (3) e São Paulo (15). As outras 11 apostas foram feitas em canais eletrônicos. Ainda segundo a Caixa, para os 8.978 jogos que acertaram 14 números, segunda faixa de premiação, o valor do prêmio é de R$ 2.762 para cada. Considerando todas as cinco faixas de premiação, a Lotofácil da Independência premiou, neste ano, mais de 23 milhões de apostas. Em nota, a Caixa destacou que prêmios com valor superior a R$ 2.259,20 são pagos exclusivamente em agências do banco. “O bilhete é ao portador, sendo recomendável que o apostador escreva no verso do recibo da aposta premiada seu nome completo e CPF. Dessa forma, ninguém mais poderá retirar o prêmio”. “Em caso de bolão, cada participante pode fazer o mesmo no verso de seu recibo individual de cota”, completou. Ganhadores também devem ficar atentos aos prazos, já que prêmios de loterias prescrevem após 90 dias da data do sorteio, quando o valor é repassado ao Fundo de Financiamento Estudantil (Fies), conforme Lei 13.756/18.	Agência Brasil	geral	False
https://agenciabrasil.ebc.com.br/geral/noticia/2026-09/cacique-raoni-de-94-anos-recebe-cuidados-paliativos-em-mato-grosso	2026-09-14	Cacique Raoni, de 94 anos, recebe cuidados paliativos em Mato Grosso	Liderança indígena enfrenta câncer do aparelho digestório	O cacique Raoni Metuktire, de 94 anos, foi diagnosticado com câncer no aparelho digestório e recebe cuidados paliativos em casa, em Peixoto de Azevedo (MT), onde está acompanhado pela família e por uma equipe médica. A informação foi divulgada nesta segunda-feira (14) por meio de perfil do Instituto Raoni nas redes sociais. O comunicado informa que ao longo de 2026, Raoni passou por internações, exames e agravamentos no quadro de saúde. Em junho, foi transferido em caráter de emergência para São Paulo após apresentar uma grave obstrução intestinal provocada pelo tumor. Em seguida, passou por uma gastroenteroanastomose no Hospital São Paulo, da Universidade Federal de São Paulo (Unifesp), procedimento que criou uma nova passagem para permitir o trânsito dos alimentos e melhorar as condições de alimentação e conforto. Exames realizados posteriormente confirmaram o diagnóstico de adenocarcinoma pouco diferenciado. Segundo o Instituto Raoni, diante da idade, das condições clínicas e dos riscos associados a tratamentos mais agressivos, as equipes médicas indicaram cuidados paliativos. Os cuidados paliativos têm como objetivo controlar a dor e outros sintomas, prevenir complicações e proporcionar qualidade de vida. O acompanhamento inclui assistência médica e de enfermagem, fisioterapia, além de cuidados com alimentação e hidratação. “O cuidado também envolve a dimensão espiritual. Raoni é pajé e segue recebendo a presença e os cuidados de pajés de sua confiança, em uma atenção intercultural que respeita a cultura Mẽbêngôkre, sua língua, suas escolhas e suas referências espirituais.”, diz o comunicado. Raoni é uma das principais lideranças indígenas brasileiras e há décadas atua na defesa dos povos indígenas, dos territórios e da floresta. Sua trajetória ganhou reconhecimento internacional pela atuação em defesa da Amazônia e dos direitos indígenas.	Agência Brasil	geral	False
https://agenciabrasil.ebc.com.br/geral/noticia/2026-09/mega-sena-sorteia-premio-de-r-95-milhoes-nesta-terca-feira	2026-09-15	Mega-Sena sorteia prêmio de R$ 95 milhões nesta terça-feira	Apostas podem ser feitas até às 20h	A Mega-Sena sorteia nesta terça-feira (15) prêmio estimado em R$ 95 milhões. As seis dezenas do concurso 3.058 serão sorteadas a partir das 21h (horário de Brasília) no Espaço da Sorte, em São Paulo. As apostas podem ser feitas até às 20h (horário de Brasília) em casas lotéricas credenciadas pela Caixa em todo o país ou pela internet, no site ou aplicativo da Caixa. A aposta simples, com seis dezenas, custa R$ 6. No último concurso, foram sorteados os números  02 - 04 - 16 - 21 - 48 - 53. e nenhum apostador acertou as seis dezenas .	Agência Brasil	geral	False
https://agenciabrasil.ebc.com.br/geral/noticia/2026-09/greve-nos-correios-tst-determina-manutencao-de-80-do-efetivo	2026-09-14	Greve nos Correios: TST determina manutenção de 80% do efetivo	Movimento começou na última quinta-feira	"O Tribunal Superior do Trabalho (TST) determinou a manutenção de 80% do efetivo de trabalhadores dos Correios durante a greve da categoria. A decisão foi proferida no último sábado (12) pelo presidente do TST, ministro Vieira de Mello Filho, após a estatal recorrer ao tribunal para garantir o funcionamento mínimo da empresa, que considera a greve abusiva. O presidente entendeu que o serviço prestado pelos Correios é essencial e que a greve pode impactar nas eleições. ""A atividade essencial desenvolvida pela suscitante se agiganta em face dos compromissos assumidos com entes públicos e privados relacionados ao pleito eleitoral de 2026, cujo período de campanha encontra-se em curso, o que agrava os impactos à sociedade do movimento paredista"", afirmou o ministro. Os trabalhadores dos Correios entraram em greve na quinta-feira (10) e buscam a aprovação do acordo coletivo de trabalho 2025/2026. Os sindicatos da categoria contestam o modelo de restruturação da estatal, que prevê o fechamento de agências, redução de distritos postais. A categoria também afirma que não pode ser responsabilizada pela crise financeira da estatal. O movimento grevista teve início na última quinta-feira (10). Segundo a Federação dos Trabalhadores dos Correios e Telégrafos e das Empresas de Comunicações (Findect), a deflagração aconteceu após as negociações da campanha salarial deste ano terminarem sem acordo. Segundo a federação, a categoria buscou uma solução negociada, mas a empresa manteve sua posição em um tema considerado fundamental pelos trabalhadores. Um dos principais pontos do impasse é o plano de saúde, para os trabalhadores, aposentados e suas famílias. Em nota à imprensa, os Correios informaram que acionaram um plano de continuidade de negócios para reduzir os impactos da greve. ""Entre as medidas adotadas estão a mobilização de empregados administrativos para apoio às atividades operacionais, o remanejamento de veículos e a realização de mutirões para preservar o fluxo logístico"", informou a estatal."	Agência Brasil	geral	False
https://agenciabrasil.ebc.com.br/geral/noticia/2026-09/mega-sena-acumula-para-r-95-milhoes-confira-os-numeros-sorteados	2026-09-13	Mega-Sena acumula para R$ 95 milhões; confira os números sorteados	Nenhuma aposta acertou as seis dezenas; próximo sorteio será na terça	Nenhum apostador acertou as seis dezenas do concurso 3.057 da Mega-Sena, realizado neste domingo (13), em São Paulo. O prêmio acumulou e está estimado em R$ 95 milhões para o próximo sorteio. Os números sorteados foram: 02 - 04 - 16 - 21 - 48 - 53. Oitenta e seis apostas acertaram cinco dezenas e irão receber R$ 31.872,72 cada 5.234 apostas acertaram quatro dezenas e irão receber R$ 863,24 cada O próximo concurso acontece na terça-feira (15).  As apostas podem ser feitas até as 20h (horário de Brasília) de terça-feira (15) em qualquer lotérica do país ou pela internet, no site ou aplicativo da Caixa. A aposta simples, com seis dezenas, custa R$ 6.	Agência Brasil	geral	False
https://agenciabrasil.ebc.com.br/geral/noticia/2026-09/desabamento-de-predio-em-construcao-deixa-dois-mortos-em-sao-paulo	2026-09-12	Desabamento de prédio em construção deixa dois mortos em São Paulo	Outras duas vítimas foram resgatadas e encaminhadas para Tatuapé	Um prédio em construção desabou em cima de uma casa na madrugada deste sábado (12) na Rua Tequici, bairro da Penha, na capital paulista. Até o momento, o Corpo de Bombeiros confirmou duas pessoas mortas na ocorrência. Outras duas vítimas foram resgatadas e encaminhadas para um pronto-socorro no Tatuapé, sendo um adulto e uma criança. As equipes continuam buscando vítimas entre os escombros. A corporação informou que, por volta das 10h, 59 bombeiros e 21 viaturas estavam no local em atendimento à ocorrência.	Agência Brasil	geral	False
https://agenciabrasil.ebc.com.br/geral/noticia/2026-09/trabalhadores-dos-correios-estao-em-greve-por-tempo-indeterminado	2026-09-11	Trabalhadores dos Correios estão em greve por tempo indeterminado	Paralisação teve início às 22h de quinta-feira (10)	Os trabalhadores dos Correios paralisaram as atividades por tempo indeterminado em todo o país. A greve teve início às 22h dessa quinta-feira (10). Segundo a Federação dos Trabalhadores dos Correios e Telégrafos e das Empresas de Comunicações (Findect), o movimento paredista foi deflagrado após as negociações da campanha salarial deste ano terminarem sem acordo. A decisão das assembleias dos trabalhadores ocorreu depois de sucessivas rodadas de negociação e tentativas de mediação no Tribunal Superior do Trabalho (TST). No Acre, a categoria deve decidir hoje sobre a greve. Segundo a federação, a categoria buscou uma solução negociada, mas a empresa manteve sua posição em um tema considerado fundamental pelos trabalhadores. Um dos principais pontos do impasse é o plano de saúde, para os trabalhadores, aposentados e suas famílias. “A direção dos Correios insiste em alterar sua condição de mantenedora do plano, proposta que preocupa a categoria pelos riscos que pode trazer ao custeio e à garantia da assistência médica”, disse. A Findect informou ainda que segue acompanhando o movimento e que aguarda uma resposta da direção dos Correios e do governo federal que atenda às reivindicações dos trabalhadores. “A categoria exige uma proposta que preserve direitos, proteja o plano de saúde e respeite quem mantém a empresa funcionando diariamente em todo o Brasil”. A reportagem da Agência Brasil pediu um posicionamento da direção dos Correios sobre a greve, mas ainda não teve resposta.	Agência Brasil	geral	False
https://agenciabrasil.ebc.com.br/geral/noticia/2026-09/mario-frias-e-produtora-de-dark-horse-sao-alvos-de-operacao-da-pf	2026-09-10	Mario Frias e produtora de Dark Horse são alvos de operação da PF	Mandados são cumpridos em São Paulo, no Rio, Ceará e Distrito Federal	A Polícia Federal (PF) faz, na manhã desta quinta-feira (10), a Operação Make Up, para apurar desvio de recursos públicos por meio de emendas parlamentares repassadas a empresa privada. O deputado federal Mario Frias (PL-SP) e a produtora do filme Dark Horse , Karina Gama, são os alvos da operação. Frias é roteirista e produtor-executivo do filme que conta a história do ex-presidente Jair Bolsonaro. De acordo com a PF, 49 mandados de busca e apreensão expedidos pelo Supremo Tribunal Federal (STF) estão sendo cumpridos em São Paulo, no Rio de Janeiro, Ceará e Distrito Federal. Duas entidades de propriedade de Karina Gama - o Instituto Conhecer Brasil (ICB) e a Academia Nacional de Cultura (ANC) - estão entre os locais de busca. As investigações feitas até o momento apontam a existência de organização criminosa que usou recursos públicos de maneira irregular e sem prestação de contas. As irregularidades ocorreram até o mês de julho deste ano. De acordo com as autoridades, os desvios são da ordem de centenas de milhões de reais. A Polícia Federal investiga a existência de crimes como peculato, falsidade documental, lavagem de dinheiro, organização criminosa e crimes licitatórios. A operação de hoje foi autorizada pelo ministro Flávio Dino, do Supremo Tribunal Federal. Ele é o responsável pelo processo a respeito dos supostos desvios de emendas parlamentares. Já o processo que apura se houve irregularidade no repasse de R$ 61 milhões de Daniel Vorcaro para o filme , a pedido do senador Flávio Bolsonaro, acontece em paralelo e tem relatoria do ministro André Mendonça, que é o responsável por todo o caso do Banco Master no Supremo Tribunal Federal (STF). Em maio deste ano, o site The Intercept revelou que o senador Flávio Bolsonaro (PL-RJ) pediu dinheiro a Vorcaro para financiar as gravações da cinebiografia sobre o ex-presidente. Após o site divulgar áudios da conversa de Flávio e Vorcaro, ocorrida em novembro do ano passado, o senador negou ter combinado qualquer vantagem indevida com o banqueiro, garantindo que os recursos repassados ao filme eram integralmente privados. A Agência Brasil entrou em contato com a assessoria do deputado Mario Frias, mas ainda não recebeu resposta. A reportagem também tenta contato com Karina Gama. *Matéria ampliada às 10h25 para inclusão dos alvos da operação	Agência Brasil	geral	False
https://agenciabrasil.ebc.com.br/geral/noticia/2026-09/mega-sena-acumula-para-r-85-milhoes-confira-os-numeros-sorteados	2026-09-10	Mega-Sena acumula para R$ 85 milhões; confira os números sorteados	Números sorteados são: 14 - 21 - 25 - 40 - 51 - 56	Nenhum apostador acertou as seis dezenas do Concurso 3.056 da Mega-Sena, realizado nesta quinta-feira (10). O prêmio acumulou e está estimado em R$ 85 milhões para o próximo sorteio. Os números sorteados são: 14 - 21 - 25 - 40 - 51 - 56 O próximo concurso acontece domingo (13), às 11h. As apostas podem ser feitas até as 22h (horário de Brasília) de sábado (12), em qualquer lotérica do país ou pela internet, no site ou aplicativo da Caixa. A aposta simples, com seis dezenas, custa R$ 6.	Agência Brasil	geral	False
https://agenciabrasil.ebc.com.br/geral/noticia/2026-09/mega-sena-sorteia-premio-acumulado-de-r-85-milhoes-neste-domingo	2026-09-12	Mega-Sena sorteia prêmio acumulado de R$ 85 milhões neste domingo	Apostas podem ser feitas até às 22h de sábado	A Mega-Sena sorteia neste domingo (13) prêmio estimado em R$ 85 milhões. As seis dezenas do concurso 3.057 serão sorteadas a partir das 11h (horário de Brasília) no Espaço da Sorte, em São Paulo. As apostas podem ser feitas até às 22h (horário de Brasília) de sábado (12) em casas lotéricas credenciadas pela Caixa em todo o país ou pela internet . A aposta simples, com seis dezenas, custa R$ 6. No último concurso, foram sorteados os números  14 - 21 - 25 - 40 - 51 - 56 e nenhum apostador acertou as seis dezenas .	Agência Brasil	geral	False
https://agenciabrasil.ebc.com.br/geral/noticia/2026-09/saiba-as-novas-regras-da-anac-para-passageiros-indisciplinados	2026-09-14	Saiba as novas regras da Anac para passageiros indisciplinados	Norma prevê multa e suspensão do acesso ao transporte aéreo	Começam a valer, nesta segunda-feira (14), as novas regras da Agência Nacional de Aviação Civil (Anac) para punir passageiros que adotem comportamentos que coloquem em risco a segurança, a ordem ou a integridade de pessoas em aeroportos e aeronaves. As medidas punitivas, previstas na Resolução Anac nº 800/2026, podem chegar à suspensão do direito de embarque em voos domésticos pelo prazo de até 12 meses, a depender da gravidade da infração. Companhias aéreas e operadores aeroportuários poderão adotar medidas imediatas diante de atos de indisciplina, como advertências, acionamento das autoridades policiais, contenção do passageiro e retirada da aeronave.  Em casos graves ou gravíssimos, o transporte poderá ser interrompido. Para viabilizar a medida, as empresas aéreas compartilharão as informações necessárias para identificar passageiros suspensos. A penalidade será aplicada pela própria companhia responsável pela ocorrência, que deverá comunicar o passageiro e garantir o direito de defesa. A norma prevê também sanções administrativas. Para atos classificados como graves ou gravíssimos, a multa-base fixada pela Anac é de R$ 17,5 mil – valor que poderá ser ajustado de acordo com as circunstâncias apuradas em processo administrativo. Saiba mais no Repórter Brasil Tarde, da TV Brasil	Agência Brasil	geral	False
https://agenciabrasil.ebc.com.br/geral/noticia/2026-09/aviao-da-gol-faz-pouso-de-emergencia-apos-decolagem-em-goiania	2026-09-12	Avião da GOL faz pouso de emergência após decolagem em Goiânia	Voo foi cancelado	Um avião da empresa GOL fez um pouso de emergência após decolar do Aeroporto Internacional de Goiânia, em Goiás, com destino ao Aeroporto de Congonhas, na capital paulista, na manhã deste sábado (12). Segundo a GOL, a aeronave do voo G3 1433 apresentou problemas técnicos e, após retornar ao aeroporto goiano, teve seu voo cancelado. A GOL não quis informar quantos passageiros e tripulantes estavam a bordo. A empresa afirmou, em nota, que “todas as ações relacionadas à operação foram tomadas com foco na segurança”. Além disso, informou que todos os clientes impactados estavam recebendo as tratativas previstas pela Resolução 400 da Agência Nacional de Aviação Civil (ANAC), conforme suas necessidades.	Agência Brasil	geral	False
https://agenciabrasil.ebc.com.br/geral/noticia/2026-09/programa-cnh-do-brasil-aumenta-pedidos-de-habilitacao-em-mais-de-200	2026-09-10	Programa CNH do Brasil aumenta pedidos de habilitação em mais de 200%	Em nove meses, mais de 2 milhões de novos condutores foram habilitados	Nos primeiros nove meses de vigência do programa CNH do Brasil , mais de 2 milhões de novos condutores foram habilitados. Além disso, houve um aumento de 216% nos requerimentos de nova habilitação em comparação com 2025. Se no ano passado foram 2,3 milhões de pedidos, este ano foram 7,3 milhões. O aumento no número de solicitações e de novos condutores ocorreu a partir da implantação das novas regras para obtenção da carteira de motorista. A plataforma da CNH do Brasil reúne várias etapas da jornada da primeira habilitação em apenas um ambiente. Entre as mulheres, o número de entradas no processo de habilitação cresceu 18%. Passou de 1,06 milhão em 2025 para 1,25 milhão em 2026 – acréscimo de pouco mais de 190 mil. A Região Nordeste registrou o maior indicador processos iniciados, com 54,7%. A segunda região com maior aumento foi o Norte, com 31,9%. Segundo o Ministério dos Transportes , houve economia de quase R$ 10 bilhões para os condutores. Entra nesse cálculo a redução dos valores do curso teórico, da formação prática, da renovação do documento, dos exames médicos e dos deslocamentos evitados, já que algumas etapas podem ser feitas remotamente. O programa reduziu os custos de emissão ao diminuir as exigências de aulas teóricas e práticas em autoescolas. O curso teórico passou a ser oferecido de maneira digital e gratuita. A quantidade mínima de aulas práticas reduziu de 20 horas para duas horas. A possibilidade de contratação de instrutores autônomos passou a integrar a formação prática. Em 2026, cerca de 553 mil dos 4,2 milhões de cursos foram conduzidos por esses profissionais, o equivalente a 13,2% do total, enquanto os centros de formação responderam por 86,8%.	Agência Brasil	geral	False
https://agenciabrasil.ebc.com.br/geral/noticia/2026-09/anac-permite-voos-apos-23h-em-congonhas-em-situacoes-excepcionais	2026-09-09	Anac permite voos após as 23h em Congonhas em situações excepcionais	Medida busca reduzir impactos em cascata na malha aérea	A Agência Nacional de Aviação Civil (Anac) aprovou o pedido da Associação Brasileira das Empresas Aéreas (Abear) para ampliar o horário das operações no Aeroporto de Congonhas, em São Paulo, em situações consideradas excepcionais. Com a decisão, o aeroporto, que funciona entre as 6h e 23h por estar localizado em área residencial, poderia ter seu horário ampliado para além das 23h , mas somente quando ocorrerem eventos extraordinários que provoquem impactos na malha aérea. A decisão foi aprovada na 27ª Reunião Deliberativa Eletrônica da Diretoria Colegiada da agência e não prevê a alteração do horário oficial de funcionamento do aeroporto e nem vai permitir que sejam programados voos para além do seu horário normal de funcionamento. Segundo a Anac, o que ocorreu é que a diretoria colegiada estabeleceu uma interpretação para a Resolução 55 , em vigor desde 2008, e que veda operações comerciais regulares e de aviação geral no aeroporto depois das 23h , salvo em situações específicas como voos para transporte de enfermos graves ou órgãos para transplante e operações de busca e salvamento. Essa norma, no entanto, não previa o tratamento em situações de contingências, o que foi revisto agora. “A medida busca reduzir impactos em cascata na malha aérea e aos passageiros provocados por eventos extraordinários, como mau tempo, e que afetem voos já previstos para o dia”, informou a Anac, por meio de nota. “A medida será restrita à conclusão, total ou parcial, de operações que já estavam programadas para o dia em que ocorreu a situação excepcional”, acrescentou a agência. Segundo a concessionária Aena, que administra o aeroporto, a medida da Anac prevê “eventuais prorrogações do horário operacional” exclusivamente em situações excepcionais, “como eventos meteorológicos adversos, normalmente associados a impactos severos na malha aérea que atende o aeroporto, com potenciais desdobramentos em toda a malha aérea nacional”. Essas situações, esclareceu a Aena, serão avaliadas caso a caso. “A excepcionalidade dessas medidas também é demonstrada pelos dados registrados recentemente: em 2025, houve cinco ocorrências de prorrogação do funcionamento e, em 2026, foram registradas apenas duas até o momento. Portanto, não se trata de uma mudança do horário operacional de Congonhas nem de uma autorização para funcionamento regular após as 23h”, diz a Aena. “O horário permanece inalterado, e eventuais prorrogações continuam restritas a situações excepcionais, devidamente caracterizadas e avaliadas de acordo com os critérios aplicáveis”, acrescenta a concessionária, por meio de nota. A Abear reforçou à Agência Brasil que “a medida é restrita a situações de emergência ou de força maior, como condições meteorológicas adversas, que determinem a interrupção da operação por motivos de segurança, o que tem efeitos em toda a malha aérea do país” . Segundo a associação, o objetivo “é atualizar a norma para dar previsibilidade e agilidade às iniciativas adotadas pelas autoridades em coordenação com as empresas aéreas e a operadora aeroportuária para mitigar os impactos para os passageiros, sem qualquer prejuízo à segurança das operações em Congonhas”.	Agência Brasil	geral	False
https://agenciabrasil.ebc.com.br/geral/noticia/2026-09/justica-reconhece-falhas-da-enel-em-apagao-de-dezembro-de-2025-em-sp	2026-09-09	Justiça reconhece falhas da Enel em apagão de dezembro de 2025 em SP	Mesmo com evento climático, concessionária é responsável pelos danos	A Justiça de São Paulo reconheceu falhas na prestação do serviço de fornecimento de energia pela Enel Distribuição São Paulo durante o apagão provocado pelo ciclone extratropical ocorrido em 9 e 10 de dezembro de 2025 em São Paulo. Mais de 2 milhões de consumidores foram afetados. Em resposta à ação civil pública ajuizada pelo Ministério Público do Estado de São Paulo (MPSP), a Justiça rejeitou o argumento da concessionária de que o fenômeno climático, por si só, seria suficiente para excluir sua responsabilidade. De acordo com o MPSP, embora o fenômeno climático tenha desencadeado as interrupções, essa não foi a causa exclusiva da extensão dos danos e da demora no restabelecimento do serviço. O Ministério Público acrescenta que eventos climáticos, sejam eles de quaisquer intensidades, fazem parte dos riscos previstos na atividade e serviços prestados pela Enel. “Por essa razão, [tais ocorrências] não afastam automaticamente a responsabilidade da concessionária, que deve manter infraestrutura, planejamento e capacidade operacional adequados para prevenir e reduzir os impactos sobre a população.” Na ação, foram apontadas as seguintes falhas: Dados da Aneel registram que a rede teve 6.715 ocorrências de interrupção do fornecimento em 10 de dezembro. Desse total, 3.056 ocorrências (46%) demoraram mais de 24 horas para ser solucionadas e, em conjunto, atingiram 759.304 unidades consumidoras. “O número de 6.715, portanto, não corresponde à quantidade de pessoas ou imóveis afetados, mas aos registros de interrupção na rede, cada um deles potencialmente capaz de alcançar diversos consumidores. Houve consumidores sem energia até o sexto dia após o evento climático, e a ocorrência mais longa durou 142,8 horas”, completa o MPSP. A Justiça entendeu que os dados mostram que a intensidade do ciclone pode explicar o início das interrupções, mas não justifica a demora excessiva na recomposição do serviço. A decisão afirma que os prejuízos foram agravados por insuficiências de planejamento, manutenção e capacidade de resposta da concessionária. Por meio de nota, a Enel informou que sua atuação no evento climático severo iniciado em 10 de dezembro de 2025 foi compatível com a magnitude excepcional do fenômeno. Para a concessionária, o principal fator de impacto foram os ventos fortes e prolongados, que se estenderam por mais de dois dias consecutivos. “Mesmo nesse cenário, a companhia apresentou resposta mais rápida do que nos eventos de novembro de 2023 e outubro de 2024: em nove horas, restabeleceu o fornecimento para 2,5 milhões de unidades consumidoras. Em 24 horas, 80% dos clientes impactados, cerca de 3,4 milhões, já estavam com o serviço normalizado.” Segundo a empresa, a operação mobilizou cerca de 1,6 mil equipes ao longo do dia, período de maior concentração por ter produtividade maior do que à noite, quando há restrições de segurança e visibilidade. A Enel disse ainda que o número de equipes trabalhando para retomar a transmissão foi de 25% a 33% maior do que os parâmetros previstos no Plano de Recuperação apresentado a Aneel. Também reforçou que equipes de outras especialidades e capacitadas, atuaram de forma complementar. “A companhia reforça que vem apresentando evolução consistente nos indicadores de atendimento emergencial nos últimos três anos, como tempo médio de atendimento e interrupções prolongadas, que estão melhores do que a média nacional das grandes distribuidora.”	Agência Brasil	geral	False
https://agenciabrasil.ebc.com.br/geral/noticia/2026-09/pf-mira-grupo-suspeito-de-desviar-encomendas-postais	2026-09-09	PF mira grupo suspeito de desviar encomendas postais	Mandados são cumpridos no Rio de Janeiro e em São Vicente (SP)	A Polícia Federal (PF) cumpre três mandados de prisão preventiva nesta quarta-feira (9), contra suspeitos de furtar encomendas enviadas pelos correios, por meio do uso de documentos falsificados. Também estão sendo cumpridos oito mandados de busca e apreensão. Os policiais cumprem os mandados na zona oeste da cidade do Rio de Janeiro e no município de São Vicente, em São Paulo. As investigações começaram em 2024, depois que uma mulher foi presa em flagrante enquanto retirava uma encomenda postal usando documentos falsos da verdadeira destinatária. Segundo a PF, o esquema é parte de uma estrutura criminosa que monitora objetos de alto valor econômico, confecciona os documentos falsos e faz retiradas fraudulentas em diversas unidades dos Correios, nos estados do Rio e de São Paulo. Pelo menos 24 ações criminosas foram monitoradas pela PF, entre elas retiradas tentadas e consumadas, desses objetos postais. Os investigados poderão responder pelos crimes de furto qualificado mediante fraude e organização criminosa, sem prejuízo da apuração de outros delitos eventualmente identificados no decorrer das diligências.	Agência Brasil	geral	False
https://agenciabrasil.ebc.com.br/geral/noticia/2026-09/mega-sena-sorteia-premio-acumulado-de-r-76-milhoes-nesta-quinta	2026-09-10	Mega-Sena sorteia prêmio acumulado de R$ 76 milhões nesta quinta	Apostas podem ser feitas até às 20h	A Mega-Sena sorteia nesta quinta-feira (10) prêmio estimado em R$ 76 milhões . As seis dezenas do concurso 3.056 serão sorteadas a partir das 21h (horário de Brasília) no Espaço da Sorte, em São Paulo. As apostas podem ser feitas até às 20h (horário de Brasília) de hoje em casas lotéricas credenciadas pela Caixa em todo o país ou pela internet, no site ou aplicativo da Caixa. A aposta simples, com seis dezenas, custa R$ 6. No último concurso, foram sorteados os números 01 - 11 - 36 - 43 - 48 - 49 e nenhum apostador acertou as seis dezenas .	Agência Brasil	geral	False
https://agenciabrasil.ebc.com.br/geral/noticia/2026-09/criancas-desaparecidas-em-bacabal-podem-entrar-em-alerta-da-interpol	2026-09-09	Crianças desaparecidas em Bacabal podem entrar em alerta da Interpol	Mãe suspeita que filhos podem estar em grupo resgatado na Flórida	A mãe das crianças desaparecidas há mais de oito meses em Bacabal, no Maranhão, pediu à Polícia Federal (PF) para incluir Ágatha Isabelly, de 6 anos, e Allan Michael, de 4 anos, na Difusão Amarela da Organização Internacional de Polícia Criminal (Interpol). Por meio de nota, a PF informou que o pedido foi apresentado nesta quarta-feira (9) pela mãe das crianças, Clarice Cardoso, e que será analisado pela instituição “que adotará os procedimentos necessários para eventual encaminhamento à Interpol”. A Difusão Amarela é um mecanismo da Interpol - a polícia internacional que representa 196 países - destinado a auxiliar na localização de pessoas desaparecidas. A Polícia Federal esclareceu que cabe à própria organização internacional decidir a inclusão de nomes em seus alertas. “Após o encaminhamento pela autoridade policial competente, cabe à própria Interpol analisar as informações e decidir sobre a publicação e o compartilhamento do alerta com os países membros da organização”, explicou a PF. A mãe das crianças desaparecidas, Clarice Cardoso, informou à Agência Brasil que foi contactada pela Interpol para identificar se seus filhos estão no grupo de 163 crianças resgatadas em uma operação contra o tráfico de pessoas na Flórida, nos Estados Unidos, no final de agosto. Nas redes sociais, a advogada da família, Nathaly Moraes, informou que foi coletado sangue na Superintendência da PF em São Luís, também nesta quarta-feira, para verificar se as informações sanguíneas batem com as crianças encontradas na Flórida. Até então, a identidade das crianças de Bacabal ainda não foi confirmada pelas autoridades dos EUA ou da Interpol. A Polícia Federal também não confirmou se as crianças maranhenses estariam entre os resgatados nos EUA. Os dois foram vistos pela última vez em 4 de janeiro, no Quilombo São Sebastião dos Pretos, quando foram brincar em uma área de mata. Não há suspeitos de envolvidos no desaparecimento dos irmãos divulgados até o momento. A família do menino Edson Davi Silva Almeida, que desapareceu na praia da Barra da Tijuca, na capital fluminense, em janeiro de 2024 também foi contatada pela Interpol. A mãe do menino, Marize Araújo, afirmou em suas redes sociais que compareceu à sede da Polícia Federal no Rio de Janeiro na tarde desta quarta-feira para fornecer informações sobre o filho. Edson Davi tinha 6 anos quando desapareceu. A Polícia Civil acredita que o menino tenha se afogado no mar. Mas a família contesta a versão e sustenta que o menino foi raptado. *A matéria foi ampliada às 17h49 para inclusão do caso do menino Edson Davi Silva Almeida	Agência Brasil	geral	False
https://agenciabrasil.ebc.com.br/geral/noticia/2026-09/grito-dos-excluidos-tem-atos-em-defesa-por-moradia-e-contra-violencia	2026-09-07	Grito dos Excluídos tem atos em defesa por moradia e contra violência	Protestos ocorreram em mais de 50 cidades	"Movimentos sociais realizaram nesta segunda-feira (7) a 32ª edição do Grito dos Excluídos. Houve marchas e atos em mais de 50 cidades, em todas as regiões do país, segundo os organizadores. Faixas, bandeiras e gritos de guerra ajudaram a expor o lema da edição, “Na defesa da Terra, da Paz e da Moradia, erguemos a voz: Mulheres Vivas e Soberania!” Os manifestantes reivindicaram moradia digna; reforma agrária; educação pública de qualidade; defesa do Sistema Único de Saúde (SUS); enfrentamento do feminicídio e de todas as formas de violência contra as mulheres e o combate ao racismo e à LGBTfobia, além do fim da escala de trabalho 6x1. Na capital paulista, os manifestantes percorreram as ruas do centro e terminou com uma missa na Catedral da Sé, dedicada à população em situação de rua. Antes da caminhada, foi realizado um café da manhã comunitário. Para a ativista Miriam Hermogenes, da Central dos Movimentos Populares, uma das organizadoras do ato, defende que a liberdade será plena quando não houver mais pessoas em situação de rua no país. “A gente faz uso desse dia para dizer: Olha, não temos liberdade ainda, temos que avançar muito para ser um país, uma sociedade em liberdade”, afirmou à Agência Brasil. O coordenador do cursinho Educafro, Frei David Santos, pediu a defesa da democracia para que não haja interferência econômica nas eleições. “É importante estarmos juntos, hoje, pela Democracia”, disse. Deuza Cordeiro de Lima foi à manifestação para protestar contra a violência policial. O filho dela, Thiago, foi assassinado em janeiro de 2023, na região central da capital. “Vim como em outros anos denunciar a violência. Meu filho foi morto pela polícia, e seus assassinos estão livres. Ele era inocente, mais um de tantos, e não vou ficar quieta”, disse. Célia Souza e amigos participaram do ato e defenderam moradia digna para todos. “ Eu vim hoje pela luta. Por moradia, que é algo cuja importância é a mais básica, da qual não podemos abrir mão”, disse Célia Souza. Confira mais informações sobre o assunto no Repórter Brasil, da TV Brasil: No Rio de Janeiro, o ato cruzou a Avenida Presidente Vargas, uma das principais do centro da cidade, e teve início após o Desfile de Sete de Setembro . Um dos diferenciais do ato foi um grupo de ativistas que levou o teatro para a manifestação. No meio da marcha, eles encenavam esquetes com defesa à soberania nacional e à democracia. A ação foi conduzida pela Escola de Teatro Popular, que se identifica como um movimento de teatro político e educação popular. Um dos coordenadores do grupo é o pesquisador teatral e dramaturgo Julian Boal, filho de Augusto Boal (1931-2009), fundador do Teatro do Oprimido, metodologia teatral criada com a ideia central de transformar o espectador em participante ativo, capaz de discutir e ensaiar formas de enfrentar situações de opressão na vida real. Julian Boal explicou que a presença no Grito dos Excluídos foi uma forma de levar mais pessoas à manifestação. Ele contou que a encenação retratou que a participação democrática não se encerra com as eleições. “O que a nossa cena tentou fazer é recolocar a questão de qual é o peso das instituições. Tentar discutir que dentro das instituições a gente pode fazer muita coisa, mas que o nosso todo é muito maior do que aquelas eleições podem colocar”, completou. Um dos gritos mais exaltados foi a defesa da moradia. O coordenador do Movimento Quilombos Urbanos Luta por Moradia Digna, Ricardo Pitta, acredita que somente por meio de mobilização popular, os segmentos “mais vulneráveis e invisibilizados” da sociedade vão conseguir reverter as injustiças que sofrem. À Agência Brasil , ele lamentou o fato de as demandas ficarem “subordinadas ao calendário eleitoral”. “Todo ano os moradores estão sofrendo, ameaçados de despejo, muitos deles, inclusive, em imóveis públicos que, em vez de estarem cumprindo sua função social, como prevê a Constituição, estão sendo ameaçados de serem leiloados para atender aos interesses da especulação imobiliária” , criticou o coordenador do movimento que mantém quatro ocupações na cidade. O percurso dos manifestantes foi acompanhado de críticas ao tarifaço imposto pelos Estados Unidos aos produtos brasileiros. Outro tem foi a defesa do fim da escala 6x1, aprovada pela Câmara dos Deputados e que ainda precisa ser votada no Senado, o que deve ocorrer após as eleições . Outra ala do protesto reuniu fotos de vítimas da Ditadura Militar (1964-1985) e cobrava vigilância democrática para que o Brasil não vivencie mais períodos de autoritarismo. Um globo cenográfico de cerca de três metros de altura retratou a preocupação com o meio ambiente. No meio do ato, um grupo de cerca de 15 pessoas se aproximou de participantes do Grito dos Excluídos e tentou hostilizá-los com gritos. Policiais militares que acompanhavam o trajeto intervieram, e o grupo se afastou, sem registro de confusão. Integrantes do Núcleo de Ecologia Integral de Brasília também aproveitaram o ato para manifestar a preocupação com a crise ecológica e suas dimensões políticas, destacando que o tema é uma questão de justiça social, responsabilidade política e compromisso com a vida. “O planeta está sendo destruído e se não mudarmos a política ecológica, a forma como estamos tratando nossa casa comum, usando os recursos naturais da forma como estamos gastando, logo não teremos mais onde habitar” , disse à Agência Brasil a economista aposentada Maria do Carmo de Jesus Botafogo. Durante o ato, o núcleo apresentou uma carta de compromisso com a ecologia integral que pretende integrar a candidatos do campo progressista que disputam cargos no Executivo e no Legislativo nas eleições deste ano. Fruto de um seminário que reuniu vários membros do grupo, o documento está estruturado em quatro eixos temáticos: políticas agrícolas e fundiária; políticas urbana e resíduos no DF e Entorno; Justiça Climática e Proteção às Vítimas e propostas sobre uma das mais importantes nascentes da região, a da Estação Ecológica de Águas Emendadas, que alimenta duas importantes bacias hidrográficas: a do Tocantins-Araguaia e do Paraná. ""Passadas as eleições, entregaremos uma cópia a todos os eleitos, independentemente do campo ideológico, pois eles terão as mesmas obrigações com o meio ambiente”, acrescentou a engenheira florestal Ana Clara Botafogo, filha de Maria do Carmo. Para a professora universitária Altaci Kokama, ao longo de suas 32 edições, o Grito dos Excluídos se consolidou como um momento durante o qual os que estão à margem da sociedade “têm voz e vez para apresentar suas demandas, suas reivindicações”. “Os excluídos são aqueles que não têm casas, moradia, trabalho, alimento, os que estão buscando justiça”, destacou, reconhecendo o desafio de mobilização. “Quem tem mais dinheiro para financiar suas ações consegue mobilizar mais pessoas. Para trazer os excluídos, por exemplo, muitas vezes é preciso ajudar com transporte, comida, e nós não temos toda a estrutura necessária. Muitos têm vontade de participar, mas não têm condições”, acrescentou, ressaltando o trabalho constante de debates junto às comunidades. * Reportagem de Alex Rodrigues (Brasília), Bruno de Freitas Moura (Rio de Janeiro) e Guilherme Jeronymo (São Paulo)"	Agência Brasil	geral	False
https://agenciabrasil.ebc.com.br/geral/noticia/2026-09/tradicional-desfile-civico-militar-e-realizado-no-rio-de-janeiro	2026-09-07	Tradicional desfile cívico-militar é realizado no Rio de Janeiro	Ato teve participação de 6,5 mil militares e agentes de segurança	No Rio de Janeiro, o tradicional desfile cívico-militar do Dia da Independência percorreu um trecho da Avenida Presidente Vargas, em frente ao Palácio Duque de Caxias, sede do Comando Militar do Leste. Apesar do tempo chuvoso, milhares de pessoas assistiram ao desfile, empunhando bandeirinhas do Brasil. A cerimônia começou com a revista da tropa por comandantes das três forças militares, seguido pela chegada do fogo simbólico da pátria. A tocha foi levada pelo atleta do pentatlo Douglas Castro, acompanhado de outros esportistas militares e usada para acender uma pira em frente ao palácio. Em seguida, a banda do primeiro batalhão de guarda do Exército executou o Hino da Independência e a Salva de Gala. O cortejo foi puxado por batedores dos Fuzileiros Navais, da Polícia do Exército e da Polícia da Aeronáutica, em motocicletas. Uma unidade de cavalaria exibiu todas as bandeiras que o Brasil já teve ao longo de sua história. Mais de 6 mil militares e agentes de forças de segurança federais, estaduais e municipais participaram do desfile. Também estavam representadas organizações sociais, como a Cruz Vermelha e os Escoteiros, entidades beneficentes e escolas. Um dos destaques foram os conjuntos exclusivo de mulheres que atuam em diversos grupamentos da Marinha, do Exército e da Aeronáutica. Também desfilaram militares que integram as Forças de Paz das Nações Unidas. Mais de 180 viaturas também foram empregadas no desfile, incluindo tanques blindados só Exército, embarcações da Marinha do tipo anfíbio, que podem transitar na terra e na água e caminhões de resgate do Corpo de Bombeiros. Veja como foi o desfile na reportagem do Repórter Brasil Tarde, da TV Brasil	Agência Brasil	geral	False
https://agenciabrasil.ebc.com.br/geral/noticia/2026-09/ambulantes-desfilam-no-7-de-setembro-em-busca-de-sustento	2026-09-07	"Ambulantes ""desfilam"" no 7 de Setembro em busca de sustento"	Vendedores trabalham às margens da Esplanada dos Ministérios	"Equilibrar 30 quilos de balões e algodões-doces coloridos sobre o ombro esquerdo, em uma caminhada apressada, foi o ""desfile"" do Palhaço Bolinha, o autônomo Renato Siqueira, de 53 anos, às margens da área do desfile de 7 de Setembro deste ano, em Brasília (DF). Além do colorido dos produtos, a maquiagem no rosto escorre com o suor da correria desta segunda. ""A gente não pode parar. Mas vai fazendo graça"". Há oito meses ele trabalha em frente a escolas. Mas hoje precisou acordar às 4h30 e andar em busca dos clientes. O Palhaço Bolinha mora em Água Quente (DF), uma região administrativa periférica a 45 quilômetros de Brasília, nasceu em Anápolis (GO) e há 20 anos mudou-se para a capital para trabalhar. Estudou apenas até o 8° ano. A eventos como o 7 de Setembro, ele vem com a esperança de melhorar os rendimentos. Ele consegue carregar os algodões-doces (vendidos a R$ 10) por mais de uma hora no ônibus, mas não os balões (que custam R$ 20). Os produtos que fazem brilhar os olhos das crianças são entregues pelo fabricante quando ele está na rua. Desfile da Independência, Dia das Crianças e Ano Novo estão entre as datas com mais vendas. Mesmo com o peso nas costas, ele prefere a atual atividade. No trabalho anterior, ganhava um salário mínimo para vender plano funerário. Resolveu, então, viver fazendo graça, ainda que a maquiagem escorra. Outro ambulante que também usou os braços e o ombro foi Gustavo Ferreira, de 30 anos, que equilibrava churros de doce de leite e chocolate (a R$ 10) com cuidado para que o recheio não escorresse. No dia a dia, ele trabalha como cobrador de ônibus. ""Acordei às 4h e a gente está na luta"". Mesmo que o dia a dia não seja assim tão doce. A água de coco vendida por Samuel Santos estava, segundo ele, doce e gelada. Madrugar não chega a ser uma novidade para ele, que vive em Planaltina (a 40 quilômetros de distância) e trabalha na escala como porteiro de um prédio. ""Estou experimentando essas vendas de água de coco aqui na Esplanada dos Ministérios. Estou estreando, na verdade. Se der certo, eu vou continuar"". Aliás a palavra ""continuar"" faz parte dessa rotina. Ele foi direto do trabalho na portaria para o comércio informal na Esplanada dos Ministérios. Não há muito tempo para se divertir. A prioridade é levar sustento para os dois filhos em casa. Sob o sol de Brasília, o paraibano Reinivaldo Garcia, de Brejo da Cruz, de 54 anos, vendia bonés e chapéus ao público, a R$ 20. ""Só pude estudar até a 3ª série do primário. Não consegui estudar mais porque precisava trabalhar. Eu digo aos meus dois filhos que eles precisam estudar sempre para não ficar nesse sol como eu Tem que ser independente, né?"""	Agência Brasil	geral	False
https://agenciabrasil.ebc.com.br/geral/noticia/2026-09/comeca-o-desfile-civico-militar-do-dia-da-independencia-em-brasilia	2026-09-07	Começa o desfile cívico-militar do Dia da Independência em Brasília	Evento tem previsão de terminar às 11h	Começou pouco depois das 9h desta segunda-feira (7) o desfile cívico-militar do Dia da Independência, na Esplanada dos Ministérios, no centro de Brasília. Após a execução do Hino Nacional, o general de divisão João Felipe Dias Alves solicitou autorização para iniciar o evento. Na tribuna de autoridades figuram o presidente Luiz Inácio Lula da Silva, o vice-presidente Geraldo Alckmin, o presidente da Câmara dos Deputados, Hugo Motta, o presidente do Senado Federal, Davi Alcolumbre, e o presidente do Supremo Tribunal Federal (STF), Edson Fachin. Também acompanham o desfile, posicionados na tribuna, ministros de diversas pastas, incluindo Leonardo Barchini, da Educação; Gustavo Feliciano, do Turismo; Márcia Lopes, das Mulheres; Wolney Queiroz, da Previdência, e Dario Durigan, da Fazenda, além do advogado-geral da União (AGU), Jorge Messias. Para este ano, o governo federal definiu três eixos temáticos para o desfile: a soberania nacional, assunto recorrente após as tarifas aplicadas a produtos brasileiros; o enfrentamento à violência contra as mulheres, com destaque para um pacto nacional lançado pelos Três Poderes em fevereiro; e a Copa do Mundo Feminina de 2027. O público começou a chegar ao local antes das 6h30, em meio aos preparativos e ensaios dos participantes do desfile. As arquibancadas cobertas já estavam cheias minutos antes do evento ter início. O tempo ameno na capital federal, com céu bastante nublado, ajuda os que acompanham as apresentações próximo às grades de segurança. O desfile cívico-militar tem encerramento previsto para as 11h. Confira as informações sobre o desfile no Repórter Brasil , da TV Brasil	Agência Brasil	geral	False
https://agenciabrasil.ebc.com.br/geral/noticia/2026-09/investigacao-expoe-trituracao-de-pintinhos-na-industria-de-ovos	2026-09-08	Investigação expõe trituração de pintinhos na indústria de ovos	Tecnologia que evita descarte existe, mas adoção ainda é baixa no país	"Uma investigação da organização Mercy For Animals (MFA) documentou a trituração de pintinhos machos recém-nascidos em um incubatório de grande porte da indústria de ovos na Região Sul do país. Segundo a organização, aproximadamente 35 mil animais foram mortos em um dia na unidade investigada. O nome da empresa foi mantido em sigilo. Os pintinhos tinham menos de 24 horas de vida e eram colocados em máquinas com lâminas rotativas de alta velocidade. A prática ocorre porque os machos não põem ovos e, segundo a investigação, não apresentam características genéticas consideradas adequadas para a produção de carne. Na cadeia produtiva, eles são separados das fêmeas logo após o nascimento e destinados ao descarte. A vice-presidente de Investigações da MFA, Luiza Schneider, esclareceu que o objetivo não era investigar uma denúncia específica, mas documentar uma prática representativa de quase toda a indústria. Segundo ela, a questão central é o bem-estar dos animais. “Os pintinhos recém-nascidos têm plena capacidade de senciência, o que significa capacidade de sentir medo ou dor física. Eles têm o sistema nervoso completamente formado”, disse Luiza. O material da investigação aponta ainda que os maceradores mecânicos nem sempre provocam a morte imediatamente, o que, segundo a organização, pode prolongar o sofrimento. A investigação também registrou o descarte de fêmeas. Segundo a MFA, elas eram eliminadas em menor número quando apresentavam anomalias, deformidades, sangramentos ou nascimento prematuro, ou quando excediam a demanda dos criadores. Uma das alternativas apresentadas pela organização é a chamada sexagem in ovo , tecnologia que identifica o sexo do embrião durante a incubação. Os ovos com embriões machos podem ser retirados antes da eclosão, evitando que os pintinhos nasçam e sejam posteriormente descartados. A tecnologia já é utilizada em outros países. Segundo a organização Innovate Animal Ag, na União Europeia cerca de 130 milhões de um total aproximado de 340 milhões de poedeiras eram provenientes do método em junho deste ano . A Alemanha, França, Áustria e Itália adotaram legislações que proíbem a trituração, enquanto a Noruega e a Suíça avançam para eliminação da prática por decisão de mercado. No Brasil, a primeira máquina de sexagem in ovo foi instalada em julho de 2025 no incubatório da Hy-Line do Brasil , em Nova Granada, no interior de São Paulo. A iniciativa teve como cliente-âncora a Raiar Orgânicos, que possui cerca de 400 mil aves e se comprometeu a converter todo o plantel. Os primeiros ovos produzidos com a tecnologia chegaram ao mercado em dezembro daquele ano. A adoção da tecnologia, entretanto, ainda é pequena. De acordo com o panorama elaborado pela Innovate Animal Ag, a máquina instalada no Brasil opera abaixo da capacidade. O documento aponta que o principal obstáculo ainda é financeiro. A estimativa é de que o método convencional custe cerca de R$ 7 por ave no Brasil, enquanto o adicional da tecnologia fique entre R$ 5 e R$ 10 por ave. O que corresponde a um acréscimo de aproximadamente 80% a 150% sobre o preço da ave. O custo, porém, pode ser diluído ao longo da produção. Segundo o estudo, uma poedeira produz cerca de 350 ovos durante o ciclo, fazendo com que o valor adicional por ave corresponda a poucos centavos de real por dúzia para o consumidor. Vanessa Garbini, vice-presidente de Relações Institucionais e Governamentais da MFA, avalia que o fato de outros países estarem adotando novas formas de produção é uma prova de que os custos finais não inviabilizam os ganhos da indústria. ""O fato de Suíça e Noruega, por exemplo, implantarem a sexagem in ovo sem nem ter legislação, simplesmente por verem os benefícios que isso traz para os consumidores, mostra que o custo da mudança não é tão grande. Se fosse inviável, não estaria acontecendo na Europa"", argumenta Vanessa. Há sinais de interesse do setor industrial. As organizações de defesa dos animais citam compromissos públicos de empresas como Planalto Ovos, Grupo Mantiqueira e Korin de suspender a trituração, condicionados à existência de uma tecnologia considerada economicamente acessível e operacionalmente viável. Em agosto, um encontro nacional sobre sexagem in ovo reuniu representantes de empresas de tecnologia, produtores de ovos, instituições financeiras e órgãos públicos, entre eles o Ministério da Agricultura e Pecuária (Mapa) e a Financiadora de Estudos e Projetos (Finep). No Brasil, ainda não existe uma norma federal específica que proíba ou restrinja o descarte de pintinhos machos. O tema, entretanto, já chegou ao Congresso Nacional, por meio dos projetos de Lei 783/2024 e o 3034/2026 . O PL 783/2024, de autoria da deputada Luciene Cavalcante (PSOL-SP), já passou pela Comissão de Meio Ambiente e pela Comissão de Agricultura, Pecuária, Abastecimento e Desenvolvimento Rural da Câmara dos Deputados. Segundo a organização, o PL recebeu parecer contrário na Comissão de Agricultura por questões econômicas e deverá seguir para o plenário. O PL 3034/2026, apresentado pela deputada Heloí­s­a Helena (Rede-RJ) em junho, ainda está no início da tramitação. A Constituição Federal proíbe práticas que submetam animais à crueldade, sem estabelecer distinção entre espécies. A legislação ambiental também trata de maus-tratos. Para a MFA, esses dispositivos podem ser utilizados na discussão sobre a prática, embora a avaliação jurídica sobre cada caso caiba às autoridades competentes . A MFA informou ainda que pretende encaminhar uma denúncia ao Ministério Público para que os órgãos responsáveis avaliem as práticas registradas na investigação. A mudança também encontra respaldo em pesquisas sobre o comportamento dos consumidores. Levantamento realizado pela Innovate Animal Ag com 1.553 compradores de ovos no Brasil mostrou que 73% se sentem desconfortáveis com o abate de pintinhos machos e 76% concordam que a indústria deveria encontrar uma alternativa. O mesmo estudo apontou que 79% demonstraram interesse em comprar ovos produzidos com sexagem in ovo. Entre os entrevistados, 76% disseram estar dispostos a pagar mais pelo produto, com uma disposição média de R$ 3,87 por dúzia. Para Luiza Schneider, a falta de informação ajuda a explicar por que a questão ainda provoca pouca pressão social. “Há um desconhecimento da população em relação a algumas práticas dessa indústria. Então, há pouca mobilização para que elas não aconteçam”, disse. Para Vanessa Garbini, quanto mais as pessoas estiverem expostas à realidade, mais fácil será avançar com uma legislação para proibir os maus-tratos contra animais. ""Depois que você sabe o que acontece, não consegue esquecer. Um monte de animais, bebezinhos recém-nascidos rolando em esteiras para serem triturados ainda conscientes. É praticamente impossível uma pessoa não se impressionar com essa atividade"", avalia."	Agência Brasil	geral	False
https://agenciabrasil.ebc.com.br/geral/noticia/2026-09/mega-sena-sorteia-premio-de-r-70-milhoes-nesta-terca-feira	2026-09-08	Mega-Sena sorteia prêmio de R$ 70 milhões nesta terça-feira	Apostas podem ser feitas até às 20h	A Mega-Sena sorteia nesta terça-feira (8) prêmio estimado em R$ 70 milhões. As seis dezenas do concurso 3.055 serão sorteadas a partir das 21h (horário de Brasília) no Espaço da Sorte, em São Paulo. As apostas podem ser feitas até às 20h (horário de Brasília) em casas lotéricas credenciadas pela Caixa em todo o país ou pela internet, no site ou aplicativo da Caixa. A aposta simples, com seis dezenas, custa R$ 6. No último concurso, foram sorteados os números  08 - 17 - 24 - 43 - 47 - 58 e nenhum apostador acertou as seis dezenas .	Agência Brasil	geral	False
https://agenciabrasil.ebc.com.br/geral/noticia/2026-09/policia-indicia-13-em-caso-de-morte-de-homem-espancado-em-copacabana	2026-09-08	Polícia indicia 13 em caso de morte de homem espancado em Copacabana	Vítima foi confundida com ladrão de bicicleta	"A Polícia Civil do Rio de Janeiro indiciou 13 pessoas no caso da morte do ciclista Cláudio Rafael Landeiro Moreira, de 37 anos, espancado ao ser confundido com um ladrão de bicicleta, em Copacabana, região turística da cidade. Cinco delas vão responder por homicídio triplamente qualificado, sendo que quatro estão presas. Um deles permanece foragido. Entre os envolvidos estão seguranças clandestinos, entregadores de aplicativo e empresários locais. O inquérito foi concluído na segunda-feira (7) pelo delegado Angelo José Lages Machado, titular da 12ª Delegacia de Polícia (DP), sediada em Copacabana, e direcionado ao Ministério Público. De acordo com a polícia, Cláudio foi “espancado covardemente” na madrugada de 11 para 12 de agosto. A investigação aponta que ele foi acusado de ter furtado uma bicicleta que, na verdade, pertencia à irmã dele. Cláudio Rafael tinha problemas psiquiátricos e não conseguiu se defender da acusação dos agressores. O delegado afirma que não houve ""a mínima demonstração"" de que Cláudio tivesse efetivamente furtado a bicicleta. “Em vez de acionarem a autoridade pública, os envolvidos optaram por julgar e submeter Cláudio a sentença de sucessivas agressões, que causaram a morte"", aponta o inquérito. Por meio de imagens de câmeras de segurança, a polícia concluiu que a vítima foi cercada por seguranças que atuavam na região e sofreu agressões durante cerca de nove minutos. “Ele levou socos, chutes e dezenas de golpes com um objeto de madeira”, diz a polícia. O inquérito, ao qual a Agência Brasil teve acesso, relata que Cláudio “ficou agonizando no chão por mais de 30 minutos”, antes de ser socorrido. Ele sofreu traumatismo cranioencefálico, hemorragia interna e rompimento de órgãos. A Justiça determinou a prisão de cinco pessoas: Os cinco foram indiciados por homicídio triplamente qualificado (motivo fútil, emprego de meio cruel e recurso que dificultou ou impossibilitou a defesa da vítima). Os seguranças e os entregadores estão presos. Wellington segue foragido. De acordo com a investigação, o próprio Davi, um dos agressores, classificou as agressões como “ato insano”. A polícia afirma que os depoimentos dos envolvidos “demonstram a existência de um sistema de financiamento privado da atividade informal de segurança”. “Os pagamentos não eram realizados mediante contrato formal ou relação trabalhista regularmente constituída. Ao contrário, eram efetuados de maneira informal, predominantemente em espécie e sem recibos”, descreve o inquérito. Quatro pessoas foram indiciadas por exercício irregular da atividade de segurança e vigilância de rua. Quatro comerciantes também foram indiciados pelo financiamento da atividade informal mediante pagamentos periódicos. Uma mulher que entregou o bastão de madeira usado por um dos agressores foi indiciada por lesão corporal. Um homem foi indiciado por omissão de socorro. Ele viu as agressões, mas não acionou a polícia nem bombeiros. “Não se atribui a obrigação de enfrentar fisicamente os agressores. O dever juridicamente relevante consistia, ao menos, em buscar auxílio por intermédio dos serviços públicos de emergência”, cita o inquérito."	Agência Brasil	geral	False
https://agenciabrasil.ebc.com.br/geral/noticia/2026-09/pf-faz-acao-contra-apologia-ao-nazismo-no-interior-do-rio-de-janeiro	2026-09-09	PF faz ação contra apologia ao nazismo no interior do Rio de Janeiro	Operação em Valença cumpre dois mandados de busca e apreensão	Policiais federais fizeram, nesta quarta-feira (9), uma ação contra suspeitos da prática do crime de apologia ao nazismo, em Valença, no sul do estado do Rio de Janeiro. Foram expedidos dois mandados de busca e apreensão pela Justiça Federal. Segundo a Polícia Federal (PF), a investigação começou a partir da análise de um perfil na rede social X (antigo Twitter), que publicava reiteradamente conteúdos de caráter nazista. Durante as buscas, foram apreendidos um computador e um celular que serão submetidos à perícia técnica criminal. A PF ressalta que a divulgação de conteúdo de apologia ao nazismo é conduta prevista na Lei nº 7.716/1989 (Lei que define os crimes resultantes de preconceito de cor e raça). As penas variam de dois a cinco anos de prisão se a internet for usada para este tipo de conteúdo.	Agência Brasil	geral	False
https://agenciabrasil.ebc.com.br/geral/noticia/2026-09/policia-faz-operacao-contra-venda-de-medicamentos-abortivos-no-rio	2026-09-09	Polícia faz operação contra venda de medicamentos abortivos no Rio	Cinco mandados de busca e apreensão são cumpridos	Policiais civis cumprem nesta quarta-feira (9) cinco mandados de busca e apreensão contra suspeitos de divulgar e vender ilegalmente medicamentos abortivos pela internet. De acordo com a Polícia Civil do Rio de Janeiro, as substâncias são comercializadas por perfis de redes sociais e aplicativos de mensagens. A investigação apura também os crimes de falsificação, corrupção, adulteração de produtos destinados a fins terapêuticos ou medicinais, além de incitação e apologia ao crime. Segundo a polícia, contas de redes sociais publicavam conteúdos relacionados à interrupção da gravidez, como vídeos intitulados “Como fazer um aborto seguro” e “Ajuda com positivo indesejado”. A partir daí, as pessoas interessadas eram direcionadas a canais de atendimento privado, onde o produto era vendido. O esquema usava diferentes contas, linhas telefônicas e dispositivos eletrônicos relacionados entre si, a fim de dificultar a identificação dos responsáveis pela atividade.	Agência Brasil	geral	False
https://agenciabrasil.ebc.com.br/geral/noticia/2026-09/mega-sena-acumula-para-r-76-milhoes-confira-os-numeros-sorteados	2026-09-08	Mega-Sena acumula para R$ 76 milhões; confira os números sorteados	Números sorteados são: 01 - 11 - 36 - 43 - 48 - 49	Nenhum apostador acertou as seis dezenas do Concurso 3.055 da Mega-Sena, realizado nesta terça-feira (8). O prêmio acumulou e está estimado em R$ 76 milhões para o próximo sorteio. Os números sorteados são: 01 - 11 - 36 - 43 - 48 - 49 Para o próximo concurso, as apostas podem ser feitas até as 20h (horário de Brasília) de quinta-feira (10), em qualquer lotérica do país ou pela internet, no site ou aplicativo da Caixa. A aposta simples, com seis dezenas, custa R$ 6.	Agência Brasil	geral	False
https://agenciabrasil.ebc.com.br/geral/noticia/2026-09/nacional-estreia-documentario-que-lembra-historico-programa-prk-30	2026-09-09	Nacional estreia documentário que lembra histórico programa PRK-30	Lançamento ocorre nesta quinta-feira no Rio	"O documentário PRK-30 – O Rádio pelo Avesso estreia nos cinemas nesta quinta-feira (10), na mesma semana em que a Rádio Nacional completa 90 anos. O PRK-30 fez parte da história da emissora pública que hoje pertence à Empresa Brasil de Comunicação ( EBC ), sendo um dos programas humorísticos mais emblemáticos da Era de Ouro do rádio brasileiro. A sessão oficial de lançamento será nesta quinta-feira (10), às 20h, na Estação Claro Rio, em Botafogo, no Rio de Janeiro. A exibição será seguida por debate e roda de convers a. Uma sessão antecipada foi realizada nessa terça-feira (8), às 18h30, na Sala Glauber Rocha da sede da Fundação Museu da Imagem e do Som (FMIS), na Praça XV. O diretor-geral da EBC , Thiago Regotto, celebra a estreia do documentário nos cinemas em meio às comemorações pelos 90 anos da Rádio Nacional . Ele conta bastidores da participação da EBC no projeto, desde os primeiros contatos com a equipe do filme até uma gravação realizada no Museu da Rádio Nacional , no Rio de Janeiro. “Quando o Eduardo Albergaria nos procurou para falar sobre a ideia do filme PRK-30 , eu disse que deveríamos fazer parte desse projeto, que conta um importante capítulo da história da Rádio Nacional . Começamos a pensar em como seria essa participação, no apoio necessário e no nosso desejo de também estar presentes no filme. Segundo Regotto, um dos momentos marcantes foi a gravação no Museu da Rádio Nacional, transmitida inclusive ao vivo pela emissora e que acabou se tornando uma cena do documentário. ""Ou seja, essa convergência não aconteceu por acaso e estamos muito felizes em celebrar o aniversário da Nacional com mais esse presente”. O PRK-30 foi um dos mais bem-sucedidos programas humorísticos da história do rádio brasileiro. A atração humorística, criada por Lauro Borges e Castro Barbosa, foi exibida inicialmente pela Rádio Mayrink Veiga, do Rio de Janeiro, e depois passou para a Rádio Nacional, em 1944, então a maior emissora do país. O PRK-30 simulava uma estação clandestina, identificada por um prefixo inexistente, satirizando atrações da época, como novelas, programas de auditório e transmissões esportivas. Chegou a superar 52% da audiência do mercado radiofônico do Rio de Janeiro, quando o programa era transmitido pela Rádio Nacional , à época instalada no Edifício A Noite, na Praça Mauá. “ PRK30 – O Rádio pelo Avesso ” resgata a história desse lendário programa humorístico. A obra também foi construída a partir do rolo de filme “Abacaxi Azul”, descoberto no acervo da Cinemateca Brasileira e que guardava o único registro em imagens do PRK-30 . Posteriormente restaurado, o material revelou trechos inéditos que agora podem ser apreciados pelo grande público. O documentário é uma produção da Urca Filmes, em coprodução com o Canal Brasil, a Globo Filmes e GloboNews, e produção associada com TV Brasil , Rádio MEC , Rádio Naciona l, 560 e 1001 Filmes.  A direção é de Eduardo Albergaria e a produção é de Leonardo Edde."	Agência Brasil	geral	False
https://agenciabrasil.ebc.com.br/geral/noticia/2026-09/publico-madruga-para-assistir-ao-desfile-na-esplanada-dos-ministerios	2026-09-07	Público madruga para assistir ao desfile na Esplanada dos Ministérios	Aposentada viajou mais de 15 horas para o evento	Quando o relógio despertou nesta madrugada, às 3h da manhã, a aposentada tocantinense Maria de Fátima Barbosa, de 71 anos, levantou imediatamente, tamanha era a ansiedade pelo desfile de 7 de Setembro, na Esplanada dos Ministérios, em Brasília. Ela está hospedada na casa de uma amiga no Recanto das Emas, a 30 quilômetros do centro da capital. No entanto, a viagem dela veio de muito mais longe. Moradora de Tocantinópolis, Maria de Fátima pegou uma van até Araguaína (TO) a mais de duas horas de distância de casa, madrugou na rodoviária para cedinho encarar mais mil quilômetros até a capital do país. Foram mais de 15 horas de viagem . Chegou no sábado (6) e descansou um pouco para assistir ao nascer do sol de dentro do ônibus. “Enquanto eu viver, eu venho para esse desfile”, afirmou, ansiosa também por ouvir as mensagens no desfile sobre o passado de escravização e opressão no Brasil Maria de Fátima morou em Brasília nos anos 1980 quando foi doméstica. Voltou para o Tocantins para recomeçar. Foi quebradeira de coco. Depois, continuou em empregos precários, inclusive catou latinhas para cumprir o sonho de comprar um sax para tocar. Conseguiu estudar e se formou no ano passado em licenciatura de educação no campo. “Vir para o desfile me faz lembrar o quanto eu sou brasileira. É muito lindo isso aqui”. Brasilienses que moram na periferia da capital também madrugaram para chegar cedo à Esplanada. Entre eles, o casal, Jorge Fernandes, de 55 anos, que é pintor de casa, e Adabel Daiane, de 42, dona de casa. Eles foram acordados por Maria Alice, de 8, que antes das 4h pediu para vir logo ao desfile. Pegaram um ônibus de Sobradinho 2. “Como era a primeira vez, nem dormi direito”. A mãe entende que é algo que ficará para a história. “Assim, a gente constrói memórias para ela. E de patriotismo.” O pai, que já foi soldado do Exército, diz que nunca deixou de vir. Outro ex-militar, Maurício Batista, de 33, colocou a bandeira do Brasil sobre a camisa, como faz a cada ano. “Eu fico emocionado mesmo.” Também estava sensibilizada a família do paratleta dos 100 metros rasos, Leonardo Carvalho, da Associação de Pais e Amigos dos Excepcionais (Apae), que deve desfilar nesta manhã. Preocupado com o horário, acordou antes das 4h da manhã. Ao chegar à rodoviária, viu a luz do amanhecer e correu. Não era novidade para quem redescobriu a vida em velocidade. “Faço 100 metros em menos de 12 segundos. Vou correr porque está chegando a hora”, disse à reportagem da Agência Brasil . A mãe, Maura, e toda a família que o acompanhava, sorriu com a pressa do rapaz. “Ele ama estar aqui e o esporte. Ele fica ansioso e a gente na torcida por tudo dar certo na vida dele”. O desfile ainda não tinha começado, mas eles já chamavam o momento de “inesquecível”.	Agência Brasil	geral	False
https://agenciabrasil.ebc.com.br/geral/noticia/2026-09/mega-sena-acumula-e-proximo-sorteio-tera-premio-de-r-70-milhoes	2026-09-06	Mega-Sena acumula e próximo sorteio terá prêmio de R$ 70 milhões	Confira os número sorteados no concurso 3054	O concurso 3054 da Mega-Sena, realizado nesta manhã (6) na sede da Caixa em São Paulo (SP), não teve nenhum acertador para o prêmio principal. Os números sorteados foram 08-17-24-43-47-58. Com a ausência de vencedores, o prêmio para o próximo concurso, que será sorteado na terça-feira (8), está estimado em R$ 70 milhões. Setenta e oito apostas fizeram a quina e levam R$ 30.145,38 de prêmio cada. Já as 5.268 apostas que venceram a quadra receberão R$ 735,73 cada. As apostas podem ser feitas em casas lotéricas credenciadas pela Caixa em todo o país ou pela internet. A aposta simples, com seis dezenas, custa R$ 6.	Agência Brasil	geral	False
https://agenciabrasil.ebc.com.br/geral/noticia/2026-09/sete-de-setembro-soberania-copa-e-combate-ao-feminicidio-serao-temas	2026-09-07	Sete de Setembro: soberania, Copa e combate ao feminicídio serão temas	Desfile na Esplanada dos Ministérios começa às 9h desta segunda-feira	Começa logo mais, às 9h, o desfile cívico-militar do Dia da Independência, na Esplanada dos Ministérios, no centro de Brasília. Para este ano, o governo federal definiu três eixos temáticos: a soberania nacional, o enfrentamento à violência contra as mulheres e a Copa do Mundo Feminina de 2027 . O desfile terá duração de duas horas e contará com a tradicional programação militar, com a participação de tropas do Exército, Marinha e Força Aérea. O presidente Luiz Inácio Lula da Silva e ministros de seu governo estarão presente. O combate à violência contra as mulheres tem sido um assunto recorrente neste ano. Em fevereiro, por exemplo, os Três Poderes lançaram um pacto nacional contra o feminicídio. O acordo reconhece que a violência contra as mulheres no país figura como uma crise estrutural que não pode ser enfrentada por ações isoladas. Este ano marcou a criação de leis pensadas para fortalecer a proteção às mulheres. Entre elas está a criação de um Cadastro Nacional de Pessoas Condenadas por Violência Contra a Mulher. O cadastro facilita a localização de criminosos foragidos. Isso previne crimes, reduz riscos de reincidência, inclusive quando os agressores mudarem de estado. A soberania nacional é outro tema que tem sido recorrente após as tarifas aplicadas pelos Estados Unidos aos produtos brasileiros exportados para lá. Mesmo após o Brasil argumentar que o país norte-americano tem superávit na relação entre ambos, as tarifas foram aplicadas. Clique aqui e confira a cobertura da Agência Brasil sobre o tarifaço . Mesmo sem deixar a mesa de negociação e reiterar sua boa relação com Donald Trump, Lula falou diversas vezes que os EUA não podem usar tarifas para interferir na política brasileira ou nos interesses do país. As críticas do governo daquele país ao PIX , sistema eletrônico e gratuito de pagamentos usado no Brasil, acenderam ainda mais o sentimento de proteção ao mercado nacional. O terceiro eixo temático será a Copa do Mundo feminina de futebol 2027, que será realizada no Brasil de 24 de junho a 25 de julho. O evento terá 64 jogos em oito municípios. A cidade que receberá mais partidas é São Paulo, com dez, seguida por Rio de Janeiro e Fortaleza (nove), Belo Horizonte (oito), Brasília, Salvador, Porto Alegre e Recife (sete). O anúncio da escolha do Brasil como sede ocorreu em maio de 2024, em um congresso da Fifa em Bangkok, na Tailândia. O Brasil obteve 119 votos e venceu a disputa com a aliança formada por Alemanha, Holanda e Bélgica, que conseguiu 78 votos. O público deverá acessar as arquibancadas pela via S1. Quem for de carro terá acesso à via S2. A via N2 será interditada para circulação de veículos a partir das 7h. A partir de 23h do domingo (6), as vias N1 e N2 estarão bloqueadas. De acordo com a Secretaria de Comunicação Social da Presidência da República, é proibido acessar a área do desfile com: O desfile cívico-militar tem encerramento previsto para as 11h. Confira as informações sobre o desfile no Repórter Brasil , da TV Brasil	Agência Brasil	geral	False
https://agenciabrasil.ebc.com.br/geral/noticia/2026-09/mega-sena-sorteia-premio-acumulado-de-r-48-milhoes-neste-domingo	2026-09-05	Mega-Sena sorteia prêmio acumulado de R$ 48 milhões neste domingo	Apostas podem ser feitas até às 22h de sábado	A Mega-Sena sorteia neste domingo (6) prêmio estimado em R$ 48 milhões. As seis dezenas do concurso 3.054 serão sorteadas a partir das 11h (horário de Brasília) no Espaço da Sorte, em São Paulo. As apostas podem ser feitas até às 22h (horário de Brasília) de sábado (5) em casas lotéricas credenciadas pela Caixa em todo o país ou pela internet . A aposta simples, com seis dezenas, custa R$ 6. No último concurso, foram sorteados os números  01 - 13 - 25 - 35 - 39 - 51 e nenhum apostador acertou as seis dezenas .	Agência Brasil	geral	False
https://agenciabrasil.ebc.com.br/geral/noticia/2026-09/incendio-atinge-pavilhao-de-frutas-no-ceagesp-nao-ha-vitimas	2026-09-06	Incêndio atinge pavilhão de frutas no Ceagesp; não há vítimas	Cerca de 300 boxes foram atingidos; feira de domingo está mantida	Um incêndio de grandes proporções que começou na noite de sábado (5) atingiu 320 boxes do pavilhão MFE-A, onde são comercializadas frutas na Companhia de Entrepostos e Armazéns Gerais de São Paulo (Ceagesp). O fogo começou por volta das 23h e foi combatido durante cerca de três horas e meia por 16 viaturas do corpo de bombeiros, além de funcionários do local. O incêndio foi considerado extinto no começo da manhã. Segundo a assessoria da Ceagesp, não houve vítimas. A companhia informou que o entreposto está aberto, incluindo o Varejão, feira que aos domingos. Somente as áreas próximas ao pavilhão afetado permanecem isoladas para o trabalho de rescaldo dos bombeiros e da perícia, que irá determinar as causas do incêndio. A área afetada armazenava frutas, principalmente melancias. De acordo com a Ceagesp, a extensão dos impactos deve ser conhecida ao longo da semana, assim como as alternativas para que os comerciantes voltem a atuar. Segundo a Defesa Civil foram constatados “danos generalizados, com estruturas metálicas retorcidas e comprometimento de todo o quarteirão composto por galpões”.	Agência Brasil	geral	False
https://agenciabrasil.ebc.com.br/geral/noticia/2026-09/golpe-do-sosia-usa-tecnologia-para-tentar-burlar-biometria	2026-09-06	Golpe do sósia usa tecnologia para tentar burlar biometria	Serasa identifica nova fraude baseada em semelhança facial	Uma nova estratégia de fraude de identidade usa tecnologia de comparação facial para encontrar pessoas com características físicas semelhantes às dos próprios criminosos. O método, chamado de “golpe do sósia”, foi identificado pela equipe de inteligência analítica da Serasa Experian e descrito na edição do Mapa da Fraude referente ao primeiro semestre de 2026. A tática explora sistemas de reconhecimento facial para tentar fazer com que o fraudador se passe por outra pessoa durante processos de validação de identidade, como cadastros e abertura de contas. Segundo a Serasa Experian, os criminosos utilizam ferramentas capazes de comparar o próprio rosto com imagens disponíveis em diferentes bases, inclusive aquelas obtidas de forma ilícita. Os chamados motores de comparação facial podem localizar identidades legítimas com elevado grau de semelhança física. A partir disso, o fraudador escolhe uma identidade que considere mais propensa a passar por uma validação biométrica. A estratégia muda a lógica tradicional desse tipo de crime: Em modalidades mais tradicionais, o fraudador parte dos dados de uma pessoa específica e procura maneiras de assumir sua identidade. Para Leandro Bartolassi, diretor de Autenticação e Prevenção à Fraude da Serasa Experian, a nova tática demonstra como os criminosos também podem explorar tecnologias desenvolvidas para aumentar a segurança. A empresa defende que o reconhecimento facial não seja utilizado como única camada de autenticação. A combinação com outros sinais pode ajudar a identificar inconsistências que não seriam detectadas apenas pela análise do rosto. Entre os mecanismos citados estão : Os dados do Mapa da Fraude apontam que as soluções antifraude da Serasa Experian identificaram e barraram 2,86 milhões de tentativas de fraude de identidade no primeiro semestre de 2026. O volume representa um crescimento de 32,9% em relação ao mesmo período de 2025. De acordo com a empresa, isso equivale a uma ocorrência de alto risco identificada a cada 5,5 segundos. As tentativas bloqueadas estavam associadas a um prejuízo estimado em R$ 3,77 bilhões que teria sido evitado no período. A Serasa Experian recomenda que consumidores adotem cuidados para reduzir o risco de exposição de documentos, fotografias e dados biométricos . Entre as principais orientações estão: Para as empresas, a recomendação é adotar uma estratégia de prevenção em camadas, evitando que uma única imagem ou informação seja suficiente para concluir um cadastro. A Serasa Experian orienta combinar diferentes mecanismos de segurança, como: A análise conjunta desses elementos pode ajudar a detectar situações em que o rosto apresenta alta similaridade, mas outros dados da operação indicam uma possível tentativa de fraude.	Agência Brasil	geral	False
https://agenciabrasil.ebc.com.br/geral/noticia/2026-09/veja-alteracoes-no-transito-de-brasilia-para-desfile-do-7-de-setembro	2026-09-05	Veja alterações no trânsito de Brasília para desfile do 7 de Setembro	Esplanada tem vias fechadas já neste sábado	Em razão do Desfile Cívico de 7 de Setembro , na próxima segunda-feira (7), em Brasília, o trânsito na capital federal já passa por alterações. Neste sábado (5), na Esplanada dos Ministérios , a partir das 16h, a ligação das vias S1/N1, próximo ao Museu da República , será fechada para demarcação dos locais destinados aos ambulantes. A partir das 23h, serão instaladas barreiras de concreto para fechamento das vias e demais sinalizações de desvios. Nessa sexta-feira (4), dois painéis de mensagens foram instalados no Eixo Monumental, perto da Torre de TV, para orientar os condutores sobre a suspensão do tráfego no fim de semana. Outro aviso foi colocado próximo à Rodoviária do Plano Piloto para informar que, neste domingo, o acesso será liberado apenas para ônibus. No domingo (6), o tráfego de veículos na Esplanada dos Ministérios será bloqueado a partir das 16h. A circulação de veículos nas vias S2, S3 será controlada, até o término do desfile e a total evacuação do local. Durante toda a segunda-feira, agentes de trânsito vão auxiliar nas travessias de pedestres que vão participar do desfile. O acesso de veículos e pedestres não autorizados à área do desfile pela via S2 será impedido, assim como o estacionamento em locais proibidos ou que prejudiquem a fluidez nas vias. De acordo com o governo do Distrito Federal, haverá patrulhamento nas vias S2, S3 e proximidades, com guincho e empilhadeira na chamada Cidade da Segurança, montada no Complexo do República e em outros pontos estratégicos da Esplanada, com equipe pronta a atender à necessidade de remoção de veículos. Ainda no domingo, das 9h às 17h, a Força Aérea Brasileira (FAB) promoverá o evento Brasília Air Show , na Base Aérea de Brasília. A expectativa é que 80 mil pessoas passem pelo local. Haverá demonstrações aéreas, exposição de aeronaves e atrações interativas, com foco em tecnologia e inovação. A finalidade é aproximar o o público do universo da aviação civil e militar. Um post compartilhado por Agência Brasil (@agencia.brasil) Com isso, a rotatória na quadra 14, conjunto 1, do Park Way, no sentido marginal da Estrada Parque Aeroporto, DF-047, será fechada. Também será fechada a alça de ligação da DF-025, que dá acesso à marginal da Estrada Parque Aeroporto. O local será sinalizado com cones, destinando duas faixas para o acesso à Base Aérea e duas para seguir em direção ao aeroporto.	Agência Brasil	geral	False
https://agenciabrasil.ebc.com.br/geral/noticia/2026-09/trens-e-metro-terao-operacao-especial-durante-o-rock-rio	2026-09-04	Trens e metrô terão operação especial durante o Rock in Rio	Esquema vai facilitar ida e retorno de passageiros para casa	Os trens urbanos do Rio e a concessionária MetrôRio vão funcionar 24 horas, com programação especial para facilitar a ida e o retorno para casa dos passageiros que vão participar da abertura do Rock in Rio, que tem início nesta sexta-feira (4). A Secretaria de Transporte e Mobilidade Urbana (Setram) orienta os passageiros que vão ao Rock in Rio a planejarem com antecedência seus deslocamentos. Durante os dias do festival, que será realizado, entre os dias 4 e 7 de setembro e, na segunda fase, de 11 a 13 deste mês Pela primeira vez, as estações Central do Brasil, Madureira e Deodoro ficarão abertas durante toda a madrugada, com viagens extras de hora em hora. A finalidade é facilitar a integração com o sistema do metrô (Central do Brasil) e BRT (Deodoro e Madureira) que atendem aos moradores e visitantes da cidade. Haverá oferta de trens extras para o retorno do evento, com partidas de Deodoro com destino à Central e da Central do Brasil com destino a Santa Cruz, Japeri, Saracuruna e Belford Roxo. As viagens serão realizadas de hora em hora durante a madrugada. O Tribunal de Justiça do Rio estará presente em todos os dias do Rock in Rio para garantir o acesso à Justiça e assegurar os direitos do público. A expectativa é de que cerca de 100 mil pessoas passem pela Cidade do Rock diariamente. O Juizado Especial do Torcedor e dos Grandes Eventos funcionará durante todo o festival, oferecendo atendimento ao público para situações como furto de celular, problemas relacionados a ingressos, conflitos com a organização do evento, questões de consumo e casos de violência. O posto de atendimento ficará instalado na Arena Carioca 1, junto aos demais órgãos públicos, e funcionará das 14h até o encerramento das atividades do dia. O espaço contará ainda com área de acolhimento destinada a vítimas de violência de gênero. Nos casos de prisão em flagrante, as audiências de custódia serão realizadas no próprio posto do juizado. A equipe contará diariamente com dois magistrados, um em cada turno, além de um juiz coordenador.	Agência Brasil	geral	False
https://agenciabrasil.ebc.com.br/geral/noticia/2026-09/bancos-nao-terao-atendimento-presencial-no-feriado-da-independencia	2026-09-04	Bancos não terão atendimento presencial no feriado da Independência	Pix funcionará 24 horas por dia	As agências bancárias estarão fechadas na próxima segunda-feira (7), feriado da Independência. De acordo com a Federação Brasileira de Bancos (Febraban), o atendimento presencial ao público segue normalmente na terça-feira (8) nas localidades onde não haja feriado estadual ou municipal ou ponto facultativo. A instituição esclarece que as operações financeiras podem ser realizadas com total segurança e conveniência pelos canais digitais dos bancos. Além disso, os clientes podem recorrer ao suporte por telefone e aos correspondentes bancários. As salas de autoatendimento poderão estar disponíveis em algumas localidades, a critério de cada instituição. As compensações bancárias não serão efetivadas durante o dia 7 de setembro, incluindo a TED. Já o PIX, que funciona 24 horas todos os dias úteis e feriados, poderá ser feito normalmente. Boletos de cobrança e contas de consumo - água, energia, telefone, entre outros - com vencimento no feriado poderão ser pagos, sem acréscimo, no próximo dia útil. Boletos bancários de clientes cadastrados como sacados eletrônicos podem ser pagos via Débito Direto Autorizado. “No caso dos tributos e impostos, caso vençam nos dias em que não há compensação bancária, é necessário que o pagamento seja antecipado, para evitar a incidência de juros e multa, lembrando que o sábado não é considerado dia útil e, por essa razão, não há liquidação financeira”, alertou a Febraban.	Agência Brasil	geral	False
https://agenciabrasil.ebc.com.br/geral/noticia/2026-09/sp-laudo-descarta-suicidio-e-diz-que-policial-gisele-foi-assassinada	2026-09-04	SP: laudo descarta suicídio e diz que policial Gisele foi assassinada	Réu por feminicídio, tenente-coronel Geraldo Neto segue detido	A hipótese de suicídio da soldado da Polícia Militar (PM) Gisele Alves Santana é incompatível com os elementos materiais analisados pela perícia, no âmbito da investigação do caso. As informações constam em laudo complementar do Instituto de Criminalística de São Paulo, assinado na última terça-feira (1º). “A avaliação do conjunto de padrões de manchas [de sangue] e demais elementos objetivos identificados no local contradizem a hipótese de evento suicida”, diz o documento. O laudo aponta ainda que houve intervenção de segunda pessoa na morte de Gisele, o que corrobora com a hipótese de que ela foi morta, e não cometeu suicídio. O tenente-coronel Geraldo Leite Rosa Neto é réu por feminicídio contra Gisele, sua então companheira, em fevereiro deste ano. “A hipótese de intervenção de segunda pessoa resistiu ao confronto com a totalidade dos elementos objetivos examinados, não tendo sido identificado elemento material que a contradissesse”, diz o laudo. Gisele foi encontrada com um tiro na cabeça, em 18 de fevereiro, no apartamento em que o casal morava. O tenente-coronel, que estava no local, chamou socorro e reportou o caso às autoridades como suicídio. Posteriormente, o registro foi alterado para morte suspeita. A família de Gisele contestou a versão de suicídio desde o início. O réu foi preso um mês após o crime, em 18 de março, na cidade de São José dos Campos (SP). Ele segue detido no Presídio Militar Romão Gomes, na capital paulista. Em entrevista à Agência Brasil , o advogado da família da vítima, José Miguel Silva Junior, disse que o resultado não é nenhuma surpresa e que os laudos anteriores já descartavam a hipótese de suicídio. “Desde o início, nós sempre trabalhamos com essa vertente [de feminicídio]. Os outros laudos, eles são patentes também de que a Gisele não cometeu suicídio. E a perita, ao ser ouvida, deixou claro, em viva voz, que a Gisele não teria condições de cometer suicídio”, disse Silva Junior. O advogado informou que uma nova audiência do caso ocorrerá na próxima terça-feira (8), quando o réu deverá ser interrogado. “A defesa do acusado insistiu em alguns pontos, fez alguns questionamentos, os quesitos foram devidamente respondidos, e [a resposta] só corrobora com tudo o que tem nos autos. Ou seja, a negativa do acusado [pelo assassinato de Gisele] está isolada nos autos.” Laudos necroscópicos feitos pelo Instituto Médico Legal (IML) no corpo de Gisele, ainda no início das investigações, já apontavam lesões contundentes na face e na região cervical. Tais lesões foram descritas como resultado de pressão digital e escoriação compatível com estigma ungueal, ou seja, causado por unha . Uma testemunha vizinha disse, em depoimento, que ouviu um disparo às 7h28 do dia da morte de Gisele. Às 7h57, Geraldo Neto acionou o Copom sobre a ocorrência. Houve um intervalo de quase meia hora para o pedido de socorro. O advogado mencionou ainda a foto da vítima com a arma na mão tirada pelos socorristas. Ele explicou que, na imagem, a vítima está com a arma na mão, o que seria incomum em casos de suicídio. Além disso, o advogado ressaltou que três mulheres policiais foram ao apartamento do casal para fazer uma limpeza horas após a ocorrência, o que já foi confirmado em seus depoimentos.	Agência Brasil	geral	False
https://agenciabrasil.ebc.com.br/geral/noticia/2026-09/bb-passa-usar-tecnologia-de-origem-verificada-em-ligacoes	2026-09-02	BB passa a usar tecnologia de origem verificada em ligações	Recurso identifica chamadas do banco e ajuda a combater fraudes	Os clientes do Banco do Brasil (BB) contam com um novo recurso de segurança para evitar falsas ligações telefônicas. O banco passou a utilizar a tecnologia de origem verificada para identificar chamadas telefônicas feitas pela instituição. O recurso, com validação da Agência Nacional de Telecomunicações (Anatel) e das operadoras, permite que clientes reconheçam, na tela do celular, que determinada ligação foi realmente originada pelo banco. A solução é aplicada às chamadas pelo número 4003-3001, usado por agências, escritórios de negócios, Serviço de Atendimento ao Consumidor (SAC), centrais de relacionamento e outras áreas de atendimento do BB. Desenvolvida pela Agência Nacional de Telecomunicações (Anatel), a tecnologia valida, em tempo real, a autenticidade dos números usados em ligações telefônicas. O sistema usa uma assinatura digital associada ao número do banco. Antes de a chamada chegar ao cliente, a operadora verifica essa assinatura. Quando a autenticação é concluída, o celular pode exibir uma identificação indicando que a ligação foi feita pelo Banco do Brasil. A iniciativa busca contribuir para o combate a fraudes telefônicas e às chamadas automatizadas indevidas, conhecidas como robocalls . O telefone continua sendo um dos principais canais de relacionamento entre o banco e seus clientes. Segundo o BB, em 2025 foram registradas, em média, 2,3 milhões de chamadas receptivas por mês , feitas por clientes ao banco. Além disso, o BB fez 1,5 milhão de chamadas ativas mensais a clientes. Durante os testes da tecnologia de origem verificada, a identificação das chamadas contribuiu para um aumento de aproximadamente 30% na taxa de atendimento. O recurso é gratuito e não exige a instalação de aplicativos. Para o funcionamento completo da tecnologia, o BB recomenda que o celular esteja conectado a uma rede 4G ou 5G . A forma como as informações aparecem na tela pode variar conforme o modelo do aparelho e a operadora utilizada pelo cliente. Apesar da identificação das chamadas, o banco reforça que os clientes devem permanecer atentos a possíveis tentativas de fraude. Durante ligações telefônicas, o Banco do Brasil não solicita: Em caso de dúvida sobre a autenticidade de uma ligação, a orientação é encerrar o contato e procurar os canais oficiais da instituição. O BB orienta os clientes a utilizarem os seguintes números para atendimento: O banco destaca ainda que o 4004-0001 é usado apenas para receber chamadas . Portanto, se esse número aparecer como originador de uma ligação, a recomendação é desconfiar e encerrar o contato.	Agência Brasil	geral	False
https://agenciabrasil.ebc.com.br/geral/noticia/2026-09/confira-dicas-para-acompanhar-o-desfile-de-7-de-setembro-em-brasilia	2026-09-06	Confira dicas para acompanhar o Desfile de 7 de Setembro em Brasília	Evento tem previsão de sol forte e público estimado em 30 mil pessoas	O tradicional desfile de 7 de Setembro na Esplanada dos Ministérios, nesta segunda-feira (7), terá um reforço na segurança com atuação de tropas especializadas em toda a região central de Brasília. No domingo (6), a partir das 16h o trânsito de veículos será interrompido de entre a Rodoviária do Plano Piloto e a Via L4. O acesso à Praça dos Três Poderes será restrito, e prédios públicos estarão protegidos por gradis. Equipes de emergência e combate a incêndios também atuarão no local. Neste ano são esperadas 30 mil pessoas para assistir o desfile. O início está previsto para 9h, com encerramento por volta das 11h. As arquibancadas serão abertas às 6h. O público terá cinco pontos de acesso à área do desfile, todos com linhas de revistas pessoais, que serão feitas por policiais militares. O acesso à Esplanada ocorre pela via S1 (lateral da Catedral) e escadarias dos ministérios – as duas primeiras no lado Sul (blocos A e C) e as duas primeiras do Norte (blocos J e M). Pessoas com deficiência terão acesso pelo túnel do Bloco J, que possui rampa de ligação com o espaço reservado entre o ministério e a Via N1. Quando a capacidade das arquibancadas for atingida, o público será orientado a permanecer nas áreas externas destinadas aos espectadores, com tendas e pontos de hidratação nos lados Norte e Sul da Esplanada. Diante da possibilidade de sol forte e temperaturas elevadas, a recomendação e de reforço na hidratação, além do uso de roupas leves, protetor solar, bonés ou chapéus. Vale lembra que não é permitido acessar a Esplanada com garrafas de vidro, latas, copos, coolers e isopores. A sugestão dos organizadores é o uso de garrafas de plástico individuais para hidratação. Também são proibidos o porte de fogos de artifício, sprays e aerossóis, armas de fogo, inclusive de brinquedo, objetos pontiagudos, apontadores a laser , máscaras de qualquer tipo, exceto de proteção facial, hastes de bandeiras e outros materiais que coloquem em risco a segurança do público presente. Bolsas e mochilas deverão ter até 100 centímetros na soma das dimensões (altura, largura e profundidade). Motociclistas devem ficar atentos: capacetes não poderão entrar na área do desfile. A orientação é providenciar previamente uma forma segura de mantê-los junto ao veículo. Também é importante ressaltar que somente drones autorizados poderão acessar o espaço aéreo do local do desfile. Animais em geral também não são permitidos, exceto cães-guia. Uma estrutura, batizada de Cidade Policial será montada ao lado do Museu da República. O local servirá como ponto de apoio aos agentes de segurança, com os comandos móveis das corporações. Imagens de drones e de câmeras vão contribuir com o policiamento. Na Cidade Policial será possível fazer o registro de ocorrências e bloqueio de celulares eventualmente perdidos, roubados ou furtados, por meio do programa Fora da Rede. Ao lado da Cidade Policial será instalada uma área específica para acolhimento de pessoas perdidas. Em caso de criança, adolescente, pessoa idosa ou qualquer outra pessoa perdida, a orientação é procurar imediatamente uma equipe uniformizada ou dirigir-se ao ponto de acolhimento. O sistema de transporte público da capital será reforçado e funcionará da seguinte forma: Metrô DF está funcionando em escala de feriado, das 5h30 às 19h. Os ônibus seguirão o esquema do programa Vai de Graça, que funciona aos domingos e feriados, com gratuidade para o uso do transporte público em todo o Distrito Federal. Para garantir o atendimento, 134 ônibus extras reforçarão a frota, em direção à área central da capital. As viagens extras serão acionadas conforme o aumento da demanda, a partir das 6h, no sentido Plano Piloto, e a partir das 13h, para o retorno da população. Para quem optar por transporte por aplicativos, o desembarque é na plataforma superior da Rodoviária do Plano Piloto. Já para os táxis, o ponto é o estacionamento do Sesi Lab, ao lado da rodoviária. “Quem optar pelo veículo particular poderá utilizar, conforme a disponibilidade de vagas, os estacionamentos dos anexos dos ministérios nos lados sul e norte e o estacionamento do SESI Lab. As vagas não serão reservadas e poderão ser ocupadas rapidamente. A recomendação, também neste caso, é chegar cedo”, informou o Governo do Distrito Federal (GDF). Neste do Dia da Independência, o Zoológico de Brasília e as unidades de conservação do Instituto Brasília Ambiental — cada uma com seu respectivo horário — funcionam normalmente. O Zoológico estará aberto das 8h30 às 17h, com entrada gratuita (permitida até as 16h), enquanto os parques abrem às 5h30 e, em algumas unidades, vão até as 22h. O Museu de Arte de Brasília (MAB) e os complexos culturais de Samambaia e de Planaltina estarão abertos, com atividades como exposições, espetáculos, aulas de dança e de teatro entre as 8h e as 22h, a depender do espaço. Os restaurantes comunitários também funcionarão normalmente para café, almoço e jantar, com exceção da unidade Ceilândia, DJ Jamaika, que não abre aos feriados e pontos facultativos. Ou seja, estarão abetos os restaurantes comunitários de Arniqueira, Brazlândia, Ceilândia Norte, Estrutural, Gama, Itapoã, Santa Maria, Recanto das Emas, Riacho Fundo II, São Sebastião, Sol Nascente/Pôr do Sol, Samambaia, Samambaia Expansão, Sobradinho, Varjão, Paranoá e Planaltina. O Jardim Botânico de Brasília estará fechado para manutenção, como já ocorre às segundas-feiras. Além disso, a Biblioteca Nacional de Brasília e o Museu Nacional da República, assim como as agências bancárias , estarão fechados.	Agência Brasil	geral	False
https://agenciabrasil.ebc.com.br/geral/noticia/2026-09/estado-e-governo-federal-se-unem-para-retomar-territorios-no-rio	2026-09-04	Estado e governo federal se unem para retomar territórios no Rio	Ações também protegerão Linha Vermelha, Amarela e acesso a aeroportos	Dois acordos de cooperação técnica assinados entre o Ministério da Justiça e Segurança Pública e o governo do estado do Rio pretendem fortalecer a presença do Estado em áreas sob influência de organizações criminosas, com a retomada de territórios, além da proteção de corredores logísticos – Avenida Brasil, Linha Vermelha, Amarela e acessos a aeroportos. Os documentos foram assinados nessa quinta-feira (3) pelo governador em exercício, desembargador Ricardo Couto, e pelo ministro da Justiça e Segurança Pública, Wellington César Lima e Silva. A parceria inclui compartilhamento de informações, apoio operacional e integração de tecnologias, voltadas ao enfraquecimento das estruturas financeiras e patrimoniais utilizadas pelo crime organizado, de acordo com o desembargador Ricardo Couto. “A parceria entre o Estado e a União amplia nossa capacidade de atuação, com mais inteligência, tecnologia e integração, para fortalecer a presença do Poder Público onde a população mais precisa.” A cooperação poderá envolver estruturas especializadas da Força Nacional de Segurança Pública, Polícia Federal, Polícia Rodoviária Federal e Polícia Penal Federal. Segundo o ministro da Justiça e Segurança Pública, Wellington César Lima e Silva, está prevista ainda a integração entre os sistemas penitenciários federal e estadual, com protocolos voltados ao isolamento de lideranças criminosas e à interrupção da comunicação entre integrantes presos e organizações que atuam nos territórios. “Essa é uma cooperação federativa no sentido pleno: o estado define suas prioridades territoriais, e a União coloca à disposição suas capacidades operacionais, de inteligência e de investigação patrimonial.” O combate às estruturas econômicas usadas por organizações criminosas contará com articulação de instituições como Receita Federal, Conselho de Controle de Atividades Financeiras (Coaf), Banco Central e agências reguladoras para identificar, bloquear e recuperar ativos ligados ao crime organizado. A atuação integrada também reforçará a segurança nos principais corredores logísticos do estado, como a Avenida Brasil, a Linha Vermelha, a Linha Amarela e os acessos ao Porto do Rio de Janeiro e ao Aeroporto Internacional Tom Jobim. A estratégia estabelece o uso de tecnologias como cercamento eletrônico, leitores automáticos de placas, drones e centros integrados de comando e controle. O foco é reduzir roubos de cargas e veículos, além de fortalecer as investigações sobre organizações criminosas que atuam nessas regiões.	Agência Brasil	geral	False
https://agenciabrasil.ebc.com.br/geral/noticia/2026-09/fila-de-espera-por-atendimento-do-INSS-e-zerada-em-agosto	2026-09-03	Fila de espera por atendimento do INSS é zerada em agosto	Tempo médio de espera caiu para 34 dias	O ministro da Previdência Social, Wolney Queiroz, anunciou, nesta quinta-feira (3), que a fila de atendimentos do Instituto Nacional do Seguro Social (INSS) foi zerada . A marca foi atingida no mês passado. O anúncio foi feito no Palácio do Planalto, com a presença do presidente Luiz Inácio Lula da Silva. De acordo com o ministério, desde fevereiro até agosto, o número de pedidos aguardando atendimento foi caindo gradativamente. Em fevereiro, eram 3,12 milhões de pessoas na fila, ao mesmo tempo que 1,17 milhão de pessoas abriram novos pedidos naquele mês. O número de pessoas na fila foi caindo até chegar a 1,547 milhão, em julho. Em agosto, o número de novos pedidos superou o número de pessoas na fila. “Quando isso acontece, não temos uma fila. Temos um fluxo de atendimento. Deixou de existir uma fila para existir atendimento. Estamos numa situação parecida com uma loja que tem 12 vendedores e entram 8 clientes. Estamos com folga no atendimento por maior que seja a demanda”, explicou Queiroz. O Ministério da Previdência esclareceu que as causas do maior fluxo no atendimento e na redução na espera pelo resultado da perícia passam pela nomeação de novos servidores por concurso público, pelas 865 agências funcionando com recursos de telemedicina e a adoção de perícia médica documental. Nesse tipo de perícia, não é necessária a ida da pessoa a uma agência do INSS, apenas o envio de documentação comprobatória. O ministério também atribui os números alcançados à adoção de mutirões em fins de semana e pagamento de bônus para servidores com tarefas concluídas acima de suas metas. “Esse plano de gerenciamento de benefícios foi responsável por, somente em 2026, 2 milhões de atendimentos a mais”, disse o ministro. O INSS recebe, atualmente, cerca de 1,3 milhão de pedidos por mês. São 43 mil pedidos por dia. “É com esse gigante que lidamos”, destacou Wolney Queiroz. “O que a gente quer é humanizar a fila. É a pessoa ter o tempo correto de dar entrada, esperar e receber o seu benefício”, disse o presidente Luiz Inácio Lula da Silva. Além da redução da fila, houve redução no tempo de espera por uma decisão a respeito da perícia. O prazo definido por lei para uma decisão é de 45 dias, e o tempo médio atingido pelo instituto é de 34 dias. No entanto, ainda existe, segundo o ministro Wolney Queiroz e o secretário-executivo da pasta, Felipe Cavalcante, um grupo de 224 mil pessoas aguardando o resultado de perícias por um prazo maior do que 45 dias. São casos específicos e pedidos especiais, destacaram o ministro e o secretário. Entre esses pedidos estão o de benefícios de prestação continuada (BPC) e aposentadorias.	Agência Brasil	geral	False
https://agenciabrasil.ebc.com.br/geral/noticia/2026-09/mega-sena-acumula-para-r-48-milhoes-confira-os-numeros-sorteados	2026-09-03	Mega-Sena acumula para R$ 48 milhões; confira os números sorteados	Números sorteados são: 01 - 13 - 25 - 35 - 39 - 51	Nenhum apostador acertou as seis dezenas do Concurso 3.053 da Mega-Sena, realizado nesta quinta-feira (3). O prêmio acumulou e está estimado em R$ 48 milhões para o próximo sorteio. Os números sorteados são: 01 - 13 - 25 - 35 - 39 - 51 O próximo concurso acontece domingo (6), às 11h. As apostas podem ser feitas até as 22h (horário de Brasília) de sábado (5), em qualquer lotérica do país ou pela internet, no site ou aplicativo da Caixa. A aposta simples, com seis dezenas, custa R$ 6.	Agência Brasil	geral	False
https://agenciabrasil.ebc.com.br/geral/noticia/2026-09/em-5-anos-furto-de-fios-de-cobre-no-rio-deu-prejuizo-de-r-69-milhoes	2026-09-03	Em 5 anos, furto de fios de cobre no Rio deu prejuízo de R$ 69 milhões	Ação no Rio, com foco em ferros-velhos, busca reduzir roubos	Operação conjunta das Forças de Segurança e a Prefeitura Municipal do Rio de Janeiro, com foco em ferros-velhos, busca reduzir furtos de fios de cobre na cidade, que provocaram prejuízo superior a R$ 69 milhões aos cofres públicos municipais nos últimos cinco anos - entre 2021 e 2025. A primeira ação operacional do Núcleo Integrado de Combate a Furtos e Receptação de Cabos e fiação de cobre foi realizada nessa quarta-feira (2). A Companhia de Engenharia de Tráfego (CET-Rio), responsável pela instalação dos sinais de trânsito na cidade, registrou furto de quase 500 quilômetros (km) de cabos de semáforo no Rio, gerando prejuízo de R$ 27 milhões. A RioLuz, responsável pela iluminação pública, teve prejuízo de R$ 42 milhões, com mais de 1,8 km de cabos de cobre furtados da rede elétrica. Os agentes públicos estiveram na Rua Alzira Valdetaro, no bairro do Sampaio, zona norte, onde dois ferros-velhos foram desapropriados e terão a área usada no planejamento urbano para a instalação de políticas públicas mais eficientes, com foco na regularização ambiental e urbanística. A ação visa reduzir o furto de equipamentos, como material de cobre usado nos sinais de trânsito, placas de sinalização e fiação da iluminação e da rede elétrica, que provoca vários transtornos na capital. “O combate também foca no receptador, para desestruturar essa cadeia logística criminosa”, disse o secretário municipal de Ordem Pública, Marcus Belchior. Os agentes também atuaram na Avenida Marechal Rondon, sob o Viaduto Armando Coelho de Freitas, no mesmo bairro, onde foi feita a demolição de uma estrutura que vinha sendo utilizada ilegalmente como ferro-velho. “A região do Grande Méier vem sofrendo com o furto de cabos, problema que afeta não só o trânsito, mas toda a população. Não há manutenção que dê jeito nisso enquanto ferros-velhos clandestinos estiverem abertos para receptação ilegal. Segundo o subprefeito da zona norte, Douglas Araújo, essa rede criminosa causa prejuízo de milhões aos cofres públicos anualmente”.	Agência Brasil	geral	False
https://agenciabrasil.ebc.com.br/geral/noticia/2026-09/mega-sena-sorteia-premio-acumulado-de-r-41-milhoes-nesta-quinta	2026-09-03	Mega-Sena sorteia prêmio acumulado de R$ 41 milhões nesta quinta	Apostas podem ser feitas até às 20h	A Mega-Sena sorteia nesta quinta-feira (3) prêmio estimado em R$ 41 milhões . As seis dezenas do concurso 3.053 serão sorteadas a partir das 21h (horário de Brasília) no Espaço da Sorte, em São Paulo. As apostas podem ser feitas até às 20h (horário de Brasília) de hoje em casas lotéricas credenciadas pela Caixa em todo o país ou pela internet, no site ou aplicativo da Caixa. A aposta simples, com seis dezenas, custa R$ 6. No último concurso, foram sorteados os números  16 - 30 - 40 - 47 - 48 - 60 e nenhum apostador acertou as seis dezenas .	Agência Brasil	geral	False
https://agenciabrasil.ebc.com.br/geral/noticia/2026-08/hoje-e-dia-datas-fatos-e-feriados-de-setembro-de-2026	2026-09-01	Hoje é Dia: datas, fatos e feriados de setembro de 2026	Independência do Brasil, proteção de mulheres e crianças são destaques	"Neste mês de setembro, o Hoje é Dia destaca as duas maiores campanhas de conscientização do mês. A primeira é o Setembro Amarelo , mobilização de prevenção ao suicídio, que está entre as três principais causas de morte em indivíduos de 15 a 44 anos. Em 2025, o programa Tarde Nacional , da Rádio Nacional , destacou como a campanha promove o aumento na procura por serviços de saúde mental e maior disposição para buscar ajuda. Na TV Brasil , o Sem Censura falou sobre, em 2024, o trabalho do Centro de Valorização da Vida (CVV), serviço gratuito disponível pelo telefone 188. Já a Agência Brasil trouxe uma abordagem diferente em reportagem no mesmo ano: a relação entre dependência da internet e ideação suicida. A outra campanha do mês é o Setembro Verde , que visa conscientizar sobre a importância de promover a inclusão de pessoas com deficiência. A data tem seu ápice no dia 21 de setembro, Dia Nacional de Luta da Pessoa com Deficiência . No Brasil, são mais de 14 milhões de habitantes com essa condição, número que corresponde a 7,3% da população com dois anos ou mais de idade, segundo dados do IBGE. A Radioagência Nacional abordou a necessidade de inclusão em reportagem do ano passado. Já a Agência Brasil denunciou, em 2023, que apenas uma em cada quatro pessoas com deficiência no Brasil completa o ensino básico. A data mais lembrada deste mês é o 7 de Setembro, Dia da Independência . Os veículos da Empresa Brasil de Comunicação ( EBC ) sempre preparam uma cobertura especial para a data. Nesta reportagem de 2022, ano do Bicentenário da Independência, a Radioagência Nacional explicou como a data foi escolhida. A TV Brasil também aproveitou a ocasião dos 200 anos para exibir a série especial Momentos da Independência . E, no ano seguinte, a Agência Brasil destacou como o 7 de Setembro é um momento para refletir sobre a história do país, desde que o Brasil declarou sua separação de Portugal, em 1822. Em 27 de setembro temos o Dia Nacional de Doação de Órgãos . O programa Revista Brasil , da Rádio Nacional , falou sobre a demanda crescente de órgãos e tecidos para as filas de transplantes, em edição de 2020. A TV Brasil falou sobre a importância de avisar a família sobre o desejo de ser um doador, em edição de 2021 do Repórter Brasil . O mês também traz efemérides que fortalecem a defesa dos direitos da população feminina. No dia 3 de setembro de 1981 entrou em vigor a Convenção Sobre a Eliminação de Todas as Formas de Discriminação Contra as Mulheres (em inglês, Convention on the Elimination of All Forms of Discrimination Against Women, CEDAW), tratado internacional aprovado pela Assembleia Geral das Nações Unidas (ONU). No Brasil, neste ano o Senado aprovou um projeto de lei que criminaliza a misoginia, incorporando-a aos delitos combatidos pela Lei do Racismo . O Caminhos da Reportagem , exibido pela TV Brasil em março deste ano, aprofundou o tema, analisando como o ódio às mulheres adquiriu novas roupagens com as redes sociais e a inteligência artificial. Em 23 de setembro temos o Dia Internacional contra a Exploração Sexual e o Tráfico de Mulheres, Meninas e Meninos , data instituída em 1999 na Conferência Mundial da Coalizão contra o Tráfico de Mulheres ou Crianças, realizada em Bangladesh. O Revista Brasil , da Rádio Nacional , entrevistou em 2021 um professor de Direito sobre os desafios para combater esses crimes. Em 2018 o Repórter Brasil , da TV Brasil , destacou que 70% das vítimas de tráfico humano são mulheres. E, em 2019, o mesmo programa falou sobre como o tráfico de pessoas sustenta um esquema internacional criminoso de prostituição . O Estatuto da Criança e do Adolescente Digital (ECA Digital) completa um ano este mês. A lei foi sancionada em 17 de setembro de 2025 e entrou em vigor em março deste ano. O ECA Digital foi criado para coibir e endurecer as punições contra violações dos direitos do público infanto-juvenil nos meios digitais, como as redes sociais, sites na internet, aplicativos, jogos eletrônicos, serviços de vídeo e lojas virtuais de produtos e serviços voltados a este público ou que podem ser acessados por ele. A nova lei foi explicada ponto a ponto em reportagens da Agência Brasil , da Rádio Nacional , e neste capítulo do podcast Ajudante Digital , da Radioagência Nacional . O tema também foi tratado com profundidade em entrevista no programa Sem Censura , da TV Brasil . Em 12 de setembro a Rádio Nacional completa 90 anos de existência. Fundada em 1936 como uma emissora privada pertencente à Sociedade Rádio Nacional, ela passou a integrar os bens da União em 1940. Quando começou a transmitir em ondas curtas, em 1942, se tornou uma das cinco mais potentes emissoras do mundo, com antenas dirigidas para todo o país e também para Estados Unidos, Ásia e Europa. Ao longo de suas nove décadas, influenciou a identidade cultural brasileira e difundiu conteúdo para informar a população sobre seus direitos e promover a cidadania: Hoje, como veículo integrante da EBC, são sete emissoras sob a mesma marca: Para celebrar os 90 anos, a Rádio Nacional resgata sua trajetória com uma série de audiodocumentários com 90 episódios diários, com cerca de seis minutos cada. O projeto reúne momentos emblemáticos, personagens marcantes, arquivos raros de acervo e outras curiosidades pouco conhecidas do público. Clique aqui e confira esse conteúdo especial . Ainda falando sobre os produtos da EBC, no dia 14 de setembro o Viva Maria , veiculado pela Rádio Nacional de Brasília e Nacional da Amazônia, completa 45 anos no ar. Criado em 1981, o programa até hoje se constitui como espaço de expressão dos direitos civis, políticos e sociais das mulheres. Com produção e apresentação da jornalista Mara Régia, o Viva Maria é referência no rádio brasileiro pelo seu pioneirismo e como instrumento de transformação na vida de milhares de brasileiras. Ouça aqui as edições do programa . A comemoração do aniversário de 45 anos do programa contará com uma série especial produzida pela Rádio Nacional. Entre 1º e 14 de setembro, serão exibidos 14 capítulos que vão revisitar a trajetória do Viva Maria, por meio de entrevistas, personagens, músicas, acontecimentos e registros preservados no acervo histórico do programa. Saiba mais clicando aqui . O Dia Internacional do Podcast é comemorado em 30 de setembro. A data foi criada em 2014 pelo americano Steve Lee, para celebrar o formato de áudio digital que atrai milhões de ouvintes globalmente. A comemoração conta com transmissões e participação de podcasters de todo o mundo. Para celebrar a data, fazemos aqui o convite para conferir os podcasts da Rádio Nacional e da Radioagência Nacional . Finalizando esta edição do Hoje é Dia com cultura, no dia 5 de setembro o cantor, pianista e compositor britânico Freddie Mercury completaria 80 anos se estivesse vivo. Conhecido como uma das vozes mais poderosas do pop rock, o fundador da banda britânica Queen nasceu em Zanzibar, atual Tanzânia, em 1946, sob o nome de Farrokh Bulsara. Desde que criou a icônica banda em 1971, ao lado de Brian May, Roger Taylor e John Deacon, por 20 anos eles fizeram sucesso e surpreenderam os críticos com um rock progressivo, cheio de nuances e experiências. Clássicos como “Bohemian Rhapsody”, “We Will Rock You”, e “I Want to Break Free” embalam gerações até hoje. Infelizmente, Freddie perdeu a batalha contra o vírus da Aids em 1991, com apenas 45 anos de idade. Sua morte foi lembrada nesta edição de 2017 do História Hoje , da Rádio Nacional , e nesta reportagem de 2021 da Agência Brasil . O Momento Três , da Rádio Nacional , o homenageou em 2017, e o Fique Ligado , da TV Brasil , falou sobre sua extraordinária capacidade vocal, em edição exibida em 2020. Olympe de Gouges escreve a Declaração dos Direitos da Mulher e da Cidadã durante a Revolução Francesa (235 anos) Setembro Verde - Campanha de inclusão das pessoas com deficiência e de promoção da doação de órgãos Setembro Amarelo - Campanha de promoção do debate sobre a prevenção ao suicídio Primeiros casos de intoxicação por metanol no estado de São Paulo registrados no Sistema de Alerta Rápido do Ministério da Justiça Criação do Projeto Minerva (56 anos) Lançamento do programa esportivo ""No mundo da bola"", na Rádio Nacional do Rio de Janeiro (79 anos) Inauguração da Rádio Nacional da Amazônia (49 anos) Nascimento da pintora paulista Tarsila do Amaral (140 anos) - considerada uma das principais artistas modernistas da América Latina Dia do Profissional de Educação Física Inauguração da linha de bondes em Santa Teresa (130 anos) Morte do jornalista ítalo-brasileiro Mino Carta Nascimento do letrista, compositor e cronista fluminense Aldir Blanc (80 anos) Nascimento da cantora e atriz fluminense Edyr de Castro (80 anos) - fez parte do grupo musical As Frenéticas Dia do Repórter Fotográfico - comemoração extraoficial, que aparece listada em vários calendários brasileiros de datas festivas, e que conta com o apoio de várias entidades representativas da categoria, como por exemplo, a Associação Profissional dos Repórteres Fotográficos e Cinematográficos do Estado do Rio de Janeiro Fundação do Museu de Arte Contemporânea de Niterói (30 anos) Morte do cineasta italiano naturalizado estadunidense Francesco Rosario Capra, o Frank Capra (35 anos) - tido como um dos mais importantes cineastas de sua geracão, presidente da Academia de Artes e Ciências Cinematográficas entre 1935 a 1939 Entra em vigor a Convenção Sobre a Eliminação de Todas as Formas de Discriminação Contra as Mulheres (em inglês: Convention on the Elimination of All Forms of Discrimination Against Women, CEDAW) (45 anos) - tratado internacional aprovado pela Assembleia Geral das Nações Unidas (ONU), tida como uma declaração de direitos das mulheres Leilão de Concessão do Túnel Santos-Guarujá Nascimento do compositor, pianista e diretor musical argentino Ariel Ramírez (105 anos) Nascimento da filósofa e educadora paulista Marilena Chauí (85 anos) Papa Francisco canoniza Madre Teresa de Calcutá, que passa a ser chamada Santa Teresa de Calcutá (10 anos) Morte do cineasta fluminense Silvio Tendler Nascimento do ator, compositor, roteirista, comediante e apresentador fluminense Marcelo Adnet (45 anos) Nascimento do cantor, pianista e compositor britânico Freddie Mercury (80 anos) - fundador da banda britânica Queen Nascimento do músico, maestro e professor brasileiro de origem polonesa Saul Herz Morelenbaum, o Henrique Morelenbaum (95 anos) Dia Internacional da Caridade - data reconhecida pela ONU Dia Internacional da Mulher Indígena - comemoração instituída durante o ""2º Encontro de Organizações e Movimentos da América"" que referendou decisão do ""Congresso Camponês da Bolívia"" de 1978, para marcar a data da morte da guerreira aymara e opositora do regime colonial espanhol Bartolina Sisa Maturana; juntamente com sua cunhada e também heroína aymara, Gregoria Apaza, que foi enforcada e esquartejada por colonizadores espanhóis em 5 de setembro de 1782 Dia da Amazônia Estreia do programa ""Música para a Juventude"", na Rádio MEC (85 anos) - série de palestras com ilustrações musicais interpretadas pelo pianista J. Octaviano. A partir da década de 1950, se tornou uma produção de grande porte, com audições semanais que contavam com solistas de renome e regentes famosos, e tinha como um de seus grandes motores os ensaios da Orquestra Sinfônica Brasileira (OSB), sob a direção do maestro Eleazar de Carvalho Dia da Independência do Brasil A Rádio Sociedade (atual Rádio MEC) entrou no ar (103 anos) A Rádio Sociedade, doada ao Ministério da Educação e Saúde Pública, passou a se chamar Rádio Ministério da Educação (90 anos) Nascimento da ciclista catarinense Squel Stein (35 anos) - um dos maiores nomes do ciclismo BMX feminino Nascimento do cantor e compositor paulistano Maurício Alberto Kaiserman, o Morris Albert (75 anos) Nascimento do guitarrista, cantor e compositor estadunidense Charles Hardin Holley, o Buddy Holly (90 anos) Toma posse o presidente brasileiro João Goulart e inicia-se um curto período parlamentarista no país (65 anos) Inauguração do Panteão da Pátria (40 anos) Morte da cantora fluminense Angela Ro Ro Nascimento do compositor alagoano Airton Amorim (105 anos) Nascimento da cantora e compositora fluminense Fernanda Abreu (65 anos) Dia Mundial da Alfabetização - data reconhecida pela ONU Dia da Festa de Nossa Senhora da Penha, padroeira da cidade de São Paulo Fundação da cidade de Vitória, capital do Espírito Santo (475 anos) - os portugueses venceram uma batalha contra os índios Goitacazes e, entusiasmados pela vitória, passaram a chamar o local de Ilha de Vitória Início dos protestos no Nepal que posteriormente derrubariam o governo, em 13 de setembro Morte da pianista fluminense Magdalena Tagliaferro (40 anos) Morte do pintor francês Henri de Toulouse-Lautrec (125 anos) - revolucionou o design gráfico dos cartazes publicitários, ajudando a definir o estilo que seria posteriormente conhecido como Art Nouveau Morte do político e estadista chinês Mao Tsé-Tung (50 anos) John Lennon lança o álbum Imagine, como um tributo à paz (55 anos) Dia do Administrador Nascimento do ex-tenista catarinense Gustavo Kuerten (50 anos) Dia Mundial de Prevenção ao Suicídio - comemoração por iniciativa da Associação Internacional para a Prevenção do Suicídio, em parceria com a Organização Mundial da Saúde (OMS), que conta com o apoio de organizações de prevenção ao comportamento suicida em todo o mundo Condenação de Jair Bolsonaro na primeira turma do STF por 4 votos a 1 Nascimento do cronista e jornalista gaúcho Tarso de Castro (85 anos) - fundador da revista O Pasquim Comissão Especial dos Mortos e Desaparecidos responsabiliza o governo brasileiro pelas mortes dos guerrilheiros comunistas Carlos Lamarca, Carlos Marighella e José Campos Barreto e determina uma indenização às suas famílias (30 anos) Inaugurado o Memorial e Museu Nacional do 11 de Setembro no 10.º aniversário dos Ataques de 11 de Setembro (15 anos) - é um memorial e um museu no local onde ficavam as torres do World Trade Center em Nova Iorque, Estados Unidos, destruídas nos ataques de 11 de setembro de 2001 Ataque às Torres Gêmeas do complexo empresarial do World Trade Center, na cidade de Nova Iorque (25 anos) - atentado conhecido como ""Ataques de 11 de setembro de 2001"" (ou ""9/11""), quando dois aviões colidiram em ataques suicidas contra as torres do World Trade Center; um terceiro avião colidiu contra o Pentágono, a sede do Departamento de Defesa dos Estados Unidos; e a quarta aeronave caiu em um campo aberto próximo de Shanksville, na Pensilvânia. Todos os ataques foram coordenados pela organização fundamentalista islâmica al-Qaeda Dia Nacional do Cerrado Criação da Fercal, Região Administrativa do Distrito Federal (70 anos) Inauguração da Rádio Nacional do Rio de Janeiro (90 anos) Nascimento do poeta paulista Álvares de Azevedo (195 anos) Morte do regente cearense Eleazar de Carvalho (30 anos) Nascimento do músico paulista Roger Moreira (70 anos) - principal idealizador, compositor, guitarrista e vocalista da banda de rock Ultraje a Rigor Morte do político gaúcho e ex-presidente do Brasil Ernesto Geisel (30 anos) - foi um político e militar brasileiro, que entre 1974 e 1979 foi o 29º Presidente do Brasil, sendo o quarto na ditadura militar brasileira Inauguração do Memorial JK (45 anos) Inauguração do Theatro Municipal de São Paulo (115 anos) Morte do músico alagoano Hermeto Pascoal Instituição do Fundo de Garantia do Tempo de Serviço, o FGTS (60 anos) Dia Nacional de Luta dos Acidentados por Fontes Radioativas - comemoração instituída pela Lei nº 12.646, de 16 de maio de 2012. Tem por fim marcar a data do início do acidente radiológico de Goiânia, ocorrido a partir de 13 de setembro de 1987 Entra no ar o programa Viva Maria, pela Rádio Nacional de Brasília e Rádio Nacional da Amazônia (45 anos) Nascimento do frade franciscano, cardeal e escritor catarinense Dom Frei Paulo Evaristo Arns (105 anos) Morte do cantor, compositor e instrumentista gaúcho Mateus Nunes, o Caco Velho (55 anos) - o apelido Caco Velho foi-lhe dado por sempre cantar a canção ""Caco Velho"", de Ary Barroso em suas apresentações Nascimento do jogador e treinador de futebol fluminense Tomás Soares da Silva, o Zizinho (105 anos) - foi eleito o melhor jogador da Copa do Mundo FIFA de 1950 e é o ídolo de Pelé. Em 1999 foi eleito o quarto maior jogador brasileiro de todos os tempos pela IFFHS Nascimento do cantor e compositor paranaense Arrigo Barnabé (75 anos) - expoente da Vanguarda Paulistana Dia Latino-Americano e Caribenho da Imagem da Mulher nos Meios de Comunicação - data consagrada em homenagem ao programa Viva Maria. A apresentadora Mara Régia é uma das brasileiras fundadoras da Rede de Jornalistas com Visão de Gênero das Américas, criada em 2016 Dia Internacional da Democracia - data reconhecida pela ONU Registro da romaria dos carros de boi da festa do Divino Pai Eterno de Trindade, em Goiás, como patrimônio imaterial brasileiro (10 anos) Registro da Ciranda do Nordeste, em Alagoas, Paraíba e Pernambuco, como patrimônio imaterial brasileiro (5 anos) Morte do ator estadunidense Robert Redford Estreia do programa ""Hora das Damas"", na Rádio Nacional (90 anos) Morte de ativista feminista, bióloga e política paulista Bertha Lutz (50 anos) Nascimento do cantor e compositor de jazz estadunidense John Carl Hendricks, o John Hendricks (105 anos) Morte do compositor paulista Carlos Gomes (130 anos) Nascimento da atriz paulista Yara Amaral (90 anos) - conhecida por sua atuação no teatro, cinema e televisão, faleceu na tragédia do Bateau Mouche no Reveillon de 1988/89 Nascimento do cantor e compositor de samba fluminense José Flores de Jesus, o Zé Keti (105 anos) Dia Internacional para a Preservação da Camada de Ozônio - data reconhecida pela ONU Promulgação do Estatuto da Criança e do Adolescente Digital (ECA Digital), também conhecido como “Lei Felca”, para proteger crianças e adolescentes da “adultização” no ambiente digital Morte do militar e guerrilheiro fluminense Carlos Lamarca (55 anos) - militante da VPR, grupo de guerrilha brasileiro que lutou contra o regime militar Nascimento da cantora fluminense Eva Correia José Maria, a Evinha (75 anos) - integrante do Trio Esperança Início do movimento Occupy Wall Street nos Estados Unidos (15 anos) Nascimento do técnico gaúcho Oswaldo Brandão (110 anos) - ídolo do Corinthians e do Palmeiras Promulgada Constituição de 1946, que em seu texto previa a mudança da capital da união para o Planalto Central do país (80 anos) Dia Nacional da Televisão - comemoração que foi instituída pela Lei 10.255, de 9 de julho de 2001.Tem por fim marcar a data da inauguração da PFR-3 TV Difusora (mais tarde TV Tupi), como a 1ª emissora de televisão do Brasil e da América Latina, e a 4ª do mundo, integrada então ao império jornalístico Diários e Emissoras Associados Dia do Início da Semana Nacional de Trânsito - a semana foi instituída pela Resolução Nº 420, de 31 de julho de 1969, do Conselho Nacional de Trânsito do Brasil, e que está ratificada no Artigo nº 326º da Lei nº 9.503, de 23 de setembro de 1997, pela qual também se instituiu o Código Nacional de Trânsito no Brasil Nascimento do educador e filósofo pernambucano Paulo Freire (105 anos) Barco Sobral Santos II afunda no Porto de Óbidos, matando 300 pessoas no Pará (45 anos) Nascimento do baterista de jazz estadunidense Foreststorn Hamilton, o Chico Hamilton (105 anos) O primeiro Festival de Cinema de Cannes é realizado, tendo sido adiado sete anos devido à Segunda Guerra Mundial (80 anos) - é um dos mais prestigiados e famosos festivais de cinema do mundo. Acontece todos os anos, no mês de maio, na cidade francesa de Cannes Manifestações contra a PEC da Blindagem e contra projeto de lei de anistia aos envolvidos na tentativa de golpe de estado ocorrem em diversas cidades do país Nascimento do escritor britânico Herbert George Wells, conhecido como H. G. Wells (160 anos) - célebre autor de romances científicos, que durante o século XX se tornariam obras essenciais para o gênero da ficção científica, como os livros A Máquina do Tempo, O Homem Invisível e A Guerra dos Mundos Dilma Rousseff se torna a primeria mulher a fazer o discurso de abertura da Assembleia Geral da ONU (15 anos) Yom Kipur (Dia do Perdão) do Calendário Judaico - começa no crepúsculo que inicia o décimo dia do mês hebreu de Tishrei (que coincide com setembro ou outubro), continuando até ao seguinte pôr do sol Dia Internacional da Paz - data reconhecida pela ONU Dia Nacional de Luta da Pessoa com Deficiência Dia da Árvore Dia Mundial do Doente de Mal de Alzheimer - comemoração que foi instituída em 1994 e que está oficializada no Brasil como ""Dia Nacional de Conscientização da Doença de Alzheimer"".Tem por finalidade marcar a data da fundação da ""Doente de Mal de Alzheimer Internacional"", que foi criada com apoio da Organização Mundial da Saúde (OMS) Nascimento da atriz fluminense Odete Cipriano Serpa, a Yara Cortes (105 anos) Nascimento do violonista e compositor paulista Dilermando Reis (110 anos) - considerado por muitos o mais influente violonista do Brasil Dia Mundial Sem Carro Dia Nacional do Atleta Paralímpico - instituído a partir do decreto de lei nº 12.622, de 8 de maio de 2012; esta data é celebrada em sequência ao Dia Nacional de Luta das Pessoas com Deficiência Dia do Contador Oscar Cox realiza o primeiro jogo de futebol do Rio de Janeiro no campo do Rio Cricket and Athletic Association (125 anos) - 1 a 1 entre um time de brasileiros e outro de ingleses, diante de um público de apenas 16 pessoas, das quais 11 eram tenistas sócios do Rio Cricket Queda de avião no Mato Grosso, matando o arquiteto chinês Kongjian Yu, as cineastas Rubens Crispim Jr e Luis Fernando Feres da Cunha Ferraz Descoberta do oitavo planeta do sistema solar, Netuno (180 anos) Equinócio de Primavera no Hemisfério Sul Dia Internacional contra a Exploração Sexual e o Tráfico de Mulheres, Meninas e Meninos - comemoração instituída em 1999 a partir da cidade bangladeshiana de Dhaka pela Conferência Mundial da Coalizão contra o Tráfego de Mulheres ou Crianças Dia Internacional das Línguas de Sinais - data reconhecida pela ONU Morte do cantor e compositor baiano Raimundo Cleto do Espírito Santo, o Tião Motorista (30 anos) Morte do religioso baiano José Gabriel da Costa, o Mestre Gabriel (55 anos) - fundador da União do Vegetal, religião de origem amazônica que utiliza em seu ritual o chá ayahuasca Lançamento do programa esportivo ""Stadium"", na TVE (50 anos) Dia Nacional da Radiodifusão - comemorado para marcar a data do nascimento do médico legista, professor, antropólogo, etnólogo, ensaísta e pioneiro do rádio brasileiro, Edgard Roquete Pinto, que nasceu em 25 de setembro de 1884, e que é considerado o ""Pai da radiodifusão"" no Brasil Nascimento do escritor gaúcho Luís Fernando Veríssimo (90 anos) Nascimento da tenista estadunidense Serena Williams (45 anos) Nascimento do ator fluminense Eduardo Tornaghi (75 anos) Morte do escritor e diretor de novelas paulista Walter Avancini (25 anos) Dia Internacional para Eliminação Total das Armas Nucleares - data reconhecida pela ONU Dia Nacional dos Surdos - comemoração instituída pela Lei nº 11.796, de 29 de outubro de 2008. Tem como objetivo marcar a data da criação da primeira escola brasileira para surdos, que foi fundada em 26 de setembro de 1857 com o nome de Colégio Nacional para Surdos-Mudos, na cidade do Rio de Janeiro. Atualmente é conhecida por Instituto Nacional de Educação de Surdos Nascimento do instrumentista e compositor paulista Bonfíglio de Oliveira (135 anos) - considerado um dos maiores instrumentistas de seu tempo, ao lado de Pixinguinha e Luís Americano Dia de São Cosme e Damião no Candomblé e na Umbanda - segundo o Catolicismo, a data de comemoração é 26 de setembro Dia Mundial do Turismo - comemoração instituída pela 3ª conferência da Organização Mundial do Turismo para marcar a data da adoção dos estatutos da OMT, ocorrida em 27 de setembro de 1970; data reconhecida pela ONU Dia Nacional da Doação de Órgãos e Tecidos Tombamento como patrimônio material dos Jardins de Burle Marx em Brasília - conforme Decreto n º 33.224, do governo do Distrito Federal (15 anos) Morte do escritor, poeta e ensaísta estadunidense Hermann Mellville (135 anos) - autor do clássico Moby Dick e Bartleby - o escrivão Nascimento do dramaturgo e cineasta fluminense Domingos de Oliveira (90 anos) Morte do trompetista, compositor e bandleader de jazz estadunidense Miles Davis (35 anos) Entra em vigor a Lei do Ventre Livre (155 anos) - a lei libertava todas as crianças nascidas de escravos e todos os escravos pertencentes ao governo Dia Internacional do Acesso Universal à Informação - data reconhecida pela Unesco Dia Mundial da Raiva - comemoração para marcar a data da morte do microbiologista e químico francês Louis Pasteur, que faleceu em 28 de setembro de 1895, e que, com a colaboração de seus colegas, também desenvolveu a primeira vacina eficaz contra a raiva. Data reconhecida pela Organização Mundial de Saúde Morte do jornalista esportivo paulista Paulo Soares, o Amigão Nascimento do pintor italiano Michelangelo Merisi, o Caravaggio (455 anos) Estreia da ópera Malazarte, de Lorenzo Fernândez, no Teatro Municipal do Rio de Janeiro (85 anos) Estreia da ópera A Flauta Mágica, de Wolfgang Amadeus Mozart, no Theater auf der Wieden, em Viena (235 anos) Massacre de Babi Yar, durante a Segunda Guerra Mundial (85 anos) - calcula-se que mais de 33.000 judeus foram assassinados na região de Kiev, Ucrânia, em 36 horas Dia Internacional do Podcast Dia Internacional da Tradução - data reconhecida pela ONU Criação do Instituto Estadual do Patrimônio Histórico e Artístico do Estado de Minas Gerais (Iepha-MG) (55 anos) *As datas são selecionadas pela equipe de pesquisadores do Projeto Efemérides, da Gerência de Acervo da Empresa Brasil de Comunicação (EBC) , que traz temas relacionados à cultura, história, ciência e personalidades, sempre ressaltando marcos nacionais e regionais. A Gerência de Acervo também atende aos pedidos de pesquisa do público externo. Basta enviar um e-mail para centraldepesquisas@ebc.com.br ."	Agência Brasil	geral	False
https://agenciabrasil.ebc.com.br/geral/noticia/2026-08/mega-sena-sorteia-premio-de-r-36-milhoes-nesta-terca-feira	2026-09-01	Mega-Sena sorteia prêmio de R$ 36 milhões nesta terça-feira	Apostas podem ser feitas até às 20h	A Mega-Sena sorteia nesta terça-feira (1º) prêmio estimado em R$ 36 milhões. As seis dezenas do concurso 3.052 serão sorteadas a partir das 21h (horário de Brasília) no Espaço da Sorte, em São Paulo. As apostas podem ser feitas até às 20h (horário de Brasília) em casas lotéricas credenciadas pela Caixa em todo o país ou pela internet, no site ou aplicativo da Caixa. A aposta simples, com seis dezenas, custa R$ 6. No último concurso, foram sorteados os números  11 - 15 - 20 - 21 - 38 - 48  e nenhum apostador acertou as seis dezenas .	Agência Brasil	geral	False
https://agenciabrasil.ebc.com.br/geral/noticia/2026-09/anpd-recebe-contribuicoes-para-agenda-regulatoria-2027-2028	2026-09-01	ANPD recebe contribuições para agenda regulatória 2027-2028	Prazo para envio de sugestões segue aberto até 16 de outubro	A Agência Nacional de Proteção de Dados (ANPD) abriu, nesta terça-feira (1), o prazo para que os interessados enviem sugestões e contribuições para a elaboração da agenda regulatória do setor para os próximos dois anos (2027-2028) . Os subsídios também ajudarão a agência reguladora responsável por zelar pela proteção de dados pessoais e fiscalizar a correta aplicação do Estatuto Digital da Criança e do Adolescente (ECA Digital) a preparar sua Agenda de Avaliação de Resultado Regulatório 2027-2030. Pesquisadores, empresas, organizações da sociedade civil, instituições públicas e cidadãos interessados no tema podem enviar suas contribuições até 16 de outubro, pela plataforma Brasil Participativo . A agenda regulatória da ANPD reúne os temas prioritários para a elaboração de regulamentos e orientações, além de metas e prazos a serem observados em cada projeto de regulamentação, sendo considerado o principal instrumento de planejamento da atuação da agência. Entre os eixos temáticos sugeridos para o próximo biênio destacam-se a promoção de um ambiente digital seguro, principalmente para crianças, adolescentes e mulheres. As ações desse eixo temático serão voltadas à supervisão por pais e cuidadores; padrões de design seguro por parte das plataformas digitais; uso de inteligência artificial por crianças e adolescentes; transparência e prestação de contas das plataformas, além de combate à geração de conteúdos ilícitos por ferramentas de inteligência artificial. Também integra a proposta o eixo de privacidade e proteção de dados pessoais De acordo com a Portaria nº 16/202 , a agenda regulatória deve ser aprovada até 1ª de fevereiro de seu primeiro ano de vigência, neste caso, 2027. A Agenda de Avaliação de Resultado Regulatório regula a aferição dos resultados alcançados no período e seus efeitos para a sociedade. Entre os normativos previstos para avaliação estão o Regulamento de Transferência Internacional de Dados e o Guia Orientativo sobre Mecanismos de Aferição de Idade , permitindo que a agência produza evidências para aperfeiçoar sua atuação regulatória e fortalecer a efetividade de suas decisões. Mais informações e documentos sobre as iniciativas regulatórias em andamento podem ser acessadas na página de Regulação da ANPD e no acompanhamento da Agenda Regulatória 2025-2026 , ambos disponíveis no portal da agência .	Agência Brasil	geral	False
https://agenciabrasil.ebc.com.br/geral/noticia/2026-08/jornalista-carlos-monforte-morre-aos-77-anos	2026-08-31	Jornalista Carlos Monforte morre aos 77 anos	Profissional foi repórter e âncora de telejornais	Morreu em Brasília, nesta segunda-feira (31), aos 77 anos, o jornalista Carlos Monforte. A família confirmou a informação ao grupo Globo, que divulgou que ele tratava de um câncer. Monforte teve uma longa carreira na Globo, onde foi contratado como repórter em 1978. Depois de participar de importantes coberturas, especialmente no universo político, com reportagens feitas para o Jornal Nacional e Fantástico , Monforte foi promovido a apresentador do Bom dia São Paulo , em 1982. No ano seguinte, tornou-se editor-chefe e âncora do Bom Dia Brasil , telejornal da Globo de alcance nacional. Nascido em 3 de julho de 1949 em Santos (SP), o jornalista começou sua carreira no jornal local A Tribuna após se formar pela Faculdade de Comunicação de Santos. Também teve passagem, nos anos 1970, pelo jornal Estado de S.Paulo, como repórter especial. Monforte foi âncora do Bom Dia Brasil durante nove anos. Em 1992, deixou a Globo, mas retornou ao canal dois anos depois como repórter especial do Jornal da Globo. Trabalhou também na GloboNews como apresentador do Jornal das Dez. Em 2016, ele deixou novamente as organizações Globo. O Sindicato dos Jornalistas do Distrito Federal divulgou nota de pesar pelo falecimento do jornalista. “O SJPDF solidariza-se com a família, os amigos e todos os colegas de profissão que tiveram o privilégio de conviver com esse profissional exemplar. Monforte deixa um legado de ética, competência e dedicação ao jornalismo — qualidades que inspiram as novas gerações da imprensa brasileira. Que sua memória permaneça viva como referência para o jornalismo do Distrito Federal e do país”. O velório do jornalista acontece nesta terça-feira (1), das 13h às 15h, na capela 1 do Cemitério Campo da Esperança.	Agência Brasil	geral	False
https://agenciabrasil.ebc.com.br/geral/noticia/2026-08/grupo-de-20-pessoas-fica-deriva-no-rio-e-e-resgatado-pelos-bombeiros	2026-08-30	Grupo de 20 pessoas fica à deriva no Rio e é resgatado pelos bombeiros	Mudança na direção do vento levou nadadores para longe da praia	Um grupo de 20 pessoas, entre 20 e 67 anos, ficou à deriva no mar no Rio de Janeiro, na região da Barra da Tijuca, neste domingo (30) após mudança do vento. O grupo já foi resgatado por equipes de bombeiros. De acordo com a corporação, algumas estavam em cinco pranchas de stand up paddle e outras estavam a nado. O destino eram as Ilhas Tijucas. Na travessia, o grupo foi levado pelo vento para longe da rota prevista em direção a São Conrado, bairro vizinho à Barra, o que dificultou o retorno à praia. “As pessoas já estavam a uma distância considerável da faixa de areia quando um dos participantes acionou o Corpo de Bombeiros pelo telefone 193”. Os bombeiros foram acionados e resgataram o grupo em jet skis. Conforme a nota dos bombeiros, o grupo passou por avaliações médicas e estava em boas condições, sem necessidade de encaminhamento para unidade hospitalar. Segundo o sistema Alerta Rio da Prefeitura, a cidade teve registro de ventos fortes no início da manhã de hoje na estação Forte de Copacabana, na zona sul, e de ventos moderados nas estações da Marambaia e na Vila Militar, na zona oeste. Nesta segunda-feira (31), a previsão é de nebulosidade variada na capital do Rio e sem chuva, mas entre terça (1°) e quarta-feira (2), a passagem de uma frente fria vai modificar as condições do tempo. “O céu estará predominantemente nublado e há previsão de pancadas de chuva moderada/forte acompanhadas de raios entre a tarde de terça-feira e a madrugada de quarta-feira, passando a chuva fraca a moderada isolada a partir do período da manhã de quarta”, informou, destacando que as temperaturas vão baixar.	Agência Brasil	geral	False
https://agenciabrasil.ebc.com.br/geral/noticia/2026-08/regiao-sul-tem-risco-de-temporal-e-granizo-outras-regioes-tem-calor	2026-08-30	Região Sul tem risco de temporal e granizo; outras regiões têm calor	Várias áreas do país estão sob alerta de baixa umidade do ar	O risco de tempestades e queda de granizo permanece para a Região Sul. Para as demais regiões do país, a previsão é de aumento da temperatura nos próximos dias, segundo o Instituto Nacional de Meteorologia (Inmet). As mais altas devem ser registradas no sul da Amazônia e no Centro-Oeste, com máximas de 41°C em Cuiabá (MT) e Porto Velho (RO); em São Paulo, 36°C; Curitiba, 35°C; e Brasília, 33°C. O Inmet prevê ainda tempo seco na região central do país, com alta da temperatura na região agrícola do Matopiba, correspondente aos estados do Maranhão, Tocantins, Piauí e da Bahia. As máximas se aproximam dos 40°C. Neste domingo (30), conforme o Inmet, há possibilidade de granizo entre o oeste e sul do Paraná, centro-oeste de Santa Catarina, norte e noroeste do Rio Grande do Sul. Além disso, podem ocorrer pancadas de chuva com trovoadas isoladas nestas áreas e no leste do Paraná, de Santa Catarina e do Rio Grande do Sul. Muitas nuvens e a possibilidade de chuvas isoladas é a expectativa para o norte do Paraná e no sul do Rio Grande do Sul, mas não deve chover na fronteira do Rio Grande do Sul com o Uruguai. “Desde o centro-sul e oeste do Paraná até o sul do Rio Grande do Sul, ocorrem chuvas com trovoadas. Céu encoberto com temporais no sul do Paraná, em todo o estado de Santa Catarina e no centro-norte do Rio Grande do Sul, incluindo a capital Porto Alegre (RS)”, informou o Inmet. Com o cenário de forte instabilidade, granizo e tempestades, o aviso laranja de perigo foi acionado para tempestades até amanhã em todo o estado de Santa Catarina, norte do Rio Grande do Sul e oeste, centro e leste do Paraná. Florianópolis e Curitiba estão na área deste aviso. O Paraná, centro-norte do Rio Grande do Sul e Santa Catarina estão com aviso amarelo de perigo potencial para tempestades até segunda-feira. Em Curitiba, a máxima pode atingir 35°C amanhã, enquanto que em Florianópolis não passará dos 20°C. Em Porto Alegre, as temperaturas ficam baixas: a mínima é de 13°C neste domingo e a máxima de 19°C até amanhã. A previsão para este domingo (30) na Região Norte é de muitas nuvens com pancadas de chuva isoladas no centro-oeste e norte do Amazonas. Possibilidade de chuva isolada também no sul e leste do Amazonas e em Roraima. No Amapá, Acre, Rondônia e na faixa litorânea do Pará, muitas nuvens, mas sem chuva. No Tocantins e em grande parte do centro-sul do Pará, céu com poucas nuvens. Há aviso amarelo de perigo potencial para baixa umidade do ar durante a tarde no sul de Rondônia, sul do Pará e em Tocantins. Já nesta segunda-feira (31), a expectativa é de aumento da instabilidade sobre o oeste e norte do Amazonas, Acre, Amazonas e no centro-oeste e norte de Rondônia e de Roraima. No Tocantins e no centro-sul do Pará, será dia de sol e poucas nuvens. Nas capitais nesta segunda-feira, a mínima será de 22°C em Rio Branco e as máximas podem chegar a 37°C em Manaus, 39°C em Palmas e 41°C em Porto Velho. De hoje até amanhã, o litoral norte da Bahia, de Sergipe, Alagoas, Pernambuco, da Paraíba e de Rio Grande do Norte estão sob a possibilidade de pancadas de chuva isoladas. No agreste, pode haver pancadas de chuva isoladas. No centro-norte do Ceará, norte do Piauí e do Maranhão e litoral sul da Bahia, apesar de muitas nuvens, não deve ter chuva nessas áreas. A semana vai começar com poucas nuvens em grande parte da Bahia, oeste de Pernambuco e da Paraíba, sul do Ceará, centro-sul do Piauí e do Maranhão. Segundo o Inmet, ainda há aviso amarelo de perigo potencial para baixa umidade do ar durante a tarde deste domingo no sul e leste do Maranhão, em quase todo o estado do Piauí, exceto no litoral, no centro-sul e oeste do Ceará, sudoeste do Rio Grande do Norte, oeste da Paraíba e centro-oeste de Pernambuco, além do norte, centro e oeste da Bahia. Em Salvador e Maceió, as mínimas podem ser de 21°C, a máxima chega a 39°C em Teresina neste domingo. Tempo estável em grande parte do Centro-Oeste, mas com nuvens neste domingo no sul de Mato Grosso e de Goiás e no Mato Grosso do Sul. As pancadas de chuva isoladas continuam no oeste e no sul do Mato Grosso do Sul. Para esta segunda-feira, as pancadas de chuva estarão previstas em todo o Mato Grosso do Sul, oeste e sul de Mato Grosso e no sul de Goiás. “Nas demais áreas, incluindo o Distrito Federal, os próximos dias serão de sol e poucas nuvens”, informa o Inmet Durante a tarde de segunda-feira, há previsão de aviso amarelo de perigo potencial para baixa umidade do ar. O tempo seco vem acompanhado de altas temperaturas. Em Brasília, a mínima será de 22°C e a máxima 34°C neste domingo; e a mínima será de 20°C e a máxima 32°C amanhã. Em Cuiabá, a máxima pode chegar a 41°C na segunda-feira. Em Campo Grande, a mínima hoje é de 23°C e 24°C para amanhã. A máxima fica em 39°C neste domingo e a máxima será de 37°C na segunda-feira. O domingo amanheceu com nevoeiros no leste de São Paulo, no nordeste de Minas Gerais e no noroeste do Espírito Santo. Ao longo do dia, haverá muitas nuvens em São Paulo, no Triângulo Mineiro e no sul de Minas Gerais. Já para a divisa de São Paulo com o Paraná, a previsão indica chuvas isoladas. Nesta segunda-feira (31), no sul e oeste de Minas Gerais e em São Paulo, a expectativa é de muitas nuvens. “Há possibilidade de chuvas isoladas no oeste, centro e sul de São Paulo”, completou. Belo Horizonte e Rio de Janeiro podem ter temperatura mínima de 15°C. No domingo, a máxima na capital paulista pode chegar a 35°C, e na segunda-feira, a 36°C.	Agência Brasil	geral	False
https://agenciabrasil.ebc.com.br/geral/noticia/2026-09/mega-sena-acumula-para-r-41-milhoes-confira-os-numeros-sorteados	2026-09-01	Mega-Sena acumula para R$ 41 milhões; confira os números sorteados	Dezenas sorteadas são: 16 - 30 - 40 - 47 - 48 - 60	Nenhum apostador acertou as seis dezenas do Concurso 3.052 da Mega-Sena, realizado nesta terça-feira (1º). O prêmio acumulou e está estimado em R$ 41 milhões para o próximo sorteio. Os números sorteados são: 16 - 30 - 40 - 47 - 48 - 60 Para o próximo concurso, as apostas podem ser feitas até as 20h (horário de Brasília) de quinta-feira (3), em qualquer lotérica do país ou pela internet, no site ou aplicativo da Caixa. A aposta simples, com seis dezenas, custa R$ 6.	Agência Brasil	geral	False
https://agenciabrasil.ebc.com.br/geral/noticia/2026-08/defesa-civil-reconhece-situacao-de-emergencia-em-seis-cidades-do-sul	2026-08-31	Defesa Civil reconhece situação de emergência em seis cidades do Sul	Municípios do PR, RS e SC foram atingidos por granizo e tempestades	A Secretaria Nacional de Proteção e Defesa Civil reconheceu situação de emergência em seis municípios da Região Sul atingidos por granizo e chuvas intensas nos meses de julho e agosto. A Portaria nº 2.808 , publicada no Diário Oficial da União , cita os estados e as cidades de: De acordo com a portaria, os municípios de Marquinho e Caseiros registraram danos provocados por granizo. Bom Retiro do Sul, Jari, Rolante e Bocaina do Sul foram atingidos por episódios de chuvas intensas. Cidades com o reconhecimento federal de situação de emergência podem solicitar ao Ministério da Integração e do Desenvolvimento Regional recursos para ações de defesa civil. O pedido deve ser feito por meio do Sistema Integrado de Informações sobre Desastres (S2iD). Com base nas informações enviadas nos planos de trabalho, a equipe técnica da Defesa Civil Nacional avalia as metas e os valores solicitados. Entre as iniciativas que podem receber recursos estão assistência humanitária à população afetada, aquisição de cestas básicas, distribuição de água potável, fornecimento de kits de higiene e limpeza, além da execução de trabalhos emergenciais para restabelecimento de serviços essenciais.	Agência Brasil	geral	False
https://agenciabrasil.ebc.com.br/geral/noticia/2026-08/ebc-lanca-centro-de-inovacao-e-pesquisa-em-comunicacao-publica	2026-08-31	EBC lança Centro de Inovação e Pesquisa em Comunicação Pública	Repositório de pesquisas dará visibilidade a pesquisadores da EBC	"A Empresa Brasil de Comunicação ( EBC ) passa a contar com um novo espaço dedicado à inovação e à produção de conhecimento, a partir desta segunda-feira (31). O Centro de Inovação e Pesquisa em Comunicação Pública (CIPública) vai coordenar e promover ações de ciência, tecnologia e inovação, além de facilitar o desenvolvimento de projetos e parcerias da EBC com outras organizações. A proposta é promover iniciativas de pesquisa, desenvolvimento e inovação e criar uma cultura que estimule novas ideias e projetos em diferentes áreas. O Centro irá estimular projetos em temas de ponta na comunicação pública, como Inteligência Artificial, TV 3.0 e plataformização, entre outros. Outra frente será a produção e socialização de conhecimento sobre o campo público de comunicação. “O CIPública representa um passo importante para consolidarmos na EBC uma cultura permanente de inovação, pesquisa e produção de conhecimento. Como Instituição Científica e Tecnológica, temos a oportunidade de aproximar ainda mais a empresa de universidades, pesquisadores e outras organizações, transformando conhecimento em soluções para os desafios da comunicação pública”, explica Thiago Regotto, diretor-geral da EBC . “Ao mesmo tempo, queremos valorizar a capacidade e a experiência dos nossos empregados e ampliar a contribuição da EBC para o desenvolvimento do campo público de comunicação no Brasil”, completa. Jonas Valente, gerente de Inovação e Tecnologia da empresa, acrescenta que o “objetivo é facilitar projetos de CT&I que envolvam o campo público, pesquisadores e outras instituições para fortalecer a comunicação pública no Brasil"", detalha. O CIPública vai ser o principal espaço de articulação das ações para a implementação da Política de Inovação da EBC , aprovada em maio deste ano pela Diretoria Executiva da empresa. A Política estabelece frentes de atuação para que a empresa possa contribuir com a reflexão e modernização das atividades desempenhadas por seus veículos e serviços e no âmbito da Rede Nacional de Comunicação Pública e das instituições e grupos de pesquisa interessados no tema. Como uma das tarefas do CIPública é prospectar parcerias que possam colaborar com a inovação na EBC , Valente detalha que a equipe do Centro já iniciou diálogos com algumas instituições, como o Ministério da Ciência, Tecnologia e Inovação (MCTI), a Secretaria de Comunicação da Presidência da República, o Ministério da Cultura, a Fiocruz e a Universidade Federal do Rio de Janeiro (UFRJ). Uma das primeiras iniciativas do CIPública é a criação do Repositório de Pesquisa em Comunicação Pública, que ficará disponível no site do CIPública. A plataforma vai reunir produções acadêmicas e técnicas relacionadas ao tema, dando visibilidade a pesquisadores da EBC e de outras instituições. Em um primeiro momento, o CIPública convocou os empregados da EBC a compartilharem trabalhos e pesquisas já produzidos. Depois, pesquisadores de fora serão chamados para cadastrar seus trabalhos. A iniciativa também pretende ampliar continuamente a base a partir de pesquisas disponíveis em periódicos, bancos de teses e dissertações e outras fontes acadêmicas. ""A ideia é exatamente dar visibilidade para os pesquisadores, sejam eles da casa ou de fora, e criar um hub de conhecimento sobre comunicação pública que as pessoas possam usar mais facilmente"", afirma Valente. ""O Centro chega para fortalecer a capacidade da EBC , do campo público e de instituições de pesquisa de experimentar, produzir conhecimento e desenvolver soluções para os desafios da comunicação pública, aproximando empregados, pesquisadores, universidades e outras organizações"", completa. Os trabalhos enviados serão analisados para conferir requisitos básicos (se é produção acadêmica ou técnica, se pode ser divulgada), mantido o respeito à independência de pesquisa dos autores. Depois, os pesquisadores poderão ser convidados a apresentar seus trabalhos no Grupo de Pesquisa em Mídias Públicas do CIPública. Outra iniciativa lançada pelo CIPública é um pitching interno de inovação, voltado à melhoria de processos da EBC . Empregados poderão inscrever projetos que proponham novas formas de realizar processos existentes na empresa. Serão escolhidas as três propostas que melhor atenderem aos critérios de avaliação, buscando contemplar diferentes áreas da casa. O CIPública fornecerá apoio metodológico para qualificar as propostas e discutir a possibilidade de implementação nas áreas. O cronograma completo do pitching vai de 1º de setembro à segunda semana de novembro, com a apresentação dos pilotos às áreas ocorrendo na segunda semana de novembro."	Agência Brasil	geral	False
https://agenciabrasil.ebc.com.br/geral/noticia/2026-08/novas-tempestades-devem-atingir-o-rio-grande-do-sul-ate-segunda-feira	2026-08-28	Novas tempestades devem atingir o Rio Grande do Sul até segunda-feira	Há risco de inundações nos rios Jacuí, Taquari, Caí e Uruguai	Esta sexta-feira (28) foi marcada por fortes chuvas em cidades de várias regiões do Rio Grande do Sul. Em Porto Alegre, um menino de oito anos morreu e uma pessoa ficou ferida após uma árvore atingir uma residência. A expectativa é de que novas tempestades atinjam a região até a próxima segunda-feira, com risco de inundações nos rios Jacuí, Taquari, Caí e Uruguai. São esperados ventos fortes e formação de granizo, atingindo as regiões Central, Oeste, Cales, Serra e Nordeste. Já as regiões da Costa Doce, Litoral Médio e Metropolitana de Porto Alegre também tem previsão para chuvas intensas, acima de 110 mm em 24 horas, com acumulados superando os 250 mm nestes quatro dias. Nesta sexta-feira, o mau tempo deixou 13 moradores de Pelotas desabrigados, quatro pessoas desalojadas em Santa Cruz do Sul e outras sete em Quaraí. Em Quaraí, 287 residências tiveram danos em telhados, após ventos de 95,5 km/h. Ainda pela manhã houve registro de 77 quilômetros por hora (km/h) em São José dos Ausentes e de 72,4 km/h em Rosário do Sul. Os ventos fortes permaneceram durante todo o dia, com rajadas durante a tarde acima dos 60 km/h em cidades como Panambi (78,4 km/h), Viamão (77 km/h) e Machadinho (75,6 km/h). O acumulado de chuvas nesta sexta-feira foi de 97 milímetros (mm) em Caçapava do Sul. Cidades como Arambaré, Dom Feliciano, Cristal e São Gabriel também registraram mais do que 85 mm de chuva acumulada desde as primeiras horas da manhã. Pelotas, que já havia registrado mais de 100 mm ontem, teve nova chuva forte, com 56 mm, patamar próximo ao registrado em Porto Alegre (53,8 mm), Canoas (52 mm) e Bagé (50,8 mm).	Agência Brasil	geral	False
https://agenciabrasil.ebc.com.br/geral/noticia/2026-08/mega-sena-sorteia-premio-acumulado-de-r-30-milhoes-neste-domingo	2026-08-29	Mega-Sena sorteia prêmio acumulado de R$ 30 milhões neste domingo	Apostas podem ser feitas até às 22h de sábado	A Mega-Sena sorteia neste domingo (30) prêmio estimado em R$ 30 milhões. As seis dezenas do concurso 3.051 serão sorteadas a partir das 11h (horário de Brasília) no Espaço da Sorte, em São Paulo. As apostas podem ser feitas até às 22h (horário de Brasília) de sábado (29) em casas lotéricas credenciadas pela Caixa em todo o país ou pela internet . A aposta simples, com seis dezenas, custa R$ 6. No último concurso, foram sorteados os números   11 - 14 - 30 - 38 - 49 - 55 e nenhum apostador acertou as seis dezenas .	Agência Brasil	geral	False
https://agenciabrasil.ebc.com.br/geral/noticia/2026-08/governador-do-rio-sanciona-lei-que-cria-o-servico-disque-autismo	2026-08-28	Governador do Rio sanciona lei que cria o serviço Disque Autismo	Além de denúncias, canal vai orientar sobre atendimento especializado	O governador interino do Rio de Janeiro, desembargador Ricardo Couto, sancionou a Lei nº 11.297, que cria o Disque Autismo. O novo canal vai receber denúncias de maus-tratos e de desrespeito aos direitos das pessoas com Transtorno do Espectro Autista (TEA) . A lei foi publicada na quinta-feira (27), no Diário Oficial do estado. O número do telefone será anunciado posteriormente, tão logo seja designada pelo governador a secretaria que ficará responsável pelo serviço e ocorra a contratação de pessoal para atender a população. O canal servirá também para orientar as famílias sobre como devem buscar atendimento e ter acesso a ações e serviços de saúde voltados para pessoas com autismo. As queixas poderão ser feitas de forma anônima, de modo a garantir o sigilo do denunciante. O canal encaminhará os relatos aos órgãos competentes para que as providências sejam tomadas. Além do contato direto por telefone, o atendimento será realizado ainda por meios digitais, por sites e aplicativos de celular. O número do Disque Autismo será divulgado em unidades de saúde e escolas públicas e particulares, além dos sites oficiais do governo fluminense.	Agência Brasil	geral	False
https://agenciabrasil.ebc.com.br/geral/noticia/2026-08/mega-sena-nao-tem-acertador-e-premio-sobe-para-r-36-milhoes	2026-08-30	Mega-Sena não tem acertador e prêmio sobe para R$ 36 milhões	Números sorteados são: 11 - 15 - 20 - 21 - 38 - 48	Nenhum apostador acertou as seis dezenas do Concurso 3.051 da Mega-Sena, realizado neste domingo (30). O prêmio acumulou e está estimado em R$ 36 milhões para o próximo sorteio. Os números sorteados são: 11 - 15 - 20 - 21 - 38 - 48 O próximo concurso será na terça-feira (1º). As apostas podem ser feitas em qualquer lotérica do país ou pela internet, no site ou aplicativo da Caixa. A aposta simples, com seis dezenas, custa R$ 6.	Agência Brasil	geral	False
https://agenciabrasil.ebc.com.br/geral/noticia/2026-08/santos-dumont-opera-normalmente-apos-13-voos-cancelados-nesta-sexta	2026-08-28	Santos Dumont opera normalmente, após 13 voos cancelados nesta sexta	Jatinho derrapou na pista, e terminal precisou ser fechado	O Aeroporto Santos Dumont, na região central do Rio, opera normalmente, em modo visual, após ter 13 voos cancelados no início da manhã desta sexta-feira (28). As suspensões decorrem do incidente, na tarde dessa quinta-feira (27), quando uma aeronave de pequeno porte derrapou na pista e atingiu o gramado lateral. Mesmo com o terminal liberado , de acordo com a Empresa Brasileira de Infraestrutura Aeroportuária (Infraero), as decolagens previstas às aeronaves que pernoitariam no pátio para os primeiros voos da manhã não ocorreram, porque não puderam pousar ontem. “A malha aérea foi reajustada e passageiros remanejados para o Aeroporto do Galeão. Em decorrência, houve 13 voos de partida cancelados, na manhã de hoje, no Aeroporto Santos Dumont”, informou em nota. Os voos cancelados foram das companhias aéreas Azul, Latam e Gol. O primeiro que deveria sair às 6h15 era da Azul com destino a Campinas, São Paulo. No mesmo horário, tinha a previsão da partida de um avião Latam para Guarulhos, também São Paulo. A maior parte seguia para São Paulo. A pista do Aeroporto Santos Dumont foi liberada depois da remoção do avião de pequeno porte, por volta das 23h dessa quinta-feira. Não houve feridos. O piloto e um tripulante estavam na aeronave. O Plano de Emergência do Aeroporto foi acionado logo após o incidente, e equipes do Corpo de Bombeiros foram para o local. Técnicos do Centro de Investigação e Prevenção de Acidentes Aeronáuticos (Cenipa) também estiveram no aeroporto “para iniciar as investigações sobre a causa da saída da pista”. “Durante a suspensão das operações, 15 voos foram redirecionados para o Aeroporto do Galeão e 71 foram cancelados entre partidas e chegadas em função do acidente”, completou a nota. Saiba mais no Repórter Brasil Tarde, da TV Brasil	Agência Brasil	geral	False
https://agenciabrasil.ebc.com.br/geral/noticia/2026-08/mega-sena-acumula-para-r-30-milhoes-confira-os-numeros-sorteados	2026-08-27	Mega-Sena acumula para R$ 30 milhões; confira os números sorteados	Números sorteados são: 11 - 14 - 30 - 38 - 49 - 55	Nenhum apostador acertou as seis dezenas do Concurso 3.050 da Mega-Sena, realizado nesta quinta-feira (27). O prêmio acumulou e está estimado em R$ 30 milhões para o próximo sorteio. Os números sorteados são: 11 - 14 - 30 - 38 - 49 - 55 O próximo concurso acontece domingo (30), às 11h. As apostas podem ser feitas até as 22h (horário de Brasília) de sábado (29), em qualquer lotérica do país ou pela internet, no site ou aplicativo da Caixa. A aposta simples, com seis dezenas, custa R$ 6.	Agência Brasil	geral	False
https://agenciabrasil.ebc.com.br/geral/noticia/2026-08/fossil-de-peixe-pre-historico-e-encontrado-em-mato-grosso	2026-08-27	Estudo mostra fóssil de peixe pré-histórico encontrado em Mato Grosso	Espécie foi apresentada em trabalho científico da Uerj	Uma nova espécie de peixe pré-histórico, que viveu há cerca de 254 milhões de anos, acaba de ser apresentada em estudo científico com participação da Universidade do Estado do Rio de Janeiro (Uerj). O fóssil, encontrado no município de Alto Garças, em Mato Grosso, está excepcionalmente preservado e oferece rara oportunidade de conhecer a vida existente no continente sul-americano nos momentos que antecederam uma das maiores transformações da história da Terra. A nova espécie pertence ao grupo dos peixes de nadadeiras raiadas (actinopterígios), que reúne cerca de 96% dos peixes vertebrados atualmente existentes, incluindo espécies como atum, salmão e bacalhau. O animal tinha aproximadamente 15 centímetros de comprimento e apresentava característica marcante: seu corpo era protegido por escamas resistentes formadas por dentina e esmalte, os mesmos materiais encontrados nos dentes humanos. O grau de preservação torna o achado especialmente relevante. Enquanto grande parte dos peixes dessa idade encontrados no Brasil é conhecida apenas por dentes, escamas ou fragmentos ósseos isolados, o exemplar de Leolepis conserva praticamente todo o corpo . O estudo o classifica como o peixe de nadadeiras raiadas do Permiano mais bem preservado já encontrado no estado de Mato Grosso, além de representar um achado raro em escala mundial. O peixe viveu durante o Permiano Superior, em grande sistema aquático continental formado a partir de um antigo mar interior existente quando a América do Sul e a África ainda estavam unidas no supercontinente Gondwana. Pelo tamanho reduzido dos dentes, os pesquisadores estimam que Leolepis se alimentava de pequenos invertebrados e plantas . O fóssil, portanto, ajuda a reconstruir parte de um ecossistema que existia pouco antes da chamada extinção Permo-Triássica, ocorrida há aproximadamente 252 milhões de anos. O evento foi o maior episódio de extinção em massa conhecido pela ciência: cerca de 78% da vida terrestre e até 95% das espécies marinhas desapareceram. Há ainda uma coincidência geológica que torna a descoberta particularmente interessante: o fóssil foi encontrado a apenas 50 quilômetros da cratera de impacto de Araguainha, considerada a maior e mais bem preservada estrutura desse tipo na América do Sul. A descoberta também é importante porque o registro de peixes continentais do Paleozoico na América do Sul ainda é considerado pouco conhecido. A pesquisadora do Departamento de Zoologia da Uerj, Valéria Gallo, envolvida na descrição do fóssil, afirma que “por estar excepcionalmente preservado, o exemplar pode ajudar os pesquisadores a reconhecer a presença da espécie em outras áreas da Bacia do Paraná e a estabelecer novas correlações entre diferentes formações geológicas”. O espécime foi coletado em 2005 pelo geólogo Léo Adriano de Oliveira, que posteriormente o disponibilizou para estudo e o depositou na Coleção Paleontológica da Universidade Federal de Mato Grosso (UFMT), em Cuiabá.	Agência Brasil	geral	False
https://agenciabrasil.ebc.com.br/geral/noticia/2026-08/aviao-derrapa-no-santos-dumont-e-voos-sao-cancelados	2026-08-27	Avião derrapa no Santos Dumont e voos são cancelados	15 voos foram desviados para o Galeão e 53 foram cancelados	Um jatinho de pequeno porte da Embraer derrapou e saiu da pista do aeroporto Santos Dumont, na região central do Rio. O aeroporto foi fechado. De acordo com a Infraero, até o momento, 15 voos foram direcionados para o Aeroporto Internacional do Galeão e 53 foram cancelados. O incidente ocorreu quando a aeronave estava pousando por volta das 16h10 desta quinta-feira (27). A aeronave parou na área gramada, semferidos. Apenas o piloto e um tripulante estavam no voo. De acordo com a Empresa Brasileira de Infraestrutura Aeroportuária (Infraero), o Plano de Emergência do aeroporto foi acionado e “as operações do aeroporto estão suspensas para remoção da aeronave que está na área gramada ao lado da pista”. O processo de remoção será feito com um guindaste. Equipe do Corpo de Bombeiros também dão suporte. Técnicos do Centro de Investigação e Prevenção de Acidentes Aeronáuticos (Cenipa) estão no aeroporto para iniciar as investigações sobre o ocorrido.	Agência Brasil	geral	False
https://agenciabrasil.ebc.com.br/geral/noticia/2026-08/eclipse-parcial-da-lua-nesta-quinta-feira-sera-visto-em-todo-o-brasil	2026-08-26	Eclipse parcial da Lua nesta quinta-feira será visto em todo o Brasil	Ponto máximo será às 01h31, já na madrugada da sexta-feira	A partir das 23h34, hora de Brasília, desta quinta-feira (27), um eclipse parcial da Lua poderá ser visto em todo o território brasileiro. O ponto máximo será às 01h31 , já na madrugada da sexta-feira (28), quando estará na fase mais obscura. A astrônoma do Observatório Nacional Josina Oliveira do Nascimento disse que esse tipo de eclipse ocorre toda vez que a Lua entra na sombra da Terra, formada pela incidência do Sol. “Sempre existe a sombra da Terra no espaço, porque o Sol está sempre iluminando a Terra, mas a Lua nem sempre entra nessa sombra”, explicou à Agência Brasil . “A Lua vai entrar na sombra da Terra e tudo acontece por conta dessa questão da sombra. Todos os corpos que não são pontuais, recebendo uma fonte de iluminação, têm duas sombras. Uma mais clara, que a gente chama de penumbra, e uma mais escura, que é a umbra”. “No ano que vem, vamos ter dois eclipses só penumbrais. A Lua vai passar só pela penumbra e vai sair”, adiantou Josina Oliveira. De acordo com a astrônoma, todos os eclipses ocorrem com Lua cheia e o formato depende do quanto ela vai entrar na sombra da Terra. “Se o plano de órbita da Lua em torno da Terra fosse o mesmo do plano de órbita da Terra em torno do Sol, toda Lua cheia teria eclipse, mas acontece que não, porque a Lua faz um plano de órbita que é inclinado em 5 graus em relação ao outro”, explicou. Para ter uma boa observação do fenômeno é preciso paciência. Segundo Josina Oliveira, ao entrar na penumbra, que é a sombra mais clara, ainda não é possível notar qualquer diferença no brilho da Lua. “A gente sabe que ela está lá, porque às 22h24 vai entrar na penumbra, mas entre 22h24 e 23h34, que é a hora que ela vai começar a entrar na umbra, a gente vai olhar para a Lua e vai ver iluminada igualmente. Não dá para perceber nenhuma diferença olhando para ela. Agora, quando for 23h34, aí começa a perceber a diferença”, explicou, acrescentando que o estudo dos horários em que os eventos ocorrem se baseia unicamente nas posições do Sol, da Terra e da Lua. “É isso que define a luminosidade. É a mesma coisa de quando a gente sabe exatamente a hora em que a Lua entrou na Lua cheia, no quarto minguante e no quarto crescente. Cada mês tem um horário diferente. O que a gente precisa para saber disso é a posição do Sol, da Terra e da Lua, porque o que a gente está vendo é consequência desse triângulo”, explicou. Segundo a astrônoma, durante o eclipse, primeiro se vê um pontinho preto, que vai evoluindo até a parte preta ficar em formato de uma “mordidinha”, o que significa que a Lua está entrando cada vez mais na umbra, que é a sombra escura. “Quando ela estiver 96,2% tomada, vai começar a sair da umbra e tomar uma tonalidade avermelhada. Logo depois vai sair”. Nesse fenômeno de agosto, a fase parcial levará 3h18. Vai começar às 23h34, o máximo vai ser às 1h13, já do dia 28, e o final do eclipse parcial vai ser às 2h52. Mesmo quem estiver em fuso diferente do horário de Brasília, subtrai a diferença e poderá observar o fenômeno no mesmo instante. “Quem estiver no fuso de menos 4 horas, diminui 1 hora dos horários [previstos para os movimentos]. O instante é o mesmo, mas a hora no relógio é diferente”. Ao contrário do eclipse solar, que para observar é preciso usar filtros, equipamentos especiais ou óculos próprios, esse parcial da Lua poderá ser visto a olho nu, e de qualquer lugar. “No caso desse eclipse, o Brasil todo vai ver e com a Lua bem alta. A única coisa que vai fazer com que você não veja o eclipse é se chover ou ficar nublado”, apontou. De acordo com o Observatório Nacional, o eclipse desta quinta-feira “pertence ao Saros 138, um ciclo de aproximadamente 18 anos que governa a recorrência de eclipses com características semelhantes”. Para a astrônoma, o fenômeno do eclipse envolve as pessoas por causa da admiração pelo céu, o que ajuda muito na divulgação e educação relacionadas a esses eventos. “A gente tem muita ligação com escolas, projetos de educação de professores, de observação na praça e em várias cidades do Rio e do Brasil, o Ciência Cidadã, envolvendo as pessoas com a ciência através da astronomia, porque o céu é envolvente. Não conheço, em 47 anos de profissão, e nunca ouvi ninguém dizer que não gosta de olhar para o céu”, disse. O eclipse parcial poderá ser acompanhado também pela live que o Observatório Nacional vai fazer no seu canal do YouTube a partir das 23h pelo horário de Brasília, em uma nova edição do programa O Céu em sua Casa: observação remota. Segundo o Observatório, como ocorreu no eclipse solar no começo do mês, todos os veículos de comunicação poderão retransmitir gratuitamente a cobertura, mas precisam avisar antes pelo e-mail comunicacao@on.br. Horários:	Agência Brasil	geral	False
https://agenciabrasil.ebc.com.br/geral/noticia/2026-08/programa-espaco-arte-celebra-50-anos-da-nacional-fm-brasilia	2026-08-28	Programa Espaço Arte celebra 50 anos da Nacional FM Brasília	Edição especial vai ao ar às 13h nesta sexta-feira (28)	Em comemoração aos 50 anos da Rádio Nacional FM de Brasília , o Espaço Arte desta sexta-feira (28) vai ao ar a partir das 13h com uma programação especial. A edição reúne artistas de diferentes gerações que marcam o meio século de história da emissora pública e da cultura brasiliense. Sob o comando de Marcelo Ferreira e Mário Sartorello, o bate-papo conta com a presença do pianista, arranjador e compositor Renato Vasconcellos; o multi-instrumentista, poeta e artista plástico Renato Mattos; e as cantoras e compositoras Fernanda Jacob e Ane Êoketu, representantes da nova geração do samba de Brasília. Além disso, o Tarde Nacional da Nacional FM Brasília, que vai ao ar das 15 horas até as 18 horas, terá conteúdo especial. Serão veiculadas mensagens de artistas parabenizando a rádio pelos seus 50 anos. Criado em 2004 na Rádio Nacional AM Brasília, o programa Espaço Arte consolidou-se como vitrine para artistas e iniciativas culturais do Distrito Federal. Em 2016, passou a ser transmitido também pela Nacional FM, fortalecendo seu compromisso com a valorização da cultura local. Ao longo de duas décadas, contou com nomes como Heleninha Bortoni e Giovanni Motta. Atualmente, o programa é apresentado por Marcelo Ferreira, com produção de Denise Oliveira e traz entrevistas culturais diárias, coberturas de eventos e apoio à cadeia produtiva das artes do DF. A marca faz parte da história do país e conta, atualmente, com oito emissoras próprias, em diferentes regiões do Brasil: Rádio Nacional do Rio de Janeiro , Rádio Nacional de São Paulo , Rádio Nacional de Brasília AM e FM , Rádio Nacional de Recife , Rádio Nacional de São Luís , Rádio Nacional da Amazônia e Rádio Nacional do Alto Solimões . Site: https://radionacional.ebc.com.br Instagram: https://www.instagram.com/radionacionalbr Spotify: https://open.spotify.com/user/vpj3k8ogjwf1nkv4nap3tlruv YouTube: http://youtube.com/radionacionalbr Facebook: https://www.facebook.com/radionacionalbr X: https://x.com/radionacionalbr Streaming: https://aovivo.ebc.com.br/embed-audio.html?emissora=radio-nacional-do-rio-de-janeiro	Agência Brasil	geral	False
https://agenciabrasil.ebc.com.br/geral/noticia/2026-08/mega-sena-sorteia-premio-acumulado-de-r-25-milhoes-nesta-quinta	2026-08-27	Mega-Sena sorteia prêmio acumulado de R$ 25 milhões nesta quinta	Apostas podem ser feitas até às 20h	A Mega-Sena sorteia nesta quinta-feira (27) prêmio estimado em R$ 25 milhões . As seis dezenas do concurso 3.050 serão sorteadas a partir das 21h (horário de Brasília) no Espaço da Sorte, em São Paulo. As apostas podem ser feitas até às 20h (horário de Brasília) de hoje em casas lotéricas credenciadas pela Caixa em todo o país ou pela internet, no site ou aplicativo da Caixa. A aposta simples, com seis dezenas, custa R$ 6. No último concurso, foram sorteados os números 06 - 13 - 36 - 43 - 53 - 55 e nenhum apostador acertou as seis dezenas .	Agência Brasil	geral	False
https://agenciabrasil.ebc.com.br/geral/noticia/2026-08/participantes-do-mais-motoristas-tem-ate-39-para-enviar-documentos	2026-08-27	Participantes do Mais Motoristas têm até 3/9 para enviar documentos	Informações devem ser passadas pelo Portal do Cliente do Sest/Senat	Os cerca de 138 mil participantes do Programa Mais Motoristas 2026 têm até o dia 3 de setembro para enviar a documentação exigida no edital . A remessa dos dados deve ser feita por meio do Portal do Cliente do Sest/Senat , a partir das informações de cadastro repassadas no momento da inscrição. Antes de concluir o procedimento, é importante conferir se todos os documentos estão corretos, legíveis e dentro das especificações solicitadas. O processo seletivo serve aos motoristas que vão mudar a categoria de habilitação para as classes C, D e E. Documentos necessários: Após o envio, os documentos passarão pela etapa de validação, que é eliminatória. As convocações dos candidatos aptos para o início da formação ocorrerão posteriormente, de acordo com os critérios e com o cronograma estabelecidos no programa. Os candidatos que atenderem aos requisitos poderão ser convocados para a formação até 2029, conforme previsto no edital. As informações e eventuais convocações serão comunicadas pelo e-mail cadastrado e divulgadas nos canais oficiais do Sest/Senat. Em caso de dúvidas durante o envio da documentação, o candidato pode entrar em contato com o Sest/Senat pelo Fale Conosco no site . Em 2026, o Programa Mais Motoristas registrou adesão histórica de aproximadamente 138 mil candidatos. Todos interessados em mudar de categoria da Carteira Nacional de Habilitação (CNH) e se qualificar para atuar como motorista profissional. O programa financia a mudança de categoria da CNH para as classes C, D e E, além de oferecer capacitação profissional. Para participar, é necessário ter pelo menos 19 anos, ter CNH válida e não ter cometido infração gravíssima nos 12 meses anteriores à inscrição. As inscrições para a edição 2026 foram encerradas em 14 de julho. *Com informações da Confederação Nacional do Transporte.	Agência Brasil	geral	False
https://agenciabrasil.ebc.com.br/geral/noticia/2026-08/aeroporto-santos-dumont-e-liberado-para-pousos-e-decolagens	2026-08-28	Aeroporto Santos Dumont é liberado para pousos e decolagens	Jatinho atingiu gramado lateral durante procedimento de pouso	A Empresa Brasileira de Infraestrutura Aeroportuária (Infraero) informou que a pista do Aeroporto Santos Dumont, na região central do Rio de Janeiro, foi liberada às 23h dessa quinta-feira (27), após a retirada de um jatinho Embraer Phenom, prefixo PSVEE - E50P, que atingiu o gramado lateral durante o procedimento de pouso, às 16h10. Na aeronave estavam o piloto e um tripulante.  Nenhum dos dois ficou ferido. A aeronave tem capacidade para cinco passageiros. O Plano de Emergência do aeroporto foi acionado imediatamente. Equipes do Corpo de Bombeiros deram suporte, e técnicos do Centro de Investigação e Prevenção de Acidentes Aeronáuticos (Cenipa) estiveram no aeroporto para iniciar as investigações sobre a causa da saída da pista. Durante a suspensão das operações de pousos e decolagens, 15 voos foram transferidos para o Aeroporto Internacional do Galeão e 71 foram cancelados em função do acidente. Centenas de passageiros ficaram horas esperando para seguir para seus destinos.	Agência Brasil	geral	False
https://agenciabrasil.ebc.com.br/geral/noticia/2026-08/estiagem-defesa-civil-reconhece-emergencia-em-cidades-do-nordeste	2026-08-26	Estiagem: Defesa Civil reconhece emergência em cidades do Nordeste	Portaria cita sete municípios dos estados de Alagoas, Bahia e Paraíba	Sete cidades nos estados de Alagoas, Bahia e Paraíba tiveram situação de emergência reconhecida devido ao período de estiagem. A Secretaria Nacional de Proteção e Defesa Civil publicou portaria com a medida nesta quarta-feira (26). Os municípios tiveram situação de emergência reconhecida, de acordo com os registros apresentados nos Formulários de Informações do Desastre (Fide), apresentados neste mês de agosto, e nos decretos municipais que fundamentaram os pedidos de reconhecimento. O reconhecimento federal da situação de emergência permite aos municípios solicitarem apoio da União para ações de defesa civil, como assistência humanitária, aquisição de cestas básicas, abastecimento de água, distribuição de kits de higiene e outras medidas voltadas ao atendimento da população atingida pelos efeitos da seca. As já prefeituras podem encaminhar planos de trabalho para análise da Defesa Civil Nacional, a fim de liberar os recursos.	Agência Brasil	geral	False
https://agenciabrasil.ebc.com.br/geral/noticia/2026-08/criminosos-usam-onibus-em-barricadas-contra-operacao-policial-no-rio	2026-08-26	Criminosos usam ônibus em barricadas contra operação policial no Rio	Coletivos foram atravessados em ruas do bairro de Cascasdura	Criminosos atravessaram 18 ônibus em ruas de Cascadura, na Zona Norte do Rio de Janeiro, em retaliação a uma operação da Polícia Militar realizada na manhã desta quarta-feira (26) nas comunidades do Campinho e do Fubá. A ação conjunta das equipes do 9° Batallhão de Polícia Militar (Rocha Miranda) e do 18° BPM (Jacarepaguá) resultou na prisão de quatro suspeitos. O comando da operação informou que homens armados entraram em confronto com as equipes e fugiram para uma região de mata. A polícia afirma que “um quinto [suspeito] foi atingido e socorrido ao Hospital Estadual Carlos Chagas e um sexto teria sofrido uma parada cardíaca e não resistiu”. De acordo com o Sindicato das Empresas de Ônibus da Cidade do Rio de Janeiro (Rio Ônibus), coletivos usados no transporte urbano foram atravessados nas ruas Clarimundo de Melo e Ernani Cardoso, em Cascadura, e também na Avenida Dom Hélder Câmara. No início desta tarde, havia 33 linhas de ônibus que passam na região com itinerário impactado. Segundo a Secretaria de Estado de Polícia Militar (SEPM), o objetivo dos criminosos era “desmobilizar a atuação das equipes”, que reprimiam uma facção criminosa que atua nas comunidades do Campinho, do Fubá, do Morro do 18, da Praça Seca e diversas outras de Jacarepaguá. Foram apreendidos uma pistola, uma granada, um rádio comunicador, seis carregadores de fuzis, um carregador de pistola e quantidade de entorpecentes a serem contabilizado, completou a secretaria. O policiamento foi reforçado com equipes do Batalhão de Operações Policiais Especiais (Bope), do Batalhão de Polícia de Choque (BPChq), do Batalhão Tático de Motociclistas (BTM), do Batalhão de Policiamento em Vias Expressas (BPVE) e do 3º BPM (Méier). Policiais do Recom também atuam nas regiões atingidas. Confira mais informações sobre a operação na Zona Norte do Rio no Repórter Brasil, da TV Brasil A Secretaria de Estado de Educação do Rio de Janeiro informou que, até 12h15, nenhuma escola da rede estadual precisou ser fechada em consequência dos conflitos na região. De acordo com a Secretaria Municipal de Educação, as unidades escolares na região das comunidades do Fubá e do Campinho, “atendem presencialmente” apesar do ocorrido. No início da tarde, a Secretaria Municipal de Saúde do Rio informou que uma unidade de atenção primária suspendeu o início do funcionamento nesta quarta-feira e avalia a possibilidade de abertura nas próximas horas. “Outras duas unidades mantêm o funcionamento, porém as atividades externas realizadas no território, como as visitas domiciliares, estão suspensas”, completou. Já as unidades estaduais de saúde, conforme a Secretaria de estado, funcionam normalmente.	Agência Brasil	geral	False
https://agenciabrasil.ebc.com.br/geral/noticia/2026-08/beleza-nos-ceus-halo-solar-nao-e-sinal-de-chuva-diz-especialista	2026-08-25	Beleza nos céus, halo solar não é sinal de chuva, diz especialista	Moradores do Centro-Oeste, inclusive da capital, viram o arco	Os mais românticos podem ter aproveitado a cena para dizer que o amor estava no ar. Mas, de verdade, o halo solar que apareceu nesta terça (25) para moradores de cidades principalmente do Centro-Oeste, incluindo Brasília (DF), é um fenômeno comum parecido com um arco-íris e não representa previsão chuva por aí. “É muito bonito de se visualizar. O halo solar é um fenômeno óptico, atmosférico, que forma um anel luminoso e colorido ao redor do Sol”, explica a meteorologista Andrea Ramos, que atua como consultora em Brasília. A especialista destaca que o halo não traz consigo um perigo porque se trata de um fenômeno físico comum e natural, sem relação com temperaturas solares ou radiações nocivas. “Não é alerta de chuva. Na sabedoria popular, o halo costuma indicar condição de instabilidade ou mesmo a frente fria, mas não tem nada a ver”, afirma. No entanto, a meteorologista acrescenta que as pessoas devem ter cuidado ao olhar diretamente para o Sol sem proteção porque poderia causar danos à retina. “Essa é a única preocupação realmente. É um fenômeno muito bonito”. A especialista explica que isso ocorre quando a luz solar passa por “cirrostratus”, que são as nuvens altas e finas (de cinco a 10 quilômetros de altura) que formam um véu esbranquiçado e transparente. A formação ocorre porque essas nuvens contêm minúsculos cristais de gelo com formato hexagonal. “Esses cristais funcionam como pequenos prismas. A luz entra, ocorre a refração, e se divide em cores do espectro visível”, ressalta a meteorologista.	Agência Brasil	geral	False
https://agenciabrasil.ebc.com.br/geral/noticia/2026-08/anvisa-atualiza-regras-de-seguranca-sanitaria-para-avioes-e-aeroportos	2026-08-26	Anvisa atualiza regras de segurança sanitária para aviões e aeroportos	Norma exige maior controle sobre resíduos, limpeza e saúde pública	A Agência Nacional de Vigilância Sanitária (Anvisa) atualizou regras de segurança sanitária para aviões e aeroportos no Brasil. Norma publicada nesta quarta-feira (26) prevê medidas relacionadas à qualidade da água, limpeza, ao gerenciamento de resíduos, controle de pragas e atendimento de saúde em aeroportos. Cada área deverá ter plano de gestão específico. O texto substitui regulamentação vigente desde 2002 e busca adequar os procedimentos sanitários do setor aeroportuário às exigências atuais de vigilância em saúde. A Resolução nº 1.038 entra em vigor em 150 dias. Entre as principais novidades está a obrigatoriedade da implantação de sistemas de gestão da qualidade voltados à segurança sanitária. A exigência valerá para aeroportos das classes III e IV – como o de Guarulhos, Brasília e o Galeão, por exemplo – e para empresas de transporte regular de passageiros que operem aeronaves com banheiros ou instalações hidráulicas. O Sistema de Gestão da Qualidade deverá conter: As organizações terão prazo de 24 meses para implementar integralmente as medidas, sendo que as áreas de gestão documental e treinamento deverão estar estruturadas em até 12 meses. Aeroportos: Companhias aéreas: A norma determina a elaboração de planos específicos para as diferentes áreas de controle sanitário, como o Plano de Gestão de Água Potável, Plano de Gerenciamento de Resíduos Sólidos, e o Plano de Gerenciamento de Limpeza e Desinfecção. A texto também detalha procedimentos para situações de emergências em saúde pública. Em casos de eventos sanitários de relevância nacional ou internacional, aeroportos e empresas aéreas deverão adaptar seus protocolos às orientações específicas emitidas pelas autoridades sanitárias. Para aeroportos que queiram iniciar operações internacionais, a resolução estabelece a necessidade de avaliação sanitária prévia pela Anvisa. A internacionalização dependerá da comprovação do cumprimento dos requisitos sanitários previstos e poderá incluir inspeções presenciais.	Agência Brasil	geral	False
https://agenciabrasil.ebc.com.br/geral/noticia/2026-08/mega-sena-acumula-para-r-25-milhoes-confira-os-numeros-sorteados	2026-08-25	Mega-Sena acumula para R$ 25 milhões; confira os números sorteados	Números sorteados são: 06 - 13 - 36 - 43 - 53 - 55	Nenhum apostador acertou as seis dezenas do Concurso 3.049 da Mega-Sena, realizado nesta terça-feira (25). O prêmio acumulou e está estimado em R$ 25 milhões para o próximo sorteio. Os números sorteados são: 06 - 13 - 36 - 43 - 53 - 55 Para o próximo concurso, as apostas podem ser feitas até as 20h (horário de Brasília) de quinta-feira (27), em qualquer lotérica do país ou pela internet, no site ou aplicativo da Caixa. A aposta simples, com seis dezenas, custa R$ 6.	Agência Brasil	geral	False
https://agenciabrasil.ebc.com.br/geral/noticia/2026-08/pm-ocupa-cinco-comunidades-do-complexo-de-israel-no-rio	2026-08-26	PM ocupa cinco comunidades do Complexo de Israel, no Rio	Ocupação será por tempo indeterminado	"A Polícia Militar (PM) está ocupando, por prazo indeterminado, cinco comunidades que compõem o Complexo de Israel, na zona norte do Rio. Mais de 220 homens da corporação vão patrulhar durante 24 horas as comunidades Cinco Bocas, Cidade Alta, Pica-Pau, Vigário Geral e Parada de Lucas. A área é comandada por Álvaro Malaquias Santos Rosa, o Peixão, uma das principais lideranças do Terceiro Comando Puro (TCP). A corporação participa da ocupação com agentes do Comando de Operações Especiais (COE), como o Batalhão de Operações Policiais Especiais (Bope), do Choque, do Batalhão de Ações com Cães, do 1º Comando de Policiamento de Área (1º CPA), do Batalhão de Policiamento em Vias Expressas (BPVE), do Batalhão de Rondas Especiais e Controle de Multidão (RECOM) e do Batalhão Tático de Motociclistas (BTM). “Estamos fazendo o policiamento preventivo e ostensivo, junto ao setor de inteligência”, disse o porta-voz da corporação, major Maicon Pereira, acrescentando que a troca de turno dos militares é feita no próprio local da ocupação.  ""Fazemos varreduras com o Batalhão de Ações com Cães, o Bope e o Choque”. As principais vias expressas da cidade, como as Linhas Vermelha e Amarela, além da Avenida Brasil, serão fechadas imediatamente em caso de confronto com criminosos. O traficante Peixão age com mão de ferro nas comunidades, impõe ditadura fundamentalista violenta e perseguição religiosa no Complexo de Israel. Ele utiliza uma fachada religiosa para justificar o controle territorial e o domínio social pela força. Nessa terça-feira (25), as polícias Civil e Militar realizaram uma operação contra narcotraficantes da facção criminosa Terceiro Comando Puro (TCP) que atuam no Complexo de Israel. A ação é resultado de investigações conduzidas pela 38ª delegacia policial (Brás de Pina) e teve como objetivo cumprir dezenas de mandados de prisão contra criminosos envolvidos em diferentes delitos. Ao todo, oito criminosos foram presos, entre eles Luana Rosa de Araújo, apontada como braço direito de Peixão. As equipes encontraram um imóvel utilizado como casamata pelos traficantes, com seteiras reforçadas. Também foram apreendidos celulares e aparelhos eletrônicos, que passarão por perícia. Nas ações, cinco criminosos foram presos. No âmbito da mesma ação, agentes também fizeram diligências para verificar informações de inteligência na comunidade Buraco do Boi, em Nova Iguaçu, na Baixada Fluminense. Durante a ação, três criminosos foram presos, e o gerente do tráfico de drogas da região foi neutralizado ao atacar os policiais. Além disso, foram apreendidos dois fuzis, grande quantidade de drogas e veículos roubados. Saiba mais no Repórter Brasil Tarde, da TV Brasil"	Agência Brasil	geral	False
https://agenciabrasil.ebc.com.br/geral/noticia/2026-08/explosao-de-botijao-de-gas-causa-interdicao-de-13-casas-em-sao-paulo	2026-08-24	Explosão de botijão de gás causa interdição de 13 casas em São Paulo	Acidente aconteceu na madrugada do domingo	Uma explosão causada por um botijão de gás na zona norte de São Paulo, resultou na interdição preventiva de 13 imóveis. O acidente ocorreu por volta das 4h da manhã do domingo (23). Segundo a Defesa Civil municipal, o acidente, em um imóvel na Rua Anan Moreira dos Santos Mattos, no bairro Jaraguá, deixou 12 residências em risco, além do imóvel diretamente atingido . O órgão esteve no local e realizou uma visita preliminar. A Defesa Civil do estado também esteve no local prestando apoio às equipes municipais e acompanhando as ações de resposta à ocorrência. Foi realizada a perícia pela Polícia Civil. As residências permanecem interditadas, nesta segunda-feira (24). Para atender à ocorrência, o Corpo de Bombeiros mobilizou 11 viaturas e suas equipes. Dos três acidentados, um necessitou de atendimento hospitalar e seguiu para o Pronto-Socorro do Hospital Penteado, enquanto os outros dois receberam auxílio de moradores locais e dispensaram assistência médica. A Secretaria Municipal de Assistência e Desenvolvimento Social prestou suporte para os moradores atingidos, via Subprefeitura de Pirituba, que cadastrou 18 famílias no programa de auxílio aluguel. A secretaria atendeu 32 famílias abrigadas em residências de parentes. A Defesa Civil do município segue no local prestando apoio aos afetados. * Estagiário sob supervisão de Odair Braz Junior	Agência Brasil	geral	False
https://agenciabrasil.ebc.com.br/geral/noticia/2026-08/mega-sena-sorteia-premio-acumulado-de-r-58-milhoes-neste-domingo	2026-08-22	Mega-Sena sorteia prêmio acumulado de R$ 58 milhões neste domingo	Apostas podem ser feitas até às 22h de sábado	A Mega-Sena sorteia neste domingo (23) prêmio estimado em R$ 58 milhões. As seis dezenas do concurso 3.048 serão sorteadas a partir das 11h (horário de Brasília) no Espaço da Sorte, em São Paulo. As apostas podem ser feitas até às 22h (horário de Brasília) de sábado (22) em casas lotéricas credenciadas pela Caixa em todo o país ou pela internet . A aposta simples, com seis dezenas, custa R$ 6. No último concurso, foram sorteados os números  04 - 18 - 22 - 26 - 31 - 58  e nenhum apostador acertou as seis dezenas .	Agência Brasil	geral	False
https://agenciabrasil.ebc.com.br/geral/noticia/2026-08/apostadores-de-bet-em-periferias-buscam-ajuda-apos-vida-virar-pesadelo	2026-08-23	Apostadores de bet em periferias buscam ajuda após vida virar pesadelo	Cidades no País contam com unidades de saúde do SUS para tratamento	As lembranças misturam-se como em um pesadelo. Kaio*, de 42 anos, lembra-se de uma madrugada silenciosa em julho em que o celular tocou com anúncios de chances de apostas. Primeiro, ficou eufórico. Aos poucos, engoliu em seco. Perdeu R$ 1 mil. Depois, R$ 2 mil. Em minutos, R$ 5 mil. Era justamente o dinheiro que um amigo o emprestou para que ele pagasse dívidas com agiotas por causa de outras apostas em bets. Ninguém estava acordado em casa. Nem a esposa nem os dois filhos (um de 10 e outro de 4 anos). Eles estavam em sono profundo na casa simples em uma área periférica do Distrito Federal. Kaio anda pela casa. Não era um pesadelo. Mas ele sentiu o chão se abrir. Não ouviu as vozes das pessoas que ele ama ao clarear do dia. Só pensou nas dívidas. Mas pensou em apostar mais para diminuir o prejuízo. Quando o filho mais velho pediu que o levasse até a casa da avó, que acompanharia o garoto até a escola, Kaio concordou com a cabeça. Ele continuou no celular. “Pareceu que se passaram poucos minutos. Quando olhei para trás, meu filho não estava mais”. Isso porque havia se passado mais de três horas. “Eu perdi a noção de tudo. Inclusive do tempo”. Perder a noção de tempo é um dos indicativos da ludopatia, doença que consiste em um transtorno de controle dos impulsos para jogos. Desse tempo que Kaio viu voar, lembrou de quando tudo começou: dos momentos de descanso como motorista de uma prefeitura em uma cidade de Goiás em que foi apresentado às bets . De como se envolveu mais do que poderia e deveria. Entende que o vício começou principalmente depois de apresentar sintomas de depressão com a perda do pai para o câncer. Por causa das dívidas de jogo, teve que vender o carro financiado para pagar as dívidas. Depois, móveis. Depois, a casa da família. Avisou a esposa dois dias antes de terem que desocupar o imóvel. Perdeu a casa e o casamento acabou. “A dignidade também”, diz. Hoje, lamenta dormir sobre o chão frio, em pedaços de papelão, em um dormitório alugado. Nem o dinheiro do carro ou o da venda da casa foram suficientes para pagar os mais de R$ 200 mil em dívidas. Foi necessário também pedir demissão do emprego e utilizar a rescisão para pagar novas dívidas. Kaio compreendeu que precisaria de ajuda profissional e passou a frequentar um centro de apoio psicossocial (Caps) no Distrito Federal, onde se reúne em grupos para dividir as experiências. “Eu passei a tomar três remédios por dia. E os grupos [terapêuticos] fazem com que eu não me sinta mais sozinho”, afirmou. Ele diz que esse vício é o pior que já enfrentou . “Pior do que minha dependência no passado em álcool e outras drogas. Nunca me senti tão perdido na vida. Hoje reconheço que preciso de terapia.” Atualmente, ele trabalha em uma escola no interior de Goiás no serviço de reposição de alimentos. “Estou recomeçando minha vida. Espero que meus filhos um dia me perdoem.” A psiquiatra Katia Branco, supervisora do Grupo Pro-Amiti (que trata e estuda o transtorno do controle de impulso) do Hospital das Clínicas de São Paulo, explica que pessoas em vulnerabilidade, nas classes C e D, são as mais atingidas. Esse público costuma procurar melhorias nas condições de vida, mas se deparam com desinformação e publicidade enganosa por todos os lados. Pessoas mais vulneráveis, moradoras de comunidades periféricas e que ganham perto de um salário mínimo viram alvos fáceis, avaliam as especialistas consultadas pela reportagem. As pessoas são atacadas por anúncios que induzem a uma falsa ideia de que o jogo serviria como uma complementação de renda. “São pessoas que querem retornos rápidos induzidas a acreditar que podem ter com as bets. Isso se tornou realmente muito perigoso”. O contexto social eleva a vulnerabilidade das pessoas afetadas pelo transtorno. “Quando você pensa em um jovem que reside numa comunidade, todo o dinheiro que ele perde, impacta na subsistência da família”. Isso impacta a saúde mental dos pacientes. Kátia Branco contextualiza que a distorção da realidade provocada pelos estímulos aumenta a impulsividade da pessoa em maior vulnerabilidade social. O endividamento “em cascata” provoca agravamento de sintomas como depressão, ansiedade e ideação suicida. Ela lamenta ainda o crescimento do número de transmissões esportivas que tratam a aposta como uma brincadeira sem grandes consequências. “Aumentou a procura no ambulatório e em vários serviços em busca de ajuda para o tratamento”, testemunha. A pesquisadora defende a necessidade de preparar melhor os psiquiatras que estão na rede pública. Inclusive porque há uma diversidade de perfis de pacientes, incluindo homens, mulheres, adolescentes e idosos. Segundo a psicóloga Claudia Feres, da secretaria de Saúde do Distrito Federal, o tratamento contra a ludopatia, que é uma doença, leva em conta que se caracteriza por um transtorno de controle dos impulsos. “Aliado agora à tecnologia e a esse mundo das telas, a pessoa tem um cassino na palma da mão para acessar sem sair de casa e a qualquer hora”. Ela explica que é importante tratar a doença dentro da lógica da redução de danos tentando fazer com que a pessoa se afaste do celular. “Há quem comece a usar os joguinhos por desinformação e falta de perspectiva”. A psicóloga explica que as unidades de saúde contam com equipes multidisciplinares para atender pessoas em diferentes estágios da doença. O ideal, segundo ela, é que a própria pessoa e familiares possam procurar atendimento o quanto antes. Há diferentes sinais para gerar atenção: a pessoa evita se socializar, trocar a madrugada pelo dia e demonstra nervosismo. “Nos Caps, pessoas chegam com um pedido de socorro desesperado. Nós fazemos o acolhimento e buscamos trazer a família para perto. A ideia é pensar em estratégias que façam sentido”, afirma a psicóloga. A profissional explica que, ao mesmo tempo em que a pessoa carrega culpa, também leva em conta que o jogo gera um dos únicos prazer que tem. “O paciente perde, além de tudo, o respeito das pessoas. Vai sendo abandonada pela família e também se abandonando”. Há, então, um contexto social que fragiliza o indivíduo. Por isso, pode ser incorreto atribuir a alguém uma predisposição para a doença. “Se você singulariza e responsabiliza unicamente um indivíduo, ignora-se que o problema é muito maior. A solução tem que ser no âmbito coletivo e de políticas públicas também”, afirma. Foi com essa expectativa que outro paciente, que aqui chamaremos de João*, de 32 anos, procurou uma unidade do Caps. Ele, que ficou paraplégico “após uma briga”, faz tratamento semanalmente em um grupo terapêutico e costuma ser acompanhado pela mãe. Eles conseguiram transporte de casa para uma comunidade a 30 quilômetros do Caps que frequenta. A maior preocupação da mãe no momento é que o filho passou a gastar os poucos recursos da família com jogos online hospedados em sites de bets . “Na verdade, não consigo me controlar. Não sei o quanto já perdi” . A mãe espera que nada interrompa o tratamento dele. A psiquiatra Kátia Branco, do Hospital das Clínicas da USP, alerta que o apoio da família se torna fundamental para que os pacientes mantenham a medicação em ordem e as sessões de atendimento. No entanto, há quem ainda resista às terapias mesmo com sinais de dependência. O pedreiro autônomo Ricardo*, de 26 anos, é morador da comunidade do Sol Nascente, a segunda maior favela do Brasil. Ele diz que faz apostas desde 2018 e não contabilizou exatamente o quanto perdeu. “Mais de R$ 100 mil”. Começou a apostar pela curiosidade e pelo que ouviu de amigos que poderia ter um acréscimo de renda e ainda se divertir. Essa é uma alegação falsa e perigosa. No começo, ele até conseguiu ganhar uma ou duas vezes. Não passavam de chamarizes para o que viria depois. Pai de um menino de dois anos de idade, o rapaz viu o relacionamento acabar por causa das dívidas causadas por bets . “Já fiquei até de madrugada. A abstinência bate tão forte que a gente não consegue ter uma noite de sono normal”, explica. Ele acredita que abriu os olhos antes de se afundar mais. Afirma que foi criado por mãe solo e que não teve coragem de contar para ela ter perdido dinheiro em apostas. Ele pôde estudar apenas até a oitava série. “Eu acho que não me considero viciado porque não tive que vender coisas de casa para pagar dívidas”. Ricardo testemunha que é comum haver convites na comunidade para que grupos se reúnam de forma online para trocar ideias sobre como ser mais efetivo na aposta. “As pessoas se unem. O mesmo gráfico (do cassino) que roda para um, dependendo da plataforma, roda para todos. Do mesmo jeito que pagou para mim, vai pagar para o próximo”. Como hoje trabalha de forma autônoma com reformas, sonha um dia poder fazer uma faculdade de engenharia e esquecer dos problemas que já atravessaram sua vida, inclusive ter dificuldade de pagar pensão alimentícia. Para evitar as tentações por mexer no celular durante a madrugada, ele desliga o telefone e tenta manter o mais longe possível do aparelho. Em nota à Agência Brasil, o Instituto Brasileiro de Jogo Responsável (IBJR), que diz representar 75% do mercado brasileiro, afirmou que reconhece a importância do debate sobre a prevenção ao jogo problemático e à proteção das pessoas em situação de vulnerabilidade. “O instituto reforça que as apostas devem ser tratadas sempre como uma forma de entretenimento, nunca como fonte de renda ou alternativa para subsistência”, aponta. A entidade considera que, desde o início do mercado federal regulado, no início do ano passado, as empresas autorizadas passaram a operar com regramento e controle. Considera ainda que o “jogo problemático é uma questão séria” e seu enfrentamento exige atuação coordenada entre poder público, reguladores, empresas, entidades e sociedade para a prevenção e no atendimento das pessoas que necessitem de suporte. Em relação aos anúncios publicitários, os empresários do setor entendem que as ações de comunicação passaram a estar submetidas a regras específicas e rigorosas. “Isso inclui medidas para a proteção de crianças e adolescentes, e a vedação absoluta de mensagens que apresentem as apostas como alternativa de enriquecimento ou solução financeira”. A entidade garante que mantém diálogo constante com o Conselho Nacional de Autorregulamentação Publicitária (Conar). Ao mesmo tempo, opina que a regulamentação brasileira do setor de apostas é uma “das mais modernas do mundo, com obrigações tributárias e normas operacionais”. O IBJR acrescenta que o combate às plataformas ilegais, que não estão submetidas às mesmas regras de fiscalização e controle. “O fortalecimento do ambiente regulado contribui para ampliar a rastreabilidade das operações, a responsabilização dos operadores e os mecanismos de proteção aos apostadores”. Pessoas entrevistadas pela Agência Brasil não tiveram seus nomes identificados na reportagem em função da situação de vulnerabilidade que enfrentam.	Agência Brasil	geral	False
https://agenciabrasil.ebc.com.br/geral/noticia/2026-08/apostador-de-blumenau-sc-leva-premio-de-r-57-milhoes-da-mega-sena	2026-08-23	Apostador de Blumenau (SC) leva prêmio de R$ 57 milhões da Mega-Sena	Números sorteados são: 02 - 06 - 27 - 39 - 44 - 50	Uma aposta simples de Blumenau (SC), feita pela internet, acertou as seis dezenas do Concurso 3.048 da Mega-Sena sorteadas neste domingo (23). O ganhador receberá o prêmio de R$ 57.261.598,10. Os números sorteados são: 02 - 06 - 27 - 39 - 44 - 50 Para o próximo concurso, o prêmio principal está estimado em R$ 3,5 milhões. As apostas podem ser feitas até as 20h (horário de Brasília) de terça-feira (25), em qualquer lotérica do país ou pela internet, no site ou aplicativo da Caixa. A aposta simples, com seis dezenas, custa R$ 6.	Agência Brasil	geral	False
https://agenciabrasil.ebc.com.br/geral/noticia/2026-08/mega-sena-sorteia-premio-de-r-35-milhoes-nesta-terca-feira	2026-08-25	Mega-Sena sorteia prêmio de R$ 3,5 milhões nesta terça-feira	Apostas podem ser feitas até às 20h	A Mega-Sena sorteia nesta terça-feira (25) prêmio estimado em R$ 3,5 milhões. As seis dezenas do concurso 3.049 serão sorteadas a partir das 21h (horário de Brasília) no Espaço da Sorte, em São Paulo. As apostas podem ser feitas até às 20h (horário de Brasília) desta terça-feira (25) em casas lotéricas credenciadas pela Caixa em todo o país ou pela internet, no site ou aplicativo da Caixa. A aposta simples, com seis dezenas, custa R$ 6. No último concurso, foram sorteados os números   02 - 06 - 27 - 39 - 44 - 50  e um apostador de Blumenau (SC) ganhou o prêmio de R$ 57,2 milhões .	Agência Brasil	geral	False
https://agenciabrasil.ebc.com.br/geral/noticia/2026-08/justica-decreta-prisao-de-envolvidos-na-morte-de-advogado-no-rio	2026-08-25	Justiça decreta prisão de envolvidos na morte de advogado no Rio	Rodrigo Crespo foi morto a tiros no centro do Rio em fevereiro de 2024	A Justiça do Rio decretou a prisão preventiva de mais quatro acusados de envolvimento na morte do advogado Rodrigo Crespo, no centro do Rio, em 26 de fevereiro de 2024. O Grupo de Atuação Especializada de Combate ao Crime Organizado (Gaeco) do Ministério Público do Estado do Rio de Janeiro (MPRJ) denunciou o grupo e obteve a decretação da prisão. Nessa segunda-feira (24), a Polícia Civil cumpriu mandado de prisão preventiva contra o policial militar da ativa Renato Franco Lopes, conhecido como Pitbull, lotado no 15º Batalhão de Polícia Militar (BPM), em Duque de Caxias. O contraventor Adilson Oliveira Coutinho Filho, o Adilsinho, e Ryan Patrick Barboza de Oliveira, o Motinha, já estavam presos, e os mandados de prisão foram cumpridos no dia 20 deste mês. Rafael Ferreira Silva, conhecido como Cachoeira, é considerado foragido pela Justiça. De acordo com a denúncia, Adilsinho, apontado como uma das principais lideranças da chamada “nova cúpula do jogo do bicho”, encomendou o assassinato do advogado por considerar que sua atuação representava risco aos seus interesses na exploração do mercado de apostas online, as bets. À época do crime, de acordo com o MPRJ, os chamados “contraventores” estavam se inteirando sobre a entrada no lucrativo mercado de bets, segmento em que Rodrigo Crespo manifestava interesse em investir. As investigações revelaram que ele, inclusive, já buscava financiadores para a implantação de empreendimento de grande porte, além de ter exposto a intenção de abrir um “sports bar” com máquinas semelhantes a caça-níqueis, universo historicamente dominado pelos bicheiros. Confira mais informações sobre o assunto no Repórter Brasil , da TV Brasil A denúncia aponta que Ryan fez a vigilância da vítima nos dias anteriores ao homicídio, identificando os locais e horários favoráveis à execução. Os denunciados Renato e Rafael, por sua vez, forneceram apoio operacional e monitoraram Rodrigo até o momento do crime, permanecendo dentro do veículo utilizado pelo executor. A análise de diversas evidências técnicas revelou que Renato e Rafael estiveram no local do homicídio, bem como em diversos pontos do trajeto percorrido pelo veículo empregado na fuga dos executores. A apuração constatou, inclusive, que os dois se deslocaram para a região onde está localizado o sítio utilizado por Rafael como esconderijo. Além de receber a denúncia do Gaeco pelo crime de homicídio qualificado, o Juízo da 3ª Vara Criminal determinou a manutenção de Adilsinho em presídio federal de segurança máxima pelo prazo de três anos e decretou a suspensão do exercício das funções públicas e do porte de arma do policial militar Renato Franco Lopes. Adilsinho foi preso em fevereiro de 2026 em Cabo Frio, na Região dos Lagos, durante ação conjunta das polícias Federal e Civil, e transferido para o presídio de segurança máxima da Papuda, em Brasília.	Agência Brasil	geral	False
https://agenciabrasil.ebc.com.br/geral/noticia/2026-08/engenharia-social-responde-por-40-das-fraudes-financeiras-no-brasil	2026-08-22	Engenharia social responde por 40% das fraudes financeiras no Brasil	Golpistas usam falsos call centers e operações policiais para enganar	Golpes baseados em engenharia social respondem por 40% dos indícios de fraudes financeiras registrados no Brasil. A estratégia inclui falsos call centers, criminosos que se passam por funcionários de bancos e até falsas operações policiais para convencer vítimas a fornecer dados ou realizar transferências. Segundo pesquisa da recente Quod, datatech especializada em inteligência de dados para o mercado de crédito, no primeiro semestre de 2026, foram registrados mais de 9 milhões de indícios de fraude , entre casos suspeitos e confirmados, alta de 10,26% em relação ao segundo semestre de 2025. A engenharia social representou mais de 3,6 milhões dessas ocorrências. De acordo com a Quod, o celular foi o principal canal usado nos golpes, presente em 78% dos casos. O Pix aparece como meio de movimentação em 85% das ocorrências. A engenharia social explora a confiança e as emoções da vítima, em vez de depender de uma invasão aos sistemas bancários. Os criminosos criam situações de urgência, medo ou falsa autoridade para induzir decisões rápidas. No golpe do falso call center, por exemplo, o criminoso afirma ter identificado uma transação suspeita e orienta a vítima a realizar procedimentos para supostamente proteger a conta. Em falsas operações policiais, o golpista usa a autoridade para intimidar o alvo e exigir movimentações financeiras. Os ataques também podem combinar ligações, WhatsApp, SMS e e-mails durante dias ou semanas antes da tentativa de transferência. A inteligência artificial tornou as abordagens ainda mais convincentes, com clonagem de voz, imagens e produção de documentos falsificados. Para José Oliveira, diretor de Tecnologia da Certta, empresa de verificação inteligente que unifica soluções antifraude em uma única plataforma, a engenharia social atinge uma camada diferente da segurança tradicional. “A IA antifraude não foi desenhada para combater engenharia social, ela foi desenhada para combater fraude. São camadas diferentes de um mesmo problema, onde engenharia social ataca a decisão humana, a fraude ataca o sistema, o documento, a identidade”, diz. O combate às fraudes ganhou novos mecanismos em 2026. A Resolução 501 do Banco Central ampliou o compartilhamento de informações sobre indícios de fraude entre instituições financeiras, enquanto o Registro Unificado de Fraudes (Rufra) concentra dados para identificar padrões e apoiar ações preventivas. As instituições também utilizam inteligência artificial (IA) e biometria comportamental para analisar fatores como dispositivo, horário, localização e histórico de transações. O avanço nos investimentos em IA, no entanto, não tem impedido o crescimento de golpes com o uso de engenharia social. Para Oliveira, a prevenção precisa acontecer antes do prejuízo. “Para as instituições, a lógica precisa ser exatamente a inversa, ou seja, usar tecnologia para reconhecer sinais, antecipar riscos e adaptar a proteção antes que a vulnerabilidade se transforme em prejuízo”, adverte Oliveira. Segundo levantamento recente da Certta e da Nexus – Pesquisa e Inteligência de Dados, apenas 11% das menções relacionadas a golpes e fraudes digitais nas redes tratam de prevenção. “O debate público é dominado por denúncias e buscas por socorro depois que o prejuízo já aconteceu e o brasileiro ainda confunde segurança cibernética com proteção antifraude”, destaca Oliveira. “Para o consumidor, a melhor defesa é aliar tecnologia a um comportamento preventivo. Como quase 78% das fraudes ocorrem via aparelho celular e a engenharia social é o principal motivo dos golpes, a regra é desconfiar do senso de urgência”, adverte o diretor de Produtos e Dados da datatech Quod, Danilo Coelho. Como evitar golpes Os jovens entre 18 e 34 anos representam 49,06% das vítimas, segundo o levantamento da Quod. Pessoas que recebem até dois salários mínimos correspondem a 58% dos atingidos. Ao todo, 3,1 milhões de pessoas foram vítimas de fraudes no primeiro semestre, e cerca de 799 mil sofreram golpes duas ou mais vezes. O cenário mostra que, além do investimento em tecnologia, a prevenção depende da capacidade do usuário de reconhecer tentativas de manipulação antes de autorizar uma operação. “Nunca tome decisões financeiras apressadas durante o expediente de trabalho, período em que os fraudadores aproveitam da distração das vítimas. Não clique em links recebidos por mensagens e não empreste sua conta bancária para receber ou transferir valores de terceiros, pois isso o torna cúmplice e vítima do esquema de 'contas laranja'”, orienta Coelho. Datatech especializada em inteligência de dados para o mercado de crédito, a Quod desenvolve soluções baseadas em inteligência artificial e análise de dados para apoiar instituições financeiras e empresas em decisões de crédito, prevenção a fraudes e recuperação de ativos. A Certta é uma empresa de verificação inteligente que integra, otimiza e desenvolve soluções antifraude para gerar decisões mais seguras. A plataforma da marca permite verificar identidades e documentos, protegendo pessoas e negócios contra golpes.	Agência Brasil	geral	False
https://agenciabrasil.ebc.com.br/geral/noticia/2026-08/morre-veterinaria-atacada-por-cachorro-no-canil-do-senado-federal	2026-08-22	Morre veterinária atacada por cachorro no canil do Senado Federal	Vitória foi mordida no pescoço por um pastor-belga na terça (18)	A veterinária Vitória Valle de Oliveira Pinha, de 36 anos, morreu, neste sábado (22), quatro dias depois de ser atacada por um cachorro pastor-belga no canil do Senado Federal, em Brasília (DF). A informação foi confirmada no final da manhã, em nota, pela assessoria de comunicação da Casa Legislativa. Ela estava internada na unidade de terapia intensiva do Hospital de Base. “O Senado Federal lamenta o falecimento de Vitória Valle de Oliveira Pinha, que atuava como tratadora de animais no Serviço de Cinotecnia da Casa”, diz a nota. O comunicado acrescenta que Vitória foi estagiária no Senado entre os anos de 2022 e 2024. Ela retornou à instituição como profissional terceirizada na prestação do serviço de cuidado dos animais. O Senado manifestou solidariedade à família, amigos e colegas de trabalho de Vitória, e destacou que ela será lembrada pela “dedicação com que sempre desempenhou suas atividades”. Na última terça (18), Vitória foi mordida no pescoço por um pastor-belga e sofreu uma parada cardiorrespiratória com o ataque. Na ocasião, ela foi socorrida por colegas, que acionaram o Corpo de Bombeiros. A veterinária foi submetida a uma cirurgia de emergência. Segundo o site do Senado, o serviço de Cinotecnia tem a finalidade de treinar as equipes da Polícia Legislativa, com o auxílio de cães especializados, para as “atividades de patrulha e policiamento, detecção de substâncias ilícitas, explosivos e armas de fogo, intervenção em distúrbios civis, suporte em busca e apreensão e outras medidas”. O Sindicato dos Servidores do Poder Legislativo Federal e do Tribunal de Contas da União (Sindilegis) manifestou profundo pesar após a confirmação da morte da veterinária durante o exercício de suas atividades profissionais. “Neste momento de dor, o Sindilegis expressa solidariedade à família, aos amigos e aos colegas de trabalho e coloca-se à disposição da família”.	Agência Brasil	geral	False
https://agenciabrasil.ebc.com.br/geral/noticia/2026-08/homem-e-condenado-24-anos-de-prisao-por-morte-de-mulher-trans	2026-08-21	Homem é condenado a 24 anos de prisão por morte de mulher trans	Ele agrediu e estrangulou Bárbara em outubro de 2024	O Conselho de Sentença do 2° Tribunal do Júri da Capital do Rio de Janeiro condenou Vitor Teodoro Cossich a 24 anos de reclusão pelo homicídio de Bárbara Vergetti Martins de Souza, mulher trans, de 34 anos. O motivo decorreu de desentendimento financeiro entre os envolvidos. A condenação dessa quinta-feira (20) tem a agravante de ser por motivo torpe e meio cruel. O condenado também terá de pagar indenização no valor de R$ 30 mil aos familiares da vítima a título de reparação por danos morais.  O julgamento foi presidido pelo juiz Renan de Freitas Ongaratto. O crime ocorreu na madrugada de 30 de outubro de 2024, na casa de Vitor. De acordo com a denúncia, ele agrediu e estrangulou Bárbara, então estudante de Ciências Sociais na Universidade Federal Fluminense até a morte, após desentendimento sobre pagamento após relação sexual. Para conter e matar a vítima, ele usou arma de fogo falsa, um fio e um pano.	Agência Brasil	geral	False
https://agenciabrasil.ebc.com.br/geral/noticia/2026-08/tv-brasil-vence-etapa-distrital-do-premio-sebrae-de-jornalismo	2026-08-21	TV Brasil vence etapa distrital do Prêmio Sebrae de Jornalismo	Conquista é a terceira consecutiva do programa Caminhos da Reportagem	"Pelo terceiro ano consecutivo, o programa Caminhos da Reportagem , da TV Brasil, conquistou a etapa distrital do Prêmio Sebrae de Jornalismo (PSJ), na categoria Vídeo. O reconhecimento veio com uma reportagem que aborda o empreendedorismo como caminho para a autonomia e a dignidade de pessoas com deficiência, grupo que reúne mais de 14 milhões de cidadãos no Brasil. A produção da emissora da Empresa Brasil de Comunicação ( EBC ) mostra como a inovação pode surgir de necessidades pessoais e da identificação de lacunas no mercado. A reportagem também apresenta os obstáculos enfrentados por pessoas com deficiência, entre eles o capacitismo estrutural e a falta de infraestrutura urbana e educacional adequada. Assista aqui à reportagem completa. ""Essa conquista é motivo de muito orgulho para a EBC , pois reconhece nosso compromisso com um jornalismo público de qualidade, atento à diversidade e às histórias que ajudam a transformar a sociedade"", celebra a diretora-presidente da EBC , Antonia Pellegrino. A reportagem vencedora é assinada pela jornalista Marieta Cazarré e contou com a participação de Cleiton Freitas, Patrícia Araújo, Rogério Verçoza, Sigmar Gonçalves, Hugo Madureira, Thiago Souza, Edivan Viana, Cintia Vargas, André Eustáquio, Wagner Maia, Caroline Ramos e Aleixo Leite. Com o encerramento da etapa distrital, os vencedores de cada categoria seguem agora para a etapa regional do Prêmio Sebrae de Jornalismo 2026. Os trabalhos mais bem avaliados nessa fase avançam para a etapa nacional da premiação. O Prêmio Sebrae de Jornalismo chega à 13ª edição como uma vitrine para produções jornalísticas de todo o Brasil que retratam o universo do empreendedorismo e dos pequenos negócios. Em 2026, a premiação teve número recorde de inscrições, com 3.442 trabalhos de todo o país. O objetivo do prêmio é dar visibilidade aos pequenos negócios, que representam cerca de 95% dos empreendimentos formais do país e respondem por 26,5% do Produto Interno Bruto (PIB), sendo responsáveis por cerca de 80% dos empregos formais gerados no país. Clique aqui para conferir os vencedores em todas as categorias."	Agência Brasil	geral	False
https://agenciabrasil.ebc.com.br/geral/noticia/2026-08/mega-sena-acumula-e-proximo-concurso-deve-pagar-r-58-milhoes	2026-08-20	Mega-Sena acumula e próximo concurso deve pagar R$ 58 milhões	Nenhuma aposta acertou as seis dezenas sorteadas nesta quinta-feira	Ninguém acertou as seis dezenas do concurso 3047 da Mega-Sena sorteadas na noite desta quinta-feira (20), no Espaço da Sorte, em São Paulo. Os números sorteados foram 04 - 18 - 22 - 26 - 31 - 58. Com isso, o prêmio principal acumulou. A estimativa para o próximo concurso é de R$ 58 milhões. A quina teve 63 apostas ganhadoras, e cada uma receberá R$ 33.112,49. A quadra registrou 4.395 apostas vencedoras, com prêmio individual de R$ 782,39. *A matéria foi corrigida às 12h02 do dia 21 de agosto	Agência Brasil	geral	False
https://agenciabrasil.ebc.com.br/geral/noticia/2026-08/bancarios-fazem-paralisacao-nacional-de-24-horas-nesta-quinta-feira	2026-08-20	Bancários fazem paralisação nacional de 24 horas nesta quinta-feira	Mobilização deve afetar tanto bancos públicos quanto privados	"Bancários de todo o país fazem paralisação nesta quinta-feira (20). De acordo com a Confederação Nacional dos Trabalhadores do Ramo Financeiro (Contraf), a mobilização deve afetar tanto bancos públicos quanto privados. A categoria reivindica aumento real de salário, valorização dos pisos, vales refeição e alimentação, participação nos lucros e resultados (PLR) e criação de um piso para os trabalhadores de tecnologia da informação (TI). “Não sairemos desta campanha sem a justa valorização dos bancários, que construíram o lucro de R$ 171 bilhões dos bancos em 2025, disse a coordenadora do Comando Nacional e presidenta do Sindicato dos Bancários de São Paulo, Osasco e Região, Neiva Ribeiro. Para ela, uma grande paralisação nesta quinta-feira (20) é fundamental para pressionar os banqueiros a apresentarem uma boa proposta na próxima negociação”. De acordo com a Contraf, os bancos não apresentaram nenhuma proposta de índice de reajuste até o momento. Está agendada para a próxima segunda-feira (24) nova reunião de negociação entre as partes. Os bancários destacam que o patrimônio líquido do setor bancário atingiu, em 2025, o montante de R$ 1,2 trilhão . Segundo a Contraf, o lucro anual por empregado nos bancos é de R$ 438 mil. A entidade ressalta que, em 1995, os bancos privados distribuíam um percentual de PLR que chegava a alcançar 14%; em 2025, distribuíram em média apenas 5,9%. Em nota, a Federação Nacional dos Bancos (Fenaban) afirmou que recebeu, em 24 de junho, a pauta de reivindicações referente à campanha salarial dos bancários. ""As negociações seguem o cronograma estabelecido e esperamos, ao longo desse processo, alcançar um entendimento satisfatório para ambas as partes"", diz o texto. Saiba mais no Repórter Brasil Tarde, da TV Brasil *texto ampliado às 16h43 para incluir posicionamento da Fenaban"	Agência Brasil	geral	False
https://agenciabrasil.ebc.com.br/geral/noticia/2026-08/vitimas-do-acidente-na-br-737-sao-veladas-em-imbituva-PR	2026-08-20	Vítimas do acidente na BR-737 são veladas em Imbituva (PR)	Cerimônia é realizada no ginásio municipal	Sete das 23 vítimas da colisão frontal entre um micro-ônibus e uma carreta na BR-373, em Ipiranga, na região dos Campos Gerais, no Paraná (PR), estão sendo veladas desde o início da madrugada desta quarta-feira (20). Uma cerimônia coletiva é realizada no ginásio municipal de Imbituva, na região central do Paraná. A identificação das vítimas foi concluída na noite de ontem. Outras 16 pessoas são veladas em locais particulares em diversos pontos da cidade. O micro-ônibus saiu de Imbituva levando pacientes da cidade para atendimento médico em hospitais da região metropolitana de Curitiba. Entre as vítimas estão duas crianças, de 6 e 10 anos, além de 21 adultos. Ao todo, são 13 mulheres e oito homens. Sobreviveram uma criança de 9 anos, uma mulher de 26 anos e três homens, de 22, 49 e 50 anos. A mulher de 26 anos e o homem de 22 receberam alta ainda na quarta-feira (19). Segundo a Polícia Rodoviária Federal (PRF), o caminhão seguia no sentido de Ponta Grossa (PR) para Prudentópolis (PR). O acidente ocorreu por volta das 3h30 da madrugada. A polícia científica segue investigando as causas da batida e análises preliminares indicam que o caminhão teria invadido a pista contrária, colidindo de frente com o ônibus. O motorista do caminhão também morreu. A prefeitura de Imbituva decretou luto de três dias e publicou nota de pesar, manifestando “profunda tristeza” pelas mortes. Em suas redes sociais, a administração municipal prestou homenagem, publicando as fotos e os nomes de todas as vítimas. “Neste momento de imensa dor, nos solidarizamos com todos os familiares e amigos, prestando nossa homenagem a cada uma das vidas que partiram”. Em outra publicação, a prefeitura manifesta preocupação com os sobreviventes, desejando que recebam todo o cuidado necessário, força e esperança neste momento. Em vídeo, o secretário municipal de Saúde de Imbituva, José Valdenei Menon, disse que a cidade recebeu a notícia com extrema tristeza, coração em luto e respeito às famílias que sentem essa imensurável dor no coração. “Fica aqui nossa tristeza com os familiares e todos os munícipes, porque é uma dor compartilhada. Por nossos profissionais da secretaria, nosso motorista, as famílias que buscavam ter sua dor amenizada. Desejamos sinceros pêsames. Estamos aqui para prestar nossa solidariedade e compromisso com a população”. Segundo ele, os familiares foram acolhidos na Secretaria Municipal de Saúde e receberam auxílio e orientação de assistentes, sociais e psicólogos. “Os profissionais conversaram com as famílias respeitando este momento de dor, orientando sobre quais seriam os próximos procedimentos e acompanhando os familiares ao Instituto Médico-Legal de Ponta Grossa”, disse Menon. O secretário também agradeceu aos municípios vizinhos que disponibilizaram profissionais para ajudar no acolhimento e orientação dos familiares das vítimas.	Agência Brasil	geral	False
https://agenciabrasil.ebc.com.br/geral/noticia/2026-08/mjsp-centro-de-inteligencia-prisional-comeca-funcionar-em-agosto	2026-08-20	MJSP: centro de inteligência prisional começa a funcionar em agosto	Objetivo é coibir planejamento de crimes de dentro das cadeias	O Ministério da Justiça e Segurança Pública confirmou, nesta quarta-feira (19), que o Centro Nacional de Inteligência Penal (Cnip) iniciará suas operações ainda este mês. A nova estrutura operacional reunirá órgãos de inteligência das polícias penais federal, dos estados e do Distrito Federal, com o objetivo de unificar protocolos de segurança e coibir o planejamento de crimes a partir do interior dos estabelecimentos prisionais brasileiros. Instituído em junho deste ano por meio da Portaria Ministerial 1.234 , o Cnip integra o projeto Padrão Segurança Máxima, que faz parte do programa federal Brasil Contra o Crime Organizado . Responsável por integrar e coordenar a chamada Rede Nacional de Inteligência Penitenciária (Renipen), o Cnip atuará em regime contínuo para integrar, consolidar e difundir informações de inteligência penal, além de monitorar situações de crise e oferecer suporte técnico para a tomada de decisões pela Secretaria Nacional de Políticas Penais e pelos entes federativos. A estratégia ministerial busca sufocar a comunicação entre integrantes de organizações criminosas. O que, segundo o ministro da Justiça e Segurança Pública, Wellington César Lima e Silva, exige integração entre as forças federais e estaduais e uma ação coordenada para impedir a entrada ilegal de aparelhos de telefone celular nos presídios. “O problema do [telefone] celular figura como uma das principais questões ligadas à percepção de segurança pública”, comentou Silva ao participar, nesta quarta-feira, de uma entrevista coletiva sobre as estratégias nacionais de enfrentamento aos ilícitos envolvendo telefones celulares. “Os aparelhos fazem parte de uma cadeia que diz respeito ao furto, ao roubo e à receptação. Em alguns casos, temos um ciclo completo, no qual o dispositivo chega, inclusive, às mãos do crime organizado nos presídios”, acrescentou o ministro. Silva argumenta que a única forma de enfrentar o problema é por meio da integração das forças de segurança pública. Durante a coletiva de imprensa, o ministério apresentou resultados preliminares de ações ostensivas, como a Operação Última Chamada, realizada entre os dias 10 e 19 de agosto. Segundo a pasta, no período, foram recuperados 6.052 aparelhos celulares e executadas 97 prisões em flagrantes. A ação também fiscalizou 227 comércios e enviou mais de 33 mil alertas para pessoas em posse de aparelhos irregulares. Especificamente quanto ao sistema penitenciário, as operações que a Secretaria Nacional de Políticas Penais realizou entre maio e agosto deste ano, em parceria com os estados e o Distrito Federal, resultaram na apreensão de 2.254 aparelhos celulares. Quase 9,9 mil celas de 295 unidades prisionais de todo o país foram revistadas. Ainda segundo o ministério, os roubos e furtos de celulares passaram de 225.644 no primeiro trimestre de 2025 para 215.589 no mesmo período de 2026, resultando em uma redução de 4,5% nesse tipo de ocorrência. Para o secretário nacional de Políticas Penais, André Garcia, as ações desenvolvidas no âmbito do sistema prisional são fundamentais para interromper o furto, roubo, receptação e o comércio ilegal de celulares. “Essa cadeia de crimes termina, ocasionalmente, no sistema prisional. Isso atinge o dia a dia do cidadão, na aplicação de golpes e outras questões relacionadas a execuções de crimes letais intencionais. Por isso, é tão importante, além de compreender essa cadeia, romper o ciclo”, concluiu Garcia.	Agência Brasil	geral	False
https://agenciabrasil.ebc.com.br/geral/noticia/2026-08/explosao-deixa-quatro-feridos-em-predio-de-copacabana	2026-08-19	Explosão deixa quatro feridos em prédio de Copacabana	Parte da garagem e dois apartamentos foram interditados	"O Corpo de Bombeiros foi acionado no final da tarde desta quarta-feira (19) após uma explosão em um prédio residencial na Rua Sá Ferreira, 44, em Copacabana, zona sul do Rio de Janeiro. Equipes do Quartel de Copacabana foram mobilizadas para o local e realizaram a retirada dos moradores do prédio, que possui 13 pavimentos, além do subsolo. Quatro pessoas foram socorridas pela corporação, com ferimentos leves e moderados. Duas vítimas precisaram ser encaminhadas para o Hospital Municipal Miguel Couto, na Gávea, zona sul do Rio. A Defesa Civil do município foi acionada e, após uma avaliação estrutural, verificou que o prédio não corre risco de desabar. Parte da garagem e os dois apartamentos que sofreram abalos com a explosão foram interditados. O tenente-coronel Fábio Contreras, porta-voz da corporação disse que “os bombeiros tiveram de promover a evacuação de toda a edificação, num total de 150 apartamentos, para que pudesse ter certeza que o prédio não tinha risco de colapso estrutural. Equipes da Defesa Civil foram acionadas, fizeram a avaliação e logo depois liberaram o local com algumas interdições parciais.  Nos dois apartamentos que sofreram os abalos no segundo andar e também em parte da garagem do prédio"", explicou. As causas da explosão serão apuradas pela Polícia Civil."	Agência Brasil	geral	False
https://agenciabrasil.ebc.com.br/geral/noticia/2026-08/novas-regras-do-contran-para-lei-seca-preve-pre-teste-entenda	2026-08-19	Novas regras do Contran para Lei Seca prevê pré-teste; entenda	Novidade é o uso do pré-teste na triagem das operações	Começam a valer em todo o país as novas regras do Conselho Nacional de Trânsito (Contran) para fiscalizar motoristas sob influência de álcool ou de outras substâncias psicoativas. A Resolução nº 1.031/2026 revoga normativos de 2013 e traz como novidade a regulamentação do chamado pré-teste ou teste passivo de alcoolemia, usado para triagem durante operações de fiscalização da Lei Seca . De acordo com o texto, qualquer condutor abordado poderá ser submetido aos procedimentos de fiscalização, mesmo que não apresente sinais aparentes de alteração da capacidade psicomotora. Entram em vigor em 60 dias apenas a atualização das fichas de fiscalização e os códigos de enquadramento das infrações. Durante esse período, continuarão em uso os códigos atualmente vigentes. Segundo a norma, o pré-teste é um procedimento não obrigatório, com caráter indicativo, e não poderá ser usado para caracterizar infrações, fundamentar autuações ou responsabilizar o condutor. O aparelho ou a função usados no procedimento não precisam observar as exigências legais definidas para os bafômetros, de acordo com o Artigo 5° da resolução. Quando algum fator técnico ou operacional comprometer a obtenção de um resultado válido, inclusive para afastar eventual detecção de álcool residual no trato respiratório superior, poderá ser feito o reteste. Caso o motorista alegue ter ingerido algum produto que possa ter deixado temporariamente resíduos de álcool na boca, como bombons de licor, enxaguantes bucais e pão de forma, uma nova avaliação terá que ser feita posteriormente, antes de qualquer conclusão. Nos casos em que registrarem auto de infração, os agentes deverão anotar ao menos dois sinais observados que confirmem a alteração da capacidade psicomotora do condutor. A resolução estabelece que a constatação da influência de álcool poderá ser feita por meio de teste do etilômetro, conhecido como bafômetro, ou pela observação de sinais de alteração da capacidade psicomotora do condutor. Para identificar outras substâncias, os servidores dos órgãos de trânsito poderão usar equipamentos tecnicamente certificados pelo Instituto Nacional de Metrologia, Qualidade e Tecnologia (Inmetro). A infração administrativa prevista no Artigo 165 do Código de Trânsito Brasileiro (CTB) , referente à condução de veículo sob influência de álcool ou drogas, poderá ser caracterizada por teste de etilômetro com resultado igual ou superior a 0,05 miligrama de álcool por litro de ar expirado, observadas as margens de tolerância estabelecidas pelo Instituto Nacional de Metrologia, Qualidade e Tecnologia (Inmetro). Também poderão configurar a infração testes positivos para outras substâncias psicoativas ou a constatação de sinais de alteração da capacidade psicomotora. A resolução reforça que a recusa do motorista em se submeter aos procedimentos de fiscalização continua sujeita às penalidades previstas no Artigo 165-A do CTB. No entanto, quando forem identificados ao menos dois sinais de alteração da capacidade psicomotora, poderão ser aplicadas as penalidades do Artigo 165, independentemente da realização dos testes. A nova norma também detalha os procedimentos para caracterização do crime de embriaguez ao volante previsto no Artigo 306 do CTB. Entre os elementos que poderão comprovar o crime estão resultado do etilômetro igual ou superior a 0,34 miligrama de álcool por litro de ar expirado, testes positivos para outras substâncias psicoativas, sinais de alteração da capacidade psicomotora, exame de sangue, laudo pericial médico ou exames laboratoriais especializados. Quando houver configuração do crime, o condutor deverá ser encaminhado à delegacia juntamente com os elementos de prova coletados. A resolução mantém a retenção do veículo até a apresentação de outro condutor habilitado e em condições de dirigir. Caso isso não ocorra, o veículo poderá ser recolhido ao depósito do órgão responsável pela fiscalização. O texto também prevê punições adicionais em situações nas quais o veículo seja devolvido ao motorista autuado por dirigir sob influência de álcool ou drogas após a abordagem. Outra mudança estabelece que, nos casos de óbitos decorrentes de acidentes de trânsito, será obrigatório exame de sangue ou de outro procedimento laboratorial para detectar a presença de álcool ou substâncias psicoativas. De acordo com o Contran, os dados obtidos nesses exames poderão subsidiar o planejamento e a avaliação de políticas públicas de segurança viária. Saiba mais no Repórter Brasil Tarde, da TV Brasil	Agência Brasil	geral	False
https://agenciabrasil.ebc.com.br/geral/noticia/2026-08/brasil-tem-luto-oficial-de-tres-dias-apos-morte-de-atrizes-iconicas	2026-08-19	Brasil tem luto oficial de três dias após morte de atrizes icônicas	Laura Cardoso e Glória Menezes morreram no intervalo de horas	O Brasil cumpre luto oficial de três dias pelas mortes das atrizes históricas e ícones da dramaturgia Laura Cardoso e Glória Menezes . Ambas morreram em intervalo de menos de 24 horas. Os decretos foram publicados em edição extra do Diário Oficial da União na noite dessa terça-feira (18). Laura Cardoso morreu aos 98 anos em São Paulo . A informação foi confirmada em seu perfil oficial na rede social Instagram. Com o nome de batismo Laurinda de Jesus Balleroni, a atriz faria 99 anos em setembro. Glória Menezes morreu em sua casa, no Rio de Janeiro, aos 91 anos . A causa da morte não foi divulgada pela família. Nilcedes Soares de Magalhães, nome oficial da atriz, iniciou a carreira no teleteatro da TV Tupi. Em nota de pesar, o Ministério da Cultura referiu-se a Laura Cardoso como um dos principais nomes da dramaturgia brasileira . “A artista construiu uma carreira de mais de oito décadas e fez parte da história do rádio, do teatro, do cinema e da televisão no país.” Numa segunda nota, a pasta citou Glória Menezes como referência da teledramaturgia nacional. “Marcou diferentes gerações ao longo de mais de seis décadas de carreira, com personagens de destaque na televisão e trabalhos no teatro e no cinema.”	Agência Brasil	geral	False
https://agenciabrasil.ebc.com.br/geral/noticia/2026-08/acidente-entre-onibus-e-caminhao-mata-23-pessoas-em-estrada-no-parana	2026-08-19	Acidente entre ônibus e caminhão mata 23 pessoas em estrada no Paraná	Cinco feridos foram levados para atendimento em Ponta Grossa	Um choque frontal entre um micro-ônibus e uma carreta na BR-373, na região dos Campos Gerais (PR) deixou, pelo menos, 23 pessoas mortas e quatro feridas. O acidente aconteceu na madrugada desta quarta-feira (19), por volta das 3h30, na altura do quilômetro 209 entre as cidades de Imbituva e Ponta Grossa, segundo a Polícia Rodoviária Federal (PRF). O caminhão seguia no sentido de Ponta Grossa (PR) para Prudentópolis (PR). O ônibus, de Imbituva, seguia para hospitais na Região Metropolitana de Curitiba, para atendimento médico. Das 23 vítimas (21 adultos e duas crianças), 22 estavam no micro-ônibus. A outra morte foi a do motorista que conduzia o caminhão. O micro-ônibus era da Secretaria de Saúde de Imbituva, e a carreta era da cidade de Erechim, no Rio Grande do Sul. Neste momento, a polícia científica investiga as causas da batida e há viaturas do SAMU e do Corpo de Bombeiros no local. Segundo informações da PRF, análises preliminares indicam que o caminhão teria invadido a pista contrária e colidiu de frente com o ônibus. As cinco pessoas feridas foram levadas para um hospital em Ponta Grossa (PR). Devido ao acidente, a pista está totalmente interditada e ainda não há previsão de ser liberada. No momento da publicação deste texto, havia congestionamento de cinco quilômetros no sentido Ponta Grossa e 12 quilômetros no sentido Prudentópolis. Saiba mais sobre o acidente no Repórter Brasil Tarde, da TV Brasil	Agência Brasil	geral	False
https://agenciabrasil.ebc.com.br/geral/noticia/2026-08/corpos-das-vitimas-de-acidente-no-parana-sao-retirados-da-pista	2026-08-19	Corpos das vítimas de acidente no Paraná são retirados da pista	Batida entre ônibus e caminhão aconteceu nesta madrugada	As equipes de resgate já retiraram da pista os corpos das 23 pessoas que morreram após a batida frontal entre um micro-ônibus e uma carreta na BR-373, na madrugada desta quarta-feira (19), entre as cidades de Ponta Grossa e Imbituva. Cinco pessoas ficaram feridas e foram encaminhadas para um hospital em Ponta Grossa. A pista segue totalmente interditada nos dois sentidos e a previsão de liberação é a partir das 10h20. Segundo dados da concessionária Via Araucária, as vítimas do acidente são 13 mulheres, oito homens e duas crianças. Os cinco feridos encaminhados para um hospital em Ponta Grossa são três homens com idades entre 22, 50 e 49 anos; uma mulher de 26 anos e uma criança de 9 anos. De acordo com as informações da Polícia Rodoviária Federal (PRF), os corpos serão agora encaminhados para a Unidade de Execução Técnico-Científica (UETC) da Universidade Estadual de Ponta Grossa (UEPG), onde serão feitos exames periciais para a identificação das vítimas. Apenas após esse processo é que serão confirmadas oficialmente as vítimas do acidente para que as famílias possam ser avisadas pelas autoridades. A equipe científica ainda analisa as circunstâncias da batida para determinar as responsabilidades. Uma avaliação preliminar da PRF indica que o caminhão teria invadido a pista contrária onde trafegava o micro-ônibus. No momento do choque entre os dois veículos não chovia e também não havia neblina.	Agência Brasil	geral	False
https://agenciabrasil.ebc.com.br/geral/noticia/2026-08/oab-rio-recebe-mais-de-2-mil-denuncias-do-golpe-do-falso-advogado	2026-08-19	OAB Rio recebe mais de 2 mil denúncias do golpe do falso advogado	Entidade faz campanha para evitar novas vítimas	"Com mais de duas mil denúncias sobre o golpe do falso advogado, a Ordem dos Advogados do Brasil, seção Rio de Janeiro (OABRJ) lançou uma ação de conscientização contra o golpe do falso advogado. A iniciativa visa ampliar a divulgação de orientações para evitar novas vítimas. Até julho de 2026, a Corregedoria da seccional identificou mais de duas mil denúncias sobre esse tipo de fraude no estado do Rio de Janeiro. “Nossa principal dica é: desconfie de qualquer pedido de dinheiro ou Pix feito a partir de um número de telefone desconhecido, ainda que você receba uma mensagem com a voz do suposto advogado. Antes de tudo, não efetue pagamentos de pedidos urgentes. Entre em contato com o seu advogado pelos canais que vocês costumam conversar"", orientou a presidente da OABRJ, Ana Tereza Basilio. Representantes da seccional distribuíram na estação Carioca do Metrô as cartilhas produzidas pela OABRJ com o apoio do Instituto Brasileiro de Pesquisa e Educação Jurídica (Ibrapej). O material explica o que é o golpe, quais são as variações e os sinais de alerta, além de como se prevenir, e cita ainda canais de atendimento. A subcorregedora da OABRJ Kátia Rubinstein Tavares destacou que os golpistas se passam por profissionais da advocacia, dão informações muitas vezes equivocadas e enganam as pessoas que aguardam o resultado do seu processo . ""Diante desses casos, denuncie, enviando um e-mail para corregedoria.denuncia@oabrj.org.br. É necessário cada vez mais fortalecermos o combate a esse golpe"", avaliou. A presidente da Comissão Especial de Combate ao Golpe do Falso Advogado da OABRJ, Luciana Pires, explicou como os estelionatários conseguem acessar as pessoas que têm ações na Justiça. ""Os processos são públicos, então todos têm acesso às informações, e alguns se aproveitam da fragilidade das pessoas para pedir dinheiro"". Entre as ações já realizadas pela OABRJ para combater o golpe do falso advogado está a solicitação para que o Tribunal de Justiça do Rio de Janeiro adote medidas que dificultem o acesso dos golpistas a informações processuais, como a restrição nos filtros de busca no sistema de consulta de processo. A OABRJ também tem solicitado aos advogados e advogadas inscritos a assinatura de um manifesto a favor da aprovação do Projeto de Lei nº 4.709/2025, que criminaliza a prática."	Agência Brasil	geral	False
https://agenciabrasil.ebc.com.br/geral/noticia/2026-08/pf-apreende-100-kg-de-droga-que-iriam-para-o-complexo-do-alemao	2026-08-19	PF apreende 100 kg de droga que iriam para o Complexo do Alemão	Dois homens foram presos em um caminhão na BR 101	Agentes da Polícia Federal prenderam em flagrante dois homens que transportavam cerca de 100 kg de maconha em um caminhão, que trafegava pela rodovia BR 101, altura do município de Itaboraí, região metropolitana do Rio. Os policiais federais lotados na Delegacia de Repressão a Drogas (DRE) abordaram o caminhão que apresentava características suspeitas durante fiscalização. A equipe localizou a droga escondida atrás de sacas de erva seca com odor característico de alecrim, artifício usado na tentativa de disfarçar o cheiro do entorpecente e dificultar a detecção. A carga de maconha vinha do Nordeste e tinha como destino o Complexo do Alemão, na zona norte da capital, dominado pela facção criminosa Comando Vermelho. A ação está alinhada às diretrizes estabelecidas no âmbito da ADPF 635 (STF) , conhecida como ADPF das Favelas, com foco na desarticulação logística e financeira de organizações criminosas. As operações priorizam o bloqueio de rotas estratégicas utilizadas para o tráfico de drogas e armas, inclusive quando destinadas ao abastecimento de áreas sob influência criminosa.	Agência Brasil	geral	False
https://agenciabrasil.ebc.com.br/geral/noticia/2026-08/mega-sena-sorteia-premio-acumulado-de-r-50-milhoes-nesta-quinta-feira	2026-08-20	Mega-Sena sorteia prêmio acumulado de R$ 50 milhões nesta quinta-feira	Apostas podem ser feitas até às 20h	A Mega-Sena sorteia nesta quinta-feira (20) prêmio estimado em R$ 50 milhões. As seis dezenas do concurso 3.047 serão sorteadas a partir das 21h (horário de Brasília) no Espaço da Sorte, em São Paulo. As apostas podem ser feitas até às 20h (horário de Brasília) desta quinta-feira (20) em casas lotéricas credenciadas pela Caixa em todo o país ou pela internet, no site ou aplicativo da Caixa. A aposta simples, com seis dezenas, custa R$ 6. No último concurso, foram sorteados os números  16 – 23 – 24 – 33 – 36 – 52  e nenhum apostador acertou as seis dezenas .	Agência Brasil	geral	False
https://agenciabrasil.ebc.com.br/geral/noticia/2026-08/mega-sena-acumula-para-r-50-milhoes-confira-os-numeros-sorteados	2026-08-18	Mega-Sena acumula para R$ 50 milhões; confira os números sorteados	Números sorteados são: 16 – 23 – 24 – 33 – 36 – 52	Nenhum apostador acertou as seis dezenas do Concurso 3.046 da Mega-Sena, realizado nesta terça-feira (18). O prêmio acumulou e está estimado em R$ 50 milhões para o próximo sorteio. Os números sorteados são: 16 – 23 – 24 – 33 – 36 – 52 Para o próximo concurso, as apostas podem ser feitas até as 20h (horário de Brasília) de quinta-feira (20), em qualquer lotérica do país ou pela internet, no site ou aplicativo da Caixa. A aposta simples, com seis dezenas, custa R$ 6.	Agência Brasil	geral	False
https://agenciabrasil.ebc.com.br/geral/noticia/2026-08/morre-atriz-laura-cardoso-aos-98-anos-em-sao-paulo	2026-08-18	Morre atriz Laura Cardoso aos 98 anos, em São Paulo	Velório começou às 8h e segue até as 14h na capital paulista	A atriz Laura Cardoso morreu aos 98 anos em São Paulo. A informação foi confirmada nesta terça-feira (18) em seu perfil oficial na rede social Instagram. O velório começou às 8h e segue até as 14h na Funeral Home, localizada na Rua São Carlos do Pinhal, 376, bairro Bela Vista, na capital paulista. Nascida Laurinda de Jesus Balleroni, Laura Cardoso faria 99 anos em setembro. Ao longo de sua carreira, interpretou mais de 60 personagens na televisão, incluindo dona Izaura, na novela Mulheres de Areia , Guiomar, em A Viagem , e Sinhana Coragem, em Irmãos Coragem . As últimas aparições de Laura na televisão foram como dona Sinhá, em Sol Nascente , e como Caetana de Souza, em O Outro Lado do Paraíso , já aos 90 anos. Com atuação no cinema, televisão e teatro Laura Cardoso recebeu vários prêmios por suas atuações. Como atriz coadjuvante, levou o prêmio Grande Otelo em três ocasiões por sua atuação em Copacabana (2002), O Outro Lado da Rua (2005), De Onde Eu Te Vejo (2017). Recebeu o prêmio APCA, da Associação Paulista de Críticos de Arte, em cinco ocasiões. Na televisão, foi laureada como Melhor Atriz por Os Apóstolos de Judas (1977) e Irmãos Coragem (1995). No cinema, levou o prêmio de Melhor Atriz por Através da Janela (2001). Por fim, levou o APCA como Melhor Atriz em Teatro por Vem Buscar-me que Ainda Sou Teu (1990) e Vereda da Salvação (1993). Pelo conjunto de sua obra, foi homenageada com o prêmio Guarani Honorário, em 2021, e o Troféu Oscarito, no Festival de Gramado, em 2023. Também foi laureada duas vezes com o Troféu Imprensa de Melhor Atriz por sua atuação em A Noite Eterna (1963) e Moulin Rouge, a Vida de Tolouse-Lautrec (1964) Saiba mais sobre a vida e obra de Laura Cardoso no Repórter Brasil Tarde, da TV Brasil Nas redes sociais, diversos nomes da dramaturgia brasileira lamentaram a morte de Laura e homenagearam a trajetória da atriz. “Laura era gigante, compulsiva e tinha um talento que não cabia em seu corpo pequeno”, escreveu o ator Miguel Falabella, ao postar uma foto ao lado da atriz. O ator Ary Fontoura se referiu à atriz como “amiga querida” e “companheira de tantas caminhadas”. “Essa luz, esse sorriso e esse brilho jamais serão esquecidas.” A atriz e cantora Zezé Motta postou uma foto de Laura e destacou que a arte brasileira se despede “de uma de suas maiores damas”. “Laura foi grande, foi inteira, foi eterna”. Um post compartilhado por Zezé Motta (@zezemotta) Texto ampliado às 8h40	Agência Brasil	geral	False
https://agenciabrasil.ebc.com.br/geral/noticia/2026-08/defesa-civil-reconhece-situacao-de-emergencia-em-oito-municipios-do-rs	2026-08-17	Defesa Civil reconhece situação de emergência em oito municípios do RS	Cidades foram afetadas por tempestades, granizo e inundações	A Secretaria Nacional de Proteção e Defesa Civil reconheceu a situação de emergência em oito municípios do Rio Grande do Sul afetados por desastres naturais. A Portaria nº 2.606, publicada nesta segunda-feira (17) no Diário Oficial da União , abrange municípios atingidos por chuvas intensas, granizo e inundações nos meses de julho e agosto. Veja a lista completa . Com a medida, as prefeituras podem solicitar recursos federais para ações de assistência à população, restabelecimento de serviços essenciais e recuperação das áreas afetadas. Entre os municípios que tiveram a situação de emergência reconhecida por causa de chuvas intensas estão Água Santa, Anta Gorda, Ernestina, General Câmara, Porto Xavier e Vila Maria. O município de Redentora foi afetado por queda de granizo, enquanto São José do Hortêncio registrou inundações. Confira mais informações sobre o assunto no Repórter Brasil , da TV Brasil O reconhecimento federal é uma etapa necessária para que os municípios tenham acesso a apoio complementar da União. Após a aprovação dos planos de trabalho apresentados pelas administrações locais, os recursos podem ser destinados a medidas como distribuição de cestas básicas, fornecimento de água potável, kits de limpeza e higiene, além da recuperação da infraestrutura pública danificada.	Agência Brasil	geral	False
https://agenciabrasil.ebc.com.br/geral/noticia/2026-08/petropolis-onibus-nao-podia-fazer-transporte-interestadual-diz-antt	2026-08-17	Petrópolis: ônibus não podia fazer transporte interestadual, diz ANTT	Para a agência, operação foi caracterizada como transporte clandestino	O ônibus de placa AKY-3454, envolvido no acidente que provocou a morte de 10 pessoa nestes domingo (16), não está habilitado nos sistemas da Agência Nacional de Transportes Terrestres (ANTT) para fazer transporte interestadual de passageiros. A informação é do órgão regulador. “Diante das informações disponíveis até o momento, a operação é caracterizada como transporte clandestino de passageiros”, acrescentou em nota a ANTT. O coletivo com a identificação Estrela Guia Turismo saiu de Belo Horizonte e tinha como destino a capital Rio de Janeiro, quando tombou na descida da Serra de em Petrópolis , BR 040, na madrugada do domingo. De acordo com a Agência, o veículo está registrado em nome da Dinna Ellles Turismo, com comunicação de venda para a PIT Tur Transportes Ltda. “Nenhuma das duas empresas está habilitada pela ANTT”, indicou. Ainda conforme a ANTT, também não foi localizada empresa habilitada com o nome Estrela Guia Turismo, que seria a responsável pela viagem. “O ônibus apresenta ainda adesivo da ANTT em nome da empresa Samara, que também está inapta”, completou. Em resposta à nota da ANTT, o advogado Aroldo Leão Braz, da assessoria jurídica da Estrela Guia, informou que a empresa não fará manifestações sobre o caso. “Eventuais esclarecimentos e manifestações serão apresentados oportunamente nos autos dos processos dos quais a empresa venha a fazer parte”, relatou. De acordo com a Polícia Rodoviária Federal (PRF), 56 pessoas estavam a bordo, entre elas o motorista e dois ajudantes. O Hospital Santa Teresa, em Petrópolis, informou que recebeu 11 vítimas do acidente. “Do total, seis pacientes receberam atendimento e tiveram alta, com as devidas orientações médicas. Outros cinco permanecem internados e seguem sob os cuidados das equipes assistenciais”, acrescentou. Já a Prefeitura de Duque de Caxias disse que o Hospital Municipalizado Adão Pereira Nunes recebeu 14 vítimas do tombamento. Segundo a unidade, Alessandra Pereira, 34 anos, morreu às 7h56, quando recebia os primeiros socorros. A direção do HMAPN, disse também que dos 13 pacientes socorridos para a unidade, oito receberam alta hospitalar. “Seguem internados no HMAPN duas crianças (meninas) com quadro estável de saúde; três adultos (duas mulheres e um homem), todos com quadro estável de saúde”. Na nota, a Secretaria de Estado da Polícia Civil (Sepol) apontou ainda que os corpos de nove vítimas foram encaminhados ao Posto Regional de Polícia Técnico-Científica (PRPTC) de Petrópolis, onde passaram por exames periciais. “Elas foram identificadas como: Jhennifer Ferreira Carvalho, de 33 anos, Lavinia Eduarda Souza Dias, de 7 anos, Luciana Ferreira Carvalho, de 53 anos, Ketelyn Polyane Alves de Oliveira, de 19 anos, Keyla Perucci da Silva, de 35 anos, Priscilla de Souza Braz, de 33 anos, Natália Fimiano de Barros, de 34 anos, Dayanna de Lima Viana, de 36 anos, e Vânia Elida de Jesus Crispim, de 33 anos”, revelou. Segundo a Sepol, ainda não há a identificação da décima vítima. Também em nota, a Estrela Guia manifestou “profundo pesar pelo grave acidente ocorrido e se solidariza com as vítimas, seus familiares e todos os envolvidos neste momento de profunda dor e consternação”. A empresa afirmou que presta apoio às famílias das vítimas, “inclusive colaborando com o translado dos corpos para seus locais de destino, bem como disponibilizando suporte para o transporte dos sobreviventes até suas respectivas residências, conforme as necessidades de cada família”. Veja mais detalhes no Repórter Brasil da TV Brasil:	Agência Brasil	geral	False
https://agenciabrasil.ebc.com.br/geral/noticia/2026-08/contran-aprova-novas-regras-para-fiscalizacao-da-lei-seca	2026-08-18	Contran aprova novas regras para fiscalização da Lei Seca	Atualização regulamenta procedimentos, mas não cria novas infrações	O Conselho Nacional de Trânsito (Contran) aprovou nesta segunda-feira (17) novas regras para os procedimentos de fiscalização da Lei Seca ( Lei nº 11.705/2008 ), que busca inibir o consumo de bebidas alcoólicas por motoristas em todo o Brasil. Segundo a Secretaria de Comunicação Social (Secom) da Presidência da República, os conselheiros não criaram nenhum novo tipo de infração, limitando-se a atualizar e regulamentar alguns procedimentos de fiscalização em vigor desde 2013 . Com a nova regulamentação, os conselheiros estabeleceram critérios claros para a triagem de condutores, bem como para a aplicação dos testes de presença de álcool e/ou de outras substâncias psicoativas e para os retestes. A resolução também define novos critérios para o uso dos equipamentos de fiscalização e prevê a atualização do Manual Brasileiro de Fiscalização de Trânsito, para padronizar a atuação dos agentes de trânsito em casos em que os condutores se recusem a se submeter ao teste de alcoolemia. “Para o condutor que não realizar o procedimento, a regulamentação diferencia os enquadramentos; disciplina como cada situação deve ser registrada e determina que, em uma mesma abordagem, não sejam lavrados simultaneamente autos de infração por dirigir sob influência de álcool ou outras substâncias psicoativas e por se recusar ao exame comprobatório destinado a verificar essa condição”, antecipou a Secom. Ainda de acordo com a secretaria, as novas regras nacionais já são aplicadas nas operações nacionais da Polícia Rodoviária Federal (PRF) e em vários estados, como Espírito Santo, Mato Grosso do Sul, Rio Grande do Sul e Rio de Janeiro . A resolução institui uma fase de triagem durante as operações de fiscalização de trânsito, durante a qual o órgão responsável poderá empregar o pré-teste ou o teste passivo de alcoolemia. “O resultado dessa primeira verificação terá caráter exclusivamente orientativo e, isoladamente, não poderá fundamentar autuação ou caracterizar a condução sob influência de álcool”, informou a Secom, explicando que, nesses casos, será necessária a continuidade das avaliações probatórias previstas na norma. A nova regra determina em quais situações o reteste deverá ser realizado. “A medida será necessária quando algum fator técnico ou operacional comprometer a obtenção de um resultado válido, inclusive para afastar eventual detecção de álcool residual no trato respiratório superior”, acrescentou a Secom. Caso o motorista alegue ter ingerido algum produto que possa ter deixado temporariamente resíduos de álcool na boca, como bombons de licor, enxaguantes bucais e pão de forma, uma nova avaliação terá que ser feita “posteriormente”, antes de qualquer conclusão. Nos casos em que registrarem auto de infração, os agentes de fiscalização deverão anotar ao menos dois sinais observados que confirmem a alteração da capacidade psicomotora do condutor . A nova resolução estabelece que, para identificar outras substâncias além do álcool, os servidores dos órgãos de trânsito poderão usar equipamentos tecnicamente certificados por organismos certificados pelo Instituto Nacional de Metrologia, Qualidade e Tecnologia (Inmetro). A regulamentação estabelece os procedimentos para o uso desses equipamentos, sem vincular a fiscalização a uma tecnologia ou ferramenta específica. A resolução entrará em vigor assim que for publicada no Diário Oficial da União ─ o que, segundo a Secom, deve ocorrer em breve ─, com exceção das alterações que atualizam as fichas de fiscalização e os códigos de enquadramento das infrações, que começam a valer 60 dias após a publicação. Durante esse período, continuarão em uso os códigos atualmente vigentes. Para explicar as principais mudanças resultantes da resolução, a Secom elaborou um texto com perguntas e respostas básicas sobre a medida. Veja abaixo os principais esclarecimentos. São substâncias capazes de alterar o funcionamento do sistema nervoso central e comprometer a capacidade de dirigir, como substâncias ilícitas e outras substâncias que determinem dependência. Sim. A Resolução prevê que o auto de infração deverá conter, entre outras informações, o tipo de substância detectada pelo equipamento. Não. O resultado é qualitativo, indicando a presença da substância psicoativa, e não sua concentração. A utilização dependerá da disponibilidade dos órgãos fiscalizadores e da existência de equipamentos certificados conforme os requisitos estabelecidos pela Resolução. Somente poderão ser utilizados equipamentos certificados no âmbito do Sistema Brasileiro de Avaliação da Conformidade (SBAC), por organismo regulado pelo Instituto Nacional de Metrologia, Qualidade e Tecnologia (Inmetro). A recusa continua sujeita às consequências previstas no art. 165-A do CTB, conforme disciplinado pela Resolução. E os agentes de fiscalização ainda poderão usar os sinais de alteração da capacidade psicomotora, pois a verificação dos sinais permanece como um dos meios de fiscalização previstos na Resolução. Não. O etilômetro continua sendo utilizado normalmente para fiscalização do consumo de álcool. A novidade é a inclusão de equipamentos específicos para outras substâncias psicoativas. Sim. A verificação dos sinais de alteração da capacidade psicomotora continua sendo um dos meios legalmente previstos para a fiscalização, assim como o etilômetro nos casos de consumo de álcool. *Com informações divulgadas pela SECOM/Presidência	Agência Brasil	geral	False
https://agenciabrasil.ebc.com.br/geral/noticia/2026-08/anac-suspende-quatro-empresas-de-voos-panoramicos-que-operavam-no-rio	2026-08-18	Anac suspende quatro empresas de voos panorâmicos que operavam no Rio	Agência reforçou fiscalização após acidentes com aeronaves	"A Agência Nacional de Aviação Civil (Anac) suspendeu quatro empresas de voos panorâmicos que operavam na cidade do Rio de Janeiro. O balanço foi divulgado nesta terça-feira (18) em entrevista coletiva na sede do Centro de Operações e Resiliência (COR) da prefeitura do Rio, na região central da capital fluminense. A Anac intensificou, na última semana, as ações de fiscalização em empresas e aeronaves que operam voos panorâmicos na cidade. Segundo a agência reguladora, atualmente, 12 empresas autorizadas utilizam 46 aeronaves nessa atividade. Os dados apurados nas operações até esta segunda-feira (17) mostram que, das 12 empresas, nove foram fiscalizadas. Dessas, quatro tiveram os serviços suspensos. “Estamos falando de 50% até hoje das atividades de voos panorâmicos do Rio de Janeiro que estão com algum tipo de irregularidade. Esse é um número preocupante e altíssimo”, apontou  o diretor-presidente da agência, Tiago Chagas Faierstein. Entre as 46 aeronaves, 18 passaram por fiscalização e nove foram suspensas. As operações incluem auditorias nos Sistemas de Gerenciamento da Segurança Operacional (SGSO) e a verificação do cumprimento de procedimentos operacionais, vistorias e inspeções técnicas em aeronaves. As ações aumentaram após uma solicitação da prefeitura do Rio diante dos acidentes de helicópteros que ocorreram na capital fluminense nos últimos meses. “As fiscalizações são ações ordinárias da Anac. No entanto, diante dos fatos ocorridos na cidade do Rio de Janeiro nos últimos meses, foi necessário o reforço nas ações, especialmente em relação às empresas que oferecem serviços de voos panorâmicos”, disse Faierstein, que participou da entrevista coletiva ao lado do prefeito Eduardo Cavaliere. A prefeitura do Rio e a Anac realizam um trabalho conjunto para organizar o uso de helicópteros em voos panorâmicos na cidade. O acerto é resultado de um pedido da administração municipal após acidentes com esse tipo de aeronave. “Desde janeiro, infelizmente perdemos 13 vidas aqui na cidade do Rio de Janeiro envolvendo acidentes aéreos com helicópteros, que obviamente despertam alerta e chamam atenção e fazem com que a população, a sociedade e as autoridades públicas alertem em relação a este tema”, disse o prefeito. “As fiscalizações reforçam o compromisso da Anac com a segurança dos passageiros e a regularidade das operações de voo”, completou. A administração municipal e a Anac estão trabalhando em conjunto para reduzir os riscos nos voos panorâmicos, que estão sendo mais procurados, de acordo com o prefeito, em consequência do aumento dos turistas na cidade. “Com muito orgulho temos aeroportos sólidos, com volume grande de voos. A gente tem recebido cada vez mais turistas, parte do que a gente está discutindo aqui tem a ver com isso. Saíram dados, hoje, de recorde histórico do Brasil de turistas novamente. Isso obviamente foi puxado pelo Galeão”, observou o prefeito. “A prefeitura fez um trabalho de olhar a parte de autorização, exploração de atividade econômica e, nesse acordo com a prefeitura, pretendemos integrar a troca de informações para sermos mais fortes na fiscalização do Rio de Janeiro”, explicou o diretor-presidente da Anac. Faierstein assegurou que a agência tem o compromisso de fiscalizar constantemente as empresas e os helicópteros que operam voos panorâmicos no Rio. Segundo ele, essas ações são sigilosas e envolvem um trabalho de inteligência. ""Vão continuar acontecendo até que se fiscalize todas e de maneira frequente e permanente”, informou, adiantando ao prefeito que a Anac vai fiscalizar também as operações de táxi-aéreo e as empresas de manutenção no Rio de Janeiro. “Vamos fiscalizar todas as empresas de manutenção, porque às vezes o problema não é no helicóptero que está fazendo o voo, mas na empresa que fez a manutenção de maneira errada ou que burlou algum documento de manutenção. Vamos fiscalizar todo esse ecossistema para garantir e ter certeza que voar de helicóptero no Rio de Janeiro e no Brasil é seguro”, disse. O diretor-presidente lembrou que existem empresas sérias que cumprem os regulamentos e estão fazendo os seus trabalhos de forma correta com autorização para realizar voos de maneira segura. “Mas o que temos que combater é quem está operando de maneira irregular”, reforçou. Faierstein reconheceu que o órgão não tem condições de fiscalizar todas as empresas e voos panorâmicos no país, por isso, apontou que é necessário receber auxílio de quem participa da atividade. “A aviação é feita por camadas. Tem o piloto com sua responsabilidade, a empresa, o órgão regulador, os fabricantes de peças de aeronaves. Todas essas camadas funcionando juntas são o que torna a aviação segura não só no Brasil, mas no mundo”, afirmou. O diretor-presidente também chamou a atenção para a importância da participação dos próprios usuários de voos panorâmicos. “As pessoas podem denunciar o que está acontecendo. É importante falar que temos uma plataforma chamada Voe Seguro, onde o usuário pode botar o prefixo da aeronave e saber se aquela que está entrando é autorizada para a atividade. A gente precisa que as pessoas consultem.” Faierstein anunciou que a Anac vai fazer a revisão do Regulamento Brasileiro da Aviação Civil 136 (RBAC 136), cujo foco são operações de voos panorâmicos. A intenção é aprimorar os requisitos de segurança operacional, considerando a evolução do setor, as características regionais e as boas práticas internacionais. A revisão vai alcançar os requisitos organizacionais das empresas, qualificação de tripulações, manutenção e gestão da segurança operacional. A agência conta com a participação social e consulta pública. O secretário municipal da Casa Civil, Leandro Matieli, informou que a prefeitura suspendeu o uso do heliponto da Lagoa por empresas de voo panorâmico. Conforme explicou, a partir do acidente com o helicóptero que caiu na Floresta da Tijuca , no dia 8 de agosto, e provocou a morte de três turistas chilenas e do piloto, a administração municipal identificou que cinco empresas que tinham autorização de operação por meio do RBAC 136, exclusivo para voos panorâmicos, não obedeciam ao regulamento de partir e retornar de um mesmo ponto. “Identificamos a possibilidade de essas empresas estarem burlando a norma e utilizando o próprio heliponto da Lagoa para desembarque de passageiros. A partir do momento que identificamos isso, foi informado às empresas, e no Diário Oficial de segunda-feira suspendemos a operação nesse heliponto. Desde o início da semana, essas cinco empresas estão proibidas de operar no heliponto da Lagoa”, disse. Além da queda do helicóptero na Floresta da Tijuca, duas aeronaves se chocaram no ar e caíram no bairro do Recreio dos Bandeirantes, zona sudoeste do Rio de Janeiro, no dia 14 de junho. Nesse acidente, morreram seis pessoas. Confira mais informações sobre o assunto no Repórter Brasil , da TV Brasil"	Agência Brasil	geral	False
https://agenciabrasil.ebc.com.br/geral/noticia/2026-08/fenomeno-das-bikes-eletricas-e-tema-do-caminhos-da-reportagem	2026-08-17	Fenômeno das bikes elétricas é tema do Caminhos da Reportagem	Veículos em circulação cresceram 37 vezes em oito anos	"Em oito anos, o número de bicicletas elétricas, autopropelidos e ciclomotores em circulação no país cresceu 37 vezes, saltando de 7,6 mil em 2016 para 284 mil em 2024, segundo dados do setor. O programa, que vai ao ar nesta segunda-feira (17) às 23h na TV Brasil, mostra o que está por trás desses números impressionantes e como as cidades estão lidando com o fenômeno. Esses veículos, que já fazem parte do dia a dia das grandes cidades brasileiras, como Rio de Janeiro e São Paulo, podem ser encarados como solução para pequenos deslocamentos nesses locais, mas também representam riscos para quem convive com esse novo meio de transporte. “A população, de forma espontânea, foi comprando e utilizando cada vez mais e aí a gente entra nas discussões de como é que tá sendo esse uso, que tem crescimento muito grande e acaba tendo conflitos em relação ao uso, diz Luiz Saldanha, diretor executivo da Aliança Bike, que representa organizações do setor, como lojistas e fabricantes. Para ele, a população já entendeu que é um veículo que soluciona problemas. ""Falta entender como é que a gente consegue encaixar esses veículos e ordená-los no dia-a-dia”. Os conflitos entre esses veículos mais leves e outros mais pesados já gerou tragédias, como a morte do menino Chico, de 9 anos, e sua mãe, em uma rua da zona norte do Rio de Janeiro . Eles estavam em um autopropelido quando foram atropelados por um ônibus, em março deste ano. “Muitas vezes a gente pensa: ""Ah, isso acontece muito pouco.  Quantos casos você sabe? Mas basta ser o seu que vai ser doloroso, né? Então, acho que a gente perde isso de perspectiva, que um dia pode ser a gente”, conta o pai de Chico, o roteirista Vinicius Cacofonias. O uso desses veículos é regulamentado pelo Conselho Nacional de Trânsito (Contran). A resolução mais atual data de 2023. Ela diferencia os veículos em três categorias principais. A primeira dela é a das bicicletas elétricas, que precisam da propulsão humana e oferecem apenas o chamado pedal assistido que, com um motor, ajuda o ciclista a acelerar o veículo. A segunda é a dos autopropelidos, com pedal ou não, que não necessitam da propulsão humana para acelerar e cuja velocidade não pode ultrapassar os 32 km/h. Por fim, os ciclomotores também prescindem da propulsão humana, mas podem chegar até os 50 km/h. As duas primeiras categorias não exigem habilitação do condutor nem licenciamento do veículo. Já os ciclomotores exigem habilitação categoria A ou autorização para Conduzir Ciclomotor (ACC), além de demandar registro e licenciamento do veículo. Para Raphael Pazos, da Comissão de Segurança do Ciclismo do Rio de Janeiro, uma organização não governamental carioca que advoga por um trânsito mais seguro para ciclistas, acredita ser um erro não exigir habilitação para conduzir um autopropelido. “A resolução do Contran 966 de 2023 alterou a nomenclatura de certos dispositivos de mobilidade, autorizando o que antigamente era proibido. O que antes era um ciclomotor, da noite para o dia virou um autopropelido e foi autorizado a ser utilizado em calçada e em infraestruturas cicloviárias”, afirma. “Agora qualquer um, principalmente crianças de 13, 14, 15 anos, podem adquirir esse equipamento e pior, conduzi-los numa pista”. Professor da Fundação Getulio Vargas (FGV), Marcus Quintella diz que as cidades precisam se adaptara  esses veículos. “As cidades não estão prontas. Elas não foram planejadas para essas modernidades. Então, o que está acontecendo hoje são adaptações”, ressalta. “A bicicleta, desde a convencional até o ciclomotor, já representa uma fatia muito importante da matriz de transporte urbano. Você não pode também ser rigoroso de forma que vá impedir a micromobilidade, mas também não pode deixar que isso caia numa situação descontrolada”."	Agência Brasil	geral	False
https://agenciabrasil.ebc.com.br/geral/noticia/2026-08/vitimas-de-tombamento-de-onibus-em-petropolis-sao-do-sexo-feminino	2026-08-16	Vítimas de tombamento de ônibus em Petrópolis são do sexo feminino	Veículo descia trecho da BR-40 na Serra em direção ao Rio de Janeiro	Uma décima morte foi confirmada no tombamento de um ônibus no Km 91 da BR-040, em Petrópolis, no Rio de Janeiro, na madrugada deste domingo (16). Todas as vítimas são do sexo feminino, segundo a Polícia Rodoviária Federal (PRF), mas ainda não há informações sobre as idades. Oito mortes no local do incidente foram informadas inicialmente. Uma pessoa foi a óbito no Hospital Municipalizado Adão Pereira Nunes, em Duque de Caxias, e, segundo a PRF, a décima pessoa morreu em uma unidade de pronto atendimento de Petrópolis. O coletivo da empresa Estrela Guia Turismo saiu de Belo Horizonte e tinha como destino o bairro de Copacabana, na zona sul do Rio de Janeiro. O veículo transportava 47 pessoas e tombou por volta das 4h30. O incidente impactou o fluxo de veículos na rodovia, que só teve a pista liberada pouco depois das 7h da manhã. Segundo as primeiras informações da PRF, os feridos foram encaminhadas para o Hospital Santa Teresa, em Petrópolis, para o Hospital Municipalizado Adão Pereira Nunes, em Duque de Caxias, e para o Hospital Estadual Getúlio Vargas, no Rio de Janeiro. A Secretaria de Estado de Saúde do Rio, entretanto, disse que a direção do Getúlio Vargas não registrou a entrada de vítimas na unidade. De acordo com a Prefeitura de Duque de Caxias, 14 feridos foram levados para o Adão Pereira Nunes, dos quais um foi a óbito. Os demais ainda recebiam atendimento na unidade no início da tarde deste domingo. O Hospital Santa Teresa confirmou ter recebido nove pacientes feridos no tombamento, mas não divulgou detalhes individuais sobre o estado de saúde das vítimas. Segundo o hospital, eles são atendidos por equipes multiprofissionais, conforme os protocolos de assistência e classificação de risco. Confira mais informações sobre o acidente no Repórter Brasil , da TV Brasil	Agência Brasil	geral	False
https://agenciabrasil.ebc.com.br/geral/noticia/2026-08/presidios-combatem-entrada-de-itens-proibidos-para-faccoes-criminosas	2026-08-14	Presídios combatem entrada de itens proibidos para facções criminosas	Entre o material apreendido estão drogas e celulares	Com a finalidade de enfraquecer a ação do crime organizado nos presídios e penitenciárias do estado do Rio de Janeiro, a polícia penal vem realizando ações sistemáticas de repressão à entrada e circulação de itens proibidos no sistema prisional, bem como a comunicação de organizações criminosas de dentro do sistema penitenciário com as facções criminosas. Nesta semana foi apreendida uma miniantena Starlink, que serve para fornecer acesso à internet rápida via satélite em qualquer lugar de forma ultraportátil.  Na fiscalização, foi impedida também a entrada de 160 gramas de entorpecente no Presídio Jonas Lopes de Carvalho (Bangu 4). No Presídio Alfredo Tranjan (Bangu 2), foram apreendidos 31 aparelhos de telefone celular e cerca de 300 papelotes de cocaína. A ação contou com policiais penais das coordenações de unidades prisionais de alta e de média complexidade, da Subsecretaria Operacional da Secretaria de Polícia Penal (Seppen). A miniantena seria entregue na cadeia por Sedex. Ao abrir o pacote na presença do interno a quem a encomenda era destinada, o policial penal localizou o equipamento dentro de um rádio . Ele foi transferido para a Penitenciária Laércio da Costa Pellegrino (Bangu 1), onde está numa cela em isolamento.	Agência Brasil	geral	False
https://agenciabrasil.ebc.com.br/geral/noticia/2026-08/predio-desaba-em-sao-bernardo-do-campo-e-deixa-quatro-feridos	2026-08-15	Prédio desaba em São Bernardo do Campo e deixa cinco feridos	Adolescente de 15 anos foi retirada dos escombros	Um prédio residencial, em São Bernardo do Campo, na Grande São Paulo, desabou neste sábado (15) e deixou cinco pessoas sob os escombros – entre elas uma adolescente de 15 anos. Duas famílias viviam no local, totalizando oito moradores. Os feridos foram retirados com vida do local do acidente e encaminhados para dois hospitais da região. O prédio fica na rua Jorge Amado, no bairro Jardim Calux. Duas pessoas já tiveram alta. As demais estão estáveis, sob cuidado médico. O Corpo de Bombeiros chegou ao local da ocorrência às 6h. Chovia forte na região. Mesmo assim, ainda não se sabe as causas do desabamento. A prefeitura de São Bernardo do Campo informou que, como medida preventiva, interditou três imóveis vizinhos. Com isso, vinte pessoas ficaram desabrigadas e receberão assistência do município, sendo encaminhadas para hotéis próximos. Uma jovem de 21 anos, também resgatada, sofreu trauma na face. O incidente provocou a interdição de duas faixas da Via Anchieta, que liga a capital ao litoral paulista.	Agência Brasil	geral	False
https://agenciabrasil.ebc.com.br/geral/noticia/2026-08/mega-sena-acumula-para-r-45-milhoes-confira-os-numeros	2026-08-16	Mega-sena acumula para R$ 45 milhões; confira os números	Cinco acertos renderam R$ 89 mil a 22 apostadores	O prêmio da Mega-Sena acumulou para R$ 45 milhões na manhã deste domingo (16), segundo a Caixa Econômica Federal. Os números sorteados no Concurso 3045 foram 23, 29, 33, 42, 43 e 57. Um total de 22 apostas conseguiu acertar cinco dezenas e levou o prêmio de R$ R$ 89.393,18. Mais 2.912 apostas tiveram quatro acertos e faturaram R$ 1.113,23. Novas apostas podem ser feitas até as 19h de terça-feira (18). Às 20h, ocorrerá o sorteio no Espaço da Sorte, em São Paulo.	Agência Brasil	geral	False
https://agenciabrasil.ebc.com.br/geral/noticia/2026-08/pf-prende-no-rio-suspeito-de-golpe-que-fez-idosa-perder-r-37-milhoes	2026-08-14	PF prende no Rio suspeito de golpe que fez idosa perder R$ 37 milhões	Esquema induzia vítimas a investir em plataformas falsas	A Polícia Federal prendeu nesta sexta-feira (14), no Aeroporto Santos Dumont, no Rio de Janeiro, um homem acusado de participar do esquema fraudulento que fez uma mulher de 70 anos ter prejuízo superior a R$ 37 milhões. A prisão ocorreu no âmbito da Operação Criptoabate, deflagrada pela Polícia Civil do Rio Grande do Sul nessa quinta-feira (13), com o objetivo de desarticular um esquema de fraude eletrônica estruturado por meio de uma falsa plataforma de investimentos. O valor das fraudes pode chegar a R$ 50 milhões. De acordo com as investigações, a organização criminosa usava a prática conhecida como “pig butchering” (golpe do abate de porcos), quando os criminosos estabelecem uma relação com as vítimas, por meio de mentorias, para induzi-las a realizar investimentos financeiros em plataformas falsas com promessa de alta rentabilidade. Natural de Presidente Prudente (SP) e morador de Balneário Camboriú (SC), o homem é apontado como dono de instituição financeira ligada ao esquema. Ele responderá pelos crimes de estelionato, lavagem de dinheiro e organização criminosa.	Agência Brasil	geral	False
https://agenciabrasil.ebc.com.br/geral/noticia/2026-08/nove-pessoas-morrem-em-tombamento-de-onibus-em-petropolis	2026-08-16	Nove pessoas morrem em tombamento de ônibus em Petrópolis	Veículo saiu de Belo Horizonte e ia para Copacabana, no Rio	O tombamento de um ônibus no Km 91 da BR-040, em Petrópolis, no Rio de Janeiro, deixou nove mortos na madrugada deste domingo (16). Oito mortes foram informadas inicialmente pela Polícia Rodoviária Federal (PRF), e mais uma pessoa foi a óbito no Hospital Municipalizado Adão Pereira Nunes, em Duque de Caxias. O coletivo da empresa Estrela Guia Turismo saiu de Belo Horizonte e tinha como destino o bairro de Copacabana, na zona sul do Rio de Janeiro. O veículo transportava 47 pessoas e tombou por volta das 4h30. O incidente impactou o fluxo de veículos na rodovia, que só teve a pista liberada pouco depois das 7h da manhã. Segundo a PRF, os feridos foram encaminhadas para o Hospital Santa Teresa, em Petrópolis, para o Hospital Municipalizado Adão Pereira Nunes, em Duque de Caxias, e para o Hospital Estadual Getúlio Vargas, no Rio de Janeiro. A Secretaria de Estado de Saúde do Rio, entretanto, disse que a direção do Getúlio Vargas não registrou a entrada de vítimas na unidade. De acordo com a Prefeitura de Duque de Caxias, 14 feridos foram levados para o Adão Pereira Nunes, dos quais um foi a óbito. Os demais ainda recebiam atendimento na unidade no início da tarde deste domingo. O Hospital Santa Teresa confirmou ter recebido nove pacientes feridos no tombamento, mas não divulgou detalhes individuais sobre o estado de saúde das vítimas. Segundo o hospital, eles são atendidos por equipes multiprofissionais, conforme os protocolos de assistência e classificação de risco. Confira mais informações sobre o acidente no Repórter Brasil , da TV Brasil *Número de mortos atualizado às 12h20.	Agência Brasil	geral	False
https://agenciabrasil.ebc.com.br/geral/noticia/2026-08/claudio-castro-e-alvo-da-segunda-fase-da-operacao-sem-refino	2026-08-14	Cláudio Castro é alvo da segunda fase da Operação Sem Refino	Ex-governador nega participação em irregularidades envolvendo Refit	A Polícia Federal deflagrou nesta sexta-feira (14) a segunda fase da Operação Sem Refino, que tem como um dos alvos o ex-governador do Rio de Janeiro Cláudio Castro. Nesta etapa, estão sendo apuradas fraudes na concessão de licenças ambientais para uma refinaria, além de indícios de lavagem de dinheiro relacionada ao esquema investigado. Dezesseis mandados de busca e apreensão estão sendo cumpridos no Rio de Janeiro, por determinação do Supremo Tribunal Federal (STF). Segundo a PF, a operação também investiga suspeita de crimes de gestão fraudulenta e temerária, sonegação fiscal, evasão de divisas, manipulação de mercado, contra a ordem econômica e irregularidades na comercialização de combustíveis. A nova fase da Operação Sem Refino é um desdobramento da primeira fase, deflagrada em maio deste ano pela PF, quando passou a apurar a atuação de grupo econômico do setor de combustíveis suspeito de beneficiar a Refit, antiga Refinaria de Manguinhos. Em nota assinada pelo advogado Carlo Luchione, a defesa de Cláudio Castro negou qualquer participação em irregularidades envolvendo a Refit e diz que o endereço alvo de buscas em Petrópolis não tem, “há meses”, ligação com o ex-governador. “A defesa ainda desconhece o conteúdo integral da denúncia e dos elementos que fundamentaram a operação e aguarda que os advogados tenham acesso aos autos para se manifestar de forma mais detalhada.” A nota diz ainda que todos os atos praticados por Castro durante sua gestão “seguiram critérios técnicos, jurídicos e administrativos previstos na legislação”. Saiba mais no Repórter Brasil Tarde, da TV Brasil	Agência Brasil	geral	False
https://agenciabrasil.ebc.com.br/geral/noticia/2026-08/mega-sena-sorteia-premio-acumulado-de-r-38-milhoes-neste-domingo	2026-08-15	Mega-Sena sorteia prêmio acumulado de R$ 38 milhões neste domingo	Apostas podem ser feitas até às 22h deste sábado	A Mega-Sena sorteia neste domingo (16) prêmio estimado em R$ 38 milhões. As seis dezenas do concurso 3.045 serão sorteadas a partir das 11h (horário de Brasília) no Espaço da Sorte, em São Paulo. As apostas podem ser feitas até às 22h (horário de Brasília) de hoje (15) em casas lotéricas credenciadas pela Caixa em todo o país ou pela internet. A aposta simples, com seis dezenas, custa R$ 6. No último concurso, foram sorteados os números 04, 15, 17, 40, 55 e 58 e nenhum apostador acertou as seis dezenas .	Agência Brasil	geral	False
https://agenciabrasil.ebc.com.br/geral/noticia/2026-08/mega-sena-acumula-para-r-38-milhoes-confira-os-numeros-sorteados	2026-08-13	Mega-Sena acumula para R$ 38 milhões; confira os números sorteados	Números sorteados são: 04 – 15 – 17 – 40 – 55 – 58	Nenhum apostador acertou as seis dezenas do Concurso 3.044 da Mega-Sena, realizado nesta quinta-feira (13). O prêmio acumulou e está estimado em R$ 38 milhões para o próximo sorteio. Os números sorteados são: 04 – 15 – 17 – 40 – 55 – 58 Para o próximo concurso, as apostas podem ser feitas até as 20h (horário de Brasília) de domingo (16), em qualquer lotérica do país ou pela internet, no site ou aplicativo da Caixa. A aposta simples, com seis dezenas, custa R$ 6.	Agência Brasil	geral	False
https://agenciabrasil.ebc.com.br/geral/noticia/2026-08/pm-do-rj-prende-13-em-acao-contra-comando-vermelho-4-morreram	2026-08-13	PM do RJ prende 13 em ação contra Comando Vermelho; 4 morreram	Um dos presos é suspeito de envolvimento em morte de policiaç	A polícia prendeu 13 pessoas, apreendeu dois fuzis, duas pistolas e seis granadas durante em operação nesta quinta-feira (13) em 27 comunidades controladas pela facção criminosa Comando Vermelho (CV). Quatro morreram em confrontos entre criminosos e policiais. Um dos presos é suspeito de envolvimento na morte do policial militar Marco Antônio Matheus Maia, ocorrida em dezembro de 2024, na comunidade do Quitungo. O detido André Silveira das Dores, conhecido como Coquinho, portava um fuzil automático AR-10 no momento da prisão. De acordo com a PM, o objetivo é combater crimes como roubos de veículos e de carga, conter a expansão do CV, cumprir mandados de prisão, apreender armas e drogas, recuperar veículos roubados e retirar barricadas criadas por traficantes para dificultar acesso a comunidades. As equipes retiraram 10 toneladas de concreto utilizadas em barricadas nas comunidades do Quitungo e Guaporé, na zona norte da capital. As diligências foram feitas na cidade do Rio e em municípios da região metropolitana, como São Gonçalo, Niterói, Magé, Itaboraí, Duque de Caxias, São João de Meriti, Queimado. Esses cinco últimos ficam na região chamada Baixada Fluminense. A ação coordenada acontece um dia depois de a fonoaudióloga Aline de Siqueira Affonso, de 53 anos, ter sido baleada dentro de um ônibus, em Vicente de carvalho, na Zona Norte. O caso foi durante confronto entre policiais militares e criminosos. De acordo com levantamento da organização não governamental Instituto Fogo Cruzado, a fonoaudióloga foi a milésima pessoa baleada no Grande Rio em 2026 . O estudo aponta que, até 12 de agosto, 537 pessoas foram mortas e 463 ficaram feridas por disparos de arma de fogo na região metropolitana.	Agência Brasil	geral	False
https://agenciabrasil.ebc.com.br/geral/noticia/2026-08/estado-procura-imovel-para-guarda-temporaria-do-acervo-do-antigo-iml	2026-08-13	Estado procura imóvel para guarda temporária do acervo do antigo IML	Arquivo inclui registros da repressão do Estado Novo e da ditadura	O Arquivo Público do Estado do Rio de Janeiro concluiu, nessa quarta-feira (12), mais uma etapa do recolhimento da documentação histórica que estava sob responsabilidade da Polícia Civil, no antigo prédio do Instituto Médico Legal (IML), na Rua dos Inválidos, na Lapa, região central da cidade. Como o Arquivo Público não dispõe de capacidade para receber a totalidade do acervo, o governo busca novo imóvel para a guarda temporária da documentação. Paralelamente, continuam em andamento as tratativas para definir a destinação provisória de parte da documentação, que passará por tratamento técnico antes da transferência definitiva ao Arquivo Público. A Universidade Federal do Rio de Janeiro (UFRJ) e a Universidade Federal do Estado do Rio de Janeiro (Unirio) manifestaram interesse em receber uma parcela do acervo para realizar o trabalho especializado. Em parceria com o Arquivo Público, a Unirio elaborou um projeto para o tratamento da documentação. Além disso, há interessados em financiar as ações de preservação documental. O acervo inclui registros da repressão do Estado Novo e da ditadura militar. O imóvel ficou abandonado por anos, culminando com um incidente em maio deste ano, onde papéis e registros foram jogados pelas janelas do prédio. Órgãos como o Instituto do Patrimônio Histórico e Artístico Nacional (Iphan) e a Polícia Federal atuaram para conter perdas, e o Ministério Público Federal liderou frentes de resgate de pastas e microfilmes. Foram recuperadas pastas funcionais, livros de registros de óbitos, laudos periciais e pastas da repressão política da ditadura.	Agência Brasil	geral	False
https://agenciabrasil.ebc.com.br/geral/noticia/2026-08/policia-federal-prende-presidente-da-conafer	2026-08-13	Polícia Federal prende presidente da Conafer	Carlos Lopes se entregou na superintendência da PF em Brasília	A Polícia Federal (PF) prendeu, nessa quarta-feira (12), o presidente da Confederação Nacional de Agricultores Familiares e Empreendedores Familiares Rurais (Conafer), Carlos Lopes. Investigado na Operação Sem Desconto, ele estava foragido desde novembro de 2025.. A prisão ocorreu após Lopes ter se apresentado na Superintendência Regional da Polícia Federal no Distrito Federal. De acordo com a PF, ele será “encaminhado ao sistema prisional após os procedimentos de praxe”. A Operação Sem Desconto investiga descontos associativos não autorizados em aposentadorias e pensões do Instituto Nacional do Seguro Social (INSS). A Conafer é suspeita de ter montado um esquema de filiações falsas para arrecadar esses recursos. Lopes chegou a ser preso em setembro , pela Polícia Legislativa do Senado, por falso testemunho durante depoimento à CPMI que investiga descontos ilegais em benefícios do INSS. Ele foi solto horas depois. A Agência Brasil aguarda manifestação da defesa de Carlos Lopes. Saiba mais sobre o caso no Repórter Brasil Tarde, da TV Brasil	Agência Brasil	geral	False
https://agenciabrasil.ebc.com.br/geral/noticia/2026-08/policia-federal-faz-operacao-contra-lavagem-de-dinheiro-de-bets	2026-08-13	Polícia Federal faz operação contra lavagem de dinheiro de bets	Ação é executada na Paraíba, Sergipe, Paraná, São Paulo e Rio	"A Polícia Federal (PF) faz, na manhã desta quinta-feira (13) a Operação Arena, para investigar um grupo empresarial suspeito de praticar lavagem de dinheiro procedente da exploração de bets. Participam da ação o Ministério Público Federal e a Secretaria de Prêmios e Apostas do Ministério da Fazenda. A operação, que ocorre na Paraíba, em Sergipe, São Paulo, no Rio de Janeiro e Paraná, já quebrou o sigilo telemático e bancário dos investigados e sequestrou R$ 1,1 bilhão. São cumpridos 17 mandados de busca e apreensão. De acordo com informações da Polícia Federal, os suspeitos poderão responder por crimes de evasão de divisas, lavagem de dinheiro e por crimes contra o sistema financeiro nacional. Em nota, a defesa do advogado Nelson Wilians, um dos alvos da operação, disse que a relação entre o escritório e a PixBet é estritamente profissional e decorre da prestação de serviços de advocacia. ""A atuação do escritório em favor de seus clientes limita-se ao exercício regular da advocacia, não se confundindo com as atividades empresariais por eles desenvolvidas"". Na nota, o escritório repudia qualquer tentativa de associar a atuação profissional de seus advogados às atividades ou condutas atribuídas a seus clientes. ""É preciso ter cautela para que o legítimo exercício da advocacia não seja indevidamente criminalizado em razão da natureza ou das atividades daqueles que o advogado representa "", acrescenta . Saiba mais no Repórter Brasil Tarde, da TV Brasil (*Nota atualizada às 9h26 para inclusão do posicionamento de um dos investigados na operação da PF.)"	Agência Brasil	geral	False
https://agenciabrasil.ebc.com.br/geral/noticia/2026-08/pais-estao-menos-presentes-na-criacao-de-filhos-aponta-estudo	2026-08-09	Pais estão menos presentes na criação de filhos, aponta estudo	Brasileiro consolidou ideia de que o bom pai é o presente no dia a dia	"Metade dos brasileiros acredita que os pais da atualidade estão menos presentes na criação dos filhos do que os das gerações anteriores. Em contrapartida, oito em cada dez brasileiros consideram alta ou muito alta a importância dos pais na vida dos filhos. A constatação é de estudo do Instituto Nexus. Foram entrevistados 2.013 pessoas de diferentes regiões do país. Um fator que ficou evidente na pesquisa foi a divergência de percepções sobre o papel do pai entre os homens e as mulheres consultadas. Entre as mulheres, 56% acreditam que os pais participam menos do que antes, enquanto 31% acreditam que estão mais presentes. Entre os homens, a percepção é equivalente, com 44% achando que a participação é maior hoje, enquanto outros 44% afirmam que diminuiu. Quanto à importância na paternidade, 81% dos homens a classificam como alta ou muito alta no desenvolvimento dos filhos, em comparação com 73% das mulheres. Ao analisar as faixas etárias, observa-se que 82% dos jovens de 16 a 24 anos de idade a consideram importante. Por outro lado, esse reconhecimento reduz-se para 62% entre as pessoas com 60 anos ou mais. O estudo também avaliou a definição prática do que é ser um “bom pai” e aponta que 49% da população considera “ser presente no dia a dia” como a principal característica. Em seguida surge educar/orientar com limites (19%), demonstrar carinho e afeto (8%), dar exemplo (7%) e oferecer segurança financeira (3%). A presença diária é apontada por 53% das mulheres como o mais relevante para definir um bom pai, superando os 45% registrados entre os homens. A imposição de limites na educação e orientação é tida como o principal atributo por 21% do público masculino e 17% do feminino. O convívio paterno no dia a dia é visto como mais importante entre a população de 25 a 40 anos (56%) e a de 16 a 24 anos (55%). Os mais velhos consideram a educação a caraterística mais importante. O índice é superior entre a faixa de 41 a 49 anos (24%) e de 60 anos ou mais (26%). ""O brasileiro já consolidou a ideia de que o bom pai é aquele presente no dia a dia, deixando para trás a figura do mero provedor financeiro. O desafio agora está na prática"", avalia Marcelo Tokarski, CEO da Nexus. ""O fato de metade da população enxergar os pais de hoje como menos participativos do que os do passado mostra que o discurso avançou mais rápido do que a mudança real de comportamento dentro de casa”, acrescenta. * Estagiário sob supervisão de Odair Braz Junior"	Agência Brasil	geral	False
https://agenciabrasil.ebc.com.br/geral/noticia/2026-08/manifestacoes-contra-acao-da-policia-bloqueiam-vias-do-rio	2026-08-12	Manifestações contra ação da polícia bloqueiam vias do Rio	Trânsito ficou caótico, com lentidão em alguns trechos	Um trecho da Avenida Rei Pelé e da Rua São Francisco Xavier, na região da Mangueira, foi interditado por causa de uma tensa manifestação em resposta à operação da Delegacia de Roubos e Furtos da Polícia Civil do Rio de Janeiro na localidade chamada de Favela do Metrô, na zona norte da capital fluminense. Após a saída dos policiais, os manifestantes atearam fogo em pneus e contêineres de lixo que usaram para bloquear a Avenida Rei Pelé. Bombeiros foram para o local e jogaram água de várias viaturas para apagar as chamas. Segundo a Polícia Civil, os agentes foram recebidos a tiros durante a ação. “Policiais civis da Delegacia de Roubos e Furtos (DRF) foram covardemente atacados por narcotraficantes durante uma ação realizada, nesta quarta-feira (12/08), em um ferro-velho do tráfico de drogas na Avenida Rei Pelé, próximo à Mangueira, na Zona Norte do Rio”, informou, em nota, a Secretaria de Estado de Polícia Civil. Conforme a secretaria, os criminosos fizeram disparos, do alto da comunidade, contra os agentes, colocando em risco a população e a integridade dos policiais. A nota acrescentou que não houve revide. “A Polícia Civil ressalta que quem coloca a população em risco é o criminoso que ataca policiais e promove ações violentas em áreas residenciais”, destacou. O trânsito ficou caótico. Assustados, os motoristas procuravam se proteger tentando se afastar do local. No sentido Méier, o trânsito ficou lento com reflexos no acesso pela Avenida Rei Pelé. Já no sentido Centro, houve reflexos na Rua São Francisco Xavier. A Universidade do Estado do Rio de Janeiro (Uerj), que fica perto do local das manifestações, fez recomendações a alunos, professores e funcionários. “A orientação da Universidade, no momento, é para não virem ao campus Maracanã agora e, para quem está, permanecer. Estamos acompanhando os acontecimentos decorrentes da manifestação na Avenida Rei Pelé”, indicou. Em nota, o Rio Ônibus informou que veículos tiveram as chaves retiradas e foram utilizados como barricadas, na São Francisco Xavier, no Maracanã. De acordo com o sindicato, 19 linhas que passam na região sofreram impactos no itinerário. Os que foram usados em barricadas são da linha A29046 – 457, que faz o trajeto Abolição, na zona norte, e Copacabana, na zona sul. Na operação de fiscalização para combater a comercialização ilegal de cabos e materiais metálicos, policiais civis da Delegacia de Roubos e Furtos (DRF) prenderam, em flagrante, cinco pessoas por receptação qualificada em um ferro-velho clandestino, na Rua São Francisco Xavier, na região da Mangueira. O local era usado para receber e comercializar materiais furtados e sofria influência de traficantes que atuam no Morro da Mangueira. “As investigações apontam que o estabelecimento funcionava como ponto de receptação de materiais furtados principalmente na Tijuca, Grajaú e Vila Isabel”, completou a nota da Secretaria de Estado de Polícia Civil (Sepol). A nota informou ainda que os policiais encontraram no local “cabos de cobre de empresas de telefonia, já cortados, além de uma estrutura improvisada com balança, computador, caixa registradora e dinheiro utilizado na compra dos materiais”. Os agentes constataram também a queima de cabos para retirar a cobertura e dificultar a identificação da origem dos produtos. A fiscalização de hoje integra a Operação Caminhos do Cobre, ação contínua da Polícia Civil para combater o furto de cabos e materiais metálicos com foco em toda a cadeia criminosa, “desde o furtador até as metalúrgicas”. Segundo a polícia, o ferro-velho havia sido investigado há meses pelos policiais da DRF e foi alvo de ações anteriores. “No dia 3 de julho, a especializada prendeu cinco criminosos no local por receptação qualificada”, informou. De acordo com a secretaria, desde setembro de 2024, a DRF e outras delegacias da instituição realizaram mais de 580 fiscalizações em ferros-velhos, que resultaram em cerca de 270 prisões de responsáveis pelos estabelecimentos. No mesmo período, cerca de 300 toneladas de fios de cobre e materiais metálicos foram apreendidas pela DRF. “Além disso, houve o pedido de bloqueio de aproximadamente R$ 240 milhões e de R$ 75 milhões em multas aplicadas, consolidando a Operação Caminhos do Cobre como uma das maiores ofensivas contra a infraestrutura financeira do crime patrimonial no Estado”, apontou a nota. “As ações visam também descapitalizar financeiramente os braços operacionais do tráfico, responsáveis por fomentar esse tipo de crime”, acrescentou. A Secretaria de Estado de Polícia Militar (SEPM) informou que a manifestação na Avenida Rei Pelé teve início com um grupo de pessoas próximo à comunidade da Mangueira. Equipes do 3º BPM (Méier), do 6º BPM (Tijuca) e das Rondas Especiais e Controle de Multidão (RECOM) foram deslocadas para o local para estabilizar a região e restabelecer o fluxo de trânsito nas vias. “A situação foi controlada e o trânsito já está liberado. O policiamento segue reforçado na região”, informou a PM. Matéria ampliada às 16h13.	Agência Brasil	geral	False
https://agenciabrasil.ebc.com.br/geral/noticia/2026-08/no-rio-fonoaudiologa-e-atingida-por-tiro-no-pescoco-dentro-de-onibus	2026-08-12	No Rio, fonoaudióloga é atingida por tiro no pescoço dentro de ônibus	Passageira foi operada e quadro clínico é grave, diz hospital	"A onda de violência que atinge o Rio de Janeiro fez mais uma vítima na cidade. A fonoaudióloga Aline de Siqueira Affonso, de 53 anos, foi baleada dentro de um ônibus urbano da linha 629 (Irajá x Saens Peña) e o projétil ficou alojado na coluna cervical da passageira. O caso aconteceu na manhã desta quarta-feira (12), durante confronto entre policiais militares e criminosos, na Avenida Meriti, em Vicente de Carvalho, zona norte do Rio. A mulher foi encaminhada às pressas ao Hospital Getúlio Vargas, na Penha, onde passou por cirurgia de mais de quatro horas. No momento, ela está no Centro de Terapia Intensiva (CTI). Em nota, a direção do Hospital Estadual Getúlio Vargas informa que a paciente Aline de Siqueira Affonso apresenta ""quadro clínico grave”. O ônibus passava pela Avenida Meriti, altura do Colégio Pio XII. Os passageiros desceram correndo da condução e entraram em um colégio para se proteger. Aline Affonso foi atingida. Ela estava a caminho do trabalho. O motorista ficou muito nervoso e sem condições de dirigir. Um policial militar assumiu a direção do coletivo e levou a vítima até o hospital. A Polícia Militar informou, por meio de nota, que policiais do 41º batalhão de Irajá faziam policiamento pelas proximidades da Comunidade do Trem, em Vicente de Carvalho, quando criminosos armados atiraram contra as equipes. Houve confronto e os suspeitos fugiram. Logo em seguida, os agentes foram informados que uma mulher estava ferida dentro do ônibus. Ela foi levada ao Hospital Estadual Getúlio Vargas, na Penha. O policiamento foi intensificado na região. O Rio Ônibus informou em nota, que “lamenta a rotina de violência que o setor vive na cidade. Casos como esse comprometem diretamente a vida e a segurança de passageiros e rodoviários."""	Agência Brasil	geral	False
https://agenciabrasil.ebc.com.br/geral/noticia/2026-08/apostador-de-alvorada-doeste-leva-premio-de-r-3-milhoes-da-mega-sena	2026-08-11	Apostador de Alvorada D'Oeste leva prêmio de R$ 3 milhões da Mega-Sena	Números sorteados são: 10 - 11 - 16 - 37 - 42 - 53	Uma aposta simples de Alvorada D'Oeste (RO) acertou as seis dezenas do Concurso 3.043 da Mega-Sena sorteadas nesta terça-feira (11). O apostador receberá o prêmio de R$ 3.077.413,08. Os números sorteados são: 10 - 11 - 16 - 37 - 42 - 53 Para o próximo concurso, o prêmio principal está estimado em R$ 3,5 milhões. As apostas podem ser feitas até as 20h (horário de Brasília) de quinta-feira (13), em qualquer lotérica do país ou pela internet, no site ou aplicativo da Caixa. A aposta simples, com seis dezenas, custa R$ 6.	Agência Brasil	geral	False
https://agenciabrasil.ebc.com.br/geral/noticia/2026-08/sul-do-pais-tem-alerta-de-perigo-para-chuva-e-ventos-intensos	2026-08-12	Sul do país tem alerta de perigo para chuva e ventos intensos	Segundo o Inmet, ventos podem chegar a 100 km/h	Nesta quarta-feira (12), uma região que se estende por toda a área central do estado do Rio Grande do Sul até o centro-sul de Santa Catarina está em alerta laranja de perigo para grandes volumes de chuva e ventos intensos que podem chegar a 100 quilômetros por hora (km/hm), informa o Instituto Nacional de Meteorologia (Inmet). No litoral sul e sudoeste do Rio Grande do Sul também há previsão de chuva, com menos intensidade. O alerta amarelo de perigo potencial também alcança o oeste catarinense. A região permanece com termômetros registrando baixas temperaturas. A previsão é de que nesta quarta-feira (12) a máxima registrada não ultrapasse 19°C em Florianópolis e a mínima seja de 12°C em Porto Alegre. A Região Norte do país também tem previsão de muitas nuvens, com pancadas de chuva e trovoadas isoladas entre o oeste e norte do Amazonas e noroeste de Roraima . Nas demais áreas de Roraima e no oeste do Acre também pode chover forte. No sudeste do estado, em grande parte do Acre, no extremo norte de Rondônia, leste do Amapá e nordeste do Pará, principalmente na faixa litorânea, o tempo deve permanecer firme. As temperaturas devem permanecer elevadas em toda a região, com termômetros marcando máxima de 38°C em Palmas e mínima de 22°C em Rio Branco. Na Região Nordeste do país, há previsão de pancadas de chuva no litoral leste da Bahia e de Sergipe. Também pode ocorrer chuva isolada em toda a faixa litorânea. No interior, predominam poucas nuvens, calor intenso e baixa umidade do ar ao longo do dia. No Nordeste, o calor também se mantém intenso, com temperatura máxima prevista de 36°C em Teresina e mínimas de 22°C em Maceió e Recife. Na capital cearense, Fortaleza, a mínima mesmo durante a noite e madrugada não deve ficar abaixo de 26°C. No Sudeste, muitas nuvens permanecem na faixa leste da região, com possibilidade de chuva isolada no litoral norte de São Paulo, litoral do Rio de Janeiro e litoral do Espírito Santo . Em Minas Gerais, predominam muitas nuvens apenas na faixa leste. As temperaturas sobem no interior da região, com máxima de 29°C em Belo Horizonte. A mínima esperada em São Paulo é de 14 °C. No Centro-Oeste do país, o alerta laranja de perigo para baixa umidade relativa do ar permanece ativo até as 18h de hoje. A região de maior preocupação alcança todo o estado de Goiás, Distrito Federal, leste de Mato Grosso, centro-sul do Tocantins, sul do Maranhão, Piauí e oeste da Bahia, passando pelo oeste de Minas Gerais, até o extremo norte de Mato Grosso do Sul. Na região, as temperaturas permanecem elevadas, especialmente durante a tarde. A mínima pode chegar a 16°C em Brasília e Goiânia, enquanto a máxima pode alcançar 35°C em Cuiabá.	Agência Brasil	geral	False
https://agenciabrasil.ebc.com.br/geral/noticia/2026-08/bolao-de-fortaleza-leva-premio-de-r-164-milhoes-da-mega-sena	2026-08-09	Bolão de Fortaleza leva prêmio de R$ 164 milhões da Mega-Sena	Números sorteados foram: 02, 05, 10, 35, 40 e 53	Uma aposta de um bolão com 100 cotas feita em Aldeota, Fortaleza, acertou as seis dezenas da Mega-Sena e vai receber o prêmio que estava acumulado em R$164.895.645. Os números sorteados foram: 02, 05, 10, 35, 40 e 53. Duzentas e quarenta e seis apostas cravaram cinco dezenas e vão levar prêmio de R$ 22.927,51. Outras 13.158 apostas acertaram quatro dezenas sorteadas e receberão R$ 706,56 cada. O próximo sorteio da Mega-Sena será na terça-feira (11) e tem prêmio estimado em R$ 3,5 milhões. A aposta simples, com seis dezenas, custa R$ 6. Clique aqui e saiba mais sobre os sorteios da Caixa .	Agência Brasil	geral	False
https://agenciabrasil.ebc.com.br/geral/noticia/2026-08/rio-registra-em-julho-34-tiroteios-envolvendo-faccoes-criminosas	2026-08-13	Rio registra em julho 34 tiroteios envolvendo facções criminosas	Número, do Instituto Fogo Cruzado, é o maior notificado em 2026	"As disputas entre grupos armados se intensificaram durante o mês de julho deste ano na região metropolitana do Rio de Janeiro. Ao menos 34 tiroteios foram motivados por conflitos entre facções criminosas e milícias. O número indica que houve, em média, um tiroteio por dia envolvendo diferentes grupos armados, deixando 29 pessoas baleadas. O número é o maior registrado em 2026 e dobrou em relação a junho, quando foram registrados 16 tiroteios em disputas entre grupos armados. Os bairros de Cordovil, Brás de Pina e Vigário Geral conviveram com 12 dias seguidos de disputas durante o mês de julho, segundo o relatório mensal do Instituto Fogo Cruzado. A população do Rio convive há décadas com o domínio de grupos armados e os impactos causados por eles estão cada vez maiores, chegando à média de um tiroteio por dia em situações de disputas por territórios. O coordenador regional do Instituto Fogo Cruzado no Rio, Carlos Nhanga, diz que seja deixando as pessoas na linha de tiro, provocando vítimas de balas perdidas, ou afetando serviços básicos como saúde, transporte e educação, essas disputas afetam direta e indiretamente a vida dos moradores. ""Combater o avanço dos grupos armados por meio de investigação, inteligência e sem colocar vidas em risco deve ser a prioridade do Estado”, acrescenta As operações policiais também chamaram a atenção pelos impactos na região metropolitana. Ao todo, 92 dos 196 tiroteios ocorridos ao longo do mês foram motivados por ações e operações policiais, o que representa 47% do total acumulado . Essas ocorrências deixaram 85 pessoas baleadas. Entre as vítimas, 32 morreram e 53 ficaram feridas. O número de baleados em ações policiais representa aumento de 39% em relação a julho de 2025, quando 61 pessoas foram baleadas em ações da polícia, sendo 27 mortas e 34 feridas. No dia 28 de julho, a Avenida Brasil foi palco de mais um episódio de violência armada. Uma perseguição policial terminou em chacina . Cinco pessoas foram mortas, incluindo um policial militar identificado como Fernando Plácido Roberto Rocha, de 38 anos. Quatro criminosos que atiraram nos dois policiais militares do Batalhão de Policiamento em Vias Especiais acabaram mortos em troca de tiros com militares do Batalhão de Choque que foram em auxílio aos colegas. Os dados do relatório mensal do Instituto Fogo Cruzado mostram que, em média, duas pessoas são baleadas por dia durante ações policiais . As 85 vítimas dessas ocorrências representam 59% do total de baleados em julho: 143 vítimas, das quais 67 morreram e 76 ficaram feridas. O alto impacto das ações policiais não se refletiu em uma redução no número de vítimas de assaltos ou tentativas de assalto. Ao todo, 20 pessoas foram baleadas, número próximo ao registrado em julho de 2025, quando 21 pessoas foram atingidas por disparos de arma de fogo em assaltos. “A recorrência desses episódios acende um alerta sobre a escalada da violência nas abordagens criminosas e reforça a demanda por políticas integradas de prevenção e combate à criminalidade, além de investimentos em inteligência policial e proteção à população”, afirma Nhanga. Houve ainda sete agentes de segurança baleados na região metropolitana do Rio. Entre as vítimas, três morreram. Com cinco baleados, os agentes que estavam em serviço representaram a maioria dos atingidos."	Agência Brasil	geral	False
https://agenciabrasil.ebc.com.br/geral/noticia/2026-08/adesivo-eleitoral-pode-levar-perda-da-cobertura-de-seguro	2026-08-10	Adesivo eleitoral pode levar à perda da cobertura de seguro	Seguradoras  alertam sobre mudanças no veículo durante campanhas	"Motoristas que pretendem adesivar veículos com propaganda eleitoral ou utilizá-los em atividades de campanha nas eleições 2026 devem informar previamente a seguradora para evitar problemas em caso de sinistro. O alerta é da Federação Nacional de Seguros Gerais (FenSeg). Segundo a vice-presidente da Comissão de Seguro Auto da entidade, Keila Farias, a adesivação com material eleitoral e o uso do automóvel em atividades de campanha podem ser considerados pelas seguradoras como aumento de risco, devido à maior exposição a acidentes, vandalismo e circulação em eventos públicos. ""O uso de veiculo para fins publicitários ou de apoio a campanhas eleitorais torna-o mais exposto a acidentes, roubo e até a vandalismo, e isso leva a necessidade de adequação do contato de seguro"", explica Keila. A FenSeg acrescenta que mudanças no perfil de uso do veículo sem atualização da apólice podem resultar em recusa de indenização por roubo, furto ou colisão . Desta forma, veículos de passeio com propaganda ostensiva de candidatos, utilizados para circulação e apoio a campanhas políticas têm a necessidade de alteração de uso “particular” para “comercial/publicitário”. As seguradoras argumentam que a utilização do carro para transporte de material de campanha, deslocamento de equipes ou atividades de apoio altera as condições avaliadas quando o contrato foi firmado. A entidade também destaca que danos a adesivos, plotagens e envelopamentos geralmente não estão cobertos pelos seguros convencionais. Além disso, prejuízos decorrentes de tumultos, motins e atos de vandalismo costumam estar entre as exclusões previstas nos contratos. Confira mais informações sobre o assunto no Repórter Brasil , da TV Brasil A Federação nacional de seguros Gerais esclarece que adesivos de pequeno porte em veículos de passeio, sem alteração de utilização, não comprometem a cobertura do seguro. *Matéria alterada às 20h55 do dia 11 de agosto para acréscimo de esclarecimentos da FenSeg."	Agência Brasil	geral	False
https://agenciabrasil.ebc.com.br/geral/noticia/2026-08/colombianas-que-morreram-na-queda-de-helicoptero-eram-avo-mae-e-filha	2026-08-08	Colombianas que morreram na queda de helicóptero eram avó, mãe e filha	Informação foi divulgada no Instagram pelo Sistema Alerta Rio	Em nota divulgada no Instagram, o Sistema Alerta Rio informou que as três turistas colombianas da mesma família que morreram na queda de um helicóptero, na manhã deste sábado (8) no Rio,, eram avó, mãe e filha. O piloto da aeronave também não resistiu ao acidente. O ponto da queda fica em uma área de mata íngreme, de difícil acesso. As vítimas faziam um passeio panorâmico na modalidade “doors off”, em que o helicóptero voa sem as portas. O passeio foi contratado com a empresa Voos Rio Panorâmico (VRP). Segundo o comprovante de pagamento, as turistas desembolsaram R$ 2.550 pelo voo. A duração aproximada seria de 20 minutos e incluía o sobrevoo de pontos turísticos da cidade, entre eles a Floresta da Tijuca, a região onde ocorreu a queda. A empresa oferece diferentes opções de voos panorâmicos pelo Rio de Janeiro, incluindo passeios que podem chegar a uma hora de duração e custar mais de R$ 1,3 mil por pessoa. O helicóptero, modelo Robinson R44, de prefixo PP-MFS, caiu em área de mata fechada e de difícil acesso. As circunstâncias e as causas da queda serão investigadas. Saiba mais sobre o acidente no Repórter Brasil Tarde, da TV Brasil	Agência Brasil	geral	False
https://agenciabrasil.ebc.com.br/geral/noticia/2026-08/quatro-pessoas-morrem-em-queda-de-helicoptero-no-rio-de-janeiro	2026-08-08	Quatro pessoas morrem em queda de helicóptero no Rio de Janeiro	Bombeiros atuam no resgate em área de mata fechada	Quatro pessoas morreram na queda de um helicóptero na região da Vista Chinesa, no Parque Nacional da Tijuca, no Rio de Janeiro. Segundo o Corpo de Bombeiros, as vítimas são um homem (piloto da aeronave) e três mulheres (passageiras). A corporação diz que foi acionada às 11h11 deste sábado (8) para atender à ocorrência e que localizou o helicóptero em uma área de mata fechada e de difícil acesso . Havia registro de fogo no local e equipes especializadas em salvamento, operações aéreas e combate a incêndios florestais atuaram na ocorrência. Pouco depois, os focos de incêndio foram extintos. O Corpo de Bombeiros diz que a identificação das vítimas será feita pela perícia da Polícia Civil e que o prefixo da aeronave ainda não foi confirmado. Ainda segundo a corporação, a operação mobilizou cerca de 40 militares, 11 viaturas e 4 unidades operacionais do 1º Grupamento de Socorro Florestal e Meio Ambiente do Alto da Boa Vista, ⁠do Grupamento Operacional do Comando-Geral do centro, do ⁠Grupamento de Operações Aéreas e ⁠do 11º Grupamento de Bombeiro Militar de Vila Isabel.	Agência Brasil	geral	False
https://agenciabrasil.ebc.com.br/geral/noticia/2026-08/agosto-tera-dois-eclipses-saiba-como-assistir-aos-fenomenos	2026-08-08	Agosto terá dois eclipses; saiba como assistir aos fenômenos	Eventos solar e lunar estão previstos para os dias 12 e 27	O mês de agosto traz dois fenômenos astronômicos que podem ser vistos a olho nu de diversas partes do mundo. Um eclipse solar total no hemisfério norte, e um eclipse lunar quase completo para alguns países das Américas, Europa e África, entre eles, o Brasil. O eclipse lunar está previsto para a madrugada do dia 28 de agosto, com início às 23h30 (horário de Brasília) do dia 27 e com auge previsto para 1h do dia 28. Será possível avistar o fenômeno de todos os estados do país, e a previsão é de que até 95% da lua fique avermelhada. Josina Nascimento, astrônoma do Observatório Nacional, explica que o plano de órbita da Lua em volta da Terra é inclinado a 5 graus, e o eclipse acontece quando esses dois corpos celestes se alinham diretamente com o Sol. “Na Lua cheia você tem, nessa ordem, o Sol, a Terra e a Lua. E aí, o Sol batendo na Terra forma essa sombra no espaço, e quando a Lua entra nessa sombra, é que acontece o eclipse”, explicou. Já o eclipse solar, previsto para o dia 12, poderá ser observado na sua totalidade por países como Espanha, Portugal, Rússia, Islândia e Groenlândia. E parcialmente em outras áreas do hemisfério norte, e também no norte do continente africano. “Já aqui você tem Sol, Lua e Terra, e a sombra da Lua vai fazer um caminho pela Terra. Só quem está neste caminho é que vê o eclipse do Sol. Esse caminho é um caminho de 300 quilômetros de largura”, disse. Para assistir ao eclipse lunar que vai passar pelo Brasil não é preciso nenhum tipo de óculos ou técnica especial. Basta escolher um lugar aberto, com uma visão limpa para a lua e de preferência com pouca interferência de luz artificial. Já para o eclipse solar, só é possível fazer a observação com óculos especiais certificados com a norma ISO 12312-2, ou máscaras com vidro de soldador número 14. Olhar diretamente sem proteção traz riscos sérios à visão e pode causar cegueira. O eclipse solar total é resultado de uma coincidência cósmica, já que embora o Sol seja cerca de 400 vezes maior que a Lua, também está 400 vezes mais distante, o que faz com que o Sol e a Lua pareçam ter praticamente o mesmo tamanho. Um eclipse solar acontece sempre na Lua Nova, bloqueando pelo menos parte da luz e criando a projeção de uma sombra. A pesquisadora do Observatório Nacional conta que, diferentemente do eclipse lunar, que fica visível para todos na metade da Terra onde é noite, o solar tem uma distância mais reduzida. Fora do ponto que ele abrange, mesmo sendo total, ele se torna um eclipse anular, o que significa que a Lua não cobre o Sol por completo criando um anel de luz em volta. O eclipse lunar só acontece durante a Lua Cheia, e pode vir de três formas diferentes: total, parcial e penumbral. Quando a luz do Sol bate na Terra, cria dois tipos de sombras, a umbra (sombra mais escura) e a penumbra (uma sombra mais branda). “Quando vai acontecer o eclipse da Lua, às vezes pode ser que ela entre só nessa penumbra. A gente não vê diferença alguma”, conta. No eclipse total, a Lua passa pela penumbra, segue até passar completamente pela umbra, e então retorna para a penumbra. “Esse eclipse agora do dia 27, ele é um eclipse parcial. A Lua não vai entrar totalmente na umbra, ela quase vai entrar. Vai funcionar como se fosse um eclipse total porque ela vai começar a ficar vermelha, e essa vermelhidão é o reflexo da luz do Sol batendo na atmosfera da Terra”, finalizou. O Observatório Nacional vai transmitir ambos os eclipses de maneira gratuita através do seu canal no YouTube . *Estagiária sob supervisão da jornalista Tâmara Freire	Agência Brasil	geral	False
https://agenciabrasil.ebc.com.br/geral/noticia/2026-08/repertorio-de-caetano-veloso-embala-show-exclusivo-na-tv-brasil	2026-08-08	Repertório de Caetano Veloso embala show exclusivo na TV Brasil	Paula e Jaques Morelenbaum participam do programa Cena Musical	"O projeto Só Caetano, liderado por Paula e Jaques Morelenbaum, é o destaque da TV Brasil neste sábado (8), às 23h59, com espetáculo inédito dedicado à obra de Caetano Veloso, no show exclusivo apresentado no programa Cena Musical . O repertório inclui sucessos que atravessam gerações. A seleção combina clássicos de vários momentos da carreira do astro baiano como Coração Vagabundo , Irene , Meu Bem, Meu Mal , Baby , Leãozinho , Menino do Rio , Você é Linda e Atrás do Trio Elétrico , entre outras canções. A performance no palco do Espaço Cultural do BNDES, no Rio de Janeiro, conta ainda com a presença de Moreno Veloso que canta as músicas do pai, ora sozinho, ora em duo com Paula Morelenbaum. A banda para o especial é formada por Marcelo Costa, na bateria, e Lula Galvão, no violão. Mais do que um tributo convencional, o show constrói uma leitura pessoal da obra, baseada na convivência artística e afetiva dos intérpretes com o compositor. A atração revisita canções que marcaram época para recriar um ambiente sensível e envolto em romantismo, que dialoga diretamente com a memória do público. ""A minha relação com a obra do Caetano é de amor total. Sou fã desde pequena. As músicas dele são fundamentais na minha formação de vida e artística "", conta Paula Morelenbaum que celebra a chance para entoar tantos hits inesquecíveis. ""Eu dou minha interpretação de forma muito natural. A maioria dessas músicas já foi gravada pela Gal Costa da qual também fui fã e homenageamos no show"", completou a a artista. O espetáculo fica disponível ainda no app TV Brasil Play e no Youtube do canal. A produção apresentada pela jornalista e cantora Bia Aparecida tem direção de Waldecir de Oliveira. A novidade da temporada do Cena Musical é a inclusão de depoimentos dos convidados e de bastidores das gravações. A sequência reúne performances de astros como Áurea Martins, Cristóvão Bastos, Lula Queiroga e Marcos Sacramento, entre outros. Lançado em 2007, o Cena Musical é um programa da TV Brasil que traz para o público performances inéditas da música nacional. Desde 2017, os shows são gravados no Espaço Cultural BNDES, no Rio de Janeiro. Os shows podem ser acompanhados no app TV Brasil Play e no Youtube da emissora pública. A produção com janela semanal traz espetáculos que revelam e celebram a diversidade e a riqueza da sonoridade brasileira. O comando da atual temporada é de Bia Aparecida, cantora, jornalista e apresentadora do canal público. Na nova leva de episódios, a atração exibe performances exclusivas de personalidades de vários gêneros. Waldecir de Oliveira faz a direção artística do programa. ""Estou muito feliz em celebrar a estreia de uma nova temporada do Cena Musical na TV Brasil . É muito especial apresentar um programa que acredita na força e na diversidade da música nacional e abre espaço, de forma democrática, para diferentes sons, sotaques, histórias e gerações"", conta Bia Aparecida. A apresentadora considera a música uma das maiores riquezas culturais do país. ""Ela é sofisticada, inventiva e profundamente conectada com quem somos. Os convidados mostram a grandeza e a diversidade desse cenário. O programa Cena Musical é esse lugar de encontro, descoberta e celebração da nossa cultura e estou bem animada para dividir essa nova temporada com o público"", completa. Diretor artístico da atração, Waldecir de Oliveira explica a proposta da nova temporada. ""O Cena Musical reafirma sua importância como um espaço plural e necessário para a música brasileira. O programa amplia a visibilidade de artistas de diferentes regiões, estilos e trajetórias para valorizar a riqueza cultural do país e fortalecer a circulação da produção nacional para novos públicos."" Acompanhe a programação da TV Brasil pelo canal aberto, TV por assinatura e parabólica. Clique aqui e saiba como sintonizar . Seus programas favoritos estão no TV Brasil Play , pelo site ou por aplicativo no smartphone. O app pode ser baixado gratuitamente e está disponível para Android e iOS. Assista também pela WebTV . TV Brasil na internet e nas redes sociais: Site – https://tvbrasil.ebc.com.br Facebook – https://www.facebook.com/tvbrasil Instagram – https://www.instagram.com/tvbrasil YouTube – https://www.youtube.com/tvbrasil X – https://x.com/TVBrasil TikTok – https://www.tiktok.com/@tvbrasil TV Brasil Play - http://tvbrasilplay.com.br"	Agência Brasil	geral	False
https://agenciabrasil.ebc.com.br/geral/noticia/2026-08/mega-sena-sorteia-premio-acumulado-de-r-165-milhoes-neste-domingo-0	2026-08-08	Mega-Sena sorteia prêmio acumulado de R$ 165 milhões neste domingo	Apostas podem ser feitas até as 22h deste sábado	A Mega-Sena sorteia neste domingo (9) prêmio estimado em R$ 165 milhões. As seis dezenas do concurso 3.042 serão sorteadas a partir das 11h (horário de Brasília) no Espaço da Sorte, localizado na Avenida Paulista, em São Paulo. As apostas podem ser feitas até as 22h (horário de Brasília) de hoje (8) em casas lotéricas credenciadas pela Caixa em todo o país ou pela internet. A aposta simples, com seis dezenas, custa R$ 6. No último concurso, foram sorteados os números 16, 21, 24, 31, 43 e 54, mas nenhum apostador acertou as seis dezenas . Oitenta e oito apostas acertaram a quina e vão receber R$ 52.843,18 cada; e 6.903 apostas acertaram a quadra e vão receber R$ 1.110,41 cada.	Agência Brasil	geral	False
https://agenciabrasil.ebc.com.br/geral/noticia/2026-08/pms-detem-motorista-de-onibus-em-sp-apos-desentendimento-no-transito	2026-08-07	PMs detêm motorista de ônibus em SP após desentendimento no trânsito	Para sindicato, caso mostra truculência e despreparo dos policiais	"Um motorista de ônibus foi retirado à força do veículo e detido por dois policiais militares após um desentendimento no trânsito na capital paulista. Segundo o motorista, o desentendimento teve início quando ele buzinou pedindo passagem à viatura da PM, que trafegava lentamente na faixa exclusiva de ônibus. O episódio ocorreu, segundo o Sindicato dos Motoristas e Trabalhadores em Transporte Rodoviário Urbano de São Paulo (Sindmotoristas), na altura do número 700 da Avenida Casa Verde. Um vídeo gravado por um passageiro mostra os policiais dentro do ônibus pedindo que o motorista descesse. O condutor nega e alega que não havia feito nada de errado. Os policiais então retiram o motorista à força do veículo e o levam a uma delegacia. “A diretoria do Sindicato dos Motoristas e Trabalhadores em Transporte Rodoviário Urbano de São Paulo (Sindmotoristas) está estarrecida e indignada com a truculência de agentes da polícia militar contra o motorista Edvagner e o cobrador Vilanova da Viação Santa Brígida”, disse o sindicato em comunicado nas redes sociais. De acordo com o sindicato, o episódio mostra truculência e falta de preparo dos policiais. “O fato em questão mostra a total falta de empatia e uso violento da função que cabe ao policial, que deveria agir com melhor atenção, respeito e prudência. E jamais prender um trabalhador, pai de família, por motivo banal, uma divergência.” O sindicato informou ainda que ingressará com denúncia na Corregedoria da Polícia Militar do Estado de São Paulo contra os policiais envolvidos. “Quando nossos operadores são agredidos por meliantes, pedimos providências para conter atos criminosos. E somos relegados ao silêncio. Agora, tristemente, estamos diante de um fato que nos assola, mas exigimos rigor em defesa à categoria que cumpre sua função.” Em nota, a Secretaria de Segurança Pública (SSP) do estado de São Paulo disse que a Polícia Militar está apurando as circunstâncias dos fatos. ""A corporação não compactua com desvios de conduta e adota as medidas cabíveis sempre que constatadas irregularidades"", diz o texto. A SSP informou ainda que a Polícia Civil devera instaurar inquérito no 40º Distrito Policial (Vila Santa Maria) sobre o caso e solicitar as imagens das câmeras corporais dos policiais para auxiliar no esclarecimento dos fatos. Matéria ampliada às 19h23 para incluir a manifestação da Secretaria de Segurança Pública."	Agência Brasil	geral	False
https://agenciabrasil.ebc.com.br/geral/noticia/2026-08/saiba-quando-sera-o-recesso-de-fim-de-ano-para-servidores-publicos	2026-08-07	Saiba quando será o recesso de fim de ano para servidores públicos	Períodos vão de 21 a 25/12 e de 28/12 a 1º de janeiro de 2027	O Ministério da Gestão e da Inovação em Serviços Públicos (MGI) definiu nesta sexta-feira (7) as datas para o recesso de Natal e Ano-Novo. Os períodos serão de 21 a 25 de dezembro de 2026 e de 28 de dezembro de 2026 a 1º de janeiro de 2027, respectivamente. De acordo com a Portaria SRT/MGI nº 6.342/2026 , o benefício alcança servidores públicos, empregados públicos, contratados temporários e estagiários que atuam em órgãos da Administração Pública Federal. As unidades deverão organizar escalas de revezamento entre os dois períodos de recesso, de forma a garantir a continuidade dos serviços considerados essenciais, especialmente aqueles voltados ao atendimento ao público. A norma também prevê que as horas não trabalhadas durante o recesso deverão ser compensadas entre 1º de outubro de 2026 e 31 de maio de 2027. Para os trabalhadores que atuam presencialmente e não participam do Programa de Gestão e Desempenho (PGD), a compensação ocorrerá por meio da antecipação ou postergação da jornada diária de trabalho, respeitando o horário de funcionamento do órgão. Já os participantes do PGD, tanto na modalidade presencial quanto em teletrabalho, em regime integral ou parcial, deverão compensar as horas por meio do cumprimento das entregas previstas em seus respectivos planos de trabalho. A portaria estabelece ainda limites para a compensação. Servidores, empregados públicos e contratados temporários poderão compensar até duas horas por dia. No caso dos estagiários, o limite será de uma hora diária. Segundo o texto, quem não compensar integralmente as horas usufruídas durante o recesso até o prazo definido sofrerá desconto proporcional na remuneração correspondente ao período pendente. Os profissionais que optarem por não aderir ao recesso deverão manter normalmente sua jornada de trabalho.	Agência Brasil	geral	False
https://agenciabrasil.ebc.com.br/geral/noticia/2026-08/busca-por-profundidade-e-dinamismo-marca-40-anos-do-revista-brasil	2026-08-06	Busca por profundidade e dinamismo marca 40 anos do Revista Brasil	Programa da Rádio Nacional inovou com duas horas de jornalismo diário	Naquele 6 de agosto, o repórter sergipano Aécio Amado, de 35 anos, acordou pouco depois das 4h da madrugada e chegou às 5h, antes do raiar do dia, à redação da Rádio Nacional do Rio de Janeiro , pronto para o que viesse. Ele iria estrear em um novo programa jornalístico, o Revista Nacional , e, dessa vez, falaria para o país inteiro. Era normal, em sua rotina, carregar a tiracolo uma montanha de fichas telefônicas, um pesado carregador de fita, bloco de anotações e canetas. Pesquisou o que acontecia no trânsito e nas delegacias. E não faltariam notícias, mesmo sendo em um Rio de Janeiro diferente, naquele “inverno” quente de 1986. Na estreia do novo programa, deixou qualquer nervosismo de lado e ouviu o chamado do apresentador goiano Valter Lima, também de 35 anos, direto de Brasília. Acompanhou o que se passava pelo país na voz dos colegas. O Revista Nacional ganharia o nome depois, em 1998, de Revista Brasil , com a mesma lógica de trazer informações instantâneas, aprofundadas e entrevistas com duas horas de duração. Quarenta anos depois e aposentado recentemente, Aécio garante que o dia a dia na rádio é sempre recheado de emoções fortes, como a que ocorreu em 1988, na véspera do Ano Novo. Ele foi acionado para cobrir o naufrágio do navio Bateau Mouche IV, que provocou a morte de 55 pessoas na Baía de Guanabara. “Foi marcante e também muito triste. Quando cheguei, o portão do Salvamar, da Marinha, estava aberto. E vi os corpos chegando trazidos nas lanchas”. O programa começou às 8h da manhã, mas o repórter já havia passado a noite em claro com as notícias tristes que chegavam. “Faz parte da vida do repórter”, afirma. Quem conhece bem essa realidade é Valter Lima, que esteve à frente do programa nas últimas  quatro décadas de forma ininterrupta. Ele, que foi contratado para ajudar na formulação de um “projeto inovador” para um programa que priorizasse informação e dinamismo por duas horas a cada dia, também ficou conhecido entre os colegas por madrugar no estúdio em nome de dar notícia em primeira mão a partir da capital. “Nasceu a proposta de utilizar a rádio como veículo de aprofundamento das questões políticas, econômicas, sociais, internacionais e humanísticas”, afirmou Lima.  Por isso, o programa não era transmitido apenas de Brasília, mas também do Rio de Janeiro e até do Amazonas. “Mais de 200 emissoras ao vivo transmitiam desde o começo”. Segundo Valter Lima, um dos primeiros grandes desafios do programa foi traduzir ao público as discussões dos parlamentares para a formulação da Constituição de 1988. Ele recorda que tinha acesso a diferentes fontes de informação nessa época, em função de que, nas coberturas, chegou a participar, antes de 1985, do Movimento das Diretas Já. Da Amazônia, outro desafio foi a cobertura da primeira epidemia do cólera no país, em 1991. A equipe se deslocou para diferentes pontos da Amazônia para registrar o problema. No ano seguinte, ele considerou também histórica a cobertura da “Eco 92”, Conferência das Nações Unidas sobre Meio Ambiente e Desenvolvimento realizada no Rio de Janeiro de 3 a 14 de junho daquele ano. “A equipe do Revista Brasil sabe da responsabilidade que é veicular conteúdos a partir de uma emissora pública porque esse material é replicado dentro e fora do Brasil graças à credibilidade que todos nós construímos. Não podemos falhar”.  Desde os primeiros programas, o Revista chegava a mais de 30 milhões de pessoas. A chacina da Candelária, em julho de 1993, quando oito crianças e adolescentes foram mortos em frente àquela igreja no centro do Rio, também sensibilizou o experiente jornalista. “Essa história tocou no coração da gente”. Ele lembra os detalhes de quando recebeu as primeiras notícias dos jovens. A juventude, em particular, é um tema que sempre tocava o apresentador. Ele Lembrou de quando saiu de Anápolis (GO) para tentar a vida em Brasília. Alistou-se como soldado da Aeronáutica e fazia bicos de locutor na rodoviária, no centro da capital. Em um desses anúncios, diretores de rádio queriam saber mais daquele vozeirão. “Queria ganhar um dinheirinho para estudar”. De repente, já trabalhava na Rádio Alvorada. Depois, para a Empresa Brasil de Comunicação (EBC), foi um pulo. Finalmente, teve a carteira assinada. Mais do que o sucesso profissional, orgulha-se de ter sido ouvido na rádio de pilha pelo pai, Adão, pedreiro, e pela mãe, Dalva, ambos já falecidos. “Fico orgulhoso de ser parte da história da comunicação pública”. Nem todos que se dedicam à rádio foram aos microfones. Entre essas pessoas, a produtora Fátima Araújo chegou à empresa em 1977. Ela começou como auxiliar administrativa da Rádio Nacional da Amazônia . De repente, passou a entrar nos estúdios. Inicialmente, recebia as cartas dos ouvintes para selecionar e serem lidas no programa. Chegava de tudo, inclusive perfumadas com talco ou objetos de recordação - informações, pedidos e sugestões de mais pautas. “O Valter chegava muito cedo. Antes de todos. Acendia e apagava as luzes da rádio à noite”. A internet mudou a forma de interação desde o final dos anos 90. As cartas perfumadas deram lugar a e-mails que lotaram a caixa de entrada e “a mensagens o tempo inteiro”. “Mas a correria nunca mudou”, diz a produtora.	Agência Brasil	geral	False
https://agenciabrasil.ebc.com.br/geral/noticia/2026-08/mais-de-830-mil-celulares-foram-subtraidos-em-2025-aponta-relatorio	2026-08-06	Mais de 830 mil celulares foram subtraídos em 2025, aponta relatório	Roubos recuaram 18,6%; enquanto os furtos aumentaram 0,9%	O Brasil registrou 830.890 roubos ou furtos de celulares em 2025 – 9% menos que as 909.753 subtrações de aparelhos registradas em 2024. De acordo com o 20° Anuário Brasileiro de Segurança Pública, os roubos recuaram 18,6% (de 377.787 para 308.723), enquanto os furtos cresceram 0,9% (de 477.326 para 483.561). Na maioria as vezes, o furto acontece sem que a vítima perceba imediatamente, sobretudo em locais movimentados e no transporte público. Essa modalidade já responde por 61% das ocorrências de subtração de celulares. O avanço de 0,9% em um ano, elevou a média para aproximadamente 1.325 registros por dia em 2025. O aparelho celular é considerado o principal meio de comunicação do brasileiro – com aplicativos de bancos, pagamentos via pix, agenda de contatos, calendário de eventos e tantos outros aplicativos e funcionalidades. Por isso, quando um aparelho é furtado ou roubado, isso impacta o orçamento da vítima. Esse impacto consta na pesquisa Expansão de Seguros Inclusivos em Comunidades Periféricas, realizada pela Confederação Nacional das Seguradoras (CNseg) e pelo Instituto Locomotiva. Entre os entrevistados, 60% disseram já ter tido o celular levado ou conviver com alguém que passou por essa situação sem conseguir comprar outro imediatamente. Ao mesmo tempo, 53% das famílias não cobrem todas as despesas básicas do mês, 36% pagam as contas sem nenhuma sobra e apenas 11% terminam o mês com algum recurso disponível. Nesse cenário, a reposição inesperada de outro aparelho pode exigir endividamento ou o uso de recursos destinados a alimentação, transporte e moradia. Para quem depende do telefone para receber pedidos, atender clientes, fazer pagamentos ou acessar plataformas digitais, o prejuízo inclui também dias ou semanas de renda comprometida. O equipamento físico é apenas parte do interesse dos criminosos. Aplicativos bancários, carteiras digitais, documentos e dados pessoais podem ser usados para transferências, empréstimos, invasão de redes sociais e golpes contra contatos da vítima. Pesquisa do Fórum Brasileiro de Segurança Pública e do Datafolha, realizada em março de 2026, mostrou que 78,8% da população teme ter o celular roubado ou furtado; o receio de golpes pela internet ou pelo telefone chega a 83,2%. A resposta, portanto, exige duas frentes: bloquear o aparelho, a linha, as contas bancárias e os acessos vinculados ao dispositivo; e lidar com o custo de reposição e a eventual interrupção das atividades que dependem dele. Para o presidente da Comissão de Seguros Gerais Afinidades da Federação Nacional de Seguros Gerais (FenSeg), Sidemar Sprincigo, a ampliação do risco exige uma visão integrada. “Quando o celular é levado, o prejuízo pode ir muito além do valor do equipamento. O seguro para celular e o seguro contra golpes bancários, conhecido como seguro Pix, oferecem camadas complementares de proteção: o primeiro pode amparar a reposição do aparelho; o segundo, prejuízos decorrentes do uso fraudulento de aplicativos bancários ou de transferências sob coação, sempre nas situações previstas na apólice”, afirma. No seguro celular, a cobertura pode incluir roubo, furto qualificado e danos acidentais, conforme a contratação. Já o chamado seguro Pix pode prever transferências sob coação, como em situações de ameaça, roubo ou sequestro, além de modalidades específicas de fraude eletrônica. A proteção não é automática para todo tipo de golpe ou transferência voluntária: eventos cobertos, limites e exclusões variam entre as apólices. Antes de contratar, o consumidor deve comparar prêmio, franquia, critérios de indenização, eventual depreciação do aparelho, documentos exigidos e exclusões. Furto simples e furto qualificado, por exemplo, podem receber tratamentos diferentes. Também é importante considerar o valor e o tempo de uso do celular e se ele é indispensável ao trabalho ou ao estudo. O seguro não impede o crime nem substitui os cuidados de segurança digital, mas pode reduzir o impacto de uma perda repentina e evitar que o consumidor tenha de absorver sozinho um prejuízo capaz de desorganizar o orçamento familiar.	Agência Brasil	geral	False
https://agenciabrasil.ebc.com.br/geral/noticia/2026-08/usuarios-de-trens-mudam-rotina-por-causa-de-greve-da-cptm	2026-08-05	Usuários de trens mudam rotina por causa de greve da CPTM	Algumas empresas dispensaram funcionários do presencial	Com a greve dos trabalhadores da Companhia Paulista de Trens Metropolitanos (CPTM) de São Paulo e a paralisação parcial das linhas 11-Coral, 12-Safira e 13-Jade nesta quarta-feira (5), os usuários do transporte público precisaram reorganizar suas rotinas para chegar a tempo no trabalho e em outros compromissos. É o caso de Giovanna Miranda, gerente de um condomínio na Berrini, zona oeste da capital paulista. A profissional contou à Agência Brasil que o trajeto de carro de sua casa para o trabalho leva, geralmente, 25 minutos. Nessa terça-feira (4), data em que foi iniciada a greve, ela levou 45 minutos para chegar ao trabalho. A volta para casa também foi complicada, o que a fez perder um curso online. “Eu perdi uma reunião na parte da manhã e precisei adiar alguns compromissos. Com isso, os funcionários acabaram acumulando trabalho e as pessoas tiveram que sair mais tarde”, disse. Quem também precisou alterar a rotina foi a cuidadora Alessandra Zuncare. Ela saiu de casa uma hora antes do normal para chegar a Santana, bairro da zona norte da cidade, além de ter enfrentado lotação na linha 3-Vermelha. “Acordei mais cedo para ler o noticiário e ver quais linhas estavam operando”, contou. Algumas empresas dispensaram os funcionários do trabalho presencial em razão da greve. Na seguradora onde Janaína dos Reis trabalha, é adotado o modelo em que os funcionários são dispensados de ir trabalhar presencialmente e podem trabalhar em casa quando há greve no transporte público, diante da dificuldade dos funcionários em chegar ao escritório. “Em greves passadas, eu posso te dizer que tanto o deslocamento de ida, quanto o de volta é muito ruim. As filas para conseguir entrar no metrô são muito longas. Houve uma certa vez que o metrô estava tão cheio, que quando a porta do vagão fechou, eu fiquei na beirada da plataforma. Qualquer movimento de uma pessoa atrás de mim e eu poderia ter caído”, contou. Confira mais informações sobre a greve no Repórter Brasil , da TV Brasil A Companhia de Engenharia de Tráfego (CET) aponta que a paralisação das linhas de trem provocou mais de 750 quilômetros de engarrafamento nesta quarta-feira (5) em toda a cidade . O congestionamento foi mais expressivo na zona sul, com 243 km de tráfego intenso. Na terça-feira, o congestionamento de veículos atingiu mais de 2 mil quilômetros. Sindicato, governo do estado e CPTM têm audiência de conciliação nesta quarta-feira para decidir sobre a continuidade da greve . Os trabalhadores decidiram manter o movimento em assembleia ontem (4). A categoria quer garantias formais da manutenção dos empregados que atuam diretamente nas das linhas 11, 12 e 13 - concedidas à empresa Trivia Trens em julho deste ano. *Estagiário da Agência Brasil sob supervisão de Odair Braz Junior	Agência Brasil	geral	False
https://agenciabrasil.ebc.com.br/geral/noticia/2026-08/incendio-em-fabrica-em-itaquaquecetuba-e-extinto-apos-33-horas	2026-08-06	Incêndio em fábrica em Itaquaquecetuba é extinto após 33 horas	Não houve feridos e causas estão sendo investigadas	Após 33 horas de trabalho, o Corpo de Bombeiros conseguiu extinguir o incêndio de grandes proporções que atingiu uma fábrica de produtos químicos na Estrada do Bonsucesso , em Itaquaquecetuba, na região metropolitana de São Paulo. A cidade fica a 40 km da capital paulista. O fogo começou na tarde de quarta-feira (4) e foi extinto à 0h10 desta quinta-feira (6). Não houve feridos e as causas do incêndio estão sendo investigadas. Por conta do incidente e por medida de segurança, a Prefeitura de  Itaquaquecetuba determinou a interdição de toda a extensão da Estrada do Bonsucesso e de todas as suas vias de acesso. A área interditada está em uma região industrial a mais de 500 metros das residências mais próximas. Outra ação preventiva foi o monitoramento contínuo das condições ambientais e avaliação técnica dos gases liberados por força das chamas. A prefeitura orienta as pessoas que residem, trabalham ou passam pelo entorno a procurar atendimento médico imediatamente caso sintam irritação intensa nos olhos ou na garganta, tosse persistente, falta de ar, dor no peito, tontura, náusea ou outros sinais de intoxicação. Em situações de urgência, o Samu pode ser acionado pelo telefone 192. Confira mais informações sobre o incêndio no Repórter Brasil , da TV Brasil	Agência Brasil	geral	False
https://agenciabrasil.ebc.com.br/geral/noticia/2026-08/policia-federal-indicia-16-pessoas-por-queda-de-aviao-da-voepass	2026-08-06	Polícia Federal indicia 16 pessoas por queda de avião da Voepass	Avião não teria condições de voar, mas empresa autorizou	A Polícia Federal (PF) indiciou nesta quinta-feira (6) 16 pessoas por envolvimento na queda da aeronave da Voepass Linhas Aéreas em Vinhedo (SP) , em agosto de 2024, após concluir a investigação. Todos os indiciados são ligados à companhia, inclusive o presidente da empresa, José Luiz Felício Filho. A queda do avião turboélice, ATR 72-500, deixou 62 mortos, sem sobreviventes. De acordo com a PF, a Justiça Federal decidiu que todos os indiciados não poderão deixar o país, ou terão de voltar ao Brasil caso estejam no exterior, enquanto o Ministério Público Federal (MFP) analisa o inquérito da polícia e decide quais pessoas serão denunciadas. Segundo a PF, 15 foram indiciados pelo crime de atentado contra a segurança do transporte aéreo (Artigo 261 do Código Penal) e uma (o comandante do voo da madrugada, que pilotou o mesmo avião em que ocorreu a queda) foi indiciada por falsidade ideológica. Foram indiciados pelo crime de atentado contra a segurança do transporte aéreo o diretor-presidente da Voepass José Luiz Felício Filho; o comandante do voo imediatamente anterior ao acidente, que teria entregue a aeronave sem reportar falhas; o mecânico que teria se omitido de realizar manutenção; o chefe do Centro de Controle de Manutenção (MCC); o inspetor técnico responsável por responder pela manutenção perante a Agência Nacional de Aviação Civil (Anac); o diretor de manutenção da companhia; o gerente do Centro de Controle Operacional (CCO); o diretor do CCO; o diretor de operações; o chefe dos pilotos; e o diretor de segurança operacional (safety). As penas para o crime de atentado contra a segurança do transporte aéreo é de 4 a 12 anos de prisão, e dobram (de 8 a 24 anos) em decorrência do resultado em morte. A Polícia Federal informou ainda que solicitou à Justiça Federal que autorize o compartilhamento de todas as informações da investigação com a Anac para que a agência investigue administrativamente se houve falhas de seus servidores no processo de fiscalização da companhia aérea. Com o mesmo objetivo, a PF solicitou que a investigação seja também compartilhada com a Procuradoria da República no Distrito Federal, local da sede da Anac. “Nossa equipe analisou dezenas de processos de fiscalização da Anac e se pôde perceber que havia ali [na Voepass] uma cultura realmente de omissão e que não era uma cultura de quem estava ali na ponta no dia-a-dia do mecânico da pista, não, era uma cultura de uma omissão implementada na empresa”, destacou o delegado chefe da Polícia Federal em Campinas, André Ribeiro. Segundo a PF, a aeronave não tinha condições técnicas de realizar o voo na situação a que foi submetida, sob formação de gelo severo e precipitações. Equipamentos imprescindíveis para essas condições, como o sistema de degelo e o limpador do parabrisas do avião, estavam inoperantes. Mesmo assim, a empresa decidiu por autorizar a decolagem do avião. Durante o voo, os pilotos receberam, gradativamente, do sistema de segurança do avião, avisos de que as condições de voo estavam decaindo. No entanto, mesmo diante dos avisos sonoros e da lâmpada de “master caution”, a PF diz que os pilotos não tomaram nenhuma atitude. Segundo a polícia, o avião havia apresentado problemas semelhantes em voos anteriores. No entanto, os pilotos, orientados pela empresa, não reportavam as falhas no relatório pós voo para que a aeronave não ficasse impedida de continuar a voar . “A investigação comprova que havia, por parte da chefia dos pilotos, e da direção de operações [da companhia], orientação para não reportar as falhas, porque as falhas poderiam parar a aeronave, impedindo um voo subsequente”, destacou o delegado. Confira mais informações sobre o indiciamento no Repórter Brasil , da TV Brasil Familiares das vítimas que estavam presentes na Polícia Federal em São Paulo avaliaram como criminoso o modo em que a Voepass operava. “Aquelas ações eram criminosas, eles eram profissionais, eles sabiam o que estavam fazendo. Eram profissionais preparados, sabotando uma fiscalização, fazendo gambiarra numa aeronave que poderia matar, então eles sabiam, todos sabiam que aquela aeronave uma hora ia cair. Correram o risco, não se importavam”, disse Fátima Albuquerque, da Associação de Familiares das Vítimas. Segundo os advogados da associação, o grupo deverá ingressar com uma ação coletiva por danos morais contra a Voepass.	Agência Brasil	geral	False
https://agenciabrasil.ebc.com.br/geral/noticia/2026-08/ventos-diminuem-de-intensidade-e-municipio-do-rio-volta-ao-estagio-1	2026-08-06	Ventos diminuem de intensidade e município do Rio volta ao Estágio 1	No Estágio 1 não há ocorrências de grande impacto	O município do Rio de Janeiro retornou ao Estágio 1 às 20h dessa quarta-feira, (5), devido à redução da intensidade dos ventos previstos, com rajadas de até 76 quilômetros por hora (km/h). O Estágio 1, em uma escala de cinco, significa que não há ocorrências de grande impacto. Nessa fase, podem ocorrer pequenos incidentes, que não interferem de forma significativa na rotina do cidadão. Ao longo do dia, o céu esteve claro a parcialmente nublado e não houve registro de chuva. Os ventos ficaram moderados. A temperatura mínima registrada foi de 16°C e a máxima atingiu 34,2°C. Para esta quinta-feira (6), o Alerta Rio prevê a atuação de áreas de instabilidade. Os ventos estarão moderados, entre 18,5 km/h e 51,9 km/h, com rajadas isoladas fortes, até 60 km/h de manhã, nas zonas oeste e sudoeste da cidade. O céu estará parcialmente nublado a nublado e há previsão de chuva fraca a moderada no final da tarde. A temperatura máxima pode chegar a 35ºC. Amanhã, (7), áreas de instabilidade associadas à aproximação de uma frente fria influenciarão o tempo no Rio. As rajadas de vento podem atingir intensidade forte, entre 52km/h, a muito forte, acima de 76 km/h. Há previsão de céu parcialmente nublado a nublado com pancadas isoladas de chuva no período da tarde. A temperatura entrará em elevação, com a temperatura máxima podendo chegar aos 38ºC.	Agência Brasil	geral	False
https://agenciabrasil.ebc.com.br/geral/noticia/2026-08/termina-greve-nas-linhas-de-trens-em-sao-paulo	2026-08-05	Termina a greve nas linhas de trens em São Paulo	Sindicato mantém estado de greve para acompanhar acordo	Os trabalhadores da Companhia Paulista de Trens Metropolitanos (CPTM) suspenderam a greve da categoria , que ocorria desde as primeiras horas de terça-feira (4) , e afetou as linhas 11, 12, 13 e Expresso Aeroporto. A decisão foi tomada em assembleia, quando foi aceita a proposta, mediada pelo Tribunal Regional do Trabalho (TRT), do governo estadual que contemplou a principal reivindicação da categoria, a garantia de trabalho para os mais de 4.600 trabalhadores diretos que atuavam nas quatro linhas, concedidas ao setor privado em julho. O governo de São Paulo formalizou nesta quarta-feira (5) o projeto de lei específico para esses trabalhadores, garantindo a realocação para os 1.300 funcionários que ainda não haviam sido direcionados a novos postos de trabalho. “Apesar da suspensão do movimento paredista, a categoria permanecerá em estado de greve, acompanhando atentamente o cumprimento dos compromissos assumidos e a evolução das negociações”, informou o sindicato, em nota. Com o fim da greve, os trabalhadores retomam as atividades ainda esta quarta-feira. Pela manhã, a mobilização havia interrompido a circulação dos trens na linha 13 por algumas horas e afetou as demais linhas 11, 12 e Expresso. Confira as informações sobre o fim da greve no Repórter Brasil , da TV Brasil	Agência Brasil	geral	False
https://agenciabrasil.ebc.com.br/geral/noticia/2026-08/governo-de-sp-diz-que-nao-havera-demissoes-de-funcionarios-da-cptm	2026-08-05	Governo de SP diz que não haverá demissões de funcionários da CPTM	Trabalhadores decidem em assembleia se encerram a greve	Em audiência de conciliação na tarde desta quarta-feira (5) entre sindicato, Companhia Paulista de Transporte Metropolitano (CPTM) e o governo de São Paulo, o estado apresentou a proposta de não demitir nenhuma trabalhador da empresa. “Estamos esclarecendo e reforçando as informações de que, ao contrário do que alega o sindicato, não há na CPTM nenhuma demissão em curso decorrente do processo de concessão”, destaca comunicado do governo estadual. O texto diz ainda que dos, 4.648 funcionários empregados em junho de 2026, 2.171 estão trabalhando atualmente na Linha 10-Turquesa. De acordo com a nota, os demais funcionários serão realocados para outros órgãos como o Metrô, a Agência de Transporte do Estado de São Paulo (Artesp), Agência Reguladora de Serviços Públicos do Estado de São Paulo (Arsesp), entre outros. A manutenção dos empregos é uma das reivindicações da categoria e um dos motivos para a greve que paralisa parcialmente há dois dias as linhas 11, 12 e 13 da CPTM. Essas linhas foram concedidas à Trivia Trens em julho. Logo nos primeiros dias de funcionamento sob o comando da empresa privada, ocorreram diversos problemas técnicos , como o incêndio de uma composição com passageiros. A gravidade da situação fez com que o governo do estado colocasse os funcionários da CPTM de volta na operação das três linhas privatizadas. A intervenção da estatal tem duração de 90 dias. Os trabalhadores da CPTM fazem assembleia na tarde de hoje para decidir se aceitam a proposta do governo e encerram a greve.	Agência Brasil	geral	False
https://agenciabrasil.ebc.com.br/geral/noticia/2026-08/policia-do-rio-faz-operacoes-para-prender-dezenas-de-integrantes-do-cv	2026-08-05	Polícia do Rio faz operações para prender dezenas de integrantes do CV	Alvos são especializados no roubo de veículos	A Polícia Civil do Rio de Janeiro realiza uma operação, na manhã desta quarta-feira (5), para cumprir dezenas de mandados de prisão contra suspeitos de integrar o Comando Vermelho (CV), principal organização criminosa do estado. Os alvos da ação formam um braço da quadrilha, que tem se especializado no roubo de automóveis. A Agência Brasil apurou que oito pessoas tinham sido presas até as 11h. A investigação comandada pelo Delegacia de Roubos e Furtos de Automóveis da Capital (DRFA-CAP) faz parte da Operação Contenção, voltada especificamente para enfraquecer o CV no Rio de Janeiro. Os supostos criminosos são da comunidade Fallet-Fogueteiro, em morros da região central da capital fluminense. De acordo com a investigação, a quadrilha aumentou a atuação no roubo de veículos em bairros do entorno, como forma de aumentar o poder econômico e capacidade de atuação. Segundo a polícia, os veículos furtados ou roubados “abasteciam desmanches clandestinos, o comércio ilegal de peças e eram utilizados em outras ações ilegais, o que alimentava um ciclo de financiamento da organização”. A investigação foi iniciada mirando o tráfico de drogas, mas a mancha criminal (concentração de ocorrências) em bairros próximos à comunidade - Santa Teresa, Centro e Grande Tijuca - apontou aumento nos registros de roubos e furtos de veículos, no sentido contrário ao comportamento desse tipo de crime na cidade, que vem apresentando redução. Delegacias especializadas e a Coordenadoria de Recursos Especiais (Core), divisão de elite da Polícia Civil, apoiam a operação. A polícia diz que realizou “amplo trabalho” de inteligência, com análise de imagens, cruzamento de dados e diligência que permitiram fundamentar a representação pelos pedidos de prisão preventiva, que foram deferidos pela Justiça. Saiba mais no Repórter Brasil Tarde, da TV Brasil A Operação Contenção foi iniciada em 2025 e é voltada a desarticular a estrutura financeira, logística e operacional do CV, facção que domina diversas regiões da capital fluminense e do estado. A primeira fase da operação foi a realizada no fim de outubro do ano passado, no Complexo do Alemão, zona norte do Rio, que terminou com 122 mortos, sendo 117 suspeitos e cinco policiais. A ação é considerada a mais letal da história do país . Desde então, a Contenção soma 137 suspeitos mortos, 370 presos e cerca de 480 armas apreendidas, entre elas 190 fuzis.	Agência Brasil	geral	False
https://agenciabrasil.ebc.com.br/geral/noticia/2026-08/paralisacao-de-trens-causa-congestionamento-nas-ruas-de-sp	2026-08-05	Paralisação de trens causa congestionamento nas ruas de SP	Categoria tem audiência de conciliação nesta quarta-feira (5)	A paralisação das linhas 11, 12 e 13 da Companhia Paulista de Trens Metropolitanos (CPTM) provoca reflexos nas ruas da cidade de São Paulo , que registram 750 quilômetros de engarrafamento neste momento. O aumento no fluxo de veículos nas estradas é maior na zona sul, com 243 km de congestionamento, seguida da zona leste, com 212 km, segundo a Companhia de Engenharia de Tráfego. A zona oeste tem 143 km de tráfego intenso, e a zona norte, 111 km. No centro, a situação é mais tranquila, com 41 km de lentidão. Diante das consequências da paralisação dos trens no trânsito, a prefeitura de São Paulo manteve a suspensão do rodízio de veículos, medida já tomada nessa terça (4), primeiro dia da greve dos trabalhadores da CPTM. Além disso, os ônibus do Plano de Apoio entre Empresas de Transporte frente à Situação de Emergência (Paese) foram colocados em operação nas regiões das linhas paralisadas parcialmente (11-Coral, 12-Safira e 13-Jade). Saiba mais sobre a situação do trânsito em São Paulo no Repórter Brasil Tarde, da TV Brasil Sindicato, governo do estado e CPTM têm audiência de conciliação agendada para as 12h desta quarta para decidir sobre a continuidade da greve, que foi mantida pelos trabalhadores na noite desta terça (4). A categoria quer garantias formais da manutenção dos empregados que atuam diretamente nas das linhas 11, 12 e 13 - concedidas à empresa Trivia Trens em julho deste ano .	Agência Brasil	geral	False
https://agenciabrasil.ebc.com.br/geral/noticia/2026-08/sp-segundo-dia-de-greve-paralisa-parcialmente-tres-linhas-da-cptm	2026-08-05	SP: segundo dia de greve paralisa parcialmente três linhas da CPTM	Rodízio de veículos está novamente suspenso	Os trabalhadores da Companhia Paulista de Trens Metropolitanos (CPTM) decidiram, na noite dessa terça-feira (4), manter a greve e paralisar novamente, de maneira parcial, as linhas 11-Coral, 12-Safira e 13-Jade. A prefeitura de São Paulo suspendeu o rodízio de veículos novamente. A Linha 11-Coral funciona entre as estações Barra Funda-Palmeiras até Guaianases. Segundo a CPTM, o percurso entre as estações Guaianases e estudantes é atendido pelo sistema Paese de ônibus. A linha 12-Safira circula entre as estações Brás e Engenheiro Goulart. O trajeto entre as estações Engenheiro Goulart e Calmon Viana também recebe o auxílio emergencial dos ônibus do sistema Paese. A linha 13-Jade está funcionando com intervalos maiores entre as estações e o Aeroporto de Guarulhos. O sistema Paese presta auxílio nessa região. Além dos ônibus do sistema Paese, as linhas 1-Azul, 2-Verde, 3-Vermelha e 15-Prata estão com mais trens circulando. O metrô abriu mais cedo, às 4h, nas linhas Azul-1, 2-Verde, 3-Vermelha e 15-Prata. Uma audiência de conciliação será realizada hoje (5), às 12h, entre o sindicato, o governo do estado de São Paulo e a CPTM para decidir sobre a continuidade da greve. Na noite de ontem, os funcionários decidiram manter a paralisação nesta quarta. Os trabalhadores pressionam por garantias formais de empregos daqueles que atuavam diretamente nas linhas 11, 12 e 13, que foram concedidas à empresa Trivia Trens em julho deste ano. Segundo o governo do estado, cerca de 1.300 dos 4.648 funcionários ainda não foram realocados após a privatização e há compromissos concretos de manutenção dos vínculos de todos. Os sindicalistas questionam, alegando falta de instrumentos para dar segurança à categoria.	Agência Brasil	geral	False
https://agenciabrasil.ebc.com.br/geral/noticia/2026-08/prefeitura-interdita-entorno-de-fabrica-atingida-por-incendio-em-sp	2026-08-05	Prefeitura interdita entorno de fábrica atingida por incêndio em SP	População deve ficar atenta a sintomas de intoxicação	"Após o incêndio de terça-feira (4) em uma empresa de produtos químicos, a Prefeitura de Itaquaquecetuba, na Região Metropolitana de São Paulo, determinou a interdição de toda a extensão da Estrada do Bonsucesso e de todas as suas vias de acesso, por medida de segurança. “A população deve evitar a região da Estrada do Bonsucesso, utilizar rotas alternativas e respeitar a sinalização e as orientações das equipes de emergência"", diz a prefeitura. A área interditada está em uma região industrial, a mais de 500 metros das residências mais próximas. Cerca de 200 pessoas foram evacuadas da área no início do incêndio, como medida preventiva . A prefeitura também disponibilizou um abrigo emergencial, no Centro de Convivência da Melhor Idade, como ponto de apoio às famílias. Apesar da grande dimensão do incidente, não houve feridos . Outra ação preventiva é o monitoramento contínuo das condições ambientais e a avaliação técnica dos gases liberados por força das chamas. A empresa atingida pelo fogo contava com 26 tanques de solventes. “A medida visa garantir a proteção da comunidade que vive no entorno, dos trabalhadores do bairro e das equipes que atuam no atendimento à ocorrência”, informou a prefeitura. A prefeitura também determinou que duas equipes do Serviço de Atendimento Móvel de Urgência (Samu) permaneçam de prontidão no local para eventual atendimento. ""Até o momento, foi registrado o atendimento médico de um homem, que apresentou quadro de convulsão e foi encaminhado para uma unidade de saúde do município"", disse a administração municipal. A prefeitura orienta as pessoas que residem, trabalham ou passam pelo entorno a procurar atendimento médico imediatamente caso sintam irritação intensa nos olhos ou na garganta, tosse persistente, falta de ar, dor no peito, tontura, náusea ou outros sinais de intoxicação . Em situações de urgência, o Samu pode ser acionado pelo telefone 192. ""Os moradores das áreas eventualmente atingidas pela fumaça devem manter portas e janelas fechadas, evitar atividades ao ar livre e não ter contato com resíduos, fuligem, líquidos ou outros materiais provenientes da área afetada”, alerta a administração de Itaquaquecetuba. O prefeito de Itaquaquecetuba, Eduardo Boigues, afirmou que o incidente não contaminou a água fornecida pela Sabesp , embora um boato sobre isso tenha se espalhado pela cidade. “A Sabesp emitiu uma nota oficial assegurando que não há qualquer tipo de contaminação ou risco à saúde da população, garantindo a segurança do abastecimento de água potável na cidade”, reforçou. Boigues disse ainda que, como o local abriga grande quantidade de materiais altamente inflamáveis, como álcool, acetato, resina e propanol, ainda existe risco de novas explosões, embora em menor escala . “A previsão é de que a rotina no bairro seja normalizada ainda hoje. O restabelecimento da energia elétrica, que foi preventivamente suspensa pela EDP para evitar que o fogo se alastrasse pela rede, depende apenas do aval do Corpo de Bombeiros”. Segundo Boigues, a empresa incendiada operava de forma totalmente regular . “A documentação administrativa está em dia, incluindo o alvará de funcionamento municipal, o Auto de Vistoria do Corpo de Bombeiros (AVCB) e a licença de operação emitida pela Cetesb. Além disso, os funcionários utilizavam Equipamentos de Proteção Individual (EPIs) e eram treinados”. Boigues informou ainda que as causas do incidente ainda estão sob investigação. Uma das hipóteses analisadas é de que um vazamento de materiais inflamáveis, associado ao acúmulo de gases e à eletricidade estática, possa ter dado início ao foco de incêndio. Segundo o Corpo de Bombeiros, apesar de o incêndio já estar controlado, 35 viaturas e 89 bombeiros continuam empenhados no local para combater o fogo nos resíduos químicos. As equipes também realizam o resfriamento dos tanques que estão incendiados. A corporação conta com o apoio da Defesa Civil, da Secretaria Municipal de Serviços Urbanos, do Departamento de Trânsito, da Polícia Militar (PM), da Guarda Civil Municipal (GCM) e da Secretaria Municipal de Saúde. A reportagem tentou contato com a empresa Quema Química, mas não teve sucesso. Saiba mais sobre o incêndio em Itaquaquecetuba no Repórter Brasil Tarde, da TV Brasil"	Agência Brasil	geral	False
https://agenciabrasil.ebc.com.br/geral/noticia/2026-08/rio-tem-previsao-ventos-moderados-fortes-nesta-quarta-feira	2026-08-05	Defesa Civil do Rio envia alerta severo para ventos fortes	Rajadas podem chegar a até 76 quilômetros por hora	O município do Rio de Janeiro entrou em estágio 2 às 19h dessa terça-feira (4) devido à previsão de ventos moderados a pontualmente fortes, com rajadas de até 76 quilômetros por hora (km/h), entre a manhã e a tarde de hoje (5), principalmente na zona oeste e em áreas litorâneas da cidade. A Defesa Civil divulgou alerta severo pelo celular de ventos fortes nas próximas horas e informou que a cidade entrou em estágio 2 na noite dessa terça-feira (4). O aviso pede que os moradores evitem ficar debaixo de árvores e de estruturas metálicas O estágio 2 é o segundo nível em uma escala de cinco e significa que há risco de ocorrências de alto impacto. Há possibilidade de nova mudança de estágio devido à chuva e a outros fatores. De acordo com o Sistema Alerta Rio, nesta quarta-feira (5) um sistema de alta pressão influenciará o tempo na cidade. Os ventos estarão moderados (entre 18,5 km/h e 51,9 km/h) com rajadas fortes de forma pontual (entre 52 km/h e 76 km/h), principalmente na parte da manhã e à tarde. Haverá predomínio de céu parcialmente nublado e não há previsão de chuva. Amanhã (6), a atuação de áreas de instabilidade influenciará o tempo. Os ventos estarão moderados (entre 18,5 km/h e 51,9km/h). O céu estará parcialmente nublado a nublado e há previsão de chuva fraca isolada à tarde e à noite. Para sexta-feira (7), o Sistema Alerta Rio prevê áreas de instabilidade associadas à aproximação de uma frente fria. As rajadas de vento poderão atingir intensidade forte (entre 52 km/h e 76 km/h) a muito forte (acima de 76 km/h) a partir da manhã, com diminuição no período da noite. Há previsão de céu parcialmente nublado a nublado com chuva fraca isolada nos períodos da tarde e da noite. Confira mais informações sobre o alerta no Repórter Brasil , da TV Brasil – Mantenha-se atento e acompanhe a previsão do tempo do Alerta Rio e suas atualizações; – Todos os cidadãos devem se cadastrar no serviço de alerta da Defesa Civil por meio de SMS. Basta enviar o CEP de casa para o nº 40199, por mensagem de texto. É gratuito. – Se necessário, use os telefones de emergência 193 (Corpo de Bombeiros) e 199 (Defesa Civil).	Agência Brasil	geral	False
https://agenciabrasil.ebc.com.br/geral/noticia/2026-08/mega-sena-nao-tem-ganhador-e-premio-sobe-para-r-150-milhoes	2026-08-04	Mega-Sena não tem ganhador e prêmio sobe para R$ 150 milhões	Dezenas sorteadas foram: 03 - 16 - 24 - 30 - 49 - 54	Nenhum apostador acertou as seis dezenas do Concurso 3.040 da Mega-Sena, realizado nesta terça-feira (4). O prêmio acumulou e está estimado em R$ 150 milhões para o próximo sorteio, que será realizado na quinta-feira (6). As dezenas sorteadas foram: 03 - 16 - 24 - 30 - 49 - 54 - 89 apostas acertaram a quina e irão receber R$ 47.258,21 cada; - 6.555 apostas acertaram a quadra e irão receber R$ 1.057,65 cada. Para o próximo concurso, as apostas podem ser feitas até as 19h (horário de Brasília) de quinta-feira (6), em qualquer casa lotérica credenciada pela Caixa ou pela internet, no site ou aplicativo do banco. A aposta simples, com seis dezenas, custa R$ 6.	Agência Brasil	geral	False
https://agenciabrasil.ebc.com.br/geral/noticia/2026-08/greve-de-trens-em-sp-causa-congestionamento-de-mais-de-2-mil-km	2026-08-04	Greve de trens em SP causa congestionamento de mais de 2 mil km	Região mais afetada é a zona sul, com 648 quilômetros de trânsito	A paralisação parcial nas linhas de trens 11, 12 e 13 da Companhia Paulista de Transportes Metropolitanos (CPTM), nesta manhã de terça-feira (4), provoca caos nas ruas de São Paulo. Às 10h23 de hoje, segundo os indicadores da Companhia de Engenharia de Tráfego (CET), o congestionamento de veículos nas ruas e avenidas era de 2.125 quilômetros. A região mais afetada é a zona sul, com 648 quilômetros de trânsito. A zona leste vem a seguir, com 537 km. A zona oeste também tem um alto índice de engarrafamento de veículos com 507 km. A zona norte aparece com 278 km e o centro tem 155 km. Com a paralisação parcial das três linhas da CPTM, a prefeitura de São Paulo cancelou o rodízio de carros no dia de hoje. A medida foi tomada ainda na noite desta segunda (4), quando os trabalhadores da estatal anunciaram a greve. Para tentar mitigar a situação, foi colocado em funcionamento o Plano de Apoio entre Empresas de Transporte frente a Situação de Emergência (Paese), com a disponibilização de ônibus para atender a população atingida. Ainda assim, os veículos estão enfrentando superlotação. A linha 11-Coral funciona parcialmente entre as estações Palmeiras-Barra Funda e Guaianases. As demais estações desta linha, que estão paralisadas, recebem auxílio do PAESE. A linha 12-Safira tem trens circulando entre as estações Brás e Engenheiro Goulart. Demais trechos têm a presença do PAESE. A linha 13-Jade está totalmente parada e também tem a presença de ônibus do Paese circulando nas estações. Saiba mais no Repórter Brasil Tarde, da TV Brasil	Agência Brasil	geral	False
https://agenciabrasil.ebc.com.br/geral/noticia/2026-08/regiao-sul-tem-previsao-de-chuva-e-granizo-para-esta-terca-feira	2026-08-04	Região Sul tem previsão de chuva e granizo para esta terça-feira	Inmet também prevê chuva para Norte e Nordeste	O estado do Rio Grande do Sul está sob alerta de perigo potencial para chuvas , ventos intensos e queda de granizo nesta terça-feira (4). Santa Catarina e Paraná têm previsão de chuvas isoladas. As informações são do Instituto Nacional de Meteorologia (Inmet) . As condições de instabilidades perdem força à noite, com possibilidade de chuvas isoladas apenas em algumas áreas do Rio Grande do Sul e na divisa com Santa Catarina Na quarta-feira (5), as instabilidades que trazem chuvas e trovoadas voltam a ganhar intensidade nos três estados do Sul, com possibilidade de queda de granizo entre o oeste e sudoeste do Paraná, o centro-oeste de Santa Catarina e o norte do Rio Grande do Sul. A temperatura mínima prevista para região é de 15°C em Florianópolis e a máxima deve chegar a 26°C em Curitiba. A faixa litorânea da Região Nordeste também tem previsão de chuvas intensas com alerta amarelo de perigo potencial para a faixa que se estende do litoral sul do Rio Grande do Norte, passando pela Paraíba, Pernambuco, até Alagoas. Há perigo potencial para ocorrência de vendaval no Ceará, Rio Grande do Norte, centro-oeste da Paraíba, Pernambuco, Alagoas, Sergipe, norte da Bahia, grande parte do Piauí e sul do Maranhão. No interior da região, o tempo permanece seco, com aviso laranja de perigo para baixa umidade relativa do ar, na tarde desta terça-feira, no oeste da Bahia e a região de Luís Eduardo Magalhães, onde os índices podem ficar abaixo de 20%. A possibilidade de chuvas é menor e fica restrita à faixa litorânea da região Nordeste do país na quarta-feira. A menor temperatura prevista nesses dois dias é de 21 °C em Salvador, Maceió e Aracaju, e a máxima pode chegar a 35°C, em Teresina. Na Região Norte, a previsão é de chuva isolada em Rondônia, Acre, Roraima, Amapá e no norte do Pará. As instabilidades que favorecem chuva e trovoadas devem ganhar força no período da tarde, com mais intensidade sobre o oeste do Amazonas. Amazonas e Roraima permanecem com previsão de chuva e trovoadas isoladas na quarta-feira. Também há chance de chuvas isoladas em Rondônia, no Acre, no norte do Pará e no Amapá. A capital Palmas deve registrar os dois extremos de temperatura para a região, com mínima prevista de 20°C e máxima de 36°C. Nas demais regiões, o tempo permanece seco em grande parte do interior do país, com baixos índices de umidade relativa do ar na região Sudeste e Centro-Oeste. Há aviso laranja de perigo para baixa umidade relativa do ar no nordeste de Mato Grosso e no norte de Goiás, onde os índices podem ficar abaixo de 20% durante a tarde desta terça-feira.	Agência Brasil	geral	False
https://agenciabrasil.ebc.com.br/geral/noticia/2026-08/trabalhadores-da-cptm-realizam-assembleia-sobre-continuidade-da-greve	2026-08-04	Trabalhadores da CPTM realizam assembleia sobre continuidade da greve	Movimento contesta privatização de linhas e pede garantia de empregos	Os trabalhadores da Companhia Paulista de Trens Metropolitanos (CPTM) realizam nova assembleia, a partir das 17h desta terça-feira (04), para decidir se continuarão em greve. O movimento paredista atinge as linhas 11, 12 e 13, além do serviço Expresso Aeroporto, desde a meia-noite desta terça. A mobilização pede garantia de emprego para 4 mil trabalhadores e a reversão da concessão das mesmas linhas, que foram privatizadas . As linhas 11 e 12 operaram parcialmente desde a manhã, enquanto a Linha 13 e o Expresso não operaram. A concessão foi efetivada em julho, mas problemas como sucessivos atrasos e um incêndio em um trem levaram o governo estadual a retomar, por 90 dias, a operação das linhas , que estava com a empresa Trivia. As linhas atendem à Zona Leste, região mais extensa e populosa da cidade, à cidade de Guarulhos e a outras cidades da região do ABC Paulista.	Agência Brasil	geral	False
https://agenciabrasil.ebc.com.br/geral/noticia/2026-08/grupo-lavava-dinheiro-do-cv-por-meio-de-clube-e-pousada-no-rio	2026-08-04	Grupo lavava dinheiro do CV por meio de clube e pousada no Rio	Ações criminosas movimentaram mais de R$ 11 milhões	A Polícia Civil do Rio de Janeiro com o apoio do Ministério Público do estado realizou nesta terça-feira (4) a Operação Quimera, que mira uma sofisticada estrutura ligada ao tráfico de drogas responsável por lavar dinheiro do crime por meio de um clube recreativo e uma pousada em Armação de Búzios, na Região dos Lagos, no valor de R$ 11 milhões. O Clube Recreativo Várzea Country Club, no bairro da Água Santa, na zona norte do Rio, fundado há mais de 60 anos, foi um dos alvos da investigação. Traficantes do Morro do Dezoito, que fica ao lado do clube, tentavam controlar o clube para lavar dinheiro do tráfico de drogas do Comando Vermelho. O outro alvo da ação foi a Pousada Menino do Rio, em Armação dos Búzios. Foi requerido à Justiça o bloqueio de valores e ativos financeiros, a indisponibilidade de bens móveis e imóveis, restrições sobre veículos e participações societárias, além da quebra dos sigilos bancário e fiscal das pessoas físicas e jurídicas investigadas. A investigação teve início após dirigentes do Clube Social Marabu, no bairro do Encantado, denunciarem que vinham sendo ameaçados para abandonar a administração da entidade e entregar o controle do espaço a pessoas ligadas ao tráfico de drogas. As investigações apontaram que as ameaças eram determinadas pela liderança do Comando Vermelho, da comunidade do Morro do Dezoito. Além da tentativa de assumir o controle do estabelecimento, o grupo exigia o pagamento mensal de R$ 6 mil para permitir que o clube continuasse funcionando sem sofrer represálias. A partir de investigações da Delegacia de Nova Iguaçu, os policiais identificaram indícios de um esquema semelhante no Várzea Country Club, principal alvo da operação. Pessoas de confiança da organização criminosa teriam assumido, de forma informal, a administração do clube, controlando eventos, movimentações financeiras e decisões internas, mesmo sem qualquer vínculo jurídico ou estatutário com a instituição. As ações também identificaram um núcleo familiar responsável pela gestão financeira paralela do clube. O grupo tinha funções bem definidas. Um dos alvos seria o principal operador financeiro da organização, a segunda investigada atuava na administração paralela do clube e um terceiro exercia funções de gestão, tendo movimentado R$ 2,4 milhões em apenas seis meses, apesar de não ter atividade empresarial formal compatível. Outro investigado realizou cerca de 40 transferências via Pix, que totalizaram R$ 240 mil. Ele figura como autor em aproximadamente 20 procedimentos policiais, muitos relacionados a roubos de carga. Também foi identificada a participação de uma quinta investigada, que movimentou cerca de R$ 2,2 milhões em seis meses, embora declarasse trabalhar como recepcionista, com renda aproximada de R$ 3,2 mil. No mesmo período, ela recebeu cerca de R$ 253 mil de um dos alvos, em seis transferências. A análise dos Relatórios de Inteligência Financeira (RIF) do Conselho de Controle de Atividades Financeiras (Coaf) revelou movimentações milionárias incompatíveis com a renda declarada dos investigados, além de intensa circulação de recursos entre familiares, empresas e pessoas físicas, por meio de transferências bancárias, depósitos em espécie e operações fracionadas via Pix. A Pousada Menino do Rio, em Búzios, pode ter sido utilizada para lavar recursos provenientes do tráfico de drogas. O comércio, de pequeno porte, tem 16 quartos, cinco funcionários e diárias de aproximadamente R$ 540 na alta temporada. Apesar dessa estrutura, movimentou cerca de R$ 3,44 milhões em pouco mais de seis meses, além de registrar mais de 600 depósitos em espécie, que somaram aproximadamente R$ 955 mil. De acordo com as investigações, o esquema utilizava pessoas físicas e jurídicas para ocultar a origem dos recursos, dificultar o rastreamento patrimonial e reinserir valores provenientes do tráfico de drogas na economia formal. Somadas, as movimentações identificadas ultrapassam R$ 11 milhões e apresentam características típicas de ocultação patrimonial, pulverização de recursos e lavagem de dinheiro.	Agência Brasil	geral	False
https://agenciabrasil.ebc.com.br/geral/noticia/2026-08/sul-sudeste-e-centro-oeste-tem-alerta-para-tempestades-e-vendavais	2026-08-04	Sul, Sudeste e Centro-Oeste têm alerta para tempestades e vendavais	Nordeste tem previsão de tempo excessivamente seco até amanhã	As regiões sul e sudeste e o estado do Mato Grosso do Sul estão em alerta para eventos climáticos nos próximos dias, segundo o Instituto Nacional de Meteorologia (INMET). A expectativa é de ocorrência de tempestades nos estados do Rio Grande do Sul e Santa Catarina hoje (04), com expansão do impacto para o Paraná, sul e centro-sul de Mato Grosso do Sul e no sul e oeste paulistas na quarta e quinta-feira (5 e 6), com mais intensidade no oeste paranaense, oeste catarinense e em todo o Rio Grande do Sul. A chegada de uma frente fria na sexta-feira (07) afasta as chuvas, mas derruba as temperaturas, que podem ficar entre 3 graus Celsius (ºC) e 5 ºC, também entre o oeste paranaense e a campanha gaúcha. Toda a região, além dos estados de Mato Grosso do Sul e São Paulo, do restante do Paraná e do sul de Minas Gerais estão sujeitos a vendavais. Os litorais paulista, paranaense, catarinense e gaúcho têm risco de vendavais severos, com incidência de ventos entre 60 e 100 quilômetros por hora (km/h), podendo atingir as respectivas capitais. Toda a região a leste das serras gaúcha e catarinense também está em alerta para os fortes ventos. No Nordeste, o alerta é para tempo excessivamente seco entre hoje e amanhã. Também há previsão de vendavais moderados, de até 60 km/h no litoral entre o Maranhão e o Rio Grande do Norte e na região do agreste e planaltos, de Pernambuco ao Piauí. Embora de perigo baixo, o alerta recomenda atenção em áreas com risco de queda de galhos. Na noite desta terça-feira e durante a quarta-feira também perdura alerta para chuvas intensas no litoral leste da região, entre Natal e Maceió.	Agência Brasil	geral	False
https://agenciabrasil.ebc.com.br/geral/noticia/2026-08/com-greve-de-ferroviarios-usuarios-de-trens-enfrentam-transito-em-sp	2026-08-04	Com greve de ferroviários, usuários de trens enfrentam trânsito em SP	Congestionamentos passaram de 2 mil quilômetros durante o dia	Passageiros dos trens metropolitanos enfrentaram lentidão e muito trânsito nesta terça-feira (4) por causa dos ferroviários da Companhia Paulista de Trens Metropolitanos (CPTM). As plataformas também ficaram lotadas. Os trabalhadores paralisaram as atividades nas linhas 11, 12 e 13 de trens. Eles reivindicam revisão do processo de privatização das linhas. A vendedora Dalila dos Santos, que trabalha em uma loja no Terminal Barra Funda, na zona oeste, chegou ao serviço com mais de uma hora de atraso. “Eu chego aqui umas 8h. Mas hoje eu tive que vir de carro e cheguei 9h10 por conta do trânsito, porque todo mundo veio de carro. Tem o pessoal que trabalha aqui e mora perto de onde eu moro e aproveitei para vir junto”, contou. A greve, que atinge três das sete linhas de trens da Grande São Paulo, causou mais de mil quilômetros de congestionamentos, segundo dados da Companhia de Engenharia de Tráfego (CET), divulgados às 18h50 desta terça-feira (4). No período da manhã, os engarrafamentos chegaram a superar dois mil quilômetros na capital paulista . Cerca de um milhão de pessoas são afetadas pela greve, conforme dados do governo estadual. Dalila acredita que terá de enfrentar uma longa espera para voltar para casa. “Provavelmente vou passar duas horas dentro de um ônibus, porque não tem previsão para a volta do trem. Mais um sufoco em plena terça-feira”. A três linhas - a 11-Coral, a 12-Safira e a 13-Jade - operam de forma parcial. As linhas 7-Rubi, 10-Turquesa, assim como a 8-Diamante e a 9-Esmeralda, estavam com a operação normalizada às 19h20. O governo de São Paulo implementou um plano de contingência, com reforço no Metrô e 128 ônibus foram colocados à disposição para servirem de alternativa aos usuários dos trens. A prefeitura de São Paulo cancelou o rodízio de carros no dia de hoje. A concessão das linhas foi efetivada em julho, mas problemas, como sucessivos atrasos e um incêndio em um trem, levaram o governo estadual a retomar, por 90 dias, a operação, que estava com a empresa Trivia. Confira mais informações sobre a greve no Repórter Brasil , da TV Brasil	Agência Brasil	geral	False
https://agenciabrasil.ebc.com.br/geral/noticia/2026-08/bombeiros-combatem-incendio-de-grandes-proporcoes-em-itaquaquecetuba	2026-08-04	Bombeiros combatem incêndio de grandes proporções em Itaquaquecetuba	Fogo atingiu indústria de reciclagem de metais	Um incêndio de grandes proporções atinge nesta terça-feira (4) uma indústria de reciclagem de metais na cidade de Itaquaquecetuba, na Região Metropolitana de São Paulo. Não há informações sobre vítimas. O Corpo de Bombeiros de São Paulo trabalha em três frentes de combate às chamas no começo desta noite. Foi confirmado, até o momento, o envio de 18 viaturas da corporação. A área está em uma região industrial, a mais de 500 metros das residências mais próximas. A Defesa Civil estadual confirmou a evacuação de outras indústrias nos arredores, enquanto a Defesa Civil do município acompanha a contenção do incêndio. Os técnicos da Companhia Ambiental do Estado de São Paulo (Cetesb) também se deslocam para a região. No momento, a atenção dos bombeiros está focada em evitar que as chamas atinjam os tanques de solventes da empresa ─ são 26, no total. Confira mais informações sobre o incêndio no Repórter Brasil , da TV Brasil	Agência Brasil	geral	False
https://agenciabrasil.ebc.com.br/geral/noticia/2026-08/sp-greve-na-cptm-paralisa-parcialmente-tres-linhas-de-trens	2026-08-04	SP: greve na CPTM paralisa parcialmente três linhas de trens	Rodízio de carros será suspenso	"Os trabalhadores da Companhia Paulista de Transportes Metropolitanos (CPTM) entraram em greve à meia-noite desta terça-feira (4) e paralisaram parcialmente o funcionamento das linhas 11-Coral, 12-Safira e 13-Jade de trens. A estimativa é que cerca de 1 milhão de pessoas são afetadas. Os trens da linha 11-Coral circulam entre as estações Palmeiras-Barra Funda e Guaianases. Na linha 12-Safira, os trens funcionam entre as estações Brás e Engenheiro Goulart. A linha 13-Jade está totalmente paralisada. A Justiça determinou que os funcionários mantenham 80% da capacidade dos trens em operação, mas isso não está acontecendo nesse momento. Devido à greve, a prefeitura de São Paulo suspendeu o rodízio de carros. O sistema de ônibus Plano de Apoio entre Empresas de Transporte frente a Situação de Emergência (Paese) foi ativado e os veículos circulam na região das estações afetadas. Para auxiliar, o metrô colocou mais trens em funcionamento nas linhas 1-Azul, 2-Verde, 3-Vermelha e 15-Prata. Neste momento há grande lotação em outras estações que estão em funcionamento. Às 7h50, a Companhia de Engenharia de Tráfego (CET) registrava 412 quilômetros de congestionamento em toda a cidade. Os trabalhadores da CPTM reivindicam junto ao governo de São Paulo revisão do processo de privatização das linhas, concluído em julho e temporariamente suspenso após um incêndio na primeira semana de atividades da empresa Trívia, que assumiu a concessão. Entre os pleitos estão a garantia de emprego para 4 mil trabalhadores e o cancelamento da privatização, que consideram pouco transparente e lesiva aos interesses dos paulistas e dos trabalhadores. Governo Em nota enviada à Agência Brasil, o Governo do Estado e a CPTM lamentaram a paralisação feita pelos trabalhadores. Segundo o comunicado, em reunião nesta segunda-feira (3), houve o ""compromisso do Estado com a preservação dos postos de trabalho e com a análise de projeitos de lei de interesse da categoria, como absorção dos empregados por outros órgãos públicos estaduais"". Outras pautas da categoria também foram consideradas, como a incorporação da Estrada de Ferro Campos do Jordão pela CPTM, a inclusão dos trabalhadores no Instituto de Assistência Médica ao SErvidor Público Estadual e assistência à saúde destinada aos servidores públicos do Estado. *Nota modificada às 10h14 para inclusão do posicionamento da CPTM e do Governo do Estado de São Paulo."	Agência Brasil	geral	False
https://agenciabrasil.ebc.com.br/geral/noticia/2026-08/Trabalhadores-das-linhas-11-12-13-da-CPTM-entram-em-greve	2026-08-03	Trabalhadores das linhas 11, 12 e 13 da CPTM entram em greve	Categoria protesta contra privatização das linhas concedidas em julho	A assembleia dos trabalhadores da Companhia Paulista de Trens Metropolitanos (CPTM) aprovou greve a partir da meia-noite desta segunda-feira (3) nas linhas 11, 12 e 13. O grupo , filiado ao Sindicato dos Trabalhadores(as) em Empresas Ferroviárias da Zona Central do Brasil, reivindica revisão do processo de privatização das linhas, concluído em julho e temporariamente suspenso após um incêndio na primeira semana de atividades da empresa Trívia, que assumiu a concessão. O movimento grevista havia aprovado a mobilização, que não afeta as demais linhas de trem paulistas , há duas semanas, quando estabeleceu um prazo para negociação com o governo estadual. Entre seus pleitos estão a garantia de emprego para 4 mil trabalhadores e o cancelamento da privatização , que consideram pouco transparente e lesiva aos interesses dos paulistas e dos trabalhadores. A concessão foi considerada essencial para a expansão e modernização do atendimento na região metropolitana pelo governador Tarcísio de Freitas, e comemorada como um modelo para futuras concessões em outros serviços públicos.	Agência Brasil	geral	False
https://agenciabrasil.ebc.com.br/geral/noticia/2026-08/motorista-que-matou-gari-em-sp-vai-responder-por-homicidio-qualificado	2026-08-04	Motorista que matou gari em SP vai responder por homicídio qualificado	MP denunciou motorista também por dirigir embriagado e fugir do local	O Ministério Público de São Paulo (MPSP) denunciou o motorista que atropelou e matou o gari Diego Rafael da Silva, de 19 anos, por homicídio duplamente qualificado. O crime ocorreu na noite de 26 de julho, na capital paulista, enquanto o funcionário da Loga, concessionária responsável pela coleta de lixo , trabalhava no bairro da Barra Funda, zona oeste. A promotora Mônica Nogueira Rodrigues, autora da denúncia levada ao Judiciário na última sexta-feira (31), acusa o motorista de conduzir veículo sob influência de álcool e por fugir do local, condutas que infringem os artigos 305 e 306 do Código de Trânsito Brasileiro. O exame do bafômetro feito no denunciado apontou concentração de 0,73 miligramas de álcool. “Após ingerir bebida alcoólica em quantidade suficiente para comprometer sua capacidade psicomotora, o denunciado assumiu a direção do veículo e passou a trafegar em velocidade incompatível com a via”, informou o MPSP, em nota. Além da instauração da ação penal, o MPSP solicitou a manutenção da prisão preventiva do denunciado, a suspensão de sua habilitação para dirigir, em caso de condenação pelo crime de embriaguez ao volante, e a fixação de indenização mínima de R$ 500 mil em favor de parentes da vítima. Segundo Mônica, o motorista lançou o automóvel contra um trecho da via ocupado por toda a equipe de coleta de lixo, além de outros veículos e motocicletas que transitavam pelo local. A promotora também afirma que a vítima foi surpreendida enquanto desempenhava seu trabalho, sem qualquer possibilidade de perceber o risco, reagir ou desviar do carro.	Agência Brasil	geral	False
https://agenciabrasil.ebc.com.br/geral/noticia/2026-08/cnu-2-divulga-nova-classificacao-com-vagas-remanescentes-e-adicionais	2026-08-03	CNU 2 divulga nova classificação com vagas remanescentes e adicionais	São 702 vagas para o Ministério da Gestão e o INSS	Uma nova classificação de candidatos aprovados para parte dos cargos da segunda edição do Concurso Público Nacional Unificado (CNU 2) foi divulgada pela Escola Nacional de Administração Pública (Enap), vinculada ao Ministério da Gestão e da Inovação em Serviços Públicos (MGI). O Edital nº 228/2026, com a nova classificação, foi publicado no Diário Oficial da União, da última sexta-feira (31) . Ao todo, são 702 pessoas classificadas, sendo 242 em vagas imediatas remanescentes e 460 em vagas imediatas adicionais, com lotação no Ministério da Gestão e da Inovação em Serviços Públicos (MGI) e no Instituto Nacional do Seguro Social (INSS). A nova lista reflete a movimentação da fila . A escola de governo do poder Executivo federal justifica que a reclassificação dos candidatos foi necessária para recompor as vagas não preenchidas nas convocações anteriores do CNU 2 e também pelo preenchimento de vagas adicionais no certame, estas autorizadas pelo MGI para ampliar o quadro de servidores federais. A convocação segue rigorosamente a ordem de notas, a disponibilidade da lista de espera e os critérios de proporcionalidade das vagas reservadas (cotas) . Os classificados deverão observar os procedimentos, prazos e demais orientações dos atos administrativos de convocação de cada cargo. Para Ministério da Gestão especificamente, o edital contempla o cargo de analista técnico-administrativo, que exige nível superior em qualquer área de formação. São 208 vagas imediatas remanescentes e 300 vagas imediatas adicionais. A carreira transversal (supervisionada pelo MGI) unifica os cargos administrativos de nível superior. Já para o INSS, são 194 vagas, sendo 34 remanescentes e 160 adicionais. A classificação abrange o cargo de analista do seguro social em diversas especialidades — como serviço social, fisioterapia, psicologia, terapia ocupacional, tecnologia da informação, engenharia, direito, contabilidade, administração e estatística. No INSS, as áreas contempladas no cargo de analista do seguro social são: serviço social, fisioterapia, psicologia, terapia ocupacional, tecnologia da informação, engenharia, direito, contabilidade, administração e estatística, distribuídas entre vagas remanescentes e adicionais. A segunda edição do Concurso Público Nacional Unificado, realizada no segundo semestre de 2025, ofertou, inicialmente, 3.652 vagas distribuídas em 32 órgãos federais. Os cargos públicos foram agrupados em nove blocos temáticos. Os cargos de cada bloco puderam ser escolhidos conforme a ordem de preferência indicada no momento da inscrição do candidato. Do total de vagas do chamado Enem dos Concursos, 3.144 vagas foram destinadas a cargos de nível superior e 508 a cargos de nível intermediário. Conforme previsto em lei federal, o processo seletivo fez a reserva de vagas a pessoas negras, pessoas com deficiência (PCD), indígenas e quilombolas. Nesse processo seletivo, o Ministério da Gestão ainda adotou o mecanismo de equiparação de gênero, com o objetivo de garantir que o número de mulheres aprovadas para a fase discursiva do certame fosse proporcional ao de candidatos homens. A medida inédita resultou na participação de mais de 24 mil mulheres, cerca de 57% dos convocados, nas provas.	Agência Brasil	geral	False
https://agenciabrasil.ebc.com.br/geral/noticia/2026-08/brasil-passa-ter-controle-maior-sobre-produtos-quimicos	2026-08-03	Brasil passa a ter controle maior sobre produtos químicos	Foco são substâncias que servem para fabricar drogas	A Polícia Federal publicou nova instrução normativa que regulamenta o controle e a fiscalização de produtos químicos que podem ser usados na fabricação ilícita de drogas e outras substâncias entorpecentes. A medida foi publicada nesta segunda-feira (3) no Diário Oficial da União e atualiza os procedimentos de monitoramento previstos na legislação federal. O texto estabelece regras para o cadastro, licenciamento, fiscalização e responsabilização de pessoas físicas e jurídicas que produzam, comercializem, transportem, armazenem ou usem produtos químicos sujeitos ao controle da Polícia Federal, conforme lista definida pelo Ministério da Justiça e Segurança Pública. Pelas novas regras, empresas e profissionais que exerçam atividades com produtos químicos controlados deverão fazer cadastro e solicitar licença de funcionamento por meio do Sistema de Controle de Produtos Químicos. O sistema também será servirá para emissão de certificados, autorizações especiais e permissões para importação, exportação e reexportação de substâncias. Outro ponto da norma é a obrigatoriedade de envio dos Mapas Mensais de Controle, com informações sobre todas as movimentações de produtos químicos ocorridas no mês anterior. O envio deverá ocorrer até o dia 15 de cada mês, inclusive nos períodos em que não houver movimentação das substâncias controladas. De acordo com o documento, equipes poderão inspecionar estabelecimentos e locais onde ocorram atividades envolvendo produtos químicos controlados e apreender produtos químicos encontrados em situação irregular. O texto organiza as infrações em diferentes níveis de gravidade e define as respectivas sanções: A regulamentação também prevê suspensão da licença de funcionamento por até 180 dias para infratores reincidentes e cancelamento da autorização em situações mais graves, como a participação no desvio de produtos químicos para fins ilícitos. Entre as infrações estão a falta de cadastro ou licenciamento, a omissão de informações obrigatórias, a realização de atividades sem autorização da Polícia Federal, a importação ou exportação sem permissão prévia e a adulteração de documentos e rótulos para burlar a fiscalização. Segundo a Polícia Federal, as medidas buscam fortalecer o controle sobre substâncias químicas que podem ser utilizadas na produção ilegal de drogas, ampliando os mecanismos de rastreamento das operações e a capacidade de fiscalização dos órgãos responsáveis. A nova instrução normativa revoga normas anteriores publicadas em 2020 e 2021.	Agência Brasil	geral	False
https://agenciabrasil.ebc.com.br/geral/noticia/2026-07/mais-de-100-mil-clientes-ainda-estao-sem-energia-apos-vendaval-no-rio	2026-07-31	Mais de 100 mil clientes ainda estão sem energia após vendaval no Rio	Número inclui áreas concedidas à Light e à Enel Rio	Dois dias após o vendaval que atingiu o estado do Rio de Janeiro na quarta-feira (29), 80 mil clientes continuavam sem o fornecimento de energia na área de concessão da Light na tarde desta sexta-feira (31) . A empresa é responsável pela capital e municípios da Baixada Fluminense, Região Metropolitana, Vale do Paraíba, em outras regiões. Já na área de concessão da Enel Rio, 25 mil clientes continuavam sem energia às 15h desta sexta . A concessionária atende a outras cidades da Região Metropolitana, à Região dos Lagos, à Região Serrana, ao Sul Fluminense, à Costa Verde, à Baixada Litorânea, ao Norte e ao Noroeste Fluminense. Entre as cidades mais impactadas em sua rede está Paraty, onde fica a pousada da norte-americana Kristin Lena Muller. Ela enfrenta transtornos desde quarta-feira. A Pousada Casa Ecológica Paraty, instalada no bairro Caborê, fica perto do Centro Histórico, o grande atrativo turístico da cidade. Lá, a energia chegou a voltar em apenas uma fase ainda na quarta-feira, ficou oscilando, mas, sumiu desde quinta. “Toda vez, eles mandam um aviso no telefone falando que a previsão é uma e, aí, mandam outra, mais para a frente, mais para a frente. Estão fazendo isso há dois dias, enrolando a gente com novas previsões. Agora, estão falando duas e pouca. Vamos ver o que vai acontecer”, reclamou em entrevista à Agência Brasil no início desta tarde. Enquanto isso, os prejuízos vão se avolumando. “Já estragou tudo na geladeira. Não posso alugar assim. Fechei meu calendário. Imagina se alguém vem e não pode usar nada? A gente perde negócio, perde comida e não pode usar várias coisas na pousada para fazer manutenção. Não podemos lavar roupa. Está tudo parado” contou, acrescentando que a pousada tem capacidade para receber até 20 pessoas nos seis quartos de três bangalôs. “Também pega muito mal para a cidade em geral, porque o cliente fica sabendo que pode chegar em Paraty e não ter infraestrutura básica que precisa É bem complicado”. Lena apontou outra preocupação de quem é responsável por locais de hospedagem na cidade. “Hoje em dia, se vê anúncios de pousadas com gerador, como se fosse um luxo ter luz. Agora, tem que ter gerador ou algum sistema próprio, porque não pode contar com um serviço básico de uma cidade”, pontuou. A jornalista e publicitária Flávia Carrijo, que é vizinha de Lena, também não vê hora do fornecimento de energia voltar ao normal. “Aqui, estamos sem luz há mais de 30 horas. Já perdemos tudo da geladeira e temos problemas para trabalhar online, banho frio etc. Teve muita árvore caída. A prefeitura foi até rápida na limpeza, mas a Enel não”, afirmou à Agência Brasil , confirmando também que as previsões de retorno não são cumpridas. Flávia lembrou que, durante a Festa Literária Internacional de Paraty (Flip), realizada na semana passada, já tinha ocorrido um problema de falta de energia, que não foi causado por ventos fortes . “Aconteceu de ficar sem luz, sem ventania e sem nada. A gente ficou sete horas sem luz na cidade inteira. Só algumas coisas da Flip funcionaram porque tinha gerador”. Segundo a concessionária, a situação é mais grave nas cidades de Niterói e Paraty, onde estão concentrados 3,5 mil clientes sem luz. “Esses são os casos mais complexos, que exigem a reconstrução de trechos inteiros da rede elétrica, danificados pela queda de árvores de grande porte durante o evento climático, com a substituição de postes, transformadores e, por vezes, recondução de quilômetros de cabos”, explicou. “A Enel Rio mantém a mobilização de equipes em campo para recompor sua infraestrutura elétrica e estima concluir na tarde de hoje (31) o atendimento às ocorrências causadas pelo vendaval ”, concluiu na nota. A concessionária afirma que foi montada uma força-tarefa com mais de 2 mil profissionais que trabalham ininterruptamente para a normalização da energia. O serviço se concentra nesse momento em tarefas mais complexas, na engenharia para a reconstrução da rede elétrica. “Em diversos pontos, os danos exigem a substituição de postes, cabos e outros equipamentos, além da remoção de árvores e objetos que caíram sobre a fiação, como telhas e até caixas-d’água”, apontou em nota. A Light informou ainda que em consequência do forte vendaval que atingiu o Rio de Janeiro, cerca de 220 árvores caíram na capital. “Muitas atingiram diretamente a rede elétrica da companhia, causando desligamentos e danos em diversas regiões”. Os trabalhos de recuperação, de acordo com a companhia, continuam nas áreas mais prejudicadas da Zona Oeste e da Baixada Fluminense. Na capital, os bairros com maior impacto são Campo Grande, Bangu, Jacarepaguá, Santa Cruz e Recreio. Já na Baixada, os municípios com trechos mais atingidos são Nova Iguaçu e Duque de Caxias. O Centro de Operações e Resiliência da Prefeitura do Rio (COR-Rio) manteve o município em Estágio 2 nesta sexta-feira (31) “por conta de ocorrências que ainda estão em andamento pela cidade. O Sistema Alerta Rio informou que a entrada de ventos úmidos do oceano permanecerá influenciando o tempo na cidade. A previsão é de céu nublado a parcialmente nublado. Os ventos estarão moderados e as temperaturas estáveis, com mínima prevista de 15°C e máxima prevista de 29°C. Saiba mais no Repórter Brasil Tarde, da TV Brasil	Agência Brasil	geral	False
https://agenciabrasil.ebc.com.br/geral/noticia/2026-07/festival-gastronomico-leva-culinaria-de-60-paises-sp-neste-sabado	2026-07-31	Festival gastronômico leva culinária de 60 países a SP neste sábado	Evento é gratuito e terá apresentações musicais	O centro da cidade de São Paulo recebe neste sábado (1) e domingo (2) o Festival Comidas e Músicas do Mundo. Do Brasil ao Nepal, da América a Ásia, passando por todos os continentes, o evento reúne mais de 400 pratos típicos na Praça Charles Miller, na Zona Oeste, em frente ao estádio do Pacaembu. O festival gratuito é realizado pela Cola em Sampa e conta com a gastronomia e a cultura de 60 países que, muitas vezes, são desconhecidas pelo público brasileiro. A programação conta com receitas típicas da culinária da Jamaica, Tunísia, Malásia, Índia e vários outros países. Além da gastronomia, o público poderá conferir a apresentações musicais e culturais inspiradas nas diferentes regiões do mundo, peças de artesanato internacional e costumes que refletem a riqueza e a identidade de cada povo. A cofundadora do Cola em Sampa, Priscila Arantes, destaca que o evento busca proporcionar uma verdadeira volta ao mundo sem sair de São Paulo. “O festival foi criado para aproximar culturas, despertar a curiosidade do público por sabores pouco conhecidos e mostrar que a gastronomia é uma das formas mais bonitas de conectar pessoas. Cada estande conta uma história, preserva tradições e convida o visitante a viver uma experiência única”, explica. O festival começa às 11h e vai até 21h, na Praça Charles Miller, no Pacaembu, em São Paulo. A entrada é gratuita e é permitido levar seu animal de estimação. *Estagiário da Agência Brasil sob supervisão de Odair Braz Junior	Agência Brasil	geral	False
https://agenciabrasil.ebc.com.br/geral/noticia/2026-08/procon-rj-orienta-sobre-danos-em-aparelhos-por-falta-de-luz	2026-08-01	Procon-RJ orienta sobre danos em aparelhos por falta de luz	Consumidor deve provar prejuídos causados por fortes ventos no estado	Os consumidores que tiveram prejuízos após a falta de energia provocada pelos fortes ventos registrados no estado do Rio de Janeiro, na última quarta-feira (29), estão sendo orientados pela Secretaria de Estado de Defesa do Consumidor (Sedcon) e o Procon. Equipamentos danificados, alimentos perdidos por falta de refrigeração e outros prejuízos podem ser ressarcidos, conforme previsto no Código de Defesa do Consumidor e na regulamentação da Agência Nacional de Energia Elétrica (Aneel). É importante que o consumidor reúna provas dos prejuízos e siga os procedimentos adequados para solicitar eventual ressarcimento junto à concessionária responsável pelo fornecimento de energia. Caso um aparelho tenha sido danificado em razão da interrupção ou oscilação no fornecimento de energia, o consumidor deve registrar o pedido de ressarcimento junto à concessionária de energia, além de informar a data e o horário aproximado da ocorrência. O consumidor deve identificar o equipamento danificado, informando marca, modelo e tempo de uso, se possível. Não descartar ou consertar o aparelho antes da análise da concessionária, salvo se houver autorização ou necessidade comprovada e guardar protocolos de atendimento, notas fiscais, laudos técnicos, orçamentos e demais documentos que possam comprovar o dano. De acordo com a regulamentação da Aneel, o consumidor que sofrer danos em equipamentos em decorrência de falhas no fornecimento de energia elétrica pode solicitar ressarcimento diretamente à distribuidora responsável. O consumidor tem até cinco anos para solicitar o ressarcimento. Após o registro do pedido, a concessionária deve realizar a verificação do equipamento em até um dia útil, quando se tratar de aparelhos utilizados para conservar alimentos perecíveis ou medicamentos, como geladeiras e freezers, e em até 10 dias para os demais equipamentos. Concluída a análise, a distribuidora deve informar o resultado ao consumidor em até 15 dias, quando a solicitação for feita nos primeiros 90 dias após o dano, ou em até 30 dias, nos demais casos. Caso o pedido seja aceito, o ressarcimento deverá ser realizado em até 20 dias, por meio de conserto, substituição do equipamento ou pagamento da indenização. A Sedcon  e o Procon-RJ reforçam que consumidores que enfrentarem dificuldades para exercer seus direitos podem procurar os canais oficiais de atendimento do órgão para registrar reclamações e receber orientação sobre os procedimentos cabíveis. No terceiro dia após o vendaval que atingiu o Rio, pouco menos de 40 mil clientes da concessionária Light continuavam sem energia. Na quarta-feira (29), primeiro dia da ventania que atingiu mais de 105 km/h, no Aeroporto Internacional do Galeão, zona norte da cidade, aproximadamente 1,1 milhão de consumidores ficaram sem energia. “Mais de 2 mil profissionais trabalham para reduzir número de clientes impactados pelo vendaval. As principais ocorrências de reconstrução da rede elétrica estão sendo executadas na Baixada Fluminense e zona oeste do Rio”, disse o superintendente da Light, Bruno Rodrigues. A concessionária Enel informou que restabeleceu o serviço para 99% dos consumidores afetados pelo vendaval, restando cerca de 3,5 mil a 5 mil clientes sem luz, principalmente nas cidades de Niterói, Maricá e partes da Costa Verde, Angra dos Reis e Paraty. A concessionária informou que a demora no restabelecimento de energia nessas regiões deve-se principalmente à reconstrução de redes, postes caídos e remoção de grandes árvores.	Agência Brasil	geral	False
https://agenciabrasil.ebc.com.br/geral/noticia/2026-07/fab-intercepta-aeronave-suspeita-vinda-da-bolivia	2026-07-31	FAB intercepta aeronave suspeita vinda da Bolívia	Avião não tinha plano de voo e não fez contato com órgãos de controle	A Força Aérea Brasileira (FAB) interceptou, nesta sexta-feira (31), um avião suspeito vindo da Bolívia. Após uma série de tentativas de comunicação com a aeronave de pequeno porte, os caças da FAB dispararam contra ela, com o objetivo de danificar o equipamento e forçar a aterrissagem. “Devido à falta de colaboração da aeronave interceptada, que descumpriu recorrentemente as ordens da Defesa Aeroespacial, foi realizada a medida de Tiro de Detenção (TDE) — última etapa das Medidas de Policiamento do Espaço Aéreo, destinada a impedir a continuidade do voo”, informou a corporação. Foram usados dois caças A-29 Super Tucano na aproximação. A aeronave não tinha plano de voo, não havia feito contato com os órgãos de controle de tráfego e não tinha matrícula identificada . Foram essas características que a classificaram como suspeita. O avião realizou um pouso forçado a cerca de 200 km ao norte de Campo Grande (MS). Quando a polícia chegou ao local, de helicóptero, o avião já estava abandonado	Agência Brasil	geral	False
https://agenciabrasil.ebc.com.br/geral/noticia/2026-08/homem-e-preso-no-rio-ao-desembarcar-de-voo-procedente-da-espanha	2026-08-01	Homem é preso no Rio ao desembarcar de voo procedente da Espanha	Já condenado e com 33 registros de roubo, ele foi levado ao presídio	A Polícia Federal prendeu na noite desta sexta-feira (31) um foragido da Justiça condenado pela prática do crime de roubo . Ele foi preso no Aeroporto Internacional do Rio de Janeiro, no momento em que desembarcava de um voo internacional procedente da Espanha. O preso, de 39 anos, natural de Belo Horizonte (MG), foi localizado por autoridades espanholas por irregularidades migratórias, que resultaram na expulsão da Espanha. Agentes federais lotados na Delegacia Especial da PF no Aeroporto Internacional do Rio deram cumprimento ao mandado de prisão definitiva decorrente de sentença condenatória pelo Tribunal de Justiça de Minas Gerais, após serem alertados pelo Núcleo da Interpol. O preso acumula extensa ficha criminal, com 33 registros de prisão, além de anotação por participação em associação criminosa especializada em furtos por arrombamento, que atuava nas regiões central e metropolitana de Minas Gerais. O homem foi encaminhado a um presídio do estado, onde permanecerá à disposição da Justiça Federal.	Agência Brasil	geral	False
https://agenciabrasil.ebc.com.br/geral/noticia/2026-08/mais-de-26-mil-imoveis-seguem-sem-energia-no-estado-do-rio	2026-08-01	Mais de 26 mil imóveis seguem sem energia no estado do Rio	Light e Enel mantêm equipes em campo após vendaval de quarta-feira	Mais de 26 mil clientes das concessionárias Light e Enel Rio permanecem sem fornecimento de energia elétrica neste sábado (1º), após o vendaval que atingiu o estado do Rio de Janeiro na última quarta-feira (29). As empresas mantêm equipes em campo para reparar os danos causados pelos ventos, que chegaram a 105,5 quilômetros por hora no Aeroporto Internacional do Galeão. A Light informou que cerca de 14 mil consumidores seguem sem energia, de um total de 1,1 milhão afetados pelo temporal. Segundo a concessionária, as ocorrências mais complexas concentram-se em bairros da zona oeste da capital, como Campo Grande e Santa Cruz, e nos municípios de Duque de Caxias, Nova Iguaçu e São João de Meriti, na Baixada Fluminense. A empresa informou que reforçou as equipes de emergência, com cerca de 1,5 mil profissionais nas ruas, e instalou geradores em áreas de difícil atendimento para garantir o fornecimento provisório de energia. Os trabalhos incluem substituição de postes, cabos e outros equipamentos, além da remoção de árvores e objetos que caíram sobre a rede elétrica. Já a Enel Rio informou que restabeleceu o fornecimento para 99,7% dos clientes afetados pelo vendaval. De acordo com a empresa, cerca de 12 mil consumidores ainda estavam sem energia na manhã deste sábado. Desse total, aproximadamente 1,3 mil correspondem às primeiras ocorrências registradas após o temporal e estão concentrados em Paraty, na Costa Verde fluminense. Segundo a concessionária, esses casos exigem a reconstrução de trechos da rede elétrica danificados pela queda de árvores de grande porte, com substituição de postes, transformadores e cabos. Em alguns locais, o trabalho depende da retirada das árvores e da liberação de vias interditadas para permitir o acesso das equipes.	Agência Brasil	geral	False
https://agenciabrasil.ebc.com.br/geral/noticia/2026-08/mega-sena-acumula-e-pode-pagar-r-100-milhoes-neste-domingo	2026-08-01	Mega Sena acumula e pode pagar R$ 100 milhões neste domingo	Apostas podem ser feitas até as 22h deste sábado nas casas lotéricas	O concurso 3.039 da Mega-Sena pode pagar neste domingo (2) R$ 100 milhões para quem acertar as seis dezenas que forem sorteadas. O sorteio será realizado às 11h, no Espaço da Sorte, em São Paulo, e terá transmissão ao vivo pelas redes sociais da Caixa. As apostas podem ser feitas até as 22h deste sábado nas casas lotéricas. No último concurso,  na quinta-feira (30), ninguém acertou as seis dezenas, e o prêmio acumulou. As dezenas sorteadas no concurso 3.038 foram 30,35,38,39, 46 e 50.	Agência Brasil	geral	False
https://agenciabrasil.ebc.com.br/geral/noticia/2026-08/rio-innovation-week-traz-diversidade-para-o-centro-da-inovacao	2026-08-03	Diversidade na inovação é tema de conferência de ciência e tecnologia	Tema da Rio Innovation Week é Simbiose - o futuro não acontece isolado	"O Rio de Janeiro sedia, de 4 a 7 de agosto, no Pier Mauá, a sexta edição do Rio Innovation Week (RIW), conferência global de ciência, tecnologia e negócios que reunirá expositores brasileiros e estrangeiros em ampla programação. Com o tema “Simbiose – o futuro não acontece isolado”, a edição de 2026 propõe uma reflexão sobre a necessidade de colaboração entre diferentes áreas do conhecimento e setores da economia, visando enfrentar desafios do presente e construir soluções para o futuro. “Chegar à sexta edição com o RIW como um dos maiores encontros de inovação e tecnologia mostra o amadurecimento do evento e a força do Rio de Janeiro como polo global de criatividade, negócios e conhecimento"", afirma Jerônimo Vargas, idealizador e diretor-geral do RIW. “O crescimento do Rio Innovation Week ao longo dos anos reflete a capacidade de reunir empresas, startups, academia, setor público e sociedade em torno de discussões que ajudam a moldar o futuro”, acrescenta; A programação conta com conferencistas inéditos, de vários setores, como a ativista e vencedora do Prêmio Nobel Malala Yousafzai e o vencedor do Nobel de medicina Edvard Moser. Também farão palestras a cientista brasileira Tatiana Sampaio, a deputada e ex-ministra Sonia Guajajara e a ativista indígena Txai Suruí. Para ampliar as discussões sobre criatividade, identidade, comportamento e transformação social, o evento traz os escritores brasileiros Djamila Ribeiro e Itamar Vieira Junior, o premiado autor angolano Ondjaki e o historiador Luiz Antonio Simas. Outras vozes também vão compor o debate, como as apresentadoras Regina Casé e Bella Gil, os cantores Seu Jorge e Zélia Duncan e a banda Os Garotin. Com expectativa de movimentar R$ 4 bilhões em negócios e receber cerca de 180 mil pessoas, o Rio Innovation Week reunirá 2 mil startups , centenas de expositores e 60 conferências. Espera-se que cerca de 22 mil empregos diretos e indiretos sejam gerados. O conceito de simbiose guia todos os espaços do RIW, explorando a ideia de que inovação precisa conectar tecnologia, propósito e diversidade de perspectivas. A conferência vai contar com 16 trilhas e cerca de 40 palcos dedicados a temas como inteligência artificial, soft power brasileiro, ESG 2.0, inovação social, educação e saúde, indústria criativa, futuro do trabalho, entre outros. ""O grande desafio hoje não é apenas gerar boas ideias, mas transformá-las em soluções que cheguem ao mercado e impactem a sociedade. O Rio Innovation Week nasceu para ser esse ambiente de conexão, aproximando pesquisadores, startups , investidores, grandes empresas e poder público, fortalecendo todo o ecossistema de inovação"", explica Carlos Junior, sócio e diretor de Inovação Aberta do Rio Innovation Week. Trazendo novidades, o Startup Program foi ampliado, com mais pesquisadores e maior aproximação com as indústrias. Mais de 50 empresas de Venture Capital vão participar, em busca de onde investir para que projetos saiam do papel. Além das startups , o programa este ano abre espaço para pequenas e médias empresas, e pela primeira vez o RIW traz para dentro de seu espaço o Fórum Internacional de Negócios Aeroespaciais, promovido pela Agência Espacial Brasileira (AEB) em parceria com a Organização das Nações Unidas (ONU). Também traz a Conferência Cocreators, de Economia Criativa, que este ano vai focar em negócios, ligando pequenos influenciadores a grandes marcas. “A inovação e a tecnologia deixaram de ser temas restritos ao ambiente empresarial e passaram a ocupar papel central no desenvolvimento da sociedade como um todo. O tema desta edição traduz exatamente essa visão: nenhum avanço relevante é construído de forma isolada”, disse o cofundador da plataforma Innovation Week, Fábio Queiróz. Confira mais informações sobre a conferência no Repórter Brasil, da TV Brasil *Estagiária sob supervisão da jornalista Tâmara Freire"	Agência Brasil	geral	False
https://agenciabrasil.ebc.com.br/geral/noticia/2026-07/saiba-como-pedir-ressarcimento-por-prejuizos-com-falta-de-energia	2026-07-30	Saiba como pedir ressarcimento por prejuízos com a falta de energia	Procon-RJ orienta buscar reparação o quanto antes	Consumidores que tiveram danos em equipamentos causados pela falta de energia provocada pelos fortes ventos dessa quarta-feira (29) podem requerer ressarcimento junto à concessionária , conforme previsto no Código de Defesa do Consumidor e na regulamentação da Agência Nacional de Energia Elétrica (Aneel). O alerta foi dado nesta quinta-feira (30) pela Secretaria de Estado de Defesa do Consumidor do Rio de Janeiro (SEDCON) e pelo Procon-RJ. O primeiro passo é entrar em contato com a concessionária de energia elétrica responsável pela residência ou pelo comércio do consumidor e fazer registro da ocorrência. É importante guardar todos os protocolos de atendimento junto à concessionária. “Ele [o consumidor] vai entrar em contato com a concessionária, informando a data e a hora aproximadas de quando ocorreu a oscilação ou interrupção da energia e quanto durou esse evento. Vai informar os equipamentos que foram danificados, com marca, modelo, tempo de uso”, detalhou à Agência Brasil o diretor jurídico do Procon-RJ, Silvio Romero. A concessionária procederá à análise da reclamação para então responder ao consumidor. Se não houver resposta ou caso a reclamação não seja aceita pela concessionária, Silvio Romero informou que o consumidor pode buscar os canais de atendimento da SEDCON ou do Procon-RJ e formalizar sua queixa . Após o registro do pedido, a concessionária deve realizar a verificação do equipamento em até um dia útil, quando se tratar de aparelhos utilizados para conservar alimentos perecíveis ou medicamentos, como geladeiras e freezers. Para os demais equipamentos, o prazo é de até dez dias. Concluída a análise, a distribuidora deve informar o resultado ao consumidor em até 15 dias, quando a solicitação for feita nos primeiros 90 dias após o dano, ou em até 30 dias, nos demais casos. Caso o pedido seja aceito, o ressarcimento deverá ser realizado em até 20 dias, por meio de conserto, substituição do equipamento ou pagamento da indenização . Romero reforçou que o ressarcimento pelo prejuízo sofrido pelo consumidor pode ocorrer de diferentes formas. A concessionária pode consertar o equipamento danificado, substituir por outro equivalente, pagar pelo conserto ou indenizar o consumidor. O consumiror tem prazo de até cinco anos para solicitar o ressarcimento . O diretor jurídico do Procon-RJ aconselhou, entretanto, que apesar desse prazo, o consumidor deve fazer isso o quanto antes, enquanto está de posse de todas as informações mais recentes. No caso específico de alimentos e de medicamentos armazenados em freezers ou geladeiras que tenham estragado, e não dos equipamentos em si, o consumidor também tem direito a ser indenizado. Para isso, é importante que ele tenha registro de todo o ocorrido, seja através de fotografias ou filmes dos alimentos ou produtos que tenham deteriorado. “Ele deve guardar recibos, notas fiscais. Deve ter tudo documentado. Em seguida, deve fazer o registro na concessionária, solicitando que seja ressarcido dos prejuízos. Caso não obtenha êxito junto à concessionária, pode buscar, da mesma forma, a SEDCON ou o Procon-RJ para fazer a sua reclamação”. Para isso, o consumidor deve apresentar toda a documentação relacionada ao caso, como protocolos, fotografias, notas fiscais, laudos técnicos, orçamentos e a resposta da empresa. Romero sustentou a necessidade de os consumidores comprovarem o vínculo ou relação da interrupção ou falta de energia com o prejuízo decorrente do evento . O diretor jurídico aconselhou ainda que os consumidores não façam o descarte do equipamento danificado nem procedam ao conserto por conta própria, exceto se forem autorizados pela concessionária. “Porque ela tem o direito de verificar esse equipamento para confirmar se foi de fato danificado em decorrência da falta ou da oscilação de energia”.	Agência Brasil	geral	False
https://agenciabrasil.ebc.com.br/geral/noticia/2026-07/rio-guaiba-se-aproxima-da-cota-de-alerta-em-porto-alegre	2026-07-31	Rio Guaíba se aproxima da cota de alerta em Porto Alegre	Em nível de atenção desde quarta, elevação está a 6 cm do alerta	O Rio Guaíba, no estado do Rio Grande do Sul, está em nível de atenção para possível inundação nos próximos dias e a poucos centímetros de alcançar o nível de alerta, aponta nesta sexta-feira (31) o monitoramento da Defesa Civil de Porto Alegre. Segundo o Centro de Monitoramento e Alertas (Cemadec) do órgão, o nível do Rio Guaíba entrou na cota de atenção na quarta-feira (29), após atingir 1,90 metro no ponto de monitoramento do Cais Mauá C6. Desde então, o acúmulo de água segue aumentando. Até a última atualização, antes do fechamento desta matéria, o rio chegou a 2,54 metros. Caso o rio acumle elevação acima de 2,60 metros nas próximas horas, será alcançada a cota de alerta para inundação . Neste cenário, algumas regiões do município de Porto Alegre podem apresentar impactos, como o Bairro Arquipélago, formado pelas ilhas da Pintada, Grande dos Marinheiros, Flores e Pavão. Também podem ocorrer danos nas áreas ribeirinhas das regiões Sul e Extremo Sul da capital. Após a atualização dos modelos e a confirmação da elevação do nível do Guaíba, a Defesa Civil elevou o aviso hidrológico para alerta nível laranja . A vigência do aviso vai das 15h de quinta-feira (30) até as 18h da próxima segunda-feira (3). Há também alertas ativos em outras regiões do estado. Os rios Taquari, Caí, Gravataí e dos Sinos ultrapassaram a cota de inundação de seus respectivos pontos de monitoramento. *Estagiário da Agência Brasil sob supervisão de Odair Braz Junior.	Agência Brasil	geral	False
https://agenciabrasil.ebc.com.br/geral/noticia/2026-07/mega-sena-acumula-e-proximo-premio-esta-estimado-em-r-100-milhoes	2026-07-30	Mega-Sena acumula e próximo prêmio está estimado em R$ 100 milhões	Dezenas sorteadas foram: 30 - 35 - 38 - 39 - 46 - 50	Nenhum apostador acertou as seis dezenas do Concurso 3.038 da Mega-Sena, realizado nesta quinta-feira (30). O prêmio acumulou e está estimado em R$ 100 milhões para o próximo sorteio, que será realizado no domingo (2). As dezenas sorteadas foram: 30 - 35 - 38 - 39 - 46 - 50. - 41 apostas acertaram cinco dezenas e irão receber R$ 64.733,96 cada; - 2.549 apostas acertaram quatro dezenas e irão receber R$ 1.716,31 cada. Para o próximo concurso, as apostas podem ser feitas até as 19h (horário de Brasília) de sábado (1º), em qualquer casa lotérica credenciada pela Caixa ou pela internet, no site ou aplicativo do banco. A aposta simples, com seis dezenas, custa R$ 6.	Agência Brasil	geral	False
https://agenciabrasil.ebc.com.br/geral/noticia/2026-07/rede-eletrica-mais-resiliente-requer-investimento-de-concessionarias	2026-07-30	Rede elétrica mais resiliente requer investimento de concessionárias	Especialistas discutem como minimizar efeitos do mau tempo	"Tornar a rede elétrica mais resiliente a fortes ventos como os que atingiram São Paulo e Rio de Janeiro nessa quarta-feira (29) é possível, mas tem um custo bastante elevado e que precisa ser arcado pelas concessionárias de energia. A avaliação é do professor Edson Watanabe, do Programa de Engenharia Elétrica do Instituto Alberto Luiz Coimbra de Pós-Graduação e Pesquisa de Engenharia da Universidade Federal do Rio de Janeiro (Coppe/UFRJ). Fiação subterrânea e poda das árvores na época certa estão entre as medidas necessárias para que o fornecimento de energia seja menos vulnerável . “Tem que ter manutenção. Ou enterra ou faz manutenção. No geral, não se faz nem um, nem outro. Ou se faz pouco”, aponta o professor da Coppe/UFRJ. Watanabe mora no Grajaú, na Zona Norte do Rio, e continuava sem energia até a tarde desta quinta-feira (30). Em sua rua, a rede elétrica é aérea, sustentada por postes, o que a deixa mais vulnerável a quedas de árvores e intempéries. Quem tem instalações subterrâneas, como os bairros mais nobres do Rio e o centro da cidade, enfrenta menos contratempos , avalia. “Quem recebe (energia) por linha aérea tem mais problemas”, resume ele, que acrescenta que, além de os custos de instalação serem maiores para a fiação subterrânea, também é mais custosa a manutenção. O professor do programa de pós-graduação em engenharia elétrica estima que o custo de cabos subterrâneos equivale a sete ou dez vezes o da linha aérea , com a vantagem de ter maior qualidade. E a responsabilidade por esses custos é das concessionárias de energia, afirma ele. ""Seria bom se houvesse um pouco mais de atividade do lado das concessionárias. Se ficar parado, como a gente anda, vai ser ainda pior”. Na avaliação de Leandro Torres, especialista em desastres e professor da Escola Politécnica da UFRJ, o risco de falta de energia, por si só, não é motivo para substituir toda a rede aérea por subterrânea. “É uma decisão estética, urbanística. Mas não pesa muito no caso de falta de luz”. Torres destaca que fazer uma estrutura subterrânea requer um investimento elevado que pode ser, inclusive, economicamente inviável . Além disso, ele avalia que os cabos subterrâneos, apesar de terem proteção contra o vento, constituem problema no caso de inundações e furtos. Segundo Leandro Torres, o que ocorreu ontem no Rio foi um evento de emergência, para o qual as instituições precisam estar preparadas com planos de contingência , que evidenciem tudo que possa afetar suas operações e serviços de alguma maneira. “Ou seja, fazer uma listagem dessas ameaças. Isso abrange eventos de diferentes naturezas, como vendaval, inundação, ataque cibernético, que podem afetar a operação de uma organização qualquer"". O segundo passo desse plano de contingência é entender quais são as eventuais causas que poderiam dar origem a essas ameaças. Ou seja, os pontos fracos na operação, que poderiam ser uma brecha para que esses problemas ocorram. Uma análise de risco prioriza os pontos que demandam mais atenção. Em seguida, o que se busca são medidas que possam evitar, dentro do possível, essas falhas, ou reduzir muito a probabilidade de elas acontecerem. Torres deixou claro que instituições de diferentes naturezas, desde uma escola até empresas de telecomunicações e concessionárias de energia elétrica, precisam se organizar para fazer frente a esse tipo de cenário climático . Para ele, as concessionárias de energia elétrica devem direcionar atenção e esforços para um possível aumento drástico de eventos relacionados ao clima, principalmente este ano, com a previsão de um El Niño especialmente forte. “Elas devem analisar, por hipótese, se acontecer um tornado aqui, o que eu faria? Se acontecer uma inundação até um metro ou dois metros de lâmina, o que deveria ser feito? E se for uma onda de calor extremo?”. Leandro Torres insistiu que a empresa não pode esperar que aconteça um evento negativo para agir, e isso demanda recursos previamente alocados e pessoal treinado para os procedimentos emergenciais. Depende de uma estrutura de planejamento de comunicação interno e externo com clientes, inclusive para a preservação dos serviços que eles estão recebendo. A empresária Ana Paula Brito mora em Vila Isabel, Zona Norte da capital fluminense, e, desde ontem, às 17h, está sem luz em seu imóvel. Ela afirma que já abriu vários protocolos na Light e a resposta é que os técnicos estão trabalhando no local e não há previsão de quando a luz voltará. “Estamos preocupados, porque a geladeira já está descongelando, os alimentos estão vencendo [a validade] e não tem nenhuma previsão. É um transtorno muito grande ficar sem energia”. >> Saiba como pedir ressarcimento por prejuízos com a falta de energia Rico Vilarouca é designer e trabalha em casa, bem como sua esposa. Moradores de Santa Teresa, na região central do Rio de Janeiro, ele espera até agora o retorno da energia elétrica e da internet residencial, situação que se repete quando chove forte e venta no bairro. Os ventos fortes que assolaram o estado nessa quarta-feira deixaram uma coisa bem clara para a família de Rico Vilarouca: “A gente não está preparado para esse volume de vento na cidade”, lamentou. A Light e a Enel, concessionárias que atuam no Rio de Janeiro, na região metropolitana e no interior do estado, têm divulgado desde o vendaval que estão com equipes mobilizadas para normalizar o fornecimento de energia. Apesar disso, milhares de residências e estabelecimentos de diversos tipos continuavam sem energia nesta quinta-feira ."	Agência Brasil	geral	False
https://agenciabrasil.ebc.com.br/geral/noticia/2026-07/policia-investiga-morte-de-tres-eletrocutados-apos-ventania-no-rio	2026-07-30	Polícia investiga morte de três eletrocutados após ventania no Rio	Uma mulher sobreviveu e tem quadro de saúde grave	A Polícia Civil do Rio de Janeiro investiga se três mortes por descarga elétrica dentro de uma casa, na madrugada desta quinta-feira (30), têm relação com a ventania que atingiu o estado na tarde de quarta-feira (29) . Uma mulher sobreviveu, e o quadro dela é grave . A corporação confirmou à Agência Brasil que Juadson Amorim da Silva, de 57 anos; Wagner Carvalho de Medeiros, de 41; e Marcos Antonio Vieira Filho, de 34, não resistiram à descarga elétrica. Eles estavam em uma casa na Rua Maria da Fé, na Cidade de Deus, comunidade da Zona Sudoeste da cidade do Rio de Janeiro . A investigação é realizada pela 32ª Delegacia Policial, no bairro da Taquara, vizinho à Cidade de Deus. “A perícia será realizada no local e outras diligências estão em andamento para apurar as circunstâncias das mortes”, diz a Polícia Civil. O Corpo de Bombeiros informou que agentes do 12º Grupamento de Bombeiro Militar (GBM) foram acionados para uma ocorrência de choque elétrico. Quando os militares chegaram ao endereço, encontraram três corpos, que teriam sofrido uma descarga elétrica provocada por uma tomada no interior do imóvel. Ainda segundo a corporação, a mulher foi socorrida por moradores e levada para a Unidade de Pronto Atendimento da Cidade de Deus, antes da chegada dos bombeiros . De acordo com a Secretaria Municipal de Saúde, a mulher deu entrada na unidade com queimaduras e foi transferida pela manhã para o Hospital do Andaraí, na Zona Norte. O hospital é referência no tratamento de vítimas de queimaduras. “O estado de saúde é grave”, diz nota enviada à Agência Brasil . A companhia Light, responsável pelo abastecimento da cidade, informou que se solidariza com as famílias das vítimas e que apura as circunstâncias do ocorrido. A empresa comentou que, durante vendavais, árvores, galhos e outros objetos podem atingir a rede elétrica e provocar o rompimento de cabos. A concessionária ressalta que a população não deve se aproximar de postes, estruturas elétricas ou fios caídos. “Caso encontre um cabo partido no chão, não toque, mantenha distância do local e acione imediatamente a concessionária por meio de seus canais oficiais de atendimento”, diz a nota. Além de um aplicativo, WhatsApp (21 99981-6059) e site , a Light atende a pedidos de emergência pelo telefone 0800 021 0196. A empresa acrescenta que, em casos de ligações clandestinas, o problema de rompimento de cabos é mais frequente. O vendaval na tarde de quarta-feira (29), com rajadas que chegaram a atingir 105 quilômetros por hora (km/h), assustou a população e causou interrupção em aeroportos, trens e metrôs. Quedas de árvores causaram danos e pararam o trânsito de veículos em várias regiões. Na cidade do Rio, duas pessoas morreram atingidas pelo desabamento de um muro em Santa Teresa . Quase 24 horas depois do início da ventania, partes de bairros seguem sem energia elétrica, com mais de 400 mil pessoas sem luz .	Agência Brasil	geral	False
https://agenciabrasil.ebc.com.br/geral/noticia/2026-07/mais-de-200-mil-continuam-sem-energia-no-rio-apos-vendaval	2026-07-30	Mais de 200 mil continuam sem energia no Rio após vendaval	No momento mais crítico, falta de luz atingiu 1,1 milhão de clientes	Cerca de 279 mil clientes da concessionária de energia Light ainda continuavam sem fornecimento de energia no início da quinta-feira (30), depois do vendaval que atingiu a Região Metropolitana do Rio de Janeiro na última quarta (29) . A Agência Nacional de Energia Elétrica (Aneel) monitora a situação. Entre os principais bairros atingidos na capital estão Campo Grande, Bangu, Anchieta, Tijuca, Catumbi, Jacarepaguá, Santa Cruz e Recreio. Já na Baixada Fluminense, os municípios com trechos mais afetados são Nova Iguaçu e Duque de Caxias . Segundo a empresa, em diversos pontos, a extensão dos danos exige a reconstrução de trechos da rede elétrica, tornando o trabalho de restabelecimento mais complexo. Isso inclui a substituição de postes danificados, reparos em estruturas comprometidas e a remoção de árvores que caíram ou permanecem apoiadas sobre a fiação. A concessionária informa que reforçou seu plano operacional e está atuando com 800 equipes nas ruas, com mais de 2 mil profissionais. No momento mais crítico, a falta de fornecimento chegou a afetar 1,1 milhão de clientes no Grande Rio, o que inclui residências e outros tipos de estabelecimentos. Chegou a 346 o número total de árvores que foram derrubadas pela força do vento , que ultrapassou os 100 quilômetros por hora (km/h). O maior registro foi no Aeroporto Internacional do Galeão, na Ilha do Governador, onde as rajadas atingiram 105,5 km/h, entre 16h e 17h de quarta. Por volta das 19h desta quinta, a Prefeitura do Rio de Janeiro informou que ainda trabalha na remoção de mais de 49 árvores que caíram. A concessionária Trens RJ informou que o ramal Japeri continua com a circulação interrompida e a estação Saracuruna está em processo de vistoria para ser reaberta, enquanto os ramais Santa Cruz, Deodoro e Belford Roxo estão funcionando. A circulação de trens foi totalmente paralisada durante a ventania e dificultou a volta para casa de moradores da Baixada Fluminense e das zonas Oeste e Norte da capital. No VLT, as linhas 1, 2, 3 e 4  foram normalizadas nesta quinta depois que mais de uma tonelada de lixo foi retirada dos trilhos, incluindo árvores, galhos e resíduos. Outros meios de transporte como  o BRT, ônibus urbanos, Metrô e o Serviço de Barcas, que faz a travessia pela Baía de Guanabara, operam com intervalos regulares. A força do vento também derrubou um muro que atingiu e matou dois homens em Santa Teresa, na região central da cidade . A Polícia Civil investiga ainda se a morte de três pessoas por descarga elétrica dentro de uma residência na Cidade de Deus, na noite de ontem, tem relação com o vendaval. De acordo com o Sistema Alerta Rio, a previsão do tempo para a noite desta quinta-feira (30) é de céu nublado a parcialmente nublado, com chuva fraca isolada e ventos moderados. Ao longo do dia, ventos úmidos vindos do oceano influenciaram o tempo na cidade, que teve céu parcialmente nublado, mas sem registro de chuva. Os ventos ficaram moderados, e as temperaturas apresentaram declínio em relação ao dia anterior, com mínima registrada de 16,8°C e máxima de 27,9°C. A prefeitura de Angra dos Reis, na Costa Verde fluminense, permanece em alerta após o registro de rajadas de vento de até 104 km/h na tarde desta quarta-feira (29), de acordo com a Defesa Civil municipal. Devido a intensidade dos ventos, houve queda de árvores em diferentes pontos da cidade, incluindo trechos da BR-101 (Rodovia Rio-Santos). O Serviço de Pronto Atendimento da Vila do Abraão, na Ilha Grande, registrou cinco atendimentos relacionados ao vendaval: duas vítimas do naufrágio de um taxiboat, na Baía da Ilha Grande, e três moradores da Vila. Todos já foram liberados e não houve registro de vítimas fatais.	Agência Brasil	geral	False
https://agenciabrasil.ebc.com.br/geral/noticia/2026-07/relatorio-aponta-acao-policial-como-responsavel-pela-violencia-armada	2026-07-30	Relatório aponta ação policial como responsável pela violência armada	Eventos deixaram 901 pessoas baleadas, diz Instituto Fogo Cruzado	Os dados do relatório semestral do Instituto Fogo Cruzado, lançado nessa quarta-feira (29), apontam que as ações e operações policiais, principal estratégia para lidar com as questões de segurança pública no Brasil, consolidaram-se como um dos motores da violência armada no Brasil. Os números mostram que houve recorde de participação policial nos tiroteios, eventos que deixaram 901 pessoas baleadas. Ainda assim, os dados indicam um avanço das ações dos grupos armados nos estados mapeados. Os dados do relatório foram levantados entre janeiro e junho de 2026, nas quatro regiões metropolitanas onde o Fogo Cruzado atua: Rio de Janeiro, Recife, Belém e Salvador, em 57 municípios. Ao menos 2.511 tiroteios foram registrados, resultando em 2.403 pessoas baleadas, das quais 1.628 morreram e 775 ficaram feridas. As ações policiais foram responsáveis por 39% dos registros, deixando 584 mortos e 317 feridos em seus 989 tiroteios. Em 2025, no primeiro semestre, em 33% dos tiroteios houve participação policial. Apesar da queda nos tiroteios entre os períodos, o relatório mostra que a participação policial nos conflitos cresceu. “Há três décadas o Estado repete a mesma fórmula, um modelo de segurança pública incapaz de desarticular os grupos armados e que não garante segurança à população, nem mesmo diante do aumento da participação policial nos conflitos. Não é razoável esperar resultados distintos insistindo em uma estratégia cuja ineficácia já é conhecida. Ao contrário, essa lógica alimenta o alto número de tiroteios, expõe moradores ao fogo cruzado, compromete o funcionamento de escolas e unidades de saúde e não contém o avanço dos grupos armados”, avalia a gerente de Pesquisa do Instituto Fogo Cruzado, Terine Husek Coelho. Já o número de baleados em disputas entre grupos armados, como as facções e as milícias, cresceu 12% durante o semestre, aumentando de 181 vítimas em 2025, para 203 em 2026. Ao menos 976 tiroteios foram mapeados na região metropolitana do Rio. O número segue em tendência de queda, mas as ações e operações policiais já correspondem a quase metade dos registros do primeiro semestre. As forças policiais participaram de 47% dos casos mapeados no Grande Rio, o maior patamar para o período desde 2017. Com 645 tiroteios mapeados, houve queda na violência armada na região metropolitana do Recife, sendo o menor índice desde 2019. Apesar da redução, o primeiro semestre de 2026 já acumula o maior número de tiroteios em ações e operações policiais de toda a série histórica, com 60 registros, ou 9% do total mapeado. O número de assaltos que terminam com baleados está cada vez mais frequente. Esse agravamento da violência armada em crimes contra o patrimônio fica evidenciado no número de vítimas registradas ao longo do primeiro semestre, quando 53 pessoas foram atingidas, sendo recorde se comparado ao primeiro semestre dos quatro anos anteriores. Nos últimos anos, Salvador e regiões metropolitanas têm acompanhado uma tendência de queda no número de tiroteios ocorridos nos primeiros semestres, chegando em 2026 ao seu menor índice com 656 registros. O número de baleados nas ações policiais também acompanha esse aumento, dos 637 atingidos por disparos de arma de fogo no período, 53% deles em contexto de ações policiais, se refletindo também na quantidade de agentes de segurança baleados em serviço. Dos 34 agentes atingidos, 24 estavam em serviço, representando 71% dos atingidos Durante o primeiro semestre de 2026, 234 tiroteios foram mapeados na região metropolitana de Belém, uma queda de 20% em comparação com os primeiros seis meses de 2025, com 293 casos mapeados. A violência na região segue sendo profundamente marcada por ações e operações policiais. Durante o primeiro semestre de 2026, houve a participação dos agentes em 45% dos registros.	Agência Brasil	geral	False
https://agenciabrasil.ebc.com.br/geral/noticia/2026-07/defesa-civil-reconhece-situacao-de-emergencia-em-duas-cidades-gauchas	2026-07-29	Defesa Civil reconhece situação de emergência em duas cidades gaúchas	São Sebastião do Caí e Feliz foram atingidas pelas fortes chuvas	A Defesa Civil Nacional, vinculada ao Ministério da Integração e do Desenvolvimento Regional, reconheceu a situação de emergência nos municípios gaúchos de São Sebastião do Caí e Feliz. As duas cidades foram bastante afetadas pelas chuvas dos últimos dias . Outras duas cidades, Marques de Souza e Palmitinho, estão com o processo de reconhecimento em andamento . O reconhecimento federal de situação de emergência ou de estado de calamidade pública é importante pois, assim, os municípios podem solicitar recursos para ações de defesa civil . A solicitação deve ser feita por meio do Sistema Integrado de Informações sobre Desastres (S2iD) . As chuvas no Rio Grande do Sul se intensificaram nos últimos dias. Até a última segunda-feira (27), 218 municípios e 59.967 pessoas foram afetados, segundo o Centro de Operações da Defesa Civil do Estado (Codec). Somente nesta terça-feira (28), 114 municípios foram atingidos por queda de granizo, vendaval, chuva intensa e um tornado. Há previsão de mais tempestades no próximo fim de semana.	Agência Brasil	geral	False
https://agenciabrasil.ebc.com.br/geral/noticia/2026-07/ventania-causa-2-mortos-e-deixa-mais-de-510-mil-imoveis-sem-luz-no-rio	2026-07-30	Mais de 510 mil imóveis ainda estão sem luz no Rio	Estação meteorológica do Galeão registrou ventos de até 105 km/h	Mais de 510 mil imóveis do Rio de Janeiro continuam sem energia elétrica, desde o vendaval que atingiu o estado na tarde desta quarta-feira (29), com ventos que chegaram a atingir mais de 100 quilômetros por hora (km/h) na capital fluminense. De acordo com a concessionária Light, 44 árvores caíram sobre a rede elétrica e cortaram o abastecimento de 370 mil clientes. A ventania provocou também cinco desabamentos no estado, entre eles um muro na zona sul da cidade do Rio, que deixou dois mortos. De acordo com nota divulgada na noite de quarta-feira, pela Secretaria Estadual de Defesa Civil, bombeiros tiveram que resgatar 31 pessoas. Na estação meteorológica do Galeão, foram registrados ventos de até 105 km/h. Foram ainda feitas buscas para localizar uma pessoa que teria desaparecido no litoral de Angra dos Reis, na localidade de Mambucaba. Entre os bairros mais afetados pela falta de luz na manhã desta quinta-feira (30) estão Campo Grande, Bangu, Anchieta, Tijuca, Catumbi, Jacarepaguá, Santa Cruz e Recreio dos Bandeirantes. A Light informou que suas equipes estão mobilizadas, com a prioridade de normalizar o serviço para os clientes afetados o mais rapidamente possível. Já a concessionária Enel informou que 142 mil imóveis continuavam sem fornecimento de energia na manhã de hoje. A empresa destacou que na região sul do estado, especialmente em Paraty, Angra dos Reis e Mangaratiba, dezenas de árvores caíram sobre ruas e rodovias, danificando a rede elétrica e bloqueando o acesso das equipes a diferentes pontos de atendimento. Durante o vendaval, houve desligamentos, pelo Operador Nacional do Sistema Elétrico (ONS), na rede de distribuição e transmissão a partir das 15h57, impactando a área do Rio.  As cargas foram 100% normalizadas às 17h35, de acordo com o ONS. Além disso, vários sistemas de transporte foram afetados pelos fortes ventos, como os Aeroportos Santos Dumont e o Internacional Tom Jobim (Galeão), o metrô carioca e os trens do Grande Rio. De acordo com a concessionária TrensRJ, que opera o sistema ferroviário da região metropolitana, os ventos impactaram dois ramais, com a circulação de trens suspensas em alguns trechos de Japeri (entre Comendador Soares e Japeri, incluindo a extensão Paracambi) e a necessidade de troca de composição na estação Campos Elíseos, para quem circula entre Gramacho e Saracuruna, no ramal Saracuruna. Saiba mais sobre a situação no Rio no Repórter Brasil Tarde, da TV Brasil	Agência Brasil	geral	False
https://agenciabrasil.ebc.com.br/geral/noticia/2026-07/vento-chega-125-kmh-e-causa-ao-menos-duas-mortes-em-sao-paulo	2026-07-29	Vento chega a 125 km/h e provoca ao menos duas mortes em São Paulo	Inmet emitiu alerta de perigo para São Paulo e Rio de Janeiro	Os fortes ventos que atingiram nesta quarta-feira (29) o estado de São Paulo chegaram a 124,9 km/h e causaram, ao menos, duas mortes. De acordo com a Defesa Civil estadual, os óbitos foram registrados em Santos e em Cesário Lange . No início da tarde, o órgão emitiu alerta severo para rajadas de vento na capital paulista, Grande SP e para o litoral paulista. A ventania foi mais acentuada nos municípios de Itaporanga e Itaí (124,9 km/h), Taquarituba (117 km/h), Arandu (113,1 km/h), Paranapanema (113 km/h) e Itanhaém (111 km/h). Santos registrou 83,7 km/h e Cesário Lange, 65,5 km/h. Na capital paulista, foram registrados ventos de 75,3 km/h. Segundo o Corpo de Bombeiros, até as 17h21, foram efetuadas 39 chamadas sobre quedas de árvores. No Aeroporto de Congonhas e no Aeroporto Campo de Marte, a velocidade chegou a 70 km/h. O Instituto Nacional de Meteorologia (Inmet) emitiu um alerta laranja para ventos costeiros fortes em todo o estado de São Paulo e para toda região do Rio de Janeiro ao sul de Cabo Frio . São esperados ventos nas regiões litorâneas e movimentação de dunas de areia sobre construções na orla. O alerta laranja é o grau intermediário dentre os três avisos emitidos pelo instituto: amarelo, para perigo potencial; laranja, para perigo; e vermelho, para grande perigo. O alerta é válido até o fim da noite desta quarta-feira.	Agência Brasil	geral	False
https://agenciabrasil.ebc.com.br/geral/noticia/2026-07/ventos-provocam-danos-na-costa-verde-e-na-regiao-serrana-do-rj	2026-07-29	Ventos provocam danos na Costa Verde e na região serrana do RJ	Pescador está desaparecido em Angra dos Reis	A ventania que atingiu o município do Rio de Janeiro, com ventos que ultrapassaram 105 quilômetros por hora (km/h), também afetou outras cidades da região metropolitana, como a Costa Verde e a região serrana. Em Angra dos Reis, na Costa Verde, a prefeitura informou que houve registro de rajadas de vento de até 104 km/h na tarde desta quarta-feira (29), que derrubaram árvores em diversos pontos da cidade e um veículo foi atingido pela queda. Um pescador desapareceu na praia de Mambucaba, distrito de Angra dos Reis. A embarcação em que ele estava virou e o homem foi arrastado. O Corpo de Bombeiros tenta localizar o pescador. O município está em estado de alerta e o aviso meteorológico vale até as 23h59. Equipes da prefeitura trabalham para desobstrução das vias e no atendimento às ocorrências. Na cidade de Mangaratiba, a ventania causou danos à rede elétrica com diferentes bairros ficando sem energia. Moradores relataram ainda quedas de galhos de árvores. Até o momento, não há informações sobre a quantidade de imóveis afetados ou previsão para a normalização do serviço. As embarcações de pesca e as lanchas de turismo retornaram do mar, devido aos fortes ventos que atingiram mais de 90 km/h. Em diferentes pontos de Itaguaí, moradores relataram quedas de árvores, destelhamentos e interrupções no fornecimento de luz. As autoridades orientam a população a evitar áreas com risco de queda de árvores e fiação, além de acompanhar os comunicados oficiais sobre as condições do tempo.	Agência Brasil	geral	False
https://agenciabrasil.ebc.com.br/geral/noticia/2026-07/meteorologistas-dizem-que-nao-e-possivel-associar-ventanias-ao-el-nino	2026-07-30	Meteorologistas dizem que não é possível associar ventanias ao El Niño	Evento meteorológico ocorreu no Rio e em São Paulo	Fortes ventos provocaram estragos e mortes nos estados do Rio de Janeiro e São Paulo na tarde desta quarta-feira (29). Uma estação meteorológica da capital fluminense chegou a registrar ventos de 105 km/h. Segundo Suellen Araujo, do Instituto Nacional de Meteorologia (Inmet), o evento foi provocado pela formação de uma zona de baixa pressão atmosférica na região, associada ao deslocamento do ar nas camadas superiores da atmosfera, chamado de “escoamento”. “A conjunção desses fatores auxiliou realmente na formação dessa instabilidade, que trouxe essas rajadas bem intensas. Inclusive, tivemos rajadas em torno de 100 km/h em ambos os estados”, explicou a meteorologista. O coordenador geral de Operações e Modelagem do Centro Nacional de Monitoramento e Alerta de Desastres Naturais (Cemaden), Marcelo Seluchi, destaca que as rajadas de vento se formaram a partir de uma linha de estabilidade. “É uma linha de tempestades alinhadas, como o nome indica, uma ao lado da outra, que se formaram sobre uma frente fria que estava na Região Sul do Brasil. Essa linha de tempestades formou o que se chama uma frente de rajada, que foi a ventania que nós sentimos ontem à tarde”, esclareceu. Ele explica que a frente de rajada avança mais rápido que a linha de nuvens da tempestade e que a tempestade, em si, nem ocorreu. “Aqui onde nós estamos, no Vale do Paraíba [em São José dos Campos-SP], choveu mais no final da tarde e início da noite. Choveu um pouco, que foi o que restou daquela linha de tempestades que foi dissipando conforme elas foram avançando para o norte. Elas começaram lá no Paraná, Santa Catarina, mas, avançando para o norte, elas foram dissipando”, disse Seluchi. Tanto a meteorologista do Inmet quanto o coordenador do Cemaden avaliam que não é possível, ainda, associar o evento de quarta-feira ao El Niño, um fenômeno recorrente que consiste no aquecimento das águas do Oceano Pacífico, de tempos em tempos, e que provoca alterações no clima global . Neste ano, espera-se um El Niño mais intenso. Segundo a Administração Atmosférica e Oceânica Nacional dos Estados Unidos (Noaa), há uma probabilidade grande de que nesta temporada o El Niño seja o mais forte dos últimos 76 anos. “Teria que fazer uma avaliação um pouco mais minuciosa para poder verificar se [os ventos fortes de Rio e São Paulo] tem alguma coisa relacionada a esse fenômeno”, afirma Suellen Araujo. Segundo Seluchi, é difícil estabelecer uma relação direta dos ventos fortes com o El Niño. Ele esclarece, entretanto, que a linha de tempestades que provocou a ventania se formou a partir de uma frente estacionária que estava sobre o sul do Brasil. “A frequência com que essas frentes estacionárias estão atuando na Região Sul já tem a ver com o fenômeno do El Niño. As frentes estão se tornando estacionárias com mais frequência, está chovendo com mais frequência e mais volume na Região Sul. E a linha de instabilidade é um efeito secundário, digamos, da presença dessas frentes na região sul”, disse. Seluchi ressalta, no entanto, que a linha de instabilidade e as rajadas de vento são fenômenos que podem acontecer em qualquer época do ano. “Acontece também em anos que não são do El Niño. A relação [das rajadas de vento] com o El Niño é mais difícil de estabelecer. Eu acho [que tem], mas é difícil provar que essa uma relação indireta”. O meteorologista Thiago Sousa, doutorando da Universidade do Estado do Rio de Janeiro (Uerj), entende que é preciso ter estudos mais profundos para encontrar uma possível vinculação entre a ventania e o El Niño . “Não tem como afirmar e nem contrariar essa correlação, que precisa ser estudada para depois, mais a frente, para se relacionar com o Super El Niño”, disse. Saiba mais sobre o fenômeno na reportagem do Repórter Brasil Tarde, da TV Brasil	Agência Brasil	geral	False
https://agenciabrasil.ebc.com.br/geral/noticia/2026-07/rio-de-janeiro-tem-duas-mortes-e-um-desaparecido-depois-de-ventania	2026-07-29	Rio de Janeiro tem duas mortes e um desaparecido depois de ventania	Estado registrou quedas de árvores e desabamentos nesta quinta-feira	Duas pessoas morreram com o desabamento de um muro em Santa Teresa, na região central da capital fluminense, depois da ventania que atingiu o estado do Rio de Janeiro na tarde desta quarta-feira (29). A informação é do Corpo de Bombeiros (CBMERJ), que registrou 185 ocorrências até o momento. Foram 93 quedas de árvores, 31 salvamentos de pessoas e 5 desabamentos. Um pescador está desaparecido em Tarituba, Angra dos Reis, na Costa Verde. A Secretaria de Estado de Defesa Civil e o Corpo de Bombeiros dizem atuar de forma integrada e que um gabinete de crise foi instalado na Sala de Situação do Comitê de Enfrentamento ao El Niño. O Centro Estadual de Monitoramento e Alerta de Desastres Naturais (CEMADEN-RJ) emitiu alerta sobre os efeitos da aproximação de uma frente fria pelo oceano, com impacto nas regiões Costa Verde, Sul II, Baixada Fluminense, Metropolitana, Baixada Litorânea e Norte Fluminense. A vigência é até às 7h de quinta-feira (30). Diversos bairros da capital ficaram sem luz durante a tarde . O Operador Nacional do Sistema Elétrico (ONS) informou que, por causa dos ventos fortes, ocorreram desligamentos na rede de distribuição e transmissão a partir das 15h57. Houve impacto no Sistema Interligado Nacional (SIN) que atende a área Rio. Às 16h38 houve o desligamento da Subestação Grajaú. Segundo o ONS, todas as cargas foram 100% normalizadas às 17h35. Desde o início da ocorrência, foi verificada uma redução de carga de cerca de 1500 MW. A concessionária de energia Light confirmou que uma ocorrência externa ao sistema afetou o fornecimento de energia em toda a Zona Sul e o Centro, além dos bairros da Tijuca, Campo Grande, Santa Cruz e Guaratiba. O Aeroporto Santos Dumont suspendeu as operações entre 16h52 até 18h56. Segundo a Infraero, foi feita uma vistoria na pista para limpeza de detritos antes da liberação para pousos e decolagens. Até o momento, nove voos alternaram para outros aeroportos e outros sete voos tiveram as decolagens canceladas. Já no Aeroporto Internacional do Rio de Janeiro (Galeão), quatro voos que iriam pousar foram encaminhados para outros aeroportos. Segundo a TrensRJ, que administra o sistema ferroviário da cidade, as operações continuam suspensas para realização de vistorias. O objetivo é garantir o retorno seguro da circulação dos trens. A concessionária Metrô Rio disse que o funcionamento das três linhas na cidade foi interrompido às 16h40. Passageiros relataram nas redes sociais que ficaram presos dentro das composições. Horas depois, a empresa divulgou que a circulação das linhas 1, 2 e 4 estava em processo de normalização. Os impactos da ventania levaram a Prefeitura do Rio de Janeiro a decretar Estágio 2 em uma escala de níveis de atenção que vai de 1 a 5, o que significa que há riscos de ocorrências de alto impacto na cidade. Há previsão de chuva fraca em pontos isolados para as próximas horas, além de ventos moderados a muito fortes. Para quinta-feira (30), o Alerta Rio, sistema meteorológico da Prefeitura, prevê que os ventos estarão moderados e as temperaturas em queda. Céu deverá ficar parcialmente nublado e é esperada chuva fraca, isolada, a partir da tarde.	Agência Brasil	geral	False
https://agenciabrasil.ebc.com.br/geral/noticia/2026-07/bombeiros-encontram-corpo-em%20barc-%20que-afundou-com-ventania-em-paraty	2026-07-30	Bombeiros encontram corpo em barco que afundou com ventania em Paraty	Vítima ainda não foi identificada	O Corpo de Bombeiros do Estado do Rio de Janeiro localizou, na manhã desta quinta-feira (30), o corpo de uma pessoa ainda não identificada na região da Praia de Tarituba, em Paraty, no Sul Fluminense. As equipes trabalhavam nas buscas por um desaparecido após a ventania que atingiu o estado na quarta-feira (29) . Os bombeiros iniciaram a varredura por volta das 16h30, depois de receberem a informação de que um homem estava desaparecido no mar com o naufrágio de uma embarcação, no litoral entre Tarituba e Mambucaba, em Angra dos Reis. O corpo encontrado por mergulhadores dentro desse barco, mas ainda é necessário aguardar a identificação para confirmar sua identidade. Foram mobilizadas equipes dos quartéis de Paraty e Mambucaba, além de mergulhadores do Grupamento de Busca e Salvamento da Barra da Tijuca. De acordo com o Corpo de Bombeiros, o corpo será encaminhado ao Instituto Médico Legal (IML) , da Polícia Civil fluminense, para que seja feita a identificação da vítima. Os ventos ultrapassaram os 100 quilômetros por hora e provocaram pelo menos duas mortes . As vítimas foram atingidas por um muro que desabou em Santa Teresa , na zona sul da cidade do Rio de Janeiro. Outros quatro desabamentos foram registrados. No total, os bombeiros fizeram 31 salvamentos. A ventania também deixou centenas de milhares de imóveis fornecimento de energia elétrica . Até o fim da manhã desta quinta-feira (30), ainda havia mais de 400 mil sem luz no estado. Entre a tarde de quarta-feira e a manhã desta quinta, a corporação registrou um total de 290 ocorrências relacionadas ao vendaval. A maior parte delas cerca de 150, foram cortes de árvores, mas houve também 50 combates a incêndios em vias públicas, principalmente por causa de postes de energia.	Agência Brasil	geral	False
https://agenciabrasil.ebc.com.br/geral/noticia/2026-07/brasil-tem-estrategia-para-ciencia-tecnologia-e-inovacao-ate-2034	2026-07-29	Brasil tem estratégia para ciência, tecnologia e inovação até 2034	Portaria dá prazo de 120 dias para país ter plano de ação	O Ministério da Ciência, Tecnologia e Inovação (MCTI) aprovou a Estratégia Nacional de Ciência, Tecnologia e Inovação para o período de 2024 a 2034. A Portaria nº 10.226 , publicada nesta quarta-feira (29), estabelece diretrizes para o desenvolvimento científico, tecnológico e de inovação no país ao longo da próxima década. Segundo a norma, o documento será o principal instrumento de planejamento estratégico do ministério para a formulação, implementação, monitoramento e avaliação de políticas públicas, programas, projetos e ações voltadas ao setor. Um dos desdobramentos da nova estratégia será a elaboração do Plano de Ação em Ciência, Tecnologia e Inovação para o período de 2027 a 2031. O plano deverá detalhar, em 120 dias, iniciativas, metas e ações práticas. Para conduzir esse processo, a portaria instituiu grupo de trabalho para coordenar a elaboração do plano. O colegiado será coordenado pela secretaria-executiva do ministério e contará com a contribuição de especialistas e representantes com experiência em áreas relacionadas à política científica e tecnológica. Participarão integrantes da Academia Brasileira de Ciências (ABC) , da Coordenação de Aperfeiçoamento de Pessoal de Nível Superior (Capes) , além de pesquisadores e gestores ligados ao setor. Entre as atribuições do grupo estão definir a metodologia e o cronograma de elaboração do plano, promover a articulação entre unidades do ministério e demais membros do Sistema Nacional de Ciência, Tecnologia e Inovação, consolidar contribuições técnicas e aprovar a proposta final a ser encaminhada à ministra da Ciência, Tecnologia e Inovação.	Agência Brasil	geral	False
https://agenciabrasil.ebc.com.br/geral/noticia/2026-07/mp-sp-abre-investigacao-na-cptm-concedidas-trivia-trens	2026-07-29	MP-SP abre investigação na CPTM concedida à Trivia Trens	Falhas ocorreram nas linhas 11-Coral, 12-Safira e 13-Jade	"O Ministério Público de São Paulo (MP-SP) instaurou um inquérito civil nesta terça-feira (28) para apurar as falhas registradas nas Linhas 11-Coral, 12-Safira e 13-Jade dos trens paulistanos, ocorridas no dia 23 de julho, três dias após a empresa Trivia Trens assumir a operação. A Promotoria de Justiça do Consumidor também apurará o período de operação anterior, pela Companhia Paulista de Trens Metropolitanos (CPTM), além da atuação da Agência Reguladora de Transportes do Estado de São Paulo (Artesp) e da Secretaria de Transportes Metropolitanos na fiscalização da concessão. A concessionária informou que a interrupção entre as estações Brás e Sebastião Gualberto, afetando também o Serviço Expresso Aeroporto ocorreu devido a uma falha de energia. Além disso, um incêndio atingiu um dos trens nas proximidades da Rua Bresser, no centro da cidade. Com os problemas nas três linhas, muitos passageiros tiveram de sair dos comboios e estão andando sobre os trilhos. Devido a todo esse problema, as estações ficaram lotadas, o que afetou também o trânsito no entorno. O sistema de ônibus Paese (Plano de Apoio entre Empresas em Situação de Emergência) foi acionado. Diante de todos os transtornos, a Artesp determinou que a CPTM retomasse a operação das linhas por um período inicial de até 90 dias. A medida foi tomada pela própria Artesp e pelo governo de São Paulo para “garantir a qualidade do serviço e prevenir falhas como as registradas nos primeiros dias de operação assistida sob responsabilidade da operadora”. “O que nós vimos nos últimos dois dias, especialmente hoje, é inaceitável. Como fiscalizadores e reguladores do contrato, estamos agindo de modo imediato. A ideia é a volta da CPTM para operação, porque o que nós vimos realmente é muito ruim, muito penoso para o cidadão"", disse o diretor-presidente da Artesp, André Isper. Na ação a promotoria pede à Artesp informações sobre todas as ocorrências registradas nas três linhas desde a operação assistida, eventuais procedimentos fiscalizatórios, sanções aplicadas, o ato que determinou o retorno temporário da operação à CPTM e o histórico de desempenho das linhas desde 2021. Da CPTM, foram solicitados esclarecimentos sobre as falhas, relatórios técnicos, informações sobre as medidas emergenciais adotadas após o apagão de 23 de julho e o plano de ação para o período de retomada da operação. A Trivia Trens deverá apresentar relatório detalhado de todas as falhas operacionais desde o início da concessão, informações sobre o princípio de incêndio, o número de reclamações de usuários, medidas de ressarcimento adotadas e comprovação da contratação de seguro de responsabilidade civil. Também foram oficiados o Corpo de Bombeiros, a Companhia de Engenharia de Tráfego (CET) e a Prefeitura de São Paulo para prestarem informações relacionadas aos impactos dos episódios. “A portaria também ressalta que, ainda durante a operação assistida, houve aumento de 275% nas ocorrências registradas na Linha 11-Coral em relação ao mesmo período do ano anterior, lembrando que as três linhas já eram alvo de procedimentos relacionados a problemas operacionais quando administradas pela CPTM"", diz o MP-SP. Saiba mais no Repórter Brasil Tarde, da TV Brasil"	Agência Brasil	geral	False
https://agenciabrasil.ebc.com.br/geral/noticia/2026-07/anac-limita-venda-de-passagens-aereas-da-flybondi-no-brasil	2026-07-29	Anac limita a venda de passagens aéreas da Flybondi no Brasil	Companhia aérea argentina enfrenta problemas operacionais	A comercialização no Brasil de passagens aéreas da companhia argentina Flybondi, da empresa FB Líneas Aéreas S.A., foi limitada pela Agência Nacional de Aviação Civil (Anac) a partir desta quarta-feira (29) . Bilhetes já emitidos não serão afetados. De acordo com nota divulgada pela Anac, a medida cautelar foi tomada para evitar prejuízos aos passageiros, após o cancelamento de 79% dos voos pela companhia, entre os dias 1º e 27 de julho. “A decisão foi tomada por meio de medida administrativa cautelar, após a Anac identificar indícios de deterioração da capacidade operacional da companhia e riscos de prejuízos aos passageiros. A decisão entra em vigor hoje, 29 de julho”, destaca o comunicado. Além dos cancelamentos de voos, a fiscalização da Anac identificou uma redução significativa das operações da empresa no Brasil . O aumento de reclamações de passageiros também evidenciou falhas na capacidade de atendimento, com dificuldades nos canais de comunicação, reclamações sobre reembolsos, alterações de voos e assistência aos passageiros afetados. A companhia está impedida imediatamente de comercializar passagens para os novos destinos nacionais Florianópolis, Maceió e Salvador. Também não poderá ofertar novos destinos, frequências ou operações no Brasil. A partir do dia 3 de agosto, será suspensa a comercialização de bilhetes para a rota Buenos Aires – Rio de Janeiro (Galeão). Segundo a Anac, as restrições poderão ser revistas ou revogadas, “caso a empresa demonstre a adoção de medidas capazes de restabelecer a regularidade de suas operações e afastar os riscos identificados.” Atendimento A Flybondi continua obrigada a cumprir as determinações da Anac de reacomodação gratuita ou reembolso integral em até sete dias, nos casos de novos cancelamentos de voos. Os canais de atendimento disponibilizados pela empresa são o telefone 0800-000-0425, com atendimento de segunda a sábado, das 8h às 18h, formulário ou chat pelo site da empresa . Caso o problema não seja resolvido, o passageiro deve registrar uma reclamação na Anac para acompanhamento do caso, fiscalização e ações de regulação.	Agência Brasil	geral	False
https://agenciabrasil.ebc.com.br/geral/noticia/2026-07/mega-sena-acumula-para-r-86-milhoes-confira-os-numeros-sorteados	2026-07-28	Mega-Sena acumula para R$ 86 milhões; confira os números sorteados	Números sorteados são: 02 - 11 - 22 - 30 - 51 - 54	Nenhum apostador acertou as seis dezenas do Concurso 3.037 da Mega-Sena, realizado nesta terça-feira (28). O prêmio acumulou e está estimado em R$ 86 milhões para o próximo sorteio. Os números sorteados são: 02 - 11 - 22 - 30 - 51 - 54 Para o próximo concurso, as apostas podem ser feitas até as 20h (horário de Brasília) de quinta-feira (30), em qualquer lotérica do país ou pela internet, no site ou aplicativo da Caixa. A aposta simples, com seis dezenas, custa R$ 6.	Agência Brasil	geral	False
https://agenciabrasil.ebc.com.br/geral/noticia/2026-07/brasil-registra-mais-de-18-milhao-de-acidentes-de-trabalho-desde-2023	2026-07-29	Brasil registra mais de 1,8 milhão de acidentes de trabalho desde 2023	Regiões Sudeste e Sul concentram 72,6% dos registros	O Brasil registrou 1.843.604 acidentes de trabalho entre janeiro de 2023 e maio de 2026. Apenas entre janeiro e maio de 2026, foram registradas 222.139 ocorrências. Os dados são da Associação Nacional de Medicina do Trabalho (Anamt). Os números têm como base dados do Sistema de Informação de Agravos de Notificação (Sinan), do Ministério da Saúde. A série histórica foi iniciada em 2023, quando a Portaria 217, do Ministério da Saúde, passou a exigir notificação de todos os acidentes de trabalho atendidos pelos serviços de saúde. Antes da portaria, a obrigatoriedade abrangia apenas acidentes graves, fatais e aqueles que envolviam crianças e adolescentes. De acordo com a Anamt, esses resultados dão uma ideia do impacto que os acidentes têm sobre a saúde da população, sobre a Previdência Social e sobre as demandas por serviços assistenciais públicos e privados. A diretora científica adjunta da Anamt, Rosylane Rocha, acredita que o número de acidentes de trabalho seja ainda maior, devido à subnotificação. “Muitas vezes, não tem uma avaliação correta ou falta a empresa, o próprio trabalhador ou o sindicato ao qual pertence abrir uma Comunicação de Acidente de Trabalho (CAT)”, disse a médica nesta quarta-feira (29) à Agência Brasil. A maioria dos acidentes registrados (74,7%) envolveu homens. Foram 1.376.463 notificações. As mulheres responderam por 466.921 registros (25,3%). Em 220 casos, o sexo foi ignorado. “A maior concentração ocorreu entre pessoas de 20 a 49 anos. O grupo de 20 a 34 anos reuniu 783.598 notificações, enquanto os trabalhadores de 35 a 49 anos responderam por 610.441. Juntas, essas duas faixas etárias concentraram 1.394.039 casos, correspondentes a 75,6% dos registros”, detalhou a associação. Na faixa de 15 a 19 anos, foram contabilizadas 107.154 notificações. A Anamt esclareceu que, como a tabela reúne adolescentes menores de 18 anos e jovens de 18 e 19 anos, o resultado não permite identificar quantos casos se relacionaram com trabalho infantil ou com adolescentes em atividades proibidas pela legislação. Rosylane Rocha informou que a Anamt está concluindo outra pesquisa na qual são apontadas as atividades que concentram os maiores volumes de acidentes de trabalho. A construção civil é um desses setores e concentra maior número de trabalhadores do sexo masculino. Os maiores quantitativos de acidentes de trabalho no período pesquisado foram registrados nas regiões Sudeste e Sul, que concentraram quase três em cada quatro notificações. Juntas, as duas regiões responderam por 1.338.895 casos, ou o equivalente a 72,6% do total. A dra. Rosylane atribuiu boa parte desse volume ao maior número de empresas e ao tamanho das populações das duas regiões. De acordo com a sondagem da Anamt, o Sudeste lidera o total de acidentes, com 788.518 notificações (42,8% do total), seguido pelo Sul, onde foram contabilizados 550.377 casos (29,9%). Depois, aparecem o Nordeste, com 223.250 acidentes (12,1%), o Centro-Oeste, com 175.366 notificações (9,5%); e a Região Norte, com 106.093 acidentes de trabalho (5,8%). São Paulo, Rio Grande do Sul, Paraná, Minas Gerais e Santa Catarina concentram 67% de todas as notificações do país, segundo a entidade que atua na área de medicina do trabalho. Só em São Paulo foram 533.557 registros, o que coloca o estado na liderança desse ranking de acidentes de trabalho, em termos de número absoluto de notificações. Em segundo lugar está o Rio Grande do Sul, com 245.641 casos, seguido por Paraná (197.011); Minas Gerais (152.192); e Santa Catarina (107.725). “Em termos absolutos, estão nas últimas posições do levantamento o Piauí, com 11.820 registros de acidentes de trabalho; Amazonas, com 9.640 casos; Acre, com 8.718; Sergipe, com 5.252, e Amapá, 3.521”, detalhou a associação. O presidente da Anamt, Francisco Cortes Fernandes, explica que esses dados ajudam no planejamento de iniciativas que visam o combate a “riscos que podem comprometer a vida, a saúde e o bem-estar dos trabalhadores e suas famílias”. Para a diretora científica adjunta da Associação Nacional de Medicina do Trabalho, é importante a divulgação desses números “para que a gente possa chamar atenção das autoridades, dos próprios empresários, porque a gente precisa usar essas informações para a construção de políticas públicas mais eficazes. E para que as empresas invistam mais em prevenção, em promoção de saúde. O médico do trabalho está lá na empresa. Então, a gente tem aí um papel importante na prevenção de acidentes e na promoção de saúde”, manifestou. Para a especialista, é importante que as empresas registrem os números de acidentes de trabalho no Ministério da Saúde e comecem a realizar dentro dos ambientes laborais ações de prevenção de acidentes de trabalho. Para o presidente da Anamt, Francisco Cortes Fernandes, a mudança efetuada por meio da Portaria 217, em 2023, ampliou a capacidade dos serviços de saúde de identificar a dimensão e as características do problema. “Ao ampliar a notificação, passamos a enxergar melhor onde os acidentes acontecem, quem são os trabalhadores expostos e quais circunstâncias mais contribuem para esses eventos. Essas informações são fundamentais para orientar políticas públicas e estratégias de prevenção”. Para os médicos do trabalho, afirmou que esses registros ajudam a pensar formas de aperfeiçoar a assistência à saúde integral do trabalhador.	Agência Brasil	geral	False
https://agenciabrasil.ebc.com.br/geral/noticia/2026-07/ventania-causa-apagao-e-paralisa-transportes-no-rio-de-janeiro	2026-07-29	Ventania causa apagão e paralisa transportes no Rio de Janeiro	Aeroporto Santos Dumont, metrô e trens tiveram operação interrompida	"Diversos bairros do Rio de Janeiro ficaram sem luz na tarde desta quarta-feira (29), em meio a uma ventania que assola a cidade. O vento chegou a ser considerado muito forte, atingindo 105,5 km/h no Aeroporto do Galeão, na Zona Norte, entre 16h e 17h . Equipes do Corpo de Bombeiros do Estado do Rio de Janeiro foram acionadas para 26 salvamentos de pessoas. A corporação registrou ainda quatro desabamentos e precisou atender a 30 ocorrências de cortes de árvores. A concessionária de energia Light declarou que uma ocorrência externa ao sistema afetou o fornecimento de energia em áreas de toda a cidade. ""Nossas equipes estão atuando para restabelecer o serviço o mais breve possível"", declarou a companhia. Pouco antes das 18h, a empresa afirmou que havia restabelecido a oferta de energia em toda a cidade . O funcionamento das três linhas do metrô foi interrompido às 16h40, segundo a concessionária Metrô Rio. Passageiros relataram nas redes sociais que ficaram presos dentro das composições. Cerca de uma hora depois, a empresa divulgou que a operação foi retomada nas linhas 1 e 4, com intervalos em processo de normalização. A Linha 2 permaneceu sem funcionamento. A circulação das composições da Trens RJ também foi interrompida. No BRT, a ventania também danificou a cobertura da estação Dom Bosco, em Santa Cruz, na Zona Oeste, que precisou ser fechada. Segundo a Infraero, o Aeroporto Santos Dumont suspendeu as operações às 16h52 e continuava sem funcionar às 18h . Até esse horário, cinco voos comerciais e um executivo precisaram ser transferidos para outros aeroportos. Outros quatro voos tiveram as decolagens canceladas. Já no Aeroporto Internacional do Rio de Janeiro (Galeão), quatro voos que iriam pousar foram encaminhados para outros aeroportos. Os impactos das ventania levaram a Prefeitura do Rio de Janeiro a decretar Estágio Dois em uma escala de níveis de atenção que vai de um a cinco, o que significa que há riscos de ocorrências de alto impacto na cidade. O Centro de Operações da Prefeitura contabilizava, até as 18h15, a queda de 25 árvores, sendo 21 sobre vias e três sobre fiação. De acordo com o Sistema Alerta Rio, no momento, pequenos núcleos de chuva e nuvens baixas atuam sobre o município. Outros núcleos que atuam na Região Serrana não se deslocam para a cidade do Rio. Há previsão de chuva fraca em pontos isolados para as próximas horas, além de vendos moderados a muito fortes. O prefeito, Eduardo Cavaliere, pediu, pelas redes sociais, que os moradores evitem deslocamentos pela cidade. ""Atenção moradores de todas as regiões do Rio: ventos muito fortes na cidade com previsão de seguir até o início da noite. Na volta pra casa, hoje, evitar áreas abertas e marquises de prédios. Registros de quedas de árvores em todas as regiões da cidade"". A Prefeitura do Rio de Janeiro divulgou orientações de segurança para a população em situações de ventos fortes:"	Agência Brasil	geral	False
