URL	Author	datePublished	claimReviewed	reviewBody	title	ratingValue	bestRating	alternativeName
https://aosfatos.org/noticias/governo-bolsonaro-nao-suspendeu-distribuicao-de-insulina-no-sus/	https:www.aosfatos.org	2019-07-22	Espaço dedicado para os eleitores do Bolsonaro explicarem a retirada da INSULINA do SUS.	Publicações que circulam nas redes sociais veja aqui enganam ao afirmar que o governo encerrou a distribuição de insulina no SUS Sistema nico de Saúde. O que aconteceu, na verdade, foi a suspensão de parcerias com laboratórios públicos que produzem, entre outros medicamentos, dois tipos do hormônio indicado no tratamento de diabetes. O Ministério da Saúde afirma que essa medida não afeta o abastecimento de insulina na rede pública e que o fornecimento está regular em todos os estados.	Governo Bolsonaro não suspendeu distribuição de insulina no SUS | Aos Fatos	1	5	falso
https://aosfatos.org/noticias/nao-e-verdade-que-benedita-da-silva-foi-embaixadora-do-brasil-nos-eua/	https:www.aosfatos.org	2019-07-22	Você sabia que Benedita da Silva já foi embaixadora em News York e nem inglês falava! Elá lembrado do escândalo do aluguel da limusine nos USA por Benedita Percebo que a petralhada tem uma síndrome do esquecimento oportuno! Mas nós estamos ajudando a lembrar!	 falsa a informação de que a deputada federal Benedita da Silva PT-RJ foi embaixadora do Brasil nos EUA, como afirmam publicações nas que circulam nas redes sociais. Além de o cargo não constar em sua biografia, nenhuma mulher ocupou a função desde a redemocratização do Brasil.	Não é verdade que Benedita da Silva foi embaixadora do Brasil nos EUA | Aos Fatos	1	5	falso
https://aosfatos.org/noticias/e-falso-que-reforma-tira-de-pessoas-com-deficiencia-direito-pensao-por-morte/	https:www.aosfatos.org	2019-07-17	As crueldades da Reforma da PrevidênciaPessoas com síndrome de down, autismo, esquizofrenia e transtornos considerados de moderados a médio perdem o direito a pensão após morte de pais ou responsáveis.	Uma publicação que circula nas redes sociais afirma que, com a reforma da Previdência, pessoas com Síndrome de Down, autismo, esquizofrenia e transtornos considerados moderados perderão direito à pensão após a morte de seus responsáveis veja aqui. No entanto, o texto-base aprovado em primeiro turno pela Câmara dos Deputados no dia 10 de julho não traz essa informação.	É falso que reforma tira de pessoas com deficiência direito à pensão por morte | Aos Fatos	1	5	falso
https://aosfatos.org/noticias/e-falso-que-bolsonaro-importara-tecnologia-que-remove-cancer-de-mama-sem-cirurgia/	https:www.aosfatos.org	2019-07-16	Câncer no seio não precisa mais fazer cirurgia. Presidente Bolsonaro vai autorizar a importação dessa tecnologia de Israel. Embora chamado de machista, foi o único presidente que se lembrou em primeiro lugar das mulheres Vamos divulgar!	Não é verdade que o governo Bolsonaro vai autorizar a importação de uma tecnologia israelense que promete extrair tumores sem a remoção da mama. O método existe de fato, mas não foi inventado em Israel nem tem eficácia comprovada na eliminação do câncer de mama. O Ministério da Saúde também negou que estude a adoção deste processo no SUS Sistema nico de Saúde.	É falso que Bolsonaro importará tecnologia que remove câncer de mama sem cirurgia | Aos Fatos	1	5	falso
https://aosfatos.org/noticias/e-falso-que-manifestante-esfaqueou-policial-durante-greve-geral-em-sp/	https:www.aosfatos.org	2019-06-14	Policial é esfaqueada por grevista pró-LulaManifestante esquerdista agride PM feminina com uma facada no pescoçoManifestação em São Paulo, baderneiro ataca policial com uma faca e atinge o pescoço, a policial passa bem. O vagabundo foi abatido.	Não é verdade que um manifestante que participava da greve geral nesta sexta-feira 14 esfaqueou uma policial em São Paulo. O vídeo que embasa as publicações nas redes sociais com esta desinformação veja um exemplo aqui mostra crime ocorrido nesta quarta-feira 12 em Mogi das Cruzes, na Grande SP, sem qualquer relação com os protestos.Na realidade, a polícia foi acionada para conter Marcelo Nogueira, de 48 anos, que estaria atirando pedras contra uma empresa e automóveis em uma via expressa de Mogi, segundo o boletim de ocorrência. Ao tentar imobilizá-lo com disparo de arma de choque, a tenente Beatriz Marandola foi surpreendida por Nogueira, que lhe desferiu uma facada no pescoço. Outros policiais atiraram contra o homem, que morreu no local. A tenente foi socorrida, levada ao hospital e passa bem.	É falso que manifestante esfaqueou policial durante greve geral em SP | Aos Fatos	1	5	falso
https://aosfatos.org/noticias/telegram-nao-disse-que-hackers-alteraram-mensagens-vazadas-da-lava-jato/	https:www.aosfatos.org	2019-06-13	Urgente! A invasão já seria crime, agora o Telegram confirma que o texto divulgado foi manipulado. Atitudes imediatas, tirar o site do ar e prender Glenn Greenwald!	Não é verdade que o aplicativo Telegram confirmou em sua conta no Twitter que hackers alteraram textos das mensagens vazadas do ministro Sergio Moro, do procurador Deltan Dallagnol e de outros integrantes da força-tarefa da Lava Jato, divulgadas nesta semana pelo site The Intercept Brasil. A foto que circula nas redes sociais com o comunicado da empresa é uma montagem veja aqui. Aos Fatos constatou que o tweet não consta no perfil @telegram. Além disso, a mensagem foi escrita em português em um perfil que só posta em inglês. O texto em si também foge ao padrão da comunicação adotada pela empresa. O aplicativo de mensagens já negou, tanto na conta em inglês, quanto na em português, que tenha havido ataque hacker ao aplicativo no caso da Lava Jato e disse ser mais provável que tenha sido malware [um tipo de vírus] ou alguém que não esteja usando uma senha de verificação em duas etapas.	Telegram não disse que hackers alteraram mensagens vazadas da Lava Jato | Aos Fatos	1	5	falso
https://aosfatos.org/noticias/meme-falseia-e-distorce-dados-sobre-tramitacao-de-processo-de-lula-na-justica/	https:www.aosfatos.org	2019-04-23	A justiça brasileira não é lenta.  você que é pobre. O Lula, que é RICO, teve 145 habeas corpus analisados, mobilizando 175 juízes em 44 instâncias [e] pulando na frente de 3.730.138 processos. Enquanto isso você espera 8 anos para a Justiça decidir que o SUS deve lhe dar o remédio que salvará sua vida.	Um meme que circula nas redes sociais traz informações falsas e distorcidas sobre a tramitação do processo do ex-presidente Luiz Inácio Lula da Silva PT na Justiça ao sugerir que ele teve tratamento privilegiado em relação a outros réus.	Meme falseia e distorce dados sobre tramitação de processo de Lula na Justiça | Aos Fatos	1	5	falso
https://aosfatos.org/noticias/lula-nao-vetou-distribuicao-de-vacina-contra-meningite-posts-distorcem-informacoes/	https:www.aosfatos.org	2019-03-07	Lula vetou em 2010 vacina para meningite, doença que matou seu neto de 7 anos.	Por mais que o ex-presidente Lula tenha vetado um projeto que incluiria a vacina da meningite meningocócica C no Calendário Nacional de Vacinação do SUS Sistema nico de Saúde, é errado afirmar que o petista negou sua distribuição. Lula vetou o projeto porque ele previa a inclusão de vacinas que já estavam sendo distribuídas pelo sistema público de saúde.	Lula não vetou distribuição de vacina contra meningite; sites distorcem informações | Aos Fatos	3	5	distorcido
https://aosfatos.org/noticias/lulu-santos-nao-publicou-carta-do-diario-de-s-paulo-boato-de-2013-ressurge-nas-redes/	https:www.aosfatos.org	2019-03-01	S.S.O  TAPA NA CARA DA NAO. ..!!!DESABAFO ... !!!Vejam o que o cantor Lulu Santos escreveu hoje no Jornal Diário de São Paulo.Acordem povo Brasileiro.Estamos sendo ridicularizados no mundo inteiro. Somos todos um bando de bobos, imbecis.Cantor de MPB em Carta publicada no Jornal Diário de São Paulo.Hoje, vendo pessoas morrendo em filas de Hospitais, bandidos matando por R$ 10,00 e pessoas andando feito zumbis nas ruas por causa das drogas, adolescentes que não sabem quanto é 6 x 8, meninas de 14 anos parindo filhos sem pais, toda a classe política desse país esfregando a bandalheira na nossa cara e desfilando uma incompetência absurda, o nosso país sendo ridicularizado por tantos escândalos...Eu peço perdão ao Brasil pela porcaria que fiz...Deveria ter ficado em casa quieto ao invés de ir às ruas. Lutei pra que Pra ver corrupto no poder fazendo manobras pra se manter no poder e por quê agora estamos quietos Cade você nas ruas Esqueçam cor de bandeiras. Vamos nos unir e lutar por um só motivo: nossos direitos.SOMOS mais de trinta milhões de aposentados!Não podemos admitir:Policial R$ 3.660,00 para arriscar a vida;Bombeiro R$ 3.960,00 para salvar vidas;Professor R$ 2.200,00 para preparar para a vida;Médico R$ 9.260,00 para manter a vida;E o Deputado Federal R$ 26.700,00 Salário R$ 94.300,00 Verba de GabineteR$ 53.400,00 Auxílio PaletóR$ 5.000,00 Combustível R$ 22.000,00 Auxílio Moradia R$ 59.000,00 Passagens Aéreas R$ 17.997,00 Auxílio Saúde R$ 12.100,00 Auxílio Educação R$ 16.400,00 Auxílio Restaurante R$ 13.400,00 Auxílio Cultural Auxílio DentistaAuxílio Farmácia E outros, para LASCAR as nossas vidas!E o trabalhador R$ 954,00 para sustentar a família.Será que o problema do Brasil são os trabalhadores Os aposentados Vamos impor a eles que façam uma REFORMA PROFUNDA na política nacional.Publique!!!Se você repassar para somente 2 amigos nas primeiras horas, em 28 horas toda a população brasileira vai tomar conhecimento deste ABSURDO.	Voltou a circular pelas redes sociais um boato clássico sobre um texto supostamente escrito pelo cantor Lulu Santos no jornal Diário de S. Paulo. O desabafo lista problemas no Brasil e chama a atenção dos brasileiros para lutarem por uma reforma profunda na política nacional.	Lulu Santos não publicou carta no Diário de S.Paulo; boato ressurge nas redes | Aos Fatos	1	5	falso
https://aosfatos.org/noticias/e-falso-que-primeira-dama-pediu-ao-governo-envio-de-veterinarios-para-resgatar-animais-em-brumadinho/	https:www.aosfatos.org	2019-01-28	Pedi com os olhos cheios de lágrimas para o Ministro da Agricultura o envio de veterinários para cuidar dos animais que estavam sendo esquecidos, ele disponibilizou cerca de 100 médicos veterinários que já estão em Brumadinho dando auxílio ...	Além de ser uma postagem de um perfil falso de Michelle Bolsonaro, também é falsa a informação de que a primeira-dama pediu ao Ministério da Agricultura o envio de veterinários para cuidar dos animais vítimas do desastre de Brumadinho MG. O Ministério nega que tenha recebido qualquer tipo de pedido semelhante.	É falso que primeira-dama pediu ao governo envio de veterinários para resgatar animais em Brumadinho | Aos Fatos	1	5	falso
https://aosfatos.org/noticias/cortar-acucar-ou-tomar-limao-e-oleo-de-coco-nao-curam-cancer-texto-traz-informacoes-falsas/	https:www.aosfatos.org	2019-01-15	O Dr. Gupta diz que ninguém deve morrer de câncer, exceto sem atenção.	Cortar definitivamente o consumo de açúcar, beber limão com água quente e ingerir óleo de côco não curam o câncer. As informações falsas estão em uma corrente atribuída ao Dr. Gupta que está se espalhando pelas redes sociais.	Cortar açúcar ou tomar limão e óleo de coco não curam câncer; texto traz informações falsas | Aos Fatos	1	5	falso
https://aosfatos.org/noticias/cinco-dos-20-ministros-anunciados-por-bolsonaro-sao-reus-ou-investigados-nao-mais-da-metade/	https:www.aosfatos.org	2018-12-05	Governo ficha-suja: mais da metade dos ministros [de Bolsonaro] tem problema com a Justiça.	Na verdade, três futuros ministros Onyx Lorenzoni Casa Civil, Paulo Guedes Economia e Luiz Mandetta Saúde são investigados pelo Ministério Público e dois, Tereza Cristina Agricultura e Marcelo lvaro Antônio Turismo respondem a ações na Justiça. Outros dois nomeados, Augusto Heleno Gabinete de Segurança Institucional e Marcos Pontes Ciência e Tecnologia, foram alvo de inquéritos no passado, mas atualmente não são investigados.	Cinco dos 20 ministros anunciados por Bolsonaro são réus ou investigados, não 'mais da metade' | Aos Fatos	3	5	distorcido
https://aosfatos.org/noticias/pf-nao-interceptou-remessa-de-dolares-de-cuba-ao-pt-em-caixas-de-medicamento/	https:www.aosfatos.org	2018-11-30	Polícia federal.Porto de Santos. 60 baús de medicamentos cheios de bilhões de dolares.Nosso dinheiro do mais médicos que vai para Cuba e agora volta para financiar guerrilha armada do PT. Mais de vinte petistas preso em flagrante. Repassem. Repassem para o Brasil Inteiro saber o que eles fizeram com o nosso Brasil, e o destino da maldade que seria usado esse dinheiro! Disfarçados de etiquetas de medicamentos. Cheios de Dólares para espanto dos policiais.	As mesmas caixas que aparecem no vídeo também constam em fotos de um relatório encaminhado por especialistas ao Conselho de Segurança da ONU em 2017, que trata, entre outros assuntos, de milhões de dólares em espécie que desapareceram da Líbia após a queda de Kadafi, em 2011. Placas afixadas na tampa das caixas trazem inscrições em árabe e a data 15072011, o que também demonstra não haver vínculos com PT e Cuba.	PF não interceptou remessa de dólares de Cuba ao PT em caixas de medicamento | Aos Fatos	1	5	falso
https://aosfatos.org/noticias/bolsonaro-nao-disse-que-pacientes-com-cancer-custam-muito-caro-e-que-vai-cortar-tratamento/	https:www.aosfatos.org	2018-11-22			Bolsonaro não disse que paciente com câncer 'custa muito caro' e que vai cortar tratamento | Aos Fatos	1	5	falso
https://aosfatos.org/noticias/cubanos-nao-tem-privilegio-no-edital-do-mais-medicos-texto-no-whatsapp-e-enganoso/	https:www.aosfatos.org	2018-11-21	O programa Mais Médicos, além de privilegiar os cubanos, dificulta o ingresso de médicos brasileiros, vocês sabiam	Não é verdade que o governo federal realiza apenas uma chamada do programa Mais Médicos para profissionais brasileiros, nem que a maioria das vagas são preenchidas por médicos cubanos ou que a formação dos profissionais da ilha caribenha dura apenas quatro anos. Estas e outras informações incorretas, no entanto, estão sendo compartilhadas no WhatsApp como verdadeiras em um texto supostamente escrito por uma médica.	Cubanos não têm privilégio no edital do Mais Médicos; texto no WhatsApp é enganoso | Aos Fatos	1	5	falso
https://aosfatos.org/noticias/escolas-de-medicina-de-cuba-formam-mais-de-3600-medicos-por-ano-e-nao-300-como-diz-meme/	https:www.aosfatos.org	2018-11-21	Raciocinem! Existem apenas duas Universidades de Medicina em Cuba. La Habana: forma em média 200 médicos por ano; Elam - Escuela Latinoamericana de Medicina: forma em média 100 alunos por ano.	Uma imagem que circula nas redes sociais engana ao afirmar que Cuba tem apenas duas escolas de medicina, que, juntas, formam 300 médicos por ano. Na verdade, a ilha caribenha tem 12 universidades da área e, somente das duas citadas na montagem  Universidade de Ciências Médicas de Havana e Escola Latinoamericana de Medicina , saem mais de 3.500 novos profissionais por ano, em média.	Escolas de medicina de Cuba formam mais de 3.600 médicos por ano, e não 300, como diz meme | Aos Fatos	1	5	falso
https://aosfatos.org/noticias/video-de-medica-reune-diversas-informacoes-falsas-sobre-mais-medicos/	https:www.aosfatos.org	2018-11-19	Vídeo em que médica diz que os médicos cubanos são proibidos de trazer familiares ao Brasil; que o governo não dá nenhum incentivo para médicos brasileiros trabalharem nas áreas do programa e que os médicos cubanos do programa realizam tratamentos defasados.	Não é verdade que os médicos cubanos não podem trazer familiares ao Brasil, que esses profissionais usam remédios que já não são mais indicados eque o Mais Médicos não oferece oportunidades para os brasileiros. Estas e outras informações falsas ou insustentáveis, veiculadas em vídeo gravado por uma médica de Roraima, estão circulando desde a divulgação da decisão de Cuba em sair do programa.	Vídeo viral de médica reúne várias informações falsas sobre Mais Médicos | Aos Fatos	1	5	falso
https://aosfatos.org/noticias/dipirona-nao-e-importada-da-venezuela-nem-esta-infectada-por-virus-mortal/	https:www.aosfatos.org	2018-11-07	Notícia importante. Vírus encontrado em medicamento importado da Venezuela [...] Não tomem o novo Dipirona que vem escrito S500. [...] Os médicos comprovam que contém vírus Marburg, considerados um dos vírus mais perigosos do mundo e com alta taxa de mortalidade.	Não é verdade que uma nova dipirona importada da Venezuela estaria contaminada com o vírus Marburg, como alardeia um áudio que se espalhou pelo WhatsApp nos últimos dias. A mensagem traz ainda uma foto de embalagem e frasco do medicamento Dipimed. O remédio, porém, é produzido no Brasil há mais de 30 anos e tampouco contém vírus, como já desmentiram a Anvisa Agência Nacional de Vigilância Sanitária e o laboratório responsável. Além disso, o Marburg é um vírus encontrado no sul da frica, e não há registro da sua presença na Venezuela.	Dipirona não é importada da Venezuela nem está infectada por vírus mortal | Aos Fatos	1	5	falso
https://aosfatos.org/noticias/padre-fabio-de-melo-nao-publicou-mensagem-com-comentarios-contra-lgbts-e-favor-de-bolsonaro/	https:www.aosfatos.org	2018-10-06	Vivemos numa época onde querem que os padres se casem e que os casados se divorciem. Querem que os héteros tenham relacionamentos líquidos sem compromisso, mas que os gays se casem na Igreja...	Não é de autoria do padre Fábio de Melo um texto que circula nas redes sociais com críticas à comunidade LGBT, classificada na mensagem como doença mental, esquizofrenia social. O texto, na verdade, é reciclagem de um boato do ano passado. A postagem de agora foi editada com pequenas mensagens, como Resumiu tudo!, Não ao PT, #familiasim e #elesim17, sugerindo que a doença mental e a esquizofrenia social seriam de um partido.	Padre Fábio de Melo não publicou mensagem com comentários contra LGBTs e a favor de Bolsonaro | Aos Fatos	1	5	falso
https://aosfatos.org/noticias/audio-de-de-bolsonaro-em-conversa-exaltada-no-hospital-e-falso/	https:www.aosfatos.org	2018-09-21	udio gravado por enfermeira mostra Bolsonaro surtando após divulgação de pesquisa Ibope	 falso um áudio que tem circulado nas redes sociais cuja voz é atribuída aJair Bolsonaroe que teria sido gravado por uma enfermeira do hospital Albert Einstein, em São Paulo, onde o presidenciável do PSL segue internado. A veracidade do conteúdo foi desmentida pela assessoria do hospital nesta sexta-feira 21 e pelos filhos do candidato, Carlos e Flávio Bolsonaro, em publicações no Twitter.	Áudio de Bolsonaro em conversa exaltada no hospital é falso | Aos Fatos	1	5	falso
https://aosfatos.org/noticias/video-mostra-torcedores-vendo-jogo-da-copa-e-nao-ato-pela-saude-de-bolsonaro/	https:www.aosfatos.org	2018-09-17	Ato em campinas em prol da saúde do PRESIDENTE JAIR MESSIAS BOLSONARO.	Com quase 230 mil compartilhamentos, uma publicação feita no Facebook na última sexta-feira 14 engana ao dizer que se trata de um ato pela saúde do presidenciável do PSL, Jair Bolsonaro. Na verdade, o vídeo mostra milhares de torcedores reunidos em uma praça de Campinas SP para assistir ao jogo Brasil x Sérvia na Copa do Mundo deste ano.	Vídeo mostra torcedores vendo jogo da Copa, e não ato pela saúde de Bolsonaro | Aos Fatos	1	5	falso
https://aosfatos.org/noticias/jair-bolsonaro-nao-entrou-andando-no-hospital-apos-ser-atacado/	https:www.aosfatos.org	2018-09-06	Foto mostra o candidato que sofreu uma tentativa de homicídio entrando a pé no hospital.	Isso é FALSO, já que essa foto não retrata o real momento em que Bolsonaro deu entrada no hospital após o atentado. No registro, pessoas estão vestidas com uniformes de centro cirúrgico, mas a imagem se refere a um evento anterior ao atentado, realizado na entre o fim da manhã e o início da tarde na Associação Feminina de Prevenção e Combate ao Câncer de Juiz de Fora Ascomcer.	Jair Bolsonaro não entrou andando no hospital após ser atacado | Aos Fatos	1	5	falso
https://aosfatos.org/noticias/virus-zika-nao-foi-criado-pelos-rockefeller-nao-tem-patente-e-nao-gera-lucro-com-vacinas/	https:www.aosfatos.org	2018-07-26	O zika vírus foi criado e patenteado pela família Rockefeller e seu objetivo é matar milhões de pessoas, além de lucrar com a venda de vacinas.	O vírus Zika não foi patenteado, muito menos criado pela família Rockefeller, mas apenas descoberto em um centro de pesquisa financiado pela Rockefeller Foundation. Além disso, eles não lucram com a venda de vacinas, já que ela nem existe ainda e o vírus zika não mata milhões de pessoas; na verdade, as mortes registradas são de bebês e crianças por causa de malformações no Brasil, o Ministério da Saúde suspeita de cerca de mil mortes de 2015 até agora. Portanto, o conteúdo do site Sempre Questione é FALSO.	Vírus zika não foi criado pelos Rockefeller, não tem patente e não gera lucro com vacinas | Aos Fatos	4	5	exagerado
https://aosfatos.org/noticias/ciro-gomes-nao-garantiu-que-vai-diminuir-salarios-de-medicos-site-distorce-informacoes/	https:www.aosfatos.org	2018-06-06	Ciro Gomes garante que vai diminuir salários de médicos, caso chegue ao Planalto.	Não é verdade que Ciro Gomes garante que vai diminuir salários de médicos, caso chegue ao Planalto.A postagem sustenta a afirmação com base em um vídeo com trecho de uma entrevista concedida por Ciro Gomes a estudantes na Argentina, em junho de 2016. Nela, Ciro, atual pré-candidato do PDT à Presidência da República, tece críticas ao nível da remuneração dos médicos no interior do Brasil, classificado por ele como fora da realidade, e sugere genericamente que pondere o orçamento discriminado de recursos humanos. Em nenhum momento, porém, ele garante que, se eleito presidente, reduzirá salários dos médicos.	Ciro Gomes não garantiu que vai diminuir salários de médicos; site distorce informações | Aos Fatos	1	5	falso
https://aosfatos.org/noticias/juiz-sergio-moro-nao-esta-com-doenca-grave-noticia-e-falsa/	https:www.aosfatos.org	2018-06-04	Sérgio Moro descobre doença grave e triste notícia abala o Brasil!	Não é verdade que o juiz Sérgio Moro descobriu uma doença grave e que está muito ruim, como afirmam postagens publicadas pelo site Saúde, Vida e Família entre este domingo 3 e segunda-feira 4. A Justiça Federal do Paraná negou, em nota, as informações contidas nos posts, que usam trechos de notícia antiga sobre o estado de saúde do ex-presidente Lula, e não de Moro.	Juiz Sérgio Moro não está com doença grave; notícia é falsa | Aos Fatos	1	5	falso
https://apublica.org/2018/10/truco-verdades-e-mentiras-misturam-se-em-corrente-contra-haddad/	https:apublica.org	2018-10-18	'Haddad deixou 340 mil pessoas sem atendimento médico em São Paulo.'	Corrente que circula no WhatsApp diz que Haddad deixou 340 mil pessoas sem atendimento médico em São Paulo.	Verdades e mentiras misturam-se em corrente contra Haddad - Agência Pública	1	8	Falso
https://apublica.org/2018/10/truco-checamos-os-economistas-dos-5-principais-candidatos/	https:apublica.org	2018-10-04	'[O Brasil] gasta ... 5% [do PIB] em saúde, mais que alguns países desenvolvidos.'	Paulo Guedes, economista da campanha de Jair Bolsonaro PSL, disse, em entrevista ao El País, que o Brasil gasta 5% do PIB em saúde, mais que alguns países desenvolvidos.	Checamos os economistas dos 5 principais candidatos - Agência Pública	4	8	Exagerado
https://apublica.org/2018/09/truco-marina-silva-usa-dado-inexistente-sobre-leitos-ociosos-no-sus/	https:apublica.org	2018-09-20	Hoje, 50% dos leitos ociosos no SUS.	Marina Silva REDE, em entrevista ao G1 e CBN, afirmou que hoje, por exemplo, há 50% dos leitos ociosos no SUS.	Marina Silva usa dado inexistente sobre leitos ociosos no SUS - Agência Pública	2	8	Impossível provar
https://apublica.org/2018/09/truco-checamos-os-5-principais-candidatos-a-vice-presidente/	https:apublica.org	2018-09-14	O Brasil gasta R$ 3 por pessoa por dia para fazer desde vacina até transplante no SUS.	Eduardo Jorge PV, candidato a vice-presidente na chapa de Marina Silva REDE, em entrevista ao programa Hora do Voto, disse que o Brasil gasta R$ 3 por pessoa por dia para fazer desde vacina até transplante no SUS.	Checamos os 5 principais candidatos a vice-presidente - Agência Pública	8	8	Verdadeiro
https://apublica.org/2018/08/truco-presidenciaveis-erram-ou-omitem-contexto-sobre-meio-ambiente/	https:apublica.org	2018-08-17	O governo Temer aumenta os impactos nocivos à saúde e ao meio ambiente autorizando o uso de agrotóxicos no Brasil, sem avaliação prévia dos órgãos de saúde.	Luiz Inácio Lula da Silva PT disse que o governo Temer aumenta os impactos nocivos à saúde e ao meio ambiente autorizando o uso de agrotóxicos no Brasil, sem avaliação prévia dos órgãos de saúde.	Presidenciáveis erram ou omitem contexto sobre meio ambiente - Agência Pública	7	8	Sem contexto
https://apublica.org/2018/08/truco-erros-e-acertos-dos-candidatos-em-5-frases-sobre-saude/	https:apublica.org	2018-08-15	170 milhões de brasileiros só têm o SUS como porta de acesso à saúde.	Ciro Gomes PDT, em entrevista na Rádio Bandeirantes, afirmou que 170 milhões de brasileiros só têm o SUS como porta de acesso à saúde.	Erros e acertos dos candidatos em 5 frases sobre saúde - Agência Pública	4	8	Exagerado
https://apublica.org/2018/08/truco-erros-e-acertos-dos-candidatos-em-5-frases-sobre-saude/	https:apublica.org	2018-08-15	'Hoje, em 10% dos 5.570 municípios, o câncer é a principal causa de morte.'	Geraldo Alckmin PSDB, em entrevista para o portal Metrópoles, afirmou que, hoje, em 10% dos 5.570 municípios, o câncer é a principal causa de morte.	Erros e acertos dos candidatos em 5 frases sobre saúde - Agência Pública	8	8	Verdadeiro
https://apublica.org/2018/08/truco-erros-e-acertos-dos-candidatos-em-5-frases-sobre-saude/	https:apublica.org	2018-08-15	A saúde drena a maior quantidade de recursos das prefeituras.	Em evento promovido pela Frente Nacional de Prefeitos FNP, Marina Silva REDE, afirmou que a saúde drena a maior quantidade de recursos das prefeituras.	Erros e acertos dos candidatos em 5 frases sobre saúde - Agência Pública	1	8	Falso
https://apublica.org/2018/08/truco-erros-e-acertos-dos-candidatos-em-5-frases-sobre-saude/	https:apublica.org	2018-08-15	'Em 2007, o Congresso Nacional, contra a minha vontade e decisão, extinguiu a CPMF e na prática impediu a sua aplicação integral na saúde como eu propus.'	Luiz Inácio Lula da Silva PT, em carta enviada ao Congresso Brasileiro de Saúde Coletiva, disse que, em 2007, o Congresso Nacional, contra a sua vontade e decisão, extinguiu a CPMF e na prática impediu a sua aplicação integral na saúde como propôs.	Erros e acertos dos candidatos em 5 frases sobre saúde - Agência Pública	8	8	Verdadeiro
https://apublica.org/2018/08/truco-erros-e-acertos-dos-candidatos-em-5-frases-sobre-saude/	https:apublica.org	2018-08-15	'Ninguém tem qualquer comprovação de que os 12 mil médicos do programa Mais Médicos têm qualquer conhecimento de medicina.	Jair Bolsonaro PSL, no programa Mariana Godoy Entrevista, da RedeTV!, disse que ninguém tem qualquer comprovação de que os 12 mil médicos do programa Mais Médicos têm qualquer conhecimento de medicina.	Erros e acertos dos candidatos em 5 frases sobre saúde - Agência Pública		8	
https://apublica.org/2018/07/truco-ciro-gomes-exagera-dados-sobre-trabalho-impostos-e-seguranca/	https:apublica.org	2018-07-27	O Ceará tem a quarta melhor rede de saúde do país.	O candidato à Presidência Ciro Gomes PDT afirmou que o Ceará tem a quarta melhor rede de saúde do país.	Ciro Gomes exagera dados sobre trabalho, impostos e segurança - Agência Pública	7	8	Sem contexto
https://apublica.org/2018/07/truco-levy-fidelix-exagera-impostos-em-medicamentos/	https:apublica.org	2018-07-18	Nos remédios se pagam impostos que vão de 40% a 60%.	O pré-candidato à Presidência Levy Fidelix disse que nos remédios se pagam impostos que vão de 40% a 60%.	Levy Fidelix exagera impostos em medicamentos - Agência Pública	4	8	Exagerado
https://apublica.org/2018/07/truco-levy-fidelix-exagera-impostos-em-medicamentos/	https:apublica.org	2018-07-18	Hoje 2% da população possuem 70% da renda nacional.	O pré-candidato à Presidência Levy Fidelix disse que hoje 2% da população possuem 70% da renda nacional.	Levy Fidelix exagera impostos em medicamentos - Agência Pública	4	8	Exagerado
https://apublica.org/2018/07/truco-levy-fidelix-exagera-impostos-em-medicamentos/	https:apublica.org	2018-07-18	A dívida hoje do Brasil está por volta de R$ 5 trilhões.	O pré-candidato à Presidência Levy Fidelix afirmou que a dívida hoje do Brasil está por volta de R$ 5 trilhões.	Levy Fidelix exagera impostos em medicamentos - Agência Pública	8	8	Verdadeiro
https://apublica.org/2018/05/truco-bolsonaro-dispara-dados-falsos-sobre-economia-saude-e-educacao/	https:apublica.org	2018-05-18	A questão [de saúde] bucal é responsável por 30% dos prematuros.	Em entrevista à rádio Super Notícia, o presidenciável Jair Bolsonaro PSL disse que a questão de saúde bucal é responsável por 30% dos prematuros.	Bolsonaro dispara dados falsos de economia, saúde e educação - Agência Pública	1	8	Falso
https://apublica.org/2018/02/truco-correntes-de-whatsapp-espalham-informacoes-falsas-sobre-febre-amarela/	https:apublica.org	2018-02-06	'O própolis entra na corrente sanguínea, o cheiro é exalado e os mosquitos não picam.'	Corrente de WhatsApp sobre a febre amarela diz que o própolis entra na corrente sanguínea, o cheiro é exalado e os mosquitos não picam. 	Correntes de WhatsApp espalham informações falsas sobre febre amarela - Agência Pública	1	8	Falso
https://apublica.org/2018/02/truco-correntes-de-whatsapp-espalham-informacoes-falsas-sobre-febre-amarela/	https:apublica.org	2018-02-06	'A forma grave da febre amarela é raríssima.'	Corrente de WhatsApp sobre a febre amarela diz que a forma grave da doença é raríssima.	Correntes de WhatsApp espalham informações falsas sobre febre amarela - Agência Pública	4	8	Exagerado
https://apublica.org/2018/02/truco-correntes-de-whatsapp-espalham-informacoes-falsas-sobre-febre-amarela/	https:apublica.org	2018-02-06	'Grande parcela da população brasileira é imune ao vírus da febre amarela, por já ter contraído a doença anteriormente.'	Corrente de WhatsApp sobre a febre amarela diz que grande parcela da população brasileira é imune ao vírus, por já ter contraído a doença anteriormente.	Correntes de WhatsApp espalham informações falsas sobre febre amarela - Agência Pública	1	8	Falso
https://apublica.org/2018/02/truco-correntes-de-whatsapp-espalham-informacoes-falsas-sobre-febre-amarela/	https:apublica.org	2018-02-06	A bula traz como reações e danos: meningite, síndrome de Guillain-Barré e encefalopatias.'	Corrente de WhatsApp sobre a febre amarela diz que na bula da vacina constam como reações e danos colaterais: meningite, síndrome de Guillain-Barré e encefalopatias.	Correntes de WhatsApp espalham informações falsas sobre febre amarela - Agência Pública	4	8	Exagerado
https://apublica.org/2018/02/truco-correntes-de-whatsapp-espalham-informacoes-falsas-sobre-febre-amarela/	https:apublica.org	2018-02-06	'A vacina da febre amarela contém um porcentual absurdo de mercúrio.'	Corrente de WhatsApp sobre a febre amarela diz que a vacina contém um porcentual absurdo de mercúrio.	Correntes de WhatsApp espalham informações falsas sobre febre amarela - Agência Pública	1	8	Falso
https://apublica.org/2018/02/truco-correntes-de-whatsapp-espalham-informacoes-falsas-sobre-febre-amarela/	https:apublica.org	2018-02-06	'Está havendo uma campanha de vacinação contra a febre amarela porque o governo está com estoque alto e não quer deixar vencer.  preciso garantir o lucro da indústria farmacêutica.'	Corrente de WhatsApp sobre a febre amarela diz que está havendo uma campanha de vacinação porque o governo está com estoque alto e não quer deixar vencer. Além disso, é preciso garantir o lucro da indústria farmacêutica.	Correntes de WhatsApp espalham informações falsas sobre febre amarela - Agência Pública	1	8	Falso
https://apublica.org/2018/01/truco-checamos-quatro-frases-sobre-os-riscos-do-aborto/	https:apublica.org	2018-01-22	Tudo o que se conhece sobre ele [Cytotec] a este respeito é o resultado de uma prática clínica muito informal, irregular e completamente assistemática.  algo muito diferente de um medicamento onde há multidões de professores e cientistas constantemente pesquisando, debatendo e aperfeiçoando o conhecimento sobre a ação e o uso do remédio.	Um site afirma que não há estudos comprovando a eficácia do misoprostol  	Checamos quatro frases sobre os riscos do aborto - Agência Pública	1	8	Falso
https://apublica.org/2018/01/truco-checamos-quatro-frases-sobre-os-riscos-do-aborto/	https:apublica.org	2018-01-22	Em 50% dos casos, sem importar quando o medicamento é tomado, não se consegue abortar.	O site alega que na metade dos casos o misoprostol não funciona como método abortivo	Checamos quatro frases sobre os riscos do aborto - Agência Pública	1	8	Falso
https://apublica.org/2018/01/truco-checamos-quatro-frases-sobre-os-riscos-do-aborto/	https:apublica.org	2018-01-22	Tanto pílulas abortivas, como qualquer outro método, de nenhuma forma pode ser considerado seguro.	Pílulas abortivas não podem ser consideradas um procedimento médico seguro. 	Checamos quatro frases sobre os riscos do aborto - Agência Pública	1	8	Falso
https://apublica.org/2017/10/truco-alimento-para-pobres-elogiado-por-doria-nao-e-completo-em-nutrientes/	https:apublica.org	2017-10-16	'Produtos que iriam para o lixo são transformados em um alimento completo.'	Em evento de lançamento do programa Alimento para Todos, o prefeito de São Paulo, João Doria PSDB, afirmou que o produto chamado de Allimento é completo, por ter proteína, vitamina e sais minerais 	Alimento para pobres elogiado por Doria não é completo em nutrientes - Agência Pública	1	8	Falso
https://apublica.org/2017/10/truco-corrente-falsa-associa-uso-do-plastico-a-52-tipos-de-cancer/	https:apublica.org	2017-10-10	Em contato com o calor, o plástico pode liberar compostos que causam 52 tipos de câncer.	Corrente no WhatsApp afirma que recipientes de plástico liberam substâncias capazes de produzir 52 tipos de câncer.	Corrente falsa associa uso do plástico a 52 tipos de câncer - Agência Pública	1	8	Falso
https://apublica.org/2017/09/truco-4-erros-do-chefe-da-bancada-ruralista/	https:apublica.org	2017-09-15	O orçamento da Secretaria Nacional de Saúde Indígena é de 2 bilhões [de dólares] por ano. Quase a metade desse dinheiro é gerido por ONGs.	Em entrevista à Deutsche Welle, o chefe da bancada ruralista, deputado federal Nilson Leitão PSDB-MT, afirmou que o orçamento da Secretaria Nacional de Saúde Indígena é de 2 bilhões [de dólares] por ano e quase a metade do dinheiro é gerido por ONGs.	4 erros do chefe da bancada ruralista - Agência Pública	4	8	Exagerado
https://apublica.org/2017/06/truco-checamos-o-video-de-doria-sobre-a-cracolandia/	https:apublica.org	2017-06-12	Inicialmente houve sim a necessidade do envolvimento da polícia do estado de São Paulo, a Polícia Civil, numa ação para combater o narcotraficante	. A ideia inicial do projeto Redenção não era envolver a polícia. Isso foi dito tanto pelo secretário de governo, Julio Semeghini, como pelo secretário de Saúde, Wilson Pollara	Checamos o vídeo de Doria sobre a Cracolândia - Agência Pública	3	8	Distorcido
https://apublica.org/2017/03/truco-como-homens-e-mulheres-se-aposentam-em-outros-paises/	https:apublica.org	2017-03-08	Cabe esclarecer que o padrao internacional atual e de igualar ou aproximar bastante o tratamento de genero nos sistemas previdenciarios. A diferenca de 5 anos de idade ou contribuicao, criterio adotado pelo Brasil, coloca o pais entre aqueles que possuem maior diferenca de idade de aposentadoria por genero.	Em mensagem enviada ao Congresso Nacional juntamente com a reforma da Previdência, o ministro da Fazenda, Henrique Meirelles, afirmou que o padrão internacional atual iguala ou aproxima os gêneros na Previdência. Disse ainda que a diferença de cinco anos de idade ou contribuição, adotada no Brasil, coloca o país entre aqueles que possuem maior diferença de idade de aposentadoria por gênero.	Como homens e mulheres se aposentam em outros países - Agência Pública	7	8	Sem contexto
https://apublica.org/2016/11/truco-checamos-4-argumentos-dos-senadores-sobre-a-pec-do-teto-de-gastos-e-contas-publicas/	https:apublica.org	2016-11-09	Esse teto que está sendo estabelecido  o teto de gastos no orçamento  só serve para os gastos primários, ou seja, aquilo que se gasta com saúde, educação, cultura, ciência e tecnologia, segurança, agricultura, pagamento de pessoal, programas sociais. Os gastos financeiros estão fora, estão fora desse limite de gastos.	A senadora Vanessa Grazziotin PCdoB-AM afirmou, em 25 de outubro, que o teto de gastos no orçamento só serve para os gastos primários, ou seja, aquilo que se gasta com saúde, educação, cultura, ciência e tecnologia, segurança, agricultura, pagamento de pessoal, programas sociais. Os gastos financeiros estão fora desse limite de gastos. 	Checamos 4 argumentos dos senadores sobre a PEC dos gastos e contas públicas - Agência Pública	8	8	Verdadeiro
https://apublica.org/2016/08/truco-checamos-se-a-pec-241-reduz-garantias-constitucionais-em-educacao-e-saude/	https:apublica.org	2016-08-12	[A PEC 241] retrocede os direitos constitucionais já garantidos, inclusive referidos às áreas da educação e da saúde que já têm previsão constitucional.	O deputado Aliel Machado Rede-PR afirmou, durante reunião da CCJ, no dia 9 de agosto, que a PEC do teto de gastos  retrocede direitos constitucionais já garantidos, inclusive nas áreas da educação e da saúde.	Checamos se a PEC 241 reduz garantias constitucionais em educação e saúde - Agência Pública	8	8	Verdadeiro
https://apublica.org/2016/06/truco-os-impostos-no-canada-sao-como-no-brasil/	https:apublica.org	2016-06-30	A carga tributária do Canadá é semelhante à brasileira, em torno de 34%, 34,5%. ... No Canadá, não existe miséria, a população é inteiramente assistida, os serviços públicos funcionam, a saúde funciona, a educação é pública e gratuita, a Justiça também é pública.	Em discurso no Senado, no dia 21 de junho, o senador João Capiberibe PSB-AP afirmou que a carga tributária do Canadá é semelhante à brasileira e não existe miséria, a população é inteiramente assistida, os serviços públicos funcionam, a saúde funciona, a educação é pública e gratuita, a Justiça também é pública.	Os impostos no Canadá são como no Brasil - Agência Pública	4	8	Exagerado
https://apublica.org/2016/04/truco-checamos-4-frases-sobre-impeachment-e-planos-de-temer/	https:apublica.org	2016-04-29	'Encontra-se nesta Casa um pedido de impeachment do vice-presidente Michel Temer. Esse pedido não está tendo o mesmo tratamento dado ao pedido de impeachment da presidenta Dilma.	O deputado federal Paulo Pimenta PT-RS afirmou que há um pedido de impeachment do vice-presidente Michel Temer na Câmara, que não está tendo o mesmo tratamento dado ao pedido de impeachment da presidente Dilma Rousseff.	Checamos 4 frases sobre impeachment e planos de Temer - Agência Pública	8	8	Verdadeiro
https://apublica.org/2016/04/truco-checamos-4-frases-sobre-impeachment-e-planos-de-temer/	https:apublica.org	2016-04-29	O presidente Michel [Temer] foi eleito  eleito!  para fazer exatamente o que está fazendo, não chegou lá por acaso. Foi eleito para fazer o quê Estar preparado para substituir a presidente no caso de vacância. Essa vacância poderia acontecer por doença, por falecimento, por renúncia, e está acontecendo por impeachment.  Carlos Marun PMDB-RS	O deputado federal Carlos Marun PMDB-MS afirmou que o presidente Michel [Temer] foi eleito para substituir a presidente no caso de vacância. Essa vacância poderia acontecer por doença, por falecimento, por renúncia, e está acontecendo por impeachment.	Checamos 4 frases sobre impeachment e planos de Temer - Agência Pública	7	8	Sem contexto
https://piaui.folha.uol.com.br/lupa/2019/07/15/verificamos-porco-coracao/	https:piaui.folha.uol.com.brlupa	2019-07-15 19:37:56	Médico extrai vermes do coração de uma pessoa que come carne de porco	Empty	#Verificamos:  falso que comer carne de porco pode causar 'vermes no coração'	4	6	Falso
https://piaui.folha.uol.com.br/lupa/2019/06/18/verificamos-paracetamol-virus-mortal/	https:piaui.folha.uol.com.brlupa	2019-06-18 16:34:39	Cuidado para não tomar o paracetamol que vem escrito p-500. ... Os médicos provam que contêm o vírus Machupo	Empty	#Verificamos:  falso que paracetamol está infectado com vírus mortal	4	6	Falso
https://piaui.folha.uol.com.br/lupa/2019/05/07/verificamos-ovo-pele/	https:piaui.folha.uol.com.brlupa	2019-05-07 20:26:20	Atrase o envelhecimento fazendo ... ácido hialurônico em casa	Empty	#Verificamos: Casca de ovo e água quente não é recomendado como tratamento para pele	4	6	Falso
https://piaui.folha.uol.com.br/lupa/2019/05/02/verificamos-bicarbonato-de-sodio-cura-cancer/	https:piaui.folha.uol.com.brlupa	2019-05-02 19:59:48	'Câncer é um fungo! E bicarbonato de sódio ajuda a curar o câncer, diz Oncologista	Empty	#Verificamos:  falso que bicarbonato de sódio cura câncer	4	6	Falso
https://piaui.folha.uol.com.br/lupa/2019/04/17/verificamos-lista-bolsonaro/	https:piaui.folha.uol.com.brlupa	2019-04-17 07:00:57	Descobriu que os aviões do SUS estavam sendo utilizados para o transporte de drogas	Empty	#Verificamos: Publicação lista 31 ações de Bolsonaro em três meses, mas só sete são verdadeiras	4	6	De olho
https://piaui.folha.uol.com.br/lupa/2019/03/28/verificamos-labio-leporino/	https:piaui.folha.uol.com.brlupa	2019-03-28 18:28:12	Caso conheçam alguém com Lábio Leporino eou Fenda Palatina, informa-se que existem 12 médicos americanos dispostos a operar no hospital militar, mas só existem 71 pacientes e são necessários 135 pacientes para operar na próxima semana	Empty	#Verificamos:  falso que médicos americanos buscam pacientes com lábio leporino para operar no Hospital Militar	4	6	Falso
https://piaui.folha.uol.com.br/lupa/2019/02/18/verificamos-bula-autismo/	https:piaui.folha.uol.com.brlupa	2019-02-18 18:45:31	Não adianta brigar comigo: vacinas causam autismo. Tá na bula	Empty	#Verificamos:  falso que bula confirme relação de vacina com autismo	4	6	Falso
https://piaui.folha.uol.com.br/lupa/2019/02/08/verificamos-bolsonaro-colostomia/	https:piaui.folha.uol.com.brlupa	2019-02-08 17:44:14	Vídeo com Bolsonaro durante a campanha, e antes da facada, tem áudio falando do câncer e bolsa de colostomia já do lado esquerdo	Empty	 falso que vídeo mostrando recuperação de Bolsonaro foi filmado antes do atentado	4	6	Falso
https://piaui.folha.uol.com.br/lupa/2019/01/18/verificamos-agua-coco-cancer/	https:piaui.folha.uol.com.brlupa	2019-01-18 16:50:07	A água quente de coco pode poupar uma vida!	Empty	#Verificamos:  falso que água de coco quente cura todos os tipos de câncer	4	6	Falso
https://piaui.folha.uol.com.br/lupa/2019/01/14/verificamos-acucar-cancer/	https:piaui.folha.uol.com.brlupa	2019-01-14 20:43:03	O primeiro passo é parar todo o consumo de açúcar, sem açúcar em seu corpo, as células cancerígenas morrem naturalmente	Empty	Açúcar não causa câncer; limão e óleo de coco não substituem químio	4	6	Falso
https://piaui.folha.uol.com.br/lupa/2019/01/14/verificamos-acucar-cancer/	https:piaui.folha.uol.com.brlupa	2019-01-14 20:43:03	O segundo passo é misturar a fruta do limão com uma xícara de água quente e beber durante 1 a 3 meses. ... De acordo com uma pesquisa da escola de medicina de Maryland, é 1000 vezes melhor que a quimioterapia..	Empty	Açúcar não causa câncer; limão e óleo de coco não substituem químio	4	6	Falso
https://piaui.folha.uol.com.br/lupa/2019/01/14/verificamos-acucar-cancer/	https:piaui.folha.uol.com.brlupa	2019-01-14 20:43:03	O terceiro passo é beber 3 colheres de óleo de coco orgânico, de manhã e à noite, e o câncer desaparecerá	Empty	Açúcar não causa câncer; limão e óleo de coco não substituem químio	4	6	Falso
https://piaui.folha.uol.com.br/lupa/2018/11/20/verificamos-cuba-medicina/	https:piaui.folha.uol.com.brlupa	2018-11-20 18:40:51	[Cuba] forma 300 médicos por ano	Empty	#Verificamos: Cuba não tem apenas dois cursos de Medicina	4	6	Falso
https://piaui.folha.uol.com.br/lupa/2018/11/19/verificamos-bolsonaro-emenda-medicos/	https:piaui.folha.uol.com.brlupa	2018-11-19 19:21:45	Os dependentes legais do médico intercambista estrangeiro não poderão exercer atividades remuneradas, com emissão de Carteira de Trabalho e Previdência Social pelo Ministério do Trabalho e Emprego	Empty	#Verificamos:  verdade que Bolsonaro quis impedir familiares de médicos estrangeiros de trabalhar no Brasil	4	6	Verdadeiro
https://piaui.folha.uol.com.br/lupa/2018/11/07/verificamos-dipirona-venezuela-2/	https:piaui.folha.uol.com.brlupa	2018-11-07 18:54:28	O medicamento exposto abaixo, Dipirona S-500, importado da Venezuela, contém um vírus perigosíssimo, não tomem... !	Empty	Notícia falsa sobre dipirona da Venezuela com vírus perigosíssimo volta a circular	4	6	Falso
https://piaui.folha.uol.com.br/lupa/2018/09/16/verificamos-ato-saude-bolsonaro/	https:piaui.folha.uol.com.brlupa	2018-09-16 22:00:37	Ato em Campinas em prol da saúde do presidente Jair Messias Bolsonaro vídeo	Empty	#Verificamos: Vídeo não mostra ato em Campinas em prol da saúde de Bolsonaro	4	6	Falso
https://piaui.folha.uol.com.br/lupa/2018/08/27/verificamos-roraima/	https:piaui.folha.uol.com.brlupa	2018-08-27 15:00:38	40% dos partos na maternidade [Hospital Materno Infantil Nossa Senhora de Nazaré] são de bebês filhos de imigrantes	Empty	#Verificamos: textos e imagens sobre a crise migratória em Roraima misturam dados certos e errados	4	6	Falso
https://piaui.folha.uol.com.br/lupa/2018/08/27/verificamos-roraima/	https:piaui.folha.uol.com.brlupa	2018-08-27 15:00:38	Venezuelanos agrediram as únicas médicas plantonistas da única maternidade de Boa Vista, fazendo assim com que elas saíssem assustadas para fazer boletim de ocorrência e resultando em bebês mortos nos ventres de suas mães	Empty	#Verificamos: textos e imagens sobre a crise migratória em Roraima misturam dados certos e errados	4	6	Exagerado
https://piaui.folha.uol.com.br/lupa/2018/08/27/verificamos-roraima/	https:piaui.folha.uol.com.brlupa	2018-08-27 15:00:38	[Uma] Meningite bacteriana que isolou áreas inteiras [do Hospital Geral de Roraima]	Empty	#Verificamos: textos e imagens sobre a crise migratória em Roraima misturam dados certos e errados	4	6	Falso
https://piaui.folha.uol.com.br/lupa/2018/07/11/verificamos-deixar-vacinar/	https:piaui.folha.uol.com.brlupa	2018-07-11 17:55:26	Vacinar crianças é obrigatório, e pais que descumprem podem até perder guarda	Empty	#Verificamos: deixar de vacinar crianças é ilegal no Brasil	4	6	Verdadeiro
https://piaui.folha.uol.com.br/lupa/2018/06/28/verificamos-dipirona-venezuela/	https:piaui.folha.uol.com.brlupa	2018-06-28 16:41:23	Novo dipirona importado da Venezuela para o Brasil contém vírus	Empty	#Verificamos: Dipirona importada da Venezuela não contém vírus	4	6	Falso
https://piaui.folha.uol.com.br/lupa/2018/06/08/verificamos-cura-cancer/	https:piaui.folha.uol.com.brlupa	2018-06-08 17:02:55	Frade famoso divulga a cura do câncer	Empty	#Verificamos: Frade famoso não divulga a cura do câncer	4	6	Falso
https://piaui.folha.uol.com.br/lupa/2018/06/04/verificamos-moro/	https:piaui.folha.uol.com.brlupa	2018-06-04 20:24:33	Sérgio Moro está muito ruim, problema é grave! afirmam médicos	Empty	#Verificamos: Juiz Sérgio Moro não está muito ruim de saúde	4	6	Falso
https://piaui.folha.uol.com.br/lupa/2018/06/04/verificamos-moro/	https:piaui.folha.uol.com.brlupa	2018-06-04 20:24:33	Sérgio Moro descobre doença grave e triste notícia abala o Brasil	Empty	#Verificamos: Juiz Sérgio Moro não está muito ruim de saúde	4	6	Falso
https://piaui.folha.uol.com.br/lupa/2018/05/30/verificamos-surto-conjuntivite-3/	https:piaui.folha.uol.com.brlupa	2018-05-30 20:06:16	Médico do SUS faz alerta de surto absurdo de conjuntivite viral nível 3	Empty	#Verificamos: Médico do SUS não faz alerta de surto absurdo de conjuntivite viral nível 3	4	6	Falso
https://piaui.folha.uol.com.br/lupa/2018/05/24/verificamos-temer-farmacia/	https:piaui.folha.uol.com.brlupa	2018-05-24 17:00:25	Temer oficializa fim do projeto Farmácia Popular	Empty	#Verificamos: Temer não oficializa fim do projeto Farmácia Popular	4	6	Falso
https://piaui.folha.uol.com.br/lupa/2018/05/15/verificamos-surto-gripe-vacina/	https:piaui.folha.uol.com.brlupa	2018-05-15 13:00:20	Direção do Hospital das Clínicas de São Paulo está preocupada com a nova gripe que vai adoecer muita gente	Empty	#Verificamos: vacina contra gripe não causa 'surto mortal' nos EUA	4	6	Falso
https://piaui.folha.uol.com.br/lupa/2018/05/15/verificamos-surto-gripe-vacina/	https:piaui.folha.uol.com.brlupa	2018-05-15 13:00:20	Médico quebra o silêncio: A vacina contra a gripe é o que está causando um surto mortal de gripe	Empty	#Verificamos: vacina contra gripe não causa 'surto mortal' nos EUA	4	6	Falso
https://www.aosfatos.org/noticias/vacina-dengue-lulinha/	https://www.aosfatos.org/	2026-08-26	Para beneficiar o Lulinha, Lula suspendeu a aplicação de vacinas	A paralisação ocorreu por causa de uma investigação de reações adversas e afetou justamente o imunizante que é apontado como do Lulinha pelas publicações	Governo não suspendeu vacina da dengue para favorecer Lulinha | Aos Fatos	1	6	falso
https://www.aosfatos.org/noticias/ivermectina-eficacia-covid-19/	https://www.aosfatos.org/	2026-08-07	Ivermectina é eficaz contra a Covid-19	Dado veio de plataforma que não utiliza o método científico adequado	Não há evidências de que ivermectina tenha 70% de eficácia contra a Covid-19 | Aos Fatos	1	6	falso
https://www.aosfatos.org/noticias/bolsonaro-acusacoes-cpi-covid-19/	https://www.aosfatos.org/	2026-08-06	Bolsonaro é inocentado sobre a CPI da Covid	Ex-presidente ainda é investigado por crimes na pandemia em inquérito  no STF que tramita em sigilo	Bolsonaro não foi inocentado de acusações da CPI da Covid-19 | Aos Fatos	1	6	falso
https://www.aosfatos.org/noticias/lula-acesso-saude/	https://www.aosfatos.org/	2026-07-21	Lula diz que saúde é para quem pode pagar, quem não pode que morra no esquecimento	Publicações recortam o início e o final da fala, que mostram que petista estava se referindo a outras pessoas	Posts tiram de contexto fala de Lula sobre acesso à saúde | Aos Fatos	1	6	falso
https://www.aosfatos.org/noticias/fda-arroz-cancer/	https://www.aosfatos.org/	2026-05-20	FDA confirmou que arroz aumentará casos de câncer terminal até 2028	Relatório não existe e especialistas afirmam que alegação não tem embasamento técnico	FDA não alertou que consumo de arroz vai aumentar incidência de câncer | Aos Fatos	1	6	falso
https://www.aosfatos.org/noticias/pfizer-hantavirus-vacina-covid/	https://www.aosfatos.org/	2026-05-13	Hantavírus está na lista de efeitos colaterais da vacina da Covid-19	Termo integra lista de monitoramento usada para acompanhar a segurança do imunizante; vacina não contém hantavírus ou qualquer componente derivado desse agente	Pfizer não cita hantavírus como reação adversa de vacina contra Covid-19 | Aos Fatos	1	6	falso
https://www.aosfatos.org/noticias/ype-recorde-vendas-suspensao-anvisa/	https://www.aosfatos.org/	2026-05-11	Ypê divulgou que houve recorde de vendas após decisão da Anvisa	Empresa nega autoria e documento possui indícios de geração por IA	falso que Ypê anunciou recorde de vendas após suspensão da Anvisa | Aos Fatos	1	6	falso
https://www.aosfatos.org/noticias/video-pacientes-expulsos-hospitais-eua/	https://www.aosfatos.org/	2026-04-15	Pacientes são jogados para fora de hospital no governo Trump	Reportagem foi gravada em 2023, quando Joe Biden ainda era presidente	Vídeo que mostra pacientes sendo expulsos de hospitais nos EUA é de 2023, não atual | Aos Fatos	1	6	falso
https://www.aosfatos.org/noticias/falso-flavio-bolsonaro-disse-privatizar-sus-se-eleito-presidente/	https://www.aosfatos.org/	2026-04-13	Flávio Bolsonaro disse que vai privatizar o SUS, caso seja eleito presidente.	Publicações distorcem proposta divulgada por colunista da CNN Brasil que, em nenhum momento, citou privatização do sistema de saúde.	falso que Flávio Bolsonaro disse que irá privatizar o SUS se for eleito presidente | Aos Fatos	1	6	falso
https://www.aosfatos.org/noticias/golpe-vacina-celular-invadido/	https://www.aosfatos.org/	2026-04-06	Golpistas invadem celular após usuário apertar a tecla 2 durante ligação	Ataque do tipo não é tecnicamente possível sem a instalação prévia de conteúdo malicioso, que pode ocorrer ao clicar em links ou fazer download de arquivos	Não é verdade que golpistas invadem celular de quem informa ter sido vacinado | Aos Fatos	1	6	falso
https://www.estadao.com.br/estadao-verifica/falso-doenca-creutzfeldt-jakob-vacinas-lito-souza/	https://estadao.com.br	2026-08-31	Diagnóstico de Lito Souza com doença Creutzfeldt-Jakob está relacionada a vacinas covid-19	Cuidado com os enganadores: não há relação entre a doença Creutzfeldt-Jakob e vacinas da covid-19	Cuidado com os enganadores: não há relação entre a doença Creutzfeldt-Jakob e vacinas da covid-19	1	5	Falso
https://observador.pt/factchecks/fact-chek-anthony-fauci-pode-ser-condenado-a-cadeira-eletrica-como-se-alega-nas-redes-sociais/	https://observador.pt	2026-08-26	Anthony Fauci poderá ser condenado à cadeira elétrica, por ter enganado a humanidade, obrigando as pessoas a usarem máscaras, ficarem trancadas e tomarem vacinas inúteis, que agora causam doenças.	"Fact Chek. Anthony Fauci pode ser ""condenado à cadeira elétrica"", como se alega nas redes sociais"	"Fact Chek. Anthony Fauci pode ser ""condenado à cadeira elétrica"", como se alega nas redes sociais"		5	Errado
https://noticias.uol.com.br/comprova/ultimas-noticias/2026/08/19/fauci-desinformacao-covid-19-audiencia-eua.ghtm	https://noticias.uol.com.br		Anthony Fauci escondeu informações sobre a origem do vírus, defendia o uso de cloroquina no tratamento e mentiu sobre máscaras, isolamento social e vacinas	Desinformação sobre a covid-19 ressurge após audiência de Fauci nos EUA	Desinformação sobre a covid-19 ressurge após audiência de Fauci nos EUA		5	Enganoso
https://noticias.uol.com.br/confere/ultimas-noticias/2026/08/07/falso-fauci-condenado-cadeira-eletrica-audiencia-senado.ghtm	https://noticias.uol.com.br		Anthony Fauci poderá ser condenado à cadeira elétrica, por ter enganado a humanidade, obrigando pessoas a usarem máscaras, ficarem trancadas e tomarem vacinas inúteis, que agora causam doenças. Covid-19 poderia ter sido tratada com ivermectina, cloroquina e azitromicina, salvando milhões de seres humanos	Anthony Fauci não será condenado à cadeira elétrica após silêncio no Senado	Anthony Fauci não será condenado à cadeira elétrica após silêncio no Senado	1	5	Falso
https://www.estadao.com.br/estadao-verifica/e-falso-que-vacinas-tenham-causado-mais-de-800-mil-mortes-nos-eua/	https://estadao.com.br	2026-07-03	Vacinas contra a covid-19 causaram mais de 800 mil mortes nos EUA	falso que vacinas contra covid-19 tenham causado mais de 800 mil mortes nos EUA	falso que vacinas contra covid-19 tenham causado mais de 800 mil mortes nos EUA	1	5	Falso
https://observador.pt/factchecks/fact-check-diretor-geral-da-oms-admite-que-surto-de-hantavirus-esta-a-ser-usado-para-promover-agenda-massiva-de-vacinacao-para-criancas/	https://observador.pt	2026-06-30	O Diretor da Organização Mundial da Saúde admite que o surto de Hantavírus está agora sendo usado para promover uma agenda massiva de vacinação para crianças.	"Fact Check. Diretor-geral da OMS admite que surto de hantavírus está a ser usado para promover ""agenda massiva"" de vacinação para crianças"	"Fact Check. Diretor-geral da OMS admite que surto de hantavírus está a ser usado para promover ""agenda massiva"" de vacinação para crianças"		5	Errado
https://noticias.uol.com.br/confere/ultimas-noticias/2026/06/25/desinformacao-vacina-dengue-cobaia.ghtm	https://noticias.uol.com.br		Vacina contra dengue não foi testada pela Anvisa e pessoas foram usadas de cobaia pelo governo	Vacina contra a dengue é alvo de desinformação após suspensão do governo	Vacina contra a dengue é alvo de desinformação após suspensão do governo	1	5	Falso
https://checamos.afp.com/doc.afp.com.B7FJ9G3	https://checamos.afp.com	2026-06-17	Lula tomou vacina japonesa contra a dengue e deixou povo com a do Butantan	Vacina japonesa contra a dengue tomada por Lula é oferecida no SUS desde 2024 e é anterior à do Butantan	Vacina japonesa contra a dengue tomada por Lula é oferecida no SUS desde 2024 e é anterior à do Butantan		5	Enganoso
https://www.estadao.com.br/estadao-verifica/vacina-butantan-dengue-experimental-enganoso/	https://estadao.com.br	2026-06-12	Vacina Butantan contra dengue é 'experimental' e fez pessoas de 'cobaias'	Vacina do Butantan contra a dengue não está em fase experimental, diferentemente do que diz vídeo	Vacina do Butantan contra a dengue não está em fase experimental, diferentemente do que diz vídeo		5	Enganoso
https://checamos.afp.com/doc.afp.com.B4MQ7G4	https://checamos.afp.com	2026-06-01	Patente da vacina contra hantavirus é de 2025	A foto viral de uma patente não prova que o surto de hantavírus foi planejado	A foto viral de uma patente não prova que o surto de hantavírus foi planejado		5	Enganoso
https://observador.pt/factchecks/fact-check-vacina-contra-o-hantavirus-ja-existe-e-foi-patenteada-em-2025/	https://observador.pt	2026-05-25	A patente para a produção da vacina de mRNA contra o hantavírus foi obtida em 24 de abril de 2025	Fact Check. Vacina contra o hantavírus já existe e foi patenteada em 2025	Fact Check. Vacina contra o hantavírus já existe e foi patenteada em 2025		5	Errado
https://observador.pt/factchecks/fact-check-pfizer-esta-a-desenvolver-vacina-contra-o-hantavirus/	https://observador.pt	2026-05-20	"""E lá vamos nós...SADE E CINCIA. A Pfizer apresenta resultados promissores de sua nova vacina mRNA contra o Hantavírus"""	Fact Check. Pfizer está a desenvolver vacina contra o hantavírus	Fact Check. Pfizer está a desenvolver vacina contra o hantavírus		5	Errado
https://checamos.afp.com/doc.afp.com.B2V63ZQ	https://checamos.afp.com	2026-05-14	Hantavírus é efeito colateral das vacinas contra covid-19 da Pfizer	Não, o hantavírus não é listado como um efeito colateral da vacina ...	Não, o hantavírus não é listado como um efeito colateral da vacina ...		5	Enganoso
https://www.estadao.com.br/estadao-verifica/vacina-gripe-reduz-expectativa-de-vida-enganoso/	https://estadao.com.br	2026-04-24	Vacina contra a gripe está associada à redução da expectativa de vida e aumenta o risco de contrair a doença	Não há evidências científicas de que vacina contra gripe reduza ...	Não há evidências científicas de que vacina contra gripe reduza ...		5	Enganoso
https://observador.pt/factchecks/fact-check-hantavirus-e-um-dos-efeitos-colaterais-da-vacina-da-pfizer-contra-a-covid-19/	https://observador.pt	2026-05-12	Quando a gente acha que não pode piorar, ficamos sabendo que o Hantavírus é um dos efeitos colaterais na bula da Pfizer	Fact Check. Hantavírus é um dos efeitos colaterais da vacina da ...	Fact Check. Hantavírus é um dos efeitos colaterais da vacina da ...		5	Errado
https://www.estadao.com.br/estadao-verifica/vacina-metais-pesados-aluminio/	https://estadao.com.br	2025-10-20	Médico compartilha mensagem sobre o que ele encontrava em vacinas	falso que vacinas causem acúmulo de metais pesados em crianças	falso que vacinas causem acúmulo de metais pesados em crianças	1	5	Falso
https://www.estadao.com.br/estadao-verifica/vacinas-covid-infarto-avc-jovens-fake-news/	https://estadao.com.br	2025-10-07	Vacinas covid estão relacionadas ao aumento de casos de infarto e AVC entre jovens	Vacinas contra covid não têm relação com aumento de casos de ...	Vacinas contra covid não têm relação com aumento de casos de ...	1	5	Falso
https://www.estadao.com.br/estadao-verifica/fda-admitiu-que-vacinas-contra-covid-de-mrna-causam-coagulos-ate-15-anos-falso/	https://estadao.com.br	2025-07-30	FDA admitiu que vacinas de mRNA podem causar coágulos em até 15 anos	falso que FDA tenha publicado texto associando vacinas de ...	falso que FDA tenha publicado texto associando vacinas de ...	1	5	Falso
https://www.estadao.com.br/estadao-verifica/estudo-ratos-vacina-pfizer-turbo-cancer-enganoso/	https://estadao.com.br	2025-07-30	Estudo mostra crescimento do turbo câncer em ratos que receberam injeções da vacina da Pfizer contra a covid-19	Estudo com camundongos não afirma que vacina da Pfizer causa ...	Estudo com camundongos não afirma que vacina da Pfizer causa ...		5	Enganoso
https://www.estadao.com.br/estadao-verifica/vacina-gripe-aumenta-risco-de-adoecer-enganoso/	https://estadao.com.br	2025-07-28	Estudo revela que vacina de gripe aumenta risco de adoecer	Estudo que afirma que vacina aumenta risco de gripe tem falhas de ...	Estudo que afirma que vacina aumenta risco de gripe tem falhas de ...		5	Enganoso
https://www.estadao.com.br/estadao-verifica/estudo-vacinas-covid-danos-oculares-enganoso/	https://estadao.com.br	2025-07-25	Estudo afirma que vacina contra covid causa danos oculares	Estudo não afirma que vacina contra covid causa danos oculares	Estudo não afirma que vacina contra covid causa danos oculares		5	Enganoso
https://www.estadao.com.br/estadao-verifica/indenizacoes-vacinas-covid-enganoso/	https://estadao.com.br	2025-07-18	Vacinas da covid custam milhões em indenizações por mortes e efeitos colaterais	Número de indenizações por vacinas contra covid é extremamente ...	Número de indenizações por vacinas contra covid é extremamente ...		5	Fora de contexto
https://www.estadao.com.br/estadao-verifica/vacina-gripe-eficacia-muda-ano/	https://estadao.com.br	2025-07-07	A eficácia da vacina da gripe não é garantida	Vacinação contra gripe protege mesmo com variações de eficácia ...	Vacinação contra gripe protege mesmo com variações de eficácia ...		5	Enganoso
https://www.estadao.com.br/estadao-verifica/vacina-gripe-baixa-eficacia-estudos-enganoso/	https://estadao.com.br	2025-06-25	Vacina contra gripe sempre teve baixíssima eficácia: pode levar à resposta imunológica inadequada e aumentar o risco de doença grave em pessoas sem exposição anterior ao vírus. Além disso, adultos saudáveis que recebem o imunizante tem apenas 1% de proteção	Postagem distorce artigos científicos e desinforma sobre vacina ...	Postagem distorce artigos científicos e desinforma sobre vacina ...		5	Enganoso
https://www.estadao.com.br/estadao-verifica/enganoso-grafico-explosao-casos-avc-vacinas-covid/	https://estadao.com.br	2025-06-12	Internações por AVC explodiram após vacinas contra covid	'Explosão' de casos de AVC segue tendência de crescimento ...	'Explosão' de casos de AVC segue tendência de crescimento ...		5	Enganoso
https://www.estadao.com.br/estadao-verifica/vacina-miocardite-vacina-falso/	https://estadao.com.br	2025-06-06	Novo estudo mostrou que as miocardites induzidas pelas vacinas de mRNA são mais graves do que as associadas à covid-19	Miocardite causada pela covid é mais grave e frequente que a da ...	Miocardite causada pela covid é mais grave e frequente que a da ...		5	Enganoso
https://www.estadao.com.br/estadao-verifica/acordo-pandemia-oms-responsabilidade-vacina-falso/	https://estadao.com.br	2025-05-28	Tratado da OMS retira responsabilidade por vacinas	Acordo sobre pandemias da OMS não isenta responsabilidade de fabricantes de vacinas	Acordo sobre pandemias da OMS não isenta responsabilidade de fabricantes de vacinas	1	5	Falso
https://www.estadao.com.br/estadao-verifica/video-engana-estudo-imunizante-combinado-gripe-covid19/	https://estadao.com.br	2025-05-23	Querem empurrar uma vacina de RNA mensageiro conjugada para covid-19 e influenza que imuniza contra uma cepa que não existe mais e causa mais efeitos colaterais que as isoladas.	Vídeo distorce informações de estudo sobre vacina combinada para ...	Vídeo distorce informações de estudo sobre vacina combinada para ...		5	Enganoso
https://www.estadao.com.br/estadao-verifica/estudo-eficacia-vacina-gripe-aumenta-risco-enganoso/	https://estadao.com.br	2025-04-16	Estudo nos Estados Unidos mostra que vacina contra a gripe não protege contra a doença e que vacinados têm 27% mais chance de adoecer	falso que estudo sobre eficácia de vacina da gripe diga que ...	falso que estudo sobre eficácia de vacina da gripe diga que ...		5	Enganoso
https://www.aosfatos.org/noticias/carta-organizacao-negacionista-argumentos-falsos-atacar-vacinas-covid-19/	https://aosfatos.org	2025-04-15	Carta apresenta argumentos contra o uso de vacinas de mRNA	Carta de organização negacionista usa argumentos falsos para ...	Carta de organização negacionista usa argumentos falsos para ...	1	5	falso
https://checamos.afp.com/doc.afp.com.397M6G2	https://checamos.afp.com	2025-04-04	Nenhuma criança saudável morreu de covid-19 no Brasil e vacina não é eficaz	Médico promove alegações falsas sobre morte de crianças e ...	Médico promove alegações falsas sobre morte de crianças e ...	1	5	Falso
https://www.estadao.com.br/estadao-verifica/enganoso-estudo-concluiu-vacinas-covid19-nao-sao-seguras/	https://estadao.com.br	2025-03-21	Maior estudo de segurança das vacinas contra a covid-19, envolvendo 99 milhões de indivíduos, confirmou que as injeções não são seguras para uso humano.	Estudo com 99 milhões de pessoas confirmou segurança de ...	Estudo com 99 milhões de pessoas confirmou segurança de ...		5	Enganoso
https://www.estadao.com.br/estadao-verifica/vacina-contra-hpv-efeitos-colaterais-enganoso/	https://estadao.com.br	2025-02-27	Vacina contra o papilomavírus humano HPV provoca efeitos adversos	Post sobre vacina contra HPV desinforma usando reportagem ...	Post sobre vacina contra HPV desinforma usando reportagem ...		5	Enganoso
https://www.estadao.com.br/estadao-verifica/estudo-retirada-vacina-covid-dados-enviesados/	https://estadao.com.br	2025-02-06	Estudo comprovou excesso de mortalidade, eficácia negativa e contaminação de DNA pela vacina covid-19 e pede sua retirada do mercado	Artigo que exige retirada de vacina contra covid do mercado tem ...	Artigo que exige retirada de vacina contra covid do mercado tem ...		5	Enganoso
https://www.aosfatos.org/noticias/texto-relaciona-vacinas-a-mortes-e-contaminacao-de-dna-ignora-evidencias-e-tem-erros-metodologicos/	https://aosfatos.org	2025-01-30	Estudo científico aponta que vacinas contra a Covid-19 causam excesso de mortalidade e contaminam o DNA	Texto que relaciona vacinas a mortes e contaminação de DNA ...	Texto que relaciona vacinas a mortes e contaminação de DNA ...	1	5	falso
https://observador.pt/factchecks/fact-check-japao-classifica-vacina-covid-como-a-mais-mortal-da-historia-da-humanidade/	https://observador.pt	2025-01-28	O Japão nomeia oficialmente a vacina COVID mRNA como a droga mais mortal da história da humanidade	"Fact Check. Japão classifica vacina Covid como ""a mais mortal da história da humanidade"""	"Fact Check. Japão classifica vacina Covid como ""a mais mortal da história da humanidade"""		5	Errado
https://noticias.uol.com.br/confere/ultimas-noticias/2025/01/22/artigo-que-relaciona-vacina-e-risco-de-morte-e-questionado-por-cientistas.htm	https://noticias.uol.com.br		Fiocruz: após um ano, vacinados contra covid-19 tiveram mais chances de morrer	Artigo que relaciona vacina e risco de morte é questionado por ...	Artigo que relaciona vacina e risco de morte é questionado por ...	3	5	Distorcido
https://www.estadao.com.br/estadao-verifica/fiocruz-estudo-vacinados-morte-covid/	https://estadao.com.br	2025-01-15	Estudo da Fiocruz mostra que vacinados tiveram mais chances de morrer do que não vacinados	Ministério da Saúde, Fiocruz e pesquisadores apontam erros em ...	Ministério da Saúde, Fiocruz e pesquisadores apontam erros em ...		5	Fora de contexto
https://checamos.afp.com/doc.afp.com.36QG74A	https://checamos.afp.com	2024-12-16	"Kelly Powers morreu de ""câncer turbo"" provocado por vacina contra covid-19"	Comentarista Kelly Powers, da Fox News, não morreu de câncer turbo	Comentarista Kelly Powers, da Fox News, não morreu de câncer turbo	1	5	Falso
https://www.estadao.com.br/estadao-verifica/vacina-infantil-covid-mayra-pinheiro-enganoso/	https://estadao.com.br	2024-12-06	Vacina contra a covid-19 é experimento e riscos da vacinação infantil são maiores que os benefícios.	Vacina infantil contra a covid tem mais benefícios do que riscos, ao ...	Vacina infantil contra a covid tem mais benefícios do que riscos, ao ...		5	Enganoso
https://www.estadao.com.br/estadao-verifica/estudo-vacinados-dobro-chances-covid-enganoso/	https://estadao.com.br	2024-08-29	Estudo revela que pessoas vacinadas contra a covid-19 tiveram quase o dobro de chance de contrair a doença em comparação com não vacinados	Vídeo distorce estudo científico e mente sobre eficácia de vacinas ...	Vídeo distorce estudo científico e mente sobre eficácia de vacinas ...		5	Enganoso
https://observador.pt/factchecks/fact-check-vacina-ativa-o-aparecimento-da-mpox/	https://observador.pt	2024-08-27	"""A vacina ativando a doença do macaco."""	"Vacina ""ativa"" aparecimento da Mpox"	"Vacina ""ativa"" aparecimento da Mpox"		5	Errado
https://www.aosfatos.org/noticias/falso-vacina-astrazeneca-covid-causa-mpox/	https://aosfatos.org	2024-08-19	Surto de monkeypox teve origem nas vacinas contra a Covid-19 da AstraZeneca, que usou adenovírus de chimpanzé em sua composição	falso que vacina da AstraZeneca contra Covid causa MPox	falso que vacina da AstraZeneca contra Covid causa MPox	1	5	falso
https://www.estadao.com.br/estadao-verifica/fadiga-cronica-queda-de-cabelo-sequelas-vacina-enganoso/	https://estadao.com.br	2024-06-17	Sintomas como fadiga crônica, névoa cerebral e queda de cabelo são consequências das vacinas contra a covid	Postagem engana ao associar sintomas da covid longa às vacinas	Postagem engana ao associar sintomas da covid longa às vacinas		5	Enganoso
https://observador.pt/factchecks/fact-check-explosao-de-casos-de-cancro-relacionados-com-vacina-contra-a-covid-levam-japao-a-declarar-emergencia-nacional/	https://observador.pt	2024-05-17	O Japão declarou uma emergência nacional devido à explosão de casos de cancro em todo o país causados pelas vacinas de mRNA.	"Fact Check. ""Explosão de casos de cancro"" relacionados com vacina contra a Covid levam Japão a declarar emergência nacional"	"Fact Check. ""Explosão de casos de cancro"" relacionados com vacina contra a Covid levam Japão a declarar emergência nacional"		5	Errado
https://observador.pt/factchecks/fact-check-vacina-da-astrazeneca-contra-a-covid-19-foi-retirada-do-mercado-por-causa-de-reacoes-adversas-graves/	https://observador.pt	2024-05-13	Os burocratas da União Europeia acabam de revogar a autorização da vacina AstraZeneca contra a COVID-19. A revogação acontece após a gigante farmacêutica admitir recentemente que o seu imunizante pode causar reações adversas graves.	Covid-19. Vacina retirada por efeitos adversos	Covid-19. Vacina retirada por efeitos adversos		5	Enganador
https://www.estadao.com.br/estadao-verifica/vacina-hpv-esterilidade-menopausa-falso/	https://estadao.com.br	2024-05-12	Vacina contra o HPV causa esterilidade, insuficiência ovariana e menopausa precoce em meninas, e também está associada à síndrome de Guillain Barré.	falso que vacina contra HPV cause esterilidade e menopausa ...	falso que vacina contra HPV cause esterilidade e menopausa ...	1	5	Falso
https://noticias.uol.com.br/comprova/ultimas-noticias/2024/05/09/postagens-exageram-peso-de-declaracao-da-astrazeneca-em-processo.htm	https://noticias.uol.com.br		Diante Do Tribunal, AstraZeneca Admite Pela Primeira Vez Efeito Colateral Raro Em Sua Vacina Contra Covid-19	Postagens exageram peso de declaração da Astrazeneca em processo	Postagens exageram peso de declaração da Astrazeneca em processo		5	Enganoso
https://projetocomprova.com.br/publica%C3%A7%C3%B5es/artigo-que-exige-retirada-de-vacina-contra-covid-19-do-mercado-tem-erros-e-nao-tem-relevancia-no-meio-cientifico/	https://projetocomprova.com.br	2025-02-05	Estudo exige retirada do mercado de vacinas da covid com RNA mensageiro	Artigo que exige retirada de vacina contra covid-19 do mercado tem ...	Artigo que exige retirada de vacina contra covid-19 do mercado tem ...	3	5	Enganoso: O site em que o artigo foi publicado não é considerado uma revista científica e não tem relevância no meio. Os dados utilizados para sustentar seus argumentos são distorcidos ou enviesados, e também não têm valor científico comprovado, ao contrário das evidências publicadas em revistas e órgãos reguladores que desmentem suas alegações.
https://www.estadao.com.br/estadao-verifica/vacina-covid-coagulo-sangue-dimero-d-enganoso/	https://estadao.com.br	2025-01-08	Vacina contra a covid-12 causa elevação de dímero-D no organismo	Postagem engana ao atrelar aumento de coágulos sanguíneos à ...	Postagem engana ao atrelar aumento de coágulos sanguíneos à ...		5	Enganoso
https://observador.pt/factchecks/fact-check-ceo-da-pfizer-enfrenta-prisao-perpetua-por-mentir-sobre-a-vacina-contra-a-covid-19/	https://observador.pt	2024-12-26	CEO da Pfizer enfrenta prisão perpétua por mentir para milhões sobre a vacina contra a Covid-19.	Fact Check. CEO da Pfizer enfrenta prisão perpétua por mentir sobre a vacina contra a Covid-19	Fact Check. CEO da Pfizer enfrenta prisão perpétua por mentir sobre a vacina contra a Covid-19		5	Errado
https://checamos.afp.com/doc.afp.com.36PN6Y2	https://checamos.afp.com	2024-12-09	Bill Gates será julgado na Holanda em processo por lesão causada por vacina contra covid	Posts exageram notícia sobre ação civil contra Bill Gates nos Países Baixos	Posts exageram notícia sobre ação civil contra Bill Gates nos Países Baixos		5	Enganoso
https://observador.pt/factchecks/fact-check-pfizer-e-autoridades-de-saude-esconderam-estudo-que-mostrou-que-apenas-criancas-vacinadas-tiveram-miopericardites/	https://observador.pt	2024-11-28	A Pfizer e os Centros de Prevenção e Controlo de Doenças esconderam um estudo realizado em 1,7 milhões de crianças e adolescentes que tomaram a vacina contra a Covid-19, após o resultado detetar miopericardite apenas nos grupos vacinados.	Vacina Covid. Pfizer escondeu estudo com crianças	Vacina Covid. Pfizer escondeu estudo com crianças		5	Errado
https://www.estadao.com.br/estadao-verifica/vacina-dtf-danos-cerebrais-mortes-banida-eua-enganoso/	https://estadao.com.br	2024-11-19	a vacina DTP foi banida dos Estados Unidos por ter causado danos cerebrais graves ou morte em uma a cada 300 crianças	Vacina DTP não foi banida dos EUA nem causa danos cerebrais ou ...	Vacina DTP não foi banida dos EUA nem causa danos cerebrais ou ...		5	Enganoso
https://www.estadao.com.br/estadao-verifica/falso-vacina-covid-cancer-dados-reais/	https://estadao.com.br	2024-11-14	Por que há aumento de mortes por todas as causas em países mais vacinados, o que está associado ao câncer turbo e por que existe uma explosão de casos de câncer em jovens Não temos dados reais sobre as complicações e benefícios das vacinas de RNA.	Médico faz associação falsa entre vacina da covid-19 e casos de ...	Médico faz associação falsa entre vacina da covid-19 e casos de ...	1	5	Falso
https://www.estadao.com.br/estadao-verifica/18-vacinas-autismo-crianca-estados-unidos-falso/	https://estadao.com.br	2024-10-25	Criança desenvolve autismo após receber 18 doses de vacina em um único dia	falso que criança tenha recebido 18 vacinas e desenvolvido autismo	falso que criança tenha recebido 18 vacinas e desenvolvido autismo	1	5	Falso
https://www.estadao.com.br/estadao-verifica/vacina-gripe-aviaria-australia-enfraquece-sistema-imunologico/	https://estadao.com.br	2024-10-18	Novos testes da vacina contra a gripe aviária estão sendo feitos para machucar seu corpo	Postagem engana sobre proteção contra gripe aviária; vacina ...	Postagem engana sobre proteção contra gripe aviária; vacina ...	1	5	Falso
https://observador.pt/factchecks/fact-check-vacina-contra-a-covid-19-da-astrazeneca-e-responsavel-pela-transmissao-da-mpox/	https://observador.pt	2024-09-25	"""A vacina Astrazeneca contém varíola dos macacos. Acordem, vaxxadores!"""	Vacina anti-covid da Astrazeneca transmite a Mpox	Vacina anti-covid da Astrazeneca transmite a Mpox		5	Errado
https://observador.pt/factchecks/fact-check-mpox-e-uma-doenca-nova-e-vacina-foi-criada-agora/	https://observador.pt	2024-09-23	A OMS [Organização Mundial da Saúde] espera as Olimpíadas acabarem para declarar emergência mundial de Mpox, e por coincidência já tem uma vacina para uma doença nova.	"Fact Check. Mpox é uma ""doença nova"" e vacina foi criada agora"	"Fact Check. Mpox é uma ""doença nova"" e vacina foi criada agora"		5	Errado
https://www.estadao.com.br/estadao-verifica/vacina-pfizer-mrna-dna-estudo-alemao/	https://estadao.com.br	2024-08-29	Estudo alemão mostrou que vacina da Pfizer altera o DNA humano	Estudo alemão com crianças não mostra que vacina altera DNA ...	Estudo alemão com crianças não mostra que vacina altera DNA ...		5	Enganoso
https://www.aosfatos.org/noticias/falso-anvisa-autorizou-importacao-vacina-mpox-sem-eficacia/	https://aosfatos.org	2024-08-29	Vacinas contra a Mpox que serão compradas pelo Ministério da Saúde tiveram dispensa de comprovação de eficácia e segurança aprovadas pela Anvisa	falso que Anvisa autorizou importação de vacina contra Mpox sem ...	falso que Anvisa autorizou importação de vacina contra Mpox sem ...	1	5	falso
https://www.aosfatos.org/noticias/mpox-nao-e-doenca-nova-vacina-produzida-2010/	https://aosfatos.org	2024-08-22	Mpox é uma nova doença e as vacinas contra o vírus mpox também são novas.	Mpox não é uma doença nova e vacina é produzida desde 2010	Mpox não é uma doença nova e vacina é produzida desde 2010	1	5	falso
https://www1.folha.uol.com.br/equilibrioesaude/2024/08/nao-ha-indicacao-de-ivermectina-no-tratamento-contra-cancer.shtml	https://www1.folha.uol.com.br	2024-08-21	Postagens afirmam que pesquisas científicas indicam que a ivermectina pode curar câncer, Parkinson, danos causados por vacinas e muito mais. Uma das publicações questiona: Dá para entender porquê sic demonizam tanto esse medicamento secular.	Não há indicação de ivermectina no tratamento contra câncer	Não há indicação de ivermectina no tratamento contra câncer	1	5	Falso
https://observador.pt/factchecks/fact-check-cientistas-holandeses-dizem-que-vacinas-contra-a-covid-19-provocaram-35-milhoes-de-mortes/	https://observador.pt	2024-07-18	[35 milhões de mortes] 'como resultado direto...' [das vacinas], mas ainda existem charlatões capazes de afirmar que as 'sopas experimentais salvaram milhões'.	Covid-19. Vacinas provocaram 35 milhões de mortes	Covid-19. Vacinas provocaram 35 milhões de mortes		5	Errado
https://www.estadao.com.br/estadao-verifica/moderna-nao-admitiu-dna-residual-vacinas-cancer/	https://estadao.com.br	2024-05-12	Moderna admite que DNA residual em vacinas pode levar a câncer.	Moderna não admitiu que DNA residual em vacinas pode levar a câncer	Moderna não admitiu que DNA residual em vacinas pode levar a câncer		5	Enganoso
https://www.estadao.com.br/estadao-verifica/brasil-vacina-covid-banida-outros-paises/	https://estadao.com.br	2024-05-02	Brasil comprou vacina contra a covid-19 banida em outros países	Vacina contra covid comprada pelo Brasil não foi banida em outros ...	Vacina contra covid comprada pelo Brasil não foi banida em outros ...		5	Enganoso
https://www.estadao.com.br/estadao-verifica/nao-e-necessario-detox-de-proteina-da-vacina-contra-a-covid-19/	https://estadao.com.br	2024-04-23	Medicamentos que podem curar toda pessoa ferida por vacina.	Não é necessário detox de proteína da vacina contra a covid-19	Não é necessário detox de proteína da vacina contra a covid-19		5	Enganoso
https://checamos.afp.com/doc.afp.com.34NE3QH	https://checamos.afp.com	2024-04-04	As crianças mais saudáveis do mundo depois de rejeitar as vacinas das grandes farmacêuticas	As crianças amish não foram declaradas as mais saudáveis do mundo por não se vacinarem	As crianças amish não foram declaradas as mais saudáveis do mundo por não se vacinarem	1	5	Falso
https://www.estadao.com.br/estadao-verifica/e-falso-que-estudo-tenha-mostrado-que-vacina-bivalente-contra-covid-19-reduz-expectativa-de-vida/	https://estadao.com.br	2024-03-27	Estudo do CDC confirma que a vacina do Covid reduz a expectativa de vida masculina em 24 anos	falso que estudo tenha mostrado que vacina bivalente contra ...	falso que estudo tenha mostrado que vacina bivalente contra ...	1	5	Falso
https://www.estadao.com.br/estadao-verifica/vacina-covid-vencida-desatualizada-falso/	https://estadao.com.br	2024-03-25	Vacinas contra covid aplicadas no SUS estão vencidas e desatualizadas	falso que vacinas contra covid aplicadas no SUS tenham prazo de ...	falso que vacinas contra covid aplicadas no SUS tenham prazo de ...	1	5	Falso
https://www.estadao.com.br/estadao-verifica/video-mente-ao-associar-vacina-contra-dengue-a-microcefalia-e-guerra-biologica/	https://estadao.com.br	2024-03-14	Vacina contra a dengue é arma biológica e causa microcefalia	Vídeo mente ao associar vacina contra dengue a microcefalia e ...	Vídeo mente ao associar vacina contra dengue a microcefalia e ...	1	5	Falso
https://noticias.uol.com.br/comprova/ultimas-noticias/2024/03/07/e-falso-que-estudo-prove-que-vacinados-contra-a-covid-19-adquiriram-aids.htm	https://noticias.uol.com.br		Estudo da Universidade de Cambridge descobriu que 25% das pessoas que receberam vacina de mRNA contra a covid-19 estão com VAids	falso que estudo prove que vacinados contra a covid adquiriram Aids	falso que estudo prove que vacinados contra a covid adquiriram Aids	1	5	Falso
https://www.estadao.com.br/estadao-verifica/vacina-infantil-disponivel-no-sus-ainda-e-recomendada-para-evitar-complicacoes-dizem-especialistas/	https://estadao.com.br	2024-03-01	Vacina infantil é ineficaz para proteger contra variantes	Vacina infantil disponível no SUS ainda é recomendada para evitar ...	Vacina infantil disponível no SUS ainda é recomendada para evitar ...		5	Enganoso
https://www.estadao.com.br/estadao-verifica/maior-estudo-ja-feito-sobre-vacina-covid-publicado/	https://estadao.com.br	2024-02-23	Maior estudo sobre vacinas contra a covid-19 mostra riscos de síndrome de Guillain-Barré, miocardite, pericardite e vários outros problemas	Estudo com milhões de vacinados não altera perfil de segurança ...	Estudo com milhões de vacinados não altera perfil de segurança ...		5	Fora de contexto
https://www.estadao.com.br/estadao-verifica/investigacao-da-cgu-nao-livrou-bolsonaro-no-caso-do-cartao-de-vacina/	https://estadao.com.br	2024-01-30	Investigação da CGU livrou Bolsonaro no caso do cartão de vacina	Investigação da CGU não livrou Bolsonaro no caso do cartão de ...	Investigação da CGU não livrou Bolsonaro no caso do cartão de ...		5	Enganoso
https://www.estadao.com.br/estadao-verifica/medicos-japoneses-vacinas-covid-doencas-enganoso/	https://estadao.com.br	2024-01-26	Vacinas contra a covid-19 causam doenças	Médicos japoneses enganam ao afirmar que vacinas contra a covid ...	Médicos japoneses enganam ao afirmar que vacinas contra a covid ...		5	Enganoso
https://www.estadao.com.br/estadao-verifica/vacinas-doenca-hepatica-coentro-covid-fake-news/	https://estadao.com.br	2024-01-16	Coentro pode curar síndrome pós vacinas que afeta o fígado.	Vacinas não causam doença hepática; vídeo que recomenda uso ...	Vacinas não causam doença hepática; vídeo que recomenda uso ...	1	5	Falso
https://www.estadao.com.br/estadao-verifica/vacinas-de-mrna-nao-sao-terapia-genetica-nem-permitem-que-proteina-spike-fique-no-corpo/	https://estadao.com.br	2024-01-10	Vacinas de mRNA são terapia genética, não provocam reação imunizante e criam usinas de produção de proteína spike	Vacinas de mRNA não são terapia genética, nem permitem que ...	Vacinas de mRNA não são terapia genética, nem permitem que ...		5	Enganoso
https://www.aosfatos.org/noticias/falso-lula-recusou-vacina-japonesa-contra-dengue/	https://aosfatos.org	2024-01-03	Lula descartou vacina japonesa contra a dengue para esperar vacina nacional do Butantan, que só estará disponível em 2025	falso que Lula recusou vacina japonesa contra a dengue para ...	falso que Lula recusou vacina japonesa contra a dengue para ...	1	5	falso
https://checamos.afp.com/doc.afp.com.34973EN	https://checamos.afp.com	2023-12-29	Sobre a vacina bivalente, estão assumindo o perigo das vacinas	Reportagem de 2018 noticiava morte após vacina contra febre ...	Reportagem de 2018 noticiava morte após vacina contra febre ...	1	5	Falso
https://www.estadao.com.br/estadao-verifica/reportagem-de-2018-noticiou-mortes-relacionadas-a-vacina-contra-febre-amarela-nao-contra-covid-19/	https://estadao.com.br	2023-12-19	Telejornal noticia mortes relacionadas a vacina da covid-19	Reportagem de 2018 noticiou mortes relacionadas a vacina contra ...	Reportagem de 2018 noticiou mortes relacionadas a vacina contra ...		5	Enganoso
https://observador.pt/factchecks/fact-check-vacina-para-covid-19-contem-acucar-e-nao-e-recomendada-para-quem-diabetes/	https://observador.pt	2023-11-29	A vacina diz na bula que não é recomendada para quem tem diabetes.	Vacina Covid-19 não recomendada para diabéticos	Vacina Covid-19 não recomendada para diabéticos		5	Errado
https://noticias.uol.com.br/comprova/ultimas-noticias/2023/11/29/medica-engana-ao-dizer-que-vacinas-causam-infarto-e-morte-em-criancas.htm	https://noticias.uol.com.br		Vacina contra covid-19 causa os seguintes efeitos colaterais graves em crianças: morte súbita, infarto, problemas neurológicos, catatonias musculares, crises convulsivas, miocardite e pericardite	Médica engana ao dizer que vacina causa infarto e morte em crianças	Médica engana ao dizer que vacina causa infarto e morte em crianças		5	Enganoso
https://www.estadao.com.br/estadao-verifica/vacina-infarto-morte-subita-crianca-enganoso/	https://estadao.com.br	2023-11-29	Vacina causa infarto e morte súbita em crianças	Vacinas não causam infarto e morte súbita em crianças, ao contrário ...	Vacinas não causam infarto e morte súbita em crianças, ao contrário ...		5	Enganoso
https://noticias.uol.com.br/confere/ultimas-noticias/2024/01/24/e-falso-que-vacinas-contra-covid-foram-criadas-para-controle-populacional.htm	https://noticias.uol.com.br		Vacinas contra covid foram criadas para controle populacional, diz Michael Yeadon	falso que vacina contra covid foi criada para controle populacional	falso que vacina contra covid foi criada para controle populacional	1	5	Falso
https://observador.pt/factchecks/fact-check-portugal-esta-a-bater-todos-os-recordes-de-mortalidade/	https://observador.pt	2024-01-23	Portugal foi o país que mais uso intensivo de máscaras fez durante a chamada pandemia, e o mais vacinado do mundo. Agora, está a bater todos os recordes de mortalidade.	Fact Check. Portugal está a bater todos os recordes de mortalidade	Fact Check. Portugal está a bater todos os recordes de mortalidade		5	Errado
https://www.aosfatos.org/noticias/bula-pfizer-bivalente-pediatrica/	https://aosfatos.org	2024-01-02	Bula da vacina da Pfizer mostra que imunizante não é recomendado para crianças entre 6 meses e 4 anos e 11 meses	Posts enganam ao difundir bula de vacina bivalente da Pfizer como ...	Posts enganam ao difundir bula de vacina bivalente da Pfizer como ...	1	5	falso
https://www.aosfatos.org/noticias/video-2018-mortes-vacina-febre-amarela-nao-covid/	https://aosfatos.org	2023-12-20	Duas mortes em São Paulo foram provocadas por vacinas contra a Covid-19	Vídeo de 2018 noticiava mortes causadas por vacina contra febre ...	Vídeo de 2018 noticiava mortes causadas por vacina contra febre ...	1	5	falso
https://www.estadao.com.br/estadao-verifica/proteina-spike-e-eliminada-do-corpo-apos-vacinacao-ao-contrario-do-que-diz-medico-em-post/	https://estadao.com.br	2023-12-18	Sequelas da proteína spike, induzidas pela vacina, afetam mais pessoas que a pandemia.	Proteína spike é eliminada do corpo após vacinação, ao contrário ...	Proteína spike é eliminada do corpo após vacinação, ao contrário ...	1	5	Falso
https://www.estadao.com.br/estadao-verifica/agencia-europeia-nao-desqualificou-vacinas-contra-a-covid-19-diferentemente-do-que-afirma-medico/	https://estadao.com.br	2023-12-02	EMA desqualificou vacinas de mRNA contra covid	Agência europeia não desqualificou vacinas contra a covid-19 ...	Agência europeia não desqualificou vacinas contra a covid-19 ...		5	Enganoso
https://www.estadao.com.br/estadao-verifica/medico-desinforma-sobre-efeitos-de-vacinas-mrna-contra-a-covid-19/	https://estadao.com.br	2023-11-28	Vacinas de RNA mensageiro estão sendo questionadas se realmente são vacinas	Médico desinforma sobre efeitos de vacinas mRNA contra a covid-19	Médico desinforma sobre efeitos de vacinas mRNA contra a covid-19	1	5	Falso
https://observador.pt/factchecks/fact-check-islandia-decidiu-banir-vacinas-contra-a-covid-19-depois-de-subida-do-numero-de-mortes-subitas-no-pais/	https://observador.pt	2023-12-12	Islândia baniu vacinas contra a Covid-19 depois de subida do número de mortes súbitas no país.	Fact Check. Islândia decidiu banir vacinas contra a Covid-19 depois de subida do número de mortes súbitas no país	Fact Check. Islândia decidiu banir vacinas contra a Covid-19 depois de subida do número de mortes súbitas no país		5	Errado
https://observador.pt/factchecks/fact-check-pfizer-so-admitiu-risco-de-inflamacoes-cardiacas-decorrentes-da-vacina-contra-a-covid-19-em-2023/	https://observador.pt	2023-11-20	Por que o Pfizer está avisando sobre miocardite e pericardite apenas agora, quase 2 anos após ter sido iniciada a pior campanha de vacinação de todos os tempos	Pfizer só admitiu agora risco cardíaco da vacina	Pfizer só admitiu agora risco cardíaco da vacina		5	Errado
https://www.estadao.com.br/estadao-verifica/com-dados-errados-sobre-imunizacao-video-desinforma-sobre-vacina-pediatrica-contra-covid-19/	https://estadao.com.br	2023-11-16	Doses da vacina contra covid-19 não controlam infecção ou transmissão da doença	Com dados errados sobre imunização, vídeo desinforma sobre vacina pediátrica contra covid-19	Com dados errados sobre imunização, vídeo desinforma sobre vacina pediátrica contra covid-19		5	Enganoso
https://noticias.uol.com.br/comprova/ultimas-noticias/2023/11/06/aprovada-pela-anvisa-vacina-contra-a-dengue-esta-em-analise-de-comissao.htm	https://noticias.uol.com.br		A ciência já desenvolveu vacinas eficientes contra a dengue, mas o governo do Lula não quer ofertar para o povo brasileiro	Aprovada pela Anvisa, vacina contra a dengue está em análise de comissão	Aprovada pela Anvisa, vacina contra a dengue está em análise de comissão		5	Enganoso
https://www.estadao.com.br/estadao-verifica/pedido-de-procurador-contra-vacinas-foi-indeferido-reportagem-antiga-circula-sem-contexto/	https://estadao.com.br	2023-10-18	Irão morrer mais pessoas por reações da vacina contra covid-19 do que pelo próprio coronavírus em 2024	Pedido de procurador contra vacinas foi indeferido; reportagem ...	Pedido de procurador contra vacinas foi indeferido; reportagem ...		5	Enganoso
https://www.estadao.com.br/estadao-verifica/e-mentira-que-pec-do-plasma-impeca-venda-de-sangue-de-pessoas-vacinadas/	https://estadao.com.br	2023-10-09	PEC do Plasma impede venda de sangue de vacinado	mentira que PEC do Plasma impeça venda de sangue de pessoas vacinadas	mentira que PEC do Plasma impeça venda de sangue de pessoas vacinadas	1	5	Falso
https://noticias.uol.com.br/comprova/ultimas-noticias/2023/10/11/estudo-nao-mostra-que-vacina-modifica-codigo-genetico-e-causara-epidemias.htm	https://noticias.uol.com.br		Estudo mostra que vacinas vão causar epidemia de doença cardiovascular, epidemia de doença autoimune, epidemia de câncer, e uma epidemia de infertilidade junto, entre outras coisas ao mudar o código genético das pessoas	Estudo não mostra que vacina modifica código genético e causará epidemias	Estudo não mostra que vacina modifica código genético e causará epidemias	1	5	Falso
https://observador.pt/factchecks/fact-check-voluntario-nos-testes-de-oxford-morreu-por-causa-da-vacina/	https://observador.pt	2020-11-02	Não dá para vacinar ninguém sem segurança .. este é o fato!	Fact Check. Voluntário nos testes de Oxford morreu por causa da vacina	Fact Check. Voluntário nos testes de Oxford morreu por causa da vacina		5	Errado
https://checamos.afp.com/verificamos-afirmacoes-do-texto-sobre-vacina-da-esterilizacao-contra-covid-19	https://checamos.afp.com	2020-12-30	Vacinas contra a covid-19 podem esterilizar homens e mulheres e reescrever o código genético.	Verificamos as afirmações do texto sobre a vacina da esterilização ...	Verificamos as afirmações do texto sobre a vacina da esterilização ...		5	Enganoso
https://observador.pt/factchecks/fact-check-diretor-da-oms-disse-que-as-vacinas-matam-criancas/	https://observador.pt	2021-12-26	"""Há países a usar vacinas para matar crianças"""	"Fact Check. Diretor da OMS disse que ""as vacinas matam crianças"""	"Fact Check. Diretor da OMS disse que ""as vacinas matam crianças"""		5	Errado
https://noticias.uol.com.br/confere/ultimas-noticias/2022/01/25/posts-distorcem-estudo-sobre-imunidade-natural-e-omitem-defesa-de-vacinas.htm	https://noticias.uol.com.br	2022-01-25	Imunidade natural é superior à da vacina contra covid	Imunidade natural: posts omitem que estudo defende vacinas	Imunidade natural: posts omitem que estudo defende vacinas	3	5	Distorcido
https://observador.pt/factchecks/fact-check-vacinas-de-mrna-adicionadas-a-alimentos-e-bebidas/	https://observador.pt	2023-06-26	"""Coma uma salada e vacine-se. Coma carne e vacine-se. Beba leite e vacine-se. Está decidido vacina de mRNA serão adicionadas em alimentos animais e leite."""	Fact Check. Vacinas de mRNA adicionadas a alimentos e bebidas	Fact Check. Vacinas de mRNA adicionadas a alimentos e bebidas		5	Errado
https://www.aosfatos.org/noticias/pfizer-nao-registrou-patente-de-sistema-para-rastrear-pessoas-vacinadas/	https://aosfatos.org	2021-11-04	Pfizer registrou patente para rastrear vacinados	Pfizer não registrou patente de sistema para rastrear pessoas vacinadas	Pfizer não registrou patente de sistema para rastrear pessoas vacinadas	1	5	falso
https://checamos.afp.com/doc.afp.com.329U9H8	https://checamos.afp.com	2022-05-11	New York Times admitiu menos casos e hospitalizações por covid-19 entre não vacinados	The New York Times não admitiu menos casos e hospitalizações por covid-19 entre não vacinados	The New York Times não admitiu menos casos e hospitalizações por covid-19 entre não vacinados		5	Enganoso
https://checamos.afp.com/doc.afp.com.9W28AE	https://checamos.afp.com	2022-01-13	Conjunto de vídeos mostra que vacinação contra a covid-19 e outras doenças, como a gripe, é uma farsa	Vídeo engana ao reunir diversas gravações de pessoas encenando receber vacinas anticovid	Vídeo engana ao reunir diversas gravações de pessoas encenando receber vacinas anticovid		5	Enganoso
https://checamos.afp.com/doc.afp.com.33GN4A6	https://checamos.afp.com	2023-05-31	BBC admite que vacinas contra covid-19 causaram excesso de mortes	A BBC não informou que as vacinas contra covid-19 causaram excesso de mortes no Reino Unido	A BBC não informou que as vacinas contra covid-19 causaram excesso de mortes no Reino Unido	1	5	Falso
https://projetocomprova.com.br/publica%C3%A7%C3%B5es/e-enganosa-postagem-que-sugere-que-instituto-butantan-nao-informou-morte-de-voluntario-da-vacina-coronavac/	https://projetocomprova.com.br	2020-11-13	Instituto Butantan e governo de São Paulo encobrem morte de voluntário da vacina chinesa CoronaVac	enganosa postagem que sugere que Instituto Butantan não informou morte de voluntário da vacina CoronaVac	enganosa postagem que sugere que Instituto Butantan não informou morte de voluntário da vacina CoronaVac		5	ENGANOSO: Ao contrário do que sugere a postagem, o Instituto Butantan comunicou a Anvisa sobre o chamado “evento adverso grave” envolvendo um dos voluntários. A notificação foi enviada no dia 6 de novembro, dentro do prazo de uma semana estabelecido pela agência
https://www.aosfatos.org/noticias/em-video-medica-mente-sobre-substancias-e-efeitos-adversos-de-vacinas-contra-a-covid-19/	https://aosfatos.org	2021-12-01	Pilotos vacinados contra a Covid-19 estão tendo AVCs	Em vídeo, médica mente sobre substâncias e efeitos adversos de vacinas contra a Covid-19	Em vídeo, médica mente sobre substâncias e efeitos adversos de vacinas contra a Covid-19	1	5	falso
https://checamos.afp.com/doc.afp.com.9WF4XC	https://checamos.afp.com	2022-01-18	"Todos nesta lista são considerados ""não vacinados"" na Alemanha"	Uma lista sobre quem é considerado não vacinado na Alemanha contém dados falsos ou imprecisos	Uma lista sobre quem é considerado não vacinado na Alemanha contém dados falsos ou imprecisos		5	Enganoso
https://observador.pt/factchecks/fact-check-video-mostra-primeira-ministra-da-australia-a-tomar-vacina-contra-a-covid-19/	https://observador.pt	2020-07-17	Ministra da Austrália faz propaganda tomando vacina contra o Covid-19 distribuída pela China, porem observe que nem a capinha da seringa foi retirada, se ela não tomou porque a população da Austrália tomaria	Fact Check. Vídeo mostra primeira-ministra da Austrália a tomar vacina contra a Covid-19	Fact Check. Vídeo mostra primeira-ministra da Austrália a tomar vacina contra a Covid-19		5	Errado
https://checamos.afp.com/esta-foto-mostra-um-kit-de-teste-para-covid-19-desenvolvido-por-uma-empresa-sul-coreana	https://checamos.afp.com	2020-03-27	Vacina contra o vírus Carona pronta. Capaz de curar o paciente dentro de 3 horas após a injeção. Tiremos o chapéu para os cientistas dos EUA.	Esta foto mostra um kit de teste para COVID-19 desenvolvido por uma empresa sul-coreana	Esta foto mostra um kit de teste para COVID-19 desenvolvido por uma empresa sul-coreana	1	5	Falso
https://checamos.afp.com/doc.afp.com.32KY86R	https://checamos.afp.com	2022-10-08	O TSE vetou a campanha de vacinação do Ministério da Saúde contra poliomielite	TSE não vetou campanha de vacinação contra polio, e sim pronunciamento de ministro	TSE não vetou campanha de vacinação contra polio, e sim pronunciamento de ministro		5	Enganoso
https://projetocomprova.com.br/publica%C3%A7%C3%B5es/ministerio-da-saude-de-israel-nega-que-seus-dados-permitam-concluir-sobre-imunidade-de-infectados/	https://projetocomprova.com.br	2021-08-05	Estudo de Israel revela que quem venceu a covid-19 tem imunidade sete vezes melhor do que qualquer vacina	Ministério da Saúde de Israel nega que seus dados permitam concluir sobre imunidade de infectados	Ministério da Saúde de Israel nega que seus dados permitam concluir sobre imunidade de infectados		5	Contatado pela reportagem, o órgão do governo israelense respondeu que os dados disponíveis até agora não permitem apoiar ou rejeitar essa afirmação.
https://projetocomprova.com.br/publica%C3%A7%C3%B5es/video-plandemic-faz-afirmacoes-falsas-sobre-a-covid-19/	https://projetocomprova.com.br	2020-05-26	"O documentário Plandemic com a Dra. Judy Mikovits, conta a verdade sobre a fraude das vacinas e, ainda, sobre a falsa ""pandemia"" de coronavírus"	Vídeo Plandemic faz afirmações falsas sobre a COVID-19	Vídeo Plandemic faz afirmações falsas sobre a COVID-19	1	5	FALSO: “Plandemic” consiste em uma entrevista com a controversa pesquisadora Judy Mikovits, que reproduz informações erradas sobre a covid-19 e faz acusações sem provas de uma conspiração em torno da pandemia
https://www.estadao.com.br/estadao-verifica/acao-que-pode-tornar-bolsonaro-inelegivel-nao-tem-relacao-com-compra-de-vacinas/	https://estadao.com.br	2023-06-15	Bolsonaro pode se tornar inelegível por causa de ação relaciona a compra de vacinas contra a covid-19	Ação que pode tornar Bolsonaro inelegível não tem relação com compra de vacinas	Ação que pode tornar Bolsonaro inelegível não tem relação com compra de vacinas	1	5	Falso
https://www.estadao.com.br/estadao-verifica/paula-borgo-volei-cancer-estomago-vacina-covid/	https://estadao.com.br	2023-05-16	Casos de câncer aumentaram após vacinação contra covid-19 e pessoas conhecidas, como a jogadora Paula Borgo, morreram após a vacinação	Postagens usam imagem de atleta de vôlei para fazer associação falsa entre vacina de covid e câncer	Postagens usam imagem de atleta de vôlei para fazer associação falsa entre vacina de covid e câncer		5	Enganoso
https://www.aosfatos.org/noticias/e-falso-que-ivermectina-seja-mais-eficaz-que-vacinas-contra-covid-19/	https://aosfatos.org	2021-03-24	Ivermectina é mais eficaz do que vacinas contra a Covid-19	falso que ivermectina seja mais eficaz que vacinas contra Covid-19	falso que ivermectina seja mais eficaz que vacinas contra Covid-19	1	5	falso
https://www.aosfatos.org/noticias/e-falso-que-coronavac-pode-matar-mais-que-covid-19-medico-faz-comparacao-enganosa/	https://aosfatos.org	2020-10-26	Efeito colateral da vacina chinesa pode ser mais letal que a Covid-19	falso que CoronaVac pode matar mais que Covid-19; médico faz comparação enganosa	falso que CoronaVac pode matar mais que Covid-19; médico faz comparação enganosa	1	5	falso
https://projetocomprova.com.br/publica%C3%A7%C3%B5es/descoberta-de-anticorpo-em-israel-ainda-nao-significa-cura-para-coronavirus/	https://projetocomprova.com.br	2020-05-08	Vacina contra o coronavírus foi descoberta por um instituto de biotecnologia do Ministério da Defesa de Israel e será produzida em larga escala	Descoberta de anticorpo em Israel ainda não significa cura para coronavírus	Descoberta de anticorpo em Israel ainda não significa cura para coronavírus	1	5	Falso: Laboratório ligado ao governo israelense conseguiu isolar um anticorpo que neutraliza o novo coronavírus, mas um tratamento baseado nesta pesquisa ainda deve levar vários meses para se tornar realidade
https://projetocomprova.com.br/publica%C3%A7%C3%B5es/vacinas-de-rna-mensageiro-nao-geram-doencas-autoimunes/	https://projetocomprova.com.br	2021-09-28	Vacinas que usam a tecnologia de RNA mensageiro Pfizer e Moderna geram doenças autoimunes, levam a quadros severos respiratórios e cardiovasculares e podem matar dentro de poucos minutos.	Vacinas de RNA mensageiro não geram doenças autoimunes	Vacinas de RNA mensageiro não geram doenças autoimunes	1	5	É FALSO vídeo publicado na rede Kwai que afirma que vacinas de mRNA, como a da Pfizer, podem gerar doenças autoimunes e complicações respiratórias ou cardíacas.
https://www.estadao.com.br/estadao-verifica/vacina-covid-astrazeneca-abandono-trombose-infarto-mortes/	https://estadao.com.br	2023-06-07	Brasil abandona uso e produção da vacina Astrazeneca porque casos de trombose, infarto e mortes aumentaram	Brasil não abandonou o uso da vacina Astrazeneca, que permanece segura para a população	Brasil não abandonou o uso da vacina Astrazeneca, que permanece segura para a população		5	Enganoso
https://observador.pt/factchecks/fact-check-vacina-da-pfizer-contra-a-covid-19-e-experimental-ate-2023/	https://observador.pt	2021-10-25	"""As vacinas da Pfizer estão em fase experimental até 2023."""	"Fact Check. Vacina da Pfizer contra a Covid-19 ""é experimental até 2023"""	"Fact Check. Vacina da Pfizer contra a Covid-19 ""é experimental até 2023"""		5	Errado
https://www.aosfatos.org/noticias/cdc-nova-variante-coronavirus-vacina/	https://aosfatos.org	2023-08-25	Nova variante do coronavírus é mais eficaz em infectar vacinados do que não vacinados	rgão dos EUA não disse que nova variante da Covid-19 infecta mais quem tomou vacina	rgão dos EUA não disse que nova variante da Covid-19 infecta mais quem tomou vacina	1	5	falso
https://www.estadao.com.br/estadao-verifica/vacina-quem-pegou-covid-imunidade-natural/	https://estadao.com.br	2023-03-23	Quem já pegou covid não precisa se vacinar	Vacinação é recomendada mesmo para quem já pegou covid-19	Vacinação é recomendada mesmo para quem já pegou covid-19		5	Enganoso
https://www.aosfatos.org/noticias/nao-e-verdade-que-vacina-cura-covid-19-em-tres-horas/	https://aosfatos.org	2020-03-23	Boas notícias! Vacina contra o vírus Carona pronta. Capaz de curar o paciente dentro de 3 horas após a injeção. Tiremos o chapéu para os cientistas dos EUA. No momento, Trump anunciou que a Roche Medical Company lançará a vacina no próximo domingo e milhões de doses estão prontas!	Não é verdade que vacina cura Covid-19 em três horas	Não é verdade que vacina cura Covid-19 em três horas	1	5	falso
https://checamos.afp.com/doc.afp.com.32GF4Y9	https://checamos.afp.com	2022-08-12	Golpe telefônico pede que o usuário tecle 2 se estiver vacinado e consegue, a partir daí, hackear o dispositivo	Não é possível invadir remotamente um celular apenas apertando uma tecla, segundo especialistas	Não é possível invadir remotamente um celular apenas apertando uma tecla, segundo especialistas	1	5	Falso
https://www.aosfatos.org/noticias/e-falso-que-o-ceo-da-pfizer-disse-que-nao-tomara-vacina-contra-covid-19-produzida-pela-empresa/	https://aosfatos.org	2020-12-28	CEO da Pfizer diz que não tomará a própria vacina.	falso que o CEO da Pfizer disse que não tomará vacina contra Covid-19 produzida pela empresa	falso que o CEO da Pfizer disse que não tomará vacina contra Covid-19 produzida pela empresa	1	5	falso
https://projetocomprova.com.br/publica%C3%A7%C3%B5es/deputada-distorce-entrevista-de-diretora-do-cdc-para-criticar-vacinas-e-passaporte-sanitario/	https://projetocomprova.com.br	2021-10-11	A diretora do CDC, Rochelle Walensky, admite que a vacina não pode prevenir a transmissão. Isso mostra a total inutilidade do passaporte sanitário, além da grave violência à liberdade.	Deputada distorce entrevista de diretora do CDC para criticar vacinas e 'passaporte sanitário'	Deputada distorce entrevista de diretora do CDC para criticar vacinas e 'passaporte sanitário'		5	ENGANOSO: Trecho mostrado está fora de contexto. Vacinados tendem a se infectar menos e a ter carga viral mais baixa comparada com os não vacinados.
https://checamos.afp.com/doc.afp.com.9V76V7	https://checamos.afp.com	2021-12-23	"Vacinas contra a covid-19 causam ""síndrome de imunodeficiência adquirida por vacina"" vaids, mostra estudo da The Lancet"	"falso que as vacinas anticovid enfraqueçam o sistema imunológico causando ""vaids"""	"falso que as vacinas anticovid enfraqueçam o sistema imunológico causando ""vaids"""	1	5	Falso
https://projetocomprova.com.br/publica%C3%A7%C3%B5es/post-forca-comparacao-entre-vacinas-em-teste-e-a-cloroquina-que-nao-tem-eficiencia-comprovada-contra-a-covid-19/	https://projetocomprova.com.br	2020-10-23	Doria proíbe a hidroxicloroquina em São Paulo como tratamento contra a covid e defende uma vacina experimental	Post força comparação entre vacinas em teste e a cloroquina, que não tem eficiência comprovada contra a covid-19	Post força comparação entre vacinas em teste e a cloroquina, que não tem eficiência comprovada contra a covid-19	1	5	FALSO: É falso que São Paulo tenha proibido a cloroquina e a hidroxicloroquina como afirmam postagens no Facebook e Twitter. As publicações fazem uma comparação forçada entre o medicamento, usado há muitos anos para tratamento de outras doenças mas que não tem eficiência comprovada contra o novo coronavírus, e as vacinas que estão em teste
https://www.aosfatos.org/noticias/israel-nao-descobriu-cura-ou-vacina-para-o-coronavirus/	https://aosfatos.org	2020-03-18	URGENTE! ISRAEL descobriu a cura para o CORONAVIRUS.... Vacina.	Israel não descobriu cura ou vacina para o coronavírus	Israel não descobriu cura ou vacina para o coronavírus	1	5	falso
https://observador.pt/factchecks/fact-check-janssen-alterou-rotulo-da-vacina-com-informacoes-sobre-sindrome-de-guillain-barre-depois-de-surto-no-peru/	https://observador.pt	2023-07-30	"""A Janssen alterou o rótulo da vacina e diz que ela pode provocar síndrome de Guillain Barré. O Peru decretou estado de emergência em razão do atual surto da síndrome."""	Fact Check. Janssen alterou rótulo da vacina com informações sobre síndrome de Guillain Barré depois de surto no Peru	Fact Check. Janssen alterou rótulo da vacina com informações sobre síndrome de Guillain Barré depois de surto no Peru		5	Enganador
https://observador.pt/factchecks/fact-check-alemaes-anti-vacinas-beijaram-se-em-publico-para-protestar/	https://observador.pt	2022-08-10	"""Manifestantes alemães anti-vacinas beijaram-se em público num protesto contra a Covid-19""."	Fact Check. Alemães anti-vacinas beijaram-se em público para protestar	Fact Check. Alemães anti-vacinas beijaram-se em público para protestar		5	Errado
https://observador.pt/factchecks/parlamento-europeu-e-contra-obrigatoriedade-da-vacina-e-certificados-covid/	https://observador.pt	2021-08-22	Parlamento Europeu aprovou resoluções contra obrigatoriedade da vacina e os certificados covid.	Parlamento Europeu é contra obrigatoriedade da vacina e certificados covid	Parlamento Europeu é contra obrigatoriedade da vacina e certificados covid		5	Errado
https://checamos.afp.com/coronavac-e-analisada-por-agencia-sanitaria-da-europa-e-uso-emergencial-foi-validado-pela-oms	https://checamos.afp.com	2021-06-23	Tanto sacrifício na fila pra tomar a vacina chinesa e, quando chego aqui na Europa e mostro o certificado de vacinação, me dizem a mesma coisa em toda parte essa daí aqui não vale	CoronaVac é analisada por agência sanitária da Europa e uso emergencial foi validado pela OMS	CoronaVac é analisada por agência sanitária da Europa e uso emergencial foi validado pela OMS	3	5	Sem contexto
https://projetocomprova.com.br/publica%C3%A7%C3%B5es/infectologista-engana-ao-comparar-imunidade-gerada-por-sarampo-febre-amarela-e-hepatite-b-com-a-gerada-por-covid-19/	https://projetocomprova.com.br	2021-10-22	Ninguém recomenda vacina da gripe após a pessoa ter pego gripe ou hepatite b, sarampo e febre amarela. Por que se recomenda vacina para quem teve covid-19	Infectologista engana ao comparar imunidade gerada por sarampo, febre amarela e hepatite B com a gerada por covid-19	Infectologista engana ao comparar imunidade gerada por sarampo, febre amarela e hepatite B com a gerada por covid-19		5	É ENGANOSO que pessoas que já tiveram covid-19 não precisariam se vacinar. O Sars-CoV-2 tem mutação acelerada e até aqui não se sabe a duração da imunidade
https://www.estadao.com.br/estadao-verifica/vacinas-contra-a-covid-19-nao-foram-proibidas-ao-contrario-do-que-diz-post/	https://estadao.com.br	2023-06-02	Vacinas contra a covid-19 foram proibidas	Vacinas contra a covid-19 não foram proibidas, ao contrário do que diz post	Vacinas contra a covid-19 não foram proibidas, ao contrário do que diz post	1	5	Falso
https://www.aosfatos.org/noticias/e-falso-que-ministro-sul-africano-disse-que-omicron-nao-e-variante-mas-reacao-a-vacina/	https://aosfatos.org	2021-11-29	Ministro da Saúde da frica do Sul disse que ômicron não é variante, mas reação à vacina	falso que ministro sul-africano disse que ômicron não é variante, mas reação à vacina	falso que ministro sul-africano disse que ômicron não é variante, mas reação à vacina	1	5	falso
https://checamos.afp.com/doc.afp.com.323R4YB	https://checamos.afp.com	2022-02-23	Mais de 50 milhões de doses de vacina são recolhidas na Austrália, pois desencadearam 'falsos positivos' em testes de HIV	Austrália não recolheu imunizantes anticovid, suspendeu a criação de uma vacina em 2020	Austrália não recolheu imunizantes anticovid, suspendeu a criação de uma vacina em 2020		5	Enganoso
https://checamos.afp.com/doc.afp.com.9X77QA	https://checamos.afp.com	2022-01-26	Japão declara ao mundo que a ivermectina é mais eficaz que a vacina contra a covid-19	O Japão não declarou que a ivermectina é mais eficaz do que a vacinação contra a covid-19	O Japão não declarou que a ivermectina é mais eficaz do que a vacinação contra a covid-19	1	5	Falso
https://checamos.afp.com/doc.afp.com.339C4RW	https://checamos.afp.com	2023-02-15	Estudo mostra que risco de miocardite é maior para vacinados contra a covid-19	Estudo não provou que vacina anticovid causa cinco vezes mais miocardite do que o próprio vírus	Estudo não provou que vacina anticovid causa cinco vezes mais miocardite do que o próprio vírus	1	5	Falso
https://www.aosfatos.org/noticias/anvisa-nao-aprovou-vacina-pfizer-adolescentes-antes-testes-clinicos/	https://aosfatos.org	2022-01-28	Vacina da Pfizer não foi testada em adolescentes antes da liberação pela Anvisa	Anvisa não aprovou vacina da Pfizer para adolescentes antes de testes clínicos	Anvisa não aprovou vacina da Pfizer para adolescentes antes de testes clínicos	3	5	distorcido
https://noticias.uol.com.br/confere/ultimas-noticias/2021/06/30/ministro-omite-detalhes-ao-defender-governo-apos-denuncias-sobre-vacinas.htm	https://noticias.uol.com.br	2021-06-30	Todas as 100 milhões de vacinas aplicadas em todo o Brasil, compradas pelo governo, foram compradas diretamente dos laboratórios fabricantes. Todas as vacinas foram vendidas para GOVERNO. Não houve nenhuma intermediação	Ministro omite informações ao defender governo após denúncias sobre vacinas	Ministro omite informações ao defender governo após denúncias sobre vacinas	2	5	Insustentável
https://www.bol.uol.com.br/noticias/2023/03/14/covid-nao-significa-certificado-de-vacinacao-com-inteligencia-artificial.htm	https://bol.uol.com.br	2023-03-14	Covid-19 significa certificado de identificação de vacinação com inteligência artificial e 19 é o ano em que foi criado	Covid não significa 'certificado de vacinação com inteligência artificial'	Covid não significa 'certificado de vacinação com inteligência artificial'	1	5	Falso
https://noticias.uol.com.br/comprova/ultimas-noticias/2021/02/04/postagem-usa-video-de-2018-para-afirmar-que-idosa-morreu-apos-tomar-vacina.htm	https://noticias.uol.com.br	2021-02-04	Mulher morreu após vacina	Postagem usa vídeo de 2018 para afirmar que idosa morreu após tomar vacina	Postagem usa vídeo de 2018 para afirmar que idosa morreu após tomar vacina	1	5	Falso
https://noticias.uol.com.br/confere/ultimas-noticias/2023/08/16/pfizer-nao-disse-que-funcionarios-receberam-vacina-especial-contra-covid.htm	https://noticias.uol.com.br	2023-08-06	Pfizer admite que funcionários receberam lote especial de vacina contra covid	Covid: Funcionários da Pfizer não receberam 'vacina especial'	Covid: Funcionários da Pfizer não receberam 'vacina especial'	1	5	Falso
https://checamos.afp.com/doc.afp.com.9VC8W2	https://checamos.afp.com	2021-12-29	Estimativa da FDA mostra que é desnecessário vacinar crianças de 5 a 11 anos contra a covid-19	"Avaliação da FDA não mostra que é ""desnecessário"" vacinar crianças de 5 a 11 anos contra a covid-19"	"Avaliação da FDA não mostra que é ""desnecessário"" vacinar crianças de 5 a 11 anos contra a covid-19"	3	5	Sem contexto
https://observador.pt/factchecks/fact-check-antonio-costa-nunca-foi-vacinado-contra-a-covid-19/	https://observador.pt	2021-07-06	""" claro que António Costa nunca foi vacinado."""	Fact Check. António Costa nunca foi vacinado contra a Covid-19	Fact Check. António Costa nunca foi vacinado contra a Covid-19		5	Errado
https://observador.pt/factchecks/fact-check-vacinas-contra-a-covid-19-eliminam-os-anticorpos-naturais/	https://observador.pt	2021-06-19	"""Esse plasma é feito de anticorpos de pessoas que recuperaram do vírus, mas a vacina elimina esses anticorpos e está a tornar esse plasma ineficaz a tratar outros doentes com Covid-19."""	Fact Check. Vacinas contra a Covid-19 eliminam os anticorpos naturais	Fact Check. Vacinas contra a Covid-19 eliminam os anticorpos naturais		5	Errado
https://checamos.afp.com/doc.afp.com.33DH6F9	https://checamos.afp.com	2023-04-19	Bill Gates inserirá vacinas de mRNA na Coca-Cola para mudar DNA das pessoas	"Bill Gates, Coca-Cola, vacinas de mRNA: é falso o vídeo que diz que componente pode ""controlar"" DNA"	"Bill Gates, Coca-Cola, vacinas de mRNA: é falso o vídeo que diz que componente pode ""controlar"" DNA"	1	5	Falso
https://noticias.uol.com.br/confere/ultimas-noticias/2021/03/25/live-bolsonaro-quinta-feira-25-confere.htm	https://noticias.uol.com.br	2021-03-25	Bolsonaro distorceu dados, mentiu sobre a vacinação no Brasil e voltou a criticar políticas de lockdown para combater a pandemia de covid-19	Em live diferente, Bolsonaro distorce dados de vacinação e critica lockdown	Em live diferente, Bolsonaro distorce dados de vacinação e critica lockdown	1	5	Falso
https://www.aosfatos.org/noticias/voluntaria-que-relatou-febre-e-mal-estar-nao-participou-de-testes-da-coronavac/	https://aosfatos.org	2020-07-27	Voluntária vacinada com CoronaVac, vacina da empresa chinesa, apresentou febre e dor no corpo	Voluntária que relatou febre e mal-estar não participou de testes da CoronaVac	Voluntária que relatou febre e mal-estar não participou de testes da CoronaVac	1	5	falso
https://observador.pt/factchecks/fact-checks-vacina-para-a-covid-vai-permitir-gravar-dados-biometricos/	https://observador.pt	2020-12-21	Segundo a Dr. Christiane Northrup, a vacina Covid permitirá através de monopartículas, e do 5G gravar dados biométricos e etc...!	Fact Checks. Vacina para a Covid vai permitir gravar dados biométricos	Fact Checks. Vacina para a Covid vai permitir gravar dados biométricos		5	Errado
https://projetocomprova.com.br/publica%C3%A7%C3%B5es/ranking-usado-por-bolsonaro-nao-representa-a-realidade-da-imunizacao-no-pais/	https://projetocomprova.com.br	2021-06-14	- Mais de 105 milhões de doses distribuídas a todos os estados do Brasil. - O país é o quarto que mais vacina no mundo.	Ranking usado por Bolsonaro não representa a realidade da imunização no país	Ranking usado por Bolsonaro não representa a realidade da imunização no país		5	Ranking que coloca o Brasil como o 4º país que mais vacina no mundo desconsidera o tamanho da população, se baseia apenas na quantidade total de doses aplicadas, sem diferenciar primeira e segunda doses, e não apresenta a proporção da população que foi imunizada.
https://checamos.afp.com/doc.afp.com.33PY3TP	https://checamos.afp.com	2023-07-26	Filho de Rita Lee afirma que sua mãe faleceu de câncer causado pela vacina covid-19	Filho de Rita Lee não associou câncer da artista à vacina anticovid; sua fala foi distorcida	Filho de Rita Lee não associou câncer da artista à vacina anticovid; sua fala foi distorcida	1	5	Falso
https://www.estadao.com.br/estadao-verifica/diario-anthony-fauci-confissao-virus-vazou-de-laboratorio-falso/	https://estadao.com.br	2026-08-05	Anthony Fauci confessa em diário que coronavírus vazou de laboratório	falso que diário de Anthony Fauci tenha confissões sobre origem ...	falso que diário de Anthony Fauci tenha confissões sobre origem ...	1	5	Falso
https://observador.pt/factchecks/fact-check-estudo-diz-que-80-das-pessoas-sao-imunes-a-covid-19/	https://observador.pt	2020-08-28	A maioria das pessoas é imune ao coronavírus, diz Karl Friston.	Fact Check. Estudo diz que 80% das pessoas são imunes à Covid ...	Fact Check. Estudo diz que 80% das pessoas são imunes à Covid ...		5	Errado
https://observador.pt/factchecks/fact-check-novas-informacoes-provam-que-ivermectina-tem-70-de-eficacia-contra-a-covid-19/	https://observador.pt	2026-08-30	Novas informações provam que ivermectina tem 70% de eficácia contra a Covid-19.	Fact Check. Novas informações provam que ivermectina tem 70 ...	Fact Check. Novas informações provam que ivermectina tem 70 ...		5	Errado
https://checamos.afp.com/doc.afp.com.C48K2T4	https://checamos.afp.com	2026-08-07	Fauci alegou fraudulentamente que a ivermectina não funcionava	Audiência de Anthony Fauci nos EUA faz ressurgir desinformação ...	Audiência de Anthony Fauci nos EUA faz ressurgir desinformação ...	1	5	Falso
https://www.estadao.com.br/estadao-verifica/anthony-fauci-pandemia-senado-cadeira-eletrica/	https://estadao.com.br	2026-08-04	Anthony Fauci vai para a cadeira elétrica	Alvo de campanha de ódio, Fauci não será levado à cadeira elétrica ...	Alvo de campanha de ódio, Fauci não será levado à cadeira elétrica ...		5	Enganoso
https://www.aosfatos.org/noticias/falso-governo-covid-dengue-carnaval/	https://aosfatos.org	2025-02-28	Números de casos de Covid-19, dengue, zika e chikungunya estão sendo ocultados pelo governo por causa do Carnaval	falso que governo escondeu casos de Covid-19 e dengue por ...	falso que governo escondeu casos de Covid-19 e dengue por ...	1	5	falso
https://observador.pt/factchecks/fact-check-bolsonaro-foi-considerado-inocente-apos-comissao-de-inquerito-a-covid-19/	https://observador.pt	2026-08-31	A Polícia Federal encerrou uma das investigações relacionadas aos fatos apurados no contexto da CPI da Covid e, nesse procedimento, não atribuiu crimes ao ex-presidente Jair Bolsonaro.	Bolsonaro foi ilibado por comissão de inquérito à Covid-19 ...	Bolsonaro foi ilibado por comissão de inquérito à Covid-19 ...		5	Errado
https://noticias.uol.com.br/confere/ultimas-noticias/2026/09/17/ivermectin-nao-tem-70-de-eficacia-no-tratamento-da-covid-19.ghtm	https://noticias.uol.com.br		Ivermectina tem 70% de eficácia contra covid-19	Ivermectina não tem 70% de eficácia no tratamento da covid-19	Ivermectina não tem 70% de eficácia no tratamento da covid-19	1	5	Falso
https://noticias.uol.com.br/confere/ultimas-noticias/2025/03/10/e-falso-que-governo-esteja-escondendo-alta-de-covid-19.htm	https://noticias.uol.com.br		Covid está em alta e o governo está escondendo por causa do carnaval	falso que governo escondeu casos de covid por causa do Carnaval	falso que governo escondeu casos de covid por causa do Carnaval	1	5	Falso
https://www.estadao.com.br/estadao-verifica/covid-criancas-sem-comorbidades-vacina/	https://estadao.com.br	2025-04-01	Crianças sadias não morrem por covid-19 e não há estudos que comprovem benefício da vacina	Covid também afeta crianças sem comorbidades; estudos mostram ...	Covid também afeta crianças sem comorbidades; estudos mostram ...	1	5	Falso
https://www.estadao.com.br/estadao-verifica/postagem-desinforma-ao-dizer-que-pesquisadores-descobriram-relacao-entre-vacina-e-covid-longa/	https://estadao.com.br	2024-03-18	Médicos americanos após examinar mil pacientes descobriram que a covid longa se desenvolveu em 70% dos casos após a vacina e não após a infecção.	Postagem desinforma ao dizer que pesquisadores descobriram ...	Postagem desinforma ao dizer que pesquisadores descobriram ...		5	Enganoso
https://observador.pt/factchecks/fact-check-o-nome-covid-19-significa-doenca-originaria-da-china/	https://observador.pt	2021-02-08	Odeio ter que explicar isto a todos os idiotas que se consideram jornalistas. A Covid-19 quer literalmente dizer doença viral infecciosa originada na China e o número 19 é por se tratar do 19 vírus a ter origem na China.	Covid-19 significa doença originária da China	Covid-19 significa doença originária da China		5	Errado
https://www.estadao.com.br/estadao-verifica/carnaval-novos-casos-covid-dengue-zika-chikungunya/	https://estadao.com.br	2025-03-04	udio diz que governo espera passar o carnaval para revelar nova onda de covid, zika e dengue	Carnaval: áudio engana ao dizer que governo estaria escondendo ...	Carnaval: áudio engana ao dizer que governo estaria escondendo ...		5	Enganoso
https://www.aosfatos.org/noticias/nao-existe-taxa-de-sobrevivencia-covid-19-citada-em-posts-nas-redes-sociais/	https://aosfatos.org	2020-05-21	Talvez olhando desse ângulo a histeria diminua.	Não existe a taxa de sobrevivência à Covid-19 citada em posts nas ...	Não existe a taxa de sobrevivência à Covid-19 citada em posts nas ...	1	5	falso
https://www.estadao.com.br/estadao-verifica/anthony-fauci-covid-distanciamento-social-uso-mascaras/	https://estadao.com.br	2024-06-05	Distanciamento social e uso de máscaras em crianças foram regras criadas por Anthony FAuci sem base científica	Anthony Fauci não inventou a necessidade de distanciamento ...	Anthony Fauci não inventou a necessidade de distanciamento ...		5	Enganoso
https://www.estadao.com.br/estadao-verifica/relatorio-feito-por-congressistas-americanos-nao-prova-que-bolsonaro-tinha-razao-sobre-covid/	https://estadao.com.br	2024-12-16	Bolsonaro tinha razão sobre origem do vírus da covid-19.	Relatório feito por congressistas americanos não prova que ...	Relatório feito por congressistas americanos não prova que ...		5	Enganoso
https://www.aosfatos.org/noticias/bolsonaristas-resgatam-video-antigo-de-drauzio-varella-para-difundir-desinformacao-sobre-covid-19/	https://aosfatos.org	2020-03-22	Drauzio Varella defende que brasileiros não fiquem em quarentena	Bolsonaristas resgatam vídeo antigo de Drauzio Varella para ...	Bolsonaristas resgatam vídeo antigo de Drauzio Varella para ...	1	5	falso
https://www.aosfatos.org/noticias/falso-governo-alemao-pandemia-covid-farsa/	https://aosfatos.org	2024-05-03	Governo alemão assume que não houve pandemia de Covid-19	Governo alemão não disse que pandemia de Covid-19 foi uma farsa	Governo alemão não disse que pandemia de Covid-19 foi uma farsa	1	5	falso
https://www.aosfatos.org/noticias/nao-e-verdade-que-vacina-contra-covid-19-cause-dano-irreversivel-ao-dna-humano/	https://aosfatos.org	2020-09-10	Robert F. Kennedy escreve texto que diz que vacinas de mRNA contra Covid-19 causam danos irreversíveis ao DNA humano.	Não é verdade que vacina contra Covid-19 cause dano irreversível ...	Não é verdade que vacina contra Covid-19 cause dano irreversível ...	1	5	falso
https://www.estadao.com.br/estadao-verifica/fauci-criou-covid-deletou-emails-enganoso/	https://estadao.com.br	2024-06-13	Fauci teria afirmado ser um dos criadores da covid-19 e deletado e-mails sobre origem do vírus	Post engana ao dizer que Fauci teria afirmado ser um dos criadores ...	Post engana ao dizer que Fauci teria afirmado ser um dos criadores ...		5	Enganoso
https://observador.pt/factchecks/dgs-defende-que-covid-nao-se-propaga-a-quem-esta-sentado/	https://observador.pt	2020-09-15	DGS diz que Covid-19 não se propaga caso as pessoas estejam sentadas	Covid não se transmite se estivermos sentados	Covid não se transmite se estivermos sentados		5	Errado
https://observador.pt/factchecks/fact-check-as-tomas-experimentais-da-vacina-contra-a-covid-19-causaram-501-mortes-nos-eua/	https://observador.pt	2021-02-22	Os dados vão até 29 de janeiro de 2021, com 11.249 eventos adversos registados, incluindo 501 mortes após injeções experimentais de RNA, COVID, da Pfizer e Moderna	Covid. Vacinas fazem 501 mortes nos EUA	Covid. Vacinas fazem 501 mortes nos EUA		5	Errado
https://observador.pt/factchecks/fact-check-covid-19-desaparece-com-o-tempo-quente-e-reaparece-quando-as-temperaturas-baixam/	https://observador.pt	2021-12-28	"""A Covid desaparece com o tempo quente, porque as vacinas são excelentes. E aumenta com o tempo frio porque surgem novas variantes"""	"Covid-19 ""desaparece com o tempo quente"""	"Covid-19 ""desaparece com o tempo quente"""		5	Errado
https://observador.pt/factchecks/fact-check-covid-nao-existe-e-pandemia-foi-combinada-em-outubro-de-2019-no-evento-201/	https://observador.pt	2020-05-31	COVID 19 NO EXISTE!!! A pandemia foi combinada num encontro a 18 de outubro de 2019, o chamado evento 201, patrocinado pelo John Hopkins Inst. e por Bill&Melinda Gates Foundation	"Pandemia foi combinada em ""evento 201"""	"Pandemia foi combinada em ""evento 201"""		5	Errado
https://observador.pt/factchecks/fact-check-responsavel-da-autoridade-de-saude-norte-americana-assume-que-vacina-contra-covid-provoca-doencas-debilitantes/	https://observador.pt	2023-02-24	"""Bomba: O diretor da Força-Tarefa do CDC, admitiu que as vacinas C-19 causam doenças debilitantes"""	"Vacina Covid. CDC assume ""doenças debilitantes""  Observador"	"Vacina Covid. CDC assume ""doenças debilitantes""  Observador"		5	Errado
https://observador.pt/factchecks/fact-check-vacinas-nao-criam-imunidade-contra-a-covid-19/	https://observador.pt	2021-06-29	"""Vacinas contra a Covid-19 não criam imunidade"""	Fact Check. Vacinas não criam imunidade contra a Covid-19	Fact Check. Vacinas não criam imunidade contra a Covid-19		5	Errado
https://observador.pt/factchecks/fact-check-vacinas-nao-protegem-contra-a-infeccao-transmissao-e-mortes-por-covid-19/	https://observador.pt	2021-10-18	"""A injeção não previne infeção, transmissão ou mortes. Então o certificado não se trata de saúde, mas sim de controle."""	Fact Check. Vacinas não protegem da Covid-19	Fact Check. Vacinas não protegem da Covid-19		5	Errado
https://observador.pt/factchecks/fact-check-bill-gates-e-o-responsavel-pela-pandemia-de-covid-19/	https://observador.pt	2021-05-24	"""Lembrei deste vídeo onde diz que Bill Gates já tinha investido 10 mil milhões de dólares em vacinas e Bill Gates diz que o retorno no investimento nas vacinas é de 20 para 1. Dizia isto antes da pandemia."""	Fact Check. Bill Gates é o responsável pela pandemia de Covid-19	Fact Check. Bill Gates é o responsável pela pandemia de Covid-19		5	Errado
https://www.aosfatos.org/noticias/covid-19-nao-quer-dizer-certificado-internacional-de-vacinacao-com-inteligencia-artificial/	https://aosfatos.org	2020-09-01	Covid-19 significa: Certificado de Identificação de Vacinação com Inteligência Artificial	Covid-19 não quer dizer 'Certificado Internacional de Vacinação ...	Covid-19 não quer dizer 'Certificado Internacional de Vacinação ...	1	5	falso
https://checamos.afp.com/os-cdc-nao-anunciaram-que-covid-19-causou-somente-6-das-mortes-atribuidas-essa-doenca	https://checamos.afp.com	2020-09-02	Somente 6% das mortes da pandemia foram causadas exclusivamente por COVID-19, revela CDC	Os CDC não anunciaram que a covid-19 causou somente 6% das ...	Os CDC não anunciaram que a covid-19 causou somente 6% das ...	1	5	Falso
https://observador.pt/factchecks/fact-check-vacina-que-cura-doentes-covid-19-em-tres-horas-vai-ser-lancada-no-domingo/	https://observador.pt	2020-03-24	"""Boas notícias! Vacina contra o vírus corona pronta. Capaz de curar o paciente 3 horas após à injeção. Tiremos o chapéu para os cientistas dos EUA. No momento, Trump anunciou que a Roche Medical Company lançará a vacina no próximo domingo e milhões de doses estão prontas!"""	Vacina contra a Covid-19 será lançada no domingo	Vacina contra a Covid-19 será lançada no domingo		5	Errado
https://www.estadao.com.br/estadao-verifica/cdc-fraudou-99-mortes-covid-eua-agosto/	https://estadao.com.br	2023-10-04	CDC admite que falsificou 99% das mortes por covid-19 para assustar o público e fazê-lo tomar a vacina	falso que o CDC fraudou 99% dos registros de morte por covid ...	falso que o CDC fraudou 99% dos registros de morte por covid ...	1	5	Falso
https://checamos.afp.com/medico-canadense-afirma-falsamente-que-pandemia-de-covid-19-e-uma-farsa	https://checamos.afp.com	2020-12-09	"Médico canadense fala sobre a covid-19 e diz que o ""vírus chinês"" é a ""maior farsa"" já perpetrada"	Médico canadense afirma falsamente que a pandemia de covid-19 ...	Médico canadense afirma falsamente que a pandemia de covid-19 ...		5	Enganoso
https://projetocomprova.com.br/publica%C3%A7%C3%B5es/video-engana-ao-afirmar-que-virus-da-covid-19-existe-desde-2003/	https://projetocomprova.com.br	2020-06-19	Matéria da revista Saúde de maio de 2003 já falava sobre o coronavírus	Vídeo engana ao afirmar que vírus da covid-19 existe desde 2003	Vídeo engana ao afirmar que vírus da covid-19 existe desde 2003		5	"Enganoso: Vídeo mostra reportagem da revista ""Saúde É Vital"" de 2003, que trata do vírus que causou o surto da Síndrome Respiratória Aguda Severa (Sars, na sigla em inglês) há 17 anos – e não do Sars-Cov-2, ou novo coronavírus, que causa a covid-19 Lula Zeppeliano"
https://www.estadao.com.br/estadao-verifica/cloroquina-mais-eficaz-que-vacina-noticias-antiga/	https://estadao.com.br	2023-03-10	Imprensa brasileira admite que cloroquina é mais eficaz que vacinas contra covid	Vídeo distorce notícias antigas para dizer que cloroquina é mais ...	Vídeo distorce notícias antigas para dizer que cloroquina é mais ...	1	5	Falso
https://www.aosfatos.org/noticias/video-de-teste-positivo-para-covid-19-em-kiwi-nao-prova-que-exames-sao-ineficazes/	https://aosfatos.org	2021-01-11	"Cientistas italianos submeteram um kiwi ao teste para Corona. . Deu positivo. Fé nos testes da ""Siênssia"". E você acreditando em segunda onda. Desse jeito qualquer pessoa testa positivo."	Vídeo de teste positivo para Covid-19 em kiwi não prova que ...	Vídeo de teste positivo para Covid-19 em kiwi não prova que ...	1	5	falso
https://observador.pt/factchecks/fact-check-covid-19-e-muito-menos-letal-que-a-gripe/	https://observador.pt	2020-10-08	"""Muitas pessoas todos os anos, às vezes mais de 100 mil, e apesar da vacina, morrem de gripe. Vamos fechar o nosso país Não""."	"Fact Check. Covid-19 é ""muito menos letal"" que a gripe"	"Fact Check. Covid-19 é ""muito menos letal"" que a gripe"		5	Errado
https://www.aosfatos.org/noticias/posts-enganam-ao-comparar-dados-oficiais-de-morte-por-covid-19-com-estimativas-de-obito-por-outras-causas/	https://aosfatos.org	2020-12-11	A pandemia do novo coronavírus não é grave porque houve mais mortes por outras causas.	Posts enganam ao comparar dados oficiais de morte por Covid-19 ...	Posts enganam ao comparar dados oficiais de morte por Covid-19 ...	1	5	falso
https://observador.pt/factchecks/fact-check-vacina-coronavac-pode-matar-mais-que-a-covid-19/	https://observador.pt	2020-10-28	5% de letalidade. População toda vacinada vai matar mais que o covid. No momento nenhuma vacina deve ter obrigatória! se não morrer pelo vírus, pode morrer por se imunizar.	Fact Check. Vacina CoronaVac pode matar mais que a Covid-19	Fact Check. Vacina CoronaVac pode matar mais que a Covid-19		5	Errado
https://www.estadao.com.br/estadao-verifica/deputado-repete-alegacoes-enganosas-sobre-ineficacia-das-vacinas-contra-covid-19/	https://estadao.com.br	2023-05-18	Vacinas contra a covid-19 não reduziram o número de óbitos pela doença. Imunidade natural dos infectados foi a responsável pela queda.	Deputado repete alegações enganosas sobre ineficácia das ...	Deputado repete alegações enganosas sobre ineficácia das ...		5	Enganoso
https://observador.pt/factchecks/fact-check-pandemia-da-covid-19-ainda-nao-matou-nenhum-politico/	https://observador.pt	2020-08-07	"""Que estranho, um vírus tão mortal que não matou nenhum político... Será que o ""vírus"" é corrupto"""	Fact Check. Pandemia da Covid-19 ainda não matou nenhum ...	Fact Check. Pandemia da Covid-19 ainda não matou nenhum ...		5	Errado
https://www.aosfatos.org/noticias/pazuello-engana-ao-afirmar-que-ministerio-nao-indica-drogas-sem-eficacia-comprovada-contra-covid-19/	https://aosfatos.org	2021-01-18	O Ministério não tem protocolos sobre isso [tratamento precoce de Covid-19 com uso de medicamentos], nem poderia ter.	Pazuello mente sobre tratamento precoce para Covid-19; termo tem ...	Pazuello mente sobre tratamento precoce para Covid-19; termo tem ...	1	5	falso
https://noticias.uol.com.br/confere/ultimas-noticias/2024/10/21/nao-ha-registro-de-aumento-de-700-em-mortes-de-cidades-australianas.htm	https://noticias.uol.com.br		Diretor de funerária na Austrália alerta para o assombroso aumento de 700% nas mortes em áreas 100% vacinadas contra a Covid-19.	Não há registro de aumento de 700% em mortes de vacinados na Austrália	Não há registro de aumento de 700% em mortes de vacinados na Austrália	1	5	Falso
https://www.estadao.com.br/estadao-verifica/elementos-quimicos-mortais-nao-listados-vacina-covid-argentina-falso/	https://estadao.com.br	2024-10-31	Autoridades de saúde da Argentina pediram suspensão da vacinação com vacinas de mRNA após pesquisadores acharem 55 elementos químicos não listados nas bulas de seis vacinas	Artigo citado em peça de desinformação não serve para indicar ...	Artigo citado em peça de desinformação não serve para indicar ...	1	5	Falso
https://observador.pt/factchecks/fact-check-japao-ameaca-bill-gates-depois-de-serem-encontradas-substancias-que-provocam-aborto-nas-vacinas-anti-covid/	https://observador.pt	2024-10-29	Japão alerta Bill Gates que seus 'dias estão contados' após medicamentos abortivos serem encontrados em vacinas.	Japão ameaça Bill Gates devido às vacinas Covid	Japão ameaça Bill Gates devido às vacinas Covid		5	Errado
https://www.estadao.com.br/estadao-verifica/excesso-de-mortes-pandemia-vacina-covid/	https://estadao.com.br	2024-06-13	Pesquisadores sugeriram que o aumento no número de mortes nos últimos anos está diretamente relacionado com as vacinas contra a covid-19.	Pesquisa sobre excesso de mortes durante pandemia é distorcida ...	Pesquisa sobre excesso de mortes durante pandemia é distorcida ...		5	Enganoso
https://observador.pt/factchecks/fact-check-governo-britanico-alertou-para-mortes-em-numero-sem-precedentes-de-jovens-vacinados-contra-a-covid-19/	https://observador.pt	2024-05-28	O governo do Reino Unido alertou que os jovens vacinados estão morrendo em números sem precedentes desde o lançamento da vacina mRNA COVID.	Covid. Reino Unido alertou para mortes de jovens	Covid. Reino Unido alertou para mortes de jovens		5	Errado
https://projetocomprova.com.br/publica%C3%A7%C3%B5es/post-engana-ao-associar-sintomas-da-covid-longa-as-vacinas/	https://projetocomprova.com.br	2024-06-17	Proteína spike provoca síndrome de inflamação crônica	Post engana ao associar sintomas da covid longa às vacinas	Post engana ao associar sintomas da covid longa às vacinas		5	Enganoso: Órgãos de saúde, pesquisas e especialistas apontam que estas condições estão ligadas a consequências da doença e não da vacina.
https://www.estadao.com.br/estadao-verifica/orgao-de-saude-alemao-nao-determinou-que-lockdown-e-prejudicial-nem-que-covid-mata-igual-a-gripe/	https://estadao.com.br	2024-04-02	Conselheiros do governo alemão dizem que lockdown traria mais consequências maléficas do que o vírus, que o uso de máscara era questionável e que a mortalidade da Covid era parecida com a da gripe.	rgão de saúde alemão não determinou que lockdown é prejudicial, nem que covid mata igual à gripe	rgão de saúde alemão não determinou que lockdown é prejudicial, nem que covid mata igual à gripe		5	Enganoso
https://noticias.uol.com.br/comprova/ultimas-noticias/2024/04/02/orgao-de-saude-alemao-nao-determinou-que-lockdown-era-prejudicial.htm	https://noticias.uol.com.br		Descobriram documentos oficiais do RKI Robert Koch Institut, a Anvisa alemã, que confirmaram todas as teorias dos negacionistas. Segundo os próprios conselheiros do governo para a questão da pandemia, o lockdown traria mais consequências maléficas do que o vírus. O uso de máscara era questionável e que a mortalidade da COVID era parecida com a da gripe. Ou seja, tudo aquilo que quem falou, quando da pandemia, era perseguido e até processado criminalmente	rgão de saúde alemão não determinou que lockdown era prejudicial	rgão de saúde alemão não determinou que lockdown era prejudicial		5	Enganoso
https://www.estadao.com.br/estadao-verifica/medico-desinforma-ao-criticar-inclusao-de-vacinas-contra-covid-em-programa-nacional-de-imunizacoes/	https://estadao.com.br	2024-03-25	Vacina pediátrica contra a covid-19 não foi incluída no PNI, por isso, pais não são obrigados a vacinar os filhos	Médico desinforma ao criticar inclusão de vacinas contra covid em ...	Médico desinforma ao criticar inclusão de vacinas contra covid em ...		5	Enganoso
https://projetocomprova.com.br/publica%C3%A7%C3%B5es/casos-de-pneumonia-citados-em-video-nao-tem-relacao-comprovada-com-covid/	https://projetocomprova.com.br	2024-03-14	A covid agora virou pneumonia	Casos de pneumonia citados em vídeo não têm relação ...	Casos de pneumonia citados em vídeo não têm relação ...	5	5	Enganoso: A pneumonia pode ser provocada por diversos fatores ou agentes, inclusive o SARS-CoV-2, vírus causador da covid-19. Mas são doenças diferentes.
https://observador.pt/factchecks/fact-check-portugal-comprou-testes-para-a-covid-19-em-2018/	https://observador.pt	2020-10-19	"""O governo, com testes covid comprados em 2018 como o comprova um documento do Banco Mundial, cancelou milhões de consultas e cirurgias, matando milhares de cidadãos e levando muitos outros ao suicídio com a destruição da economia."""	Fact Check. Portugal comprou testes para a Covid-19 em 2018	Fact Check. Portugal comprou testes para a Covid-19 em 2018		5	Errado
https://observador.pt/factchecks/beber-agua-morna-com-limao-previne-o-contagio-pelo-coronavirus/	https://observador.pt	2020-03-14	O vírus Corona ou COVD-19 chegará a qualquer país mais cedo ou mais tarde .... Corte o limão em três partes e colocado em um copo, depois despeje água quente e transforme-a em água alcalina, beba todos os dias .... O tratamento com esse extrato destrói apenas células malignas.	Beber água morna com limão previne o contágio pelo coronavírus	Beber água morna com limão previne o contágio pelo coronavírus		5	Errado
https://noticias.uol.com.br/comprova/ultimas-noticias/2020/08/12/post-com-capsula-vazia-nao-prova-conspiracao-contra-cloroquina.htm	https://noticias.uol.com.br	2020-08-13	Vídeo dizia que cápsulas vazias de cloroquina estavam sendo distribuídas para provar que cloroquina não cura a covid-19	"Post com cápsula vazia não prova ""conspiração"" contra cloroquina"	"Post com cápsula vazia não prova ""conspiração"" contra cloroquina"	1	5	Falso
https://www.aosfatos.org/noticias/e-falso-que-esposa-de-ceo-da-pfizer-morreu-apos-tomar-vacina-contra-covid-19/	https://aosfatos.org	2021-11-19	Esposa de CEO da Pfizer morreu após tomar vacina contra Covid-19	falso que esposa de CEO da Pfizer morreu após tomar vacina contra Covid-19	falso que esposa de CEO da Pfizer morreu após tomar vacina contra Covid-19	1	5	falso
https://noticias.uol.com.br/confere/ultimas-noticias/2020/03/30/coronavirus-nao-foi-criado-em-laboratorio-pelo-partido-comunista-da-china.htm	https://noticias.uol.com.br	2020-03-30	Coronavírus foi criado em laboratório pelo Partido Comunista Chinês	Coronavírus não foi criado em laboratório do Partido Comunista da China	Coronavírus não foi criado em laboratório do Partido Comunista da China	1	5	Falso
https://checamos.afp.com/esta-mulher-foi-presa-por-discutir-com-funcionarios-e-o-video-mostra-dois-incidentes-diferentes	https://checamos.afp.com	2020-04-13	Este vídeo mostra uma mulher, contaminada com coronavírus, sendo presa após cuspir em frutas em um mercado na Austrália	Esta mulher foi presa por discutir com funcionários e o vídeo mostra dois incidentes diferentes	Esta mulher foi presa por discutir com funcionários e o vídeo mostra dois incidentes diferentes		5	Enganoso
https://www.aosfatos.org/noticias/mayra-pinheiro-usa-informacoes-falsas-para-defender-cloroquina-na-cpi/	https://aosfatos.org	2021-05-25	O Ministério da Saúde nunca indicou tratamentos para a Covid-19.	Mayra Pinheiro usa informações falsas para defender cloroquina na CPI	Mayra Pinheiro usa informações falsas para defender cloroquina na CPI	1	5	falso
https://noticias.uol.com.br/confere/ultimas-noticias/2021/05/25/checagem-cpi-da-covid-mayra-pinheiro-capita-cloroquina.htm	https://noticias.uol.com.br	2021-05-25	O Ministério da Saúde nunca indicou tratamentos para a Covid-19.	Em CPI, Mayra faz alegações falsas sobre cloroquina e oxigênio no AM	Em CPI, Mayra faz alegações falsas sobre cloroquina e oxigênio no AM	1	5	Falso
https://observador.pt/factchecks/fact-check-jesus-perdeu-amigo-e-isso-prova-que-dgs-esta-a-esconder-mortes/	https://observador.pt	2020-03-15	Já perdi alguns amigos: Um. Isto do coronavírus não é uma brincadeira.	Fact Check. Jesus perdeu amigo e isso prova que DGS está a esconder mortes	Fact Check. Jesus perdeu amigo e isso prova que DGS está a esconder mortes		5	Errado
https://checamos.afp.com/doc.afp.com.32EH4MU	https://checamos.afp.com	2022-07-15	Teste de Covid-19 contaminado	Este vídeo não prova que os testes de covid-19 venham contaminados	Este vídeo não prova que os testes de covid-19 venham contaminados	1	5	Falso
https://checamos.afp.com/imagem-de-maju-coutinho-sem-mascara-na-praia-e-de-maio-de-2019-antes-da-pandemia-de-coronavirus	https://checamos.afp.com	2021-01-04	Foto mostra a jornalista Maju Coutinho na praia sem máscara durante a pandemia de covid-19	Imagem de Maju Coutinho sem máscara na praia é de maio de 2019, antes da pandemia de coronavírus	Imagem de Maju Coutinho sem máscara na praia é de maio de 2019, antes da pandemia de coronavírus	1	5	Falso
https://www.estadao.com.br/estadao-verifica/funcionario-sucen-infarto-vacina-bivalente/	https://estadao.com.br	2023-03-07	Servidor da Sucen de Nhadeara foi parar na UTI após receber vacina bivalente contra a covid-19	falso que servidor da saúde de SP tenha enfartado após tomar vacina bivalente contra covid	falso que servidor da saúde de SP tenha enfartado após tomar vacina bivalente contra covid	1	5	Falso
https://www.aosfatos.org/noticias/drenagem-postural-nao-e-eficaz-para-tratar-falta-de-ar-em-pacientes-com-covid-19/	https://aosfatos.org	2021-03-02	Drenagem postural é eficaz para tratar falta de ar em pacientes com Covid-19	Drenagem postural não é eficaz para tratar falta de ar em pacientes com Covid-19	Drenagem postural não é eficaz para tratar falta de ar em pacientes com Covid-19	1	5	falso
https://www.estadao.com.br/estadao-verifica/florida-vacina-covid-arma-biologica/	https://estadao.com.br	2023-07-22	Governo da Flórida declarou vacina contra a covid-19 uma arma biológica	Não, governo da Flórida não declarou que vacina contra a covid-19 é arma biológica	Não, governo da Flórida não declarou que vacina contra a covid-19 é arma biológica	1	5	Falso
https://noticias.uol.com.br/comprova/ultimas-noticias/2020/09/04/pl-nao-preve-prisao-para-quem-se-recusar-a-tomar-vacina-contra-a-covid-19.htm	https://noticias.uol.com.br	2020-09-04	Post afirmava que projeto de lei previa prisão para quem não tomasse a vacina para covid-19	PL não prevê prisão para quem se recusar a tomar vacina contra a covid-19	PL não prevê prisão para quem se recusar a tomar vacina contra a covid-19	1	5	Falso
https://www.aosfatos.org/noticias/e-falso-que-foto-da-praia-de-ipanema-lotada-publicada-pelo-estadao-seja-antiga/	https://aosfatos.org	2020-09-01	Estadão publicou foto antiga da praia de Ipanema lotada para dizer que houve aglomeração durante pandemia de Covid-19	falso que foto da praia de Ipanema lotada publicada pelo Estadão seja antiga	falso que foto da praia de Ipanema lotada publicada pelo Estadão seja antiga	1	5	falso
https://www.aosfatos.org/noticias/prisao-de-professor-de-harvard-ligado-universidade-de-wuhan-nao-tem-relacao-com-covid-19/	https://aosfatos.org	2020-04-09	EUA descobre o homem que fabricou e vendeu o virus Covid-19 à China. Chama-se Dr Charles Lieber, Chefe do Departamento de Quimica e Biologia na Universidade de Hravard, EUA. Acabou de ser preso hoje segundo fontes do Departamento Americano.	Prisão de professor de Harvard ligado à universidade de Wuhan não tem relação com Covid-19	Prisão de professor de Harvard ligado à universidade de Wuhan não tem relação com Covid-19	1	5	falso
https://observador.pt/factchecks/fact-check-florida-declarou-que-vacinas-mrna-sao-uma-arma-biologica/	https://observador.pt	2023-08-29	"""Flórida declara como ilegais as vacinas utilizadas contra o novo coronavírus"""	"Fact Check. Florida declarou que vacinas mRNA são ""uma arma biológica"""	"Fact Check. Florida declarou que vacinas mRNA são ""uma arma biológica"""		5	Errado
https://observador.pt/factchecks/fact-check-bbc-news-admitiu-que-vacinas-contra-covid-provocou-excesso-de-mortes/	https://observador.pt	2023-06-05	"""BBC News admitiu que as vacinas contra a Covid causaram 'excesso de mortes' em 2022."""	"Fact Check. BBC News admitiu que vacinas contra Covid provocou ""excesso de mortes"""	"Fact Check. BBC News admitiu que vacinas contra Covid provocou ""excesso de mortes"""		5	Errado
https://noticias.uol.com.br/comprova/ultimas-noticias/2020/08/20/covid-arthur-weintraub-insinua-fraude-sobre-mortes-com-dado-desatualizado.htm	https://noticias.uol.com.br	2020-08-20	Arthur Weintraub insinuou fraude nos registros de morte por covid-19	Covid: Arthur Weintraub insinua fraude sobre mortes com dado desatualizado	Covid: Arthur Weintraub insinua fraude sobre mortes com dado desatualizado	1	5	Falso
https://checamos.afp.com/doc.afp.com.33DD7M7	https://checamos.afp.com	2023-04-17	A Suíça ordenou a suspensão imediata das vacinas contra a covid-19	A Suíça não suspendeu as vacinas anticovid; elas não são mais recomendadas frente à baixa de casos	A Suíça não suspendeu as vacinas anticovid; elas não são mais recomendadas frente à baixa de casos		5	Enganoso
https://projetocomprova.com.br/publica%C3%A7%C3%B5es/estudo-da-lancet-nao-levou-estados-e-municipios-a-deixarem-de-receitar-cloroquina/	https://projetocomprova.com.br	2020-08-17	Vídeo em que um médico diz que vários estados e prefeituras deixaram de prescrever a cloroquina por causa do estudo da Lancet, retratado em junho, o que teria causado a morte de pacientes com covid-19.	Estudo da Lancet não levou estados e municípios a deixarem de receitar cloroquina	Estudo da Lancet não levou estados e municípios a deixarem de receitar cloroquina	1	5	FALSO: Não há nenhuma comprovação de que governos estaduais ou prefeituras, no Brasil, tenham restringido o uso de cloroquina durante período em que esteve publicado um estudo na revista Lancet. Além disso, não existe comprovação científica de que a cloroquina tenha eficácia contra o novo coronavírus
https://noticias.uol.com.br/comprova/ultimas-noticias/2020/06/16/os-70-dias-do-comprova-na-checagem-de-informacoes-duvidosas-sobre-a-covid.htm	https://noticias.uol.com.br	2020-06-16	Jornalistas do Comprova fazem um relato do trabalho de verificação no período em que o projeto esteve dedicado exclusivamente à checagem de conteúdos suspeitos sobre o novo coronavírus	Os 70 dias do Comprova na checagem de informações duvidosas sobre covid-19	Os 70 dias do Comprova na checagem de informações duvidosas sobre covid-19		5	Sátira
https://www.aosfatos.org/noticias/dieta-rica-em-alimentos-alcalinos-nao-e-capaz-de-eliminar-o-coronavirus/	https://aosfatos.org	2020-12-09	Tudo o que precisamos fazer para eliminar o novo coronavírus é consumir mais alimentos alcalinos.	Dieta rica em alimentos alcalinos não é capaz de eliminar o coronavírus	Dieta rica em alimentos alcalinos não é capaz de eliminar o coronavírus	1	5	falso
https://checamos.afp.com/esta-foto-nao-mostra-o-ato-contra-restricoes-por-covid-19-em-berlim-mas-um-festival-de-musica	https://checamos.afp.com	2020-08-04	Esta foto foi tirada durante a manifestação realizada em Berlim em 01082020 contra as restrições impostas para combater o novo coronavírus	Esta foto não mostra o ato contra restrições por COVID-19 em Berlim, mas um festival de música	Esta foto não mostra o ato contra restrições por COVID-19 em Berlim, mas um festival de música	1	5	Falso
https://www.aosfatos.org/noticias/falso-documento-pfizer-pagou-aprovacao-vacina-eua/	https://aosfatos.org	2022-03-23	Pfizer pagou US$ 2,8 milhões para ter a vacina contra Covid-19 aprovada nos EUA	falso que documento atesta que Pfizer pagou por aprovação de vacina nos EUA	falso que documento atesta que Pfizer pagou por aprovação de vacina nos EUA	1	5	falso
https://observador.pt/factchecks/fact-check-red-bull-testa-positivo-para-covid-19/	https://observador.pt	2021-02-26	"""Redbull Positivo para Covid-19"""	Fact Check. Red Bull testa positivo para Covid-19	Fact Check. Red Bull testa positivo para Covid-19		5	Errado
https://checamos.afp.com/doc.afp.com.32C622B	https://checamos.afp.com	2022-06-08	Varíola do macaco é herpes-zóster, uma reação da vacina contra a covid-19	Varíola do macaco não é herpes-zóster, em reação à vacina contra a covid-19	Varíola do macaco não é herpes-zóster, em reação à vacina contra a covid-19	1	5	Falso
https://noticias.uol.com.br/confere/ultimas-noticias/2021/02/20/covid-19-nao-mata-apenas-idosos-e-doentes-cronicos.htm	https://noticias.uol.com.br	2021-02-20	Covid-19 mata apenas idosos e doentes crônicos	Covid-19 não mata apenas idosos e doentes crônicos	Covid-19 não mata apenas idosos e doentes crônicos	1	5	Falso
https://noticias.uol.com.br/confere/ultimas-noticias/2021/03/23/post-otimista-sobre-vacinas-omite-2-dose-e-confunde-previsao-com-realidade.htm	https://noticias.uol.com.br	2021-03-23	Publicação prega otimismo sobre vacinação contra a covid-19, mas confunde e omite informações	Post otimista sobre vacinas omite 2 dose e confunde previsão com realidade	Post otimista sobre vacinas omite 2 dose e confunde previsão com realidade	2	5	Insustentável
https://noticias.uol.com.br/confere/ultimas-noticias/2023/08/29/criador-pcr-covid.htm	https://noticias.uol.com.br	2023-08-29	Explicação da farsa do teste RT-PCR, usado mundialmente para supostamente detectar o coronavírus e diagnosticar 'casos' de Covid	Mensagem distorce fala do criador da técnica PCR para minimizar covid-19	Mensagem distorce fala do criador da técnica PCR para minimizar covid-19	3	5	Distorcido
https://observador.pt/factchecks/fact-check-governo-conseguiu-antecipar-objetivo-de-vacinacao-contra-a-covid-19/	https://observador.pt	2021-07-14	O objetivo de chegar ao início deste verão com 70% da população adulta vacinada contra a Covid-19 com pelo menos uma dose foi atingido na passada sexta-feira [9 de julho], antecipando a meta que tinha sido definida pelo Governo	Fact Check. Governo conseguiu antecipar objetivo de vacinação contra a Covid-19	Fact Check. Governo conseguiu antecipar objetivo de vacinação contra a Covid-19		5	Errado
https://www.estadao.com.br/estadao-verifica/video-manipulado-jornalista-confrontou-bill-gates-vacinas/	https://estadao.com.br	2023-03-14	Jornalista confronta Bill Gates sobre vacinas contra a covid-19.	Vídeo é manipulado para parecer que jornalista confrontou Bill Gates sobre vacinas	Vídeo é manipulado para parecer que jornalista confrontou Bill Gates sobre vacinas	1	5	Falso
https://checamos.afp.com/imagem-de-flamingos-em-veneza-e-uma-montagem-e-nao-uma-consequencia-da-quarentena-contra-covid-19	https://checamos.afp.com	2020-05-12	Flamingos ocuparam Veneza como consequência da quarentena contra o novo coronavírus	Imagem de flamingos em Veneza é uma montagem, e não uma consequência da quarentena contra a COVID-19	Imagem de flamingos em Veneza é uma montagem, e não uma consequência da quarentena contra a COVID-19	1	5	Falso
https://projetocomprova.com.br/publica%C3%A7%C3%B5es/informacoes-sobre-ivermectina-divulgadas-por-silas-malafaia-sao-enganosas/	https://projetocomprova.com.br	2020-12-28	Vídeo divulgado por Silas Malafaia mostra médico norte-americano defendendo o uso da ivermectina contra a covid-19	Informações sobre ivermectina divulgadas por Silas Malafaia são enganosas	Informações sobre ivermectina divulgadas por Silas Malafaia são enganosas		5	ENGANOSO: Especialistas afirmam que as evidências apresentadas por um médico em vídeo compartilhado pelo pastor são insuficientes para promover o uso preventivo ou terapêutico da droga. Além disso, agências reguladoras dos Estados Unidos e do Brasil mantêm recomendações contrárias à aplicação do medicamento para tratar ou prevenir o novo coronavírus.
https://noticias.uol.com.br/comprova/ultimas-noticias/2020/07/06/e-verdadeiro-que-bolsonaro-tenha-liberado-auxilio-de-r160-milhoes-a-asilos.htm	https://noticias.uol.com.br	2020-07-06	Conteúdo verificado: Texto publicado pelo site Pleno News alegava que o presidente Jair Bolsonaro teria liberado um fundo de R$ 160 milhões a asilos para auxiliar no combate à pandemia do novo coronavírus	verdadeiro que Bolsonaro tenha liberado auxílio de R$160 milhões a asilos	verdadeiro que Bolsonaro tenha liberado auxílio de R$160 milhões a asilos		5	Sátira
https://www.aosfatos.org/noticias/e-falso-que-pfizer-lancou-remedio-contra-covid-19-que-copia-ivermectina/	https://aosfatos.org	2021-10-25	Pfizer lançou droga parecida com a ivermectina para prevenir a Covid-19	falso que Pfizer lançou remédio contra Covid-19 que copia ivermectina	falso que Pfizer lançou remédio contra Covid-19 que copia ivermectina	1	5	falso
https://noticias.uol.com.br/confere/ultimas-noticias/2022/08/24/video-distorce-fala-de-drauzio-drogas-pandemia.htm	https://noticias.uol.com.br	2022-08-24	Dráuzio diz que 'droga é bom' e covid-19 é 'resfriadinho'	Vídeo distorce fala de Dráuzio Varella sobre drogas e covid-19	Vídeo distorce fala de Dráuzio Varella sobre drogas e covid-19	2	5	Insustentável
https://checamos.afp.com/italia-nao-encontrou-cura-da-covid-19-e-outras-afirmacoes-falsas-de-uma-mensagem-viral	https://checamos.afp.com	2020-06-10	A Itália encontrou a cura do coronavírus COVID-19	A Itália não encontrou a cura da COVID-19 e outras afirmações falsas de uma mensagem viral	A Itália não encontrou a cura da COVID-19 e outras afirmações falsas de uma mensagem viral	1	5	Falso
https://observador.pt/factchecks/factcheck-jovem-deu-entrada-em-hospital-com-sintomas-de-covid-depois-de-ter-estado-nas-piscinas-das-manteigadas/	https://observador.pt	2020-06-30	Jovem com sintomas de Covid-19 após ir às Piscinas das Manteigadas.	Fact Check. Jovem deu entrada em hospital com sintomas de Covid depois de ter estado nas Piscinas das Manteigadas	Fact Check. Jovem deu entrada em hospital com sintomas de Covid depois de ter estado nas Piscinas das Manteigadas		5	Errado
https://projetocomprova.com.br/publica%C3%A7%C3%B5es/e-falso-que-enfermeira-tenha-sido-demitida-apos-filmar-leitos-vazios-em-hospital-na-bahia/	https://projetocomprova.com.br	2020-04-24	Enfermeira foi demitida por divulgar imagens de UTI referência da covid-19 vazia	falso que enfermeira tenha sido demitida após filmar leitos vazios em hospital na Bahia	falso que enfermeira tenha sido demitida após filmar leitos vazios em hospital na Bahia	1	5	Falso: Vídeo foi gravado em março e imagens mostram a ampliação de leitos na unidade para o tratamento de covid-19 do Instituto Couto Maia (ICOM), hospital de referência para o tratamento da doença na Bahia. A Secretaria da Saúde nega a demissão da funcionária
https://noticias.uol.com.br/comprova/ultimas-noticias/2020/05/02/video-usa-informacoes-falsas-e-diz-que-pico-de-covid-19-ficou-para-tras.htm	https://noticias.uol.com.br	2020-05-02	Lockdown foi inútil e pico de Covid-19 passou	Vídeo usa informações falsas e diz que pico de Covid-19 ficou para trás	Vídeo usa informações falsas e diz que pico de Covid-19 ficou para trás	1	5	Falso
https://observador.pt/factchecks/fact-check-a-app-stayaway-covid-e-mesmo-a-prova-de-engracadinhos-como-diz-costa/	https://observador.pt	2020-09-01	"[A app] é segura porque não dá para os engraçadinhos fazerem partidas. Se resolver assustar todas as pessoas que estiveram comigo e disser que estou infetado não o posso fazer. Só posso dar o alerta se um médico que detetou que estou positivo me der um código. Ou seja, não haverá falsos alertas""."	"Fact Check. A app Stayaway Covid é mesmo à prova de ""engraçadinhos"", como diz Costa"	"Fact Check. A app Stayaway Covid é mesmo à prova de ""engraçadinhos"", como diz Costa"		5	Esticado
https://checamos.afp.com/ficha-dos-integrantes-da-cpi-da-covid-inclui-acoes-iniciadas-por-eles-e-outras-de-homonimos	https://checamos.afp.com	2021-05-10	Ficha dos integrantes da CPI da covid-19: senadores respondem a mais de 2.400 processos	Ficha dos integrantes da CPI da covid inclui ações iniciadas por eles e outras de homônimos	Ficha dos integrantes da CPI da covid inclui ações iniciadas por eles e outras de homônimos	1	5	Falso
https://noticias.uol.com.br/comprova/ultimas-noticias/2021/02/23/e-enganoso-post-sobre-morte-de-medico-por-covid-19-apos-tomar-a-vacina.htm	https://noticias.uol.com.br	2021-02-23	Médico morreu por covid-19 após tomar a vacina	enganoso post sobre morte de médico por covid-19 após tomar a vacina	enganoso post sobre morte de médico por covid-19 após tomar a vacina	1	5	Falso
https://checamos.afp.com/doc.afp.com.32HT97B	https://checamos.afp.com	2022-09-07	Institutos Nacionais de Saúde dos EUA NIH incluíram a ivermectina como tratamento para a covid-19	Institutos Nacionais de Saúde dos EUA não indicaram a ivermectina para tratar a covid em 2022	Institutos Nacionais de Saúde dos EUA não indicaram a ivermectina para tratar a covid em 2022	1	5	Falso
https://checamos.afp.com/resultado-positivo-de-bebida-com-cola-para-covid-19-nao-significa-que-testes-sejam-ineficazes	https://checamos.afp.com	2020-12-24	Testes de antígenos de covid ssitivo de bebida com ão ineficazes	Resultado positivo de bebida com cola para covid-19 não significa que testes sejam ineficazes	Resultado positivo de bebida com cola para covid-19 não significa que testes sejam ineficazes	1	5	Falso
https://www.estadao.com.br/estadao-verifica/amish-30-vezes-menos-mortes-covid/	https://estadao.com.br	2023-06-06	Amish tiveram 30 vezes menos mortes por covid que o restante dos Estados Unidos	Não há indícios de que Amish tenham tido menos mortes por covid-19	Não há indícios de que Amish tenham tido menos mortes por covid-19		5	Enganoso
https://checamos.afp.com/autorizacao-concedida-pela-anvisa-foi-para-pesquisa-com-hidroxicloroquina-no-tratamento-da-covid-19	https://checamos.afp.com	2020-03-31	Liberação da cloroquinahidroxicloroquina pela Anvisa, já com posologia para tratamento da COVID-19	A autorização concedida pela Anvisa foi para pesquisa com hidroxicloroquina no tratamento da COVID-19	A autorização concedida pela Anvisa foi para pesquisa com hidroxicloroquina no tratamento da COVID-19		5	Enganoso
https://www.aosfatos.org/noticias/numero-de-mortos-por-milhao-de-habitantes-nao-evidencia-que-pandemia-no-brasil-e-menos-grave/	https://aosfatos.org	2020-05-15	Mortos por milhão de habitantes mostram que pandemia da Covid-19 no Brasil não é grave.	Número de mortos por milhão de habitantes não evidencia que pandemia no Brasil é menos grave	Número de mortos por milhão de habitantes não evidencia que pandemia no Brasil é menos grave	1	5	falso
https://checamos.afp.com/doc.afp.com.32DK6FZ	https://checamos.afp.com	2022-06-30	Teste de covid-19 já vem com resultado positivo ou negativo	Swabs marcados como positivo ou negativo servem para o controle em testes de antígeno	Swabs marcados como positivo ou negativo servem para o controle em testes de antígeno	1	5	Falso
https://checamos.afp.com/bolsonaro-citou-e-mail-antigo-de-fauci-como-prova-de-que-mascaras-nao-sao-recomendadas-para-todos	https://checamos.afp.com	2021-06-04	Quem não está infectado não precisa usar máscaras contra a covid-19, segundo Anthony Fauci	Bolsonaro citou e-mail antigo de Fauci como prova de que máscaras não são recomendadas para todos	Bolsonaro citou e-mail antigo de Fauci como prova de que máscaras não são recomendadas para todos		5	Enganoso
https://www.aosfatos.org/noticias/o-que-o-presidente-falou-do-coronavirus-e-o-que-e-fato/	https://aosfatos.org	2020-03-16	O que eu vi até o momento é que outras gripes mataram mais do que essa [do coronavírus].	O que Bolsonaro falou do coronavírus  e o que é fato	O que Bolsonaro falou do coronavírus  e o que é fato	1	5	falso
https://www.aosfatos.org/noticias/e-falso-que-o-brasil-seja-o-pais-com-maior-taxa-de-pessoas-recuperadas-da-covid-19/	https://aosfatos.org	2020-04-23	Agora boas notícias! Somos os primeiros do MUNDO EM CASOS RECUPERADOS [de Covid-19]...	falso que Brasil seja o país com maior taxa de pessoas recuperadas da Covid-19	falso que Brasil seja o país com maior taxa de pessoas recuperadas da Covid-19	1	5	falso
https://projetocomprova.com.br/publica%C3%A7%C3%B5es/video-engana-ao-comparar-dois-trechos-diferentes-da-transamazonica-para-elogiar-governo-bolsonaro/	https://projetocomprova.com.br	2021-02-15	Infectologista Marcio Burgarelli destaca em vídeo que uma única dose da vacina não permite a retomada da vida em condições anteriores à covid-19	Vídeo engana ao comparar dois trechos diferentes da Transamazônica para elogiar governo Bolsonaro	Vídeo engana ao comparar dois trechos diferentes da Transamazônica para elogiar governo Bolsonaro		5	ENGANOSO: Montagem de vídeo usa imagens de dois trechos diferentes da rodovia, um asfaltado e outro por pavimentar, como se fossem registros de um mesmo local em momentos diferentes. Na realidade, o trecho que aparece no vídeo como um lamaçal continua sem pavimentação e o outro já estava asfaltado quando o governo Bolsonaro tomou posse.
https://noticias.uol.com.br/comprova/ultimas-noticias/2020/08/21/relacao-entre-vibracao-alta-e-covid-19-nao-tem-comprovacao-cientifica.htm	https://noticias.uol.com.br	2020-08-21	"Texto que circula em sites alega que a ""covid tem uma vibração de 5,5 hz e morre acima de 25,5 hz"""	Relação entre vibração alta e covid-19 não tem comprovação científica	Relação entre vibração alta e covid-19 não tem comprovação científica	1	5	Falso
https://observador.pt/factchecks/fact-check-suspeita-de-passageiro-infetado-com-covid-19-parou-o-metro-de-lisboa/	https://observador.pt	2020-03-20	Comboio na linha verde do metro de Lisboa foi evacuado por se suspeitar de um doente Covid-19 a bordo	Fact Check. Suspeita de passageiro infetado com Covid-19 parou o Metro de Lisboa	Fact Check. Suspeita de passageiro infetado com Covid-19 parou o Metro de Lisboa		5	Errado
https://observador.pt/factchecks/fact-check-presidente-da-guine-bissau-agrediu-ministro-por-desvio-de-fundos-durante-a-pandemia/	https://observador.pt	2020-10-01	Presidente da Guine-Bissau a espancar o ministro da Saúde por desvio de fundo para a luta contra a Covid-19.	Fact Check. Presidente da Guiné-Bissau agrediu ministro por desvio de fundos durante a pandemia	Fact Check. Presidente da Guiné-Bissau agrediu ministro por desvio de fundos durante a pandemia		5	Errado
https://observador.pt/factchecks/fact-check-beber-agua-de-15-em-15-minutos-previne-a-infecao-por-covid-19/	https://observador.pt	2022-12-15	"""Beber água de 15 em 15 minutos previne a infeção por Covid-19"""	Fact Check. Beber água de 15 em 15 minutos previne a infeção por Covid-19	Fact Check. Beber água de 15 em 15 minutos previne a infeção por Covid-19		5	Errado
https://checamos.afp.com/drauzio-varella-nao-minimizou-covid-19-em-campanha-de-mesario-voluntario-para-eleicoes-2020	https://checamos.afp.com	2020-11-15	Drauzio Varella considerou a covid-19 uma gripezinha e estimulou mesários voluntários nas eleições de 2020	Drauzio Varella não minimizou covid-19 em campanha de mesário voluntário para eleições 2020	Drauzio Varella não minimizou covid-19 em campanha de mesário voluntário para eleições 2020		5	Enganoso
https://www.aosfatos.org/noticias/nao-e-verdade-que-o-remedio-ivermectina-cure-covid-19/	https://aosfatos.org	2020-04-30	Ivermectina mata o coronavírus e cura a Covid-19.	Não é verdade que o remédio ivermectina cure a Covid-19	Não é verdade que o remédio ivermectina cure a Covid-19	1	5	falso
https://observador.pt/factchecks/fact-check-novos-estudos-comprovam-eficacia-da-hidroxicloroquina-no-tratamento-da-covid-19/	https://observador.pt	2023-03-21	"""A ciência mostra a eficácia da Hidroxicloroquina no tratamento da Covid-19"""	Fact Check. Novos estudos comprovam eficácia da Hidroxicloroquina no tratamento da Covid-19	Fact Check. Novos estudos comprovam eficácia da Hidroxicloroquina no tratamento da Covid-19		5	Errado
https://projetocomprova.com.br/publica%C3%A7%C3%B5es/e-falso-que-senadores-republicanos-tenham-descoberto-origem-da-covid-19/	https://projetocomprova.com.br	2021-06-21	Os senadores republicanos Marco Rubio, Tom Cotton e Marsha Blackburn revelaram que já descobriram a real origem da Covid-19 e que farmacêuticas trabalharam para a potencialização dos efeitos do vírus.	falso que senadores republicanos tenham descoberto origem da covid-19	falso que senadores republicanos tenham descoberto origem da covid-19	1	5	A alegação é falsa. Site afirma que vírus vazou de laboratório baseado apenas em uma suspeita levantada por senadores republicanos.
https://observador.pt/factchecks/fact-check-medica-gravida-que-aparece-em-foto-viral-morreu-com-covid-19/	https://observador.pt	2020-05-26	Tristeza: médica grávida que teve licença maternidade negada morre de coronavírus.	Fact Check. Médica grávida que aparece em foto viral morreu com Covid-19	Fact Check. Médica grávida que aparece em foto viral morreu com Covid-19		5	Enganador
https://checamos.afp.com/doc.afp.com.9ZV7CW	https://checamos.afp.com	2022-02-12	Vídeo mostra um morto se levantando, que se passava por uma vítima da covid-19 em meio a uma reportagem sobre a pandemia na Alemanha	O vídeo de um morto que se levanta mostra um protesto, não uma encenação da pandemia	O vídeo de um morto que se levanta mostra um protesto, não uma encenação da pandemia	1	5	Falso
https://www.aosfatos.org/noticias/e-falso-que-obitos-por-covid-19-em-sp-cairam-apos-auditoria-do-ministerio-da-saude/	https://aosfatos.org	2020-04-24	Nelson Teich está auditando todos os números divulgados pelos Estados sobre o Covid-19.Resultado: 1-Números de SP começaram a cair como mágica. 2-A Globo parou de divulgar os números de óbitos. 3-Estados e Prefeituras avisaram que vão reabrir suas economias	falso que óbitos por Covid-19 em SP caíram após auditoria do Ministério da Saúde	falso que óbitos por Covid-19 em SP caíram após auditoria do Ministério da Saúde	1	5	falso
https://observador.pt/factchecks/fact-check-fotografias-mostram-manifestacoes-contra-medidas-restritivas-da-covid-19/	https://observador.pt	2020-08-14	"""Contra a farsa do covid, juntaram-se mais de dois milhões de pessoas ontem em Berlim""."	Fact Check. Fotografias mostram manifestações contra medidas restritivas da Covid-19	Fact Check. Fotografias mostram manifestações contra medidas restritivas da Covid-19		5	Errado
https://noticias.uol.com.br/comprova/ultimas-noticias/2021/06/08/indicacao-de-defensor-da-cloroquina-ao-nobel-da-paz-nao-pode-ser-confirmada.htm	https://noticias.uol.com.br	2021-06-08	Dr. Zelenko é indicado ao Prêmio Nobel da Paz por seu papel no tratamento contra o Coronavírus	Indicação de defensor da cloroquina ao Nobel não pode ser confirmada	Indicação de defensor da cloroquina ao Nobel não pode ser confirmada	1	5	Falso
https://projetocomprova.com.br/publica%C3%A7%C3%B5es/mp-assinada-por-bolsonaro-nao-impede-atendimento-de-pessoas-com-cancer/	https://projetocomprova.com.br	2022-03-09	Bolsonaro assinou MP decidindo que planos de saúde só precisam cobrir tratamentos que estejam na lista da Conitec. Quem tem câncer, doenças raras, ficará sem tratamento. Conitec é que autorizou cloroquina para covid	MP assinada por Bolsonaro não impede atendimento de pessoas com câncer	MP assinada por Bolsonaro não impede atendimento de pessoas com câncer	1	5	FALSO: post mistura informações sobre os órgãos responsáveis por regulamentar os planos de saúde e diz incorretamente que pessoas com câncer e doenças raras ficarão sem tratamento.
https://checamos.afp.com/eficacia-da-ivermectina-contra-covid-19-nao-foi-demonstrada-cientificamente	https://checamos.afp.com	2021-06-18	A eficácia da ivermectina contra a covid-19 foi provada cientificamente	A eficácia da ivermectina contra a covid-19 não foi demonstrada cientificamente	A eficácia da ivermectina contra a covid-19 não foi demonstrada cientificamente	1	5	Falso
https://observador.pt/factchecks/fact-check-artigo-da-universidade-de-stanford-desmonta-eficacia-das-mascaras/	https://observador.pt	2021-05-17	"As evidências científicas existentes desafiam a segurança e eficácia do uso da máscara como intervenção preventiva para COVID-19. Os dados sugerem que as máscaras faciais médicas e não médicas são ineficazes para bloquear a transmissão humano a humano de doenças infecciosas e virais, como Covid-19"""	Fact Check. Artigo da Universidade de Stanford desmonta eficácia das máscaras	Fact Check. Artigo da Universidade de Stanford desmonta eficácia das máscaras		5	Errado
https://checamos.afp.com/doc.afp.com.9PJ33J	https://checamos.afp.com	2021-10-11	A Pfizer desenvolveu um vermífugo genérico para tratamento precoce que será clone da Ivermectina para a covid-19	Antiviral em desenvolvimento pela Pfizer contra a covid-19 não é semelhante à ivermectina	Antiviral em desenvolvimento pela Pfizer contra a covid-19 não é semelhante à ivermectina	1	5	Falso
https://www.aosfatos.org/noticias/morte-de-socorrista-no-rio-de-janeiro-nao-tem-relacao-com-vacina-contra-covid-19/	https://aosfatos.org	2021-01-28	Socorrista morre no RJ por causa da vacina contra a Covid-19.	Morte de socorrista no Rio de Janeiro não tem relação com vacina contra a Covid-19	Morte de socorrista no Rio de Janeiro não tem relação com vacina contra a Covid-19	1	5	falso
https://checamos.afp.com/o-video-de-agentes-imitando-o-meme-do-caixao-foi-gravado-na-colombia-e-nao-no-paraguai	https://checamos.afp.com	2020-05-07	Este vídeo mostra uma campanha de conscientização contra o novo coronavírus no Paraguai	O vídeo de agentes imitando o meme do caixão foi gravado na Colômbia, e não no Paraguai	O vídeo de agentes imitando o meme do caixão foi gravado na Colômbia, e não no Paraguai		5	Enganoso
https://noticias.uol.com.br/confere/ultimas-noticias/2020/03/23/estado-de-calamidade-nao-libera-automaticamente-saque-do-fgts-para-todos.htm	https://noticias.uol.com.br	2020-03-23	Decreto de calamidade pública pelo coronavírus libera para todos o saque do FGTS Fundo de Garantia do Tempo de Serviço	Estado de calamidade não libera automaticamente saque do FGTS para todos	Estado de calamidade não libera automaticamente saque do FGTS para todos	1	5	Falso
https://checamos.afp.com/doc.afp.com.9PZ22F	https://checamos.afp.com	2021-10-19	Menina de 6 anos morreu após ser vacinada contra a covid-19 em Santiago del Estero, Argentina	falso que uma menina de Santiago del Estero, Argentina, morreu após ser vacinada contra a covid	falso que uma menina de Santiago del Estero, Argentina, morreu após ser vacinada contra a covid	1	5	Falso
https://checamos.afp.com/doc.afp.com.9VD2FK	https://checamos.afp.com	2021-12-29	Máscaras, álcool em gel e distanciamento social só protegem de covid-19	Para especialistas, surto de gripe tem várias causas, inclusive o relaxamento de ações anticovid	Para especialistas, surto de gripe tem várias causas, inclusive o relaxamento de ações anticovid		5	Enganoso
https://www.aosfatos.org/noticias/pazuello-nao-disse-que-suspeita-de-covid-19-nao-pode-mais-constar-em-atestados-de-obito/	https://aosfatos.org	2020-06-08	Atestado de óbito não poderá identificar suspeitas de Covid-19 como possível causa da morte.	Pazuello não disse que suspeita de Covid-19 não pode mais constar em atestados de óbito	Pazuello não disse que suspeita de Covid-19 não pode mais constar em atestados de óbito	1	5	falso
https://www.aosfatos.org/noticias/relatos-em-plataforma-da-anvisa-nao-provam-que-vacinas-contra-covid-19-causaram-mortes/	https://aosfatos.org	2021-10-28	Relatos do VigiMed, da Anvisa, provam que vacinas contra Covid-19 causaram mortes	Relatos em plataforma da Anvisa não provam que vacinas contra ...	Relatos em plataforma da Anvisa não provam que vacinas contra ...	3	5	distorcido
https://observador.pt/factchecks/fact-check-vacinas-contra-a-covid-19-estao-a-provocar-novos-casos-de-cancro/	https://observador.pt	2021-09-30	"""Desde 1 de janeiro, tenho visto, no laboratório, um aumento em 20 vezes [do número de casos] de cancro endometrial em relação ao que via noutros anos. Não estou a exagerar de todo."""	Vacinas contra a Covid-19 provocam cancro	Vacinas contra a Covid-19 provocam cancro		5	Errado
https://checamos.afp.com/politicos-de-diversos-paises-e-diferentes-niveis-faleceram-devido-covid-19	https://checamos.afp.com	2020-08-18	Nenhum político morreu de COVID-19 no mundo	Políticos de diversos países e diferentes níveis faleceram devido à ...	Políticos de diversos países e diferentes níveis faleceram devido à ...	1	5	Falso
https://noticias.uol.com.br/confere/ultimas-noticias/2021/10/20/fake-news-cpi-da-covid-presidente-jair-bolsonaro-filhos.htm	https://noticias.uol.com.br	2021-10-20	Declarações falsas sobre vacinas, máscaras, isolamento social, medicamentos, mortes pela covid-19 e origem do coronavírus	CPI da Covid: Veja as fake news de Bolsonaro que checamos	CPI da Covid: Veja as fake news de Bolsonaro que checamos	1	5	Falso
https://www.estadao.com.br/estadao-verifica/medica-falsas-alegacoes-vacina-covid-19/	https://estadao.com.br	2023-08-30	Proteína spike sintética tem feito lesões na parede muscular de vacinados	Médica faz falsas alegações sobre vacina da covid-19 em vídeo ...	Médica faz falsas alegações sobre vacina da covid-19 em vídeo ...	1	5	Falso
https://noticias.uol.com.br/confere/ultimas-noticias/2021/04/06/chapeco-sc-casos-mortes-coronavirus-covid-19.htm	https://noticias.uol.com.br	2021-04-06	Casos em Chapecó reduziram por adoção de protocolos	UOL Confere - Covid-19 em Chapecó: Prefeito omite restrições	UOL Confere - Covid-19 em Chapecó: Prefeito omite restrições	2	5	Insustentável
https://checamos.afp.com/doc.afp.com.9EH9XY	https://checamos.afp.com	2021-07-12	As mortes finalmente caíram no Brasil, com a pandemia arrefecendo E isso de forma parecida no Uruguai, ou seja, sem muita ligação com a taxa de vacinação O vírus segue um ciclo natural	A baixa de óbitos por covid no Brasil, Uruguai e Argentina se deve à ...	A baixa de óbitos por covid no Brasil, Uruguai e Argentina se deve à ...		5	Enganoso
https://observador.pt/factchecks/fact-check-bill-gates-disse-que-as-vacinas-contra-a-covid-19-vao-servir-para-controlar-a-humanidade/	https://observador.pt	2022-03-28	"""As vacinas de DNA contra a Covid-19 devem dar-nos um controlo extremo sobre a população mundial"", disse Bill Gates"	Covid é oportunidade de controlo da humanidade	Covid é oportunidade de controlo da humanidade		5	Errado
https://www.aosfatos.org/noticias/decisao-da-fda-nao-amplia-uso-de-cloroquina-para-tratamento-da-covid-19-nos-eua/	https://aosfatos.org	2020-06-24	"A retirada do ""uso emergencial"" pela FDA amplia o tratamento com hidroxicloroquina nos EUA"	Decisão da FDA não amplia uso de cloroquina para tratamento da ...	Decisão da FDA não amplia uso de cloroquina para tratamento da ...	1	5	falso
https://www.aosfatos.org/noticias/cdc-nao-disse-que-teste-rt-pcr-e-ineficaz-para-diagnosticar-covid-19/	https://aosfatos.org	2021-08-04	CDC alertou que RT-PCR é ineficaz para diagnosticar Covid-19	CDC não disse que teste RT-PCR é ineficaz para diagnosticar ...	CDC não disse que teste RT-PCR é ineficaz para diagnosticar ...	1	5	falso
https://noticias.uol.com.br/comprova/ultimas-noticias/2020/12/01/medico-morreu-de-covid-19-e-nao-por-efeitos-adversos-da-vacina-de-oxford.htm	https://noticias.uol.com.br	2020-12-01	Médico morreu por efeitos adversos da vacina de Oxford	Médico morreu de covid-19 e não por efeitos adversos da vacina de ...	Médico morreu de covid-19 e não por efeitos adversos da vacina de ...	1	5	Falso
https://noticias.uol.com.br/comprova/ultimas-noticias/2020/05/14/hospital-do-piaui-nao-zerou-pacientes-com-covid-19-apos-uso-de-cloroquina.htm	https://noticias.uol.com.br	2020-05-14	Hospital zerou pacientes em UTI com uso de cloroquina	"Hospital do Piauí não ""zerou"" pacientes com Covid-19 após uso de ..."	"Hospital do Piauí não ""zerou"" pacientes com Covid-19 após uso de ..."	1	5	Falso
https://observador.pt/factchecks/tribunal-internacional-condenou-farmaceuticas-china-e-vaticano-por-crimes-contra-a-humanidade/	https://observador.pt	2022-08-21	Grandes farmacêuticas, China, Vaticano condenados por genocídio e conspiração criminal por Tribunal Internacional - Vacinas Covid proibidas e ordenado arresto de bens e prisão de líderes.	Covid. Farmacêuticas, China e Vaticano condenados	Covid. Farmacêuticas, China e Vaticano condenados		5	Errado
https://noticias.uol.com.br/comprova/ultimas-noticias/2026/09/16/golpe-hospital-pacientes-medico-falso-pagamentos.ghtm	https://noticias.uol.com.br		Médicos ou funcionários de hospitais entram em contato com familiares de pacientes por telefone ou WhatsApp por mudança no quadro clínico do paciente ou uma complicação de última hora que exige um exame ou procedimento adicional que não será coberto pelo plano de saúde do indivíduo ou pelo SUS	Hospitais não pedem pagamentos por telefone; veja como se proteger	Hospitais não pedem pagamentos por telefone; veja como se proteger		5	Enganoso
https://www.estadao.com.br/estadao-verifica/falso-anvisa-aprovou-uso-polilaminina-sus/	https://estadao.com.br	2026-09-18	Anvisa aprova uso da polilaminina no SUS	falso que a Anvisa tenha aprovado uso da polilaminina no SUS	falso que a Anvisa tenha aprovado uso da polilaminina no SUS	1	5	Falso
https://www.aosfatos.org/noticias/lula-perna-amputada-2023/	https://aosfatos.org	2026-08-17	Lula escondeu que tinha amputado a perna durante três anos enquanto criticava quem paga plano de saúde	falso que Lula disse que teve perna amputada em 2023	falso que Lula disse que teve perna amputada em 2023	1	5	falso
https://www.estadao.com.br/estadao-verifica/post-engana-sobre-saude-de-lula-para-gerar-cliques-em-link-de-compras-online/	https://estadao.com.br	2026-08-24	Imagem mostra Lula hospitalizado e seu médico, Roberto Kalil Filho, chorando	Post engana sobre saúde de Lula para gerar cliques em link de ...	Post engana sobre saúde de Lula para gerar cliques em link de ...	1	5	Falso
https://checamos.afp.com/doc.afp.com.C2T74CT	https://checamos.afp.com	2026-07-21	Lula disse que quem não pode pagar por saúde que morra no esquecimento	Posts distorcem fala de Lula sobre acesso da população pobre à saúde	Posts distorcem fala de Lula sobre acesso da população pobre à saúde		5	Enganoso
https://www.estadao.com.br/estadao-verifica/enganoso-video-lula-saude-quem-pode-pagar/	https://estadao.com.br	2026-07-21	Presidente Luiz Inácio Lula da Silva diz que saúde é para quem pode pagar e quem não pode deve morrer no esquecimento e negligência do estado brasileiro.	Discurso de Lula é cortado para parecer que ele defende saúde apenas para quem pode pagar	Discurso de Lula é cortado para parecer que ele defende saúde apenas para quem pode pagar		5	Enganoso
https://noticias.uol.com.br/confere/ultimas-noticias/2026/07/20/fora-de-contexto-fala-de-lula-saude-pobres.ghtm	https://noticias.uol.com.br		"Lula disse que ""saúde é para quem pode pagar, quem não pode pagar que morra no esquecimento e negligência do Estado brasileiro"	'Saúde é para quem pode pagar': fala de Lula circula fora de contexto	'Saúde é para quem pode pagar': fala de Lula circula fora de contexto	3	5	Distorcido
https://observador.pt/factchecks/fact-check-ministerio-da-saude-divulgou-guia-sobre-como-beber-agua/	https://observador.pt	2026-07-15	Ministério da Saúde divulgou guia sobre como beber água	Fact Check. Ministério da Saúde divulgou guia sobre como beber água	Fact Check. Ministério da Saúde divulgou guia sobre como beber água		5	Errado
https://www.estadao.com.br/estadao-verifica/agua-solarizada-hormonio-dor-cabeca-queda-cabelo-falso/	https://estadao.com.br	2026-07-31	gua solarizada promove a regulação hormonal e combate a queda de cabelo e a dor de cabeça	falso que beber 'água solarizada' possa trazer benefícios à saúde	falso que beber 'água solarizada' possa trazer benefícios à saúde	1	5	Falso
https://observador.pt/factchecks/fact-check-china-proibe-entrada-de-estrangeiros-devido-ao-hantavirus/	https://observador.pt	2026-05-18	A China proibiu oficialmente a entrada de todos os estrangeiros devido ao surto de Hantavírus que matou 10 pessoas e teve origem na Argentina. O Presidente da República declarou estado de emergência internacional e mobilizou os serviços de saúde	Fact Check. China proíbe entrada de estrangeiros devido ao hantavírus	Fact Check. China proíbe entrada de estrangeiros devido ao hantavírus		5	Errado
https://noticias.uol.com.br/confere/ultimas-noticias/2026/04/15/falso-flavio-bolsonaro-privatizar-sus.ghtm	https://noticias.uol.com.br		"Flávio Bolsonaro diz: ""O Sistema nico de Saúde SUS será privatizado no mesmo dia em que eu tomar posse"""	Flávio Bolsonaro não disse que privatizará SUS se for eleito presidente	Flávio Bolsonaro não disse que privatizará SUS se for eleito presidente	1	5	Falso
https://www.aosfatos.org/noticias/video-em-que-bolsonaro-sai-de-hospital-andando-e-de-2025/	https://aosfatos.org	2026-03-26	Jair Bolsonaro PL mente sobre seu estado de saúde, pois deixou hospital caminhando e acenando	Vídeo em que Bolsonaro sai de hospital andando é de 2025	Vídeo em que Bolsonaro sai de hospital andando é de 2025	1	5	falso
https://www.estadao.com.br/estadao-verifica/desodorante-aluminio-bht-cancer-fake-news/	https://estadao.com.br	2026-03-13	Alumínio e BHT em desodorantes causam câncer	Alumínio e BHT em desodorantes e cosméticos não trazem riscos à ...	Alumínio e BHT em desodorantes e cosméticos não trazem riscos à ...		5	Enganoso
https://www.aosfatos.org/noticias/em-video-medico-mente-sobre-o-virus-nipah-e-as-vacinas-contra-a-covid-19/	https://aosfatos.org	2026-01-29	Vacinados contra a Covid-19 têm a proteína Spike circulando em seus corpos, o que é perigoso para a saúde	Em vídeo, médico mente sobre o vírus Nipah e as vacinas contra a Covid-19	Em vídeo, médico mente sobre o vírus Nipah e as vacinas contra a Covid-19	1	5	falso
https://www.estadao.com.br/estadao-verifica/tomar-cafe-da-manha-nao-faz-mal-a-saude-nem-impede-autofagia-das-celulas/	https://estadao.com.br	2026-02-10	O café da manhã é uma refeição desnecessária que impede a autofagia, um processo que caçaria células doentes e inflamação	Tomar café da manhã não faz mal à saúde nem impede autofagia ...	Tomar café da manhã não faz mal à saúde nem impede autofagia ...		5	Enganoso
https://checamos.afp.com/doc.afp.com.64TU9CQ	https://checamos.afp.com	2025-07-04	Dino está envolvido em esquema que desviou R$ 1 bilhão da Saúde do Maranhão	Flávio Dino não é réu em processo sobre desvios de R$ 1 bilhão na Saúde do Maranhão	Flávio Dino não é réu em processo sobre desvios de R$ 1 bilhão na Saúde do Maranhão		5	Enganoso
https://www.estadao.com.br/estadao-verifica/cloro-na-agua-nao-faz-mal-a-saude/	https://estadao.com.br	2025-07-14	Cloro usado no tratamento de água causa doenças nas pessoas	Cloro usado no abastecimento público de água não faz mal e é ...	Cloro usado no abastecimento público de água não faz mal e é ...		5	Enganoso
https://www.agenciatatu.com.br/noticia/eagentes-de-saude-tentam-obrigar-mae-a-vacinar-filho/	https://agenciatatu.com.br	2025-05-28	Agentes de saúde obrigam uma mãe a vacinar o filho contra a covid-19	uma encenação o vídeo em que agentes de saúde tentam obrigar ...	uma encenação o vídeo em que agentes de saúde tentam obrigar ...	1	5	Falso
https://www.estadao.com.br/estadao-verifica/hospital-do-homem-fechar-falta-de-pacientes-falso/	https://estadao.com.br	2025-05-27	Hospital do Homem, em São Paulo, vai fechar por falta de pacientes	falso que Hospital do Homem, em São Paulo, vá fechar por falta ...	falso que Hospital do Homem, em São Paulo, vá fechar por falta ...	1	5	Falso
https://www.aosfatos.org/noticias/trump-nao-ligou-para-michelle-para-saber-sobre-estado-de-saude-de-jair-bolsonaro/	https://aosfatos.org	2025-04-14	Donald Trump ligou para saber sobre estado de saúde de Bolsonaro	Trump não ligou para Michelle para saber sobre estado de saúde de Jair Bolsonaro	Trump não ligou para Michelle para saber sobre estado de saúde de Jair Bolsonaro	1	5	falso
https://www.estadao.com.br/estadao-verifica/quadro-lula-se-agravando-enganoso/	https://estadao.com.br	2024-12-13	Quadro de saúde de Lula piorou e Alckmin se prepara para trocar ministérios	Postagem engana ao afirmar que quadro de saúde de Lula está se ...	Postagem engana ao afirmar que quadro de saúde de Lula está se ...		5	Enganoso
https://www.estadao.com.br/estadao-verifica/ministra-vacinacao-obrigatoria-covid-mpox/	https://estadao.com.br	2024-08-27	Ministra Nísia Trindade disse que não há recomendação de vacinação em massa contra mpox, mas Bolsonaro foi perseguido por isso	Publicação tira de contexto fala da ministra da Saúde sobre ...	Publicação tira de contexto fala da ministra da Saúde sobre ...		5	Enganoso
https://observador.pt/factchecks/fact-check-existem-riscos-na-transfusao-de-sangue-de-pessoas-que-receberam-vacinas-covid-como-alerta-um-estudo-japones/	https://observador.pt	2024-06-26	Um estudo pré-impresso japonês alertou sobre os riscos da transfusão de sangue de recetores da vacina Covid para outros pacientes, indicando que isso pode causar riscos significativos à saúde, incluindo a morte.	"Fact Check. Existem riscos na ""transfusão de sangue"" de pessoas que receberam vacinas Covid, como alerta um estudo japonês"	"Fact Check. Existem riscos na ""transfusão de sangue"" de pessoas que receberam vacinas Covid, como alerta um estudo japonês"		5	Errado
https://observador.pt/factchecks/fact-check-morte-do-golfista-grayson-murray-aos-30-anos-tem-alguma-relacao-com-as-vacinas-contra-a-covid-19/	https://observador.pt	2024-06-25	Grayson Murray morreu repentinamente aos 30 anos. Lembrem-se de que isto é absolutamente anormal. As autoridades de saúde têm de conduzir uma investigação completa sobre a razão pela qual pessoas jovens e saudáveis continuam a morrer subitamente. Embora vocês já saiba o porquê.	Fact Check. Morte do golfista Grayson Murray, aos 30 anos, tem alguma relação com as vacinas contra a Covid-19	Fact Check. Morte do golfista Grayson Murray, aos 30 anos, tem alguma relação com as vacinas contra a Covid-19		5	Errado
https://observador.pt/factchecks/fact-check-aguiar-branco-extinguiu-os-hospitais-militares-da-marinha-e-exercito/	https://observador.pt	2024-04-10	Aguiar-Branco extinguiu o Hospital da Marinha e o Hospital Militar Principal e destruiu o Sistema de Saúde Militar.	Fact Check. Aguiar-Branco extinguiu os hospitais militares da Marinha e Exército	Fact Check. Aguiar-Branco extinguiu os hospitais militares da Marinha e Exército		5	Enganador
https://checamos.afp.com/doc.afp.com.34KR3HD	https://checamos.afp.com	2024-03-04	Estudo maciço revela enormes riscos para a saúde decorrentes da vacina	Posts deturpam o maior estudo do mundo sobre segurança das vacinas contra covid-19	Posts deturpam o maior estudo do mundo sobre segurança das vacinas contra covid-19		5	Enganoso
https://observador.pt/factchecks/fact-check-ventura-ja-quis-extinguir-ministerios-da-educacao-e-da-saude-como-diz-pedro-nuno/	https://observador.pt	2024-02-14	André Ventura já quis extinguir o Ministério da Educação, Ministério da Saúde e o Serviço Nacional da Saúde e já quis acabar com o cargo de primeiro-ministro.	"Fact Check. Ventura ""já quis extinguir ministérios da Educação e da ..."	"Fact Check. Ventura ""já quis extinguir ministérios da Educação e da ..."		5	Certo
https://noticias.uol.com.br/confere/ultimas-noticias/2024/02/14/nisia-nao-era-ministra-quando-saude-comprou-testes-de-covid-investigados.htm	https://noticias.uol.com.br		Bomba! Ministério da Saúde comprou testes a quase 700% do preço original!	Nísia não era ministra quando Saúde comprou testes de covid ...	Nísia não era ministra quando Saúde comprou testes de covid ...	3	5	Distorcido
https://www.aosfatos.org/noticias/posts-distorcem-ministra-saude-avanco-da-dengue/	https://aosfatos.org	2024-02-07	Nísia Trindade disse que dengue não é uma doença para ficarmos desestruturados, mesmo com alto número de casos	Posts distorcem frase para dizer que ministra da Saúde minimizou ...	Posts distorcem frase para dizer que ministra da Saúde minimizou ...		5	não_é_bem_assim
https://www.estadao.com.br/estadao-verifica/ganhador-do-premio-nobel-nao-disse-que-dormir-em-jejum-faz-bem-a-saude/	https://estadao.com.br	2023-10-26	Vencedor do Prêmio Nobel de Medicina Yoshinori Ohsumi constatou que dormir em jejum faz bem à saúde.	Ganhador do prêmio Nobel não disse que dormir em jejum faz bem à saúde	Ganhador do prêmio Nobel não disse que dormir em jejum faz bem à saúde	1	5	Falso
https://observador.pt/factchecks/fact-check-medicos-alemaes-descobriram-que-coronavirus-afinal-e-uma-bacteria/	https://observador.pt	2023-02-28	"""Cura do coronavírus finalmente encontrada na Alemanha. Os médicos alemães não obedeceram à lei de saúde global da OMS, que exige fortemente não fazer autópsias em mortes por coronavírus, e descobriram que NO é um VRUS, mas uma BACTRIA que causa a morte"""	Fact Check. Médicos alemães descobriram que coronavírus afinal é uma bactéria	Fact Check. Médicos alemães descobriram que coronavírus afinal é uma bactéria		5	Errado
https://observador.pt/factchecks/fact-check-ministerio-da-saude-irlandes-alertou-para-risco-de-morte-subita-com-toma-de-vacina-contra-a-covid-19/	https://observador.pt	2021-11-30	"""Irlanda. O Ministério da Saúde alerta sobre as vacinas e entre outros efeitos adversos está 'morte súbita'."""	Fact Check. Ministério da Saúde irlandês alertou para risco de morte súbita com toma de vacina contra a Covid-19	Fact Check. Ministério da Saúde irlandês alertou para risco de morte súbita com toma de vacina contra a Covid-19		5	Errado
https://observador.pt/factchecks/fact-check-israel-decidiu-cancelar-green-pass-depois-de-a-residencia-do-primeiro-ministro-ter-sido-incendiada/	https://observador.pt	2022-02-15	"""Depois que o povo incendiou a casa do primeiro-ministro há duas semanas em uma grande mobilização, o governo aconselhado pelos 'especialistas' decidiu revogar o passe de saúde obrigatório."""	"Fact Check. Israel decidiu cancelar ""green pass"" depois de a residência do primeiro-ministro ter sido incendiada"	"Fact Check. Israel decidiu cancelar ""green pass"" depois de a residência do primeiro-ministro ter sido incendiada"		5	Errado
https://observador.pt/factchecks/fact-check-o-sns-tem-hoje-mais-11-mil-profissionais-de-saude/	https://observador.pt	2019-09-26	Temos hoje mais 11 mil profissionais no Serviço Nacional de Saúde	Fact Check. O SNS tem hoje mais 11 mil profissionais de saúde	Fact Check. O SNS tem hoje mais 11 mil profissionais de saúde		5	Enganador
https://www.aosfatos.org/noticias/posts-enganam-ao-indicar-uso-de-remedios-sem-eficacia-comprovada-contra-covid-19/	https://aosfatos.org	2021-01-06	Isso mata o vírus! Por que não utilizá-los Deveria ser dado gratuitamente nos postos de saúde.	Posts enganam ao indicar uso de remédios sem eficácia comprovada contra Covid-19	Posts enganam ao indicar uso de remédios sem eficácia comprovada contra Covid-19	1	5	falso
https://observador.pt/factchecks/fact-check-equipa-medica-de-coimbra-fez-gesto-obsceno-dirigido-a-ministra-da-saude/	https://observador.pt	2020-04-10	"""Mensagem da equipa de serviço na urgência do Centro Hospitalar e Universitário de Coimbra para a ministra da Saúde e Diretora Geral de Saúde. Vamos fazer chegar esta mensagem às destinatárias"""	Fact Check. Equipa médica de Coimbra fez gesto obsceno dirigido a ministra da Saúde	Fact Check. Equipa médica de Coimbra fez gesto obsceno dirigido a ministra da Saúde		5	Errado
https://observador.pt/factchecks/fact-check-cerca-de-plastico-no-supermercado-separa-clientes-vacinados-dos-nao-vacinados/	https://observador.pt	2021-12-14	"""Os que foram injetados com a vacina experimental e os que não foram, separados por cercas de plástico no supermercado, não tentem me dizer que isso é sobre saúde!"""	"Fact Check. ""Cerca de plástico"" no supermercado separa clientes vacinados dos não vacinados"	"Fact Check. ""Cerca de plástico"" no supermercado separa clientes vacinados dos não vacinados"		5	Errado
https://www.aosfatos.org/noticias/numero-de-mortes-por-covid-19-no-amazonas-nao-caiu-apos-visita-de-teich/	https://aosfatos.org	2020-05-06	Só foi Bolsonaro mandar o ministro da saúde para Manaus visitar os hospitais, que em dois dias houve redução de 1.000% de mortes no estado. Por que será	Número de mortes por Covid-19 no Amazonas não caiu após visita de Teich	Número de mortes por Covid-19 no Amazonas não caiu após visita de Teich	1	5	falso
https://apublica.org/truco2018/2018/10/25/certo-anastasia-zema-afirmou-que-governo-nao-deve-ser-responsavel-direto-pela-oferta-de-saude/	https://apublica.org	2018-10-25	Eu sei ler bem e li, no programa de governo do nosso candidato Romeu Zema, expressamente a proposta de privatização da saúde, inclusive dizendo que não deve ser o poder público, o governo, o responsável direto pela área da saúde	Certo, Anastasia: Zema afirmou que governo não deve ser responsável direto pela oferta de saúde - Truco2018	Certo, Anastasia: Zema afirmou que governo não deve ser responsável direto pela oferta de saúde - Truco2018	5	5	Verdadeiro
https://observador.pt/factchecks/fact-check-gel-desinfetante-farah-provoca-doencas-graves-na-pele/	https://observador.pt	2020-09-29	"""Urgente: Gel das mãos desinfetante chamado farah circula nos mercados, cuidado, porque ela causa doenças graves da pele. Por favor, não use isso para preservar sua saúde."""	Fact Check. Gel desinfetante 'farah' provoca doenças graves na pele	Fact Check. Gel desinfetante 'farah' provoca doenças graves na pele		5	Errado
https://oglobo.globo.com/fato-ou-fake/e-fake-que-jejum-prolongado-banho-frio-previnam-covid-19-24618519	https://oglobo.globo.com	2020-01-09	"Texto de um naturoprata francês:Dia após dia e cada vez um pouco mais, no coração da pandemia, a mídia não dá explicações sobre o funcionamento do nosso sistema imunológico e como fortalecê-lo.Constantemente, somos convidados a procurar proteção externa que nos salve: comprar máscaras, comprar géis hidroalcoólicos sem especificar que estes géis não devem ser usados por vários dias seguidos porque, sendo à base de etanol, eliminarão a primeira barreira imune natural do nosso corpo: as bactérias benéficas e o filme de lipídios da nossa pele, que é uma barreira para os vírus. Isso também se deve ao uso excessivo de produtos antibacterianos, nos últimos anos, e um mal-entendido sobre o papel de certas bactérias na nossa imunidade, tornando nossos corpos mais sensíveis ao ataque de microorganismos patológicos, ano com ano.Quanto mais usamos estes géis à base de álcool, mais permeáveis à epiderme se tornam os vírus... Vamos dar prioridade aos sabonetes clássicos!Em seguida, a mídia fala-nos de uma solução que também viria de fora: um futuro tratamento farmacológico ou uma vacina, cujas avaliações de autorização de introdução no mercado certamente serão negligenciadas, por razões de ""emergência"".E em que momento foi explicado à população que todos têm a capacidade de fortalecer naturalmente o seu sistema imunológico, em alguns dias os jovens ou em algumas semanas os mais velhos Isso certamente não evitaria a propagação do vírus, mas fortaleceria as nossas defesas contra ele e, portanto, reduziria a proporção de casos graves, para curar muito mais rápido em casa.Por que não envolver, nos canais de informação das plataformas, que dedicam 95 % do seu tempo sobre este assunto por várias semanas, profissionais da saúde que falem sobre prevenção, como nutricionistas, médicos nutrólogos, naturopatas, fisioterapeutas etc., que poderiam realizar um imenso trabalho de informação e prevenção junto ao grande público, e assim, aliviar os médicos que estão na linha de frente dos tratamentos hospitalaresPor que não dizer às pessoas que uma alimentação inadequada, como os produtos industrializados, processados e refinados, especialmente, contendo açúcar e farinha de trigo brancos, é a primeira coisa que destrói nossas defesas imunesQue a eficiência do nosso sistema imunitário depende estreitamente da qualidade da nossa flora intestinal e, portanto, da qualidade do que comemos.E que, portanto, legumes, verduras e frutas vivas, cruas, locais e de temporada, ervas, sementes, leguminosas e etc., são a melhor maneira de fortalecer rapidamente nossas reservas minerais, necessárias para a imunidade.Por que não explicar que o jejum fortalece o sistema imunitário em apenas 3 três diasPor que não falar sobre os benefícios do chuveiro frio que em poucos dias aumenta o nível de certos linfócitos TPor que não explicar que plantas como a equinácea, o astrágalo, o sabugueiro, o escaramujo, nas suas formas concentradas, aumentam as defesas imunes em algumas semanas Então, teríamos tido tempo, desde que o vírus apareceu...Por que não falar sobre a eficácia dos óleos essenciais antivirais Além das vit. C e D em altas doses, e minerais, tais como, zinco e selênioPor que não falar sobre a importância da atividade física e dos estudos recentes que provam a rápida eficácia do yoga para fortalecer o sistema imunológicoPor que não explicar que o medo é imunossupressor No entanto, é a única emoção transmitida neste momento pelos principais meios de comunicação, provocando um nível de ansiedade que o enfraquece diariamente...Por que não explicar às pessoas que têm dentro delas um potencial de defesa e cura que é infinitamente mais poderoso do que qualquer droga no mundo e que pode ser ativado rapidamente Nosso corpo é uma verdadeira máquina de cura.Neste período, quando finalmente temos tempo, é hora de nos interessar pelo nosso próprio funcionamento, reclamar o nosso poder pessoal, tomar o controle da nossa saúde e do nosso futuro."	#FAKE que jejum prolongado e banho frio previnam a Covid-19	#FAKE que jejum prolongado e banho frio previnam a Covid-19	1	5	Fake
https://checamos.afp.com/esta-cena-de-um-hospital-apos-um-incendio-foi-registrada-em-2010-imprensa-noticiou-o-caso	https://checamos.afp.com	2021-03-19	"Foto de um hospital em 2016. Bons tempos em que a saúde estava ""bem"" e a imprensa não noticiava nada a respeito"	Esta cena de um hospital após um incêndio foi registrada em 2010; a imprensa noticiou o caso	Esta cena de um hospital após um incêndio foi registrada em 2010; a imprensa noticiou o caso	1	5	Falso
https://observador.pt/factchecks/fact-check-dalai-lama-e-o-autor-de-reflexao-sobre-saude-e-dinheiro/	https://observador.pt	2021-09-29	"""Perguntaram ao Dalai Lama: 'O que mais te surpreende na Humanidade'E ele respondeu:- 'Os homens. Porque perdem a saúde para juntar dinheiro, depois perdem dinheiro para recuperar a saúde""."	Fact Check. Dalai Lama é o autor de reflexão sobre saúde e dinheiro	Fact Check. Dalai Lama é o autor de reflexão sobre saúde e dinheiro		5	Errado
https://www.aosfatos.org/noticias/caixa-com-dinheiro-mostrada-em-video-nao-foi-apreendida-na-casa-do-secretario-de-saude-do-ma/	https://aosfatos.org	2021-07-09	Caixa com dinheiro foi apreendida na casa do secretário de Saúde do MA	Caixa com dinheiro mostrada em vídeo não foi apreendida na casa do secretário de Saúde do MA	Caixa com dinheiro mostrada em vídeo não foi apreendida na casa do secretário de Saúde do MA	1	5	falso
https://noticias.uol.com.br/comprova/ultimas-noticias/2021/05/28/nao-ha-evidencias-de-que-morte-de-ator-indiano-esteja-associada-a-vacina.htm	https://noticias.uol.com.br	2021-05-28	Embaixador da saude da ndia recebe picada ao vivo na televisão para mostrar a todos a segurança! M0rre dois dias depois e entra pra a estatística	Não há evidências de que morte de ator indiano esteja associada a vacina	Não há evidências de que morte de ator indiano esteja associada a vacina	1	5	Falso
https://observador.pt/factchecks/fact-check-diretor-da-pfizer-assume-que-a-empresa-controla-as-agencias-de-saude-dos-eua/	https://observador.pt	2023-02-15	"""Diretor da Pfizer admitiu que a empresa controla as agências de saúde dos EUA"""	Fact Check. Diretor da Pfizer assume que a empresa controla as agências de saúde dos EUA	Fact Check. Diretor da Pfizer assume que a empresa controla as agências de saúde dos EUA		5	Errado
https://observador.pt/factchecks/fact-check-ministro-da-saude-de-italia-acusado-de-assassinato-por-incentivar-vacinacao-contra-covid-19/	https://observador.pt	2023-12-20	Ministro da Saúde [de Itália] acusado de assassinato por incentivar a vacinação contra a Covid-19 e esconder as mortes de vacinados.	Fact Check. Ministro da Saúde de Itália acusado de assassinato por incentivar vacinação contra Covid-19	Fact Check. Ministro da Saúde de Itália acusado de assassinato por incentivar vacinação contra Covid-19		5	Errado
https://noticias.uol.com.br/confere/ultimas-noticias/2023/11/23/demissoes-em-hospital-do-rs-nao-tem-relacao-com-contingenciamento-no-ms.htm	https://noticias.uol.com.br		O Instituto de Cardiologia aqui de Porto Alegre ontem demitiu mais de 280 funcionáris, 20% do seu quadro funcional e o principal motivo dessas demissões é o corte do orçamento no ministério da saúde pelo governo Lula. O governo lula cortou mais de 400 milhões do orçamento da saúde só esse ano	Instituto de Cardiologia: Demissões não têm relação à contenção no MS	Instituto de Cardiologia: Demissões não têm relação à contenção no MS	1	5	Falso
https://noticias.uol.com.br/confere/ultimas-noticias/2023/11/08/ceo-da-bayer-nao-disse-que-foi-preciso-mentir-sobre-vacina-da-covid.htm	https://noticias.uol.com.br		Stefan Oelrich, do grupo Bayer, explica na cimeira mundial da saúde que foi preciso mentir para que as doses da 'vacina' Covid fossem aceites pela população, porque senão ninguém a desejaria	CEO da Bayer não disse que foi preciso mentir para vacinas serem aceitas	CEO da Bayer não disse que foi preciso mentir para vacinas serem aceitas	1	5	Falso
https://noticias.uol.com.br/comprova/ultimas-noticias/2023/10/30/governo-federal-nao-comprou-tapete-de-r-4-milhoes.htm	https://noticias.uol.com.br		O governo federal está adquirindo um tapete de R$ 4 milhões enquanto reduz recursos destinados à área de saúde e faz cortes no programa Bolsa Família	Governo federal não comprou tapete de R$ 4 milhões	Governo federal não comprou tapete de R$ 4 milhões		5	Enganoso
https://observador.pt/factchecks/fact-check-imagem-mostra-ministra-da-saude-do-japao/	https://observador.pt	2023-07-26	"""Ministra da saúde do Japão. Isto é que é serviço público de qualidade, até dá saúde aos doente"""	Fact Check. Imagem mostra ministra da Saúde do Japão	Fact Check. Imagem mostra ministra da Saúde do Japão		5	Errado
https://www.aosfatos.org/noticias/e-falso-que-policia-apreendeu-dinheiro-na-casa-do-secretario-de-saude-de-belem/	https://aosfatos.org	2020-06-17	Policias apreendem dinheiro na casa do secretário de Saúde de Belém PA.	falso que polícia apreendeu dinheiro na casa do secretário de ...	falso que polícia apreendeu dinheiro na casa do secretário de ...	1	5	falso
https://www.aosfatos.org/noticias/e-falso-que-numero-de-mortes-por-covid-19-caiu-em-manaus-apos-visita-do-ministro-da-saude/	https://aosfatos.org	2020-05-08	Número de mortes por Covid-19 caiu em Manaus após visita do ministro da Saúde	falso que número de mortes por Covid-19 caiu em Manaus após visita do ministro da Saúde	falso que número de mortes por Covid-19 caiu em Manaus após visita do ministro da Saúde	1	5	falso
https://observador.pt/factchecks/fact-check-migracao-ilegal-premiada-na-uniao-europeia-com-trabalho-renda-e-cartao-de-credito/	https://observador.pt	2023-06-30	"""Se entrares por alguma fronteira da União Europeia ilegalmente... és obrigado a ter: um trabalho, uma carta de condução, cartão europeu de saúde, Segurança Social, crédito familiar, cartões de crédito, renda de casa subsidiada."""	"Fact Check. Migração ilegal premiada na União Europeia com ""trabalho, renda e cartão de crédito"""	"Fact Check. Migração ilegal premiada na União Europeia com ""trabalho, renda e cartão de crédito"""		5	Errado
https://observador.pt/factchecks/fact-check-locutor-da-bbc-radio-disse-que-novak-djokovic-e-uma-ameaca-para-os-servicos-de-saude/	https://observador.pt	2022-01-25	"""Stephen Nolan, locutor da BBC Radio, disse que um dos melhores tenistas de todos os tempos, Novak Djokovic, é 'uma ameaça para os serviços de saúde'"""	"Fact Check. Locutor da BBC Radio disse que Novak Djokovic é ""uma ameaça para os serviços de saúde"""	"Fact Check. Locutor da BBC Radio disse que Novak Djokovic é ""uma ameaça para os serviços de saúde"""		5	Errado
https://observador.pt/factchecks/houve-cativacoes-na-saude-como-acusa-o-psd/	https://observador.pt	2017-07-12	[O senhor ministro da Saúde] passou o ano todo de 2016 e 2017 a dizer que não havia cativações.  verdade ou não é que olhando para a Conta Geral do Estado estão lá 79,6 milhões de euros de cativações	Houve cativações na Saúde, como acusa o PSD	Houve cativações na Saúde, como acusa o PSD		5	Certo
https://projetocomprova.com.br/publica%C3%A7%C3%B5es/registro-de-numero-de-mortes-nao-diminuiu-no-amazonas-apos-visita-do-ministro-da-saude/	https://projetocomprova.com.br	2020-05-07	Número de mortes por covid-19 reduziu no Amazonas depois da visita do ministro da Saúde	Registro de número de mortes não diminuiu no Amazonas após visita do ministro da Saúde	Registro de número de mortes não diminuiu no Amazonas após visita do ministro da Saúde	1	5	Falso: Não é verdade que o número de mortes causadas pelo novo coronavírus tenha reduzido no Amazonas. O estado registrou recorde de óbitos pela covid-19 em um único dia quando o ministro deixou a capital
https://www.aosfatos.org/noticias/video-em-que-secretario-de-saude-da-bahia-libera-uso-de-cloroquina-e-de-abril-nao-atual/	https://aosfatos.org	2020-08-14	Secretário de Saúde da Bahia e governador Rui Costa liberam cloroquina após milhares de mortes	Vídeo em que secretário de Saúde da Bahia libera uso de cloroquina é de abril, não atual	Vídeo em que secretário de Saúde da Bahia libera uso de cloroquina é de abril, não atual	3	5	distorcido
https://observador.pt/factchecks/fact-check-ministro-da-economia-do-brasil-recusou-se-a-destinar-verbas-para-as-celebracoes-do-carnaval/	https://observador.pt	2021-11-30	"""Não destinaremos recursos financeiros para o Carnaval, parada gay, Marcha para Jesus, etc. Cada qual que faça com o seu próprio dinheiro. O dinheiro do povo vai para a saúde, educação, segurança, saneamento básico, transporte e desenvolvimento."""	Fact Check. Ministro da Economia do Brasil recusou-se a destinar verbas para as celebrações do Carnaval	Fact Check. Ministro da Economia do Brasil recusou-se a destinar verbas para as celebrações do Carnaval		5	Errado
https://noticias.uol.com.br/comprova/ultimas-noticias/2020/05/29/video-distorce-informacoes-sobre-a-cloroquina-usando-bula-da-novalgina.htm	https://noticias.uol.com.br	2020-05-29	Vídeo compartilhado nas redes sociais traz homem sem formação na área de saúde e exagera a eficácia da cloroquina e minimiza seus efeitos colaterais	Vídeo distorce informações sobre a cloroquina usando bula da Novalgina	Vídeo distorce informações sobre a cloroquina usando bula da Novalgina		5	Enganoso
https://projetocomprova.com.br/publica%C3%A7%C3%B5es/texto-no-telegram-espalha-teoria-conspiratoria-sobre-tratado-internacional-da-oms/	https://projetocomprova.com.br	2022-03-28	OMS pretende controlar os sistemas de saúde do mundo por meio da implementação de um tratado internacional que substituiria leis nacionais e estaduais e daria à entidade o poder de exigir vacinações obrigatórias, acabando com a democracia.	Texto no Telegram espalha teoria conspiratória sobre tratado internacional da OMS	Texto no Telegram espalha teoria conspiratória sobre tratado internacional da OMS	1	5	FALSO: A OMS deu início a um processo para firmar um tratado internacional de prevenção e resposta a pandemias, mas o conteúdo e formato do acordo ainda estão sendo negociados.
https://observador.pt/factchecks/fact-check-o-servico-nacional-de-saude-foi-criado-por-salazar-no-estado-novo/	https://observador.pt	2023-06-28	"""Foi exactamente o Estado Novo de Salazar que implementou o Serviço Nacional de Saúde."""	Fact Check. O Serviço Nacional de Saúde foi criado por Salazar no Estado Novo	Fact Check. O Serviço Nacional de Saúde foi criado por Salazar no Estado Novo		5	Errado
https://observador.pt/factchecks/fact-check-conselho-superior-de-magistratura-abriu-inquerito-disciplinar-a-duas-juizas-desembargadoras/	https://observador.pt	2020-12-14	"""Conselho Superior da Magistratura abriu um inquérito às duas juízas desembargadoras do Tribunal da Relação de Lisboa, que apreciaram o recurso da Autoridade de Saúde Regional dos Açores sobre o confinamento obrigatório e fiabilidade dos testes"""	"Fact Check. Juízas que consideraram confinamento uma ""detenção ilegal"" alvo de processos disciplinares"	"Fact Check. Juízas que consideraram confinamento uma ""detenção ilegal"" alvo de processos disciplinares"		5	Errado
https://noticias.uol.com.br/confere/ultimas-noticias/2022/01/07/medicos-antivacina-usam-conselho-mundial-de-saude-para-desinformar.htm	https://noticias.uol.com.br	2022-01-07	O Conselho Mundial de Saúde pede o fim imediato das vacinas experimentais da covid-19	'Conselho mundial' mente ao dizer que vacina contra covid é experimental	'Conselho mundial' mente ao dizer que vacina contra covid é experimental	1	5	Falso
https://checamos.afp.com/o-ex-primeiro-ministro-frances-renunciou-apos-ser-eleito-prefeito-o-ministro-da-saude-segue-no-cargo	https://checamos.afp.com	2020-07-23	Na França, os que impediram que a população fosse tratada com hidroxicloroquina irão responder na Justiça. Acusação do médico Didier Raoult derrubou o primeiro-ministro e o ministro da Saúde.	O ex-primeiro-ministro francês renunciou após ser eleito prefeito; o ministro da Saúde segue no cargo	O ex-primeiro-ministro francês renunciou após ser eleito prefeito; o ministro da Saúde segue no cargo	1	5	Falso
https://checamos.afp.com/doc.afp.com.9VK9JF	https://checamos.afp.com	2022-01-04	Vídeo mostra médica desesperada em hospital lotado devido a desvios do PT na área da saúde	Sequência que relaciona superlotação em hospital no Rio de Janeiro ao PT circula sem contexto	Sequência que relaciona superlotação em hospital no Rio de Janeiro ao PT circula sem contexto	3	5	Sem Contexto
https://www.aosfatos.org/noticias/ministro-da-saude-erra-ao-afirmar-que-homens-trabalham-mais-que-mulheres/	https://aosfatos.org	2016-08-11	Os homens trabalham mais, são os provedores da maioria das famílias e não acham tempo para a saúde preventiva..	Ministro da Saúde erra ao afirmar que homens trabalham mais que mulheres	Ministro da Saúde erra ao afirmar que homens trabalham mais que mulheres	3	5	exagerado
https://checamos.afp.com/doc.afp.com.9M24NV	https://checamos.afp.com	2021-09-01	Profissionais de saúde totalmente vacinados transportam 251 vezes a carga viral da covid-19	Estudo preliminar de Oxford não diz que vacinados têm 251 vezes a carga viral de não vacinados	Estudo preliminar de Oxford não diz que vacinados têm 251 vezes a carga viral de não vacinados	1	5	Falso
https://observador.pt/factchecks/fact-check-dados-oficiais-dao-conta-de-um-crescendo-de-mortes-subitas/	https://observador.pt	2022-12-15	"""Há um crescendo de mortes súbitas. Qual será a causa O que relatam as autópsias Há alguma explicação das autoridades de saúde"""	"Fact Check. Dados oficiais dão conta de ""um crescendo de mortes súbitas"""	"Fact Check. Dados oficiais dão conta de ""um crescendo de mortes súbitas"""		5	Enganador
https://checamos.afp.com/doc.afp.com.33CR86L	https://checamos.afp.com	2023-04-06	Dinheiro em armário foi apreendido na casa do secretário de Saúde do Pará	Dinheiro em armário não pertence ao secretário de Saúde do Pará, e sim a empresário farmacêutico	Dinheiro em armário não pertence ao secretário de Saúde do Pará, e sim a empresário farmacêutico	1	5	Falso
https://checamos.afp.com/doc.afp.com.33QV9CU	https://checamos.afp.com	2023-08-10	Governo Lula bloqueia R$ 1,5 bilhão dos orçamentos da saúde e educação	Bloqueio de R$ 1,5 bi anunciado em julho de 2023 abrange dez ministérios, não só Saúde e Educação	Bloqueio de R$ 1,5 bi anunciado em julho de 2023 abrange dez ministérios, não só Saúde e Educação		5	Enganoso
https://observador.pt/factchecks/fact-check-bill-gates-disse-que-as-vacinas-contra-a-covid-19-sao-ineficazes/	https://observador.pt	2021-11-22	"""O defensor da 'saúde pública' mais influente do mundo aparentemente veio a duvidar da tecnologia por trás das injeções de mRNA, após sua implantação em mais de 7,34 bilhões de braços em todo o mundo."""	Fact Check. Bill Gates disse que as vacinas contra a Covid-19 são ineficazes	Fact Check. Bill Gates disse que as vacinas contra a Covid-19 são ineficazes		5	Errado
https://noticias.uol.com.br/confere/ultimas-noticias/2021/05/04/mandetta-cpi-covid-coronavirus.htm	https://noticias.uol.com.br	2021-05-04	Declaração do ex-ministro da Saúde Luiz Henrique Mandetta à CPI da Covid	CPI da Covid: Os erros e acertos de Mandetta	CPI da Covid: Os erros e acertos de Mandetta	2	5	Insustentável
https://observador.pt/factchecks/fact-check-video-mostra-remocao-de-torre-5g-no-peru-depois-de-duvidas-sobre-problemas-de-saude/	https://observador.pt	2022-08-27	"""No Peru, as antenas 5G são retiradas porque o público se consciencializou dos perigos inerentes para a saúde..."""	Fact Check. Vídeo mostra remoção de torre 5G no Peru após dúvidas sobre problemas de saúde	Fact Check. Vídeo mostra remoção de torre 5G no Peru após dúvidas sobre problemas de saúde		5	Errado
https://noticias.uol.com.br/comprova/ultimas-noticias/2023/09/12/e-enganoso-que-o-brasil-fara-emprestimo-enquanto-lula-bloqueia-recursos.htm	https://noticias.uol.com.br		Brasil vai emprestar R$ 3 bilhões à Argentina enquanto bloqueia recursos da saúde e educação	enganoso que Brasil fará empréstimo enquanto Lula bloqueia recursos	enganoso que Brasil fará empréstimo enquanto Lula bloqueia recursos		5	Enganoso
https://observador.pt/factchecks/fact-check-a-policia-austriaca-recusa-se-a-verificar-o-certificado-sanitario-em-protesto/	https://observador.pt	2021-12-28	"""A polícia e o exército recusam-se a controlar o passe de saúde em nome da 'liberdade e da dignidade humana'. Eles se juntarão a uma grande manifestação contra o confinamento obrigatório em 20 de novembro de 2021 em Viena."""	Fact Check. A polícia austríaca recusa-se a verificar o certificado sanitário em protesto	Fact Check. A polícia austríaca recusa-se a verificar o certificado sanitário em protesto		5	Errado
https://www.aosfatos.org/noticias/e-falso-que-todos-os-recursos-da-exploracao-do-pre-sal-vao-para-empresas-estrangeiras/	https://aosfatos.org	2021-10-21	Antes. Recursos do pré-sal: 75% para educação. 25% para saúde	falso que todos os recursos da exploração do pré-sal vão para empresas estrangeiras	falso que todos os recursos da exploração do pré-sal vão para empresas estrangeiras	1	5	falso
https://checamos.afp.com/doc.afp.com.33Q797J	https://checamos.afp.com	2023-07-28	Beber de um recipiente de cobre previne e trata doenças	Tomar água em recipientes de cobre não traz benefícios para a saúde	Tomar água em recipientes de cobre não traz benefícios para a saúde	1	5	Falso
https://www.estadao.com.br/estadao-verifica/medicamento-sus-justica-condicao-financeira-pobre-enganoso/	https://estadao.com.br	2024-10-24	Quem não tiver condição de pagar medicamento não pode mais pedir na Justiça	Remédios ainda podem ser obtidos com ação na Justiça; não ter ...	Remédios ainda podem ser obtidos com ação na Justiça; não ter ...		5	Enganoso
https://observador.pt/factchecks/fact-check-paracetamol-500-contem-um-dos-virus-mais-perigosos-do-mundo-e-com-alta-taxa-de-mortalidade/	https://observador.pt	2023-02-27	"""Medicamento contém vírus letal""."	"Medicamento contém um dos ""virus mais perigosos"""	"Medicamento contém um dos ""virus mais perigosos"""		5	Errado
https://observador.pt/factchecks/fact-check-uso-prolongado-de-medicamento-para-o-colesterol-e-a-maior-causa-de-demencia-nos-eua/	https://observador.pt	2024-12-30	A maior causa de demência nos EUA está hoje associada ao uso prolongado de estatinas. Sim, os medicamentos prescritos para proteger o coração podem esta afetando o cérebro.	Medicamento para colesterol é causa de demência	Medicamento para colesterol é causa de demência		5	Errado
https://observador.pt/factchecks/fact-check-medicamento-da-pfizer-contra-a-covid-19-tem-o-mesmissimo-mecanismo-que-a-ivermectina/	https://observador.pt	2022-02-10	"""Adorei saber que o novo medicamento da Pfizer para tratamento precoce da Covid tem o mesmíssimo mecanismo de ação da ivermectina inibidor da protease 3CL."""	Medicamento da Pfizer funciona como a ivermectina	Medicamento da Pfizer funciona como a ivermectina		5	Enganador
https://www.estadao.com.br/estadao-verifica/tratamento-100-dores-anvisa/	https://estadao.com.br	2025-08-07	Presidente da Avisa afirma que tratamento '100dores' é o único que atendeu os critérios da Anvisa para a eliminação definitiva de dores articulares	Vídeo de ex-diretor da Anvisa é editado com IA para recomendar ...	Vídeo de ex-diretor da Anvisa é editado com IA para recomendar ...	1	5	Falso
https://projetocomprova.com.br/publica%C3%A7%C3%B5es/fda-apenas-reconheceu-autoridade-do-medico-de-prescrever-ivermectina-off-label-medicamento-segue-sem-aprovacao-para-tratar-covid/	https://projetocomprova.com.br	2023-08-23	FDA autorizou os médicos americanos a tratarem covid com ivermectina	FDA apenas reconheceu autoridade do médico de prescrever ...	FDA apenas reconheceu autoridade do médico de prescrever ...		5	Enganoso: Declaração de uma advogada da agência norte-americana em audiência judicial foi distorcida para levar à desinformação.
https://observador.pt/factchecks/fact-check-biofabrica-de-wolbachia-destina-se-a-criar-modificar-o-ambiente-e-representa-perigo-para-a-populacao/	https://observador.pt	2025-08-07	A narrativa oficial diz: 'estamos a combater a dengue, o zika e o chikungunya'. Mas o que estão mesmo a fazer é modificar geneticamente o ambiente inteiro.	"Fact Check. Biofábrica de wolbachia destina-se a criar ""modificar o ambiente"" e representa perigo para a população"	"Fact Check. Biofábrica de wolbachia destina-se a criar ""modificar o ambiente"" e representa perigo para a população"		5	Errado
https://www.estadao.com.br/estadao-verifica/e-falso-que-biofabrica-no-parana-modifique-mosquitos-geneticamente/	https://estadao.com.br	2025-08-06	Fábrica de mosquitos no Paraná modifica mosquitos da dengue com apoio de Bill Gates	falso que biofábrica no Paraná modifique mosquitos geneticamente	falso que biofábrica no Paraná modifique mosquitos geneticamente	1	5	Falso
https://checamos.afp.com/doc.afp.com.36YA9HR	https://checamos.afp.com	2025-02-20	Vigilância Sanitária pede para colocar meio copo de cloro e uma colher de sal em todos os ralos contra a dengue	Anvisa não recomenda cloro com sal em ralos para combater a dengue; mistura é pouco eficaz	Anvisa não recomenda cloro com sal em ralos para combater a dengue; mistura é pouco eficaz		5	Enganoso
https://checamos.afp.com/doc.afp.com.34U38YM	https://checamos.afp.com	2024-05-29	A vacina da dengue causa dengue hemorrágica	Vacina Dengvaxia, aplicada em quem já teve dengue, não causa ...	Vacina Dengvaxia, aplicada em quem já teve dengue, não causa ...		5	Enganoso
https://www.estadao.com.br/estadao-verifica/enganoso-dados-dengue-desatualizados-agosto-2023/	https://estadao.com.br	2024-04-26	Dados epidemiológicos da dengue não são atualizados desde agosto de 2023	Dados do Ministério da Saúde sobre dengue não estão desatualizados desde agosto de 2023	Dados do Ministério da Saúde sobre dengue não estão desatualizados desde agosto de 2023	1	5	Falso
https://checamos.afp.com/doc.afp.com.34MB97K	https://checamos.afp.com	2024-03-25	Dengue mata 25 mil brasileiros por dia	Dengue não mata 25 mil brasileiros por dia; número citado é ...	Dengue não mata 25 mil brasileiros por dia; número citado é ...	1	5	Falso
https://www1.folha.uol.com.br/equilibrioesaude/2024/03/surto-de-dengue-nao-tem-relacao-com-programa-de-mosquitos-financiado-por-bill-gates.shtml	https://www1.folha.uol.com.br	2024-03-22	Post diz que surto de dengue no Brasil aumenta em 400% após os mosquitos OGM [geneticamente modificados] de Bill Gates serem liberados propositalmente. O texto cita o Programa Mundial de Mosquitos da ONU e um plano para liberar bilhões de mosquitos geneticamente editados no Brasil durante um período de 10 anos.	Surto de dengue não tem relação com programa de mosquitos ...	Surto de dengue não tem relação com programa de mosquitos ...	1	5	Falso
https://projetocomprova.com.br/publica%C3%A7%C3%B5es/surto-de-dengue-nao-tem-relacao-com-programa-de-mosquitos-financiado-por-bill-gates/	https://projetocomprova.com.br	2024-03-21	Surto de dengue tem conexão com programa de mosquitos de Bill Gates	Surto de dengue não tem relação com programa de mosquitos financiado por Bill Gates	Surto de dengue não tem relação com programa de mosquitos financiado por Bill Gates	1	5	Falso: O método reduz as chances de infecção e se mostrou eficaz e seguro em diversas cidades do mundo, como Niterói.
https://www.estadao.com.br/estadao-verifica/nao-e-recomendado-esperar-epidemia-de-dengue-passar-para-se-vacinar-imunizantes-podem-conter-surtos/	https://estadao.com.br	2024-03-19	recomendado se vacinar contra a dengue só depois do verão	Não é recomendado esperar epidemia de dengue passar para se vacinar; imunizantes podem conter surtos	Não é recomendado esperar epidemia de dengue passar para se vacinar; imunizantes podem conter surtos		5	Enganoso
https://checamos.afp.com/doc.afp.com.34LU2WD	https://checamos.afp.com	2024-03-19	Estudo da UFMG mostra que o suco de inhame corta os efeitos da dengue	A UFMG não realizou estudo que comprova a eficácia do suco de inhame para curar a dengue	A UFMG não realizou estudo que comprova a eficácia do suco de inhame para curar a dengue	1	5	Falso
https://checamos.afp.com/doc.afp.com.34LJ3QV	https://checamos.afp.com	2024-03-15	A propagação da dengue no Brasil está relacionada à liberação dos mosquitos geneticamente editados de Bill	Artigo desinforma sobre mosquitos geneticamente modificados, Bill Gates e dengue no Brasil	Artigo desinforma sobre mosquitos geneticamente modificados, Bill Gates e dengue no Brasil	1	5	Falso
https://noticias.uol.com.br/confere/ultimas-noticias/2024/03/12/mosquito-gigante-nao-e-aedes-aegypti-geneticamente-modificado.htm	https://noticias.uol.com.br		Bill Gates produz cerca de 30 milhões de mosquitos geneticamente modificados, depois de oferecer vacinas contra a dengue. Esse é o negócio. Hoje na Argentina e no Uruguai há uma invasão de mosquitos.	'Mosquito gigante' não é Aedes aegypti modificado por Bill Gates	'Mosquito gigante' não é Aedes aegypti modificado por Bill Gates	1	5	Falso
https://www.aosfatos.org/noticias/nao-ha-evidencias-suco-de-inhame-maca-laranja-plaquetas-cura-dengue/	https://aosfatos.org	2024-03-11	Suco de inhame, maçã e laranja aumenta o número de plaquetas e cura a dengue	Não há evidências de que o suco de inhame, maçã e laranja ...	Não há evidências de que o suco de inhame, maçã e laranja ...	1	5	falso
https://www.estadao.com.br/estadao-verifica/e-falso-que-mosquitos-da-dengue-modificados-sejam-produzidos-em-laboratorio-de-bill-gates/	https://estadao.com.br	2024-03-04	Mosquitos geneticamente modificados no laboratório de Bill Gates estão em peso no Brasil para disseminar a dengue e fazer a população se vacinar contra sua vontade.	falso que mosquitos da dengue modificados sejam produzidos em laboratório de Bill Gates	falso que mosquitos da dengue modificados sejam produzidos em laboratório de Bill Gates	1	5	Falso
https://checamos.afp.com/doc.afp.com.34KD7MK	https://checamos.afp.com	2024-02-29	A folha de mamão minimiza os sintomas da dengue	A folha de mamão não tem eficácia comprovada contra a dengue	A folha de mamão não tem eficácia comprovada contra a dengue	1	5	Falso
https://www.aosfatos.org/noticias/nao-ha-evidencias-vinagre-de-alcool-extermina-mosquito-dengue/	https://aosfatos.org	2024-02-27	Vinagre de álcool extermina o mosquito da dengue	Não há evidências de que o vinagre de álcool extermina o mosquito da dengue	Não há evidências de que o vinagre de álcool extermina o mosquito da dengue	1	5	falso
https://observador.pt/factchecks/fact-check-ivermectina-eficaz-na-reducao-da-carga-viral-da-dengue/	https://observador.pt	2024-02-26	A ivermectina já demonstrou sua eficácia na redução da carga viral da dengue, de maneira dependente da dose. ...O desaparecimento do quadro clínico - quando é administrado precocemente - ocorre em menos de 72 horas.	Fact Check. Ivermectina eficaz na redução da carga viral da dengue	Fact Check. Ivermectina eficaz na redução da carga viral da dengue		5	Errado
https://observador.pt/factchecks/fact-check-solucao-caseira-de-vinagre-de-alcool-vai-resolver-surto-de-dengue-no-brasil/	https://observador.pt	2024-02-26	Solução caseira de vinagre de álcool vai resolver o surto de dengue no Brasil.	Truque caseiro de vinagre resolve surto de dengue	Truque caseiro de vinagre resolve surto de dengue		5	Errado
https://www.estadao.com.br/estadao-verifica/lula-culpa-prefeitos-dengue/	https://estadao.com.br	2024-02-22	Lula culpa prefeitos por casos de dengue	Postagem enganosa atribui a Lula declaração de que combate à dengue cabe somente aos prefeitos	Postagem enganosa atribui a Lula declaração de que combate à dengue cabe somente aos prefeitos		5	Enganoso
https://www.estadao.com.br/estadao-verifica/falso-cha-de-folha-de-mamao-combate-dengue/	https://estadao.com.br	2024-02-22	Folha de mamão aumenta os níveis de plaquetas de pessoas com dengue	Não há recomendação de chá de folha de mamão no tratamento da dengue	Não há recomendação de chá de folha de mamão no tratamento da dengue	1	5	Falso
https://noticias.uol.com.br/confere/ultimas-noticias/2024/02/22/video-distorce-fala-lula-prefeitos-dengue.htm	https://noticias.uol.com.br		Lula debochou da dengue, se fosse o Bolsonaro era genocida. A culpa da dengue existir é do prefeito	Vídeo editado distorce fala de Lula sobre dengue e prefeitos	Vídeo editado distorce fala de Lula sobre dengue e prefeitos	3	5	Distorcido
https://www.estadao.com.br/estadao-verifica/entenda-mosquito-dengue-geneticamente-modificado/	https://estadao.com.br	2024-02-19	Estudo mostra que aedes aegypti modificado geneticamente pode ter piorado epidemia de dengue	Entenda como age o mosquito da dengue geneticamente modificado	Entenda como age o mosquito da dengue geneticamente modificado		5	Enganoso
https://noticias.uol.com.br/comprova/ultimas-noticias/2024/02/22/e-falso-que-cha-de-folha-de-mamao-combata-a-dengue.htm	https://noticias.uol.com.br		Chá ou extrato de folha de mamão não traz benefício clínico de aumento de plaquetas e também não previne eventuais complicações da dengue	falso que chá de folha de mamão combata a dengue	falso que chá de folha de mamão combata a dengue	1	5	Falso
https://projetocomprova.com.br/publica%C3%A7%C3%B5es/e-falso-que-cha-de-folha-de-mamao-combata-a-dengue/	https://projetocomprova.com.br	2024-02-21	Folha de mamão pode combater efeitos da dengue	falso que chá de folha de mamão combata a dengue	falso que chá de folha de mamão combata a dengue	1	5	Falso: Não há comprovação científica de que a folha do mamoeiro seja eficaz no tratamento da dengue e no aumento dos níveis de plaquetas.
https://www.estadao.com.br/estadao-verifica/google-scholar-estudos-eficacia-ivermectina-dengue/	https://estadao.com.br	2024-02-21	Estudos exibidos pelo Google Scholar provam que ivermectina é eficaz contra a dengue	Vídeo engana ao usar resultado de busca no Google Acadêmico para defender ivermectina contra dengue	Vídeo engana ao usar resultado de busca no Google Acadêmico para defender ivermectina contra dengue		5	Enganoso
https://www.estadao.com.br/estadao-verifica/vacina-dengue-transgenica-falso/	https://estadao.com.br	2024-02-21	Vacina da dengue é transgênica, causa câncer e altera o DNA	Post desinforma sobre tecnologia utilizada na vacina da dengue	Post desinforma sobre tecnologia utilizada na vacina da dengue	1	5	Falso
https://www.aosfatos.org/noticias/propolis-vitamina-c-d-dengue-sem-evidencias/	https://aosfatos.org	2024-02-20	Protocolo composto por vitaminas C e D, própolis e Broncho-Vaxom é indicado para dengue	Não há evidências de que coquetel com vitaminas e própolis seja eficaz contra dengue	Não há evidências de que coquetel com vitaminas e própolis seja eficaz contra dengue	1	5	falso
https://www.aosfatos.org/noticias/falso-lula-culpou-prefeitos-dengue/	https://aosfatos.org	2024-02-20	Em discurso, Lula culpou apenas prefeitos pela alta nos casos de dengue	Vídeo manipulado faz crer que Lula culpou apenas prefeitos por alta da dengue	Vídeo manipulado faz crer que Lula culpou apenas prefeitos por alta da dengue	1	5	falso
https://www.estadao.com.br/estadao-verifica/vinagre-alcool-combate-mosquito-dengue/	https://estadao.com.br	2024-02-19	Vinagre para combater o mosquito da dengue	Vinagre de álcool não é recomendado como medida para combater mosquito da dengue	Vinagre de álcool não é recomendado como medida para combater mosquito da dengue	1	5	Falso
https://www.aosfatos.org/noticias/falso-supermosquito-bahia-surto-dengue/	https://aosfatos.org	2024-02-20	Experimento na Bahia criou supermosquito responsável pelo atual surto de dengue.	Experimento na Bahia não criou 'supermosquito' responsável por ...	Experimento na Bahia não criou 'supermosquito' responsável por ...	1	5	falso
https://noticias.uol.com.br/comprova/ultimas-noticias/2024/02/19/videos-enganam-ao-indicar-ivermectina-para-o-tratamento-da-dengue.htm	https://noticias.uol.com.br		Ivermectina funciona para dengue	Vídeos enganam ao indicar ivermectina para o tratamento da dengue	Vídeos enganam ao indicar ivermectina para o tratamento da dengue		5	Enganoso
https://projetocomprova.com.br/publica%C3%A7%C3%B5es/videos-enganam-ao-indicar-ivermectina-para-o-tratamento-da-dengue/	https://projetocomprova.com.br	2024-02-19	Ivermectina serve para combater a dengue	Vídeos enganam ao indicar ivermectina para o tratamento da dengue	Vídeos enganam ao indicar ivermectina para o tratamento da dengue		5	Enganoso: A ivermectina produz efeitos colaterais e não deve ser tomada indiscriminadamente. Seu uso não é recomendado para tratamento da dengue.
https://www.estadao.com.br/estadao-verifica/video-engana-protocolo-vitamina-c-d-dengue/	https://estadao.com.br	2024-02-19	Protocolo para melhorar rápido da dengue inclui própolis, vitaminas C e D e Broncho-Vaxom	Protocolo com vitaminas e própolis para pacientes com dengue não tem embasamento na ciência	Protocolo com vitaminas e própolis para pacientes com dengue não tem embasamento na ciência		5	Enganoso
https://checamos.afp.com/doc.afp.com.34JT3MK	https://checamos.afp.com	2024-02-19	O vinagre de álcool pode inutilizar o mosquito da dengue	falso que o vinagre de álcool funcione no combate à dengue	falso que o vinagre de álcool funcione no combate à dengue	1	5	Falso
https://checamos.afp.com/doc.afp.com.34JP4EF	https://checamos.afp.com	2024-02-19	A ivermectina é eficaz para o tratamento e prevenção da dengue	Ivermectina não tem eficácia comprovada para tratar ou prevenir dengue, dizem especialistas	Ivermectina não tem eficácia comprovada para tratar ou prevenir dengue, dizem especialistas	1	5	Falso
https://noticias.uol.com.br/confere/ultimas-noticias/2024/02/18/dengue-tratamentos-falsos.htm	https://noticias.uol.com.br		Suco de limão e caldo de cana eliminam carga viral e sintomas da dengue em poucas horas	Suco de limão e própolis: posts indicam falsos tratamentos para dengue	Suco de limão e própolis: posts indicam falsos tratamentos para dengue	1	5	Falso
https://noticias.uol.com.br/comprova/ultimas-noticias/2024/02/16/vinagre-de-alcool-nao-e-recomendado-para-combater-mosquito-da-dengue.htm	https://noticias.uol.com.br		Vinagre de álcool serve como repelente contra o mosquito da dengue	Vinagre de álcool não é recomendado para combater mosquito da dengue	Vinagre de álcool não é recomendado para combater mosquito da dengue	1	5	Falso
https://www1.folha.uol.com.br/equilibrioesaude/2024/02/vinagre-de-alcool-nao-e-recomendado-como-medida-para-combater-mosquito-da-dengue.shtml	https://www1.folha.uol.com.br	2024-02-16	Vídeo divulgado nas redes sociais indica o uso de vinagre de álcool como repelente contra o mosquito da dengue. Nas imagens, um homem que diz ser presidente do Comitê da Dengue de São Miguel do Iguaçu PR afirma que colocar o produto em recipientes no chão dos cômodos da casa funciona para afastar o Aedes aegypti.	Vinagre de álcool não é recomendado como medida para combater mosquito da dengue	Vinagre de álcool não é recomendado como medida para combater mosquito da dengue	1	5	Falso
https://noticias.uol.com.br/comprova/ultimas-noticias/2024/02/16/aedes-do-bem-entenda-como-age-mosquito-da-dengue-geneticamente-modificado.htm	https://noticias.uol.com.br		Alteração genética no mosquito transmissor da dengue pode ter criado supermosquito mais resistente e que agrava doenças	Aedes do Bem: Entenda como age mosquito da dengue geneticamente modificado	Aedes do Bem: Entenda como age mosquito da dengue geneticamente modificado	1	5	Falso
https://projetocomprova.com.br/publica%C3%A7%C3%B5es/vinagre-de-alcool-nao-e-recomendado-como-medida-para-combater-mosquito-da-dengue/	https://projetocomprova.com.br	2024-02-16	Vinagre mata mosquitos da dengue	Vinagre de álcool não é recomendado como medida para combater mosquito da dengue	Vinagre de álcool não é recomendado como medida para combater mosquito da dengue	1	5	É falso que distribuir recipientes com vinagre de álcool no chão dos domicílios seja um método recomendado contra o Aedes aegypti.
https://www.aosfatos.org/noticias/falso-cha-folha-mamao-dengue/	https://aosfatos.org	2024-02-16	Chá de folha de mamão combate a dengue.	Não há evidências científicas de que chá de folha de mamão ...	Não há evidências científicas de que chá de folha de mamão ...	1	5	falso
https://checamos.afp.com/doc.afp.com.34JF77U	https://checamos.afp.com	2024-02-15	A vacina da dengue é transgênica, altera o DNA e causa câncer	Vacina contra a dengue não causa câncer nem altera DNA, explicam especialistas	Vacina contra a dengue não causa câncer nem altera DNA, explicam especialistas	1	5	Falso
https://www.estadao.com.br/estadao-verifica/limao-caldo-cana-curam-dengue/	https://estadao.com.br	2024-02-15	Caldo de cana e suco de limão são eficazes no tratamento da dengue	falso que limão ou caldo de cana sejam eficazes contra a dengue	falso que limão ou caldo de cana sejam eficazes contra a dengue	1	5	Falso
https://www.aosfatos.org/noticias/nao-ha-evidencias-cientificas-ivermectina-dengue/	https://aosfatos.org	2024-02-09	Ivermectina é bom para o tratamento da dengue	Não há evidências científicas de que a ivermectina seja eficaz contra a dengue	Não há evidências científicas de que a ivermectina seja eficaz contra a dengue	1	5	falso
https://noticias.uol.com.br/confere/ultimas-noticias/2024/02/07/falso-drauzio-varella-vacina-dengue-transgenica.htm	https://noticias.uol.com.br		A vacina da dengue é transgênica, altera o DNA e causa câncer	Drauzio Varella não disse que vacina da dengue altera DNA e causa câncer	Drauzio Varella não disse que vacina da dengue altera DNA e causa câncer	1	5	Falso
https://noticias.uol.com.br/confere/ultimas-noticias/2024/02/07/e-falso-que-vinagre-de-alcool-previna-dengue.htm	https://noticias.uol.com.br		Vinagre de álcool ajuda no combate à dengue	Dengue não é prevenida com vinagre de álcool	Dengue não é prevenida com vinagre de álcool	1	5	Falso
https://www.aosfatos.org/noticias/falso-suco-de-limao-caldo-de-cana-curam-dengue/	https://aosfatos.org	2024-02-07	Suco de limão e caldo de cana eliminam o vírus da dengue	falso que suco de limão e caldo de cana curam a dengue	falso que suco de limão e caldo de cana curam a dengue	1	5	falso
https://www.estadao.com.br/estadao-verifica/cloro-e-sal-nao-sao-formas-mais-eficazes-de-combater-focos-do-mosquito-da-dengue/	https://estadao.com.br	2024-02-06	Vigilância Sanitária pede para colocar meio copo de cloro e uma colher de sal em todos os ralos que tiver em casa para combate a focos do mosquito da dengue	Cloro e sal não são formas mais eficazes de combater focos do mosquito da dengue	Cloro e sal não são formas mais eficazes de combater focos do mosquito da dengue		5	Enganoso
https://www.aosfatos.org/noticias/falso-drauzio-varella-vacina-dengue-cancer/	https://aosfatos.org	2024-02-02	Vacina contra dengue causa câncer, altera o DNA e é transgênica	Vídeo editado de Drauzio Varella desinforma ao afirmar que vacina contra dengue causa câncer	Vídeo editado de Drauzio Varella desinforma ao afirmar que vacina contra dengue causa câncer	1	5	falso
https://www.estadao.com.br/estadao-verifica/ivermectina-nao-pode-ser-considerada-cura-ou-prevencao-da-dengue/	https://estadao.com.br	2024-02-02	Ivermectina é cura e profilaxia para dengue	Ivermectina não pode ser considerada cura ou prevenção da dengue	Ivermectina não pode ser considerada cura ou prevenção da dengue	1	5	Falso
https://noticias.uol.com.br/confere/ultimas-noticias/2024/01/31/e-falso-que-a-folha-do-mamao-e-eficaz-para-o-tratamento-da-dengue.htm	https://noticias.uol.com.br		Folha do mamão é eficaz no tratamento contra a dengue	falso que folha do mamão é eficaz para o tratamento da dengue	falso que folha do mamão é eficaz para o tratamento da dengue	1	5	Falso
https://www.estadao.com.br/estadao-verifica/borra-cafe-pratinhos-mosquito-dengue-enganoso/	https://estadao.com.br	2024-02-22	As prefeituras não estão divugando que a borra de café evita proliferação aedes aegypti	Eliminar criadouros é melhor método para combater o aedes ...	Eliminar criadouros é melhor método para combater o aedes ...		5	Enganoso
https://observador.pt/factchecks/fact-check-surto-de-dengue-no-brasil-esta-relacionado-com-vacina-contra-a-covid-da-pfizer/	https://observador.pt	2024-02-21	"A matemática é a mesma de 2019....mas com outro nome...e uma nova ""solução"" para ""resolver"" o problema que a ""solução"" do problema anterior causou."	Surto de dengue provocado por vacina anti-Covid	Surto de dengue provocado por vacina anti-Covid		5	Errado
https://noticias.uol.com.br/confere/ultimas-noticias/2024/01/24/falso-ivermectina-dengue.htm	https://noticias.uol.com.br		A ivermectina já demonstrou sua eficácia na redução da carga viral da dengue, de maneira dependente da dose. A ivermectina tem um efeito antiviral comprovado contra outros vírus de RNA de fita única, como dengue ou febre amarela, contra os quais conseguiu inibir sua replicação in vitro. Além disso, tem um papel imunomodulador que é interessante de avaliar, já que foi visto que um dos grandes problemas do vírus da dengue é a imunoamplificação. O desaparecimento do quadro clínico - quando é administrado precocemente - ocorre em menos de 72 horas. Da mesma forma, os indivíduos que recebem doses profiláticas de IVM não contrairão dengue, mesmo quando inoculados através da picada de mosquitos Aedes, o que confirma o efeito viricida do composto. Além disso, esses mosquitos morrerão após tal picada, a uma taxa 6 vezes maior do que seu ciclo de vida normal. Isso foi observado em animais de fazenda, que receberam IVM para evitar doenças transmitidas por mosquitos Culex, Anopheles, Aedes, etc.. Dada essa descoberta, o efeito foi replicado em voluntários humanos, com igual sucesso	Ivermectina não é indicada para prevenção e tratamento contra a dengue	Ivermectina não é indicada para prevenção e tratamento contra a dengue	1	5	Falso
https://noticias.uol.com.br/confere/ultimas-noticias/2024/02/09/bill-gates-nao-financia-fabrica-de-mosquitos-para-espalhar-dengue.htm	https://noticias.uol.com.br		"O GOLPE TA AI, CAI QUEM QUER...FBRICA DE M0$QUITO"" de Bill G@t$ a todo vapor na Colômbia aumenta os casos de Dngue por causa das 'Mudanças Climáticas"	Bill Gates não financia fábrica de mosquitos para 'espalhar dengue'	Bill Gates não financia fábrica de mosquitos para 'espalhar dengue'	1	5	Falso
https://noticias.uol.com.br/confere/ultimas-noticias/2024/02/07/aumento-dos-casos-de-dengue-nao-tem-relacao-com-vacinas-da-covid-19.htm	https://noticias.uol.com.br		Então quer dizer que todos os locais onde tem vacinação  Não importa qual vacina inicia-se surtos epidemicos de doenças	Aumento dos casos de dengue não tem relação com vacinas da ...	Aumento dos casos de dengue não tem relação com vacinas da ...	1	5	Falso
https://noticias.uol.com.br/confere/ultimas-noticias/2024/01/05/governo-nao-recusou-vacina-contra-dengue-imunizante-foi-incorporado-ao-sus.htm	https://noticias.uol.com.br		Em 2023, Lula se recusou a comprar vacinas contra a dengue. Ninguém o chamou de genocida	Governo Lula não recusou vacina contra dengue	Governo Lula não recusou vacina contra dengue	1	5	Falso
https://checamos.afp.com/doc.afp.com.34982E6	https://checamos.afp.com	2023-12-29	Lula recusou compra de vacina contra a dengue em 2023	falso que Lula tenha recusado compra de vacina contra a dengue em 2023	falso que Lula tenha recusado compra de vacina contra a dengue em 2023	1	5	Falso
https://www1.folha.uol.com.br/equilibrioesaude/2023/11/aprovada-pela-anvisa-e-alvo-de-desinformacao-vacina-contra-a-dengue-esta-em-analise-de-comissao-do-sus.shtml	https://www1.folha.uol.com.br	2023-11-08	Em vídeo publicado nas redes sociais, o ex-ministro da Saúde Marcelo Queiroga fala sobre a dengue no Brasil e sobre a indisponibilidade da vacina contra a doença no país.	Aprovada pela Anvisa e alvo de desinformação, vacina contra a dengue está em análise de comissão do SUS	Aprovada pela Anvisa e alvo de desinformação, vacina contra a dengue está em análise de comissão do SUS		5	Contextualizando
https://projetocomprova.com.br/publica%C3%A7%C3%B5es/aprovada-pela-anvisa-vacina-contra-a-dengue-esta-em-analise-de-comissao-tecnica-do-sus/	https://projetocomprova.com.br	2023-11-01	Governo Lula não quer ofertar vacina de dengue ao povo brasileiro	Aprovada pela Anvisa, vacina contra a dengue está em análise de comissão técnica do SUS	Aprovada pela Anvisa, vacina contra a dengue está em análise de comissão técnica do SUS		5	Postagens têm questionado o governo sobre a demora na incorporação ao SUS da vacina contra a dengue da fabricante Takeda. Entenda o contexto.
https://www.aosfatos.org/noticias/nao-e-verdade-que-o-brasil-nao-teve-nenhum-caso-de-dengue-em-2021/	https://aosfatos.org	2021-03-24	Primeiro verão em 40 anos que não teve um caso sequer de dengue	Não é verdade que o Brasil não teve nenhum caso de dengue em 2021	Não é verdade que o Brasil não teve nenhum caso de dengue em 2021	1	5	falso
https://www.aosfatos.org/noticias/falso-governo-lula-recusou-vacina-dengue/	https://aosfatos.org	2023-07-13	Lula recusou a compra da vacina contra a dengue	Não é verdade que governo Lula recusou vacina contra a dengue aprovada pela Anvisa	Não é verdade que governo Lula recusou vacina contra a dengue aprovada pela Anvisa	1	5	falso
https://checamos.afp.com/ufmg-nao-tem-estudos-que-relacionem-o-suco-de-inhame-cru-com-cura-dos-sintomas-da-dengue	https://checamos.afp.com	2020-03-02	Se você está com Dengue preste atenção: de acordo com um estudo realizado pela UFMG, o suco feito de inhame carazinho corta os efeitos da Dengue em apenas 4 horas	A UFMG não tem estudos que relacionem o suco de inhame cru com a cura dos sintomas da dengue	A UFMG não tem estudos que relacionem o suco de inhame cru com a cura dos sintomas da dengue	1	5	Falso
https://www.estadao.com.br/estadao-verifica/coisas-que-cancer-odeia-shots-matinais-enganoso/	https://estadao.com.br	2026-06-10	Shots matinais ajudam a desinflamar o intestino e assim protegem o corpo contra o câncer	Vídeo engana ao indicar shots matinais para desinflamar intestino e evitar câncer	Vídeo engana ao indicar shots matinais para desinflamar intestino e evitar câncer		5	Enganoso
https://www.estadao.com.br/estadao-verifica/cancer-cura-enganoso/	https://estadao.com.br	2026-02-13	Curas para diferentes tipos de câncer foram anunciadas nesta semana	Câncer: tratamentos em fase inicial de testes aparecem em ...	Câncer: tratamentos em fase inicial de testes aparecem em ...		5	Enganoso
https://www.estadao.com.br/estadao-verifica/cancer-morte-tratamento-radiacao/	https://estadao.com.br	2025-12-18	Pacientes morrem de quimioterapia eou radioterapia, não de câncer	Metástase é principal causa de morte de pacientes com câncer, não tratamento com radiação	Metástase é principal causa de morte de pacientes com câncer, não tratamento com radiação	1	5	Falso
https://www.estadao.com.br/estadao-verifica/ivermectina-foi-liberada-no-texas-mas-nao-por-causa-de-resultados-contra-cancer/	https://estadao.com.br	2025-12-16	Ivermectina liberada no Texas por causa de resultados contra câncer	Ivermectina foi liberada no Texas, mas não por causa de resultados contra câncer	Ivermectina foi liberada no Texas, mas não por causa de resultados contra câncer		5	Enganoso
https://www.estadao.com.br/estadao-verifica/protetor-solar-vitamina-d-cancer-hormonio/	https://estadao.com.br	2025-12-17	Indústria de cosméticos convenceu a população de que devemos evitar o sol a qualquer custo e, no lugar, aplicar protetores solares carregados de substâncias que desregulam hormônios e fornecem riscos de câncer	Uso de protetor solar é seguro e ajuda a prevenir câncer de pele ...	Uso de protetor solar é seguro e ajuda a prevenir câncer de pele ...		5	Enganoso
https://www.aosfatos.org/noticias/video-bolsonaro-hospital-abril-nao-atual/	https://aosfatos.org	2025-12-16	Vídeo mostra momento em que Bolsonaro deixa um hospital após exames de rotina e descobre estar curado do câncer	Vídeo que mostra Bolsonaro deixando hospital é de abril, não atual	Vídeo que mostra Bolsonaro deixando hospital é de abril, não atual	1	5	falso
https://www.estadao.com.br/estadao-verifica/creatina-nao-previne-cancer-artigo/	https://estadao.com.br	2025-11-25	Creatina reduz risco de câncer de mama	Não há comprovação de que creatina previna câncer de mama	Não há comprovação de que creatina previna câncer de mama		5	Enganoso
https://www.estadao.com.br/estadao-verifica/falso-bicarbonato-sodio-dieta-sem-acucar-cancer/	https://estadao.com.br	2025-11-20	Há três maneiras de impedir que o câncer se desenvolva no organismo: manter o ambiente em pH alcalino, oxigenar o corpo e deixar de consumir açúcar.	Manter pH alcalino, oxigenar o corpo e deixar de usar açúcar não impedem desenvolvimento de câncer	Manter pH alcalino, oxigenar o corpo e deixar de usar açúcar não impedem desenvolvimento de câncer	1	5	Falso
https://www.estadao.com.br/estadao-verifica/antiparasitas-cancer-combate-thomas-seyfried/	https://estadao.com.br	2025-11-17	Medicamentos antiparasitas contra câncer	Biólogo americano engana ao dizer que remédios antiparasitários ...	Biólogo americano engana ao dizer que remédios antiparasitários ...		5	Enganoso
https://www.estadao.com.br/estadao-verifica/falso-evidencia-cientifica-ivermectina-cura-tumor-prostata/	https://estadao.com.br	2025-11-13	Tumor na próstata de um paciente desapareceu com o uso de ivermectina.	Não existe evidência científica de que ivermectina cure tumor na ...	Não existe evidência científica de que ivermectina cure tumor na ...	1	5	Falso
https://www.estadao.com.br/estadao-verifica/nao-existe-comprovacao-cientifica-cha-aranto-previne-cancer/	https://estadao.com.br	2025-12-05	Chá com três gramas diárias de aranto previne células cancerígenas.	Chá de aranto não tem comprovação científica para prevenir câncer	Chá de aranto não tem comprovação científica para prevenir câncer	1	5	Falso
https://www.estadao.com.br/estadao-verifica/oregano-colorau-nao-previnem-cancer-enganoso/	https://estadao.com.br	2025-11-07	Orégano e o colorau são os temperos mais potentes do mundo para prevenir o câncer	Orégano e colorau são ricos em anti-inflamatórios, mas não são ...	Orégano e colorau são ricos em anti-inflamatórios, mas não são ...		5	Enganoso
https://www.estadao.com.br/estadao-verifica/estudo-fungo-cancer-corpo-intoxicado/	https://estadao.com.br	2025-10-31	Estudo descobriu que o câncer só se instala em um corpo intoxicado e inflamado, dominado por fungos, parasitas e metais pesados	Postagem distorce estudo para sugerir que apenas corpos ...	Postagem distorce estudo para sugerir que apenas corpos ...		5	Enganoso
https://www.estadao.com.br/estadao-verifica/20-moradores-mesmo-predio-cancer-antenas-celular-paraiba-enganoso/	https://estadao.com.br	2025-10-20	20 moradores de um mesmo prédio na Paraíba tiveram câncer em dois anos e causa está relacionada com exposição a frequência de antenas de telecomunicações	Estudo descarta relação entre antenas de celular e casos de câncer ...	Estudo descarta relação entre antenas de celular e casos de câncer ...		5	Enganoso
https://www.estadao.com.br/estadao-verifica/alecrim-curcuma-capim-limao-comprovacao-cientifica-cancer-intestino-enganoso/	https://estadao.com.br	2025-09-19	Chá de cúrcuma, alecrim e capim-limão previne câncer de intestino.	Alecrim, cúrcuma e capim-limão não têm comprovação científica contra o câncer de intestino	Alecrim, cúrcuma e capim-limão não têm comprovação científica contra o câncer de intestino		5	Enganoso
https://www.estadao.com.br/estadao-verifica/doacao-jovens-com-cancer-site-falso/	https://estadao.com.br	2025-09-17	Postagens divulgam site de doações para Bianca e Maria Clara, duas jovens que sofrem de câncer	Postagens manipulam imagens de criança palestina e jovem morta ...	Postagens manipulam imagens de criança palestina e jovem morta ...	1	5	Falso
https://www.estadao.com.br/estadao-verifica/falso-parasitas-causam-cancer-desparatisacao/	https://estadao.com.br	2025-09-01	Parasitas estão por trás de inúmeros casos de câncer.	Não há comprovação científica de que parasitas causem câncer	Não há comprovação científica de que parasitas causem câncer		5	Enganoso
https://www.estadao.com.br/estadao-verifica/turbocancer-vacinas-covid-falso/	https://estadao.com.br	2025-09-22	"Vacinas contra covid-19 provocam ""turbo câncer"""	Teoria de 'turbocâncer' é desinformação e não tem base científica	Teoria de 'turbocâncer' é desinformação e não tem base científica	1	5	Falso
https://www.estadao.com.br/estadao-verifica/alimentos-que-matam-o-cancer-enganoso/	https://estadao.com.br	2025-08-27	Alguns alimentos têm o poder de matar o câncer	Alimentos citados em vídeo não são capazes de 'matar' o câncer ...	Alimentos citados em vídeo não são capazes de 'matar' o câncer ...		5	Enganoso
https://www.estadao.com.br/estadao-verifica/oito-produtos-que-causam-cancer-enganoso/	https://estadao.com.br	2025-08-18	Shampoo a seco, alisante de cabelo, talco, secadores de unha UV, implantes de silicone, panelas de teflon, recipientes de plástico com Bisfenol A BPA e desodorantes causam câncer	Vídeo desinforma ao listar oito produtos que conteriam substâncias cancerígenas	Vídeo desinforma ao listar oito produtos que conteriam substâncias cancerígenas		5	Enganoso
https://www.estadao.com.br/estadao-verifica/e-falso-que-tadala-premium-previna-cancer-de-prostata-video-feito-com-ia-vende-produto-ineficaz/	https://estadao.com.br	2025-08-13	Tadala Premium previne o câncer de próstata.	falso que 'Tadala premium' previna câncer de próstata; vídeo feito ...	falso que 'Tadala premium' previna câncer de próstata; vídeo feito ...	1	5	Falso
https://www.estadao.com.br/estadao-verifica/salada-anticancer-cancer-cerebral-estagio-4-enganoso/	https://estadao.com.br	2025-08-01	Salada anticâncer curou câncer cerebral em estágio 4	'Salada anticâncer' recomendada em vídeo não trata tumores em ...	'Salada anticâncer' recomendada em vídeo não trata tumores em ...		5	Enganoso
https://www.estadao.com.br/estadao-verifica/aloe-vera-cura-cancer-falso/	https://estadao.com.br	2025-07-30	Aloe vera cura câncer	Aloe vera não cura câncer, ao contrário do que diz postagem	Aloe vera não cura câncer, ao contrário do que diz postagem		5	Enganoso
https://www.estadao.com.br/estadao-verifica/leite-caixinha-gluten-cancer-colorretal/	https://estadao.com.br	2025-07-25	Alimentação é o que previne câncer colorretal	Não há evidências de que leite de caixinha e glúten causam câncer ...	Não há evidências de que leite de caixinha e glúten causam câncer ...		5	Enganoso
https://www.estadao.com.br/estadao-verifica/vacina-pfizer-sv40-cancer-enganoso/	https://estadao.com.br	2025-07-24	Vacina da Pfizer contém o vírus SV40 causador de câncer	Fragmento de vírus utilizado na produção da vacina da Pfizer não ...	Fragmento de vírus utilizado na produção da vacina da Pfizer não ...		5	Enganoso
https://www.estadao.com.br/estadao-verifica/preta-gil-cancer-vacinas-covid-falso/	https://estadao.com.br	2025-07-22	Preta Gil teve câncer turbo e morreu por causa da vacina contra a covid-19.	Vacinas contra covid-19 não causam câncer colorretal, ao contrário do que diz post sobre Preta Gil	Vacinas contra covid-19 não causam câncer colorretal, ao contrário do que diz post sobre Preta Gil	1	5	Falso
https://noticias.uol.com.br/confere/ultimas-noticias/2025/07/16/campanha-rafael-cancer-falso-golpe.htm	https://noticias.uol.com.br		"""ATENO: O RAFAEL PRECISA DE AJUDA PARA CONTINUAR LUTANDO!! Rafael tem apenas 27 anos e está enfrentando uma das maiores batalhas da sua vida: um câncer agressivo que exige tratamento imediato, intensivo e de alto custo. ... Rafael não quer desistir. Ele quer viver, sonhar, trabalhar, estar com a família e superar essa fase. Mas, para isso, precisa da sua ajuda"""	Golpistas usam vídeo de homem que morreu de câncer em ...	Golpistas usam vídeo de homem que morreu de câncer em ...	1	5	Falso
https://www.estadao.com.br/estadao-verifica/cancer-nao-pega-corpo-alcalino-vitamina-c-elimina-tumor-falso/	https://estadao.com.br	2025-07-16	"Câncer não atinge ""corpo alcalino"" e vitamina C injetável faz tumores desaparecerem"	falso que dieta alcalina e vitamina C injetável sejam capazes de ...	falso que dieta alcalina e vitamina C injetável sejam capazes de ...	1	5	Falso
https://www.estadao.com.br/estadao-verifica/medico-engana-causas-cancer-nao-tem-comprovacao-cientifica/	https://estadao.com.br	2025-08-05	As principais causas de tumores são inflamação crônica, emoções reprimidas e exposição a substâncias tóxicas como alumínio em desodorantes, tintas de cabelo, amaciantes e micro-ondas.	Médico engana ao apontar desodorante e tinta de cabelo como ...	Médico engana ao apontar desodorante e tinta de cabelo como ...		5	Enganoso
https://www.estadao.com.br/estadao-verifica/fenbendazol-comprovacao-cientifica-tratar-cancer-fake-news/	https://estadao.com.br	2025-05-30	Estudos de caso mostram que o fenbendazol cura o câncer.	Antiparasitário de uso veterinário não tem comprovação científica para tratar câncer	Antiparasitário de uso veterinário não tem comprovação científica para tratar câncer		5	Enganoso
https://www.estadao.com.br/estadao-verifica/graviola-couve-curcuma-sucos-anti-cancer-falso/	https://estadao.com.br	2025-04-16	Três bebidas que podem matar o câncer	Sucos com graviola, couve e cúrcuma não matam o câncer, ao contrário do que diz postagem	Sucos com graviola, couve e cúrcuma não matam o câncer, ao contrário do que diz postagem	1	5	Falso
https://www.aosfatos.org/noticias/e-falso-oregano-cura-cancer-mais-poderoso-que-antibioticos/	https://aosfatos.org	2025-04-14	O orégano é capaz de curar até o câncer e é o antibiótico natural mais eficaz do mundo	falso que orégano cure câncer ou seja mais poderoso que ...	falso que orégano cure câncer ou seja mais poderoso que ...	1	5	falso
https://www.estadao.com.br/estadao-verifica/oregano-nao-previne-cure-cancer-antibiotico-mais-eficaz-enganoso/	https://estadao.com.br	2025-04-08	Orégano é antibiótico mais eficaz do mundo e pode curar câncer	Vídeo engana sobre benefícios do orégano; tempero não previne ...	Vídeo engana sobre benefícios do orégano; tempero não previne ...		5	Enganoso
https://www.estadao.com.br/estadao-verifica/relatorio-fda-protetor-solar-causa-cancer-enganoso/	https://estadao.com.br	2025-04-04	Protetores solares causam câncer de pele e sobrecarregam fígado e rins	Não, protetores solares não causam câncer; na verdade, produto ...	Não, protetores solares não causam câncer; na verdade, produto ...		5	Enganoso
https://noticias.uol.com.br/confere/ultimas-noticias/2025/03/11/e-falsa-campanha-de-arrecadacao-para-cirurgia-de-menino-isaac-e-golpe.htm	https://noticias.uol.com.br		Ajude o Isaac. Ele perdeu o pai, e agora descobriu um câncer. Agora, ele precisa realizar a cirurgia de remoção do câncer urgente, antes da metástase.	falsa campanha de arrecadação para cirurgia de menino Isaac; é golpe	falsa campanha de arrecadação para cirurgia de menino Isaac; é golpe	1	5	Falso
https://www.aosfatos.org/noticias/falso-quimioterapia-radioterapia-nao-tem-eficacia-contra-cancer/	https://aosfatos.org	2025-02-06	Quimioterapia, radioterapia e cirurgias são ineficazes no tratamento do câncer	Dentista mente ao dizer que quimioterapia e radioterapia não têm ...	Dentista mente ao dizer que quimioterapia e radioterapia não têm ...	1	5	falso
https://checamos.afp.com/doc.afp.com.36WU9L2	https://checamos.afp.com	2025-01-31	Ivermectina, dióxido de cloro, fenbendazol e azul de metileno curam câncer	Comentários de Mel Gibson em podcast alimentam alegações ...	Comentários de Mel Gibson em podcast alimentam alegações ...	1	5	Falso
https://www.estadao.com.br/estadao-verifica/biopsia-cancer-metastase-oncotaxia-inflamatoria-enganoso/	https://estadao.com.br	2025-01-31	Biópsias causam oncotaxia inflamatória e metástases no câncer	Biópsia é segura e importante para tratamento do câncer; é mentira ...	Biópsia é segura e importante para tratamento do câncer; é mentira ...		5	Enganoso
https://checamos.afp.com/doc.afp.com.36UA8YC	https://checamos.afp.com	2025-01-16	Peróxido de hidrogênio cura o câncer	Peróxido de hidrogênio é falsamente promovido como tratamento para câncer	Peróxido de hidrogênio é falsamente promovido como tratamento para câncer	1	5	Falso
https://www.estadao.com.br/estadao-verifica/ir-haddad-propos-limitar-isencao-para-pacientes-de-cancer-e-aids-nao-acabar-com-beneficio/	https://estadao.com.br	2024-12-03	Ministro Fernando Haddad quer taxar doenças como câncer, AIDS e tuberculose	IR: Haddad propôs limitar isenção para pacientes de câncer e Aids ...	IR: Haddad propôs limitar isenção para pacientes de câncer e Aids ...		5	Enganoso
https://observador.pt/factchecks/fact-check-agua-de-ananas-aquecida-cura-o-cancro/	https://observador.pt	2024-11-29	Cancro vencido com água quente de abacaxi: água quente de abacaxi vai salvar a sua vida. Mata células cancerígenas.	Fact Check. gua de ananás aquecida cura o cancro	Fact Check. gua de ananás aquecida cura o cancro		5	Errado
https://observador.pt/factchecks/fact-check-medicos-reunidos-em-berlim-emitem-conselhos-sobre-doencas-malignas/	https://observador.pt	2024-11-25	Resumo da Conferência Médica sobre Doenças Malignas em Berlim. Alguns pontos interessantes	"Fact Check. Médicos reunidos em Berlim emitem conselhos sobre ""doenças malignas"""	"Fact Check. Médicos reunidos em Berlim emitem conselhos sobre ""doenças malignas"""		5	Errado
https://www.aosfatos.org/noticias/cancer-de-mama-existe/	https://aosfatos.org	2024-10-30	O câncer de mama não existe	Médica mente ao dizer que câncer de mama não existe	Médica mente ao dizer que câncer de mama não existe	1	5	falso
https://noticias.uol.com.br/confere/ultimas-noticias/2024/10/22/nao-existe-protocolo-com-antiparasitarios-para-tratar-cancer.htm	https://noticias.uol.com.br		Agora é oficial: Primeiro protocolo oficial sobre ivermectina, mebendazol e fenbendazol no câncer	Não há protocolo com ivermectina, mebendazol e fenbendazol ...	Não há protocolo com ivermectina, mebendazol e fenbendazol ...	3	5	Distorcido
https://www.aosfatos.org/noticias/governo-limitar-nao-extinguir-isencao-ir-doenca-grave/	https://aosfatos.org	2024-12-02	Governo Lula vai acabar com isenção do IR para quem tem câncer, HIV e tuberculose	Governo quer limitar, não extinguir, isenção de IR por doença grave	Governo quer limitar, não extinguir, isenção de IR por doença grave		5	não_é_bem_assim
https://noticias.uol.com.br/confere/ultimas-noticias/2024/11/06/post-distorce-mapas-e-omite-resultados-de-eleicoes-de-2022-no-brasil.htm	https://noticias.uol.com.br		CONTINUAREMOS COM A QUIMIOTERAPIA. UM DIA ESSE CNCER DESAPARECE	Post traz mapas das eleições presidenciais, não de prefeitos	Post traz mapas das eleições presidenciais, não de prefeitos	3	5	Distorcido
https://www.estadao.com.br/estadao-verifica/ivermectina-tratamento-cancer/	https://estadao.com.br	2024-10-18	Novo protocolo para o tratamento de câncer com ivermectina foi revisado por pares e publicado	Não há comprovação de eficácia da ivermectina no tratamento de câncer	Não há comprovação de eficácia da ivermectina no tratamento de câncer		5	Enganoso
https://www.estadao.com.br/estadao-verifica/ivermectina-cancer-pos-vacina-falso/	https://estadao.com.br	2024-08-16	Cientista lança bomba: #Ivermectina cura câncer, Parkinson, danos causados por vacinas e muito mais.	Não há indicação de ivermectina no tratamento contra câncer e como medida pós-vacina	Não há indicação de ivermectina no tratamento contra câncer e como medida pós-vacina	1	5	Falso
https://www.estadao.com.br/estadao-verifica/ivermectina-covid-cancer-turbocancer-falso/	https://estadao.com.br	2024-09-03	Vacinas de mRNA contra a covid-19 causam turbocâncer e ivermectina é útil contra linfomas, leucemias e coronavírus.	falso que ivermectina possa tratar covid-19 e câncer	falso que ivermectina possa tratar covid-19 e câncer	1	5	Falso
https://projetocomprova.com.br/publica%C3%A7%C3%B5es/nao-ha-indicacao-de-ivermectina-no-tratamento-contra-cancer-e-como-medida-pos-vacina/	https://projetocomprova.com.br	2024-08-15	Ivermectina cura danos causados por vacinas	Não há indicação de ivermectina no tratamento contra câncer e ...	Não há indicação de ivermectina no tratamento contra câncer e ...	1	5	Falso: A ivermectina deve ser usada contra doenças relacionadas a parasitas e vermes e não é indicada para tratamento contra outras doenças, como o câncer.
https://observador.pt/factchecks/fact-check-bebida-caseira-com-mel-e-cachaca-cura-o-cancro-metastizado/	https://observador.pt	2024-05-16	Uma babosa ou 400 mg +meio litro de mel puro+ uma colher de cachaça. Eu [tinha] cancro [com] metástase, hoje curada.	Fact Check. Bebida caseira com mel e cachaça cura o cancro metastizado	Fact Check. Bebida caseira com mel e cachaça cura o cancro metastizado		5	Errado
https://www.estadao.com.br/estadao-verifica/ceo-pfizer-turbocancer-vacina-falso/	https://estadao.com.br	2024-06-06	CEO da Pfizer avisou que 33% da população terá turbocâncer por causa das vacinas.	Não, CEO da Pfizer não disse que 33% da população terá ...	Não, CEO da Pfizer não disse que 33% da população terá ...	1	5	Falso
https://noticias.uol.com.br/comprova/ultimas-noticias/2024/05/09/moderna-nao-admitiu-que-dna-residual-em-vacinas-pode-levar-a-cancer.htm	https://noticias.uol.com.br		Moderna ADMITE que contaminação do DNA pode levar ao câncer	Moderna não admitiu que DNA residual em vacinas pode levar a câncer	Moderna não admitiu que DNA residual em vacinas pode levar a câncer		5	Enganoso
https://checamos.afp.com/doc.afp.com.34QU9C2	https://checamos.afp.com	2024-05-06	O CDC alertou que as vacinas COVID-19 causaram um aumento de pelo menos 14.000% nos casos de câncer nos EUA	Alerta sobre casos de câncer por vacinas anticovid é baseado em relatos não verificados nos EUA	Alerta sobre casos de câncer por vacinas anticovid é baseado em relatos não verificados nos EUA	1	5	Falso
https://noticias.uol.com.br/confere/ultimas-noticias/2024/03/13/e-falso-que-suco-de-limao-gengibre-aloe-vera-e-cravo-da-india-cure-cancer.htm	https://noticias.uol.com.br		Suco de limão, gengibre, aloe vera e cravo da ndia cura câncer terminal	falso que suco de limão, gengibre, aloe vera e cravo-da-índia cure câncer	falso que suco de limão, gengibre, aloe vera e cravo-da-índia cure câncer	1	5	Falso
https://noticias.uol.com.br/comprova/ultimas-noticias/2024/03/01/israel-nao-cancelou-fornecimento-de-aparelho-contra-cancer-por-fala-de-lula.htm	https://noticias.uol.com.br		Israel cancelou todos os contratos de importação para o Brasil de aparelho que detecta câncer de mama e próstata a partir da primeira célula	Israel não cancelou fornecimento de aparelho contra câncer por fala de Lula	Israel não cancelou fornecimento de aparelho contra câncer por fala de Lula	1	5	Falso
https://www.estadao.com.br/estadao-verifica/boato-inventa-que-israel-cancelou-venda-de-maquina-contra-o-cancer-ao-brasil-contrato-nunca-existiu/	https://estadao.com.br	2024-02-27	Israel cancelou o contrato de importação para o Brasil de aparelho que detecta câncer de mama e de próstata a partir da primeira célula e faz retirada sem cortes.	Boato inventa que Israel cancelou venda de máquina contra o ...	Boato inventa que Israel cancelou venda de máquina contra o ...	1	5	Falso
https://noticias.uol.com.br/confere/ultimas-noticias/2024/03/21/nao-ha-evidencias-cancer-celular.htm	https://noticias.uol.com.br		Uso de celular causa câncer cerebral em crianças	Não há evidências de que celular cause câncer no cérebro em ...	Não há evidências de que celular cause câncer no cérebro em ...	1	5	Falso
https://www.estadao.com.br/estadao-verifica/nao-e-verdade-que-cientista-tenha-morrido-apos-descobrir-cura-do-cancer/	https://estadao.com.br	2024-02-01	Três pessoas ligadas à cura do câncer morreram misteriosamente	Não é verdade que cientista tenha morrido após descobrir cura do ...	Não é verdade que cientista tenha morrido após descobrir cura do ...		5	Enganoso
https://observador.pt/factchecks/fact-check-capsulas-de-cafe-em-aluminio-podem-provocar-cancro/	https://observador.pt	2024-01-26	Cápsulas de café são muito práticas. Você usa TODOS os dias Veja só: As cápsulas são feitas de alumínio. Sim, metal tóxico que já tem inúmeros efeitos deletérios comprovados, relacionados com doenças como Alzheimer, cancro, endometriose, infertilidade e outros.	Fact Check. Cápsulas de café em alumínio podem provocar cancro	Fact Check. Cápsulas de café em alumínio podem provocar cancro		5	Errado
https://www.estadao.com.br/estadao-verifica/e-falso-que-consumir-leite-de-vaca-cause-cancer/	https://estadao.com.br	2024-01-17	Leite de vaca causa câncer	falso que consumir leite de vaca cause câncer	falso que consumir leite de vaca cause câncer	1	5	Falso
https://observador.pt/factchecks/fact-check-ivermectina-cura-a-maioria-das-doencas-inclusive-o-cancro/	https://observador.pt	2023-11-07	"""Ivermectina cura a maioria das doenças inclusive Cancro e Covid."""	"Fact Check. Ivermectina cura ""a maioria das doenças, inclusive o cancro"""	"Fact Check. Ivermectina cura ""a maioria das doenças, inclusive o cancro"""		5	Errado
https://checamos.afp.com/doc.afp.com.346F49Z	https://checamos.afp.com	2023-11-29	MAMOGRAFIA  O MAIOR CRIME ORGANIZADO CONTRA MULHERES!	falso que mamografias causem câncer de mama e sejam um ...	falso que mamografias causem câncer de mama e sejam um ...	1	5	Falso
https://www.estadao.com.br/estadao-verifica/estudo-que-apontou-propriedade-anticancerigena-da-graviola-e-de-1995-e-nao-fez-teste-em-humanos/	https://estadao.com.br	2023-11-22	Estudo mostrou que graviola é 10.000 vezes mais eficaz que a quimioterapia	Estudo que apontou propriedade anticancerígena da graviola é de ...	Estudo que apontou propriedade anticancerígena da graviola é de ...		5	Enganoso
https://projetocomprova.com.br/publica%C3%A7%C3%B5es/estudo-nao-prova-relacao-entre-vacinados-por-covid-19-e-mortes-por-cancer-na-inglaterra/	https://projetocomprova.com.br	2023-10-30	Na Inglaterra, vacinas de covid causaram aumento de mortes por câncer e problemas cardiovasculares	Estudo não prova relação entre vacinados por covid-19 e mortes ...	Estudo não prova relação entre vacinados por covid-19 e mortes ...	1	5	Falso: Pesquisa com dados de mortes por câncer na Inglaterra não demonstrou aumento “monstruoso” nos óbitos por conta da vacinação por covid-19.
https://www.estadao.com.br/estadao-verifica/e-falso-que-cha-da-casca-da-arvore-da-graviola-trate-e-cure-cancer/	https://estadao.com.br	2023-10-25	Chá da casca da árvore da graviola trata, previne e cura câncer	falso que chá da casca da árvore da graviola trate e cure câncer	falso que chá da casca da árvore da graviola trate e cure câncer	1	5	Falso
https://www.aosfatos.org/noticias/falso-pabllo-vittar-recebeu-5-milhoes-lei-rouanet/	https://aosfatos.org	2023-10-25	Pabllo Vittar recebeu R$ 5 milhões via Lei Rouanet enquanto hospital do câncer infantil fechou por falta de verba	falso que Pabllo Vittar recebeu R$ 5 milhões via Rouanet enquanto hospital fechou por falta de verba	falso que Pabllo Vittar recebeu R$ 5 milhões via Rouanet enquanto hospital fechou por falta de verba	1	5	falso
https://noticias.uol.com.br/confere/ultimas-noticias/2023/10/26/casca-da-arvore-da-graviola-nao-previne-ou-cura-tipos-de-cancer.htm	https://noticias.uol.com.br	2023-10-22	Casca da graviola trata câncer	Casca da árvore da graviola não previne ou cura tipos de câncer	Casca da árvore da graviola não previne ou cura tipos de câncer	1	5	Falso
https://projetocomprova.com.br/publica%C3%A7%C3%B5es/estudo-nao-mostra-que-vacina-da-pfizer-modifica-o-codigo-genetico-e-que-causara-epidemias/	https://projetocomprova.com.br	2023-10-11	Estudo mostra que vacina Pfizer provocará epidemias de doenças cardiovasculares, autoimunes e câncer.	Estudo não mostra que vacina da Pfizer modifica o código genético e que causará epidemias	Estudo não mostra que vacina da Pfizer modifica o código genético e que causará epidemias	1	5	Falso: A pesquisa em questão mediu o efeito da vacina em condições experimentais. Outros estudos atestam que não há a inoculação do DNA pela vacina.
https://www1.folha.uol.com.br/equilibrioesaude/2023/10/estudo-nao-mostra-que-vacina-da-pfizer-modifica-o-codigo-genetico-e-que-causara-epidemias.shtml	https://www1.folha.uol.com.br	2023-10-13	Em um vídeo, médico afirma, citando um estudo, que vacinas vão causar, no futuro, epidemia de doença cardiovascular, epidemia de doença autoimune, epidemia de câncer, e isso se daqui a uma ou duas gerações a gente não tiver uma epidemia de infertilidade junto, entre outras coisas ao mudar o código genético das pessoas.	Estudo não mostra que vacina da Pfizer modifica o código genético e que causará epidemias	Estudo não mostra que vacina da Pfizer modifica o código genético e que causará epidemias	1	5	Falso
https://noticias.uol.com.br/confere/ultimas-noticias/2022/08/23/post-falso-usa-imagem-de-famoso-para-vender-tratamento-para-a-prostata.htm	https://noticias.uol.com.br	2022-08-23	Antônio Fagundes tomou produto natural para tratar câncer de próstata	Post falso usa foto de Antônio Fagundes para vender produto para próstata	Post falso usa foto de Antônio Fagundes para vender produto para próstata	1	5	Falso
https://checamos.afp.com/doc.afp.com.32FP497	https://checamos.afp.com	2022-07-30	"Cortar o açúcar e beber água quente com limão, entre outros conselhos do ""Dr. Gupta"", previnem o câncer"	gua com limão ou deixar de comer açúcar para prevenir o câncer ...	gua com limão ou deixar de comer açúcar para prevenir o câncer ...	1	5	Falso
https://checamos.afp.com/postagens-alegam-erroneamente-que-vacina-da-moderna-contem-um-ingrediente-inseguro	https://checamos.afp.com	2021-06-04	A vacina da Moderna contra a covid-19 contém o SM-102, um ingrediente suspeito de causar câncer e infertilidade	Postagens alegam erroneamente que a vacina da Moderna contém um ingrediente inseguro	Postagens alegam erroneamente que a vacina da Moderna contém um ingrediente inseguro	1	5	Falso
https://projetocomprova.com.br/publica%C3%A7%C3%B5es/vacinas-contra-covid-19-nao-provocam-cancer-diferentemente-do-que-afirma-medico-dos-eua/	https://projetocomprova.com.br	2021-09-23	"Médico de Idaho relata um ""aumento de 20x"" de câncer em pacientes vacinados"	Vacinas contra covid-19 não provocam câncer, diferentemente do que afirma médico dos EUA	Vacinas contra covid-19 não provocam câncer, diferentemente do que afirma médico dos EUA		5	É ENGANOSO vídeo em que médico afirma estar observando aumento de casos de câncer do endométrio em pessoas que se imunizaram contra a covid-19.
https://observador.pt/factchecks/fact-check-a-cura-para-o-cancro-foi-encontrada-em-1934-mas-foi-proibida/	https://observador.pt	2023-04-29	"""A cura do cancro foi descoberta em 1934, mas foi censurada. Muitas vidas seriam salvas se a cura não fosse proibida."""	Fact Check. A cura para o cancro foi encontrada em 1934, mas foi proibida	Fact Check. A cura para o cancro foi encontrada em 1934, mas foi proibida		5	Errado
https://projetocomprova.com.br/publica%C3%A7%C3%B5es/e-enganoso-que-vacina-contra-polio-causou-cancer-em-98-milhoes-nos-eua/	https://projetocomprova.com.br	2021-12-14	O CDC admite que 98 milhões de pessoas receberam o vírus do câncer através da vacina poliomielite	enganoso que vacina contra pólio causou câncer em 98 milhões nos EUA	enganoso que vacina contra pólio causou câncer em 98 milhões nos EUA		5	ENGANOSO: Não há evidências suficientes para afirmar que a vacina causou câncer nos vacinados, nem de que tenha aumentado a incidência de câncer naquele grupo
https://www.estadao.com.br/estadao-verifica/filho-rita-lee-cancer-vacina-covid/	https://estadao.com.br	2023-07-21	Rita Lee morreu de câncer provocado por vacina da covid	Não, filho de Rita Lee não associou câncer da cantora a vacina de covid	Não, filho de Rita Lee não associou câncer da cantora a vacina de covid		5	Enganoso
https://noticias.uol.com.br/confere/ultimas-noticias/2023/10/26/falso-5-mi-lei-rouanet-pablo-vittar-hospital-infantil-fechado.htm	https://noticias.uol.com.br		Hospital do Câncer Infantil fechado por R$ 1.700.000. 500 crianças ficaram sem tratamento. Lei Rouanet libera R$ 5.000.000 para show de Pabllo Vittar	falso que Pabllo Vittar recebeu R$ 5 milhões via Lei Rouanet	falso que Pabllo Vittar recebeu R$ 5 milhões via Lei Rouanet	1	5	Falso
https://checamos.afp.com/doc.afp.com.33PY874	https://checamos.afp.com	2023-07-26	Estudo belga mostra que vacinas causam câncer turbo	Estudo em camundongos não prova que vacinas anticovid da Pfizer ...	Estudo em camundongos não prova que vacinas anticovid da Pfizer ...	1	5	Falso
https://observador.pt/factchecks/as-pessoas-morrem-mais-da-quimioterapia-do-que-do-cancro/	https://observador.pt	2019-10-14	Médico quebra o silêncio e diz que as pessoas morrem de quimioterapia, não de cancro	As pessoas morrem mais da quimioterapia do que do cancro	As pessoas morrem mais da quimioterapia do que do cancro		5	Errado
https://observador.pt/factchecks/fact-check-a-pitaia-cura-a-anemia/	https://observador.pt	2023-03-29	"""A fruta PITAYA por mais que seja uma das frutas mais caras, ela remove anemia, ajuda contra o câncer e regula a diabetes."""	Fact Check. A pitaia cura a anemia	Fact Check. A pitaia cura a anemia		5	Errado
https://noticias.uol.com.br/confere/ultimas-noticias/2019/10/28/brasil-tecnologia-cancer-mama-sem-cirurgia.htm	https://noticias.uol.com.br	2019-10-28	Brasil vai importar tecnologia para curar câncer de mama sem cirurgia	Notícia falsa fala sobre tecnologia para curar câncer de mama sem cirurgia	Notícia falsa fala sobre tecnologia para curar câncer de mama sem cirurgia	1	5	Falso
https://www.aosfatos.org/noticias/vacinas-contra-covid-19-nao-alteram-o-codigo-genetico-nem-podem-causar-cancer/	https://aosfatos.org	2021-01-26	Vacinas contra a Covid-19 podem alterar o DNA e causar câncer.	Vacinas contra a Covid-19 não alteram o código genético nem podem causar câncer	Vacinas contra a Covid-19 não alteram o código genético nem podem causar câncer	1	5	falso
https://checamos.afp.com/na-verdade-maioria-dos-casos-de-cancer-de-mama-ainda-exige-intervencao-cirurgica	https://checamos.afp.com	2019-07-26	Novo tratamento de câncer de mama com tecnologia de Israel não exigirá mais cirurgia	Na verdade, a maioria dos casos de câncer de mama ainda exige intervenção cirúrgica	Na verdade, a maioria dos casos de câncer de mama ainda exige intervenção cirúrgica		5	Enganoso
https://observador.pt/factchecks/fact-check-beber-agua-quente-com-limao-e-a-cura-para-o-cancro/	https://observador.pt	2023-08-09	"""O Dr. Gupta diz que ninguém deve morrer de câncer, exceto sem indiferença. O segundo passo é misturar frutas de limão com um copo de água quente e beber por 1-3 meses a primeira coisa antes de os alimentos e o câncer desaparecerem."""	Fact Check. Beber água quente com limão é a cura para o cancro	Fact Check. Beber água quente com limão é a cura para o cancro		5	Errado
https://observador.pt/factchecks/fact-check-30-das-constipacoes-sao-causadas-por-coronavirus-e-influenza-e-tuberculose-sao-mais-letais-que-sars-cov-2/	https://observador.pt	2021-04-20	Os coronavirus causam 30% de todas as constipações há décadas. Influenza e Tuberculose têm uma alta taxa de contaminação e são potencialmente mais letais do que o Sars-Cov-2. Cancro e doenças cardiovasculares matam, juntas, quase 30 milhões anualmente no mundo. Quando tomamos medidas parecidas	Fact Check. 30% das constipações são causadas por coronavírus e Influenza e Tuberculose são mais letais que SARS-CoV-2	Fact Check. 30% das constipações são causadas por coronavírus e Influenza e Tuberculose são mais letais que SARS-CoV-2		5	Enganador
https://checamos.afp.com/especialistas-em-cancer-afirmam-que-nao-ha-relacao-entre-beber-agua-gelada-apos-refeicoes-e-o	https://checamos.afp.com	2019-11-28	Beber água gelada após as refeições pode levar ao aparecimento do câncer.	Especialistas em câncer afirmam que não há relação entre beber água gelada após as refeições e o aparecimento da doença	Especialistas em câncer afirmam que não há relação entre beber água gelada após as refeições e o aparecimento da doença	1	5	Falso
https://observador.pt/factchecks/fact-check-uso-de-mascaras-provoca-maior-acidez-no-sangue/	https://observador.pt	2021-03-29	"""Respirar por mais de duas horas o próprio Anidrido Carbónico produz acidez no sangue. A principal causa de câncer é a acidez no organismo"""	Fact Check. Uso de máscaras provoca maior acidez no sangue	Fact Check. Uso de máscaras provoca maior acidez no sangue		5	Errado
https://observador.pt/factchecks/nas-suas-ultimas-palavras-steve-jobs-fez-um-discurso-em-que-desvalorizava-a-sua-riqueza/	https://observador.pt	2019-06-29	"""Steve Jobs morreu bilionário por um câncer de pâncreas aos 56 anos, e aqui estão suas últimas palavras na cama doente: 'Cheguei ao auge do sucesso no mundo dos negócios ... Bom dia sejam felizes!"""	Nas suas últimas palavras, Steve Jobs fez um discurso em que desvalorizava a sua riqueza	Nas suas últimas palavras, Steve Jobs fez um discurso em que desvalorizava a sua riqueza		5	Errado
https://observador.pt/factchecks/fact-check-pessoas-vacinadas-contra-a-covid-19-estao-a-morrer-com-enfartes-avc-e-cancros/	https://observador.pt	2023-08-18	"""Sequelas provenientes das vacinas... Enfarto do miocárdio, mal súbito, AVC, trombose, doenças autoimunes e um grande número de cancros jamais visto"""	Fact Check. Pessoas vacinadas contra a Covid-19 estão a morrer com enfartes, AVC e cancros	Fact Check. Pessoas vacinadas contra a Covid-19 estão a morrer com enfartes, AVC e cancros		5	Errado
https://observador.pt/factchecks/fact-check-vacina-contra-covid-19-apareceu-em-seis-meses-apesar-de-nao-haver-vacina-contra-sida-influenza-ou-cancro/	https://observador.pt	2021-11-08	"Após 40 anos de pesquisa, não há vacina contra sida. Após 76 anos, não há vacina contra influenza. Após 100 anos, não há vacina contra cancro. Mas depois de apenas 6 meses existe uma vacina contra um ""vírus"" que apareceu ""de repente"" e aqueles que questionam esta vacina são conspiradores sem cérebro"	Fact Check. Vacina contra Covid-19 apareceu em seis meses apesar de não haver vacina contra sida, influenza ou cancro	Fact Check. Vacina contra Covid-19 apareceu em seis meses apesar de não haver vacina contra sida, influenza ou cancro		5	Errado
https://checamos.afp.com/na-verdade-nao-ha-uma-pesquisa-da-universidade-st-austin-sobre-relacao-entre-ingestao-de-fluido	https://checamos.afp.com	2019-07-12	Ingerir fluidos vaginais deixa as pessoas imunes ao câncer.	"Na verdade, não há uma pesquisa da ""Universidade St. Austin"" sobre a relação entre a ingestão de fluido vaginal e imunidade ao câncer"	"Na verdade, não há uma pesquisa da ""Universidade St. Austin"" sobre a relação entre a ingestão de fluido vaginal e imunidade ao câncer"	1	5	Falso
https://www.estadao.com.br/estadao-verifica/video-mente-ao-citar-substancia-corrosiva-como-cura-do-cancer-e-do-autismo/	https://estadao.com.br	2023-05-12	MMS é capaz de curar autismo e qualquer tipo de câncer.	Vídeo mente ao citar substância corrosiva como cura do câncer e do autismo	Vídeo mente ao citar substância corrosiva como cura do câncer e do autismo	1	5	Falso
https://checamos.afp.com/comparar-vacinas-para-covid-19-com-pesquisa-para-evitar-aids-e-o-cancer-e-enganoso	https://checamos.afp.com	2020-12-14	AIDS - 50 anos: não existe vacina. Câncer - 100 anos: não existe vacina. COVID-19 - 2020 Já temos vacina	Comparar as vacinas para a covid-19 com a pesquisa para evitar a aids e o câncer é enganoso	Comparar as vacinas para a covid-19 com a pesquisa para evitar a aids e o câncer é enganoso		5	Enganoso
https://www.estadao.com.br/estadao-verifica/ivermectina-nao-pode-ser-considerada-tratamento-contra-cancer/	https://estadao.com.br	2023-04-20	Ivermectina é indicada para o tratamento de câncer	Ivermectina não pode ser considerada tratamento contra câncer	Ivermectina não pode ser considerada tratamento contra câncer	1	5	Falso
https://projetocomprova.com.br/publica%C3%A7%C3%B5es/e-falso-que-bolsonaro-tem-cancer-e-nao-levou-facada/	https://projetocomprova.com.br	2019-09-10	Sempre disse que é câncer, mas muitos acreditaram na facada.Hoje foram 5h em uma cirurgia de hérnia, em um hospital especializado em câncer e 2 oncologistas participaram da cirurgia.Bem, foi a facada, né	falso que Bolsonaro tem câncer e não levou facada	falso que Bolsonaro tem câncer e não levou facada	1	5	Falso - Não é verdade que o presidente da República foi operado por oncologistas e sofre de câncer
https://www.estadao.com.br/estadao-verifica/mamografia-anual-cancer-de-mama/	https://estadao.com.br	2023-07-21	Mamografia anual causa câncer de mama.	falso que exame de mamografia anual cause câncer de mama	falso que exame de mamografia anual cause câncer de mama	1	5	Falso
https://checamos.afp.com/nao-ha-provas-de-que-o-uso-do-micro-ondas-cause-cancer-glaucoma-autismo-ou-desnutricao	https://checamos.afp.com	2020-03-11	Motivos para você não usar micro-ondas em sua casa, causa câncer, destrói valor nutricional de alimentos	Não há provas de que o uso do micro-ondas cause câncer, glaucoma, autismo, ou desnutrição	Não há provas de que o uso do micro-ondas cause câncer, glaucoma, autismo, ou desnutrição		5	Sem provas
https://checamos.afp.com/doc.afp.com.33CR3Q8	https://checamos.afp.com	2023-04-06	Sociedade Candense de Câncer recomenda exame de colo do útero para mulheres trans	Publicações deturpam conselhos para testes de rastreamento de câncer em mulheres trans	Publicações deturpam conselhos para testes de rastreamento de câncer em mulheres trans	1	5	Falso
https://www.aosfatos.org/noticias/nao-e-verdade-que-coronavac-cause-cancer-ou-pensamentos-suicidas/	https://aosfatos.org	2020-12-16	Testes mostraram que vacina chinesa causa 10 tipos de câncer e pensamentos suicidas	Não é verdade que CoronaVac cause câncer ou 'pensamentos suicidas'	Não é verdade que CoronaVac cause câncer ou 'pensamentos suicidas'	1	5	falso
https://www.aosfatos.org/noticias/bolsonaro-nao-disse-que-paciente-com-cancer-custa-muito-caro-e-que-vai-cortar-tratamento/	https://aosfatos.org	2018-11-22	Bolsonaro disse que paciente com câncer 'custa muito caro' e que vai cortar tratamento	Bolsonaro não disse que paciente com câncer 'custa muito caro' e que vai cortar tratamento	Bolsonaro não disse que paciente com câncer 'custa muito caro' e que vai cortar tratamento	1	5	falso
https://noticias.uol.com.br/confere/ultimas-noticias/2018/07/26/suco-de-cenoura-nao-cura-cancer.htm	https://noticias.uol.com.br	2018-07-26	Suco de laranja cura câncer	Beber suco de cenoura diariamente não cura câncer	Beber suco de cenoura diariamente não cura câncer	1	5	Falso
https://www.aosfatos.org/noticias/falso-mms-cura-autismo-cancer/	https://aosfatos.org	2023-05-11	MMS, solução de dióxido de cloro, cura autismo e câncer	falso que MMS cura autismo e câncer	falso que MMS cura autismo e câncer	1	5	falso
https://noticias.uol.com.br/comprova/ultimas-noticias/2020/10/29/vacina-de-covid-19-nao-causa-cancer-danos-geneticos-ou-homossexualismo.htm	https://noticias.uol.com.br	2020-10-29	Vacina de covid-19 causa câncer, danos genéticos ou 'homossexualismo'	Vacina de covid-19 não causa câncer, danos genéticos ou 'homossexualismo'	Vacina de covid-19 não causa câncer, danos genéticos ou 'homossexualismo'	1	5	Falso
https://noticias.uol.com.br/comprova/ultimas-noticias/2018/10/25/medico-de-bolsonaro-falou-em-cancer-de-intestino-em-tom-de-brincadeira.htm	https://noticias.uol.com.br	2018-10-25	Jair Bolsonaro tem câncer de instestino	Médico de Bolsonaro falou em câncer de intestino em tom de brincadeira	Médico de Bolsonaro falou em câncer de intestino em tom de brincadeira	1	5	Falso
https://checamos.afp.com/o-uso-de-mascaras-nao-priva-celulas-de-oxigenio-causando-cancer-de-pulmao	https://checamos.afp.com	2021-02-18	O uso de máscaras priva as células de oxigênio causando câncer de pulmão	O uso de máscaras não priva células de oxigênio causando câncer de pulmão	O uso de máscaras não priva células de oxigênio causando câncer de pulmão	1	5	Falso
https://www.estadao.com.br/estadao-verifica/coca-cola-limao-laranja-cancer/	https://estadao.com.br	2023-02-28	Adicionar rodelas de limão ou laranja na Coca-Cola pode causar câncer	Não há base científica para dizer que adicionar limão ou laranja à Coca-Cola causa câncer	Não há base científica para dizer que adicionar limão ou laranja à Coca-Cola causa câncer	1	5	Falso
https://observador.pt/factchecks/fact-check-comer-fruta-em-jejum-garante-a-cura-ate-de-cancros-terminais/	https://observador.pt	2023-08-28	"*Um paciente com cancro deve saber que a cura já foi encontrada e é na forma como comemos frutas."""	Fact Check. Comer fruta em jejum garante a cura até de cancros terminais	Fact Check. Comer fruta em jejum garante a cura até de cancros terminais		5	Errado
https://checamos.afp.com/doc.afp.com.9U48KV	https://checamos.afp.com	2021-12-06	A chefe de enfermagem do University Medical Center na Eslovênia mostrou frascos com código que prova que a vacina contra a covid-19 tem um bastão de RNA que contém o gene onc que causa câncer	falso que uma enfermeira eslovena revelou um código secreto para vacinas contra a covid-19	falso que uma enfermeira eslovena revelou um código secreto para vacinas contra a covid-19	1	5	Falso
https://www.aosfatos.org/noticias/estudo-nao-indica-relacao-entre-uso-de-mascaras-e-agravamento-de-cancer-de-pulmao/	https://aosfatos.org	2021-02-08	Estudo mostra que uso prolongado de máscaras pode contribuir para o câncer de pulmão em estágio avançado.	Estudo não indica relação entre uso de máscaras e agravamento de câncer de pulmão	Estudo não indica relação entre uso de máscaras e agravamento de câncer de pulmão	1	5	falso
https://www.aosfatos.org/noticias/corrente-engana-ao-indicar-vitamina-c-e-agua-quente-com-limao-contra-coronavirus/	https://aosfatos.org	2020-03-05	Por favor, use o máximo de vitamina C natural possível para fortalecer seu sistema imunológico [contra o novo coronavírus]. Limão quente pode matar células cancerígenas! Corte o limão em três partes e coloque em um copo, depois despeje água quente e transforme-a em água alcalina, beba todos os dias, definitivamente beneficiará a todos. O tratamento com esse extrato destrói apenas células malignas e não afeta células saudáveis.	Corrente engana ao indicar vitamina C e água quente com limão contra coronavírus	Corrente engana ao indicar vitamina C e água quente com limão contra coronavírus	1	5	falso
https://noticias.uol.com.br/confere/ultimas-noticias/2018/07/11/pesquisadores-brasileiros-nao-desenvolveram-vacina-que-cura-o-cancer.htm	https://noticias.uol.com.br	2018-07-11	Pesquisadores brasileiros criaram vacina contra o câncer	Pesquisadores brasileiros não desenvolveram vacina que cura o câncer	Pesquisadores brasileiros não desenvolveram vacina que cura o câncer	1	5	Falso
https://noticias.uol.com.br/confere/ultimas-noticias/2017/10/02/antitranspirantes-aumentam-chances-de-cancer-de-mama.htm	https://noticias.uol.com.br	2017-10-02	Bloquear o suor das axilas pode aumentar chances de ter câncer de mama	Antitranspirantes aumentam chances de câncer de mama - 02102017	Antitranspirantes aumentam chances de câncer de mama - 02102017	1	5	Falso
https://projetocomprova.com.br/publica%C3%A7%C3%B5es/vacinas-nao-tem-virus-e-fungos-do-cancer-ao-contrario-do-que-alega-video-compartilhado-nas-redes-sociais/	https://projetocomprova.com.br	2023-05-08	Vacinas têm vírus e fungos do câncer para matar lentamente os pobres, os feios e os velhos	Vacinas não têm vírus e fungos do câncer, ao contrário do que alega vídeo compartilhado nas redes sociais	Vacinas não têm vírus e fungos do câncer, ao contrário do que alega vídeo compartilhado nas redes sociais	1	5	Falso
https://noticias.uol.com.br/confere/ultimas-noticias/2023/04/17/falso-conteudo-sobre-vacina-de-covid-que-causa-cancer-volta-a-circular.htm	https://noticias.uol.com.br	2023-04-17	Vacinas contra a covid-19 causam câncer e doenças autoimunes	Falso conteúdo sobre vacina que causa câncer' volta a circular	Falso conteúdo sobre vacina que causa câncer' volta a circular	1	5	Falso
https://checamos.afp.com/nao-consumir-pepino-coco-ou-agua-gelada-durante-menstruacao-nao-provoca-cancer-de-utero-nem	https://checamos.afp.com	2019-10-01	"Fazer estas atividades durante o período menstrual pode causar ""câncer de útero"" ou ""esterilidade"""	Não, consumir pepino, coco ou água gelada durante a menstruação não provoca câncer de útero nem esterilidade	Não, consumir pepino, coco ou água gelada durante a menstruação não provoca câncer de útero nem esterilidade	1	5	Falso
https://projetocomprova.com.br/publica%C3%A7%C3%B5es/nao-e-verdade-que-vacina-contra-a-covid-19-cause-cancer-danos-geneticos-ou-homossexualismo/	https://projetocomprova.com.br	2020-10-29	Vacina contra o coronavírus provoca câncer, alterações genéticas, problemas de fertilidade e homossexualismo	Não é verdade que vacina contra a covid-19 cause câncer, danos genéticos ou 'homossexualismo'	Não é verdade que vacina contra a covid-19 cause câncer, danos genéticos ou 'homossexualismo'	1	5	"FALSO: Um engenheiro que se identifica como ""doutor"" nas redes sociais divulgou um áudio no qual faz alegações fantasiosas sobre a covid-19 e as vacinas que estão sendo pesquisadas"
https://noticias.uol.com.br/comprova/ultimas-noticias/2019/09/11/e-falso-que-bolsonaro-tem-cancer-e-nao-levou-facada.htm	https://noticias.uol.com.br	2019-09-11	Bolsonaro tem câncer e não levou facada	falso que Bolsonaro tem câncer e não levou facada	falso que Bolsonaro tem câncer e não levou facada	1	5	Falso
https://checamos.afp.com/estudo-americano-nao-afirma-que-o-uso-de-mascara-causa-cancer-de-pulmao	https://checamos.afp.com	2021-02-11	Estudo americano aponta que uso de máscara causa câncer no pulmão	Estudo americano não afirma que o uso de máscara causa câncer de pulmão	Estudo americano não afirma que o uso de máscara causa câncer de pulmão	1	5	Falso
https://www1.folha.uol.com.br/equilibrioesaude/2023/05/vacinas-nao-tem-virus-e-fungos-do-cancer-ao-contrario-do-que-alega-video-compartilhado-nas-redes.shtml	https://www1.folha.uol.com.br	2023-05-09	Vídeo em que um homem que se diz estudioso das vacinas alega que os imunizantes, em especial aqueles contra o H1N1, teriam vírus e fungos do câncer. Ele diz que os imunizantes são usados para controle populacional.Na gravação, ele cita especificamente que vacinas contêm o VRS Virus, o Papiloma Vírus Humano HPV, o Mumps Virus, o vírus da Herpes e diz que esses são os causadores silenciosos da doença.	Vacinas não têm vírus e 'fungos do câncer', ao contrário do que alega vídeo compartilhado nas redes	Vacinas não têm vírus e 'fungos do câncer', ao contrário do que alega vídeo compartilhado nas redes	1	5	Falso
https://www.aosfatos.org/noticias/e-falso-que-uso-de-mascaras-torna-o-sangue-acido-e-causa-cancer/	https://aosfatos.org	2021-02-09	Ao usar máscaras, você está respirando seu próprio gás carbônico, acidificando seu sangue e aumentando o risco de desenvolver câncer.	falso que uso de máscaras torna o sangue ácido e causa câncer	falso que uso de máscaras torna o sangue ácido e causa câncer	1	5	falso
https://www.aosfatos.org/noticias/e-falso-que-casca-triturada-do-fruto-do-jatoba-seja-capaz-de-curar-o-cancer/	https://aosfatos.org	2021-01-08	Médico em Goiânia revoluciona o tratamento de câncer: casca do fruto do jatobá triturada	falso que a casca triturada do fruto do jatobá seja capaz de curar o câncer	falso que a casca triturada do fruto do jatobá seja capaz de curar o câncer	1	5	falso
https://checamos.afp.com/doc.afp.com.9QJ6P7	https://checamos.afp.com	2021-10-28	Após anos de pesquisa não há vacina contra aids, câncer e influenza, mas em 6 meses há vacina contra a covid-19	Comparar as vacinas contra a covid-19 com pesquisas sobre a aids e o câncer é enganoso	Comparar as vacinas contra a covid-19 com pesquisas sobre a aids e o câncer é enganoso		5	Enganoso
https://projetocomprova.com.br/publica%C3%A7%C3%B5es/texto-repete-afirmacoes-falsas-de-medico-norte-americano-para-criar-temor-sobre-vacinas-contra-covid-19/	https://projetocomprova.com.br	2023-05-05	Vacinados estão contraindo câncer e se tornando inférteis	Texto repete afirmações falsas de médico norte-americano para criar temor sobre vacinas contra covid-19	Texto repete afirmações falsas de médico norte-americano para criar temor sobre vacinas contra covid-19	1	5	Falso
https://checamos.afp.com/doc.afp.com.32C83EA	https://checamos.afp.com	2022-06-09	Ar-condicionado dos carros expõe os passageiros a altas quantidades de benzeno e pode causar câncer	O ar-condicionado de carros não expõe passageiros a altas concentrações de benzeno nem causa câncer	O ar-condicionado de carros não expõe passageiros a altas concentrações de benzeno nem causa câncer		5	Enganoso
https://checamos.afp.com/nao-ha-evidencias-de-que-o-uso-de-mascaras-contra-covid-19-provoque-cancer	https://checamos.afp.com	2020-07-02	"As máscaras geram um ""cultivo agradável para bactérias"" e podem provocar câncer"	Não há evidências de que o uso de máscaras contra a COVID-19 provoque câncer	Não há evidências de que o uso de máscaras contra a COVID-19 provoque câncer		5	Enganoso
https://noticias.uol.com.br/confere/ultimas-noticias/2019/01/24/nao-ha-estudo-que-prove-que-usar-celular-no-escuro-cause-cancer-nos-olhos.htm	https://noticias.uol.com.br	2019-01-24	Não há estudo que comprove que o uso de celular no escuro causa câncer nos olhos	Não há estudo que prove que usar celular no escuro cause câncer nos olhos	Não há estudo que prove que usar celular no escuro cause câncer nos olhos	1	5	Falso
https://checamos.afp.com/doc.afp.com.9VK9KH	https://checamos.afp.com	2022-01-04	Câncer no seio não precisa mais fazer cirurgia. Presidente Bolsonaro vai autorizar a importação dessa tecnologia de Israel.	Tratamento alternativo para câncer de mama não substitui intervenção cirúrgica em todos os casos	Tratamento alternativo para câncer de mama não substitui intervenção cirúrgica em todos os casos		5	Enganoso
https://observador.pt/factchecks/fact-check-audios-sobre-mortes-e-milhares-de-infetados-por-coronavirus-sao-crediveis/	https://observador.pt	2020-03-15	"""Há mortes em Portugal""; ""Esquece o que a comunicação social diz""; ""Já há mais de cinco mil casos""; ""O cancro ao pé disto é um bebé""; ""O Lux inteiro vai ficar de quarentena"""	Fact Check. udios sobre mortes e milhares de infetados por coronavírus são credíveis	Fact Check. udios sobre mortes e milhares de infetados por coronavírus são credíveis		5	Errado
https://observador.pt/factchecks/fact-check-uso-de-mascara-agrava-o-cancro-do-pulmao/	https://observador.pt	2021-02-18	"""Após invadir os pulmões, esses micróbios causam uma resposta inflamatória em proteínas conhecidas como citocina IL-17. Um estudo recente publicado na revista Cancer Discovery descobriu que a inalação de micróbios nocivos pode contribuir para o cancro de pulmão em estágio avançado."""	Fact Check. Uso de máscara agrava o cancro do pulmão	Fact Check. Uso de máscara agrava o cancro do pulmão		5	Errado
https://observador.pt/factchecks/fact-check-virus-que-da-origem-a-cancro-foi-descoberto-na-vacina-da-pfizer-contra-a-covid-19/	https://observador.pt	2023-06-26	"""Vírus causador de cancro descoberto em vacina da Pfizer"""	Fact Check. Vírus que dá origem a cancro foi descoberto na vacina da Pfizer contra a Covid-19	Fact Check. Vírus que dá origem a cancro foi descoberto na vacina da Pfizer contra a Covid-19		5	Errado
https://observador.pt/factchecks/fact-check-filho-de-rita-lee-disse-que-cancro-de-que-a-cantora-sofria-foi-reacao-a-vacina-contra-a-covid-19/	https://observador.pt	2023-08-11	"""Filho de Rita Lee afirma no programa de Danilo Gentili que os exames médicos mostram que a sua mãe faleceu de cancro causado pela vacina [contra a Covid-19]."""	"Fact Check. Filho de Rita Lee disse que cancro de que a cantora sofria foi ""reação"" à vacina contra a Covid-19"	"Fact Check. Filho de Rita Lee disse que cancro de que a cantora sofria foi ""reação"" à vacina contra a Covid-19"		5	Errado
https://www.aosfatos.org/noticias/e-falso-que-agua-quente-com-abacaxi-cura-o-cancer/	https://aosfatos.org	2019-10-02	gua quente de abacaxi por favor espalhe !! por favor espalhe !! O professor Chen Huiren, do Hospital Geral do Exército de Pequim, enfatizou que, se todos os que receberem este boletim puderem levar dez cópias para os outros, certamente pelo menos uma vida será salva Eu cumpri algumas de minhas responsabilidades, espero que você também consiga .. Obrigado! gua quente de abacaxi pode economizar uma vida inteira. Abacaxi quente  pode matar células cancerígenas.	falso que água quente com abacaxi cura o câncer	falso que água quente com abacaxi cura o câncer	1	5	falso
https://checamos.afp.com/beber-agua-quente-com-ou-sem-limao-nao-cura-o-cancer	https://checamos.afp.com	2019-12-10	gua quente com limão cura o câncer.	Beber água quente, com ou sem limão, não cura o câncer	Beber água quente, com ou sem limão, não cura o câncer	1	5	Falso
https://eleicoes.apublica.org/2018/2018/10/exames-de-cancer-em-pelotas-eram-feitos-por-amostragem-investigacoes-seguem/	https://eleicoes.apublica.org	2018-10-05	Afirmar que os exames eram feitos por amostragem é faltar com a verdade	Exames de câncer em Pelotas eram feitos por amostragem ...	Exames de câncer em Pelotas eram feitos por amostragem ...		5	Impossível provar
https://projetocomprova.com.br/publica%C3%A7%C3%B5es/sao-falsas-as-alegacoes-de-medica-que-trata-vacinacao-da-covid-em-criancas-como-assassinato-em-massa/	https://projetocomprova.com.br	2022-08-16	Vacinação de crianças é assassinato em massa. Pessoas estão morrendo de mal súbito, infarto do miocárdio, AVC, derrame cerebral, doenças autoimunes e agora começando uma epidemia de câncer nunca antes vista.	"São falsas as alegações de médica que trata vacinação da covid em crianças como ""assassinato em massa"""	"São falsas as alegações de médica que trata vacinação da covid em crianças como ""assassinato em massa"""	1	5	FALSO: Dados disponíveis indicam que as vacinas trazem mais benefícios do que riscos. Não há nenhum caso registrado de morte de criança ou adolescente em decorrência da vacina no Brasil.
https://projetocomprova.com.br/publica%C3%A7%C3%B5es/vacina-contra-a-covid-19-e-segura-e-nao-gera-hiv-cancer-ou-hpv/	https://projetocomprova.com.br	2021-11-11	udio atribuído ao Dr. Nelson Modesto dizendo o que descobriu em sua análise sobre as vacinas covid. O estudo prova que as vacinas com insumo chinês desenvolvem doença autoimune e câncer. Foi detectado citomegalovírus, HIV, HPV e outros vírus nas vacinas, que contêm nagalase, óxido de grafeno e nanopartículas de grafeno. A proteína spike provoca a doença de prion. E os políticos estão tentando calar os médicos.	Vacina contra a covid-19 é segura e não gera HIV, câncer ou HPV	Vacina contra a covid-19 é segura e não gera HIV, câncer ou HPV	1	5	São FALSAS as afirmações contra a vacina da covid-19 ditas por um médico em um áudio que circula no Telegram. Pesquisas publicadas apontam resultados diferentes.
https://noticias.uol.com.br/confere/ultimas-noticias/2023/02/11/e-falso-que-coca-cola-com-limao-causa-cancer.htm	https://noticias.uol.com.br	2023-02-11	Um simples ato de adicionar fatias de limão ao seu refrigerante pode desencadear mutações celulares seríssimas	Colocar fatia de limão no refrigerante não causa câncer	Colocar fatia de limão no refrigerante não causa câncer	1	5	Falso
https://noticias.uol.com.br/confere/ultimas-noticias/2026/07/03/desinformacao-requisitos-acesso-bpc-remedios-doencas.ghtm	https://noticias.uol.com.br		Pessoas que usam esses 3 remédios podem trocar os R$ 600 do Bolsa Família por R$ 1.621,00: 01- sertralina; 2- risperidona; 3 - losartana	Uso de remédios e diagnósticos não dão direito automático ao BPC	Uso de remédios e diagnósticos não dão direito automático ao BPC	3	5	Distorcido
https://www.estadao.com.br/estadao-verifica/tratamento-caseiro-com-babosa-para-pulgas-carrapatos-e-sarna-em-caes-nao-tem-eficacia-comprovada/	https://estadao.com.br	2026-04-13	Remédio caseiro elimina pulgas, carrapatos e sarna de cães	Tratamento caseiro com babosa contra pulgas, carrapatos e sarna em cães não tem eficácia comprovada	Tratamento caseiro com babosa contra pulgas, carrapatos e sarna em cães não tem eficácia comprovada		5	Enganoso
https://noticias.uol.com.br/confere/ultimas-noticias/2026/01/16/falso-suco-beterraba-remedio-caseiro-alzheimer.htm	https://noticias.uol.com.br		Suco de beterraba é remédio caseiro contra Alzheimer	falso que suco de beterraba seja 'remédio caseiro' contra Alzheimer	falso que suco de beterraba seja 'remédio caseiro' contra Alzheimer	1	5	Falso
https://www.estadao.com.br/estadao-verifica/william-bonner-drauzio-varella-suplemento-alimentar-falso/	https://estadao.com.br	2025-12-08	William Bonner e Drauzio Varella indicam remédio '100 dores'	Anúncio manipula imagens de Bonner e Drauzio com IA para vender suplemento irregular	Anúncio manipula imagens de Bonner e Drauzio com IA para vender suplemento irregular	1	5	Falso
https://www.estadao.com.br/estadao-verifica/leite-remedio-natural-intoxicacao-metanol-falso/	https://estadao.com.br	2025-10-07	Beber leite é um remédio natural contra o metanol.	falso que leite seja remédio natural contra intoxicação por metanol	falso que leite seja remédio natural contra intoxicação por metanol	1	5	Falso
https://www.estadao.com.br/estadao-verifica/paje-agredido-dono-de-farmacia-remedio-dor-articular-falso/	https://estadao.com.br	2025-08-07	Pajé foi agredido por dono de farmácia após revelar remédio natural contra dores nas articulações	falso que pajé tenha sido agredido por dono de farmácia ao revelar remédio contra dor articular	falso que pajé tenha sido agredido por dono de farmácia ao revelar remédio contra dor articular	1	5	Falso
https://noticias.uol.com.br/confere/ultimas-noticias/2025/05/08/bispo-campanha-doacao-maria-eduarda-falso.htm	https://noticias.uol.com.br		A pequena Maria sofre todos os dias com dores intensas causadas por uma doença rara na pele chamada Epidermólise Bolhosa, que forma bolhas e provoca a perda de até 80% da pele. Ela precisa de remédios para dor diariamente  sem eles, não consegue suportar o sofrimento. Sua doação vai ajudar a garantir que Maria nunca fique sem os remédios que aliviam suas dores.	Campanha que pede doações para menina Maria Eduarda é falsa e leva a golpe	Campanha que pede doações para menina Maria Eduarda é falsa e leva a golpe	1	5	Falso
https://www.estadao.com.br/estadao-verifica/cha-camomila-diabetes-doencas-coracao-enganoso/	https://estadao.com.br	2025-05-23	Chá de camomila com limão e mel trata diabetes e cardiopatias	Chá de camomila com limão e mel não é remédio contra diabetes ...	Chá de camomila com limão e mel não é remédio contra diabetes ...	1	5	Falso
https://www.estadao.com.br/estadao-verifica/limao-espinheira-santa-omeprazol-falso/	https://estadao.com.br	2025-05-21	Limão e espinheira-santa podem substituir o omeprazol	Limão e espinheira-santa não substituem remédio contra úlceras ...	Limão e espinheira-santa não substituem remédio contra úlceras ...	1	5	Falso
https://www.estadao.com.br/estadao-verifica/nikolas-ferreira-zolgensma-remedio-17-milhoes/	https://estadao.com.br	2025-03-27	Nikolas Ferreira é contra compra de Zolgensma, um dos remédios mais caros do mundo	Nikolas Ferreira não tentou impedir distribuição gratuita de um dos remédios mais caros do mundo	Nikolas Ferreira não tentou impedir distribuição gratuita de um dos remédios mais caros do mundo	1	5	Falso
https://www.estadao.com.br/estadao-verifica/cha-dente-leao-tratamento-medico-doencas-figado-hipertensao/	https://estadao.com.br	2025-01-23	Chá de dente de leão é o melhor remédio para inflamação do fígado e controla a pressão arterial.	Chá de dente de leão não substitui tratamento médico para doenças do fígado e hipertensão	Chá de dente de leão não substitui tratamento médico para doenças do fígado e hipertensão	1	5	Falso
https://observador.pt/factchecks/fact-check-mistura-de-cerveja-coca-cola-e-acucar-aumenta-as-hipoteses-de-gravidez/	https://observador.pt	2024-10-29	Remédio para engravidar. Para quem nunca fez [um bebé] e quer engravidar. Faça isto. 15 nozes amargas, dois cubos de açúcar, uma garrafa de [cerveja] Guiness e uma garrafa de Coca-Cola.	Fact Check. Mistura de cerveja, coca-cola e açúcar aumenta as hipóteses de gravidez	Fact Check. Mistura de cerveja, coca-cola e açúcar aumenta as hipóteses de gravidez		5	Errado
https://www.estadao.com.br/estadao-verifica/drauzio-varella-remedio-diabetes-ia/	https://estadao.com.br	2024-08-22	Drauzio Varella indica remédio para curar diabetes.	falso que Drauzio Varella tenha indicado remédio que promete curar diabetes	falso que Drauzio Varella tenha indicado remédio que promete curar diabetes	1	5	Falso
https://noticias.uol.com.br/confere/ultimas-noticias/2024/07/02/post-manipula-com-ia-imagem-de-drauzio-varella-para-vender-produto-suspeito.htm	https://noticias.uol.com.br		Drauzio Varella recomenda remédio para ejaculação precoce	Post manipula vídeo de Drauzio Varella para vender produto irregular	Post manipula vídeo de Drauzio Varella para vender produto irregular	1	5	Falso
https://www.estadao.com.br/estadao-verifica/anvisa-nao-impediu-entrega-de-medicamentos-enviados-por-medico-as-vitimas-do-rio-grande-do-sul/	https://estadao.com.br	2024-05-11	Anvisa barra aviões com remédios ao Rio Grande do Sul	Anvisa não impediu entrega de medicamentos enviados por médico às vítimas do Rio Grande do Sul	Anvisa não impediu entrega de medicamentos enviados por médico às vítimas do Rio Grande do Sul	1	5	Falso
https://noticias.uol.com.br/confere/ultimas-noticias/2024/04/16/anvisa-nao-aprovou-remedio-para-tratar-dores-nas-articulacoes.htm	https://noticias.uol.com.br		Anvisa aprova remédio 100Dores	Anvisa não aprovou remédio 100Dores para tratar dores nas articulações	Anvisa não aprovou remédio 100Dores para tratar dores nas articulações	1	5	Falso
https://www.estadao.com.br/estadao-verifica/abacate-coca-cola-remedio-dor-articulacoes/	https://estadao.com.br	2024-02-09	Abacate com Coca-cola é remédio caseiro para dores articulares.	Abacate com Coca-Cola não é remédio para dor nas juntas, ao ...	Abacate com Coca-Cola não é remédio para dor nas juntas, ao ...	1	5	Falso
https://observador.pt/factchecks/fact-check-remedio-natural-a-base-de-frutos-e-vegetais-permite-acabar-com-cataratas-e-glaucoma-e-recuperar-a-visao-em-sete-dias/	https://observador.pt	2023-11-27	Recupere sua visão com este remédio natural.	"Fact Check. ""Remédio natural"" à base de frutos e vegetais permite acabar com cataratas e glaucoma e ""recuperar a visão em sete dias"""	"Fact Check. ""Remédio natural"" à base de frutos e vegetais permite acabar com cataratas e glaucoma e ""recuperar a visão em sete dias"""		5	Errado
https://noticias.uol.com.br/confere/ultimas-noticias/2023/10/26/produto-usa-propaganda-falsa-no-facebook-nao-e-aprovado-pela-anvisa.htm	https://noticias.uol.com.br		PRIMEIRA MO: CORPO SOFRIDO E DOLORIDO NO TOME REMDIO ANTES DE VER ISSO... Reumatologista indica Planta Exótica Medicinal que ACABA com as Dores em 1 dia	Vita-Pro-Nobis não tem registro na Anvisa	Vita-Pro-Nobis não tem registro na Anvisa	1	5	Falso
https://noticias.uol.com.br/confere/ultimas-noticias/2023/03/06/flavio-dino-video-antigo-cloroquina.htm	https://noticias.uol.com.br	2023-03-06	Depois de deixarem morrer milhões pelo não uso...Agora já pode usar remédios preventivos. 'Fazuélli'	Flávio Dino não defendeu recentemente que médicos receitem cloroquina	Flávio Dino não defendeu recentemente que médicos receitem cloroquina	1	5	Falso
https://www.aosfatos.org/noticias/devolucao-verba-remedio-governo-bolsonaro-nao-lula/	https://aosfatos.org	2023-06-22	Lula quer de volta os R$ 6,5 milhões que o governo liberou para família custear remédio contra doença rara.	Pedido de devolução de verba de remédio foi no governo Bolsonaro, não Lula	Pedido de devolução de verba de remédio foi no governo Bolsonaro, não Lula	1	5	falso
https://noticias.uol.com.br/comprova/ultimas-noticias/2020/06/25/e-falso-que-a-covid-19-seja-uma-trombose-causada-por-bacteria.htm	https://noticias.uol.com.br	2020-06-25	Conteúdo verificado: Texto compartilhado por WhatsApp e em páginas e perfis no Facebook com o título *Na Itália, o remédio contra o CORONAVRUS FOI FINALMENTE ENCONTRADO*.	falso que a covid-19 seja uma trombose causada por bactéria	falso que a covid-19 seja uma trombose causada por bactéria	1	5	Falso
https://projetocomprova.com.br/publica%C3%A7%C3%B5es/ao-contrario-do-que-afirma-post-ivermectina-em-altas-doses-pode-causar-ate-convulsao/	https://projetocomprova.com.br	2021-06-16	IVMC, um remédio enviado por Deus: Apenas 8% metabolizado no fígado. Segura em altas doses. Barata. Com estudos já comprados de sua ação antiviral. Foi enviada por Deus. Um milagre no meio do caos.	Ao contrário do que afirma post, ivermectina em altas doses pode causar até convulsão	Ao contrário do que afirma post, ivermectina em altas doses pode causar até convulsão		5	É ENGANOSA afirmação de médico de que a ivermectina é um remédio seguro em altas doses e com estudos comprovados de sua ação antiviral. Nenhum medicamento é seguro em doses excessivas.
https://www.bol.uol.com.br/noticias/2021/07/01/live-bolsonaro-desinformacao-3-meses.htm	https://bol.uol.com.br	2021-07-01	Fui infectado ano passado, tomei o remédio que 'dei' pra ema e no dia seguinte tava bom.	Em 3 meses, Bolsonaro repetiu desinformação sobre covid-19 em lives	Em 3 meses, Bolsonaro repetiu desinformação sobre covid-19 em lives	1	5	Falso
https://checamos.afp.com/doc.afp.com.33AG6B7	https://checamos.afp.com	2023-03-03	Lula suspendeu o remédio antidiabético cloridrato de metformina da Farmácia Popular	Lula não suspendeu o remédio antidiabético cloridrato de metformina da Farmácia Popular	Lula não suspendeu o remédio antidiabético cloridrato de metformina da Farmácia Popular	1	5	Falso
https://projetocomprova.com.br/publica%C3%A7%C3%B5es/medico-engana-ao-afirmar-em-video-que-hidroxicloroquina-e-eficaz-contra-covid/	https://projetocomprova.com.br	2021-05-25	Hidroxicloroquina é eficiente no combate à covid-19. Remédio pra piolho e remédio pra verme também são eficazes.	Médico engana ao afirmar, em vídeo, que hidroxicloroquina é eficaz contra covid	Médico engana ao afirmar, em vídeo, que hidroxicloroquina é eficaz contra covid		5	ENGANOSO: Segundo a bula do remédio, os fabricantes, a OMS e especialistas ouvidos pelo Comprova, o remédio não tem eficácia nenhuma no combate ao vírus.
https://projetocomprova.com.br/publica%C3%A7%C3%B5es/antiviral-em-teste-da-pfizer-nao-tem-ivermectina-na-formula/	https://projetocomprova.com.br	2021-10-25	A Pfizer está desenvolvendo um remédio para covid-19 que contém ivermectina. Isso indica que a ivermectina era eficaz contra covid-19, mas isso foi escondido para permitir a venda das vacinas.	Antiviral em teste da Pfizer não tem ivermectina na fórmula	Antiviral em teste da Pfizer não tem ivermectina na fórmula	1	5	São falsas as alegações feitas em vídeo de que a Pfizer estaria desenvolvendo um remédio para covid-19 que contém, entre seus componentes, a ivermectina.
https://projetocomprova.com.br/publica%C3%A7%C3%B5es/e-falso-que-a-covid-19-seja-uma-trombose-causada-por-bacteria/	https://projetocomprova.com.br	2020-06-25	Na Itália, o remédio contra o coronavírus foi encontrado	falso que a covid-19 seja uma trombose causada por bactéria	falso que a covid-19 seja uma trombose causada por bactéria	1	5	FALSO: Ao contrário do que afirmam publicações em aplicativos de mensagens e em redes sociais, a covid-19 é uma doença respiratória causada pelo vírus SARS-CoV-2 e cuja cura ainda não foi encontrada
https://www.aosfatos.org/noticias/ivermectina-antiviral-pfizer-nao-agem-mesma-forma-contra-coronavirus/	https://aosfatos.org	2022-01-28	Ivermectina inibe a protease da Covid-19 3CL como o paxlovid, remédio da Pfizer	Ivermectina e antiviral da Pfizer não agem da mesma forma contra o novo coronavírus	Ivermectina e antiviral da Pfizer não agem da mesma forma contra o novo coronavírus	1	5	falso
https://www.aosfatos.org/noticias/prefeito-de-sao-paulo-nao-proibiu-uso-de-hidroxicloroquina-nem-disse-que-tomou-medicamento/	https://aosfatos.org	2020-06-25	Prefeito Bruno Covas proibiu a hidorxicloroquina e agora confessa que está usando o remédio.	Bruno Covas não proibiu nem disse que usou cloroquina	Bruno Covas não proibiu nem disse que usou cloroquina	1	5	falso
https://www.aosfatos.org/noticias/e-falso-que-fda-aprovou-uso-da-hidroxicloroquina-para-todos-os-pacientes-com-covid-19/	https://aosfatos.org	2020-04-13	O FDA, a agência americana de regulamentação de remédios, aprovou o uso de hidroxicloroquina em todos os pacientes com o Covid-19.	falso que FDA aprovou uso da hidroxicloroquina para todos os pacientes com Covid-19	falso que FDA aprovou uso da hidroxicloroquina para todos os pacientes com Covid-19	1	5	falso
https://observador.pt/factchecks/fact-check-charlie-chaplin-disse-que-o-sol-o-descanso-e-a-dieta-estao-entre-os-seis-melhores-remedios-do-mundo/	https://observador.pt	2022-07-27	"""Charlie Chaplin disse que o sol, o descanso, a dieta e os amigos são os melhores remédios do mundo""."	"Fact Check. Charlie Chaplin disse que o sol, o descanso e a dieta estão ""entre os seis melhores remédios do mundo"""	"Fact Check. Charlie Chaplin disse que o sol, o descanso e a dieta estão ""entre os seis melhores remédios do mundo"""		5	Errado
https://checamos.afp.com/doc.afp.com.33KL68Z	https://checamos.afp.com	2023-06-21	Governo Lula quer de volta 6,5 milhões que liberou para compra de remédio	Governo Bolsonaro, não Lula, pediu devolução de verba usada para custear remédio para doença rara	Governo Bolsonaro, não Lula, pediu devolução de verba usada para custear remédio para doença rara	1	5	Falso
https://projetocomprova.com.br/publica%C3%A7%C3%B5es/nao-ha-prova-de-que-ivermectina-cure-covid-19-ao-contrario-do-que-diz-medica/	https://projetocomprova.com.br	2020-06-05	Médica afirma em vídeo que a covid-19 pode ser curada com a ivermectina, remédio usado para tratar parasitas	Não há prova de que ivermectina cure covid-19, ao contrário do que diz médica	Não há prova de que ivermectina cure covid-19, ao contrário do que diz médica		5	Enganoso: A ivermectina está registrada como medicamento contra infecções causadas por parasitas e todos os estudos sobre seu uso para tratamento da covid-19 estão ainda em estágio inicial. A Anvisa não reconhece o medicamento para o tratamento da doença
https://www.aosfatos.org/noticias/reportagem-band-boechat-remedio-diabetes-sem-registro-anvisa/	https://aosfatos.org	2022-07-06	Reportagens da Band e do G1 sobre evo control, novo remédio para diabetes	Reportagem da Band com Boechat foi editada para promover produto sem registro na Anvisa	Reportagem da Band com Boechat foi editada para promover produto sem registro na Anvisa	1	5	falso
https://www.bol.uol.com.br/noticias/2021/06/02/remedio-israelense-ainda-nao-pode-ser-considerado-eficaz-contra-covid-19.htm	https://bol.uol.com.br	2021-06-02	Remédio israelense é 100% eficaz contra covid-19	Remédio israelense ainda não pode ser considerado eficaz contra covid-19	Remédio israelense ainda não pode ser considerado eficaz contra covid-19	2	5	Insustentável
https://projetocomprova.com.br/publica%C3%A7%C3%B5es/prefeito-de-sao-paulo-nao-proibiu-hidroxicloroquina-e-usou-azitromicina-no-tratamento-da-covid-19/	https://projetocomprova.com.br	2020-06-26	O prefeito de São Paulo, que deixou muita gente morrer a míngua ao proibir a Hidroxicloroquina, confessa à mídia que fez uso do remédio	Prefeito de São Paulo não proibiu hidroxicloroquina e usou azitromicina no tratamento da covid-19	Prefeito de São Paulo não proibiu hidroxicloroquina e usou azitromicina no tratamento da covid-19	1	5	FALSO: Ao contrário do que afirmam publicações nas redes sociais, a prefeitura de São Paulo nunca proibiu o uso de cloroquina, nem de sua forma menos tóxica, a hidroxicloroquina
https://eleicoes.apublica.org/2018/2018/09/vem-pra-rua-minas-acertou-pimentel-aumentou-impostos-de-mais-de-180-produtos/	https://eleicoes.apublica.org	2018-09-19	Pimentel aumentou impostos de mais de 180 produtos, incluindo energia, combustível, material escolar e até remédios	Vem pra rua, Minas acertou: Pimentel aumentou impostos de mais de 180 produtos - Truco2018	Vem pra rua, Minas acertou: Pimentel aumentou impostos de mais de 180 produtos - Truco2018	5	5	Verdadeiro
https://noticias.uol.com.br/comprova/ultimas-noticias/2021/06/17/doses-altas-de-ivermectina-podem-provocar-ate-convulsao.htm	https://noticias.uol.com.br	2021-06-17	Posts de um médico no Instagram e no Twitter defendem que ivermectina é um remédio 'enviado por Deus', seguro em altas doses e com estudos já comprovados de sua ação antiviral	Ivermectina: Doses altas podem provocar até convulsão	Ivermectina: Doses altas podem provocar até convulsão	1	5	Falso
https://observador.pt/factchecks/fact-check-fda-aprovou-hidroxicloroquina-para-tratar-pacientes-com-covid-19-nos-eua/	https://observador.pt	2020-05-31	O FDA, a agência americana de regulamentação de remédios, aprovou o uso de hidroxicloroquina em todos os pacientes com o Covid-19. O CEO da Novartis anunciou que já tem em mãos os resultados de pesquisas que comprovam que a hidroxicloroquina mata o vírus	Fact Check. FDA aprovou hidroxicloroquina para tratar pacientes com Covid-19 nos EUA	Fact Check. FDA aprovou hidroxicloroquina para tratar pacientes com Covid-19 nos EUA		5	Errado
https://checamos.afp.com/doc.afp.com.32C346B	https://checamos.afp.com	2022-06-07	Programa do Fantástico de 0506 fez uma matéria sobre o remédio em spray contra covid-19 defendido por Bolsonaro em 2021 sem citá-lo	Matéria do Fantástico não falou sobre o spray nasal contra covid-19 que Bolsonaro buscou em 2021	Matéria do Fantástico não falou sobre o spray nasal contra covid-19 que Bolsonaro buscou em 2021		5	Enganoso
https://noticias.uol.com.br/confere/ultimas-noticias/2019/07/08/e-falso-que-stf-tenha-desobrigado-governo-de-fornecer-remedio-indispensavel.htm	https://noticias.uol.com.br	2019-07-08	STF desobrigou governo de fornecer remédio indispensável	falso que STF tenha desobrigado governo de fornecer remédio indispensável	falso que STF tenha desobrigado governo de fornecer remédio indispensável	1	5	Falso
https://www.estadao.com.br/estadao-verifica/banana-verde-triptofano-remedio-depressao-falso/	https://estadao.com.br	2023-08-25	Banana verde é remédio contra depressão	falso que a banana verde seja remédio contra a depressão	falso que a banana verde seja remédio contra a depressão	1	5	Falso
https://www.aosfatos.org/noticias/nao-e-verdade-que-cascas-de-laranja-e-limao-contem-ivermectina-e-cloroquina/	https://aosfatos.org	2020-07-24	O princípio ativo dos dois remédios, da ivermectina e da cloroquina, está na laranja e no limão, na casca dos dois.	Não é verdade que cascas de laranja e limão têm ivermectina e cloroquina	Não é verdade que cascas de laranja e limão têm ivermectina e cloroquina	1	5	falso
https://www.estadao.com.br/estadao-verifica/pepino-melhor-remedio-do-mundo-pressao-alta/	https://estadao.com.br	2023-06-16	Suco de pepino é melhor remédio do mundo contra pressão alta	Pepino não é 'melhor remédio do mundo' para pressão alta'	Pepino não é 'melhor remédio do mundo' para pressão alta'		5	Enganoso
https://www.estadao.com.br/estadao-verifica/video-vinagre-remedio-diabetes-enganoso/	https://estadao.com.br	2023-05-03	Vinagre é novo remédio para diabetes	Vinagre não pode ser considerado remédio para tratar diabetes, ao contrário do que afirma vídeo	Vinagre não pode ser considerado remédio para tratar diabetes, ao contrário do que afirma vídeo		5	Enganoso
https://www.aosfatos.org/noticias/nao-e-verdade-que-oms-aprovou-mistura-de-pimenta-mel-e-gengibre-como-cura-da-covid-19/	https://aosfatos.org	2020-07-21	Remédio feito com pó de pimenta preta, mel e suco de gengibre foi aprovado pela OMS como cura da Covid-19	Não é verdade que OMS aprovou mistura de pimenta, mel e gengibre como cura da Covid-19	Não é verdade que OMS aprovou mistura de pimenta, mel e gengibre como cura da Covid-19	1	5	falso
https://www.aosfatos.org/noticias/substancia-coquetel-hiv-remedio-pfizer-vacinas-covid-aids/	https://aosfatos.org	2022-12-22	Paxlovid contém ritonavir para evitar casos de Aids	Substância de coquetel anti-HIV em remédio da Pfizer não é prova ...	Substância de coquetel anti-HIV em remédio da Pfizer não é prova ...	1	5	falso
https://projetocomprova.com.br/publica%C3%A7%C3%B5es/liberacao-de-uso-da-cloroquina-pela-agencia-reguladora-de-alimentos-e-drogas-dos-eua-nao-e-para-todos-os-pacientes/	https://projetocomprova.com.br	2020-04-16	O FDA, a agência americana de regulamentação de remédios, aprovou o uso de hidroxicloroquina em todos os pacientes com o Covid-19	Liberação de uso da cloroquina pela agência reguladora de alimentos e drogas dos EUA não é para todos os pacientes	Liberação de uso da cloroquina pela agência reguladora de alimentos e drogas dos EUA não é para todos os pacientes	1	5	FALSO: Ao contrário do que afirma um texto que viralizou no WhatsApp e no Facebook, a agência reguladora de alimentos e drogas dos Estados Unidos (FDA), não liberou o uso de cloroquina e hidroxicloroquina em todos os pacientes com covid-19, doença causada pelo novo coronavírus. E também é falso que a Novartis tenha anunciado a existência de estudos que comprovam que esses dois medicamentos “matam” o vírus
https://checamos.afp.com/doc.afp.com.B2QJ49E	https://checamos.afp.com	2026-05-13	Ypê anuncia recorde de vendas após Anvisa suspender fabricação de produtos	falso que Ypê publicou nota sobre recorde de vendas após Anvisa suspender produtos da marca	falso que Ypê publicou nota sobre recorde de vendas após Anvisa suspender produtos da marca	1	5	Falso
https://www.estadao.com.br/estadao-verifica/videos-enganam-motivacao-politica-inspecao-anvisa-fabrica-ype/	https://estadao.com.br	2026-05-12	A Anvisa mandou recolher produtos da marca Ypê com base em acusações sem provas e por motivação política, já que diretores da empresa doaram R$ 1 milhão para a campanha de Jair Bolsonaro em 2022.	Anvisa não recolheu produtos da Ypê sem provas; inspeção conjunta apontou risco sanitário	Anvisa não recolheu produtos da Ypê sem provas; inspeção conjunta apontou risco sanitário		5	Enganoso
https://www.estadao.com.br/estadao-verifica/ype-nao-afirmou-ter-atingido-recorde-historico-de-vendas-apos-suspensao-determinada-pela-anvisa/	https://estadao.com.br	2026-05-12	Ypê teve recorde de vendas histórico após alerta da Anvisa	Ypê não afirmou ter atingido recorde histórico de vendas após suspensão determinada pela Anvisa	Ypê não afirmou ter atingido recorde histórico de vendas após suspensão determinada pela Anvisa	1	5	Falso
https://www.aosfatos.org/noticias/falso-ex-diretor-anvisa-critica-governo-lula-desintrusao-terra-indigena/	https://aosfatos.org	2024-12-09	Ex-diretor da Anvisa criticou Lula por pela desintrusão da terra indígena Apyterewa, no Pará	Não é ex-diretor da Anvisa homem que critica governo Lula por desintrusão de terra indígena no Pará	Não é ex-diretor da Anvisa homem que critica governo Lula por desintrusão de terra indígena no Pará	1	5	falso
https://noticias.uol.com.br/comprova/ultimas-noticias/2024/05/17/video-engana-ao-dizer-que-anvisa-impede-transporte-de-medicamentos-no-rs.htm	https://noticias.uol.com.br		Medicamentos levados em aviões particulares ao Rio Grande do Sul estão tendo o transporte impedido no estado devido à burocracia da Anvisa	Vídeo engana ao dizer que Anvisa impede transporte de medicamentos no RS	Vídeo engana ao dizer que Anvisa impede transporte de medicamentos no RS		5	Enganoso
https://projetocomprova.com.br/publica%C3%A7%C3%B5es/video-engana-ao-dizer-que-anvisa-impede-transporte-de-medicamentos-no-rs/	https://projetocomprova.com.br	2024-05-15	Burocracia da Anvisa impede a chegada de medicamentos ao Rio Grande do Sul. Por conta disso, pessoas estão morrendo.	Vídeo engana ao dizer que Anvisa impede transporte de medicamentos no RS	Vídeo engana ao dizer que Anvisa impede transporte de medicamentos no RS	1	5	Enganoso: O autor do vídeo confirmou que os medicamentos chegaram ao destino final, e disse que a frase sobre mortes foi dita “no calor do momento”. A Anvisa diz que a afirmação é falsa e publicou duas portarias que facilitam o acesso de produtos e flexibilizam receituário para remédios no estado.
https://projetocomprova.com.br/publica%C3%A7%C3%B5es/orgao-de-saude-alemao-nao-determinou-que-lockdown-era-prejudicial-nem-que-covid-matava-igual-a-gripe/	https://projetocomprova.com.br	2024-04-02	Descobriram documentos oficiais do RKI - Robert Koch Institut - a Anvisa alemã: o Lockdown traria mais consequências maléficas do que o vírus. O uso de máscara era questionável e a mortalidade da COVID era parecida com a da gripe.	rgão de saúde alemão não determinou que lockdown era prejudicial, nem que covid matava igual à gripe	rgão de saúde alemão não determinou que lockdown era prejudicial, nem que covid matava igual à gripe	5	5	Enganoso: Os arquivos mencionados são verdadeiros, mas não emitem o posicionamento oficial do instituto, apenas opiniões individuais de integrantes do comitê de crise emitidas em diferentes momentos, quando o conhecimento sobre a covid ainda era incipiente.
https://noticias.uol.com.br/confere/ultimas-noticias/2024/01/31/vitamina-da-visao-visilux-falso-anvisa.htm	https://noticias.uol.com.br		"Visilux, a ""vitamina da visão"" que promete restaurar danos oculares, é aprovada pela Anvisa"	falso que produto 'Visilux' seja aprovado pela Anvisa	falso que produto 'Visilux' seja aprovado pela Anvisa	1	5	Falso
https://noticias.uol.com.br/confere/ultimas-noticias/2024/01/25/diretora-da-anvisa-nao-falou-que-vacinas-contra-covid-sao-risco-a-criancas.htm	https://noticias.uol.com.br		Anvisa reconhece que vacinas contra covid são perigosas para crianças	Anvisa não reconheceu que vacinas contra covid são risco a crianças	Anvisa não reconheceu que vacinas contra covid são risco a crianças	1	5	Falso
https://www.aosfatos.org/noticias/falso-presidente-anvisa-vacinados-risco-sanitario/	https://aosfatos.org	2024-01-25	Presidente da Anvisa disse que quem se vacinar corre risco sanitário grave	falso que presidente da Anvisa disse que vacinados correm risco ...	falso que presidente da Anvisa disse que vacinados correm risco ...	1	5	falso
https://www.aosfatos.org/noticias/presidente-da-anvisa-nao-disse-que-quem-se-vacinar-corre-risco-sanitario-grave/	https://aosfatos.org	2021-07-30	Presidente da Anvisa disse que quem se vacinar corre risco sanitário grave	Presidente da Anvisa não disse que quem se vacinar corre risco ...	Presidente da Anvisa não disse que quem se vacinar corre risco ...	1	5	falso
https://www.estadao.com.br/estadao-verifica/video-corta-fala-de-2021-de-diretora-da-anvisa-e-espalha-mentira-sobre-vacina-infantil-contra-covid/	https://estadao.com.br	2024-01-23	Anvisa reconheceu o risco das vacinas contra a covid-19 para crianças	Vídeo corta fala de 2021 de diretora da Anvisa e espalha mentira sobre vacina infantil contra covid	Vídeo corta fala de 2021 de diretora da Anvisa e espalha mentira sobre vacina infantil contra covid	1	5	Falso
https://www.aosfatos.org/noticias/propostas-congresso-restringir-aborto-legal-desinformacao-justificativa/	https://aosfatos.org	2023-11-30	Anvisa proíbe aborto legal por telemedicina	Propostas no Congresso que restringem aborto legal usam desinformação como justificativa	Propostas no Congresso que restringem aborto legal usam desinformação como justificativa		5	não_é_bem_assim
https://www.aosfatos.org/noticias/falso-anvisa-vita-pro-nobis/	https://aosfatos.org	2023-10-24	Anvisa aprovou composto Vita-Pro-Nóbis para tratamento de dores articulares	Anvisa não aprovou composto de ora-pro-nóbis e cúrcuma para tratamento de dores articulares	Anvisa não aprovou composto de ora-pro-nóbis e cúrcuma para tratamento de dores articulares	1	5	falso
https://www.aosfatos.org/noticias/anvisa-nao-declarou-que-fabricante-da-coronavac-esta-fora-dos-padroes-de-qualidade/	https://aosfatos.org	2021-01-07	Anvisa declarou que a Sinovac está fora dos padrões de qualidade.	Anvisa não declarou que fabricante da CoronaVac está fora dos padrões de qualidade	Anvisa não declarou que fabricante da CoronaVac está fora dos padrões de qualidade	1	5	falso
https://noticias.uol.com.br/confere/ultimas-noticias/2021/10/14/nota-da-anvisa-desmente-tese-de-bolsonaro-para-nao-se-vacinar-contra-covid.htm	https://noticias.uol.com.br	2021-10-14	Eu decidi não tomar mais a vacina. Eu estou vendo novos estudos, a minha imunização está lá em cima, para que vou tomar a vacina	Nota da Anvisa desmente tese de Bolsonaro para não se vacinar ...	Nota da Anvisa desmente tese de Bolsonaro para não se vacinar ...	1	5	Falso
https://oglobo.globo.com/fato-ou-fake/e-fake-que-atual-diretoria-da-anvisa-seja-mesma-de-governos-do-pt-24730111	https://oglobo.globo.com	2020-05-11	a Anvisa está com os mesmos diretores da época do PT	#FAKE que atual diretoria da Anvisa seja a mesma de governos do PT	#FAKE que atual diretoria da Anvisa seja a mesma de governos do PT	1	5	Fake
https://www.aosfatos.org/noticias/na-cpi-da-covid-19-elcio-franco-contradiz-acoes-do-governo-para-compra-de-vacinas/	https://aosfatos.org	2021-06-09	A orientação era pela aquisição da maior quantidade de doses garantida a segurança e eficácia pela Anvisa.	Na CPI da Covid-19, Elcio Franco contradiz ações do governo para compra de vacinas	Na CPI da Covid-19, Elcio Franco contradiz ações do governo para compra de vacinas	4	5	contraditório
https://checamos.afp.com/doc.afp.com.9KH4T7	https://checamos.afp.com	2021-08-06	Anvisa admite não haver evidências de eficácia de máscaras	Trecho de texto da Anvisa sobre evidências para uso de máscaras foi retirado de contexto	Trecho de texto da Anvisa sobre evidências para uso de máscaras foi retirado de contexto		5	Enganoso
https://noticias.uol.com.br/confere/ultimas-noticias/2021/04/01/live-bolsonaro-confere-1-de-abril-coronavirus-covid-19-governo-federal.htm	https://noticias.uol.com.br	2021-04-02	Compra de vacinas só ocorre com aval da Anvisa e governadores implementam estado de sítio	Em live, Bolsonaro mente de novo sobre estado de sítio e compra de vacinas	Em live, Bolsonaro mente de novo sobre estado de sítio e compra de vacinas	1	5	Falso
https://noticias.uol.com.br/comprova/ultimas-noticias/2020/06/05/nao-ha-prova-de-que-ivermectina-cure-covid-ao-contrario-do-que-diz-medica.htm	https://noticias.uol.com.br	2020-06-06	A ivermectina está registrada como medicamento contra infecções causadas por parasitas e todos os estudos sobre seu uso para tratamento da covid-19 estão ainda em estágio inicial. A Anvisa não reconhece o medicamento para o tratamento da doença	Não há prova de que ivermectina cure covid, ao contrário do que diz médica	Não há prova de que ivermectina cure covid, ao contrário do que diz médica		5	Enganoso
https://projetocomprova.com.br/publica%C3%A7%C3%B5es/cdc-nao-coleta-dados-de-pessoas-reinfectadas-transmitindo-covid-19/	https://projetocomprova.com.br	2021-11-25	A CDC, a Anvisa dos EUA, admite não ter registro de qualquer pessoa não vacinada espalhando C-19 após se recuperar de infecção anterior.	CDC não coleta dados de pessoas reinfectadas transmitindo covid-19	CDC não coleta dados de pessoas reinfectadas transmitindo covid-19		5	É ENGANOSO que o CDC emitiu documento que comprove a inexistência de casos de pessoas não vacinadas que tenham transmitido a doença depois de uma segunda infecção. O documento informa que não foram encontrados registros porque os dados não são coletados. Isso não significa que não existam casos desse tipo.
https://www.aosfatos.org/noticias/nota-anvisa-2021-vacina/	https://aosfatos.org	2023-06-14	Anvisa publicou recentemente nota alertando risco de miocardite e pericardite em vacinados com a vacina da Pfizer	Peças omitem que Anvisa defendeu vacinação em alerta de 2021 sobre riscos	Peças omitem que Anvisa defendeu vacinação em alerta de 2021 sobre riscos		5	não_é_bem_assim
https://www.aosfatos.org/noticias/e-falso-que-anvisa-aprovou-sem-contraindicacao-vacina-da-pfizer-para-criancas/	https://aosfatos.org	2021-12-28	Anvisa aprovou a vacinação contra a Covid-19 sem indicar contraindicação na bula	falso que Anvisa aprovou sem contraindicação vacina da Pfizer para crianças	falso que Anvisa aprovou sem contraindicação vacina da Pfizer para crianças	1	5	falso
https://noticias.uol.com.br/confere/ultimas-noticias/2022/01/20/para-atacar-vacina-video-manipula-fala-de-presidente-da-anvisa.htm	https://noticias.uol.com.br	2022-01-20	Presidente da Anvisa admite que a população corre risco grave ao tomar a vacina. Ele declara que foi tirado pelo STF, o direito da Anvisa de analisar todos os dados necessários para a liberação da vacina. Isso quer dizer que ninguém sabe o que está tomando	Covid: é falso que presidente da Anvisa considere vacina 'risco grave'	Covid: é falso que presidente da Anvisa considere vacina 'risco grave'	1	5	Falso
https://www.aosfatos.org/noticias/anvisa-nao-flagrou-vacinacao-ilegal-da-coronavac-em-jogadores-do-sao-paulo-fc/	https://aosfatos.org	2020-12-11	Anvisa testemunhou atletas do São Paulo Futebol Clube recebendo aplicação ilegal da CoronaVac.	Anvisa não flagrou vacinação ilegal da CoronaVac em jogadores do São Paulo FC	Anvisa não flagrou vacinação ilegal da CoronaVac em jogadores do São Paulo FC	1	5	falso
https://www.aosfatos.org/noticias/e-falso-que-antigripais-contenham-substancia-mortal-proibida-pela-anvisa/	https://aosfatos.org	2020-01-28	O Ministério da Saúde através da Agência Nacional de Vigilância Sanitária, suspendeu por meio da Resolução 96, a fabricação, distribuição, manipulação, comercialização e armazenagem de medicamentos com o princípio ativo denominado FENILPROPALAMINA. A medida foi tomada depois que a 'Food and Drug Administration', FDA, dos Estados Unidos, constatou que a substância vinha provocando adversos FATAIS em usuários americanos hemorragia cerebral. No Brasil a suspensão é preventiva, uma vez que não existem casos relatados. A FENILPROPALAMINA está presente em 22 medicamentos, especialmente nos anti-gripais.	falso que antigripais contenham substância mortal proibida pela Anvisa	falso que antigripais contenham substância mortal proibida pela Anvisa	1	5	falso
https://checamos.afp.com/nao-ha-prova-de-que-mortes-relatadas-anvisa-sejam-consequencia-de-vacinas-contra-covid-19	https://checamos.afp.com	2021-03-12	Anvisa confirma 34 mortes e 767 em primeiro mês de vacinação	Não há prova de que mortes relatadas à Anvisa sejam consequência de vacinas contra a covid-19	Não há prova de que mortes relatadas à Anvisa sejam consequência de vacinas contra a covid-19		5	Enganoso
https://projetocomprova.com.br/publica%C3%A7%C3%B5es/e-enganoso-que-imunogenicidade-da-coronavac-ofereca-risco-anvisa-pediu-dados-complementares-e-nao-questionou-seguranca/	https://projetocomprova.com.br	2021-01-22	Anvisa considerou dado de imunogenicidade da Coronavac inadequado	enganoso que imunogenicidade da CoronaVac ofereça risco; Anvisa pediu dados complementares e não questionou segurança	enganoso que imunogenicidade da CoronaVac ofereça risco; Anvisa pediu dados complementares e não questionou segurança	5	5	ENGANOSO: Dirigente da Anvisa disse, de fato, que dados de imunogenicidade - a capacidade que uma vacina tem para induzir o sistema imunológico a produzir anticorpos - da CoronaVac eram inadequados. A Anvisa explicou, no entanto, que não há questionamentos em relação à segurança da vacina.
https://projetocomprova.com.br/publica%C3%A7%C3%B5es/medico-usa-dados-deturpados-para-dizer-que-vacina-foi-causa-de-abortos/	https://projetocomprova.com.br	2022-01-10	Pfizer tem poder de barganha, compra tudo e todos, até diretor da Anvisa. 82% de abortos após inoculação em grávidas	Médico usa dados deturpados para dizer que vacina foi causa de abortos	Médico usa dados deturpados para dizer que vacina foi causa de abortos		5	ENGANOSO: Os autores da pesquisa destacam na própria publicação que os dados utilizados no levantamento preliminar têm limitações.
https://projetocomprova.com.br/publica%C3%A7%C3%B5es/post-engana-ao-dizer-que-cdc-recomendou-suspensao-da-aplicacao-da-vacina-da-janssen-recentemente/	https://projetocomprova.com.br	2021-08-16	"O CDC, a ""Anvisa Americana"", acaba de aconselhar a suspensão da aplicação do imunizante da Janssen"	Post engana ao dizer que CDC recomendou suspensão da aplicação da vacina da Janssen recentemente	Post engana ao dizer que CDC recomendou suspensão da aplicação da vacina da Janssen recentemente		5	ENGANOSO: CDC dos EUA não recomendou a suspensão da imunização com a vacina da Janssen. A interrupção ocorreu em abril e, no mesmo mês, a vacinação foi retomada.
https://observador.pt/factchecks/fact-check-noticia-que-diz-que-regulador-do-brasil-aprovou-composto-que-reduz-96-da-dor-e-verdadeira/	https://observador.pt	2023-07-19	"""Exclusivo: ANVISA aprova composição americana que alivia 96% de qualquer dor em até 24h, sem contraindicações e nem efeitos colaterais."""	"Fact Check. Notícia que diz que regulador do Brasil aprovou ""composto"" que reduz 96% da dor é verdadeira"	"Fact Check. Notícia que diz que regulador do Brasil aprovou ""composto"" que reduz 96% da dor é verdadeira"		5	Errado
https://www.aosfatos.org/noticias/e-falso-que-taxa-de-eficacia-da-coronavac-caiu-de-78-para-5038-e-4969/	https://aosfatos.org	2021-01-14	Já está sendo comprovado que a eficácia da danada que era de 78% e depois caiu para 50,38% o mínimo exigido pela Anvisa e OMS. Agora está em 49,69%.	falso que taxa de eficácia da CoronaVac caiu de 78% para 50,38% e 49,69%	falso que taxa de eficácia da CoronaVac caiu de 78% para 50,38% e 49,69%	1	5	falso
https://observador.pt/factchecks/fact-check-pfizer-pagou-28-milhoes-de-dolares-para-a-autoridade-do-medicamento-dos-eua-aprovar-vacina-contra-a-covid-19/	https://observador.pt	2022-04-16	"""A Pfizer pagou US$ 2,8 milhões ao FDA pela aprovação das suas picadas milagrosas. Quanto deve ter rolado para a Anvisa fechar os olhos!"""	Fact Check. Pfizer pagou 2,8 milhões de dólares para a Autoridade do Medicamento dos EUA aprovar vacina contra a Covid-19	Fact Check. Pfizer pagou 2,8 milhões de dólares para a Autoridade do Medicamento dos EUA aprovar vacina contra a Covid-19		5	Errado
https://www.aosfatos.org/noticias/no-roda-viva-doria-mente-ao-negar-declaracao-de-que-policiais-iam-atirar-para-matar/	https://aosfatos.org	2021-08-24	Os dados [de eficácia da CoronaVac] não são meus nem do Butantan, são da Anvisa. Nós só reproduzimos as informações que a Anvisa forneceu.	No Roda Viva, Doria mente ao negar declaração de que policiais iam atirar para matar	No Roda Viva, Doria mente ao negar declaração de que policiais iam atirar para matar	1	5	falso
https://www1.folha.uol.com.br/equilibrioesaude/2023/04/e-enganoso-post-de-deputado-que-questiona-a-eficacia-das-vacinas-contra-a-covid-19.shtml	https://www1.folha.uol.com.br	2023-04-24	Tuíte em que o deputado federal Osmar Terra MDB-RS publica títulos de reportagens da BBC News Brasil, da Associação Médica Brasileira e do G1 e escreve: Mas não foi só a vacina Astrazeneca retirada da vacinação pelo Ministério da Saúde. A Jansen e a Coronavac também foram. Falta de eficácia e efeitos colaterais com risco, foram alegados. Na verdade não haviam completado os testes quando foram autorizadas pela Anvisa, de forma emergencial. Parte da fase 3 de testagem, foi feito direta em toda população, sem ter ideia ainda do que aconteceria isso.	enganoso post de deputado que questiona a eficácia das vacinas contra a Covid-19	enganoso post de deputado que questiona a eficácia das vacinas contra a Covid-19		5	Enganoso
https://projetocomprova.com.br/publica%C3%A7%C3%B5es/deputada-engana-com-montagem-que-associa-miocardite-de-jogador-a-vacina-contra-covid/	https://projetocomprova.com.br	2022-01-28	Bayern de Munique pune jogadores não vacinados. Anvisa alerta sobre risco de miocardite e pericardite pós-vacinação. Alphonso Davies é diagnosticado com miocardite. Notícias que falam por si só! Tirem suas conclusões!	Deputada engana com montagem que associa miocardite de jogador à vacina contra covid	Deputada engana com montagem que associa miocardite de jogador à vacina contra covid		5	ENGANOSO: Na realidade, o jogador teve miocardite por conta da covid-19, como atestou publicamente o próprio clube em que atua.
https://www.aosfatos.org/noticias/cloroquina-so-foi-liberada-para-pacientes-internados-com-covid-19-posts-omitem-informacoes/	https://aosfatos.org	2020-03-31	Liberação da cloroquina  hidroxicloroquina pela Anvisa, já com posologia para tratamento da Covid-19.	Cloroquina só foi liberada para pacientes internados com Covid-19; posts omitem informações	Cloroquina só foi liberada para pacientes internados com Covid-19; posts omitem informações	3	5	distorcido
https://noticias.uol.com.br/confere/ultimas-noticias/2021/05/13/checagem-live-bolsonaro-pfizer-cpi-da-covid-13-de-maio-de-2021.htm	https://noticias.uol.com.br	2021-05-14	Tínhamos impedimento. Não tínhamos garantia jurídica, tinha que passar pela Anvisa.  uma irresponsabilidade minha ... simplesmente aceitar a importação de uma vacina que estava em teste ainda.	Ao citar Pfizer, Bolsonaro omite acordo por Oxford ainda em teste	Ao citar Pfizer, Bolsonaro omite acordo por Oxford ainda em teste	1	5	Falso
https://www.aosfatos.org/noticias/nao-e-verdade-que-anvisa-confirma-mortes-em-decorrencia-de-vacinas-contra-covid-19/	https://aosfatos.org	2021-03-03	Anvisa confirma mortes em decorrência de vacinas contra a Covid-19	Não é verdade que Anvisa confirma mortes em decorrência de vacinas contra a Covid-19	Não é verdade que Anvisa confirma mortes em decorrência de vacinas contra a Covid-19	3	5	distorcido
https://checamos.afp.com/doc.afp.com.9WJ9J2	https://checamos.afp.com	2022-01-19	Diretor-presidente da Anvisa disse que a população corre risco grave ao tomar as vacinas contra a covid-19	Presidente da Anvisa não alertou sobre risco grave de vacinas anticovid; sua fala foi editada	Presidente da Anvisa não alertou sobre risco grave de vacinas anticovid; sua fala foi editada	1	5	Falso
https://eleicoes.apublica.org/2018/2018/09/parana-gastou-r-95-milhoes-em-vacina-da-dengue-vista-com-ressalvas-por-anvisa-e-oms/	https://eleicoes.apublica.org	2018-09-18	Jorge Bernardi disse que o governo do Paraná comprou vacinas 'condenadas' pela Anvisa e OMS	Paraná gastou R$ 95 milhões em vacina da dengue vista com ressalvas por Anvisa e OMS - Truco2018	Paraná gastou R$ 95 milhões em vacina da dengue vista com ressalvas por Anvisa e OMS - Truco2018	5	5	Verdadeiro
https://noticias.uol.com.br/confere/ultimas-noticias/2023/03/24/nota-da-anvisa-sobre-pfizer-e-de-2021-post-omite-defesa-por-vacinacao.htm	https://noticias.uol.com.br	2023-03-24	Anvisa alerta sobre risco de miocardite e pericardite da vacina da Pfizer	Covid: Nota da Anvisa sobre Pfizer é de 2021; post omite defesa da vacina	Covid: Nota da Anvisa sobre Pfizer é de 2021; post omite defesa da vacina	2	5	Insustentável
https://www.aosfatos.org/noticias/diretores-da-anvisa-hoje-nao-sao-os-mesmos-dos-governos-do-pt/	https://aosfatos.org	2020-10-29	Diretoria da Anvisa é a mesma desde os governos petistas	Diretores da Anvisa hoje não são os mesmos dos governos do PT	Diretores da Anvisa hoje não são os mesmos dos governos do PT	1	5	falso
https://www.estadao.com.br/estadao-verifica/aprovacao-ozonioterapia-negacionismo-enganoso/	https://estadao.com.br	2023-08-11	Aprovação da ozonioterapia no País é negacionismo da ciência	Autorização da ozonioterapia no País está condicionada à ...	Autorização da ozonioterapia no País está condicionada à ...		5	Enganoso
https://checamos.afp.com/nao-ha-comprovacao-de-que-reacoes-adversas-notificadas-anvisa-foram-causadas-pelas-vacinas	https://checamos.afp.com	2021-06-18	Reações adversas de vacinas somam 4.900 notificações e 399 mortes suspeitas	Não há comprovação de que as reações adversas notificadas à ...	Não há comprovação de que as reações adversas notificadas à ...		5	Enganoso
https://checamos.afp.com/doc.afp.com.A8878G3	https://checamos.afp.com	2026-04-17	Flávio Bolsonaro disse em Porto Alegre que irá privatizar o SUS no mesmo dia que tomar posse como presidente	Flávio Bolsonaro não apresentou proposta para privatizar o SUS em agenda em Porto Alegre	Flávio Bolsonaro não apresentou proposta para privatizar o SUS em agenda em Porto Alegre	1	5	Falso
https://www.estadao.com.br/estadao-verifica/flavio-bolsonaro-privatizar-sus-falso/	https://estadao.com.br	2026-04-14	Flávio Bolsonaro disse que irá privatizar o SUS no dia em que tomar posse como presidente da República	Flávio Bolsonaro não disse que irá privatizar o SUS se for eleito	Flávio Bolsonaro não disse que irá privatizar o SUS se for eleito	1	5	Falso
https://checamos.afp.com/doc.afp.com.68BV7NQ	https://checamos.afp.com	2025-07-30	Nikolas Ferreira retirou R$ 580 milhões do SUS, em um caso escandaloso de desvios de dinheiro público, revela o g1	Postagens enganosas associam Nikolas Ferreira a um caso escandaloso de desvios de R$ 580 milhões no SUS	Postagens enganosas associam Nikolas Ferreira a um caso escandaloso de desvios de R$ 580 milhões no SUS		5	Enganoso
https://checamos.afp.com/doc.afp.com.67DZ9NV	https://checamos.afp.com	2025-07-21	SUS tem concurso público aberto com salários de até R$ 11 mil	Publicações falsas anunciam suposto concurso para o SUS em 2025 e direcionam usuários para golpe	Publicações falsas anunciam suposto concurso para o SUS em 2025 e direcionam usuários para golpe	1	5	Falso
https://noticias.uol.com.br/confere/ultimas-noticias/2025/07/16/sao-falsos-posts-de-concurso-do-sus-com-salario-de-ate-r-11-mil-e-golpe.htm	https://noticias.uol.com.br		Concurso para o Sistema nico de Saúde com salários de até R$ 11 mil para vagas que exigem como nível de escolaridade Ensino Médio completo	São falsos posts de concurso do SUS com salário de até R$ 11 mil; é golpe	São falsos posts de concurso do SUS com salário de até R$ 11 mil; é golpe	1	5	Falso
https://noticias.uol.com.br/confere/ultimas-noticias/2024/12/12/fala-da-a-entender-que-tratamento-de-lula-foi-pelo-sus-mas-foi-o-do-amigo.htm	https://noticias.uol.com.br		Lula disse que foi tratado pelo SUS	Lula não disse que se tratou pelo SUS; ele comentava caso de amigo	Lula não disse que se tratou pelo SUS; ele comentava caso de amigo	3	5	Distorcido
https://noticias.uol.com.br/comprova/ultimas-noticias/2024/10/22/entenda-o-que-mudou-na-declaracao-de-nascido-vivo-apos-julgamento-do-stf.htm	https://noticias.uol.com.br		E lá vamos nós STF decide incluir o termo parturiente na Declaração de Nascidos Vivos do SUS	Entenda o que mudou na Declaração de Nascido Vivo após julgamento do STF	Entenda o que mudou na Declaração de Nascido Vivo após julgamento do STF		5	Enganoso
https://noticias.uol.com.br/confere/ultimas-noticias/2023/08/16/cns-nao-incluiu-candomble-como-tratamento-no-sus.htm	https://noticias.uol.com.br		CNS reconhece o candomblé como cura complementar ao SUS	Conselho Nacional de Saúde não incluiu candomblé como tratamento no SUS	Conselho Nacional de Saúde não incluiu candomblé como tratamento no SUS	3	5	Distorcido
https://apublica.org/truco2018/2018/09/hospitais-filantropicos-realizaram-67-das-cirurgias-dificeis-do-sus-no-parana/	https://apublica.org	2018-09-24	Ratinho Júnior disse que hospitais filantrópicos atendem 60% do SUS no Paraná	Hospitais filantrópicos realizaram 67% das cirurgias difíceis do SUS no Paraná - Truco2018	Hospitais filantrópicos realizaram 67% das cirurgias difíceis do SUS no Paraná - Truco2018	1	5	Falso
https://www.estadao.com.br/estadao-verifica/cns-reconhece-candomble-enganoso-tratamento-sus/	https://estadao.com.br	2023-08-17	Conselho Nacional de Saúde reconhece candomblé como tratamento do SUS	Vídeo engana ao sugerir que candomblé foi reconhecido como tratamento do SUS	Vídeo engana ao sugerir que candomblé foi reconhecido como tratamento do SUS		5	Enganoso
https://noticias.uol.com.br/confere/ultimas-noticias/2018/11/24/bolsonaro-nao-influenciou-temer-a-fazer-cortes-no-sus-para-saude-mental.htm	https://noticias.uol.com.br	2018-11-24	Bolsonaro influenciou Temer a fazer cortes no SUS para saúde mental	Bolsonaro não influenciou Temer a fazer cortes no SUS para saúde mental	Bolsonaro não influenciou Temer a fazer cortes no SUS para saúde mental	1	5	Falso
https://www.aosfatos.org/noticias/o-que-e-fato-e-o-que-nao-e-na-entrevista-de-alckmin-no-roda-viva/	https://aosfatos.org	2018-07-25	[O governo federal] não corrige a tabela do SUS há mais de 10 anos.	O que é fato e o que não é na entrevista de Alckmin no Roda Viva	O que é fato e o que não é na entrevista de Alckmin no Roda Viva	1	5	falso
https://eleicoes.apublica.org/2018/2018/08/helio-gois-erra-deficit-de-leitos-de-uti-no-ceara/	https://eleicoes.apublica.org	2018-08-30	De acordo com a estimativa populacional mais recente do IBGE, o Ceará tem 9.020.460 habitantes. Ou seja, para ser cumprido os parâmetros estabelecidos no documento, o Estado teria que ter pelo menos 22.551 leitos hospitalares no Sistema nico de Saúde SUS. Desses, pelo menos 902 deveriam ser de UTIs.	Hélio Góis erra déficit de leitos de UTI no Ceará - Truco2018	Hélio Góis erra déficit de leitos de UTI no Ceará - Truco2018	1	5	Falso
https://www.aosfatos.org/noticias/roda-viva-simone-tebet/	https://aosfatos.org	2022-08-09	A União financiou o SUS em 60% no passado, e hoje não passa de 45%, 46%	No Roda Viva, Tebet erra informação sobre financiamento federal ao SUS	No Roda Viva, Tebet erra informação sobre financiamento federal ao SUS		5	não_é_bem_assim
https://noticias.uol.com.br/confere/ultimas-noticias/2023/07/28/lula-nao-disse-que-foi-tratado-no-sus-video-foi-editado.htm	https://noticias.uol.com.br		Em vídeo editado, Lula disse que foi tratado no SUS	Lula não disse que foi tratado no SUS; vídeo foi editado	Lula não disse que foi tratado no SUS; vídeo foi editado	1	5	Falso
https://noticias.uol.com.br/comprova/ultimas-noticias/2019/10/17/com-mais-de-200mi-habitantes-brasil-e-unico-com-sistema-universal-de-saude.htm	https://noticias.uol.com.br	2019-10-17	Com população maior do que 200 milhões de habitantes, Brasil fornece medicamentos gratuitamente	Brasil é único país acima de 200 milhões de habitantes com saúde ...	Brasil é único país acima de 200 milhões de habitantes com saúde ...		5	Sátira
https://www.aosfatos.org/noticias/e-falso-que-usuario-precisa-se-cadastrar-no-sus-para-evitar-corte-em-posto-de-saude/	https://aosfatos.org	2019-11-27	Avisem a todos para se cadastrarem no SUS, porque a partir de janeiro a verba federal para a saúde será APENAS pelo número de cadastrados e não pelo total da população! Atualmente, só 36% das pessoas estão cadastradas; precisamos garantir mais verbas para o SUS! Para a emissão do cartão basta se dirigir até a Secretaria Municipal de Saúde de seu Município ou em uma unidade de saúde mais próxima de sua residência, portando os seguintes documentos pessoais: RG, CPF, certidão de nascimento ou casamento e número de PISPASEP.	falso que usuário precisa se cadastrar no SUS para evitar corte de ...	falso que usuário precisa se cadastrar no SUS para evitar corte de ...	1	5	falso
https://projetocomprova.com.br/publica%C3%A7%C3%B5es/dos-paises-com-mais-de-200-milhoes-de-habitantes-brasil-e-unico-com-sistema-universal-de-saude/	https://projetocomprova.com.br	2019-10-10	SUS é o único sistema público de saúde que atende uma população com mais de 200 milhões de pessoas	Dos países com mais de 200 milhões de habitantes, Brasil é único com sistema universal de saúde	Dos países com mais de 200 milhões de habitantes, Brasil é único com sistema universal de saúde		5	Evidência comprovada - SUS prevê o atendimento a toda a população gratuitamente. Entre os países com sistemas similares, nenhum tem população tão grande. O Comprova analisou individualmente os países com mais de 200 milhões de habitantes.
https://noticias.uol.com.br/confere/ultimas-noticias/2018/07/25/alckmin-exagera-contra-o-sus-e-cita-dado-sem-comprovacao-na-educacao-de-sp.htm	https://noticias.uol.com.br	2018-07-25	Geraldo Alckmin no programa Roda Viva	Na TV, Alckmin exagera sobre SUS e cita dado insustentável sobre ...	Na TV, Alckmin exagera sobre SUS e cita dado insustentável sobre ...	2	5	Insustentável
https://www.estadao.com.br/estadao-verifica/lula-sus-sirio-libanes/	https://estadao.com.br	2023-07-19	Lula disse que foi tratado no SUS	Discurso de Lula é editado para parecer que presidente contou ter sido tratado no SUS	Discurso de Lula é editado para parecer que presidente contou ter sido tratado no SUS		5	Enganoso
https://projetocomprova.com.br/publica%C3%A7%C3%B5es/nao-ha-evidencias-de-que-presidente-do-chile-tenha-projeto-nacional-inspirado-em-lula-como-afirma-post/	https://projetocomprova.com.br	2022-08-22	Chile inicia a criação do SUS e do Bolsa Família no país. Projeto será a cara brasileira e terá créditos com o nome de Lula.	Não há evidências de que presidente do Chile tenha projeto nacional inspirado em Lula, como afirma post	Não há evidências de que presidente do Chile tenha projeto nacional inspirado em Lula, como afirma post	1	5	É falso o tuíte que afirma que Gabriel Boric ligou para Lula para organizar projeto nacional envolvendo a criação do SUS e do Bolsa Família no país.
https://eleicoes.apublica.org/2018/2018/09/bandeira-tem-razao-pequenos-hospitais-tem-baixa-viabilidade-financeira-no-sus/	https://eleicoes.apublica.org	2018-09-11	Hospitais com um número pequeno de leitos, abaixo de 30, não são autossustentáveis	Bandeira tem razão: pequenos hospitais têm baixa viabilidade ...	Bandeira tem razão: pequenos hospitais têm baixa viabilidade ...	5	5	Verdadeiro
https://projetocomprova.com.br/publica%C3%A7%C3%B5es/ambulancias-da-bahia-com-adesivo-do-sus-nao-foram-compradas-pelo-governo-federal/	https://projetocomprova.com.br	2022-03-14	Ambulâncias foram compradas pelo governo federal mas o governo da Bahia colocou a própria logomarca e as escondeu para entregar em período eleitoral	Ambulâncias da Bahia com adesivo do SUS não foram compradas ...	Ambulâncias da Bahia com adesivo do SUS não foram compradas ...	1	5	FALSO: Os veículos foram comprados com recursos próprios da Bahia e de emendas de parlamentares baianos. Os veículos também não estão escondidos.
https://noticias.uol.com.br/confere/ultimas-noticias/2019/03/02/e-falso-que-lula-foi-contra-incluir-vacina-de-meningite-no-sus-em-2010.htm	https://noticias.uol.com.br	2019-03-02	Lula vetou vacina contra a meningite	falso que Lula vetou vacina da meningite: imunização é oferecida ...	falso que Lula vetou vacina da meningite: imunização é oferecida ...	2	5	Insustentável
https://observador.pt/factchecks/fact-check-japao-aprovou-cama-que-trata-doencas-graves-com-recurso-a-frequencias-magneticas/	https://observador.pt	2026-09-14	O Japão aprovou oficialmente a tecnologia de Medbed com regeneração de frequência eletromagnética para hospitais públicos.	Fact Check. Japão aprovou cama que trata doenças graves com recurso a frequências magnéticas	Fact Check. Japão aprovou cama que trata doenças graves com recurso a frequências magnéticas		5	Errado
https://www.estadao.com.br/estadao-verifica/videos-bombardeios-eua-hospital-ira-enganoso/	https://estadao.com.br	2026-07-23	Vídeos mostram ataque dos EUA contra hospital no Irã	Vídeos não mostram bombardeios dos EUA em hospital iraniano	Vídeos não mostram bombardeios dos EUA em hospital iraniano		5	Enganoso
https://www.estadao.com.br/estadao-verifica/bolsonaro-acena-alta-hospital-enganoso-2025/	https://estadao.com.br	2026-03-30	Jair Bolsonaro sai do hospital em pé acenando para apoiadores	Vídeo em que Bolsonaro acena a apoiadores ao sair do hospital é ...	Vídeo em que Bolsonaro acena a apoiadores ao sair do hospital é ...		5	Enganoso
https://www.estadao.com.br/estadao-verifica/video-em-que-bolsonaro-circula-em-corredor-de-hospital-foi-feito-apos-cirurgia-em-2025-nao-agora/	https://estadao.com.br	2026-03-25	Vídeo mostra Bolsonaro deixando UTI do hospital	Vídeo em que Bolsonaro circula em corredor de hospital foi feito após cirurgia em 2025, não agora	Vídeo em que Bolsonaro circula em corredor de hospital foi feito após cirurgia em 2025, não agora		5	Enganoso
https://www.aosfatos.org/noticias/foto-que-mostra-bolsonaro-em-pe-e-sorridente-no-hospital-nao-e-atual/	https://aosfatos.org	2026-03-25	Esposa do médico de Jair Bolsonaro publicou foto em que ex-presidente aparece em pé e sorridente no quarto do hospital DF Star, em Brasília, após receber alta da UTI	Foto que mostra Bolsonaro em pé e sorridente no hospital não é atual	Foto que mostra Bolsonaro em pé e sorridente no hospital não é atual	1	5	falso
https://www.aosfatos.org/noticias/video-bolsonaro-caminhando-hospital-2025-nao-atual/	https://aosfatos.org	2026-03-24	Cena mostra Jair Bolsonaro caminhando após receber alta da UTI e ser transferido para um quarto no hospital DF Star, em Brasília	Vídeo que mostra Bolsonaro caminhando em corredor de hospital é de 2025, não atual	Vídeo que mostra Bolsonaro caminhando em corredor de hospital é de 2025, não atual		5	não_é_bem_assim
https://www.estadao.com.br/estadao-verifica/video-mostra-bolsonaro-uti-michelle-2023/	https://estadao.com.br	2026-03-16	Vídeo mostra Jair Bolsonaro internado atualmente na UTI de um hospital	Vídeo mostra Bolsonaro internado após atentado na campanha de 2018, e não por pneumonia	Vídeo mostra Bolsonaro internado após atentado na campanha de 2018, e não por pneumonia		5	Enganoso
https://noticias.uol.com.br/confere/ultimas-noticias/2026/04/02/enganoso-video-jair-bolsonaro-alta-hospital.ghtm	https://noticias.uol.com.br		Não tava morrendo não era para ter ido numa maca não E numa Ambulância do samu com todo Equipamento de urgência.	Vídeo de Bolsonaro saindo de hospital é de 2025, não de ...	Vídeo de Bolsonaro saindo de hospital é de 2025, não de ...	3	5	Distorcido
https://observador.pt/factchecks/fact-check-profissionais-de-saude-prestam-homenagem-ao-enfermeiro-que-foi-morto-por-agentes-do-ice/	https://observador.pt	2026-02-25	"""Profissionais de saúde de unidades de terapia intensiva prestaram homenagem a Alex Pretti, um enfermeiro de 37 anos que trabalhava na UTI do hospital de Assuntos de Veteranos em Minneapolis e que foi fatalmente assassinado por agentes federais durante uma operação em sua cidade""."	Hospital presta homenagem a enfermeiro morto a tiro por ICE	Hospital presta homenagem a enfermeiro morto a tiro por ICE		5	Enganador
https://www.aosfatos.org/noticias/nao-e-verdade-que-hospital-da-fiocruz-esta-lotado-de-casos-de-mpox/	https://aosfatos.org	2026-02-25	Hospital da Fiocruz no Rio está lotado de pacientes que contraíram Mpox no Carnaval	Não é verdade que hospital da Fiocruz está lotado de casos de Mpox	Não é verdade que hospital da Fiocruz está lotado de casos de Mpox	1	5	falso
https://checamos.afp.com/doc.afp.com.A3NK8WF	https://checamos.afp.com	2026-03-17	Vídeo mostra o estado de Bolsonaro internado em 2026	Vídeo de Bolsonaro no hospital após facada em 2018 circula ...	Vídeo de Bolsonaro no hospital após facada em 2018 circula ...		5	Enganoso
https://www.aosfatos.org/noticias/e-falso-que-hospitais-brasileiros-estejam-lotados-de-casos-de-novo-virus/	https://aosfatos.org	2026-02-11	Novo vírus está lotando hospitais pelo Brasil, a exemplo do Odilon Behrens, em Belo Horizonte	falso que hospitais brasileiros estejam lotados de casos de novo vírus	falso que hospitais brasileiros estejam lotados de casos de novo vírus	1	5	falso
https://www.estadao.com.br/estadao-verifica/e-falso-que-nova-doenca-esteja-lotando-hospitais-no-brasil/	https://estadao.com.br	2026-02-10	Uma nova doença está lotando hospitais pelo País	falso que nova doença esteja lotando hospitais no Brasil	falso que nova doença esteja lotando hospitais no Brasil	1	5	Falso
https://www.estadao.com.br/estadao-verifica/navio-hospital-chines-no-brasil-rio-atendimento-medico/	https://estadao.com.br	2026-01-15	Navio-hospital da China atendeu população com serviços médicos e odontológicos	Não há registro de que navio hospital chinês tenha oferecido atendimento médico à população no Rio	Não há registro de que navio hospital chinês tenha oferecido atendimento médico à população no Rio	1	5	Falso
https://observador.pt/factchecks/fact-check-video-mostra-jair-bolsonaro-no-hospital-depois-de-ter-desmaiado-na-prisao/	https://observador.pt	2026-01-14	Jair Messias Bolsonaro passou mal e desmaiou na cadeia. Quando chegou ao hospital, os funcionários receberam o capitão orando pela sua vida e saúde. Que o mal que está a ser praticado contra Bolsonaro volte em dobro para quem é culpado desta perseguição e tirania. Em nome de Jesus a justiça virá.	Bolsonaro reza no hospital depois de desmaiar na prisão	Bolsonaro reza no hospital depois de desmaiar na prisão		5	Errado
https://observador.pt/factchecks/fact-check-antonio-filipe-fotografado-quando-recorria-a-um-hospital-privado-para-receber-cuidados-de-saude/	https://observador.pt	2025-12-29	Que se lixe o SNS dos indigentes. Kamarada do PCP e candidato a Presidente, António Filipe, na sala de espera de cirurgia cardio-toráxica no 2 piso do Hospital da Luz, mas com vistas para o Outdoor do SNS.	Fact Check. António Filipe fotografado quando recorria a um hospital privado para receber cuidados de saúde	Fact Check. António Filipe fotografado quando recorria a um hospital privado para receber cuidados de saúde		5	Errado
https://www.aosfatos.org/noticias/e-falso-que-lula-visitou-bolsonaro-no-hospital-apos-cirurgia-do-ex-presidente/	https://aosfatos.org	2025-12-29	Lula visitou Bolsonaro em hospital após cirurgia	falso que Lula visitou Bolsonaro no hospital após cirurgia do ex ...	falso que Lula visitou Bolsonaro no hospital após cirurgia do ex ...	1	5	falso
https://observador.pt/factchecks/fact-check-fotografias-mostram-presidente-da-republica-internado-no-hospital/	https://observador.pt	2025-12-29	O problema que levou Marcelo Rebelo de Sousa ao hospital.	Fact Check. Fotografias mostram Presidente da República internado ...	Fact Check. Fotografias mostram Presidente da República internado ...		5	Errado
https://noticias.uol.com.br/confere/ultimas-noticias/2025/12/16/falso-mpox-catalunha-espanha-pandemia.htm	https://noticias.uol.com.br		Nova cepa do Mpox colapsa hospitais na Espanha na Catalunha com milhares de casos e internações em massa com superlotação de leitos. Virologista afirma que uma nova pandemia já começou	falso que mpox está colapsando hospitais da Espanha; vídeo é sobre gripe	falso que mpox está colapsando hospitais da Espanha; vídeo é sobre gripe	1	5	Falso
https://www.estadao.com.br/estadao-verifica/bolsonaro-hospital-cirurgia/	https://estadao.com.br	2025-12-16	Vídeo mostra Bolsonaro deixando hospital em 12 de dezembro após ser curado de câncer	Vídeo que mostra Bolsonaro deixando hospital é de abril, e não ...	Vídeo que mostra Bolsonaro deixando hospital é de abril, e não ...		5	Enganoso
https://www.aosfatos.org/noticias/bolsonaro-hospital-11-dezembro-2025/	https://aosfatos.org	2025-12-12	Bolsonaro passou mal na prisão e foi levado às pressas ao hospital nesta quinta 11	falso que Bolsonaro foi levado às pressas ao hospital em 11 de ...	falso que Bolsonaro foi levado às pressas ao hospital em 11 de ...	1	5	falso
https://www.estadao.com.br/estadao-verifica/mpox-pandemia-espanha-enganoso/	https://estadao.com.br	2025-12-11	Nova cepa da mpox está colapsando hospitais da Espanha; virologista disse que nova pandemia já começou	Vídeo mostra superlotação de hospital espanhol por conta de ...	Vídeo mostra superlotação de hospital espanhol por conta de ...		5	Enganoso
https://www.aosfatos.org/noticias/bolsonaro-nao-foi-para-hospital-nem-recebeu-alta-no-dia-11-de-dezembro/	https://aosfatos.org	2025-12-12	Vídeo mostra Bolsonaro recebendo alta no dia 1112 após ser hospitalizado	Bolsonaro não foi para hospital nem recebeu alta no dia 11 de ...	Bolsonaro não foi para hospital nem recebeu alta no dia 11 de ...	1	5	falso
https://checamos.afp.com/doc.afp.com.79FL7G3	https://checamos.afp.com	2025-10-20	Barroso descobre que não terá visto de volta e vai parar no hospital	Publicações compartilham manchete manipulada para enganar sobre hospitalização de Barroso em outubro de 2025	Publicações compartilham manchete manipulada para enganar sobre hospitalização de Barroso em outubro de 2025	1	5	Falso
https://www.estadao.com.br/estadao-verifica/hospital-vila-nova-star-20-casos-intoxicacao-metanol-falso/	https://estadao.com.br	2025-10-06	Hospital Vila Nova Star registrou 20 casos de intoxicação por metanol	falso que hospital Vila Nova Star tenha registrado 20 casos de ...	falso que hospital Vila Nova Star tenha registrado 20 casos de ...	1	5	Falso
https://noticias.uol.com.br/confere/ultimas-noticias/2025/10/03/falso-hospital-vila-nova-star-20-casos-intoxicacao-metanol.htm	https://noticias.uol.com.br		Hospital Vila Nova Star acaba de nos informar que já registraram perto de 20 casos de pessoas intoxicadas por metanol	Hospital Vila Nova Star não registrou casos de intoxicação por ...	Hospital Vila Nova Star não registrou casos de intoxicação por ...	1	5	Falso
https://www.aosfatos.org/noticias/hospital-sao-paulo-nao-registrou-20-casos-intoxicacao-metanol/	https://aosfatos.org	2025-10-02	Hospital Vila Nova Star, em São Paulo, registrou 20 casos de intoxicação por metanol na ingestão de bebidas adulteradas.	falso que hospital de São Paulo registrou 20 casos de intoxicação por metanol	falso que hospital de São Paulo registrou 20 casos de intoxicação por metanol	1	5	falso
https://observador.pt/factchecks/fact-check-20-pessoas-deram-entrada-em-hospital-de-sao-paulo-com-um-quadro-de-intoxicacao-por-metanol/	https://observador.pt	2025-10-24	"""Vila Nova Star acaba de nos informar que já registraram perto de 20 casos de pessoas intoxicadas por *metanol*, devido a *lotes de bebidas destiladas falsificadas"""	20 pessoas intoxicadas com metanol entram em hospital de SP	20 pessoas intoxicadas com metanol entram em hospital de SP		5	Errado
https://noticias.uol.com.br/confere/ultimas-noticias/2025/08/08/encontro-paulmccartney-phil-collins-hospital-falso.htm	https://noticias.uol.com.br		Paul McCartney foi visitar seu amigo Phil Collins no hospital que passa por problemas de saude!	Paul McCartney não visitou Phil Collins em hospital; cena foi criada ...	Paul McCartney não visitou Phil Collins em hospital; cena foi criada ...	1	5	Falso
https://observador.pt/factchecks/fact-check-paul-mccartney-faz-visita-surpresa-e-toca-para-phil-collins-no-hospital/	https://observador.pt	2025-08-07	"Paul McCartney foi visitar seu amigo Phil Collins no hospital que passa por problemas de saude! Paul levou um bouquet de margaridas olhou o amigo pela porta e disse: ""Ei amigo achei que traria um pouco de música comigo"". Paul cantou ""Yesterday"" para Phil, que ficou extremamente emocionado."	Fact Check. Paul McCartney faz visita surpresa e toca para Phil ...	Fact Check. Paul McCartney faz visita surpresa e toca para Phil ...		5	Errado
https://observador.pt/factchecks/fact-check-o-papa-francisco-escreveu-um-texto-sobre-a-definicao-catolica-do-que-e-um-hospital/	https://observador.pt	2025-06-24	Definição de Hospital segundo o Papa Francisco.O Papa Francisco sempre surpreende com suas reflexoes	Fact Check. O Papa Francisco escreveu um texto sobre a definição ...	Fact Check. O Papa Francisco escreveu um texto sobre a definição ...		5	Errado
https://observador.pt/factchecks/fact-check-donald-trump-fez-visita-secreta-a-jair-bolsonaro-no-hospital/	https://observador.pt	2025-05-26	Quase ninguém soube da visita de Donald Trump a Bolsonaro, quando estava internado no hospital. Ficaram mais de duas horas conversando.	Donald Trump visitou Bolsonaro no hospital	Donald Trump visitou Bolsonaro no hospital		5	Errado
https://projetocomprova.com.br/publica%C3%A7%C3%B5es/donald-trump-nao-visitou-bolsonaro-em-hospital-em-brasilia-ao-contrario-do-que-diz-post-viral/	https://projetocomprova.com.br	2025-05-08	Trump visita Bolsonaro no hospital secretamente	Donald Trump não visitou Bolsonaro em hospital em Brasília, ao ...	Donald Trump não visitou Bolsonaro em hospital em Brasília, ao ...	1	5	Falso: Não há registros do suposto encontro na mídia profissional, nas redes sociais de ambos os políticos ou no site da Casa Branca.
https://noticias.uol.com.br/confere/ultimas-noticias/2025/05/05/trump-nao-enviou-comissao-visita-bolsonaro-hospital.htm	https://noticias.uol.com.br		AGORA! Trump visita Bolsonaro no hospital e levanta suspeitas sobre operação de inteligência global!	Trump não enviou comitiva para visitar Bolsonaro em hospital	Trump não enviou comitiva para visitar Bolsonaro em hospital	1	5	Falso
https://noticias.uol.com.br/confere/ultimas-noticias/2024/12/17/video-lula-caminhando-hospital-nao-e-antigo.htm	https://noticias.uol.com.br		Vídeo de Lula caminhando no hospital é falso, é da época da cirurgia de quadril	Vídeo de Lula caminhando em hospital não é da cirurgia no quadril	Vídeo de Lula caminhando em hospital não é da cirurgia no quadril	1	5	Falso
https://www.aosfatos.org/noticias/video-recente-lula-hospital-nao-2023/	https://aosfatos.org	2024-12-17	Fotos que mostram Lula caminhando pelo Hospital Sírio-Libanês, em São Paulo, foram registradas em 2023	Vídeo de Lula caminhando em hospital é recente, não de 2023	Vídeo de Lula caminhando em hospital é recente, não de 2023	1	5	falso
https://www.estadao.com.br/estadao-verifica/imagem-lula-hospital-cirurgia-nao-foi-feita-2023/	https://estadao.com.br	2024-12-16	Imagem de Lula no hospital após cirurgia foi feita em 2023	falso que imagem de Lula caminhando no hospital após cirurgia ...	falso que imagem de Lula caminhando no hospital após cirurgia ...	1	5	Falso
https://www.aosfatos.org/noticias/imagem-inteligencia-artificial-bolsonaro-lula-hospital/	https://aosfatos.org	2024-12-12	Bolsonaro visitou Lula no hospital	Imagem de Bolsonaro visitando Lula no hospital foi gerada por IA	Imagem de Bolsonaro visitando Lula no hospital foi gerada por IA	1	5	falso
https://observador.pt/factchecks/fact-check-bolsonaro-fotografado-com-lula-durante-visita-a-hospital/	https://observador.pt	2024-12-27	Visita do ex-presidente Bolsonaro ao presidente Lula, que está internado!	Bolsonaro fotografado com Lula no hospital	Bolsonaro fotografado com Lula no hospital		5	Errado
https://www.estadao.com.br/estadao-verifica/sirio-libanes-certidao-obito-lula/	https://estadao.com.br	2024-12-13	Sírio-Libanês pediu emissão de certidão de óbito para Lula	falso que Hospital Sírio-Libanês tenha solicitado certidão de óbito ...	falso que Hospital Sírio-Libanês tenha solicitado certidão de óbito ...	1	5	Falso
https://www.aosfatos.org/noticias/checamos-debate-tv-cultura-prefeitura-sp/	https://aosfatos.org	2024-09-16	A questão do hospital da Cachoeirinha, os médicos desejaram e fizeram um remanejamento do atendimento.	Checamos o debate da TV Cultura entre os candidatos à Prefeitura de São Paulo	Checamos o debate da TV Cultura entre os candidatos à Prefeitura de São Paulo		5	não_é_bem_assim
https://www.aosfatos.org/noticias/checamos-roda-viva-datena/	https://aosfatos.org	2024-08-13	São Paulo tem 27 hospitais e nenhum deles tem ambulatório	No Roda Viva, Datena desinforma sobre atendimento hospitalar e ações de conscientização no trânsito em SP	No Roda Viva, Datena desinforma sobre atendimento hospitalar e ações de conscientização no trânsito em SP	1	5	falso
https://www.estadao.com.br/estadao-verifica/enganoso-nove-mortos-uti-hospital-canoas-rs/	https://estadao.com.br	2024-05-06	Nove pessoas faleceram em UTI do Hospital de Canoas durante evacuação do local	Postagens aumentam número de mortes em UTI de hospital em ...	Postagens aumentam número de mortes em UTI de hospital em ...		5	Enganoso
https://noticias.uol.com.br/confere/ultimas-noticias/2024/01/12/reportagem-de-hospital-lotado-nao-e-recente-mas-de-2013.htm	https://noticias.uol.com.br		30-12-2023: Que tristeza! Hospitais em ruínas, 30-12-2023. Valor aprovado na Rouanet é o maior em 20 anos	Reportagem de hospital lotado não é recente, mas de 2013	Reportagem de hospital lotado não é recente, mas de 2013	1	5	Falso
https://observador.pt/factchecks/fact-check-benjamin-netanyahu-foi-internado-apos-sofrer-graves-problemas-de-saude/	https://observador.pt	2024-11-28	Netanyahu, que tinha graves problemas de saúde, foi levado com urgência para um hospital em Telavive.	"Fact Check. Benjamin Netanyahu foi internado após sofrer ""graves problemas de saúde"""	"Fact Check. Benjamin Netanyahu foi internado após sofrer ""graves problemas de saúde"""		5	Errado
https://observador.pt/factchecks/fact-check-ministra-da-saude-era-administradora-do-hospital-de-santa-maria-aquando-do-caso-das-gemeas-e-foi-esse-caso-que-levou-a-renuncia/	https://observador.pt	2024-04-10	Aqui temos a nova ministra da Saúde...senhora que fazia parte da administração do Santa Maria, aquele hospital que teve o caso das gémeas luso-brasileiras...esta senhora resignou-se do cargo que tinha devido ao dito escândalo.	Fact Check. Ministra da Saúde era administradora do Hospital de Santa Maria aquando do caso das gémeas E foi esse caso que levou à renúncia	Fact Check. Ministra da Saúde era administradora do Hospital de Santa Maria aquando do caso das gémeas E foi esse caso que levou à renúncia		5	Errado
https://www.estadao.com.br/estadao-verifica/video-pai-desesperado-hospital-vacina-covid-fake/	https://estadao.com.br	2024-01-19	Criança morreu após ser vacinada contra a covid-19 na Paraíba.	Vídeo de pai desesperado em hospital é de 2019 e não tem relação ...	Vídeo de pai desesperado em hospital é de 2019 e não tem relação ...	1	5	Falso
https://observador.pt/factchecks/fact-check-bloco-de-cirurgias-do-hospital-al-shifa-destruido-por-bombardeamento-israelita/	https://observador.pt	2023-12-22	Exército de Israel fez explodir cave em edifício do hospital Al-Shifa.	Fact Check. Bloco de cirurgias do hospital Al-Shifa destruído por bombardeamento israelita	Fact Check. Bloco de cirurgias do hospital Al-Shifa destruído por bombardeamento israelita		5	Errado
https://noticias.uol.com.br/confere/ultimas-noticias/2023/12/15/video-com-apelo-de-esposa-de-roberto-jefferson-e-antigo-ele-esta-internado.htm	https://noticias.uol.com.br		Esposa de Roberto Jefferson faz apelo para que marido seja transferido para hospital particular	Vídeo com apelo de esposa de Roberto Jefferson é antigo; ele está internado	Vídeo com apelo de esposa de Roberto Jefferson é antigo; ele está internado	1	5	Falso
https://www.aosfatos.org/noticias/registro-tiroteio-egito-circula-invasao-hospital-gaza/	https://aosfatos.org	2023-11-16	Vídeo mostra invasão de Israel em hospital na Faixa de Gaza	Registro de tiroteio no Egito circula como se mostrasse invasão a ...	Registro de tiroteio no Egito circula como se mostrasse invasão a ...	1	5	falso
https://noticias.uol.com.br/comprova/ultimas-noticias/2020/06/05/hospitais-nao-estao-provocando-a-morte-de-pacientes.htm	https://noticias.uol.com.br	2020-06-06	Vídeo que circula nas redes sociais afirmando que hospitais estariam provocando a morte de pessoas com outras doenças para poder registrá-las com covid-19 tem informações enganosas com o objetivo de desacreditar a gravidade da pandemia do novo coronavírus	Hospitais não estão 'provocando a morte' de pacientes	Hospitais não estão 'provocando a morte' de pacientes	1	5	Falso
https://checamos.afp.com/havia-407-pacientes-no-hospital-de-campanha-do-anhembi-na-data-do-video-segundo-governo-de-sp	https://checamos.afp.com	2021-05-06	Vídeo de deputada mostra o Hospital de Campanha do Anhembi para pacientes com covid-19 vazio	Havia 407 pacientes no Hospital de Campanha do Anhembi na data ...	Havia 407 pacientes no Hospital de Campanha do Anhembi na data ...	1	5	Falso
https://observador.pt/factchecks/fact-check-adolescente-canadiana-sofreu-paragem-cardiaca-depois-de-ser-vacinada-contra-a-covid-19/	https://observador.pt	2021-11-30	"""A minha filha acabou de me contactar da escola. ... Uma das suas amigas está nos cuidados intensivos no hospital aqui em Halifax porque o seu coração parou depois de ela ter tomado a vacina. ... Ela tem 13 anos! Há crianças e adultos a morrer em todo o mundo por causa desta vacina."""	Fact Check. Adolescente canadiana sofreu paragem cardíaca depois de ser vacinada contra a Covid-19	Fact Check. Adolescente canadiana sofreu paragem cardíaca depois de ser vacinada contra a Covid-19		5	Errado
https://observador.pt/factchecks/fact-check-privados-queriam-cobrar-13-mil-euros-por-cada-doente-covid-19-como-diz-catarina-martins/	https://observador.pt	2021-05-22	A gestão do SNS tem favorecido os hospitais privados, os que queriam cobrar 13 mil euros por cada doente Covid.	"Fact Check. ""Privados queriam cobrar 13 mil euros por cada doente Covid-19"", como diz Catarina Martins"	"Fact Check. ""Privados queriam cobrar 13 mil euros por cada doente Covid-19"", como diz Catarina Martins"		5	Enganador
https://projetocomprova.com.br/publica%C3%A7%C3%B5es/orcamento-do-governo-para-hospitais-nao-foi-desviado-para-projetos-culturais/	https://projetocomprova.com.br	2020-04-07	Falta de dinheiro para os hospitais brasileiros é porque quase R$ 60 milhões foram desviados para a cultura	Orçamento do governo para hospitais não foi desviado para projetos culturais	Orçamento do governo para hospitais não foi desviado para projetos culturais	1	5	FALSO: O Comprova conferiu a situação de 14 projetos culturais, mencionados em um post no Facebook, que estariam habilitados para captar recursos pela Lei Rouanet. Dois deles não existem e outros oito não conseguiram captar os recursos necessários e foram arquivados. O Comprova não encontrou indícios de que os valores foram retirados do orçamento da Saúde como sugere a publicação
https://observador.pt/factchecks/fact-check-lista-de-conselhos-clinicos-para-fortalecer-o-sistema-e-eliminar-o-virus-tem-sustentacao-cientifica/	https://observador.pt	2021-02-28	"""Conselhos dos hospitais de isolamento para ficar em casa"""	"Fact Check. Lista de conselhos clínicos para ""fortalecer o sistema"" e ""eliminar o vírus"" tem sustentação científica"	"Fact Check. Lista de conselhos clínicos para ""fortalecer o sistema"" e ""eliminar o vírus"" tem sustentação científica"		5	Errado
https://www.aosfatos.org/noticias/teste-de-prender-respiracao-nao-indica-se-alguem-tem-covid-19/	https://aosfatos.org	2020-09-08	Teste de Hospital Ananta: se você conseguir prender a respiração, está livre de Covid-19.	Teste de prender respiração não indica se alguém tem Covid-19	Teste de prender respiração não indica se alguém tem Covid-19	1	5	falso
https://noticias.uol.com.br/confere/ultimas-noticias/2023/04/23/corrente-falsa-no-whatsapp-diz-que-erva-doce-e-usada-para-produzir-tamiflu.htm	https://noticias.uol.com.br	2023-04-23	Um infectologista do Hospital São Domingos, recomenda tomar de 12 em 12 horas o chá de erva-doce, pois ele mata o vírus da influenza	Corrente falsa diz que erva-doce é usada para produzir Tamiflu	Corrente falsa diz que erva-doce é usada para produzir Tamiflu	1	5	Falso
https://observador.pt/factchecks/fact-check-autor-de-ataque-a-creche-no-brasil-pode-ser-libertado-em-menos-de-um-ano/	https://observador.pt	2023-04-26	"""Se a proposta de lei for aprovada, pessoas com distúrbios mentais podem ser libertadas depois de 12 meses internadas em hospitais psiquiátricos"""	Fact Check. Autor de ataque a creche no Brasil pode ser libertado em menos de um ano	Fact Check. Autor de ataque a creche no Brasil pode ser libertado em menos de um ano		5	Errado
https://observador.pt/factchecks/fact-check-cerimonia-de-abertura-dos-jogos-olimpicos-de-londres-previu-a-pandemia/	https://observador.pt	2021-08-13	"""Lembra-se dos Jogos Olímpicos de 2012 com a figura negra gigante e as camas de hospital Faz um pouco mais de sentido agora..."""	Fact Check. Cerimónia de abertura dos Jogos Olímpicos de Londres previu a pandemia	Fact Check. Cerimónia de abertura dos Jogos Olímpicos de Londres previu a pandemia		5	Errado
https://checamos.afp.com/estes-recursos-nao-foram-desviados-de-hospitais-sao-valores-da-lei-rouanet-muitos-nao-captados	https://checamos.afp.com	2021-01-27	Estes recursos foram desviados de hospitais para produzir projetos culturais	Estes recursos não foram desviados de hospitais: são valores da lei Rouanet, muitos não captados	Estes recursos não foram desviados de hospitais: são valores da lei Rouanet, muitos não captados	1	5	Falso
https://www.aosfatos.org/noticias/e-falso-que-estados-recebem-verba-federal-cada-obito-registrado-por-covid-19/	https://aosfatos.org	2020-05-19	Estados recebem R$ 16.450,00 para cada óbito pela Covid-19 registrado em hospital.	falso que estados recebem verba federal a cada óbito registrado por Covid-19	falso que estados recebem verba federal a cada óbito registrado por Covid-19	1	5	falso
https://www.aosfatos.org/noticias/lula-nao-foi-diagnosticado-com-covid-19-nem-fez-teste-no-hospital-adventista/	https://aosfatos.org	2020-08-06	Lula está com coronavírus confirmado pelo Hospital Adventista	Lula não foi diagnosticado com Covid-19 nem fez teste no Hospital Adventista	Lula não foi diagnosticado com Covid-19 nem fez teste no Hospital Adventista	1	5	falso
https://eleicoes.apublica.org/2018/2018/10/ha-dez-hospitais-regionais-sem-previsao-de-entrega-em-minas-gerais/	https://eleicoes.apublica.org	2018-10-01	Atualmente, Minas Gerais possui cerca de nove hospitais regionais com obras paradas e sem previsão de término	Há dez hospitais regionais sem previsão de entrega em Minas Gerais - Truco2018	Há dez hospitais regionais sem previsão de entrega em Minas Gerais - Truco2018	5	5	Verdadeiro
https://checamos.afp.com/cristiano-ronaldo-nao-anunciou-plano-de-transformar-hoteis-em-hospitais-para-pacientes-do-novo	https://checamos.afp.com	2020-03-17	O jogador de futebol Cristiano Ronaldo irá transformar seus hoteis em hospitais para pacientes do novo coronavírus	Cristiano Ronaldo não anunciou plano de transformar hotéis em hospitais para pacientes do novo coronavírus	Cristiano Ronaldo não anunciou plano de transformar hotéis em hospitais para pacientes do novo coronavírus	1	5	Falso
https://observador.pt/factchecks/fact-checks-uso-de-ventiladores-explica-maioria-das-mortes-de-doentes-com-covid-19/	https://observador.pt	2023-05-30	"""Quase todos os pacientes com Covid-19 que morreram no hospital durante a fase inicial da pandemia foram mortos como resultado direto de serem colocados com um ventilador, concluiu um novo relatório perturbador."""	Fact Checks. Uso de ventiladores explica maioria das mortes de doentes com Covid-19	Fact Checks. Uso de ventiladores explica maioria das mortes de doentes com Covid-19		5	Errado
https://checamos.afp.com/doc.afp.com.9LP2E9	https://checamos.afp.com	2021-08-26	Pessoas atendidas no chão de hospitais em 2013 quando Lula era presidente	"enganoso que as fotos de pessoas ""atendidas no chão"" em hospitais tenham sido tiradas em 2013"	"enganoso que as fotos de pessoas ""atendidas no chão"" em hospitais tenham sido tiradas em 2013"		5	Enganoso
https://noticias.uol.com.br/confere/ultimas-noticias/2022/04/19/tenda-do-pacaembu-nao-sera-hospital-de-campanha-equipamento-recebera-shows.htm	https://noticias.uol.com.br	2022-04-19	Tenda no estádio do Pacaembu será hospital de campanha	Tenda no Pacaembu não é hospital de campanha; local receberá shows	Tenda no Pacaembu não é hospital de campanha; local receberá shows	1	5	Falso
https://checamos.afp.com/o-video-de-leitos-vazios-e-de-um-hospital-que-tinha-internados-por-covid-19-em-outras-utis-no-dia	https://checamos.afp.com	2021-04-27	Vídeo de leitos de covid-19 vazios em hospital mostra a realidade da pandemia de coronavírus no Brasil	O vídeo de leitos vazios é de um hospital que tinha internados por covid-19 em outras UTIs no dia	O vídeo de leitos vazios é de um hospital que tinha internados por covid-19 em outras UTIs no dia		5	Enganoso
https://www.aosfatos.org/noticias/homem-foi-encontrado-vivo-em-saco-funerario-na-bahia-em-2014-nao-recentemente/	https://aosfatos.org	2020-05-29	Homem declarado morto em meio à pandemia da Covid-19 em hospital é retirado vivo de saco fúnebre	Homem foi encontrado vivo em saco funerário na Bahia em 2014, não recentemente	Homem foi encontrado vivo em saco funerário na Bahia em 2014, não recentemente	1	5	falso
https://checamos.afp.com/doc.afp.com.32GR7RV	https://checamos.afp.com	2022-08-19	Diretor do Hospital das Clínicas faz recomendações acerca da nova gripe	Mensagem com recomendações contra nova gripe não foi escrita por um diretor do HC	Mensagem com recomendações contra nova gripe não foi escrita por um diretor do HC	1	5	Falso
https://www.aosfatos.org/noticias/video-nao-mostra-vigilia-de-bolsonaristas-em-frente-ao-hospital-vila-nova-star/	https://aosfatos.org	2021-07-19	Vídeo mostra manifestação pró-Bolsonaro em frente ao Hospital Vila Nova Star	Vídeo não mostra vigília de bolsonaristas em frente ao Hospital Vila Nova Star	Vídeo não mostra vigília de bolsonaristas em frente ao Hospital Vila Nova Star	1	5	falso
https://checamos.afp.com/equipe-deste-hospital-nao-comemorava-o-fim-da-pandemia-em-israel-mas-uma-festa-religiosa	https://checamos.afp.com	2020-07-16	"Funcionários de hospital comemoram após Israel ""zerar"" os pacientes do novo coronavírus"	A equipe deste hospital não comemorava o fim da pandemia em Israel, mas uma festa religiosa	A equipe deste hospital não comemorava o fim da pandemia em Israel, mas uma festa religiosa	1	5	Falso
https://www.aosfatos.org/noticias/e-falso-que-israel-conseguiu-combater-o-coronavirus-isolando-apenas-idosos/	https://aosfatos.org	2020-03-26	Israel tem a melhor situação do mundo 1700 casos e 1 morte!!! Sem isolamento para os jovens. Não lotou hospitais, UTIs etc Isolou idosos e o grupo de risco, enfrentou o vírus Sem prejudicar a economia do país. Agora já no Brasil, país do Tupiniquim e o povo sendo comovido e manipulado pela Globo Os estragos serão catastróficos.	falso que Israel conseguiu combater o coronavírus isolando apenas idosos	falso que Israel conseguiu combater o coronavírus isolando apenas idosos	1	5	falso
https://www.aosfatos.org/noticias/foto-que-mostra-jair-e-carlos-bolsonaro-em-quarto-de-hospital-e-de-2019-nao-atual/	https://aosfatos.org	2021-07-16	Foto atual de Jair Bolsonaro no hospital com o filho Carlos	Foto que mostra Jair e Carlos Bolsonaro em quarto de hospital é de 2019, não atual	Foto que mostra Jair e Carlos Bolsonaro em quarto de hospital é de 2019, não atual	1	5	falso
https://observador.pt/factchecks/fact-check-o-caos-que-se-vive-nos-hospitais-nao-e-de-agora-e-mantem-se-ha-anos/	https://observador.pt	2021-01-27	A verdade sobre o caos no hospital ...não é de agora! A memória é que é curta... A situação actual é muito grave, mas é resultante da má preparação estrutural que se mantém há anos! Infelizmente...O que é claro é que não é preciso uma pandemia para 'o caldo se entornar'...Não se deixem enganar	Fact Check. O caos que se vive nos hospitais não é de agora e mantém-se há anos	Fact Check. O caos que se vive nos hospitais não é de agora e mantém-se há anos		5	Enganador
https://observador.pt/factchecks/ha-um-homem-sem-memoria-a-precisar-de-ajuda-num-hospital-em-guimaraes/	https://observador.pt	2019-05-31	"""Pedido de ajuda urgente! Este homem deu entrada hoje no Hospital Beatriz ngelo em Guimarães sem qualquer tipo de identificação e com aparente perda de memória. Partilhem para que possamos encontrar a família!"	Há um homem sem memória a precisar de ajuda num hospital em Guimarães	Há um homem sem memória a precisar de ajuda num hospital em Guimarães		5	Errado
https://observador.pt/factchecks/fact-check-negar-direito-a-acompanhante-no-acesso-aos-servicos-de-saude-e-completamente-ilegal/	https://observador.pt	2021-11-26	"""Algo que se tem passado diariamente nos hospitais do SNS e que passa pela restrição à entrada do acompanhante do utente do SNS, nomeadamente nos serviços de urgência. Tal é completamente ilegal"""	"Fact Check. Negar direito a acompanhante no acesso aos serviços de saúde é ""completamente ilegal"""	"Fact Check. Negar direito a acompanhante no acesso aos serviços de saúde é ""completamente ilegal"""		5	Errado
https://www.aosfatos.org/noticias/o-que-e-e-o-que-nao-e-fato-no-discurso-de-bolsonaro-na-abertura-da-assembleia-geral-da-onu/	https://aosfatos.org	2020-09-22	Não faltaram, nos hospitais, os meios para atender aos pacientes de covid	O que é e o que não é fato no discurso de Bolsonaro na abertura da Assembleia Geral da ONU	O que é e o que não é fato no discurso de Bolsonaro na abertura da Assembleia Geral da ONU	1	5	falso
https://noticias.uol.com.br/comprova/ultimas-noticias/2020/07/17/texto-engana-ao-dizer-que-cloroquina-cura-987-dos-pacientes-com-covid-19.htm	https://noticias.uol.com.br	2020-07-17	Conteúdo verificado: Post do site Sappno afirma que estudo provou que o uso de cloroquina e azitromicina é responsável pela cura de 98,7% dos pacientes com covid-19 em um hospital francês	Texto engana ao dizer que cloroquina cura 98,7% dos pacientes com covid-19	Texto engana ao dizer que cloroquina cura 98,7% dos pacientes com covid-19	1	5	Falso
https://checamos.afp.com/comemoracao-nao-foi-filmada-no-hospital-de-messejana-que-ainda-atende-casos-de-covid-19	https://checamos.afp.com	2020-07-21	"Vídeo mostra comemoração após o Hospital de Messejana fechar a ala de COVID-19 por ""falta de pacientes"""	Comemoração não foi filmada no Hospital de Messejana, que ainda atende casos de COVID-19	Comemoração não foi filmada no Hospital de Messejana, que ainda atende casos de COVID-19	1	5	Falso
https://observador.pt/factchecks/fact-check-ator-jamie-foxx-hospitalizado-depois-de-sofrer-avc-devido-a-toma-da-vacina-contra-a-covid-19/	https://observador.pt	2023-06-26	"""Jamie Foxx foi parar ao hospital depois de ter sido vacinado contra a Covid-19"""	Fact Check. Ator Jamie Foxx hospitalizado depois de sofrer AVC devido à toma da vacina contra a Covid-19	Fact Check. Ator Jamie Foxx hospitalizado depois de sofrer AVC devido à toma da vacina contra a Covid-19		5	Errado
https://projetocomprova.com.br/publica%C3%A7%C3%B5es/hospital-nega-que-tenha-tratado-o-primo-antonio-carlos/	https://projetocomprova.com.br	2020-04-09	Hospital Unimed-Rio cura covid-19 do paciente Antônio Carlos,67, com cloroquina	"Hospital nega que tenha tratado o ""primo Antonio Carlos"""	"Hospital nega que tenha tratado o ""primo Antonio Carlos"""	1	5	FALSO: Hospital Unimed-Rio nega que tenha atendido paciente chamado Antonio Carlos, de 67 anos, curado da covid-19 com cloroquina, características descritas em um tuíte que viralizou.
https://observador.pt/factchecks/fact-check-privados-queriam-cobrar-13-mil-euros-por-cada-doente-com-covid-19-como-diz-marisa-matias/	https://observador.pt	2021-01-13	"""Quando começou a pandemia, os [hospitais] privados queriam cobrar 13 mil euros por cada doente com Covid-19"""	"Fact Check. ""Privados queriam cobrar 13 mil euros por cada doente com Covid-19"", como diz Marisa Matias"	"Fact Check. ""Privados queriam cobrar 13 mil euros por cada doente com Covid-19"", como diz Marisa Matias"		5	Enganador
https://www.aosfatos.org/noticias/e-falso-que-hospitais-franceses-usaram-manequins-para-fingir-que-estao-lotados-de-pacientes-com-covid-19/	https://aosfatos.org	2021-12-17	Hospitais da França usam manequins para simular que leitos estão ocupados com vítimas de Covid-19	falso que hospitais franceses usaram manequins para fingir que estão lotados de pacientes com Covid-19	falso que hospitais franceses usaram manequins para fingir que estão lotados de pacientes com Covid-19	1	5	falso
https://noticias.uol.com.br/confere/ultimas-noticias/2023/09/15/doador-faustao-checagem.htm	https://noticias.uol.com.br	2023-09-11	Hospital matou pedreiro para Faustão receber coração	Vídeo sugere que doador foi morto para Faustão receber coração	Vídeo sugere que doador foi morto para Faustão receber coração	3	5	Distorcido
https://observador.pt/factchecks/fact-check-droga-em-forma-de-doces-distribuida-nas-escolas/	https://observador.pt	2019-08-12	"""Novo problema nas escolas em forma de doces ... Cheira a morango e está a ser entregue às crianças nas escolas ... as crianças ingerem pensando que é doce e podem ser levadas para o hospital em estado grave"""	Fact Check. Droga em forma de doces distribuída nas escolas	Fact Check. Droga em forma de doces distribuída nas escolas		5	Errado
https://www.aosfatos.org/noticias/e-falso-que-o-hospital-central-da-pm-no-rio-tem-apenas-um-paciente-com-covid-19/	https://aosfatos.org	2020-05-20	Hospital Central da PM no Rio tem apenas um paciente com Covid-19	falso que o Hospital Central da PM no Rio tem apenas um paciente com Covid-19	falso que o Hospital Central da PM no Rio tem apenas um paciente com Covid-19	1	5	falso
https://observador.pt/factchecks/fact-check-pan-e-contra-a-criminalizacao-do-abandono-de-idosos-nos-hospitais-como-diz-francisco-rodrigues-dos-santos/	https://observador.pt	2022-01-05	"""O PAN é contra a criminalização do abandono de idosos nos hospitais mas defende a criminalização do abandono de animais de companhia"""	Fact Check. PAN é contra a criminalização do abandono de idosos nos hospitais, como diz Francisco Rodrigues dos Santos	Fact Check. PAN é contra a criminalização do abandono de idosos nos hospitais, como diz Francisco Rodrigues dos Santos		5	Errado
https://observador.pt/factchecks/fact-check-cristiano-ronaldo-vai-transformar-os-seus-hoteis-em-hospitais/	https://observador.pt	2020-03-15	"""Os hotéis de Cristiano Ronaldo vão tornar-se hospitais a partir da próxima semana, onde pessoas com coronavírus em Portugal poderão ser tratadas de forma totalmente gratuita."""	Fact Check. Cristiano Ronaldo vai transformar os seus hotéis em hospitais	Fact Check. Cristiano Ronaldo vai transformar os seus hotéis em hospitais		5	Errado
https://checamos.afp.com/materia-sobre-queda-em-atendimento-e-anterior-pedido-de-bolsonaro-para-filmar-hospitais	https://checamos.afp.com	2020-06-18	Reportagem sobre queda na procura por atendimento em hospitais foi exibida após Bolsonaro pedir que apoiadores filmem coronavírus COVID-19	A matéria sobre queda em atendimento é anterior a pedido de Bolsonaro para filmar hospitais	A matéria sobre queda em atendimento é anterior a pedido de Bolsonaro para filmar hospitais	1	5	Falso
https://observador.pt/factchecks/fact-check-hospital-de-portimao-ficou-sem-luvas/	https://observador.pt	2020-05-13	NO H LUVAS NO HOSPITALFAZ FALTA QUEM OFEREA!Os donativos devem ser entregues na portaria do hospital ao cuidado do responsável pela recolha de donativos, o Sr. Enfermeiro Supervisor Arsénio Gregório!	Fact Check. Hospital de Portimão ficou sem luvas	Fact Check. Hospital de Portimão ficou sem luvas		5	Errado
https://checamos.afp.com/doc.afp.com.9FD93F	https://checamos.afp.com	2021-07-19	O povo na frente do hospital onde presidente Jair Bolsonaro foi internado	A multidão cantando o hino não estava onde Bolsonaro foi internado, o vídeo é de maio de 2021	A multidão cantando o hino não estava onde Bolsonaro foi internado, o vídeo é de maio de 2021	1	5	Falso
https://observador.pt/factchecks/fact-check-presidente-do-governo-da-madeira-quer-vender-hospital-cinco-anos-depois-de-ter-prometido-nao-o-fazer/	https://observador.pt	2023-03-21	"""Albuquerque o Mentiroso, em 2018 os hospitais não são para vender, em 2023 vamos lá vender hospitais!"""	Fact Check. Presidente do Governo da Madeira quer vender hospital cinco anos depois de ter prometido não o fazer	Fact Check. Presidente do Governo da Madeira quer vender hospital cinco anos depois de ter prometido não o fazer		5	Enganador
https://www.aosfatos.org/noticias/falso-internacao-ficha-suja-lula/	https://aosfatos.org	2022-11-11	Lula está internado em estado grave no hospital Sírio-Libanês	Internação, ficha suja, chacota internacional: mentiras virais sobre Lula na 1 semana da transição	Internação, ficha suja, chacota internacional: mentiras virais sobre Lula na 1 semana da transição	1	5	falso
https://eleicoes.apublica.org/2018/2018/08/lacerda-construiu-um-hospital-mas-inaugurou-apenas-parte-dos-leitos-prometidos/	https://eleicoes.apublica.org	2018-08-17	Construímos um hospital de 450 leitos	Lacerda construiu um hospital, mas inaugurou apenas parte dos leitos prometidos - Truco2018	Lacerda construiu um hospital, mas inaugurou apenas parte dos leitos prometidos - Truco2018	3	5	Sem contexto
https://checamos.afp.com/foto-de-evacuacao-de-hospital-apos-incendio-em-2010-viraliza-fora-de-contexto	https://checamos.afp.com	2021-01-04	Pacientes atendidos no chão do hospital em 2013, quando Lula era presidente e não havia coronavírus	Foto de evacuação de hospital após incêndio em 2010 viraliza fora de contexto	Foto de evacuação de hospital após incêndio em 2010 viraliza fora de contexto		5	Enganoso
https://www.aosfatos.org/noticias/e-falso-que-hospital-em-fortaleza-fechou-ala-de-covid-19-por-falta-de-pacientes/	https://aosfatos.org	2020-06-24	Hospital de Messejana Fortaleza fecha ala de COVID 19 por falta de pacientes!	falso que hospital em Fortaleza fechou ala de Covid-19 por falta de pacientes	falso que hospital em Fortaleza fechou ala de Covid-19 por falta de pacientes	1	5	falso
https://observador.pt/factchecks/fact-check-mariana-mortagua-criticou-maior-preocupacao-com-idosos-do-que-com-presos/	https://observador.pt	2020-09-17	"""Toda a proteção e preocupação para com os idosos e não vejo a mesma preocupação para com os presos que vivem em condições degradantes. Se necessário for deve o Estado nacionalizar um hospital ou dois privados para tratar com dignidade estas pessoas a quem foi retirada a sua liberdade"""	Fact Check. Mariana Mortágua criticou maior preocupação com idosos do que com presos	Fact Check. Mariana Mortágua criticou maior preocupação com idosos do que com presos		5	Errado
https://observador.pt/factchecks/fact-check-morreu-mesmo-uma-pessoa-com-covid-19-em-portugal/	https://observador.pt	2020-03-13	Embora a Sra Diretora Geral de Saúde e Sra. Ministra da Saúde tenham desmentido a primeira morte por Covid19 em Portugal, tal como avançado pelo Porto Canal durante o dia de hoje, estará mesmo confirmada a primeira morte que terá ocorrido no Hospital de Lisboa.	Fact Check. Morreu mesmo uma pessoa com Covid-19 em Portugal	Fact Check. Morreu mesmo uma pessoa com Covid-19 em Portugal		5	Errado
https://noticias.uol.com.br/comprova/ultimas-noticias/2020/04/08/dinheiro-do-governo-para-hospitais-nao-foi-desviado-para-projetos-culturais.htm	https://noticias.uol.com.br	2020-04-08	Orçamento de hospitais foi desviado para projetos culturais	Dinheiro do governo para hospitais não foi desviado para projetos culturais	Dinheiro do governo para hospitais não foi desviado para projetos culturais	1	5	Falso
https://noticias.uol.com.br/confere/ultimas-noticias/2023/04/21/homem-foi-preso-por-abuso-de-bebe-no-ma-e-nao-por-atacar-hospital-no-es.htm	https://noticias.uol.com.br	2023-04-21	Urgente! Polícia impede tragédia. Urgente, maluco ia matar várias crianças no Hospital Santa Rita em Vitória, mas a polícia chegou antes e fez um ótimo trabalho	Homem foi preso por abuso de bebê no MA e não por ataque no ES	Homem foi preso por abuso de bebê no MA e não por ataque no ES	1	5	Falso
https://checamos.afp.com/imagens-de-dezenas-de-sacos-para-cadaveres-foram-gravadas-no-equador-nao-em-nova-york	https://checamos.afp.com	2020-04-16	Este vídeo mostra corpos de vítimas do novo coronavírus no chão de um hospital em Nova York	Imagens de dezenas de sacos para cadáveres foram gravadas no Equador, não em Nova York	Imagens de dezenas de sacos para cadáveres foram gravadas no Equador, não em Nova York	1	5	Falso
https://eleicoes.apublica.org/2018/2018/08/arruda-exagera-ao-falar-de-hospital-atrasado-do-governo-do-parana/	https://eleicoes.apublica.org	2018-08-15	João Arruda diz que Hospital de Telêmaco Borba ficou fechado mesmo 95% pronto	Arruda exagera ao falar de hospital atrasado do governo do Paraná - Truco2018	Arruda exagera ao falar de hospital atrasado do governo do Paraná - Truco2018	3	5	Exagerado
https://noticias.uol.com.br/confere/ultimas-noticias/2022/11/17/subvariante-omicron-mortal-falso.htm	https://noticias.uol.com.br	2022-11-17	Hospital Pedro Ernesto divulga alerta sobre subvariante XBB	Hospital Pedro Ernesto não emitiu alerta sobre subvariante da ômicron	Hospital Pedro Ernesto não emitiu alerta sobre subvariante da ômicron	1	5	Falso
https://www.aosfatos.org/noticias/reforma-no-hospital-do-fundao-foi-custeada-por-doacoes-nao-pelo-governo-bolsonaro/	https://aosfatos.org	2021-07-30	Bolsonaro reformou Hospital do Fundão no RJ	Reforma no Hospital do Fundão foi custeada por doações, não pelo governo Bolsonaro	Reforma no Hospital do Fundão foi custeada por doações, não pelo governo Bolsonaro	1	5	falso
https://www.aosfatos.org/noticias/morte-de-borracheiro-nao-consta-de-dados-oficiais-de-letalidade-pelo-novo-coronavirus/	https://aosfatos.org	2020-03-29	Este senhor era borracheiro é foi morto por acidente de trabalho... Um pneu de carreta estouro ferindo gravemente o Samu levou para o Hospital Maria Lucinda onde chegou a falecer...os médicos foram obrigados a atestar morte por convid-19	Morte de 'borracheiro' não consta de dados oficiais de letalidade pelo novo coronavírus	Morte de 'borracheiro' não consta de dados oficiais de letalidade pelo novo coronavírus	1	5	falso
https://www.aosfatos.org/noticias/e-falso-que-hospitais-recebem-r-18-mil-para-cada-registro-de-obito-com-suspeita-de-covid-19/	https://aosfatos.org	2020-06-25	Hospitais ganham R$ 18 mil para cada atestado de óbito com suspeita de Covid-19	falso que hospitais recebem R$ 18 mil para cada registro de óbito com suspeita de Covid-19	falso que hospitais recebem R$ 18 mil para cada registro de óbito com suspeita de Covid-19	1	5	falso
https://www.aosfatos.org/noticias/e-falso-que-hospital-de-campanha-da-unicamp-foi-desmontado-por-falta-de-pacientes/	https://aosfatos.org	2020-05-12	Hospital de Campanha da Unicamp foi fechado por falta de pacientes.	falso que hospital de campanha da Unicamp foi desmontado por falta de pacientes	falso que hospital de campanha da Unicamp foi desmontado por falta de pacientes	1	5	falso
https://eleicoes.apublica.org/2018/2018/09/hospital-municipal-de-breves-nao-fechou-apos-chegada-de-hospital-regional/	https://eleicoes.apublica.org	2018-09-26	Em muitos casos, como em Breves, por exemplo, você inaugura um hospital regional e o hospital municipal é fechado.	Hospital Municipal de Breves não fechou após chegada de hospital regional - Truco2018	Hospital Municipal de Breves não fechou após chegada de hospital regional - Truco2018	1	5	Falso
https://www.estadao.com.br/estadao-verifica/video-alegacoes-falsas-enganosas-vacina-covid-19/	https://estadao.com.br	2023-02-27	Hospital das Clínicas da Universidade de São Paulo USP em Ribeirão Preto possui ala apenas para tratar sequelas provocadas pelos imunizantes.	Não, USP não tem ala exclusiva para tratar pacientes com reações às vacinas de covid	Não, USP não tem ala exclusiva para tratar pacientes com reações às vacinas de covid		5	Enganoso
https://www.aosfatos.org/noticias/nao-e-possivel-afirmar-que-pacientes-foram-curados-por-cloroquina-ou-corticoides-no-piaui/	https://aosfatos.org	2020-05-15	Avanço: Hospital no Piauí cura pessoas da covid-19 e esvazia UTIs com uso de cloroquina	Não é possível afirmar que pacientes foram curados por cloroquina ou corticoides no Piauí	Não é possível afirmar que pacientes foram curados por cloroquina ou corticoides no Piauí	3	5	distorcido
https://projetocomprova.com.br/publica%C3%A7%C3%B5es/nem-todos-pacientes-de-covid-19-de-hospital-do-piaui-receberam-alta-apos-tratamento-com-cloroquina/	https://projetocomprova.com.br	2020-05-14	Hospital no Piauí cura pessoas da covid-19 e esvazia UTIs com uso de cloroquina	Nem todos pacientes de covid-19 de hospital do Piauí receberam alta após tratamento com cloroquina	Nem todos pacientes de covid-19 de hospital do Piauí receberam alta após tratamento com cloroquina		5	Enganoso: Textos omitem que ainda há pacientes em tratamento domiciliar e também em leitos ambulatoriais no hospital e o próprio médico que aparece no vídeo diz que as informações foram distorcidas. Além disso, não existe nenhum registro científico ou comparativo de que a melhora clínica dos pacientes foi exclusivamente por conta das medicações
https://www.aosfatos.org/noticias/video-nao-mostra-apoio-a-bolsonaro-na-saida-de-hospital-em-sao-paulo/	https://aosfatos.org	2022-01-06	Manifestação de apoio a Jair Bolsonaro na porta do hospital em São Paulo	Vídeo não mostra apoio a Bolsonaro na saída de hospital em São Paulo	Vídeo não mostra apoio a Bolsonaro na saída de hospital em São Paulo	1	5	falso
https://observador.pt/factchecks/fact-check-diretor-de-hospital-de-sao-paulo-deu-recomendacoes-para-combater-nova-gripe/	https://observador.pt	2022-08-24	"""Diretor do Hospitais das Clínicas preocupado com a nova gripe faz recomendações"" como ""começar a tomar a vitamina C urgente"", ""lavar as mãos muitas vezes ao dia"" ou ""comer fígado de boi""."	Fact Check. Diretor de hospital de São Paulo deu recomendações para combater nova gripe	Fact Check. Diretor de hospital de São Paulo deu recomendações para combater nova gripe		5	Errado
https://projetocomprova.com.br/publica%C3%A7%C3%B5es/e-falso-que-policia-tenha-prendido-enfermeiro-impostor-em-hospital-onde-bolsonaro-foi-internado/	https://projetocomprova.com.br	2021-07-19	Policia Civil de SP prendeu um falso enfermeiro dentro do Vila Nova Star onde o presidente Jair Bolsonaro está internado. Joilton Batista Silverio foi detido pela segurança do hospital já dentro no andar onde Bolsonaro se recupera da obstrução intestinal. Ele tem passagem na polícia por tentativa de homicídio e é filiado ao PCdoB.	falso que polícia tenha prendido enfermeiro impostor em hospital onde Bolsonaro foi internado	falso que polícia tenha prendido enfermeiro impostor em hospital onde Bolsonaro foi internado	1	5	FALSO: A imagem utilizada foi feita em abril de 2021, em Manaus, e a prisão em São Paulo foi desmentida pela Polícia Civil.
https://checamos.afp.com/doc.afp.com.9WZ7VG	https://checamos.afp.com	2022-01-24	Vídeo de pai, marido desesperado, pois perdeu a sua esposa e o bebê em hospital de Manaus em 2022	O vídeo de um pai desesperado em uma maternidade de Manaus é de 2019	O vídeo de um pai desesperado em uma maternidade de Manaus é de 2019	1	5	Falso
https://www.aosfatos.org/noticias/video-que-mostra-leitos-de-covid-19-vazios-foi-gravado-em-hospital-do-rn-nao-do-rj/	https://aosfatos.org	2021-07-23	Vídeo mostra leitos de Covid-19 vazios no Hospital São Lucas, em Copacabana	Vídeo que mostra leitos de Covid-19 vazios foi gravado em hospital do RN, não do RJ	Vídeo que mostra leitos de Covid-19 vazios foi gravado em hospital do RN, não do RJ	1	5	falso
https://www.aosfatos.org/noticias/homem-que-nega-existencia-da-covid-19-em-video-nao-e-diretor-de-hospital-que-se-suicidou/	https://aosfatos.org	2022-01-13	Thomas Jendges, diretor de hospital na Alemanha, disse em vídeo que Covid-19 não tem relação com vírus	Homem que nega existência da Covid-19 em vídeo não é diretor de hospital que se suicidou	Homem que nega existência da Covid-19 em vídeo não é diretor de hospital que se suicidou	1	5	falso
https://www.estadao.com.br/estadao-verifica/e-falso-que-autor-do-ataque-a-creche-em-blumenau-tenha-sido-agredido-na-prisao/	https://estadao.com.br	2023-04-11	Autor de ataque a creche em Blumenau foi espancado na prisão e encaminhado a hospital	falso que autor do ataque a creche em Blumenau tenha sido agredido na prisão	falso que autor do ataque a creche em Blumenau tenha sido agredido na prisão	1	5	Falso
https://www.aosfatos.org/noticias/foto-de-hospital-recem-inaugurado-em-santo-andre-e-compartilhada-para-sugerir-que-sistema-de-saude-esta-vazio/	https://aosfatos.org	2020-04-18	HOSPITAL DE CAMPANHA VAZIO.	Foto de hospital recém-aberto em Santo André engana ao sugerir que sistema de saúde está vazio	Foto de hospital recém-aberto em Santo André engana ao sugerir que sistema de saúde está vazio	3	5	distorcido
https://eleicoes.apublica.org/2018/2018/08/marcio-miranda-exalta-o-legado-do-governador-simao-jatene-mas-erra-ao-falar-de-saude-no-para/	https://eleicoes.apublica.org	2018-08-28	Nós temos aqui no Pará o maior programa de saúde com os hospitais regionais. Nenhum estado tem uma estrutura tão grande e tão estratégica	Márcio Miranda exalta o legado do governador Simão Jatene, mas erra ao falar de saúde no Pará - Truco2018	Márcio Miranda exalta o legado do governador Simão Jatene, mas erra ao falar de saúde no Pará - Truco2018	1	5	Falso
https://observador.pt/factchecks/fact-check-amadora-sintra-esgotou-oxigenio-e-transferiu-todos-os-doentes-para-outros-hospitais/	https://observador.pt	2021-01-27	"""Hospital do Amadora Sintra sem oxigénio... Todos os doentes estão a ser transferidos para o hospital Santa Maria"""	Fact Check. Amadora-Sintra esgotou oxigénio e transferiu todos os doentes para outros hospitais	Fact Check. Amadora-Sintra esgotou oxigénio e transferiu todos os doentes para outros hospitais		5	Errado
https://observador.pt/factchecks/o-nivel-da-divida-dos-hospitais-e-identico-ao-do-ano-passado/	https://observador.pt	2017-03-23	"""Este ano [a dívida dos hospitais] está a um nível idêntico e portanto não há um aumento do nível de endividamento. Há um ciclo do nível de endividamento que, ao longo do ano, vai variando, mas o nível que temos é idêntico ao que tínhamos."""	O nível da dívida dos hospitais é idêntico ao do ano passado	O nível da dívida dos hospitais é idêntico ao do ano passado		5	Praticamente certo
https://www.aosfatos.org/noticias/foto-de-joice-hasselmann-em-hospital-e-de-marco-e-nao-tem-relacao-com-covid-19/	https://aosfatos.org	2020-06-18	Joice Hasselmann aparece sem máscara em hospital após diagnóstico positivo de Covid-19	Foto de Joice Hasselmann em hospital é de março e não tem relação com a Covid-19	Foto de Joice Hasselmann em hospital é de março e não tem relação com a Covid-19	1	5	falso
https://checamos.afp.com/o-ministro-suico-visitou-uma-escola-de-enfermagem-onde-aula-pratica-e-feita-com-bonecos	https://checamos.afp.com	2021-01-13	"O ministro da Saúde da Suíça, Alain Berset, visitou um hospital em que bonecos estavam ""internados"" com covid-19"	O ministro suíço visitou uma escola de Enfermagem onde a aula prática é feita com bonecos	O ministro suíço visitou uma escola de Enfermagem onde a aula prática é feita com bonecos	1	5	Falso
https://observador.pt/factchecks/fact-check-medicos-franceses-abandonam-hospital-apos-descobrirem-que-covid-19-e-um-golpe/	https://observador.pt	2020-07-22	Médicos franceses tirando roupa de médico em protesto indo embora do hospital porque descobriram o golpe do covid. A mentira por trás da nova ordem mundial	Fact Check. Médicos franceses abandonam hospital após descobrirem que Covid-19 é um golpe	Fact Check. Médicos franceses abandonam hospital após descobrirem que Covid-19 é um golpe		5	Errado
https://observador.pt/factchecks/fact-check-filas-de-ambulancias-em-hospitais-do-oeste-sao-teatro-mediatico/	https://observador.pt	2021-01-21	"""Mais um teatro mediático. Houve um fluxo concentrado no hospital de Torres Vedras, e os hospitais à volta estavam às moscas. Não há razão nenhuma para este mediatismo, é um caso de má gestão"""	Fact Check. Filas de ambulâncias em hospitais do Oeste são teatro mediático	Fact Check. Filas de ambulâncias em hospitais do Oeste são teatro mediático		5	Errado
https://observador.pt/factchecks/fact-check-japao-declarou-estado-de-emergencia-em-julho-devido-as-vacinas-contra-a-covid-19/	https://observador.pt	2022-07-18	"""Japão declara estado de emergência devido a surto de sequelas de vacina. [O país] pede à Pfizer que pague uma indemnização ou deve processar a Pfizer pelo crime de extermínio da humanidade. Hospitais japoneses estão a emitir avisos a pedir às pessoas para que não sejam vacinadas."""	Fact Check. Japão declarou estado de emergência em julho devido às vacinas contra a Covid-19	Fact Check. Japão declarou estado de emergência em julho devido às vacinas contra a Covid-19		5	Errado
https://noticias.uol.com.br/confere/ultimas-noticias/2023/02/24/hospital-das-clinicas-nao-tem-ala-para-tratar-sequelas-de-vacinados.htm	https://noticias.uol.com.br	2023-02-24	Você sabia que no Hospital das Clínicas da USP de Ribeirão Preto existe uma ala exclusiva só pra tratar de pacientes com complicações, com reações adversas da vacina contra a Covid	Hospital das Clínicas não tem ala para tratar sequelas de vacinados	Hospital das Clínicas não tem ala para tratar sequelas de vacinados	1	5	Falso
https://observador.pt/factchecks/fact-check-em-viena-ha-criancas-hospitalizadas-por-causa-do-uso-da-mascara/	https://observador.pt	2020-11-22	"""Um médico confirma que já existem dez crianças no hospital de Viena com uma infecção fúngica no pulmão por usar a máscara"""	Fact Check. Em Viena há crianças hospitalizadas por causa do uso da máscara	Fact Check. Em Viena há crianças hospitalizadas por causa do uso da máscara		5	Errado
https://observador.pt/factchecks/fact-check-hospital-da-luz-so-teve-capacidade-para-receber-doentes-covid-quando-vieram-medicos-alemaes-como-disse-o-primeiro-ministro/	https://observador.pt	2022-01-10	"Num grande grupo de saúde, conhecido aqui na cidade de Lisboa, só puderam acolher doentes Covid-19 quando tivemos uma equipa de médicos alemães em Portugal e que foram colocados neste hospital para poder servir, porque não tinham recursos humanos suficientes"""	Fact Check. Hospital da Luz só teve capacidade para receber doentes Covid quando vieram médicos alemães, como disse o primeiro-ministro	Fact Check. Hospital da Luz só teve capacidade para receber doentes Covid quando vieram médicos alemães, como disse o primeiro-ministro		5	Errado
https://checamos.afp.com/nao-este-homem-nao-esta-internado-trata-se-da-cena-de-uma-serie-de-tv	https://checamos.afp.com	2019-05-23	Homem visto na fotografia está realmente internado no hospital.	Não, este homem não está internado. Trata-se da cena de uma série de TV	Não, este homem não está internado. Trata-se da cena de uma série de TV	1	5	Falso
https://noticias.uol.com.br/comprova/ultimas-noticias/2020/06/24/e-falso-que-hospitais-recebem-r18-mil-por-cada-obito-registrado-como-covid.htm	https://noticias.uol.com.br	2020-06-24	Conteúdo verificado: Vídeo compartilhado no Facebook por um médico e no qual um homem não identificado afirma que hospitais recebem R$ 18 mil a cada registro de óbito por covid-19.	falso que hospitais recebem R$18 mil por cada óbito registrado como covid	falso que hospitais recebem R$18 mil por cada óbito registrado como covid	1	5	Falso
https://www.agenciatatu.com.br/noticia/leite-nan-nao-e-doado-por-hospitais-universitarios/	https://agenciatatu.com.br	2023-06-28	Hospitais Universitários estariam doando leite NAN	falso! Hospitais universitários não doam leite Nan	falso! Hospitais universitários não doam leite Nan	1	5	Falso
https://eleicoes.apublica.org/2018/2018/08/marcio-franca-acerta-sp-tem-mais-hospitais-que-outros-estados-do-pais/	https://eleicoes.apublica.org	2018-08-30	São Paulo tem 100 hospitais, mais do que no Brasil todo.	Márcio França acerta: SP tem mais hospitais que outros estados do país - Truco2018	Márcio França acerta: SP tem mais hospitais que outros estados do país - Truco2018	5	5	Verdadeiro
https://checamos.afp.com/doc.afp.com.329228K	https://checamos.afp.com	2022-04-27	Tenda foi construída no estádio do Pacaembu em abril de 2022 para ser hospital de campanha após Carnaval	Tenda para eventos no estádio do Pacaembu viraliza erroneamente como hospital de campanha	Tenda para eventos no estádio do Pacaembu viraliza erroneamente como hospital de campanha	1	5	Falso
https://observador.pt/factchecks/fact-check-lula-da-silva-foi-internado-em-sao-paulo-e-o-seu-estado-de-saude-preocupa/	https://observador.pt	2022-11-28	"""Luiz Inácio Lula da Silva dá entrada no Hospital Sírio Libanês em São Paulo e estado e saúde preocupa."""	Fact Check. Lula da Silva foi internado em São Paulo e o seu estado de saúde preocupa	Fact Check. Lula da Silva foi internado em São Paulo e o seu estado de saúde preocupa		5	Enganador
https://observador.pt/factchecks/fact-check-idoso-de-93-anos-chora-apos-ser-informado-da-conta-do-hospital-por-ter-usado-um-ventilador/	https://observador.pt	2020-06-30	"""Após ter melhorado em um hospital, um homem italiano de 93 anos, foi comunicado que deveria pagar a conta do respirador utilizado por um dia"""	Fact Check. Idoso de 93 anos chora após ser informado da conta do hospital por ter usado um ventilador	Fact Check. Idoso de 93 anos chora após ser informado da conta do hospital por ter usado um ventilador		5	Errado
https://observador.pt/factchecks/ppp-no-hospital-de-braga-poupou-80-milhoes-de-euros-ao-estado/	https://observador.pt	2019-09-26	Não compreendemos como é que um hospital, o de Braga, que poupou 80 milhões de euros aos bolsos dos portugueses, por pura opção de esquerda acaba por ser arredado de uma solução. Porquê Porque é preciso que seja de gestão pública.	PPP no Hospital de Braga poupou 80 milhões de euros ao Estado	PPP no Hospital de Braga poupou 80 milhões de euros ao Estado		5	Esticado
https://projetocomprova.com.br/publica%C3%A7%C3%B5es/hospital-desmente-relato-de-medico-sobre-infarto-de-paciente-vacinada-em-campo-grande/	https://projetocomprova.com.br	2021-12-16	Uma moça de 26 anos teve infarto em hospital universitário após tomar duas doses de AstraZeneca e uma de reforço de Pfizer.	Hospital desmente relato de médico sobre infarto de paciente vacinada em Campo Grande	Hospital desmente relato de médico sobre infarto de paciente vacinada em Campo Grande	1	5	FALSO: ‘Dr. Jackson’ viralizou nas redes dizendo que uma paciente de 26 anos teria infartado em hospital da UFMS depois de receber vacina contra a covid-19. Autoridades de saúde e o próprio hospital negam o caso.
https://checamos.afp.com/doc.afp.com.33XC3KT	https://checamos.afp.com	2023-10-02	Hospital dos EUA atualiza página e passa a indicar hidroxicloroquina	Mayo Clinic não atualizou recomendação para tratar covid-19 com hidroxicloroquina em 2023	Mayo Clinic não atualizou recomendação para tratar covid-19 com hidroxicloroquina em 2023	1	5	Falso
https://www.aosfatos.org/noticias/alckmin-cumpre-6-de-10-promessas-de-2014-mas-nao-entrega-trem-metro-nem-hospital/	https://aosfatos.org	2018-02-02	Inaugurar o primeiro hospital de trauma do Brasil.	Alckmin cumpre 6 de 10 promessas de 2014, mas não entrega trem, metrô nem hospital	Alckmin cumpre 6 de 10 promessas de 2014, mas não entrega trem, metrô nem hospital	3	5	impreciso
https://checamos.afp.com/video-mostra-inundacao-de-abrigo-de-imigrantes-nao-de-hospital-de-campanha-em-manaus	https://checamos.afp.com	2021-05-11	Rio transbordou levando hospital de campanha com pacientes em Manaus	Vídeo mostra inundação de abrigo de imigrantes, não de hospital de campanha em Manaus	Vídeo mostra inundação de abrigo de imigrantes, não de hospital de campanha em Manaus		5	Enganoso
https://checamos.afp.com/doc.afp.com.9UY393	https://checamos.afp.com	2021-12-19	"Uma TV francesa mostrou como os hospitais estão ""saturados"" pela variante ômicron usando manequins"	"uma montagem a foto de uma emissora francesa mostrando um manequim ""internado"" por covid-19"	"uma montagem a foto de uma emissora francesa mostrando um manequim ""internado"" por covid-19"	1	5	Falso
https://observador.pt/factchecks/fact-check-hospitais-recebem-bonus-de-43-500-euros-por-cada-declaracao-de-obito-por-covid-19/	https://observador.pt	2021-03-11	"""Os hospitais estão a receber 43.400 euros para dar um óbito de Covid [e há] enfermeiros a ganhar 3 mil euros por dia a fazer testes [de despistagem do novo coronavírus], 90 mil euros por mês"	Fact Check. Hospitais recebem bónus de 43.500 euros por cada declaração de óbito por Covid-19	Fact Check. Hospitais recebem bónus de 43.500 euros por cada declaração de óbito por Covid-19		5	Errado
https://projetocomprova.com.br/publica%C3%A7%C3%B5es/e-falso-que-israel-controle-o-coronavirus-sem-distanciamento-social/	https://projetocomprova.com.br	2020-03-27	Israel tem a melhor situação do mundo no controle do Coronavírus.São 1700 casos e 1 morte!!!!Sem isolamento indiscriminado, pelo contrário, na estratégia deles a prioridade é o isolamento do grupo de risco, sobretudo os idosos.Lá não lotou hospitais, UTIs e a economia funciona normalmente.Sou suspeito em acreditar piamente no que está sendo dito nesse vídeo, uma vez que eu amo Israel e admiro muito todas as suas ações, mas posto para nossa reflexão!!!	falso que Israel controle o coronavírus sem distanciamento social	falso que Israel controle o coronavírus sem distanciamento social	1	5	Falso: Ao contrário do que afirma mensagem divulgada nas redes sociais, o país do Oriente Médio mantém ativas algumas medidas de isolamento e não tem a “melhor situação do mundo” diante da pandemia
https://observador.pt/factchecks/fact-check-hospital-nos-estados-unidos-negou-que-bolsonaro-tivesse-sido-ali-internado/	https://observador.pt	2023-01-19	"""ATENO: Hospital em Orlando nega que Bolsonaro esteja internado no hospital"""	Fact Check. Hospital nos Estados Unidos negou que Bolsonaro tivesse sido ali internado	Fact Check. Hospital nos Estados Unidos negou que Bolsonaro tivesse sido ali internado		5	Errado
https://www.aosfatos.org/noticias/e-falso-que-hospital-de-porto-alegre-esteja-vazio-em-meio-pandemia-de-covid-19/	https://aosfatos.org	2021-03-04	Hospital Moinho de Ventos está vazio em meio à pandemia	falso que hospital de Porto Alegre esteja vazio em meio à pandemia de Covid-19	falso que hospital de Porto Alegre esteja vazio em meio à pandemia de Covid-19	1	5	falso
https://noticias.uol.com.br/comprova/ultimas-noticias/2020/07/08/azitromicina-ivermectina-e-nitazoxanida-automedicacao-nao-e-recomendado.htm	https://noticias.uol.com.br	2020-07-09	Conteúdo verificado: Texto publicado pela página Um pouco de tudo no Facebook recomenda os medicamentos azitromicina, ivermectina e nitazoxanida para pessoas com sintomas leves de covid-19 e indica a automedicação para quem não quer ir a um hospital.	Coronavírus: Automedicação e uso de azitromicina, ivermectina e nitazoxanida não são recomendados para tratamento de covid-19	Coronavírus: Automedicação e uso de azitromicina, ivermectina e nitazoxanida não são recomendados para tratamento de covid-19	1	5	Falso
https://noticias.uol.com.br/confere/ultimas-noticias/2023/03/10/e-falso-que-homem-foi-internado-em-estado-grave-apos-tomar-vacina-bivalente.htm	https://noticias.uol.com.br	2023-03-10	Recebi uma notícia agora há pouco que tem um funcionário da Susen em Nhandeara, o nome dele é Vitório, e ele tomou ontem a nova vacina aí que o Lula fez a propaganda dela. Tomou ontem, de manhã se sentiu mal o dia todo e foi para São José do Rio Preto. Está internado em estado grave na UTI de São José do Rio Preto, lá no Hospital de Base	Covid: udio falso diz que servidor foi internado após tomar bivalente	Covid: udio falso diz que servidor foi internado após tomar bivalente	1	5	Falso
https://observador.pt/factchecks/fact-check-em-caso-de-ataque-cardiaco-deve-usar-se-aspirina/	https://observador.pt	2020-01-31	Se tiver sintomas de ataque cardíaco dissolva duas aspirinas na boca e engula-as com um pouco de água.	Hospital recomendou aspirina para travar ataque	Hospital recomendou aspirina para travar ataque		5	Errado
https://checamos.afp.com/doc.afp.com.9FE3YC	https://checamos.afp.com	2021-07-19	Polícia de SP prendeu enfermeiro no hospital que Bolsonaro estava internado	O falso enfermeiro da foto viralizada foi detido em Manaus, não na internação de Bolsonaro em SP	O falso enfermeiro da foto viralizada foi detido em Manaus, não na internação de Bolsonaro em SP	1	5	Falso
https://checamos.afp.com/imagem-de-tom-hanks-junto-com-wilson-em-hospital-e-montagem-foto-do-ator-foi-registrada-em-2015	https://checamos.afp.com	2020-03-13	E o pessoal do hospital que deu um Wilson para fazer companhia pro Tom Hanks na quarentena	Imagem de Tom Hanks junto com Wilson em hospital é montagem ...	Imagem de Tom Hanks junto com Wilson em hospital é montagem ...	1	5	Falso
https://eleicoes.apublica.org/2018/2018/10/site-contra-fake-news-mentiu-obras-do-hospital-de-divinopolis-nao-foram-paralisadas-por-anastasia/	https://eleicoes.apublica.org	2018-10-04	O hospital regional de Divinópolis [...] [a obra] já estava parada na gestão do próprio Anastasia	Site contra 'fake news' mentiu: obras do hospital de Divinópolis não ...	Site contra 'fake news' mentiu: obras do hospital de Divinópolis não ...	1	5	Falso
https://observador.pt/factchecks/fact-check-hospital-sao-francisco-xavier-precisou-de-doacoes-de-bens-de-higiene-e-roupas/	https://observador.pt	2021-02-12	"Necessidades para o Serviço de Urgência ao dia de hoje: champô, ..., sumos de pacote, águas, barras de cereais, canetas BIC, marcadores pretos e azuis ..., roupas que já não usem em vez de colocarem nos contentores os São Francisco está a precisar para os doentes, 2 rádios ..."""	Fact Check. Hospital São Francisco Xavier precisou de doações de ...	Fact Check. Hospital São Francisco Xavier precisou de doações de ...		5	Errado
https://eleicoes.apublica.org/2018/2018/10/errado-anastasia-obras-de-hospital-em-divinopolis-seguiram-ate-2016/	https://eleicoes.apublica.org	2018-10-04	Lamentavelmente, a obra [do Hospital Regional de Divinópolis] está parada há quatro anos; o atual governo [Pimentel] não colocou, aqui, um tijolo	Errado, Anastasia: Obras de hospital em Divinópolis seguiram até ...	Errado, Anastasia: Obras de hospital em Divinópolis seguiram até ...	1	5	Falso
https://noticias.uol.com.br/confere/ultimas-noticias/2021/06/16/witzel-faz-alegacoes-imprecisas-sobre-hospitais-de-campanha-e-impeachment.htm	https://noticias.uol.com.br	2021-06-16	No processo de impeachment ..., a ementa diz o seguinte: 'supostamente' o governador, 'supostamente' os hospitais de campanha	Witzel faz alegações incorretas sobre hospitais de campanha e impeachment	Witzel faz alegações incorretas sobre hospitais de campanha e impeachment	2	5	Insustentável
https://www.estadao.com.br/estadao-verifica/hospital-usp-cirurgia-transicao-genero/	https://estadao.com.br	2023-04-25	USP faz cirurgia irreversível de transição de gênero em crianças	Hospital da USP não faz cirurgia de transição de gênero em criança ...	Hospital da USP não faz cirurgia de transição de gênero em criança ...	1	5	Falso
https://observador.pt/factchecks/fact-check-fotografia-mostra-estudante-de-coimbra-que-fabrica-mascaras-e-e-ignorada-pela-imprensa/	https://observador.pt	2020-04-07	Esta é a Joana Sousa, estudante do 3 ano de artes e design da Universidade de Coimbra, que nos últimos dias de quarentena, tem fabricado em casa centenas de máscaras para os hospitais da região, mas ninguém publicita porque não é a Cristina Ferreira nem o Cristiano Ronaldo...	Fact Check. Fotografia mostra estudante de Coimbra que fabrica máscaras e é ignorada pela imprensa	Fact Check. Fotografia mostra estudante de Coimbra que fabrica máscaras e é ignorada pela imprensa		5	Errado
https://www.aosfatos.org/noticias/falso-medicos-recomendam-cha-erva-doce-figado-nova-gripe/	https://aosfatos.org	2023-06-01	Médicos recomendaram chá de erva-doce e fígado de boi contra nova gripe	falso que médicos recomendaram chá de erva-doce e fígado de ...	falso que médicos recomendaram chá de erva-doce e fígado de ...	1	5	falso
https://noticias.uol.com.br/confere/ultimas-noticias/2023/03/09/aspirina-infarto-hospital-checagem.htm	https://noticias.uol.com.br	2023-03-09	Se assim for, dissolva imediatamente duas Aspirinas na boca e engula-as com um pouco de água. Em seguida, ligue para o 112 e diga 'ataque cardiaco' e que tomou 2 Aspirinas. Sente-se numa cadeira ou sofá e espere pela chegada do pessoal da Emergência do 112 e NO SE DEITE!!!	falso que hospital orienta automedicação com aspirina em caso ...	falso que hospital orienta automedicação com aspirina em caso ...	1	5	Falso
https://eleicoes.apublica.org/2018/2018/09/adalclever-lopes-exagera-no-periodo-de-obras-do-hospital-regional-de-sete-lagoas/	https://eleicoes.apublica.org	2018-09-17	o caso do Hospital Regional de Sete Lagoas, com obras iniciadas em 2008 e sem estimativa de entrega	Adalclever Lopes exagera no período de obras do Hospital ...	Adalclever Lopes exagera no período de obras do Hospital ...	3	5	Exagerado
https://www.aosfatos.org/noticias/hospital-de-campanha-do-pacaembu-nao-esta-vazio-nem-faz-triagens/	https://aosfatos.org	2020-04-09	Fala pessoal, tô aqui no Pacaembu .... Aqui é a central da epidemia. Todo mundo que tá com problemas aí vem pra cá passar por uma triagem. Enfim, tem todo um cenário de guerra montado lá dentro, tendas. Mas olha isso, olha isso. Olha isso, gente. Vazio. Não tem ninguém.	Hospital de Campanha do Pacaembu não está vazio nem faz triagens	Hospital de Campanha do Pacaembu não está vazio nem faz triagens	1	5	falso
https://www.aosfatos.org/noticias/nao-e-verdade-que-falso-enfermeiro-foi-preso-em-hospital-onde-bolsonaro-estava-internado/	https://aosfatos.org	2021-07-19	Falso enfermeiro é preso em hospital onde Bolsonaro está internado	Não é verdade que falso enfermeiro foi preso em hospital onde ...	Não é verdade que falso enfermeiro foi preso em hospital onde ...	1	5	falso
https://observador.pt/factchecks/fact-check-david-attenborough-disse-que-nao-conhece-animais-tao-crueis-como-os-israelitas/	https://observador.pt	2022-03-30	"""Não conheço nenhum animal que seja tão cruel como os israelitas  nem mesmo os crocodilos. Eles bombardeiam escolas, hospitais, campos de refugiados, orfanatos, pontos de energia, ambulâncias. Põem milhões de pessoas sob cerco. Disparam contra as crianças a caminho da escola"""	"Fact Check. David Attenborough disse que não conhece ""animais tão cruéis como os israelitas"""	"Fact Check. David Attenborough disse que não conhece ""animais tão cruéis como os israelitas"""		5	Errado
https://noticias.uol.com.br/confere/ultimas-noticias/2026/09/02/falso-vaquinha-lito-sousa-creutzfeldt-jakob.ghtm	https://noticias.uol.com.br		Vaquinha pede doações para custear tratamento de Lito Sousa	Vaquinha virtual que pede doações para Lito Sousa é golpe	Vaquinha virtual que pede doações para Lito Sousa é golpe	1	5	Falso
https://www.estadao.com.br/estadao-verifica/tratamento-depressao-vitaminas-ferro-enganoso/	https://estadao.com.br	2025-12-10	A depressão pode nascer de alterações hormonais, inflamatórias e nutricionais. O problema pode ser tratado com vitaminas e ferro, sem necessidade de antidepressivo	Suplementação de vitaminas e ferro não é indicada para tratamento ...	Suplementação de vitaminas e ferro não é indicada para tratamento ...		5	Enganoso
https://noticias.uol.com.br/confere/ultimas-noticias/2025/07/18/campanha-falsa-menino-henrique-golpe.htm	https://noticias.uol.com.br		"""Henrique precisa de tratamento para não perder os movimentos. Imagine ver seu filho deixar de andar aos poucos. Esse é o dia a dia do Henrique, de 6 anos, diagnosticado com uma doença degenerativa chamada Distrofia de Duchenne. Ele precisa de tratamento urgente para preservar sua força e garantir qualidade de vida"""	Campanha falsa para menino Henrique usa vídeo real para aplicar golpe	Campanha falsa para menino Henrique usa vídeo real para aplicar golpe	1	5	Falso
https://noticias.uol.com.br/confere/ultimas-noticias/2025/01/17/anuncio-colirio-cid-moreira-fatima-bernardes-falso.htm	https://noticias.uol.com.br		Tratamento conhecido entre os famosos, está virando febre e salvando vidas pelo Brasil. Este suplemento alimentar é capaz de curar qualquer problema ocular de forma 100% natural e segura	Anúncio de colírio sem registro na Anvisa manipula vozes de famosos por IA	Anúncio de colírio sem registro na Anvisa manipula vozes de famosos por IA	1	5	Falso
https://observador.pt/factchecks/fact-check-tratamento-com-lenacapavir-e-a-nova-cura-para-a-sida/	https://observador.pt	2024-12-26	A nova cura para a Sida de $40 mil é quase 100% eficaz e precisa de duas vacinas anualmente!!	"Fact Check. Tratamento com lenacapavir é a ""nova cura"" para a sida"	"Fact Check. Tratamento com lenacapavir é a ""nova cura"" para a sida"		5	Errado
https://noticias.uol.com.br/confere/ultimas-noticias/2024/07/22/drauzio-varella-nao-indicou-tratamento-natural-para-desinchar-prostata.htm	https://noticias.uol.com.br		Drauzio Varella indica tratamento natural para desinchar próstata	Drauzio não indicou tratamento natural para 'desinchar' próstata	Drauzio não indicou tratamento natural para 'desinchar' próstata	1	5	Falso
https://www1.folha.uol.com.br/equilibrioesaude/2024/07/e-enganoso-que-india-tenha-pedido-pena-de-morte-para-cientista-contraria-a-uso-da-ivermectina-contra-covid.shtml	https://www1.folha.uol.com.br	2024-07-02	Matéria do site The Peoples Voice reproduzida nas redes sociais afirma que a ndia pediu pena de morte para cientista da OMS que bloqueou o acesso à ivermectina para tratamento da covid-19.	enganoso que ndia tenha pedido pena de morte para cientista contrária a uso da ivermectina contra Covid	enganoso que ndia tenha pedido pena de morte para cientista contrária a uso da ivermectina contra Covid		5	Enganoso
https://noticias.uol.com.br/comprova/ultimas-noticias/2024/07/01/post-engana-ao-afirmar-que-india-pediu-pena-de-morte-a-cientista-da-oms.htm	https://noticias.uol.com.br		ndia pediu pena de morte para cientista da OMS que bloqueou o acesso à ivermectina para tratamento da covid-19	Post engana ao afirmar que ndia pediu pena de morte a cientista da OMS	Post engana ao afirmar que ndia pediu pena de morte a cientista da OMS		5	Enganoso
https://www.estadao.com.br/estadao-verifica/drauzio-varella-propaganda-suplemento-alimentar-disfuncao-sexual/	https://estadao.com.br	2024-06-18	Drauzio Varella recomenda tratamento para disfunção sexual	Vídeo manipula imagem de Drauzio Varella para vender medicamento de disfunção sexual	Vídeo manipula imagem de Drauzio Varella para vender medicamento de disfunção sexual		5	Enganoso
https://observador.pt/factchecks/fact-check-ana-paula-martins-deu-indicacao-para-marcar-consultas-e-para-tratar-gemeas-luso-brasileiras-no-santa-maria/	https://observador.pt	2024-04-04	Quem esteve na origem da primeira consulta e recomendação para tratamento foi a senhora que foi presidente do conselho de administração do Santa Maria. Ora tal senhora é hoje ministra.	Fact Check. Ana Paula Martins deu indicação para marcar consultas e para tratar gémeas luso-brasileiras no Santa Maria	Fact Check. Ana Paula Martins deu indicação para marcar consultas e para tratar gémeas luso-brasileiras no Santa Maria		5	Errado
https://www.estadao.com.br/estadao-verifica/suramina-tratamento-autismo/	https://estadao.com.br	2024-04-12	A cura do autismo se chama suramina	Suramina não tem eficácia comprovada para tratamento do autismo	Suramina não tem eficácia comprovada para tratamento do autismo	1	5	Falso
https://www.estadao.com.br/estadao-verifica/postagem-usa-ia-para-manipular-video-do-fantastico-e-vender-falso-tratamento-contra-o-diabetes/	https://estadao.com.br	2024-01-31	médico Lair Ribeiro é ameaçado pela indústria farmacêutica por divulgar tratamento que ajuda no controle do diabetes	Postagem usa IA para manipular vídeo do Fantástico e vender falso tratamento contra o diabetes	Postagem usa IA para manipular vídeo do Fantástico e vender falso tratamento contra o diabetes		5	Enganoso
https://www.aosfatos.org/noticias/falso-medico-ivermectina-melhor-cientista-do-mundo/	https://aosfatos.org	2024-02-23	Médico brasileiro Flávio Cadegiani recebeu prêmio de melhor cientista do mundo por pesquisa sobre ivermectina	Médico que defendeu ivermectina contra a Covid-19 não foi eleito ...	Médico que defendeu ivermectina contra a Covid-19 não foi eleito ...	1	5	falso
https://noticias.uol.com.br/confere/ultimas-noticias/2024/01/26/e-falso-que-leonardo-recomendou-suposto-produto-capaz-de-eliminar-diabetes.htm	https://noticias.uol.com.br		Leonardo recomendou tratamento com especialista para tratar diabetes	falso que Leonardo recomendou produto capaz de eliminar diabetes	falso que Leonardo recomendou produto capaz de eliminar diabetes	1	5	Falso
https://noticias.uol.com.br/comprova/ultimas-noticias/2023/10/30/estudo-nao-prova-relacao-entre-vacinados-e-mortes-por-cancer-na-inglaterra.htm	https://noticias.uol.com.br		Aumento monstruoso de tumores malignos entre 2021 e 2022 entre jovens na Inglaterra é causado pela terapia genética, rotulada como vacina anti-Covid, verdadeira causadora dessa explosão de doenças e mortes	Estudo não prova relação entre vacinados e mortes por câncer na Inglaterra	Estudo não prova relação entre vacinados e mortes por câncer na Inglaterra	1	5	Falso
https://www.estadao.com.br/estadao-verifica/drauzio-varella-nao-recomendou-produto-que-trata-gastrite-publicidade-falsa-imita-voz-do-medico/	https://estadao.com.br	2023-10-25	Drauzio Varella indica Reflux para tratamento de gastrite	Drauzio Varella não recomendou produto que trata gastrite; publicidade falsa imita voz do médico	Drauzio Varella não recomendou produto que trata gastrite; publicidade falsa imita voz do médico	1	5	Falso
https://noticias.uol.com.br/comprova/ultimas-noticias/2020/07/10/e-falso-que-a-africa-tenha-controlado-pandemia-com-ivermectina.htm	https://noticias.uol.com.br	2020-07-10	Conteúdo verificado: Vídeos dos médicos lvaro Galvão RO e Rafael Freitas PR no YouTube defendem o uso profilático da ivermectina como tratamento para a covid-19, sob o argumento de que a medicação reduziu o número de casos graves da doença na frica	falso que a frica tenha controlado pandemia com ivermectina	falso que a frica tenha controlado pandemia com ivermectina	1	5	Falso
https://projetocomprova.com.br/publica%C3%A7%C3%B5es/revisao-de-estudo-publicado-no-site-do-ms-nao-garante-eficacia-da-hidroxicloroquina-no-tratamento-preventivo-contra-covid-19/	https://projetocomprova.com.br	2021-01-19	Estudo publicado no The American Journal of Medicine defende tratamento preventivo para a Covid	Revisão de estudo publicado no site do MS não garante eficácia da hidroxicloroquina no tratamento preventivo contra covid-19	Revisão de estudo publicado no site do MS não garante eficácia da hidroxicloroquina no tratamento preventivo contra covid-19		5	ENGANOSO: O artigo que fala sobre o uso da hidroxicloroquina como tratamento precoce para a covid-19 foi publicado em agosto de 2020 e foi apenas revisado em janeiro deste ano. E não comprova a eficácia do tratamento.
https://www.aosfatos.org/noticias/tabela-promove-tratamento-precoce-com-base-em-site-de-metodologia-duvidosa/	https://aosfatos.org	2021-04-07	Protocolo de tratamento para Covid-19	Tabela promove 'tratamento precoce' com base em site de metodologia duvidosa	Tabela promove 'tratamento precoce' com base em site de metodologia duvidosa	1	5	falso
https://noticias.uol.com.br/comprova/ultimas-noticias/2023/08/23/e-enganoso-que-a-fda-tenha-autorizado-o-uso-da-ivermectina-para-a-covid-19.htm	https://noticias.uol.com.br		FDA autorizou o uso da ivermectina para a prevenção ou tratamento da covid-19	enganoso que a FDA tenha autorizado o uso da ivermectina para a covid-19	enganoso que a FDA tenha autorizado o uso da ivermectina para a covid-19		5	Enganoso
https://oglobo.globo.com/fato-ou-fake/e-fake-mensagem-atribuida-robert-kennedy-jr-sobre-efeitos-irreversiveis-causados-por-vacinas-contra-covid-19-24631642	https://oglobo.globo.com	2020-09-09	Mensagem de Robert F. Kennedy, Jr.Para todos os meus pacientes: Gostaria de chamar urgentemente sua atencao para questoes importantes relacionadas a proxima vacinacao contra o Covid-19. Pela primeira vez na historia da vacinacao, as chamadas vacinas de mRNA da proxima geracao estao diretamente envolvidas no material genetico do paciente e, portanto, alteram o material genetico individual, que representa a manipulacao genetica, algo que foi proibido e ate agora considerado criminoso. Essa intervencao pode ser comparada a de alimentos geneticamente modificados, o que tambem e altamente controverso. Mesmo que a midia e os politicos atualmente banalizem o problema e ate clamem sem pensar para que um novo tipo de vacina volte ao normal, essa vacinacao e problematica em termos de saude, moral e etica e tambem em termos de danos geneticos que, ao contrario Os danos causados pelas vacinas anteriores agora serao irreversiveis e irreparaveis.Caros pacientes, apos uma vacina de mRNA sem precedentes, voce nao podera mais tratar os sintomas da vacina de maneira complementar. Eles terao que viver com as consequencias, porque nao podem mais ser curados simplesmente removendo toxinas do corpo humano, assim como voce nao pode curar uma pessoa com um defeito genetico, como sindrome de Down, sindrome de Klinefelter, sindrome de Turner, doenca genetica cardiaca, hemofilia, fibrose cistica, sindrome de Rett, etc., porque o defeito genetico e para sempre!Claramente, isso significa: se um sintoma de vacinacao se desenvolver apos uma vacinacao de mRNA, nem eu nem qualquer outro terapeuta podemos ajuda-lo, porque os danos causados pela vacinacao serao geneticamente irreversiveis. Na minha opiniao, essas novas vacinas representam um crime contra a humanidade que nunca foi cometido de maneira tao ampla na historia. Como afirmou o Dr. Wolfgang Wodarg, um medico experiente: Na realidade, esta vacina promissora para a grande maioria das pessoas e realmente proibida porque e manipulacao genetica! A vacina, desenvolvida e apoiada por Anthony Fauci e financiada por Bill Gates, utilizou a tecnologia experimental de mRNA. Os tres dos 15 humanos 20% - PORQUINHOS da India - experimentaram um evento adverso grave.Nota: O RNA mensageiro ou mRNA e o acido ribonucleico que transfere o codigo genetico do DNA do nucleo celular para um ribossomo no citoplasma, ou seja, aquele que determina a ordem na qual os aminoacidos de uma proteina se ligam e atuam como modelo ou padrao para a sintese da referida proteina.	#FAKE mensagem atribuída a Robert F. Kennedy Jr. sobre efeitos irreversíveis causados por vacinas contra Covid-19	#FAKE mensagem atribuída a Robert F. Kennedy Jr. sobre efeitos irreversíveis causados por vacinas contra Covid-19	1	5	Fake
https://observador.pt/factchecks/fact-check-medico-frances-foi-espancado-e-preso-por-receitar-ivermectina-e-cloroquina/	https://observador.pt	2021-10-26	"""O médico francês Theron, foi espancado e preso pela Polícia apenas por receitar Invermectina e cloroquina a pacientes. Inacreditável!Existem muitos heróis nesse mundo. Se ele estivesse incentivado o uso das vacinas ou entubando paciente, certamente estaria recrecebendo outro tratamento."""	"Fact Check. Médico francês foi ""espancado e preso"" por receitar ivermectina e cloroquina"	"Fact Check. Médico francês foi ""espancado e preso"" por receitar ivermectina e cloroquina"		5	Errado
https://checamos.afp.com/doc.afp.com.9QT7KV	https://checamos.afp.com	2021-11-01	As vendas do medicamento da Pfizer para o tratamento da miocardite, Vyndamax, aumentaram 77% nos EUA devido às vacinas contra a covid-19	"Lucros da Pfizer com ""tratamento para miocardite"" não aumentaram devido à vacina anticovid"	"Lucros da Pfizer com ""tratamento para miocardite"" não aumentaram devido à vacina anticovid"	1	5	Falso
https://www.aosfatos.org/noticias/estudo-de-yale-nao-deu-nivel-de-evidencia-1-para-tratamento-de-covid-19-com-hidroxicloroquina/	https://aosfatos.org	2020-10-16	Estudo de Yale dá nível de evidência 1 para tratamento da Covid-19 com hidroxicloroquina	Estudo de Yale não deu 'nível de evidência 1' para tratamento de Covid-19 com hidroxicloroquina	Estudo de Yale não deu 'nível de evidência 1' para tratamento de Covid-19 com hidroxicloroquina	1	5	falso
https://observador.pt/factchecks/fact-check-astrazeneca-anuncia-que-a-vacina-contra-a-covid-19-falhou/	https://observador.pt	2021-07-22	"""AstraZeneca diz que o seu tratamento não foi eficiente, contrariando a media e a OMS que garantem a segurança e eficácia das vaxccinas."""	Fact Check. AstraZeneca anuncia que a vacina contra a Covid-19 falhou	Fact Check. AstraZeneca anuncia que a vacina contra a Covid-19 falhou		5	Errado
https://checamos.afp.com/doc.afp.com.33GB6UN	https://checamos.afp.com	2023-05-26	Universidades nos EUA oferecem tratamento de transição de gênero para crianças	Universidades dos EUA oferecem terapia a crianças com disforia de gênero, não cirurgia	Universidades dos EUA oferecem terapia a crianças com disforia de gênero, não cirurgia	1	5	Falso
https://www.estadao.com.br/estadao-verifica/17-mil-medicos-vacinas-terapia-genetica-perigos/	https://estadao.com.br	2023-02-24	Vacinas de mRNA são terapia genética e 17.000 médicos concordam que elas devem acabar	Vídeo de grupo de médicos volta a circular com desinformação sobre segurança das vacinas de covid-19	Vídeo de grupo de médicos volta a circular com desinformação sobre segurança das vacinas de covid-19	1	5	Falso
https://noticias.uol.com.br/comprova/ultimas-noticias/2021/03/06/buzios-nao-zerou-casos-de-covid-pos-carnaval-gracas-a-tratamento-precoce.htm	https://noticias.uol.com.br	2021-03-06	Tratamento precoce evitou mortes em Búzios	Búzios não zerou casos de covid pós-Carnaval graças a tratamento precoce	Búzios não zerou casos de covid pós-Carnaval graças a tratamento precoce	1	5	Falso
https://checamos.afp.com/nebulizacao-com-hidroxicloroquina-nao-tem-eficacia-comprovada-para-tratamento-da-covid-19	https://checamos.afp.com	2021-03-30	Hidroxicloroquina nebulizada traz melhora imediata para pacientes com covid-19	Nebulização com hidroxicloroquina não tem eficácia comprovada ...	Nebulização com hidroxicloroquina não tem eficácia comprovada ...		5	Enganoso
https://noticias.uol.com.br/confere/ultimas-noticias/2022/07/22/tratamento-diabetes-evo-control-falso.htm	https://noticias.uol.com.br	2022-07-22	Um novo tratamento para quem sofre de diabetes que começa a ser testado ano que vem faz com que o organismo volte a produzir insulina, o que dispensa o uso de injeções por até cinco anos	falsa publicação em que Boechat anuncia novo tratamento para diabetes	falsa publicação em que Boechat anuncia novo tratamento para diabetes	1	5	Falso
https://observador.pt/factchecks/fact-check-mark-rutte-disse-que-os-idosos-deviam-ser-tratados-em-casa-porque-tem-poucas-hipoteses-de-sobrevivencia/	https://observador.pt	2020-04-18	"Rutte disse Na Holanda os pacientes mais idosos ficarão a receber tratamento em casa, considerando-se que, dadas as poucas hipóteses de sobrevivência, será mais humano deixá-los nos seus lares."""	Fact Check. Mark Rutte disse que os idosos deviam ser tratados em casa porque têm poucas hipóteses de sobrevivência	Fact Check. Mark Rutte disse que os idosos deviam ser tratados em casa porque têm poucas hipóteses de sobrevivência		5	Errado
https://www.bol.uol.com.br/noticias/2021/01/19/revisao-de-estudo-nao-garante-eficacia-da-hidroxicloroquina-contra-covid-19.htm	https://bol.uol.com.br	2021-01-19	Revisão de estudo publicado no site do Ministério da Saúde não garante eficácia da hidroxicloroquina no tratamento preventivo contra covid-19	Revisão de estudo não garante eficácia da hidroxicloroquina contra covid-19	Revisão de estudo não garante eficácia da hidroxicloroquina contra covid-19	1	5	Falso
https://noticias.uol.com.br/confere/ultimas-noticias/2021/06/04/levantamento-cpi-covid-19-desinformacao-fake-news-senadores.htm	https://noticias.uol.com.br	2021-06-04	Lá no meu Estado, o município de Rancho Queimado e Chapecó fizeram um tratamento inicial, um kit Covid. E o resultado foi extraordinariamente positivo	'Rancho Queimado': senadores repetem desinformação na CPI da Covid	'Rancho Queimado': senadores repetem desinformação na CPI da Covid	1	5	Falso
https://www.estadao.com.br/estadao-verifica/ameixa-amarela-e-rica-em-vitaminas-mas-nao-substitui-medicacao-contra-diabetes-e-colesterol-alto/	https://estadao.com.br	2023-08-23	Ameixa amarela é tratamento para diabetes e colesterol alto	Ameixa amarela é rica em vitaminas, mas não substitui medicação contra diabetes e colesterol alto	Ameixa amarela é rica em vitaminas, mas não substitui medicação contra diabetes e colesterol alto		5	Enganoso
https://observador.pt/factchecks/fact-check-atriz-ficou-indignada-por-lhe-ter-sido-diagnosticada-malaria-quando-tinha-covid-19/	https://observador.pt	2020-08-27	Camila Pitanga volta à internet e choca os fãs ao revelar que após realizar tratamento com Cloroquina, descobriu erros nos laudos médicos, que apontavam Covid-19 ao invés de Malária.	Fact Check. Atriz ficou indignada por lhe ter sido diagnosticada malária quando tinha Covid-19	Fact Check. Atriz ficou indignada por lhe ter sido diagnosticada malária quando tinha Covid-19		5	Errado
https://projetocomprova.com.br/publica%C3%A7%C3%B5es/tv-australiana-admite-erro-em-imagem-de-ivermectina-usada-em-reportagem-sobre-a-rainha-elizabeth-ii/	https://projetocomprova.com.br	2022-02-22	Rainha da Inglaterra, que está com covid-19, está tomando ivermectina no tratamento, segundo uma reportagem televisiva.	TV australiana admite erro em imagem de ivermectina usada em reportagem sobre a Rainha Elizabeth II	TV australiana admite erro em imagem de ivermectina usada em reportagem sobre a Rainha Elizabeth II		5	São ENGANOSAS as postagens que afirmam que a Rainha Elizabeth II estaria sendo tratada da covid-19 com ivermectina.
https://noticias.uol.com.br/comprova/ultimas-noticias/2020/07/31/medica-cita-estudos-inconclusivos-ao-sugerir-conspiracao-contra-cloroquina.htm	https://noticias.uol.com.br	2020-07-31	Conteúdo verificado: Texto publicado no site Diário do Brasil escrito pela médica Helen Brandão, de Goiânia, defende o uso da hidroxicloroquina no tratamento da covid-19 e sugere haver uma conspiração da indústria farmacêutica para vender medicações mais caras.	Tratamento covid-19: Médica cita estudos não conclusivos para sugerir conspiração contra cloroquina	Tratamento covid-19: Médica cita estudos não conclusivos para sugerir conspiração contra cloroquina	1	5	Falso
https://noticias.uol.com.br/comprova/ultimas-noticias/2020/07/23/estudo-da-henry-ford-health-system-nao-prova-eficacia-da-cloroquina.htm	https://noticias.uol.com.br	2020-07-23	Conteúdo verificado: Post do site Pleno.News afirma que um estudo do Henry Ford Health System comprova a eficácia do tratamento com hidroxicloroquina nos casos de covid-19. O texto se baseia em uma reportagem da Fox	Cloroquina: Estudo da Henry Ford Health System é insuficiente para provar eficácia da medicação contra a covid-19	Cloroquina: Estudo da Henry Ford Health System é insuficiente para provar eficácia da medicação contra a covid-19	1	5	Falso
https://www.aosfatos.org/noticias/queiroga-cita-dados-falsos-de-vacinacao-e-exagera-ao-dizer-que-bolsonaro-apoia-imunizantes/	https://aosfatos.org	2021-05-06	Não tratei com o presidente acerca de protocolo tratamento para Covid-19	Queiroga cita dados falsos de vacinação e exagera ao dizer que Bolsonaro apoia imunizantes	Queiroga cita dados falsos de vacinação e exagera ao dizer que Bolsonaro apoia imunizantes	1	5	falso
https://projetocomprova.com.br/publica%C3%A7%C3%B5es/e-falso-que-52-municipios-zeraram-o-numero-de-mortes-por-covid-19-ao-adotarem-o-chamado-tratamento-precoce/	https://projetocomprova.com.br	2021-04-22	52 cidades com zero casos de covid graças ao tratamento precoce	falso que 52 municípios zeraram o número de mortes por covid-19 ao adotarem o chamado tratamento precoce	falso que 52 municípios zeraram o número de mortes por covid-19 ao adotarem o chamado tratamento precoce	1	5	FALSO: É falso que municípios tenham zerado o número de mortes por covid-19 ao adotarem protocolos de tratamento com hidroxicloroquina e ivermectina. Os números epidemiológicos das cidades listadas desmentem o boato. Além disso, as substâncias não têm eficácia comprovada como tratamento da covid-19 e a conexão com a queda no números de casos é insustentável.
https://checamos.afp.com/chapeco-nao-se-livrou-do-coronavirus-adotando-o-chamado-tratamento-precoce	https://checamos.afp.com	2021-06-29	Chapecó está livre da covid-19 após adotar o chamado tratamento precoce	Chapecó não se livrou do coronavírus adotando o chamado tratamento precoce	Chapecó não se livrou do coronavírus adotando o chamado tratamento precoce	1	5	Falso
https://projetocomprova.com.br/publica%C3%A7%C3%B5es/tratamento-precoce-com-hidroxicloroquina-nao-evitou-mortes-em-porto-feliz/	https://projetocomprova.com.br	2020-11-27	Porto Feliz, cidade no interior do Estado de São Paulo, é referência no tratamento à Covid-19 com hidroxicloroquina e não registra nenhuma morte	Tratamento precoce com hidroxicloroquina não evitou mortes em Porto Feliz	Tratamento precoce com hidroxicloroquina não evitou mortes em Porto Feliz	1	5	"FALSO: A cidade no interior de São Paulo registrou mortes por covid-19 e o ""tratamento precoce"" com hidroxicloroquina não cobriu toda população"
https://projetocomprova.com.br/publica%C3%A7%C3%B5es/indicacao-de-defensor-da-cloroquina-ao-nobel-da-paz-nao-pode-ser-confirmada-e-nem-respalda-tratamento/	https://projetocomprova.com.br	2021-06-08	Dr. Zelenko é indicado ao Prêmio Nobel da Paz por seu papel no tratamento contra o Coronavírus	Indicação de defensor da cloroquina ao Nobel da Paz não pode ser confirmada e nem respalda tratamento	Indicação de defensor da cloroquina ao Nobel da Paz não pode ser confirmada e nem respalda tratamento		5	ENGANOSO: Indicações são mantidas em sigilo por 50 anos e podem ser feitas por várias pessoas, não representando necessariamente apoio internacional a sua tese.
https://www.aosfatos.org/noticias/nao-e-verdade-que-covid-19-pode-ser-tratada-com-antibioticos/	https://aosfatos.org	2020-05-07	O tratamento correto para a Covid-19 seria com antibiótico, não com entubação.	Não é verdade que Covid-19 pode ser tratada com antibióticos	Não é verdade que Covid-19 pode ser tratada com antibióticos	1	5	falso
https://noticias.uol.com.br/comprova/ultimas-noticias/2020/06/05/post-distorce-dados-sobre-protocolos-para-uso-de-remedios-contra-covid.htm	https://noticias.uol.com.br	2020-06-06	Post usa vídeo de uma médica que explica o protocolo adotado pela Prefeitura de Porto Seguro para o tratamento de casos de covid-19. Em nenhum momento a médica desmascara políticos ou faz referência ao presidente Jair Bolsonaro	Post distorce dados sobre protocolos para uso de remédios contra covid	Post distorce dados sobre protocolos para uso de remédios contra covid	1	5	Falso
https://www.aosfatos.org/noticias/e-falso-que-tratamento-com-ivermectina-diminuiu-mortalidade-por-covid-19-em-asilos-na-eslovaquia/	https://aosfatos.org	2021-02-03	A Eslováquia é o primeiro país da União Europeia a registrar oficialmente a ivermectina no tratamento contra a covid. A taxa de mortalidade em lares de idosos é de cerca de 30%. Depois de tratar residentes com ivermectina, essa taxa em uma série de casos caiu para cerca de 5%.	falso que tratamento com ivermectina diminuiu mortalidade por Covid-19 em asilos na Eslováquia	falso que tratamento com ivermectina diminuiu mortalidade por Covid-19 em asilos na Eslováquia	1	5	falso
https://projetocomprova.com.br/publica%C3%A7%C3%B5es/site-engana-ao-afirmar-que-ha-consenso-medico-para-tratamento-de-covid-19/	https://projetocomprova.com.br	2020-07-08	Após meses observando o desenvolvimento da Covid-19 em vários países, a comunidade médica internacional encontra uma estratégia de tratamento definitiva	Site engana ao afirmar que há consenso médico para tratamento de covid-19	Site engana ao afirmar que há consenso médico para tratamento de covid-19		5	Enganoso: Não há consenso da comunidade médica internacional sobre uma estratégia de tratamento resolutiva para a covid-19 defendida em site lançado no Brasil. O Comprova também conversou com quatro das seis autoridades médicas citadas pelo site e nenhuma delas soube informar quem criou a página ou mesmo quem pagou para que fosse publicada
https://noticias.uol.com.br/comprova/ultimas-noticias/2020/09/21/post-omite-que-stf-fez-governo-liberar-r-12-mi-para-tratamento-de-crianca.htm	https://noticias.uol.com.br	2020-09-21	Post dava a entender que governo liberou R$ 12 milhões para tratamento de criança por conta própria	Post omite que STF fez governo liberar R$ 12 mi para tratamento de criança	Post omite que STF fez governo liberar R$ 12 mi para tratamento de criança	1	5	Falso
https://checamos.afp.com/cidade-de-chapeco-nao-esvaziou-leitos-de-uti-com-tratamento-precoce-contra-covid-19	https://checamos.afp.com	2021-04-07	Chapecó zerou o número de pacientes com covid-19 internados em leitos de UTI graças ao tratamento precoce	Cidade de Chapecó não esvaziou leitos de UTI com tratamento precoce contra covid-19	Cidade de Chapecó não esvaziou leitos de UTI com tratamento precoce contra covid-19	1	5	Falso
https://projetocomprova.com.br/publica%C3%A7%C3%B5es/vacinas-de-mrna-nao-sao-terapia-genetica-e-nao-causam-covid-19/	https://projetocomprova.com.br	2022-03-23	Vacinas de mRNA são terapia genética e causam a mesma doença que deveriam combater. São responsáveis por hipercoagulação, cascatas de citocina e por antecipar a morte de 23 mil pessoas.	Vacinas de mRNA não são terapia genética e não causam covid-19	Vacinas de mRNA não são terapia genética e não causam covid-19	1	5	É FALSO que vacinas de mRNA sejam terapia genética ou causem a mesma doença que deveriam combater. Vacinas não são responsáveis por hipercoagulação, cascatas de citocina e por antecipar a morte de pessoas.
https://noticias.uol.com.br/comprova/ultimas-noticias/2020/07/07/site-engana-ao-afirmar-que-ha-consenso-medico-para-tratamento-de-covid-19.htm	https://noticias.uol.com.br	2020-07-08	Conteúdo verificado: Site Covid Tem Tratamento Sim, que afirma que após meses observando o desenvolvimento da covid-19 em vários países, a comunidade médica internacional tem a convicção de uma estratégia de tratamento resolutiva para a covid-19. A página, que ficou fora do ar entre 3 e 7 de julho, informava os medicamentos para o tratamento.	Site engana ao afirmar que há consenso médico para tratamento de covid-19	Site engana ao afirmar que há consenso médico para tratamento de covid-19	1	5	Falso
https://observador.pt/factchecks/fact-check-autarcas-esvaziam-comprimidos-de-cloroquina-para-provar-que-nao-tem-efeito/	https://observador.pt	2020-08-17	A canalhice de alguns prefeitos: comprimidos de cloroquina esvaziados só pra tentar provar que a terapia não funciona	Fact Check. Autarcas esvaziam comprimidos de cloroquina para provar que não têm efeito	Fact Check. Autarcas esvaziam comprimidos de cloroquina para provar que não têm efeito		5	Errado
https://projetocomprova.com.br/publica%C3%A7%C3%B5es/orgao-de-saude-dos-eua-nao-incluiu-ivermectina-entre-terapias-contra-covid-19-diferentemente-do-que-diz-post/	https://projetocomprova.com.br	2022-09-26	rgão máximo de saúde dos EUA inclui ivermectina entre terapias antivirais	rgão de saúde dos EUA não incluiu ivermectina entre terapias contra covid-19, diferentemente do que diz post	rgão de saúde dos EUA não incluiu ivermectina entre terapias contra covid-19, diferentemente do que diz post	5	5	ENGANOSO: Na verdade, o NIH contraindica a ivermectina para a covid-19. Não há terapia com o vermífugo para covid-19 nos EUA.
https://www.estadao.com.br/estadao-verifica/estudo-harvard-dieta-carne-diabetes-enganoso/	https://estadao.com.br	2023-07-12	Estudo de Harvard: 2.029 pessoas comeram apenas carne por 6 meses praticamente abandonaram tratamento contra diabetes, perderam gordura, ganharam massa muscular e tiveram melhora de pele.	Estudo de Harvard sobre dieta carnívora se baseou em relatos de usuários de redes sociais	Estudo de Harvard sobre dieta carnívora se baseou em relatos de usuários de redes sociais		5	Enganoso
https://www.aosfatos.org/noticias/chas-de-boldo-do-chile-e-de-quina-quina-nao-previnem-nem-curam-covid-19/	https://aosfatos.org	2020-06-19	Tratamento com ervas naturais do coronavírus em plena Amazônia Legal.	Chás de boldo do chile e de quina quina não previnem nem curam Covid-19	Chás de boldo do chile e de quina quina não previnem nem curam Covid-19	1	5	falso
https://noticias.uol.com.br/comprova/ultimas-noticias/2021/04/28/protocolo-italiano-contra-covid-19-nao-tem-relacao-com-tratamento-precoce.htm	https://noticias.uol.com.br	2021-04-28	Postagem no Facebook do deputado federal Eduardo Bolsonaro diz que o Senado da Itália aprova uso de medicamentos para tratamento imediato contra a COVID-19, através de protocolo único	Protocolo italiano não tem relação com tratamento precoce	Protocolo italiano não tem relação com tratamento precoce	1	5	Falso
https://noticias.uol.com.br/confere/ultimas-noticias/2023/09/22/videos-manipulados-usam-imagem-de-drauzio-varella-para-vender-medicamentos.htm	https://noticias.uol.com.br		Novo tratamento americano, projeto do doutor Drauzio Varella para impotência sexual	Vídeos manipulados usam imagem de Drauzio Varella para vender medicamentos	Vídeos manipulados usam imagem de Drauzio Varella para vender medicamentos	1	5	Falso
https://projetocomprova.com.br/publica%C3%A7%C3%B5es/frase-de-nobel-de-medicina-de-2007-e-tirada-de-contexto-para-defender-tratamento-precoce/	https://projetocomprova.com.br	2021-10-27	"Richard J. Roberts, Nobel de Medicina: ""Medicamentos que curam não são rentáveis, portanto, não são produzidos. A indústria farmacêutica , na realidade, não quer curar ninguém, e por um motivo muito simples e direto: a cura é menos rentável que a doença"". Por isso não queriam autorizar o tratamento precoce"	"Frase de Nobel de Medicina, de 2007, é tirada de contexto para defender ""tratamento precoce"""	"Frase de Nobel de Medicina, de 2007, é tirada de contexto para defender ""tratamento precoce"""		5	ENGANOSO: O post sugere que não há interesse da indústria em produzir medicamentos para tratamento de doenças, mas a frase de Richard J. Roberts foi tirada de contexto.
https://www.aosfatos.org/noticias/e-falso-que-tratamento-precoce-zerou-internacoes-por-covid-19-em-cascavel/	https://aosfatos.org	2021-04-06	Mais de 2.000 atendimentos de tratamento precoce e nenhuma internação	falso que 'tratamento precoce' zerou internações por Covid-19 em ...	falso que 'tratamento precoce' zerou internações por Covid-19 em ...	1	5	falso
https://noticias.uol.com.br/confere/ultimas-noticias/2021/04/15/uol-confere-prefeitura-sorocaba-tratamento-precoce.htm	https://noticias.uol.com.br	2021-04-15	Pefeitura de Sorocaba divulga uma suposta eficácia do tratamento precoce no combate à covid-19	Enquanto divulga tratamento precoce, Sorocaba vê mortes dobrarem	Enquanto divulga tratamento precoce, Sorocaba vê mortes dobrarem	1	5	Falso
https://www.aosfatos.org/noticias/medico-engana-ao-afirmar-que-tratamento-precoce-foi-comprovado-cientificamente/	https://aosfatos.org	2021-04-27	Tratamento precoce foi comprovado cientificamente	Médico engana ao afirmar que 'tratamento precoce' foi comprovado ...	Médico engana ao afirmar que 'tratamento precoce' foi comprovado ...	1	5	falso
https://www.aosfatos.org/noticias/candidato-pazuello-mente-sobre-tratamento-precoce-covid-19/	https://aosfatos.org	2022-08-19	mbora não houvesse antiviral, havia medicamentos para tratar precocemente a Covid-19 na gestão do ex-ministro Eduardo Pazuello	Candidato, ex-ministro Pazuello mente sobre 'tratamento precoce ...	Candidato, ex-ministro Pazuello mente sobre 'tratamento precoce ...	1	5	falso
https://www.aosfatos.org/noticias/na-cpi-nise-yamaguchi-defende-tratamento-precoce-com-informacoes-enganosas/	https://aosfatos.org	2021-06-01	Eu nunca tive encontros privados com o presidente Bolsonaro.	Na CPI, Nise Yamaguchi defende 'tratamento precoce' com ...	Na CPI, Nise Yamaguchi defende 'tratamento precoce' com ...	1	5	falso
https://www.aosfatos.org/noticias/estudo-da-prefeitura-de-sorocaba-sobre-tratamento-precoce-tem-metodologia-falha/	https://aosfatos.org	2021-04-15	Estudo preliminar aponta 99% de eficácia do tratamento precoce	Estudo da prefeitura de Sorocaba sobre 'tratamento precoce' tem ...	Estudo da prefeitura de Sorocaba sobre 'tratamento precoce' tem ...	1	5	falso
https://www.aosfatos.org/noticias/ao-defender-tratamento-precoce-heinze-falseia-fatos-e-distorce-dados-na-cpi-da-covid-19/	https://aosfatos.org	2021-06-02	Pacientes de estudo em Manaus morreram após receberem doses tóxicas de cloroquina	Ao defender 'tratamento precoce', Heinze falseia fatos e distorce ...	Ao defender 'tratamento precoce', Heinze falseia fatos e distorce ...	1	5	falso
https://noticias.uol.com.br/confere/ultimas-noticias/2021/03/23/tratamento-precoce-covid-cloroquina-nao-funciona.htm	https://noticias.uol.com.br	2021-03-23	Tratamento precoce com cloroquina é eficiente contra covid	Covid: 5 evidências de que tratamento precoce com cloroquina não ...	Covid: 5 evidências de que tratamento precoce com cloroquina não ...	1	5	Falso
https://projetocomprova.com.br/publica%C3%A7%C3%B5es/recomendacao-de-anticoagulantes-feita-pela-oms-nao-esta-ligada-a-tratamento-precoce/	https://projetocomprova.com.br	2021-10-06	CNN: OMS recomenda anticoagulantes em baixa dosagem para pacientes com covid-19. A OMS está atrasada, o Brasil faz isso desde março.	Recomendação de anticoagulantes feita pela OMS não está ligada ...	Recomendação de anticoagulantes feita pela OMS não está ligada ...		5	"ENGANOSO: O post leva à interpretação de que o ""tratamento precoce"" funciona, mas ele não tem eficácia comprovada contra a doença."
https://www.bol.uol.com.br/noticias/2020/11/30/tratamento-precoce-com-hidroxicloroquina-nao-evitou-mortes-em-porto-feliz.htm	https://bol.uol.com.br	2020-11-30	Cloroquina salvou vidas em Porto Feliz SP	Tratamento precoce com hidroxicloroquina não evitou mortes em ...	Tratamento precoce com hidroxicloroquina não evitou mortes em ...	1	5	Falso
https://www.aosfatos.org/noticias/e-falso-que-nao-ha-internados-com-covid-19-em-buzios-por-causa-de-tratamento-precoce/	https://aosfatos.org	2021-03-18	"Búzios adota tratamento precoce e ""zera"" internações"	falso que não há internados com Covid-19 em Búzios por causa ...	falso que não há internados com Covid-19 em Búzios por causa ...	1	5	falso
https://www.aosfatos.org/noticias/medico-engana-ao-prometer-que-tratamento-caseiro-com-remedios-cura-covid-19/	https://aosfatos.org	2020-07-13	Médico diz em vídeo que é possível tratar a Covid-19 com o uso de vitaminas e medicamentos como ivermectina, hidroxicloroquina e azitromicina.	Médico engana ao prometer que tratamento caseiro com remédios ...	Médico engana ao prometer que tratamento caseiro com remédios ...	1	5	falso
https://projetocomprova.com.br/publica%C3%A7%C3%B5es/posts-enganam-ao-comparar-spray-nasal-patenteado-com-tratamento-precoce/	https://projetocomprova.com.br	2021-06-08	Farmacêutica conseguiu patentear nos EUA um spray nasal de tratamento precoce contra o vírus chinês COVID-19 contendo a Ivermectina e Hidroxicloroquina.	Posts enganam ao comparar spray nasal patenteado com ...	Posts enganam ao comparar spray nasal patenteado com ...		5	ENGANOSO: O produto teve apenas seu registro comercial aprovado nos EUA. O spray ainda não passou por testes que comprovem sua eficácia contra a covid-19.
https://noticias.uol.com.br/comprova/ultimas-noticias/2020/07/14/receita-de-medicina-natural-nao-combate-a-covid-19.htm	https://noticias.uol.com.br	2020-07-14	Conteúdo verificado: Texto publicado pela página Alertando a Cidade no Facebook explica a ação do coronavírus em três fases e recomenda o uso de uma receita natural combinada com medicamentos para o combate da covid-19, nos primeiros quatro dias da contaminação do vírus.	Receita de 'medicina natural' não combate a covid-19	Receita de 'medicina natural' não combate a covid-19	1	5	Falso
https://projetocomprova.com.br/publica%C3%A7%C3%B5es/estudo-com-hidroxicloroquina-nao-comprova-eficacia-no-tratamento-precoce/	https://projetocomprova.com.br	2021-06-15	Estudo: a hidroxicloroquina pode aumentar as chances de sobrevivência do COVID-19 em quase 200%.	Estudo com hidroxicloroquina não comprova eficácia no 'tratamento ...	Estudo com hidroxicloroquina não comprova eficácia no 'tratamento ...		5	"ENGANOSO: Postagem associa estudo pré-publicado, sem revisão dos pares, com utilização da hidroxicloroquina no ""tratamento precoce"" contra a covid-19 defendido por Bolsonaro e apoiadores. Estudo foi realizado com pacientes já em estado grave."
https://projetocomprova.com.br/publica%C3%A7%C3%B5es/video-engana-ao-sugerir-tratamento-sem-internacao-e-sem-sofrimento-para-covid-19/	https://projetocomprova.com.br	2020-05-21	Isolamento não salva a vida de ninguém	Vídeo engana ao sugerir tratamento sem internação e sem ...	Vídeo engana ao sugerir tratamento sem internação e sem ...	1	5	Enganoso: Em vídeo, pessoa sem formação na área de saúde mistura dados falsos e verdadeiros sobre os remédios atualmente indicados para o tratamento da doença provocada pelo novo coronavírus e divulga informações sem comprovação científica.
https://www.estadao.com.br/estadao-verifica/ivermectina-aprovada-fda-covid-enganoso/	https://estadao.com.br	2023-08-23	FDA autorizou médicos americanos a tratar covid com ivermectina	FDA não aprovou ivermectina para prevenção ou tratamento da covid	FDA não aprovou ivermectina para prevenção ou tratamento da covid		5	Enganoso
https://projetocomprova.com.br/publica%C3%A7%C3%B5es/oms-nao-indica-ivermectina-para-tratamento-da-covid-19/	https://projetocomprova.com.br	2021-04-22	Médicos europeus pedem uso urgente da ivermectina	OMS não indica ivermectina para tratamento da covid-19	OMS não indica ivermectina para tratamento da covid-19		5	ENGANOSO: Publicação não menciona que Tedros Adhanom aparece na reportagem em um trecho que fala justamente da não-recomendação da OMS do uso da ivermectina no tratamento de pacientes infectados pelo novo coronavírus.
https://projetocomprova.com.br/publica%C3%A7%C3%B5es/nao-ha-tratamento-previo-para-covid-19-ao-contrario-do-que-sugere-medica-no-instagram/	https://projetocomprova.com.br	2020-11-06	A médica Raissa Soares afirmou em vídeo no Instagram que a cloroquina e a ivermectina devem ser tomadas como preventivas contra a covid-19	Não há tratamento prévio para covid-19, ao contrário do que sugere ...	Não há tratamento prévio para covid-19, ao contrário do que sugere ...	1	5	FALSO: Não é verdade que se a população tomar hidroxicloroquina e ivermectina estará protegida contra a covid-19 e que, com esses medicamentos, a circulação do vírus vai acabar antes da chegada do inverno
https://projetocomprova.com.br/publica%C3%A7%C3%B5es/ainda-nao-ha-cura-oficial-para-a-covid-19-tratamento-com-corticoides-nao-tem-estudo-publicado/	https://projetocomprova.com.br	2020-04-22	A cura é oficial de acordo médicos infectologistas e imunologistas	Ainda não há cura oficial para a covid-19; tratamento com ...	Ainda não há cura oficial para a covid-19; tratamento com ...	1	5	Falso: Médico que aparece em entrevista à TV Record diz ter resultados animadores, mas ele próprio rejeita a tese de que o método já possa ser considerado uma cura
https://observador.pt/factchecks/fact-check-salsa-e-o-melhor-tratamento-para-limpar-os-rins/	https://observador.pt	2023-05-12	"""Beba um copo por dia e você vai ver que todo o sal e veneno acumulado nos seus rins, começam a surgir ao urinar.A Salsa é conhecida como o melhor tratamento de limpeza para os rins e é natural!"""	Fact Check. Salsa é o melhor tratamento para limpar os rins	Fact Check. Salsa é o melhor tratamento para limpar os rins		5	Errado
https://checamos.afp.com/postagens-com-capsula-vazia-nao-provam-conspiracao-de-prefeitos-contra-cloroquina	https://checamos.afp.com	2020-08-13	"A canalhice de prefeitos: Comprimidos de Cloroquina esvaziados só para tentar ""provar"" que a terapia não funciona contra a COVID-19"	Postagens com cápsula vazia não provam conspiração de prefeitos contra cloroquina	Postagens com cápsula vazia não provam conspiração de prefeitos contra cloroquina	1	5	Falso
https://projetocomprova.com.br/publica%C3%A7%C3%B5es/teste-de-anticorpos-nao-deve-substituir-vacina-contra-a-covid-como-sugere-deputado-do-pr/	https://projetocomprova.com.br	2021-10-15	Exames de anticorpos garantem que as pessoas que já tiveram a covid-19 estão imunes e, por isso, elas não precisam se vacinar; tratamento precoce teve a sua eficácia comprovada; ninguém monitora os efeitos colaterais dos imunizantes.	Teste de anticorpos não deve substituir vacina contra a covid, como sugere deputado do PR	Teste de anticorpos não deve substituir vacina contra a covid, como sugere deputado do PR	1	5	FALSO: Segundo a ciência, a vacinação garante proteção mais robusta do que a demonstrada pelos exames de anticorpos pós-infecção. E não há nenhum ensaio clínico que comprove a eficácia de medicamentos contra o novo coronavírus.
https://projetocomprova.com.br/publica%C3%A7%C3%B5es/video-de-medicos-engana-ao-desqualificar-vacinas-exaltar-tratamento-precoce-e-exagerar-problemas-cardiacos/	https://projetocomprova.com.br	2022-07-15	As vacinas estão provocando inflamação do miocárdio e há pessoas infartando de forma precoce e crianças com miocardite	Vídeo de médicos engana ao desqualificar vacinas, exaltar ...	Vídeo de médicos engana ao desqualificar vacinas, exaltar ...		5	Os médicos não apresentam estudos que invalidem as pesquisas realizadas ao longo de mais de dois anos de pandemia. Vacinação segue sendo a principal arma de combate ao coronavírus e seus efeitos.
https://checamos.afp.com/ivermectina-nao-se-mostrou-eficaz-na-prevencao-e-tratamento-da-covid-19	https://checamos.afp.com	2021-06-23	Estudo Argentino Divulgado em Revista Publicada Pela The Lancet Constata Eficácia da Ivermectina na Redução da Carga Viral de Pacientes Com Covid-19	A ivermectina não se mostrou eficaz na prevenção e tratamento da ...	A ivermectina não se mostrou eficaz na prevenção e tratamento da ...	3	5	Sem contexto
https://projetocomprova.com.br/publica%C3%A7%C3%B5es/estudos-fraudados-nao-deslegitimam-artigos-que-comprovam-ineficacia-da-cloroquina-contra-a-covid-19/	https://projetocomprova.com.br	2021-06-22	'Covid-19: estudos do tratamento precoce foram fraudados na medicina acadêmica', diz Dr. Peter McCullough	Estudos fraudados não deslegitimam artigos que comprovam ineficácia da cloroquina contra a covid-19	Estudos fraudados não deslegitimam artigos que comprovam ineficácia da cloroquina contra a covid-19		5	ENGANOSO: Médico apresenta evidências enganosas ao sugerir conspiração da ciência contra cloroquina. Texto de site brasileiro engana ao não explicar que tratamento não tem eficácia comprovada.
https://noticias.uol.com.br/confere/ultimas-noticias/2026/06/11/falso-ratinho-junior-doenca-terminal.ghtm	https://noticias.uol.com.br		Ratinho Júnior, filho do Ratinho, tem doença terminal	falso que Ratinho Jr. esteja com doença grave e teria 3 meses de vida	falso que Ratinho Jr. esteja com doença grave e teria 3 meses de vida	1	5	Falso
https://noticias.uol.com.br/confere/ultimas-noticias/2026/02/10/falso-nova-doenca-7-mil-mortes-eua-superlotacao-hospitais-brasil.htm	https://noticias.uol.com.br		Nova doença se espalha no Brasil! Hospitais estão lotados	falso que 'nova doença' vinda dos EUA se espalhou pelo Brasil	falso que 'nova doença' vinda dos EUA se espalhou pelo Brasil	1	5	Falso
https://www.estadao.com.br/estadao-verifica/falso-rosana-hermann-desenvolveu-mogad-vacinas-covid/	https://estadao.com.br	2025-09-29	Rosana Hermann contraiu MOGAD por causa da vacinação contra a covid-19.	falso que jornalista tenha desenvolvido doença imune rara por ...	falso que jornalista tenha desenvolvido doença imune rara por ...	1	5	Falso
https://www.estadao.com.br/estadao-verifica/vinagre-colesterol-diabetes-doencas-cardiacas-uma-semana/	https://estadao.com.br	2025-08-19	Tomar vinagre de maçã durante uma semana é capaz de prevenir doenças cardíacas, melhorar a digestão, controlar diabetes e emagrecer.	falso que vinagre de maçã seja capaz de melhorar colesterol, diabetes e digestão em uma semana	falso que vinagre de maçã seja capaz de melhorar colesterol, diabetes e digestão em uma semana	1	5	Falso
https://www.estadao.com.br/estadao-verifica/menino-desnutrido-gaza-palestina-doenca-genetica/	https://estadao.com.br	2025-08-01	Imagem de criança com doença genética rara é usada para acusar falsamente Israel pela fome em Gaza	Foto de menino que teve doença agravada pela fome é usada para ...	Foto de menino que teve doença agravada pela fome é usada para ...		5	Enganoso
https://noticias.uol.com.br/confere/ultimas-noticias/2025/06/25/falso-produto-cura-doencas-oftalmologicas-videos-ia.htm	https://noticias.uol.com.br		"William Bonner e Fátima Bernardes recomendam ""elixir de cenoura"" para curar doenças de visão"	falso que produto a base de cenoura cure doenças oftalmológicas	falso que produto a base de cenoura cure doenças oftalmológicas	1	5	Falso
https://www.aosfatos.org/noticias/video-engana-indicar-exames-coagulacao-quem-vacinou-contra-covid-19/	https://aosfatos.org	2025-06-03	Pessoas que tomaram duas doses da vacina contra a Covid-19 ou contraíram a doença devem fazer exames de fibrinogênio e d-dímero	Vídeo engana ao indicar exames de coagulação a quem se vacinou contra a Covid-19	Vídeo engana ao indicar exames de coagulação a quem se vacinou contra a Covid-19	1	5	falso
https://www.estadao.com.br/estadao-verifica/criancas-correm-menos-risco-doencas-falso/	https://estadao.com.br	2025-06-02	Crianças correm menos risco de pegar uma doença	Crianças são mais vulneráveis a infecções graves, diferentemente do que sugere post antivacina	Crianças são mais vulneráveis a infecções graves, diferentemente do que sugere post antivacina	1	5	Falso
https://www.aosfatos.org/noticias/papa-leao-14-nao-afirmou-que-transexualidade-e-doenca/	https://aosfatos.org	2025-05-22	Papa Leão 14 disse que transexualidade é doença	Papa Leão 14 não afirmou que transexualidade é doença	Papa Leão 14 não afirmou que transexualidade é doença	1	5	falso
https://noticias.uol.com.br/confere/ultimas-noticias/2025/05/20/campanha-doacao-menina-isabela-falso.htm	https://noticias.uol.com.br		Ajude Isabela. A pequena Isabela sofre todos os dias com dores intensas causadas por uma doença rara na pele chamada Epidermólise Bolhosa, que forma bolhas e provoca a perda de até 80% da pele.	Campanha que pede doações para menina Isabela é falsa e leva a golpe	Campanha que pede doações para menina Isabela é falsa e leva a golpe	1	5	Falso
https://noticias.uol.com.br/comprova/ultimas-noticias/2025/04/17/estudo-nao-conclui-que-vacina-da-gripe-aumenta-o-risco-da-doenca.html	https://noticias.uol.com.br		Vacina da gripe é ineficaz na prevenção da doença, concluiu estudo Cleveland Clinic	Estudo não conclui que vacina da gripe aumenta o risco da doença	Estudo não conclui que vacina da gripe aumenta o risco da doença		5	Enganoso
https://projetocomprova.com.br/publica%C3%A7%C3%B5es/video-usa-imagens-de-crianca-com-doenca-rara-para-desinformar-sobre-vacina-contra-a-covid-19/	https://projetocomprova.com.br	2025-04-11	Criança de 7 anos vacinada contra covid desenvolve doença	Vídeo engana ao usar história de criança sul-africana para alegar paralisia por vacina da covid no Brasil	Vídeo engana ao usar história de criança sul-africana para alegar paralisia por vacina da covid no Brasil	1	5	Falso: Vídeo usa imagens de garoto da África do Sul que perdeu os movimentos das pernas por causa de uma condição de saúde rara. O diagnóstico da criança não tem relação com vacinas ou com a covid-19.
https://www.estadao.com.br/estadao-verifica/falso-menino-vitor-perdeu-movimento-pernas-vacina-covid-vencida/	https://estadao.com.br	2025-04-08	Menino perdeu movimento das pernas após vacina da covid vencida	Vídeo usa imagem de criança com doença rara para inventar ...	Vídeo usa imagem de criança com doença rara para inventar ...	1	5	Falso
https://checamos.afp.com/doc.afp.com.36XJ3FR	https://checamos.afp.com	2025-02-10	RFK Jr. está correto sobre a doença de Lyme ter sido criada como uma arma biológica	Audiência de Robert Kennedy Jr. revive teorias falsas sobre a ...	Audiência de Robert Kennedy Jr. revive teorias falsas sobre a ...	1	5	Falso
https://www.estadao.com.br/estadao-verifica/paranoia-colesterol-doencas-coracao-enganoso/	https://estadao.com.br	2024-09-05	Não há evidências robustas da relação do colesterol com doenças do coração	Colesterol alto está, sim, associado a doenças do coração, diferentemente do que diz vídeo viral	Colesterol alto está, sim, associado a doenças do coração, diferentemente do que diz vídeo viral		5	Enganoso
https://observador.pt/factchecks/fact-check-cardeal-antonio-marto-e-bispo-jose-ornelas-fizeram-propaganda-a-pomada-terapeutica/	https://observador.pt	2024-07-22	José Ornelas Carvalho conta como ele curou a osteocondrose depois de 20 anos à procura de uma cura para a doença.	Fact Check. Cardeal António Marto e bispo José Ornelas fizeram propaganda a pomada terapêutica	Fact Check. Cardeal António Marto e bispo José Ornelas fizeram propaganda a pomada terapêutica		5	Errado
https://www.estadao.com.br/estadao-verifica/nao-ha-registros-de-casos-da-doenca-do-cervo-zumbi-em-seres-humanos/	https://estadao.com.br	2024-02-05	"Doença do ""cervo zumbi"" pode ser transmitida em seres humanos; Estados Unidos já se preparam para apocalipse com o plano militar Conop 8888"	Não há registros de casos da doença do cervo zumbi em seres humanos	Não há registros de casos da doença do cervo zumbi em seres humanos		5	Enganoso
https://www.estadao.com.br/estadao-verifica/doencas-vacina-covid-enganoso/	https://estadao.com.br	2023-11-27	Vacina da covid-19 causa doenças	Vídeo de médica deturpa realidade ao citar casos e casos de doenças relacionadas à vacina da covid	Vídeo de médica deturpa realidade ao citar casos e casos de doenças relacionadas à vacina da covid		5	Enganoso
https://www.estadao.com.br/estadao-verifica/estudo-nao-mostra-vacina-pfizer-modifica-codigo-genetico-causara-epidemias/	https://estadao.com.br	2023-10-12	Vacinas da Pfizer mudam o código genético das pessoas e vão causar epidemias de doenças.	Estudo não mostra que vacina da Pfizer modifica o código genético e que causará epidemias	Estudo não mostra que vacina da Pfizer modifica o código genético e que causará epidemias	1	5	Falso
https://www.aosfatos.org/noticias/e-falso-que-pesquisa-americana-disse-que-so-6-das-vitimas-de-covid-19-morreram-pela-infeccao/	https://aosfatos.org	2020-09-02	6% dos mortos foram mortos de Covid-19 morreram da doença. Os outros todos foram comorbidades.	falso que pesquisa americana disse que só 6% das vítimas de Covid-19 morreram pela infecção	falso que pesquisa americana disse que só 6% das vítimas de Covid-19 morreram pela infecção	1	5	falso
https://www.aosfatos.org/noticias/e-falso-que-ivermectina-apresentou-bons-resultados-contra-covid-19-em-outros-paises/	https://aosfatos.org	2020-07-20	Trata-se da ivermectina, um antiparasitário que tem apresentado atividade antiviral considerável contra o vírus causador da doença.	falso que ivermectina apresentou bons resultados contra Covid-19 em outros países	falso que ivermectina apresentou bons resultados contra Covid-19 em outros países	1	5	falso
https://checamos.afp.com/doc.afp.com.9LP8X2	https://checamos.afp.com	2021-08-26	DR. RYAN COLE, patologista e PhD em Imunologia e Virologia :A VACINA  A TOXINA. A proteína spike é quem desencadeia a doença, mas ela, sozinha, também lesa tecidos de forma igual em necropsia animal e humana.	Médico dos EUA dissemina informações falsas sobre as vacinas de mRNA contra a covid-19	Médico dos EUA dissemina informações falsas sobre as vacinas de mRNA contra a covid-19	1	5	Falso
https://checamos.afp.com/um-nanochip-nao-passa-pela-agulha-de-uma-seringa-e-o-5g-nao-carrega-virus-dizem-especialistas	https://checamos.afp.com	2020-08-11	As vacinas em desenvolvimento contra a COVID-19 virão com um nanochip 5G capaz de criar doenças, diminuir a imunidade e monitorar a localização	Um nanochip não passa pela agulha de uma seringa e o 5G não carrega vírus, dizem especialistas	Um nanochip não passa pela agulha de uma seringa e o 5G não carrega vírus, dizem especialistas	1	5	Falso
https://checamos.afp.com/na-realidade-o-cartaz-que-deputada-estava-segurando-diz-que-todos-devem-ter-dignidade-humana	https://checamos.afp.com	2019-09-13	Maria do Rosário estava segurando cartaz que diz que pedofilia não é crime, mas doença	"Na realidade, o cartaz que a deputada estava segurando diz que todos devem ""ter a dignidade humana respeitada"""	"Na realidade, o cartaz que a deputada estava segurando diz que todos devem ""ter a dignidade humana respeitada"""	1	5	Falso
https://observador.pt/factchecks/fact-check-so-o-sns-da-letonia-tem-pior-resposta-que-o-portugues/	https://observador.pt	2021-11-28	"""Você vive no 2. país europeu com pior resposta do Serviço Nacional de Saúde a todas as doenças. Pior que você só os letónios."""	Fact Check. Só o SNS da Letónia tem pior resposta que o português	Fact Check. Só o SNS da Letónia tem pior resposta que o português		5	Errado
https://checamos.afp.com/o-ministro-da-saude-de-israel-teve-covid-19-mas-nao-ha-registros-de-que-ele-tenha-dito-que-pandemia	https://checamos.afp.com	2020-04-22	Ministro de Israel que chamou a Covid-19 de punição divina aos gays está com a doença	O ministro da Saúde de Israel teve a COVID-19, mas não há registros de que ele tenha dito que a pandemia é uma punição aos gays	O ministro da Saúde de Israel teve a COVID-19, mas não há registros de que ele tenha dito que a pandemia é uma punição aos gays		5	Enganoso
https://noticias.uol.com.br/comprova/ultimas-noticias/2020/06/08/protocolo-de-uso-da-cloroquina-nao-aumentou-pacientes-recuperados-no-brasil.htm	https://noticias.uol.com.br	2020-06-08	Post que viralizou nas redes sociais afirma que depois da adoção do protocolo da cloroquina o Brasil passou a ter o número de curados quase duplicado, mas o Comprova verificou que a porcentagem de pessoas recuperadas da covid-19 ante o número de casos da doença provocada pelo novo coronavírus se mostra estável	Protocolo de uso da cloroquina não aumentou pacientes recuperados no Brasil	Protocolo de uso da cloroquina não aumentou pacientes recuperados no Brasil		5	Enganoso
https://observador.pt/factchecks/fact-check-seis-voluntarios-mortos-depois-de-receberem-a-vacina-contra-a-covid-19/	https://observador.pt	2020-12-29	O documento informativo da FDA sobre a vacina Covid da firma Moderna. Seis pessoas que tomaram a vacina morreram. Em 2 casos, a causa da morte é desconhecida. A maioria das pessoas morreu 30-45 dias após a injecção. Essas vacinas não curam nada. Essas vacinas são a doença	Fact Check. Seis voluntários mortos depois de receberem a vacina contra a Covid-19	Fact Check. Seis voluntários mortos depois de receberem a vacina contra a Covid-19		5	Enganador
https://www.estadao.com.br/estadao-verifica/cdc-admite-vacinas-covid-doencas-debilitantes/	https://estadao.com.br	2023-02-02	CDC admite que vacinas causam doenças debilitantes	CDC não admitiu que vacinas causaram doenças debilitantes; fala de diretor foi descontextualizada	CDC não admitiu que vacinas causaram doenças debilitantes; fala de diretor foi descontextualizada		5	Enganoso
https://www.aosfatos.org/noticias/covid-19-nao-e-causada-por-bacteria-nem-pode-ser-curada-com-aspirina/	https://aosfatos.org	2020-05-15	Mortes da Covid-19 são causada por uma bactéria e não por um vírus e a doença pode ser curada com aspirina	Covid-19 não é causada por bactéria nem pode ser curada com aspirina	Covid-19 não é causada por bactéria nem pode ser curada com aspirina	1	5	falso
https://observador.pt/factchecks/fact-check-o-papa-francisco-esta-doente-e-ja-caiu-duas-vezes-durante-este-mes/	https://observador.pt	2020-06-30	"""O Papa Francisco precisa das nossas orações. O Papa Francisco sofreu uma doença e é a segunda vez que cai em um mês. O Papa Francisco tem apenas um pulmão porque o outro foi removido devido a infeções. Ele precisa mais de nossas orações do que nunca."	Fact Check. O Papa Francisco está doente e já caiu duas vezes durante este mês	Fact Check. O Papa Francisco está doente e já caiu duas vezes durante este mês		5	Errado
https://observador.pt/factchecks/fact-check-reumatologista-alemao-disse-que-portugal-trata-doencas-reumaticas-com-medicamentos-obsoletos/	https://observador.pt	2020-02-28	Em Portugal, as doenças articulares ainda são tratadas com medicamentos obsoletos e ineficazes.[Thomas Schneider]	Fact Check. Reumatologista alemão disse que Portugal trata doenças reumáticas com medicamentos obsoletos	Fact Check. Reumatologista alemão disse que Portugal trata doenças reumáticas com medicamentos obsoletos		5	Errado
https://www.estadao.com.br/estadao-verifica/enganoso-indicar-alcool-prevencao-doencas/	https://estadao.com.br	2023-04-12	Consumo diário de bebida alcoólica previne doenças	Vídeo engana ao indicar álcool para prevenção de doenças	Vídeo engana ao indicar álcool para prevenção de doenças		5	Enganoso
https://checamos.afp.com/esta-e-porcentagem-de-pessoas-com-patologias-previas-em-uma-amostra-de-mortos-por-covid-19	https://checamos.afp.com	2020-05-29	96,3% das vítimas de COVID-19 da Itália faleceram por outras doenças	Esta é a porcentagem de pessoas com patologias prévias em uma amostra de mortos por COVID-19	Esta é a porcentagem de pessoas com patologias prévias em uma amostra de mortos por COVID-19	1	5	Falso
https://noticias.uol.com.br/confere/ultimas-noticias/2022/07/18/post-distorce-dados-para-afirmar-que-colesterol-baixo-aumenta-mortalidade.htm	https://noticias.uol.com.br	2022-07-18	Baixar o colesterol aumenta a doença cardíaca	Post distorce dados para afirmar que colesterol baixo aumenta mortalidade	Post distorce dados para afirmar que colesterol baixo aumenta mortalidade	2	5	Insustentável
https://www.aosfatos.org/noticias/posts-tiram-dados-de-contexto-ao-vincular-vacinas-doencas-oculares-no-reino-unido/	https://aosfatos.org	2021-02-25	Vacinas causam doenças oculares e deixam pessoas cegas no Reino Unido	Posts tiram dados de contexto ao vincular vacinas a doenças oculares no Reino Unido	Posts tiram dados de contexto ao vincular vacinas a doenças oculares no Reino Unido	3	5	distorcido
https://www.aosfatos.org/noticias/ceara-nao-teve-mais-mortes-por-doencas-respiratorias-em-2019-do-que-em-2020/	https://aosfatos.org	2020-05-12	bitos por doenças respiratórias no Ceará foi maior em 2019 do que em 2020.	Ceará não teve mais mortes por doenças respiratórias em 2019 do que em 2020	Ceará não teve mais mortes por doenças respiratórias em 2019 do que em 2020	1	5	falso
https://observador.pt/factchecks/fact-check-as-autopsias-foram-proibidas-durante-a-pandemia/	https://observador.pt	2020-10-12	Ninguém morreu de Covid, as pessoas morreram foi das doenças e outras mataram-nos com os ventiladores , tanto que foram proibidas as autópsias. Conveniente, não	Fact Check. As autópsias foram proibidas durante a pandemia	Fact Check. As autópsias foram proibidas durante a pandemia		5	Errado
https://checamos.afp.com/vacinas-de-rna-nao-causam-doencas-autoimunes-nem-matam-quem-recebe	https://checamos.afp.com	2021-04-27	"Dolores Cahill, Sherri Tempenny, Alexandra Henrion-Caude: vacinas RNA mensageiro - mRNA - matarão 30% das pessoas que as receberem, destroem pulmões, causam doenças autoimunes e choque anafilático, são elaboradas para ""despovoar"""	As vacinas de RNA não causam doenças autoimunes nem matam quem as recebe	As vacinas de RNA não causam doenças autoimunes nem matam quem as recebe	1	5	Falso
https://observador.pt/factchecks/o-coronavirus-foi-roubado-por-espioes-chineses-ao-canada/	https://observador.pt	2020-02-09	Uma equipa de espionagem chinesa, marido e mulher, foi recentemente removida de uma instalação de doenças infecciosas de nível 4 no Canadá por enviar agentes patogénicos para as instalações de Wuhan.	Fact Check. O coronavírus foi roubado por espiões chineses ao Canadá	Fact Check. O coronavírus foi roubado por espiões chineses ao Canadá		5	Errado
https://observador.pt/factchecks/fact-check-novo-estudo-da-associacao-americana-do-coracao-relaciona-vacina-com-aumento-de-risco-de-doencas-cardiacas/	https://observador.pt	2022-01-14	"""Um novo estudo da Associação Americana do Coração alerta que as vacinas mRNA aumentam drasticamente o risco de doenças cardíacas."""	Fact Check. Novo estudo da Associação Americana do Coração relaciona vacina com aumento de risco de doenças cardíacas	Fact Check. Novo estudo da Associação Americana do Coração relaciona vacina com aumento de risco de doenças cardíacas		5	Errado
https://noticias.uol.com.br/confere/ultimas-noticias/2023/05/26/prefeitura-do-rio-nao-fez-comunicado-sobre-nao-consumir-frango.htm	https://noticias.uol.com.br	2023-05-26	ALERTA Surte de gripe aviária em todo território nacional, não compre frango, não leve doença para sua família!	Prefeitura do Rio não fez comunicado sobre não consumir frango	Prefeitura do Rio não fez comunicado sobre não consumir frango	1	5	Falso
https://observador.pt/factchecks/fact-check-consumo-de-agua-em-jejum-cura-doencas/	https://observador.pt	2022-03-21	"""Beber água em jejum cura doenças"""	"Fact Check. Consumo de água em jejum ""cura doenças"""	"Fact Check. Consumo de água em jejum ""cura doenças"""		5	Errado
https://projetocomprova.com.br/publica%C3%A7%C3%B5es/hospitais-nao-estao-provocando-a-morte-de-pacientes/	https://projetocomprova.com.br	2020-06-06	Vítima faz denúncia grave sobre criminosos na saúde que provocam mortes de pessoas com outras doenças para diagnosticá-los com COVID-19	Hospitais não estão provocando a morte de pacientes	Hospitais não estão provocando a morte de pacientes		5	Enganoso: Vídeo que circula nas redes sociais afirmando que hospitais estariam “provocando a morte” de pessoas com outras doenças para poder registrá-las com covid-19 tem informações enganosas com o objetivo de desacreditar a gravidade da pandemia do novo coronavírus
https://www.aosfatos.org/noticias/tabela-que-compara-mortes-por-covid-19-com-outras-causas-traz-dados-falsos/	https://aosfatos.org	2020-04-17	Tabela mostra que outras doenças matam mais que a Covid-19	Tabela que compara mortes por Covid-19 com outras causas traz dados falsos	Tabela que compara mortes por Covid-19 com outras causas traz dados falsos	1	5	falso
https://noticias.uol.com.br/comprova/ultimas-noticias/2020/09/08/post-confunde-ao-comparar-letalidade-da-covid-19-com-outras-doencas.htm	https://noticias.uol.com.br	2020-09-08	Post levantava dúvidas ao comparar letalidade da covid-19 com outras doenças	Post confunde ao comparar letalidade da covid-19 com outras doenças	Post confunde ao comparar letalidade da covid-19 com outras doenças	1	5	Falso
https://projetocomprova.com.br/publica%C3%A7%C3%B5es/nao-e-verdade-que-vacina-da-covid-fez-explodir-doencas-cardiacas-em-criancas/	https://projetocomprova.com.br	2022-06-14	Doenças cardíacas em crianças explodem desde vacina. Mortes súbitas de crianças disparam	Não é verdade que vacina da covid fez explodir doenças cardíacas em crianças	Não é verdade que vacina da covid fez explodir doenças cardíacas em crianças	5	5	ENGANOSO: Nenhuma das instituições mencionadas reconhece as informações como verdadeiras. Uma delas alerta para uma “interpretação enganosa dos dados”.
https://www.aosfatos.org/noticias/vacina-que-teve-testes-clinicos-interrompidos-no-peru-nao-e-coronavac/	https://aosfatos.org	2020-12-14	Peru suspende testes da CoronaVac por causa de paralisia nas pernas de voluntário	Vacina que teve testes clínicos interrompidos no Peru não é a ...	Vacina que teve testes clínicos interrompidos no Peru não é a ...	1	5	falso
https://observador.pt/factchecks/fact-check-omicron-nao-e-uma-variante-do-coronavirus-mas-uma-reacao-do-corpo-humano-a-vacina/	https://observador.pt	2021-12-06	"""Não caiam na narrativa dos mídia! Não há variante! Se trata de uma reação do corpo humano com as proteínas spike contidas nas vacinas, não há vírus!"""	Fact Check. micron não é uma variante do coronavírus, mas uma reação do corpo humano à vacina	Fact Check. micron não é uma variante do coronavírus, mas uma reação do corpo humano à vacina		5	Errado
https://www.aosfatos.org/noticias/ceo-da-pfizer-nao-disse-que-objetivo-das-vacinas-e-reduzir-a-populacao-mundial/	https://aosfatos.org	2022-06-07	CEO da Pfizer diz que objetivo das vacinas é reduzir em 50% a população mundial	CEO da Pfizer não disse que objetivo das vacinas é reduzir a população mundial	CEO da Pfizer não disse que objetivo das vacinas é reduzir a população mundial	1	5	falso
https://observador.pt/factchecks/fact-check-autoridade-do-medicamento-dos-eua-confirma-a-existencia-de-grafeno-nas-vacinas-contra-a-covid-19/	https://observador.pt	2023-04-18	"""xido de grafeno é tóxico e mortal para o ser humano. A FDA confirma que o óxido de grafeno está nas vacinas COVID-19 ""mRNA"" depois de ser forçado a liberar documentos confidenciais da Pfizer por ordem do Tribunal Federal dos EUA."""	"Fact Check. Autoridade do medicamento dos EUA confirma a existência de ""grafeno"" nas vacinas contra a Covid-19"	"Fact Check. Autoridade do medicamento dos EUA confirma a existência de ""grafeno"" nas vacinas contra a Covid-19"		5	Errado
https://www.aosfatos.org/noticias/foto-nao-mostra-prefeito-de-londres-fingindo-receber-dose-da-vacina-contra-covid-19/	https://aosfatos.org	2020-12-18	Foto mostra prefeito de Londres tomando vacina contra Covid-19 ainda tampada.	Foto não mostra prefeito de Londres fingindo receber dose da vacina contra a Covid-19	Foto não mostra prefeito de Londres fingindo receber dose da vacina contra a Covid-19	1	5	falso
https://www.aosfatos.org/noticias/5-fatos-sobre-vacina-contra-febre-amarela/	https://aosfatos.org	2018-03-24	A dose fracionada da vacina da febre amarela protege.	5 fatos sobre a vacina contra a febre amarela	5 fatos sobre a vacina contra a febre amarela	1	5	falso
https://www.aosfatos.org/noticias/e-falso-que-vacina-da-pfizer-tem-organismos-vivos-em-sua-composicao/	https://aosfatos.org	2021-10-27	Vacina da Pfizer tem organismos vivos e grafeno na composição	falso que vacina da Pfizer tem organismos vivos em sua composição	falso que vacina da Pfizer tem organismos vivos em sua composição	1	5	falso
https://checamos.afp.com/doc.afp.com.9TU9KN	https://checamos.afp.com	2021-12-02	Vacinas reduziram o número de casos e mortes por Covid19. erto	Dados de casos e mortes globais de covid-19 não indicam ineficácia das vacinas, dizem especialistas	Dados de casos e mortes globais de covid-19 não indicam ineficácia das vacinas, dizem especialistas		5	Enganoso
https://aosfatos.org/noticias/e-falso-que-empresarios-de-mt-irao-cuba-para-tomar-vacina-sputnik-v/	https://aosfatos.org	2021-03-19	Empresários de MT irão a Cuba para tomar vacina Sputnik V	falso que empresários de MT irão a Cuba para tomar vacina Sputnik V	falso que empresários de MT irão a Cuba para tomar vacina Sputnik V	1	5	falso
https://www.aosfatos.org/noticias/grupo-consultivo-da-oms-na-europa-nao-recomendou-quarentena-para-vacinados-contra-covid-19/	https://aosfatos.org	2021-11-29	Grupo Consultivo Europeu da OMS disse que todos os vacinados devem ser colocados em quarentena	Grupo consultivo da OMS na Europa não recomendou quarentena para vacinados contra Covid-19	Grupo consultivo da OMS na Europa não recomendou quarentena para vacinados contra Covid-19	1	5	falso
https://www.aosfatos.org/noticias/vacinas-testadas-contra-covid-19-nao-usam-nanochip-para-rastrear-pessoas-pelo-5g/	https://aosfatos.org	2020-08-06	Você acredita que dentro da vacina de Covid-19, que será obrigatória para toda população, pode ter um nano-chip	Vacinas testadas contra Covid-19 não usam nanochip para rastrear pessoas pelo 5G	Vacinas testadas contra Covid-19 não usam nanochip para rastrear pessoas pelo 5G	1	5	falso
https://www.aosfatos.org/noticias/stf-nao-decidiu-em-2018-que-vacinacao-obrigatoria-seria-inconstitucional/	https://aosfatos.org	2020-12-21	STF decidiu em 2018 que vacinação obrigatória seria inconstitucional ao analisar ação movida pelo PSOL	STF não decidiu em 2018 que vacinação obrigatória seria inconstitucional	STF não decidiu em 2018 que vacinação obrigatória seria inconstitucional	1	5	falso
https://projetocomprova.com.br/publica%C3%A7%C3%B5es/segunda-dose-da-coronavac-nao-esta-relacionada-a-taxa-de-eficacia-da-vacina/	https://projetocomprova.com.br	2021-01-18	Coronavac tem eficácia global de 50,38% e será preciso tomar duas doses da vacina	Segundas doses servem de reforço e são comuns em programas de vacinação	Segundas doses servem de reforço e são comuns em programas de vacinação		5	ENGANOSO: Doses escalonadas são comuns em programas de vacinação e servem para reforçar a primeira dose. A taxa de eficácia global da CoronaVac, de 50,38%, não indica que metade dos vacinados vai pegar a doença e a outra metade, não.
https://projetocomprova.com.br/publica%C3%A7%C3%B5es/vacinas-contra-a-covid-19-usadas-no-brasil-passaram-por-testes-de-seguranca-ao-contrario-do-que-diz-deputado/	https://projetocomprova.com.br	2021-06-17	Não ao passaporte de imunização. As vacinas da COVID não seguiram os protocolos normais e reações adversas têm ocorrido.	Vacinas contra a covid-19 usadas no Brasil passaram por testes de segurança, ao contrário do que diz deputado	Vacinas contra a covid-19 usadas no Brasil passaram por testes de segurança, ao contrário do que diz deputado	1	5	FALSO: Todos os imunizantes passaram por fases de testes, cujos dados são públicos, e, antes de serem aplicados, suas segurança e eficácia são analisadas pela autoridade sanitária de cada país.
https://observador.pt/factchecks/fact-check-presidente-croata-interrompeu-a-campanha-de-vacinacao-contra-a-covid-19/	https://observador.pt	2021-11-21	"""Presidente da Croácia interrompeu a campanha de vacinação contra a Covid-19 no país."""	Fact Check. Presidente croata interrompeu a campanha de vacinação contra a Covid-19	Fact Check. Presidente croata interrompeu a campanha de vacinação contra a Covid-19		5	Errado
https://checamos.afp.com/doc.afp.com.9UR84V	https://checamos.afp.com	2021-12-16	Advertência em Paris sobre AVC em crianças em era pós vacinas covid	A campanha sobre AVC na França não tem a ver com a vacinação de crianças contra a covid-19	A campanha sobre AVC na França não tem a ver com a vacinação de crianças contra a covid-19	3	5	Sem contexto
https://checamos.afp.com/e-falsa-mensagem-sobre-uma-suposta-producao-de-vacina-pela-fiocruz-com-israel	https://checamos.afp.com	2021-04-01	Afirmações sobre vacina nacional da Fiocruz com a parceria de Israel, e autorização do vice-presidente Hamilton Mourão para entrar em fábrica	falsa a mensagem sobre uma suposta produção de vacina pela Fiocruz com Israel	falsa a mensagem sobre uma suposta produção de vacina pela Fiocruz com Israel	1	5	Falso
https://observador.pt/factchecks/fact-check-imagens-mostram-vasculite-provocada-pela-vacina-da-janssen/	https://observador.pt	2022-08-24	Sou vacinada com uma dose da Janssen e tive vasculite após ser inoculada. Enfim, isso é o que estão achando no sangue dos vacinados.	Fact Check. Imagens mostram vasculite provocada pela vacina da Janssen	Fact Check. Imagens mostram vasculite provocada pela vacina da Janssen		5	Errado
https://www.estadao.com.br/estadao-verifica/faustao-doador-de-orgao-nao-vacinado/	https://estadao.com.br	2023-08-29	Faustão tinha que receber órgão de doador não vacinado	falso que pessoas vacinadas não possam ser doadoras de órgãos	falso que pessoas vacinadas não possam ser doadoras de órgãos	1	5	Falso
https://www.aosfatos.org/noticias/relatos-em-sistema-do-governo-americano-nao-provam-que-vacinas-causaram-mortes/	https://aosfatos.org	2022-01-14	Vacina da Pfizer não foi testada e altera RNA	Relatos em sistema do governo americano não provam que vacinas causaram mortes	Relatos em sistema do governo americano não provam que vacinas causaram mortes	1	5	falso
https://checamos.afp.com/cabo-do-exercito-argentino-que-faleceu-nao-havia-recebido-vacina-russa-contra-covid-19	https://checamos.afp.com	2021-01-05	A cabo do Exército argentino Dominguez Victoria faleceu após receber a vacina russa contra a covid-19 Sputnik V	A cabo do Exército argentino que faleceu não havia recebido a vacina russa contra a covid-19	A cabo do Exército argentino que faleceu não havia recebido a vacina russa contra a covid-19	1	5	Falso
https://observador.pt/factchecks/fact-check-as-vacinas-contra-a-covid-19-sao-inseguras-e-nao-foram-devidamente-testadas/	https://observador.pt	2021-02-28	""" As vacinas não passaram pelos protocolos de teste adequados e não são seguras."""	Fact Check. As vacinas contra a Covid-19 são inseguras e não foram devidamente testadas	Fact Check. As vacinas contra a Covid-19 são inseguras e não foram devidamente testadas		5	Errado
https://projetocomprova.com.br/publica%C3%A7%C3%B5es/doses-da-janssen-doadas-pelos-eua-ao-brasil-estavam-aptas-para-uso-e-foram-aprovadas-pela-anvisa/	https://projetocomprova.com.br	2021-07-06	A verdade por trás da J&J: vacina da Janssen está sendo recusada pelos americanos por questões de segurança e os Estados Unidos estenderam o prazo de validade de imunizantes prestes a vencer para, em seguida, doar 3 milhões de doses ao Brasil.	Doses da Janssen doadas pelos EUA ao Brasil estavam aptas para uso e foram aprovadas pela Anvisa	Doses da Janssen doadas pelos EUA ao Brasil estavam aptas para uso e foram aprovadas pela Anvisa		5	ENGANOSO: Doses não estão estragadas. Os imunizantes foram considerados seguros pelas autoridades sanitárias dos dois países. Extensão do prazo de validade considerou a qualidade da vacina armazenada nas condições adequadas por até 4 meses e meio.
https://www.aosfatos.org/noticias/foto-de-homem-com-rosto-inchado-nao-retrata-efeito-colateral-da-coronavac/	https://aosfatos.org	2020-07-28	Foto de jovem com rosto inchado mostra reação colateral da vacina chinesa	Foto de homem com rosto inchado não retrata efeito colateral da CoronaVac	Foto de homem com rosto inchado não retrata efeito colateral da CoronaVac	1	5	falso
https://www.aosfatos.org/noticias/de-volta-cpi-queiroga-distorce-dados-para-defender-copa-america-e-atuacao-do-governo/	https://aosfatos.org	2021-06-08	Brasil está entre os cinco países que mais distribuiu doses de vacina	De volta à CPI, Queiroga distorce dados para defender Copa América e atuação do governo	De volta à CPI, Queiroga distorce dados para defender Copa América e atuação do governo	2	5	insustentável
https://observador.pt/factchecks/fact-check-medico-descobriu-que-macron-mentiu-e-nao-recebeu-qualquer-dose-da-vacina-contra-o-novo-coronavirus/	https://observador.pt	2023-09-28	"""Michael Rochoy, clínico reputado, descobriu que Macron não foi inoculado com qualquer vacina Cov!d."""	Fact Check. Médico descobriu que Macron mentiu e não recebeu qualquer dose da vacina contra o novo coronavírus	Fact Check. Médico descobriu que Macron mentiu e não recebeu qualquer dose da vacina contra o novo coronavírus		5	Errado
https://projetocomprova.com.br/publica%C3%A7%C3%B5es/maioria-dos-infectados-pela-omicron-nao-foi-vacinada-ao-contrario-do-que-afirma-medico/	https://projetocomprova.com.br	2022-02-07	Vacinados têm sistema imunológico que facilita contaminação pela ômicron	Maioria dos infectados pela ômicron não foi vacinada, ao contrário do que afirma médico	Maioria dos infectados pela ômicron não foi vacinada, ao contrário do que afirma médico	1	5	São FALSAS as afirmações de um médico que nega a epidemia de influenza no Brasil e diz que a variante ômicron infectou mais as pessoas vacinadas contra covid-19
https://projetocomprova.com.br/publica%C3%A7%C3%B5es/projeto-de-lei-nao-preve-prisao-para-quem-se-recusar-a-tomar-vacina-contra-a-covid-19/	https://projetocomprova.com.br	2020-09-04	Projeto de lei em tramitação na Câmara dos Deputados quer obrigar as pessoas a tomarem a vacina contra a covid-19, sob pena de serem detidos por até um ano	Projeto de lei não prevê prisão para quem se recusar a tomar vacina contra a covid-19	Projeto de lei não prevê prisão para quem se recusar a tomar vacina contra a covid-19	1	5	FALSO: O que o projeto de lei em tramitação na Câmara propõe é a definição de uma lista de pessoas prioritárias para uma possível campanha de imunização. A possibilidade de adoção de vacinação obrigatória contra covid-19 já está prevista em lei sancionada pelo presidente da República em fevereiro
https://observador.pt/factchecks/fact-check-vacina-da-pfizer-obriga-a-um-mes-de-abstinencia-sexual/	https://observador.pt	2021-06-04	-lhes referido, como aconselha o protocolo da Pfizer [a quem é vacinado], que se mantenham abstinentes de relações sexuais por um período de 30 dias após a toma da injeção	Fact Check. Vacina da Pfizer obriga a um mês de abstinência sexual	Fact Check. Vacina da Pfizer obriga a um mês de abstinência sexual		5	Enganador
https://noticias.uol.com.br/confere/ultimas-noticias/2023/05/30/covid-e-falso-que-a-fiocruz-tenha-parado-de-produzir-vacina-da-astrazeneca.htm	https://noticias.uol.com.br	2023-05-30	Atenção. Olha isso gente. Proibiram as vacinas, e agora E quem já tomou	Covid:  falso que a Fiocruz tenha parado de produzir vacina da Astrazeneca	Covid:  falso que a Fiocruz tenha parado de produzir vacina da Astrazeneca	1	5	Falso
https://projetocomprova.com.br/publica%C3%A7%C3%B5es/e-enganoso-relacionar-indenizacao-britanica-por-danos-causados-por-vacinas-as-mortes-pela-covid/	https://projetocomprova.com.br	2023-06-09	Governo britânico anuncia indenização de 120 mil euros para vítimas da vacina	enganoso relacionar indenização britânica por danos causados por vacinas às mortes pela covid	enganoso relacionar indenização britânica por danos causados por vacinas às mortes pela covid		5	Enganoso
https://observador.pt/factchecks/fact-check-vacina-contra-a-gripe-aumenta-risco-de-apanhar-covid-19/	https://observador.pt	2020-05-18	Um estudo realizado pela Armed Forces Health Surveillance Branch com militares nos EUA e publicado em janeiro de 2020 mostrou que a vacina contra influenza parece aumentar em 36% o risco de infecção pelo Covid-19.	Fact Check. Vacina contra a gripe aumenta risco de apanhar Covid-19	Fact Check. Vacina contra a gripe aumenta risco de apanhar Covid-19		5	Errado
https://www.agenciatatu.com.br/noticia/desinformacao-covid-19/	https://agenciatatu.com.br	2026-08-19	Vídeos afirmam que imunologista confessou que o vírus Sars-Cov-2, causador da covid-19, teve origem num vazamento de laboratório.	Desinformação sobre a origem da covid-19 volta a circular após audiência de Anthony Fauci nos EUA	Desinformação sobre a origem da covid-19 volta a circular após audiência de Anthony Fauci nos EUA		5	Checamos
https://observador.pt/factchecks/fact-check-homem-retido-em-cruzeiro-com-surto-de-hantavirus-e-o-mesmo-que-apareceu-na-bbc-durante-a-covid-19/	https://observador.pt	2026-05-28	Homem retido num cruzeiro com surto de hantavírus é o mesmo actor pago que já 'atuou' no tempo da Covid	Fact Check. Homem retido em cruzeiro com surto de hantavírus é o mesmo que apareceu na BBC durante a Covid-19	Fact Check. Homem retido em cruzeiro com surto de hantavírus é o mesmo que apareceu na BBC durante a Covid-19		5	Errado
https://observador.pt/factchecks/fact-check-ficheiros-do-caso-epstein-mostram-discussao-para-a-simulacao-de-uma-pandemia-com-bill-gates-antes-da-covid-19/	https://observador.pt	2026-02-26	Documentos atribuídos aos chamados arquivos Epstein voltaram a causar revolta ao citarem conversas sobre simular pandemias globais, incluindo menções ao nome de Bill Gates	Fact Check. Ficheiros do caso Epstein mostram discussão para a ...	Fact Check. Ficheiros do caso Epstein mostram discussão para a ...		5	Errado
https://www.aosfatos.org/noticias/publicacoes-mentem-afirmar-globo-inflou-numeros-pandemia-prejudicar-bolsonaro/	https://aosfatos.org	2025-08-11	Globo inflou números da pandemia para prejudicar Bolsonaro	Publicações mentem ao afirmar que Globo inflou números da ...	Publicações mentem ao afirmar que Globo inflou números da ...	1	5	falso
https://www.estadao.com.br/estadao-verifica/vacina-covid-fertilidade-mulheres/	https://estadao.com.br	2025-05-14	Fertilidade de mulheres vacinadas contra a covid-19 caiu 33%, segundo estudo da Tchecoslováquia	Estudos mostram que vacinação contra covid não causa nenhuma ...	Estudos mostram que vacinação contra covid não causa nenhuma ...	1	5	Falso
https://observador.pt/factchecks/fact-check-agencia-europeia-do-medicamento-revela-que-nunca-deu-luz-verde-para-que-vacinas-contra-a-covid-19-fossem-administradas/	https://observador.pt	2024-10-30	"A Agência Europeia de Medicamentos reconheceu que nunca autorizou a ""vacina"" COVID para travar, prevenir ou reduzir a alegada doença...."	EMA não deu luz verde às vacinas contra Covid-19	EMA não deu luz verde às vacinas contra Covid-19		5	Errado
https://projetocomprova.com.br/publica%C3%A7%C3%B5es/post-engana-ao-dizer-que-fauci-teria-afirmado-ser-um-dos-criadores-da-covid-19-e-deletado-e-mails-sobre-origem-do-virus/	https://projetocomprova.com.br	2024-06-12	Covid-19 foi oficialmente desmascarado como um projeto do governo dos EUA	Post engana ao dizer que Fauci teria afirmado ser um dos criadores ...	Post engana ao dizer que Fauci teria afirmado ser um dos criadores ...		5	Enganoso: Acusações tiram de contexto mensagens de Fauci divulgadas em 2021. Ainda não há evidência científica de que o vírus tenha sido criado na China.
https://www.aosfatos.org/noticias/e-falso-que-vacina-contra-covid-19-pode-criar-novas-variantes-do-coronavirus/	https://aosfatos.org	2021-06-02	Vacinas contra Covid-19 estão criando uma nova variante	falso que vacina contra a Covid-19 pode criar novas variantes do ...	falso que vacina contra a Covid-19 pode criar novas variantes do ...	1	5	falso
https://www.aosfatos.org/noticias/e-falso-que-abertura-da-olimpiada-de-2012-exibiu-representacao-da-pandemia-de-covid-19/	https://aosfatos.org	2022-01-11	Pandemia de Covid-19 foi representada na abertura da Olimpíada de Londres, em 2012	falso que abertura da Olimpíada de 2012 exibiu representação da pandemia de Covid-19	falso que abertura da Olimpíada de 2012 exibiu representação da pandemia de Covid-19	1	5	falso
https://www.aosfatos.org/noticias/ao-anunciar-que-contraiu-covid-19-bolsonaro-recorre-informacoes-falsas-sobre-pandemia/	https://aosfatos.org	2020-07-07	Primeiro que essa política passou a ser privativa dos governadores e prefeitos. O presidente da República em praticamente nada pôde interferir nessa política, Então se ela vai indo bem ou vai indo mal, a responsabilidade é dos governadores e prefeitos, segundo decisão do STF.	Ao anunciar que contraiu Covid-19, Bolsonaro recorre a ...	Ao anunciar que contraiu Covid-19, Bolsonaro recorre a ...	1	5	falso
https://www.aosfatos.org/noticias/fora-de-contexto-videos-sao-usados-para-acusar-chineses-de-disseminar-novo-coronavirus/	https://aosfatos.org	2020-04-01	Vídeos mostram chineses disseminando o novo coronavírus	Fora de contexto, vídeos são usados para acusar chineses de disseminar novo coronavírus	Fora de contexto, vídeos são usados para acusar chineses de disseminar novo coronavírus	1	5	falso
https://checamos.afp.com/os-fios-pretos-dentro-das-mascaras-nao-sao-parasitas-mas-fibras-texteis-inofensivas	https://checamos.afp.com	2021-04-19	Vídeos revelam como há parasitas escondidos dentro das máscaras contra covid-19	Os fios pretos dentro das máscaras não são parasitas, mas fibras têxteis inofensivas	Os fios pretos dentro das máscaras não são parasitas, mas fibras têxteis inofensivas	1	5	Falso
https://observador.pt/factchecks/fact-check-e-a-cobertura-5g-que-esta-a-provocar-as-mortes-associadas-ao-coronavirus/	https://observador.pt	2020-02-06	Wuhan é a primeira província chinesa com cobertura completa da rede 5G que está a causar as mortes que as autoridades de saúde e governamentais estão a encobrir com a mentira do coronavírus!	Fact Check:  a cobertura 5G que está a provocar as mortes associadas ao coronavírus	Fact Check:  a cobertura 5G que está a provocar as mortes associadas ao coronavírus		5	Errado
https://checamos.afp.com/esses-caixoes-alinhados-nao-sao-de-vitimas-do-novo-coronavirus-mas-de-migrantes-mortos-na-costa-da	https://checamos.afp.com	2020-03-25	RESULTADO DO CORONAVIRUS NA ITLIA	Esses caixões alinhados não são de vítimas do novo coronavírus, mas de migrantes mortos na costa da Itália em 2013	Esses caixões alinhados não são de vítimas do novo coronavírus, mas de migrantes mortos na costa da Itália em 2013	1	5	Falso
https://www.bol.uol.com.br/noticias/2023/03/17/audio-falso-diz-que-bivalente-e-vacina-da-gripe-sao-aplicadas-juntas.htm	https://bol.uol.com.br	2023-03-17	Médica de B. Horizonte alertando sobre a vacina da gripe adicionada com a vacina bivalente da covid. Essas vacinas estão sendo unificadas em uma... Dizendo que é a vacina da gripe. Mas ela é veneno	udio falso diz que bivalente é adicionada à vacina da gripe	udio falso diz que bivalente é adicionada à vacina da gripe	1	5	Falso
https://www.bol.uol.com.br/noticias/2021/08/12/vacina-tarcisio-meira-confere-covid-coronavirus.htm	https://bol.uol.com.br	2021-08-12	Morte de Tarcísio Meira mostra que vacina contra covid-19 não funciona	Posts citam morte de Tarcísio Meira para distorcer eficácia de vacinas	Posts citam morte de Tarcísio Meira para distorcer eficácia de vacinas	3	5	Distorcido
https://checamos.afp.com/doc.afp.com.9PR99T	https://checamos.afp.com	2021-10-16	Estudos de fase 3 das vacinas contra covid-19 só serão concluídos em 2022 e 2023 e os imunizantes são experimentais	As vacinas anticovid ainda são monitoradas na fase 3, mas já mostraram eficácia e segurança	As vacinas anticovid ainda são monitoradas na fase 3, mas já mostraram eficácia e segurança		5	Enganoso
https://observador.pt/factchecks/fact-check-ricardo-salgado-tinha-direito-a-nao-estar-no-julgamento-devido-a-sua-idade/	https://observador.pt	2021-06-07	"""Como sabem, [Ricardo Salgado] tem 76 anos, quase a completar 77. No âmbito da legislação em vigor de combate e prevenção Covid-19, tem direito a não comparecer presencialmente no tribunal"	Fact Check. Ricardo Salgado tinha direito a não estar no julgamento devido à sua idade	Fact Check. Ricardo Salgado tinha direito a não estar no julgamento devido à sua idade		5	Certo
https://noticias.uol.com.br/confere/ultimas-noticias/2023/08/09/estudo-nao-comprova-que-hidroxicloroquina-e-eficaz-contra-covid-19.htm	https://noticias.uol.com.br	2023-08-07	O artigo publicado hoje na Nature Scientific Report é um tapa na cara daqueles que ainda hoje falam que a hidroxicloorquina é 'ineficaz' na COVID-19	Covid: Estudo não comprova que cloroquina é eficaz contra a doença	Covid: Estudo não comprova que cloroquina é eficaz contra a doença	3	5	Distorcido
https://www.aosfatos.org/noticias/stf-nao-tirou-poderes-de-bolsonaro-no-combate-covid-19/	https://aosfatos.org	2020-08-12	STF tirou do presidente e deu a governadores e prefeitos poderes sobre combate à Covid-19	STF não tirou poderes de Bolsonaro no combate à Covid-19	STF não tirou poderes de Bolsonaro no combate à Covid-19	1	5	falso
https://projetocomprova.com.br/publica%C3%A7%C3%B5es/ao-contrario-do-que-afirma-blog-oms-recomenda-isolamento-como-uma-das-medidas-de-combate-ao-novo-coronavirus/	https://projetocomprova.com.br	2020-05-06	OMS não recomenda confinamento como estratégia de combate ao novo coronavírus	Ao contrário do que afirma blog, OMS recomenda isolamento como uma das medidas de combate ao novo coronavírus	Ao contrário do que afirma blog, OMS recomenda isolamento como uma das medidas de combate ao novo coronavírus		5	Enganoso: Declaração de uma porta-voz da OMS foi tirada de contexto. O Comprova verificou a declaração original e está claro que a recomendação é que não se utilize o isolamento como medida de combate
https://www.aosfatos.org/noticias/uso-precoce-de-ivermectina-azitromicina-e-aas-contra-covid-19-nao-tem-respaldo-cientifico/	https://aosfatos.org	2020-07-14	Médica recomenda administração de ivermectina, azitromicina e AAS para tratar Covid-19 antes mesmo de receber resultado de exames	Uso precoce de ivermectina, azitromicina e AAS contra Covid-19 não tem respaldo científico	Uso precoce de ivermectina, azitromicina e AAS contra Covid-19 não tem respaldo científico	1	5	falso
https://projetocomprova.com.br/publica%C3%A7%C3%B5es/governador-da-bahia-nao-pediu-a-prefeitos-para-inventarem-casos-de-covid-19/	https://projetocomprova.com.br	2020-05-01	Governador da Bahia pediu a prefeitos para inventarem casos de covid-19	Governador da Bahia não pediu a prefeitos para inventarem casos de covid-19	Governador da Bahia não pediu a prefeitos para inventarem casos de covid-19		5	Enganoso: Vídeo publicado no YouTube e Facebook foi tirado de contexto. Nas imagens, o governador da Bahia, Rui Costa, discute com prefeitos sobre o crescimento de casos de covid-19 na região do extremo sul do estado. Em nenhum momento, ao longo da conversa, ele pede para que casos da doença sejam “inventados em Porto Seguro”.
https://observador.pt/factchecks/fact-check-primeira-ministra-da-provincia-canadiana-de-alberta-pedi-desculpa-aos-nao-vacinados-pela-forma-como-foram-tratados/	https://observador.pt	2023-09-22	"""Primeira-ministra de Alberta, no Canadá, pediu desculpa aos não vacinados pelas descriminações injustas e disse que estes tinham razão, porque as vacinas não evitaram que as pessoas contraíssem a Covid-19"""	Fact Check. Primeira-ministra da província canadiana de Alberta pedi desculpa aos não vacinados pela forma como foram tratados	Fact Check. Primeira-ministra da província canadiana de Alberta pedi desculpa aos não vacinados pela forma como foram tratados		5	Errado
https://www.aosfatos.org/noticias/falso-governo-lula-1541-mortes-covid/	https://aosfatos.org	2023-03-06	Governo Lula registrou o segundo maior número de mortes por Covid-19 em 24h	falso que governo Lula registrou 1.541 mortes por Covid-19 em 24 horas	falso que governo Lula registrou 1.541 mortes por Covid-19 em 24 horas	1	5	falso
https://checamos.afp.com/delcy-rodriguez-nao-disse-que-venezuela-firmou-um-convenio-com-o-coronavirus-e-uma-montagem	https://checamos.afp.com	2020-12-01	"A vice-presidente da Venezuela, Delcy Rodríguez, disse que seu governo firmou um ""convênio"" com o novo coronavírus"	Delcy Rodríguez não disse que a Venezuela firmou um convênio com o coronavírus, é uma montagem	Delcy Rodríguez não disse que a Venezuela firmou um convênio com o coronavírus, é uma montagem	1	5	Falso
https://www.aosfatos.org/noticias/registros-de-mortes-por-pneumonia-e-insuficiencia-respiratoria-nao-foram-substituidos-por-covid19-em-2020/	https://aosfatos.org	2020-08-12	Portal da Transparência! bitos por pneumonia em 2019: 97.091. bitos por insuficiência respiratória: 41.220. Entendeu onde estão as 100 mil mortes Renomearam pneumonia e insuficiência respiratória para Covid-19.	Registros de mortes por pneumonia e insuficiência respiratória não foram substituídos por Covid-19 em 2020	Registros de mortes por pneumonia e insuficiência respiratória não foram substituídos por Covid-19 em 2020	3	5	distorcido
https://www.aosfatos.org/noticias/familia-rothschild-patente-teste-covid19-2015/	https://aosfatos.org	2022-02-18	Família Rothschild patenteou teste para Covid-19 em 2015	Não é verdade que família Rothschild registrou patente de teste de Covid-19 em 2015	Não é verdade que família Rothschild registrou patente de teste de Covid-19 em 2015	1	5	falso
https://noticias.uol.com.br/comprova/ultimas-noticias/2021/06/25/oxford-nao-encontrou-fortes-indicios-da-eficacia-da-ivermectina.htm	https://noticias.uol.com.br	2021-06-26	Bolsonaro afirma que a Universidade de Oxford encontrou fortes indícios de que a ivermectina previne ou é salutar contra a covid	Covid: Oxford não encontrou 'fortes indícios' da eficácia da ivermectina	Covid: Oxford não encontrou 'fortes indícios' da eficácia da ivermectina	1	5	Falso
https://checamos.afp.com/pesquisa-na-cidade-do-mexico-nao-prova-reducao-nas-internacoes-por-covid-pelo-uso-de-ivermectina	https://checamos.afp.com	2021-05-24	Cidade do México diz que ivermectina reduziu internações por covid-19 em até 76%	Pesquisa na Cidade do México não prova redução nas internações por covid pelo uso de ivermectina	Pesquisa na Cidade do México não prova redução nas internações por covid pelo uso de ivermectina	3	5	Sem contexto
https://noticias.uol.com.br/confere/ultimas-noticias/2021/08/12/em-live-bolsonaro-omite-que-mortes-por-covid-apos-2-dose-sao-excecao.htm	https://noticias.uol.com.br	2021-08-13	Muitas pessoas têm perdido a vida por covid mesmo após a segunda dose	Em live, Bolsonaro omite que mortes por covid após 2 dose são raras	Em live, Bolsonaro omite que mortes por covid após 2 dose são raras	3	5	Distorcido
https://www.aosfatos.org/noticias/ministerio-da-saude-nao-orientou-que-parentes-duvidem-de-atestados-de-obito-por-covid-19/	https://aosfatos.org	2020-04-01	ATENO. Aos parentes das vítimas de óbito recentes: não aceitem atestados de óbito em que o médico estiver atribuindo a causa morte ao COVID-19.	Ministério da Saúde não orientou que parentes duvidem de atestados de óbito por Covid-19	Ministério da Saúde não orientou que parentes duvidem de atestados de óbito por Covid-19	1	5	falso
https://www.bol.uol.com.br/noticias/2021/06/10/bolsonaro-distorce-acordao-do-tcu-e-levanta-suspeita-de-supernotificacao.htm	https://bol.uol.com.br	2021-06-10	Então, segundo o TCU, está aqui, que é um acórdão não conclusivo, deixo bem claro, mas com fortíssimos indícios de supernotificação [de mortes por covid-19]	Bolsonaro distorce acórdão do TCU para lançar dúvida sobre mortes por covid	Bolsonaro distorce acórdão do TCU para lançar dúvida sobre mortes por covid	1	5	Falso
https://checamos.afp.com/o-logo-deste-caminhao-de-testes-de-covid-19-e-um-porco-formigueiro	https://checamos.afp.com	2020-08-05	Instalação para testes do coronavirus com símbolo de Anúbis, o deus egípcio da morte	O logo deste caminhão de testes de COVID-19 é um porco-formigueiro	O logo deste caminhão de testes de COVID-19 é um porco-formigueiro	1	5	Falso
https://www.aosfatos.org/noticias/video-nao-mostra-enterro-falso-de-covid-19-mas-gravacao-de-reportagem-sobre-coveiros/	https://aosfatos.org	2021-04-01	Vídeo mostra enterro falso de Covid-19	Vídeo não mostra enterro falso de Covid-19, mas gravação de reportagem sobre coveiros	Vídeo não mostra enterro falso de Covid-19, mas gravação de reportagem sobre coveiros	1	5	falso
https://checamos.afp.com/doc.afp.com.9QV7L7	https://checamos.afp.com	2021-11-02	assim que os nativos australianos recebem as autoridades tentando forçá-los a tomarem a picadinha covid-19	Esses indígenas não protestaram na Austrália contra a vacinação, mas no Brasil antes da covid-19	Esses indígenas não protestaram na Austrália contra a vacinação, mas no Brasil antes da covid-19	1	5	Falso
https://checamos.afp.com/dirigir-sem-mascara-de-protecao-contra-covid-19-nao-figura-como-infracao-de-transito	https://checamos.afp.com	2020-05-05	Detran e PM irão multar quem dirigir sem máscara de proteção contra o novo coronavírus	Dirigir sem máscara de proteção contra a COVID-19 não figura como infração de trânsito	Dirigir sem máscara de proteção contra a COVID-19 não figura como infração de trânsito	1	5	Falso
https://noticias.uol.com.br/comprova/ultimas-noticias/2020/05/06/fala-da-oms-e-tirada-de-contexto-para-dizer-que-orgao-e-contra-isolamento.htm	https://noticias.uol.com.br	2020-05-06	OMS é contra medidas de isolamento social para combate ao coronavírus	Fala da OMS é tirada de contexto para dizer que órgão é contra isolamento	Fala da OMS é tirada de contexto para dizer que órgão é contra isolamento	1	5	Falso
https://noticias.uol.com.br/comprova/ultimas-noticias/2025/08/27/ana-estela-haddad-atua-na-saude-digital-e-nao-tem-cargo-no-farmacia-popular.htm	https://noticias.uol.com.br		Esquema Milionário Dinheiro da saúde financia Narctróca fico!	Ana Estela Haddad atua na saúde digital e não tem cargo no ...	Ana Estela Haddad atua na saúde digital e não tem cargo no ...	1	5	Falso
https://www.aosfatos.org/noticias/temer-exagera-ao-ressaltar-aumento-para-saude-e-educacao-em-2017/	https://aosfatos.org	2016-11-07	Nós organizamos um Orçamento para o ano que vem que leva em conta o teto de gastos como se a Proposta de Emenda Constitucional tivesse sido aprovada. E quando você vai lá, você vê que nós aumentamos as verbas para saúde e educação.	Temer exagera ao ressaltar aumento para saúde e educação em 2017	Temer exagera ao ressaltar aumento para saúde e educação em 2017	3	5	exagerado
https://noticias.uol.com.br/comprova/ultimas-noticias/2020/07/21/tuite-omite-dados-ao-comparar-plano-de-saude-do-stf-com-patria-voluntaria.htm	https://noticias.uol.com.br	2020-07-21	Conteúdo verificado: Tuíte de Roberto Jefferson no qual ele compara os valores arrecadados pelo Projeto Pátria Voluntária, administrado pela primeira-dama Michelle Bolsonaro, com os gastos do STF-Med, plano de saúde que atende funcionários do Supremo Tribunal Federal.	Tuíte omite dados ao comparar plano de saúde do STF com Pátria Voluntária	Tuíte omite dados ao comparar plano de saúde do STF com Pátria Voluntária		5	Enganoso
https://observador.pt/factchecks/fact-check-oms-pediu-desculpa-por-nao-ter-recomendado-hidroxicloroquina-no-tratamento-de-covid-19/	https://observador.pt	2022-07-18	"Interessante ver a Organização Mundial da Saúde pedindo desculpas porque não autorizou o uso da cloroquina, da azitromicina."""	Fact Check. OMS pediu desculpa por não ter recomendado hidroxicloroquina no tratamento de Covid-19	Fact Check. OMS pediu desculpa por não ter recomendado hidroxicloroquina no tratamento de Covid-19		5	Errado
https://observador.pt/factchecks/fact-check-os-insetos-nao-sao-adaptados-ao-consumo-humano/	https://observador.pt	2022-09-28	"""Os insetos são constituídos por quitina, que não é processada pelo nosso estômago, mas é um polissacarídeo muito do agrado dos carcinomas, parasitas, fungos e outros que são altamente nocivos para a saúde humana. .... Os insetos não são adaptados ao consumo humano."""	"Fact Check. Os insetos ""não são adaptados ao consumo humano"""	"Fact Check. Os insetos ""não são adaptados ao consumo humano"""		5	Errado
https://observador.pt/factchecks/fact-check-portugal-gasta-mais-em-saude-que-a-media-da-ue-e-tem-cuidados-muito-piores-como-alega-rui-rio/	https://observador.pt	2022-01-06	"""Portugal gasta mais que a média europeia em termos de Saúde e tem uma prestação muito pior que essa mesma média"""	"Fact Check. Portugal gasta mais em Saúde que a média da UE e tem cuidados ""muito piores"", como alega Rui Rio"	"Fact Check. Portugal gasta mais em Saúde que a média da UE e tem cuidados ""muito piores"", como alega Rui Rio"		5	Errado
https://eleicoes.apublica.org/2018/2018/09/fernando-carneiro-acertou-belem-e-a-capital-com-pior-cobertura-em-saude-da-familia/	https://eleicoes.apublica.org	2018-09-05	Belém é a capital com menor índice de atendimento do Programa Saúde da Família, só 24%	Fernando Carneiro acertou: Belém é a capital com pior cobertura em saúde da família - Truco2018	Fernando Carneiro acertou: Belém é a capital com pior cobertura em saúde da família - Truco2018	5	5	Verdadeiro
https://noticias.uol.com.br/confere/ultimas-noticias/2021/06/15/em-cpi-ex-secretario-se-contradiz-sobre-falta-de-oxigenio-no-amazonas.htm	https://noticias.uol.com.br	2021-06-15	Na nossa rede de saúde [estadual do Amazonas] foram dois dias, 14 e 15, com intermitência no fornecimento [de oxigênio]	CPI da Covid: ex-secretário do AM se contradiz sobre falta de oxigênio	CPI da Covid: ex-secretário do AM se contradiz sobre falta de oxigênio	1	5	Falso
https://www.aosfatos.org/noticias/profissionais-de-saude-nao-viraram-costas-para-bruno-covas-video-foi-gravado-na-belgica/	https://aosfatos.org	2020-05-20	Profissionais de saúde deram as costas para prefeito de São Paulo Bruno Covas.	Profissionais de saúde não viraram as costas para Bruno Covas; vídeo foi gravado na Bélgica	Profissionais de saúde não viraram as costas para Bruno Covas; vídeo foi gravado na Bélgica	1	5	falso
https://noticias.uol.com.br/confere/ultimas-noticias/2020/07/17/cloroquina-olavo-de-carvalho-informacao-falsa.htm	https://noticias.uol.com.br	2020-07-17	"""Na França o primeiro-ministro e o ministro da Saúde que vetaram a cloroquina perderam os cargos e respondem a processo. No Brasil, xingado de genocida é o presidente que, liberando a cloroquina, salvou milhares de vidas. Esse país é o paraíso da ignorância."""	Informação que associa saída de ministros franceses à cloroquina é falsa	Informação que associa saída de ministros franceses à cloroquina é falsa	1	5	Falso
https://www.aosfatos.org/noticias/falso-que-presidente-cns-pediu-cancelamento-piso-salarial-enfermagem/	https://aosfatos.org	2022-09-08	Fernando Pigatto, presidente do Conselho Nacional de Saúde, pediu para cancelar o piso salarial dos enfermeiros	falso que presidente do CNS pediu cancelamento do piso salarial da enfermagem	falso que presidente do CNS pediu cancelamento do piso salarial da enfermagem	1	5	falso
https://noticias.uol.com.br/confere/ultimas-noticias/2018/11/18/teoria-boato-sem-comprovacao-dormir-cebola-meias-beneficios-dores-saude.htm	https://noticias.uol.com.br	2018-11-18	Dormir com cebola nas meias faz bem para a saúde	Dormir com cebola nas meias não tem efeitos sobre a saúde	Dormir com cebola nas meias não tem efeitos sobre a saúde	1	5	Falso
https://observador.pt/factchecks/fact-check-ministra-da-saude-da-holanda-limpa-as-ruas-duas-horas-por-dia/	https://observador.pt	2019-11-11	Na Holanda, a ministra da Saúde trabalha duas horas diariamente como agente de limpeza antes de ir ao seu escritório.	Fact check. Ministra da Saúde da Holanda limpa as ruas duas horas por dia	Fact check. Ministra da Saúde da Holanda limpa as ruas duas horas por dia		5	Errado
https://www.aosfatos.org/noticias/e-falso-que-premie-e-ministro-franceses-foram-demitidos-por-suspender-uso-da-hidroxicloroquina/	https://aosfatos.org	2020-07-16	Primeiro-ministro e ministro da Saúde da França perderam o cargo e estão sendo alvo de investigação por terem vetado a cloroquina.	falso que premiê e ministro franceses foram demitidos por suspender uso da hidroxicloroquina	falso que premiê e ministro franceses foram demitidos por suspender uso da hidroxicloroquina	1	5	falso
https://observador.pt/factchecks/fact-check-hospitais-privados-fecharam-as-portas-quando-a-populacao-mais-precisou-de-cuidados-de-saude/	https://observador.pt	2020-10-07	"""Como todos aprendemos na pandemia, o privado fecha as portas quando a população mais precisa de cuidados de saúde"""	Fact Check. Hospitais privados fecharam as portas quando a população mais precisou de cuidados de saúde	Fact Check. Hospitais privados fecharam as portas quando a população mais precisou de cuidados de saúde		5	Enganador
https://www.aosfatos.org/noticias/e-falso-que-mortes-no-amazonas-cairam-logo-apos-visita-de-pazuello-ao-estado/	https://aosfatos.org	2021-02-09	O número de mortes caiu em 99% no Amazonas após uma visita do ministro da Saúde ao estado.	falso que mortes no Amazonas caíram logo após visita de Pazuello ao estado	falso que mortes no Amazonas caíram logo após visita de Pazuello ao estado	1	5	falso
https://checamos.afp.com/mulher-vista-na-foto-e-ministra-alema-franziska-giffey-em-uma-atividade-especial-para-o-dia-da	https://checamos.afp.com	2019-10-16	Esta foto mostra a ministra da Saúde da Holanda em sua rotina diária como agente de limpeza	A mulher vista na foto é a ministra alemã Franziska Giffey em uma atividade especial para o Dia da Mulher	A mulher vista na foto é a ministra alemã Franziska Giffey em uma atividade especial para o Dia da Mulher	1	5	Falso
https://www.aosfatos.org/noticias/checagens-em-tempo-real-do-debate-da-tv-globo-com-os-candidatos-governador-de-sp/	https://aosfatos.org	2018-10-02	Lançamos o Corujão da Saúde. Em 83 dias, nós zeramos esse deficit.	As checagens em tempo real do debate da TV Globo com os candidatos a governador de SP	As checagens em tempo real do debate da TV Globo com os candidatos a governador de SP	3	5	impreciso
https://observador.pt/factchecks/fact-check-testes-a-covid-custam-26-milhoes-de-euros-por-dia/	https://observador.pt	2020-11-04	E se, em vez de gastar 2.6 milhões por dia em testes, gastassem antes 2.6 milhões de euros por dia a reforçar o sns, a criar mais e melhores condições e a pagar como deve de ser aos profissionais de saúde	Fact Check. Testes à Covid custam 2,6 milhões de euros por dia	Fact Check. Testes à Covid custam 2,6 milhões de euros por dia		5	Errado
https://checamos.afp.com/doc.afp.com.33LW96E	https://checamos.afp.com	2023-06-30	O afélio ocorreu em junho e trouxe prejuízos ao clima e a saúde humana	A Terra chegará ao afélio em 6 de julho de 2023; fenômeno não afetará a saúde humana	A Terra chegará ao afélio em 6 de julho de 2023; fenômeno não afetará a saúde humana	1	5	Falso
https://observador.pt/factchecks/fact-check-italia-descobriu-que-afinal-as-mortes-por-covid-19-sao-causadas-por-uma-bacteria/	https://observador.pt	2020-06-30	ITALIA FOI A CURA PARA O CORONAVIRUS. Os médicos italianos desobedecem à lei mundial da saúde da OMS, para não realizar autópsias em pessoas que morreram de coronavírus, descobrindo que NO é um VRUS, mas sim uma BACTRIA, que causa a morte.	Fact Check. Itália descobriu que, afinal, as mortes por Covid-19 são causadas por uma bactéria	Fact Check. Itália descobriu que, afinal, as mortes por Covid-19 são causadas por uma bactéria		5	Errado
https://observador.pt/factchecks/fact-check-mascaras-cirurgicas-sao-borrifadas-com-quimicos-prejudiciais-para-a-saude/	https://observador.pt	2020-10-26	"Aquelas máscaras azuis que os sistemas de saúde promovem e as lojas oferecem e insistem que use quando entra saiba que são borrifadas com PTFE politetrafluoretileno que é fluoreto sintético encontrado no teflon. Outro prego para o seu caixão."""	Fact Check. Máscaras cirúrgicas são borrifadas com químicos prejudiciais para a saúde	Fact Check. Máscaras cirúrgicas são borrifadas com químicos prejudiciais para a saúde		5	Errado
https://noticias.uol.com.br/confere/ultimas-noticias/2018/09/29/boato-planserv-plano-de-saude-dos-servidores-da-bahia-nao-sera-privatizado.htm	https://noticias.uol.com.br	2018-09-29	Plano de saúde dos servidores públicos da Bahia será privatizado	Plano de saúde dos servidores públicos da Bahia não será privatizado	Plano de saúde dos servidores públicos da Bahia não será privatizado	1	5	Falso
https://observador.pt/factchecks/fact-check-portugal-e-o-pais-da-europa-onde-em-plena-pandemia-mais-centros-de-saude-estarao-fechados/	https://observador.pt	2021-01-19	"""Devemos ser o país da Europa onde, em plena pandemia, mais centros de saúde estarão fechados"""	"Fact Check. Portugal é ""o país da Europa onde, em plena pandemia, mais centros de saúde estarão fechados"""	"Fact Check. Portugal é ""o país da Europa onde, em plena pandemia, mais centros de saúde estarão fechados"""		5	Errado
https://checamos.afp.com/beber-agua-nao-faz-parte-das-medidas-de-prevencao-contra-o-novo-coronavirus	https://checamos.afp.com	2020-02-04	Autoridade de Saúde do Canadá recomenda beber água morna para se proteger do novo coronavírus	Beber água não faz parte das medidas de prevenção contra o novo coronavírus	Beber água não faz parte das medidas de prevenção contra o novo coronavírus	1	5	Falso
https://projetocomprova.com.br/publica%C3%A7%C3%B5es/mascara-nao-causa-acumulo-de-liquido-nos-pulmoes-nem-intoxicacao/	https://projetocomprova.com.br	2020-12-07	O uso de máscaras não reduz o risco de contrair o coronavírus e é prejudicial à saúde	Máscara não causa acúmulo de líquido nos pulmões nem intoxicação	Máscara não causa acúmulo de líquido nos pulmões nem intoxicação	1	5	"FALSO: Postagem usa suposto caso de mulher que caiu enquanto corria usando uma máscara para dizer que equipamento é prejudicial à saúde, mas autoridades negam que proteção cause danos graves. Além disso, uso de máscara não é recomendado durante prática de exercícios físicos ao ar livre """
https://www.aosfatos.org/noticias/e-falso-que-canada-orientou-manter-garganta-umida-como-prevencao-ao-coronavirus/	https://aosfatos.org	2020-01-30	Boletim do Departamento de Saúde do Canadá: informe suas famílias, parentes e amigos.	falso que Canadá orientou manter a garganta úmida como prevenção ao coronavírus	falso que Canadá orientou manter a garganta úmida como prevenção ao coronavírus	1	5	falso
https://checamos.afp.com/foto-do-ex-ministro-da-saude-e-do-governador-do-para-sem-mascaras-e-anterior-covid-19	https://checamos.afp.com	2020-05-19	Esta foto mostra o ex-ministro da Saúde Henrique Mandetta e o governador do Pará, Helder Barbalho, sem máscaras durante a pandemia de coronavírus	A foto do ex-ministro da Saúde e do governador do Pará sem máscaras é anterior à COVID-19	A foto do ex-ministro da Saúde e do governador do Pará sem máscaras é anterior à COVID-19	1	5	Falso
https://projetocomprova.com.br/publica%C3%A7%C3%B5es/decreto-com-contingenciamento-de-recursos-federais-nao-determina-corte-de-verbas/	https://projetocomprova.com.br	2023-08-03	Governo corta mais de 1 bilhão, inclusive de saúde e educação	Decreto com contingenciamento de recursos federais não determina corte de verbas	Decreto com contingenciamento de recursos federais não determina corte de verbas		5	CONTEXTUALIZANDO: O termo corte se refere a uma retirada definitiva das verbas. A ação foi um bloqueio, que pode ser temporário ou não.
https://checamos.afp.com/foto-de-uma-manifestante-com-um-cartaz-contra-saude-publica-e-uma-montagem	https://checamos.afp.com	2020-11-04	"Manifestante levou cartaz que dizia ""Não à saúde pública"" ao ato de 1 de novembro de 2020 na Avenida Paulista"	A foto de uma manifestante com um cartaz contra a saúde pública é uma montagem	A foto de uma manifestante com um cartaz contra a saúde pública é uma montagem	1	5	Falso
https://www.aosfatos.org/noticias/e-falso-que-internacoes-por-covid-19-em-santarem-cairam-apos-visita-de-pazuello/	https://aosfatos.org	2021-02-19	Internações por Covid-19 em Santarém caíram após visita do ministro da Saúde, Eduardo Pazuello.	falso que internações por Covid-19 em Santarém caíram após visita de Pazuello	falso que internações por Covid-19 em Santarém caíram após visita de Pazuello	1	5	falso
https://observador.pt/factchecks/fact-check-o-e-mail-atendimentosns24-gov-pt-substitui-a-linha-sns24/	https://observador.pt	2020-10-21	"""Se suspeitam estar com a Covid-19 e a linha da saúde 24 não atender, mandem um mail para atendimento@sns24.gov.pt. Eles respondem dentro de meia hora. Por favor partilhem para não entupirem ainda mais a linha de saúde 24"""	Fact Check. O e-mail atendimento@sns24.gov.pt substitui a linha SNS24	Fact Check. O e-mail atendimento@sns24.gov.pt substitui a linha SNS24		5	Errado
https://www.estadao.com.br/estadao-verifica/comer-apenas-frutas-72-horas/	https://estadao.com.br	2023-08-14	Dieta baseada somente em frutas é boa para a saúde	falso que comer somente frutas por 72 horas traga benefícios à saúde e ajude a emagrecer	falso que comer somente frutas por 72 horas traga benefícios à saúde e ajude a emagrecer	1	5	Falso
https://projetocomprova.com.br/publica%C3%A7%C3%B5es/fala-de-medicos-sobre-coronavirus-perder-forca-nao-tem-apoio-de-orgaos-de-saude/	https://projetocomprova.com.br	2020-06-04	Segundo médicos de UTI e órgão da saúde, coronavírus começa a perder força	Fala de médicos sobre coronavírus perder força não tem apoio de órgãos de saúde	Fala de médicos sobre coronavírus perder força não tem apoio de órgãos de saúde		5	Enganoso: As falas de dois médicos italianos, um deles ligado a Silvio Berlusconi, são reais, mas não têm respaldo científico e foram desautorizadas por autoridades sanitárias da Itália.
https://observador.pt/factchecks/fact-check-fotografia-mostra-enfermeira-brasileira-que-combate-covid-19-equipada-com-saco-de-lixo/	https://observador.pt	2020-04-30	"""Só queria lembrar que o país que gasta 63 milhões de reais por ano com auxílio paletó é o mesmo em que os profissionais de saúde estão usando saco de lixo como EPI para combater o COVID-19"""	Fact Check. Fotografia mostra enfermeira brasileira que combate Covid-19 equipada com saco de lixo	Fact Check. Fotografia mostra enfermeira brasileira que combate Covid-19 equipada com saco de lixo		5	Enganador
https://noticias.uol.com.br/confere/ultimas-noticias/2022/09/20/bolsonaro-mentiras-onu-assembleia-geral-2022.htm	https://noticias.uol.com.br	2022-09-20	Quando o Brasil se manifesta sobre a agenda da saúde pública fazemos isso com a autoridade de um governo que durante a pandemia da Covid-19 não poupou esforços para salvar vidas, e preservar empregos	Bolsonaro mente na ONU ao dizer que 'não poupou esforços' na pandemia	Bolsonaro mente na ONU ao dizer que 'não poupou esforços' na pandemia	1	5	Falso
https://observador.pt/factchecks/taxar-bebidas-acucaradas-melhora-mesmo-a-saude/	https://observador.pt	2016-10-21	Estamos a falar de impostos que vão afetar uma gama de produtos muito pequena e não são propriamente produtos agroalimentares. São produtos da área das bebidas e que têm a ver com razões de saúde e que têm sido adotados em muitos países.	Taxar bebidas açucaradas melhora mesmo a saúde	Taxar bebidas açucaradas melhora mesmo a saúde		5	Praticamente certo
https://observador.pt/factchecks/fact-check-medico-que-propos-lavagem-das-maos-foi-internado-em-asilo-psiquiatrico-por-causa-dessa-ideia/	https://observador.pt	2022-01-14	"""O médico que descobriu que lavar as mãos evitava a disseminação de doenças foi despejado numa instituição de saúde mental devido à sua ideia louca."""	Fact Check. Médico que propôs lavagem das mãos foi internado em asilo psiquiátrico por causa dessa ideia	Fact Check. Médico que propôs lavagem das mãos foi internado em asilo psiquiátrico por causa dessa ideia		5	Errado
https://eleicoes.apublica.org/2018/2018/09/helder-criou-107-equipes-de-saude-da-familia-em-ananindeua-exagerou-candidato/	https://eleicoes.apublica.org	2018-09-11	Criou 107 Equipes de Saúde da Família, deixando o município com 80% de cobertura	Helder criou 107 equipes de saúde da família em Ananindeua Exagerou, candidato! - Truco2018	Helder criou 107 equipes de saúde da família em Ananindeua Exagerou, candidato! - Truco2018	3	5	Exagerado
https://noticias.uol.com.br/confere/ultimas-noticias/2023/03/17/e-falso-que-oms-pediu-desculpas-por-nao-recomendar-cloroquina.htm	https://noticias.uol.com.br	2023-03-17	interessante ver a Organização Mundial da Saúde pedindo desculpas porque não autorizou o uso da cloroquina, da azitromicina. Que covardes. Muita gente morreu por causa de vocês	falso que OMS pediu desculpas por não recomendar cloroquina	falso que OMS pediu desculpas por não recomendar cloroquina	1	5	Falso
https://www1.folha.uol.com.br/equilibrioesaude/2023/10/cdc-nao-falsificou-dados-nem-admitiu-que-99-das-mortes-por-covid-nos-eua-foram-por-outras-causas.shtml	https://www1.folha.uol.com.br	2023-10-05	Artigo compartilhado por virologista no X, antigo Twitter, afirma que o Centro de Controle e Prevenção de Doenças CDC dos Estados Unidos admitiu que falsificou 99% das mortes por covid-19 para assustar o público e fazê-lo tomar a vacina. Segundo o texto, dados da agência de saúde revelam que apenas 1,7% das 324 mortes pelo vírus registradas na semana encerrada em 19 de agosto de 2023 tiveram a doença como principal causa de óbito.	CDC não falsificou dados nem admitiu que 99% das mortes por Covid nos EUA foram por outras causas	CDC não falsificou dados nem admitiu que 99% das mortes por Covid nos EUA foram por outras causas	1	5	Falso
https://observador.pt/factchecks/a-despesa-publica-com-saude-cresceu-pela-primeira-vez-em-muitos-anos/	https://observador.pt	2017-07-12	"""Em 2016, pela primeira vez, desde há muitos anos foi invertida a tendência de decréscimo da despesa pública em Saúde como atesta a conta satélite recentemente publicada pelo INE."""	A despesa pública com Saúde cresceu pela primeira vez em muitos anos	A despesa pública com Saúde cresceu pela primeira vez em muitos anos		5	Errado
https://checamos.afp.com/doc.afp.com.9TU7UV	https://checamos.afp.com	2021-12-02	O ministro da Saúde da frica do Sul negou a existência da variante ômicron	Ministro sul-africano criticou restrições de viagens, não negou existência da variante ômicron	Ministro sul-africano criticou restrições de viagens, não negou existência da variante ômicron	1	5	Falso
https://observador.pt/factchecks/fact-check-estado-pagou-750-milhoes-a-unidades-hospitalares-privadas-para-complementar-o-sns-no-combate-a-pandemia/	https://observador.pt	2021-01-13	"""Nos últimos meses  isso foi público na semana passada  o Estado pagou 750 milhões de euros a unidades privadas para assegurarem respostas que o Serviço Nacional de Saúde não estava em condições de dar."	Fact Check. Estado pagou 750 milhões a unidades hospitalares privadas para complementar o SNS no combate à pandemia	Fact Check. Estado pagou 750 milhões a unidades hospitalares privadas para complementar o SNS no combate à pandemia		5	Errado
https://checamos.afp.com/este-kit-covid-foi-distribuido-na-verdade-pela-prefeitura-de-tucuma-no-para	https://checamos.afp.com	2020-05-21	No Piauí quem é atestado covid19 já sai do posto de saúde com seu kit coronavírus..	Este kit COVID foi distribuído, na verdade, pela Prefeitura de Tucumã, no Pará	Este kit COVID foi distribuído, na verdade, pela Prefeitura de Tucumã, no Pará		5	Enganoso
https://checamos.afp.com/este-protesto-foi-realizado-na-belgica-e-nao-contra-o-prefeito-de-sao-paulo-bruno-covas	https://checamos.afp.com	2020-05-22	Este vídeo mostra um protesto de profissionais de saúde contra o prefeito de São Paulo Bruno Covas	Este protesto foi realizado na Bélgica, e não contra o prefeito de São Paulo Bruno Covas	Este protesto foi realizado na Bélgica, e não contra o prefeito de São Paulo Bruno Covas	1	5	Falso
https://noticias.uol.com.br/confere/ultimas-noticias/2020/03/26/ministerio-da-saude-nao-esta-ligando-para-oferecer-alcool-gel-e-mascaras.htm	https://noticias.uol.com.br	2020-03-26	Ministério da Saúde liga para oferecer álcool gel e máscaras	Ministério da Saúde não está telefonando para oferecer álcool gel e máscara	Ministério da Saúde não está telefonando para oferecer álcool gel e máscara	1	5	Falso
https://www.aosfatos.org/noticias/vaias-evento-vacinacao-governadora-df-nao-ministra-saude/	https://aosfatos.org	2023-06-20	Ministra da Saúde do desgoverno Lula, Nísia Trindade, é vaiada durante campanha de vacinação	Vaias em evento de vacinação foram à governadora do DF, não à ministra da Saúde	Vaias em evento de vacinação foram à governadora do DF, não à ministra da Saúde	1	5	falso
https://checamos.afp.com/imagens-de-acao-da-pf-em-sergipe-circulam-como-se-fossem-em-secretaria-de-saude-no-maranhao	https://checamos.afp.com	2021-03-15	Polícia Federal encontra malotes e caixas de dinheiro desviado da Secretaria de Saúde de Imperatriz, no Maranhão	Imagens de ação da PF em Sergipe circulam como se fossem em Secretaria de Saúde no Maranhão	Imagens de ação da PF em Sergipe circulam como se fossem em Secretaria de Saúde no Maranhão		5	Enganoso
https://observador.pt/factchecks/fact-check-alemanha-gasta-tres-vezes-mais-em-saude-que-portugal-como-diz-catarina-martins/	https://observador.pt	2022-01-08	"""Alemanha gasta o triplo de Portugal na Saúde"""	Fact Check. Alemanha gasta três vezes mais em Saúde que Portugal, como diz Catarina Martins	Fact Check. Alemanha gasta três vezes mais em Saúde que Portugal, como diz Catarina Martins		5	Esticado
https://checamos.afp.com/nao-este-tipo-de-verme-nao-e-novo-e-nem-representa-um-risco-saude	https://checamos.afp.com	2019-09-10	Vídeo mostra novo tipo de verme que representa um risco à saúde das pessoas.	Não, este tipo de verme não é novo e nem representa um risco à saúde	Não, este tipo de verme não é novo e nem representa um risco à saúde	1	5	Falso
https://www.estadao.com.br/estadao-verifica/ministerio-da-saude-intervencao-mudanca-de-sexo-14-anos/	https://estadao.com.br	2023-08-16	Ministério da Saúde autoriza intervenção para mudança de sexo a partir de 14 anos	Ministério da Saúde não autorizou intervenções para 'mudança de ...	Ministério da Saúde não autorizou intervenções para 'mudança de ...		5	Enganoso
https://www.aosfatos.org/noticias/e-montagem-foto-de-manifestante-com-cartaz-em-que-pede-o-fim-da-saude-publica/	https://aosfatos.org	2020-11-04	Foto mostra manifestante segurando cartaz com a frase 'Não à saúde pública'	montagem foto de manifestante com cartaz em que pede o fim da saúde pública	montagem foto de manifestante com cartaz em que pede o fim da saúde pública	1	5	falso
https://www.aosfatos.org/noticias/governo-lula-bloqueou-orcamento-saude-educacao/	https://aosfatos.org	2023-08-03	Governo Lula cortou R$ 1,5 bilhão na Saúde e na Educação	Governo Lula bloqueou R$ 1,5 bilhão de dez ministérios, sendo 52% de Saúde e Educação	Governo Lula bloqueou R$ 1,5 bilhão de dez ministérios, sendo 52% de Saúde e Educação		5	não_é_bem_assim
https://observador.pt/factchecks/fact-check-o-sns-foi-reforcado-com-11-mil-profissionais-de-saude/	https://observador.pt	2019-07-10	Admitimos mais 11 mil profissionais no SNS, mas temos que continuar a reduzir os tempos de espera em saúde.	Fact Check. O SNS foi reforçado com 11 mil profissionais de saúde	Fact Check. O SNS foi reforçado com 11 mil profissionais de saúde		5	Enganador
https://www.aosfatos.org/noticias/ministerio-da-saude-nao-autorizou-mudanca-de-sexo-14-anos/	https://aosfatos.org	2023-08-14	Resolução do Ministério da Saúde autoriza mudança de sexo para crianças a partir de 14 anos	Ministério da Saúde não autorizou 'mudança de sexo' a partir dos ...	Ministério da Saúde não autorizou 'mudança de sexo' a partir dos ...	1	5	falso
https://www.aosfatos.org/noticias/mandetta-falseia-fatos-sobre-sua-gestao-na-saude-em-depoimento-cpi-da-covid-19/	https://aosfatos.org	2021-05-04	Todos os 15 mil [respiradores encomendados na China] foram entregues	Mandetta falseia fatos sobre a sua gestão na Saúde em depoimento ...	Mandetta falseia fatos sobre a sua gestão na Saúde em depoimento ...	1	5	falso
https://observador.pt/factchecks/fact-check-decathlon-em-portugal-recomendou-que-profissionais-de-saude-nao-entrassem-nas-lojas/	https://observador.pt	2020-07-14	"""E quando a Decathlon de Alfragide barra à entrada a obesos, hipertensos, idosos e PESSOAL DE SADE"""	Fact Check. Decathlon em Portugal recomendou que profissionais de saúde não entrassem nas lojas	Fact Check. Decathlon em Portugal recomendou que profissionais de saúde não entrassem nas lojas		5	Errado
https://www.estadao.com.br/estadao-verifica/ministerio-da-saude-falso-bolsonaro-medidas-de-combate-pandemia/	https://estadao.com.br	2023-09-07	Ministério da Saúde de Lula afirmou que não houve negligência durante a pandemia	Ministério da Saúde não atestou que Bolsonaro tomou medidas ...	Ministério da Saúde não atestou que Bolsonaro tomou medidas ...	1	5	Falso
https://apublica.org/truco2018/2018/09/menos-armando-repasse-para-oss-na-saude-nao-chegam-perto-de-r-1-bilhao/	https://apublica.org	2018-09-26	Em 2017, ano de maior transferências para as Organizações Sociais na atual gestão, valor chegou a R$ 767.921.054,73	Menos, Armando. Repasse para OS's na Saúde não chegam perto ...	Menos, Armando. Repasse para OS's na Saúde não chegam perto ...	3	5	Exagerado
https://www.aosfatos.org/noticias/na-tv-candidatos-prefeitura-alternam-fato-e-ficcao-sobre-saude-no-rio/	https://aosfatos.org	2020-10-19	Quando o mundo estava em pânico com o Covid, o Rio tinha todos os equipamentos	Na TV, candidatos à prefeitura alternam fato e ficção sobre a Saúde ...	Na TV, candidatos à prefeitura alternam fato e ficção sobre a Saúde ...	1	5	falso
https://projetocomprova.com.br/publica%C3%A7%C3%B5es/ministerio-da-saude-descartou-relacao-entre-vacina-e-morte-de-adolescente-em-joao-pessoa/	https://projetocomprova.com.br	2022-01-24	Criança morre após tomar vacina contra a covid-19 em João Pessoa	Ministério da Saúde descartou relação entre vacina e morte de ...	Ministério da Saúde descartou relação entre vacina e morte de ...		5	ENGANOSO: Postagens compartilham reportagem antiga. Autoridades investigaram o caso e constataram que o menino tinha uma doença cardiológica congênita.
https://www.aosfatos.org/noticias/e-falso-que-governo-federal-repassou-r-40-bilhoes-para-rs-aplicar-na-saude/	https://aosfatos.org	2021-04-12	Rio Grande do Sul recebeu R$ 40 bi e gastou apenas R$ 800 milhões em saúde	falso que governo federal repassou R$ 40 bilhões para RS aplicar na Saúde	falso que governo federal repassou R$ 40 bilhões para RS aplicar na Saúde	1	5	falso
https://eleicoes.apublica.org/2018/2018/08/correto-paulo-governo-atual-investiu-r-185-bi-em-saude/	https://eleicoes.apublica.org	2018-08-29	Número leva em conta o total de investimentos feitos no estado no setor de janeiro de 2015 até agosto de 2018	Correto, Paulo. Governo atual investiu R$ 18,5 bi em saúde ...	Correto, Paulo. Governo atual investiu R$ 18,5 bi em saúde ...	5	5	Verdadeiro
https://noticias.uol.com.br/confere/ultimas-noticias/2022/09/06/confederacao-nacional-da-saude-questionou-piso-da-enfermagem-nao-pl.htm	https://noticias.uol.com.br	2022-09-06	Partido de Bolsonaro estaria por trás do pedido pra suspender a lei que aprovamos no congresso, garantindo o piso salarial da enfermagem	Confederação Nacional da Saúde questionou piso da enfermagem ...	Confederação Nacional da Saúde questionou piso da enfermagem ...	1	5	Falso
https://observador.pt/factchecks/fact-check-catarina-martins-defendeu-eutanasia-para-jovens-receberem-herancas-mais-depressa/	https://observador.pt	2020-02-17	"Bloco defendeu que ""com a eutanásia poupa-se recursos no Serviço Nacional de Saúde SNA e os jovens têm acesso privilegiado às suas heranças"""	Fact Check. Catarina Martins defendeu eutanásia para jovens receberem heranças mais depressa	Fact Check. Catarina Martins defendeu eutanásia para jovens receberem heranças mais depressa		5	Errado
https://noticias.uol.com.br/confere/ultimas-noticias/2023/08/16/ministerio-da-saude-nao-liberou-mudanca-de-sexo-a-partir-dos-14-anos.htm	https://noticias.uol.com.br		Bizarro. Ministério da Saúde de Lula quer liberar mudança de sexo a partir dos 14 anos	Ministério da Saúde não liberou 'mudança de sexo' a partir dos 14 ...	Ministério da Saúde não liberou 'mudança de sexo' a partir dos 14 ...	3	5	Distorcido
https://observador.pt/factchecks/uso-de-cobre-protege-a-saude-humana/	https://observador.pt	2023-08-20	"""O cobre é muito, muito saudável para os humanos e protege-o."""	Fact Check. Uso de cobre protege a saúde humana	Fact Check. Uso de cobre protege a saúde humana		5	Errado
https://checamos.afp.com/doc.afp.com.33RC4M2	https://checamos.afp.com	2023-08-18	Ministério da Saúde autoriza mudança de sexo a partir de 14 anos	Ministério da Saúde não autorizou intervenção para mudança de ...	Ministério da Saúde não autorizou intervenção para mudança de ...		5	Enganoso
https://checamos.afp.com/esta-briga-nao-envolve-o-presidente-da-guine-bissau-mas-universitarios-anos-antes-da-pandemia	https://checamos.afp.com	2020-09-25	Vídeo mostra o presidente da Guiné-Bissau agredindo seu ministro da Saúde por desvio de fundos contra a covid-19	Esta briga não envolve o presidente da Guiné-Bissau mas universitários, anos antes da pandemia	Esta briga não envolve o presidente da Guiné-Bissau mas universitários, anos antes da pandemia	1	5	Falso
https://observador.pt/factchecks/fact-check-falta-de-produtos-em-supermercado-belga-e-resultado-das-medidas-de-combate-a-pandemia/	https://observador.pt	2021-10-28	"""Vamos cuidar da saúde... a economia a gente vê depois...' Esse é o resultado disso!!!"""	Fact Check. Falta de produtos em supermercado belga é resultado das medidas de combate à pandemia	Fact Check. Falta de produtos em supermercado belga é resultado das medidas de combate à pandemia		5	Errado
https://www.estadao.com.br/estadao-verifica/saude-mc-katia-vacina-covid-19/	https://estadao.com.br	2023-08-21	MC Katia foi vacinada com Janssen e teve trombose.	falsa associação entre problemas de saúde de MC Katia e vacina ...	falsa associação entre problemas de saúde de MC Katia e vacina ...	1	5	Falso
https://checamos.afp.com/doc.afp.com.36LK2CY	https://checamos.afp.com	2024-11-04	Lula não renova isenção de medicamentos e preços vão subir 60%	Governo publicou nova medida que mantém isenção de impostos para remédios importados	Governo publicou nova medida que mantém isenção de impostos para remédios importados	1	5	Falso
https://www.aosfatos.org/noticias/falso-governo-lula-passou-a-taxar-remedios-importados/	https://aosfatos.org	2024-10-30	Governo Lula vai taxar em 60% os medicamentos importados por pessoas físicas	falso que governo Lula passou a taxar remédios importados por pessoas físicas	falso que governo Lula passou a taxar remédios importados por pessoas físicas	1	5	falso
https://www.estadao.com.br/estadao-verifica/lula-isencao-imposto-medicamentos/	https://estadao.com.br	2024-10-30	2024-10-30 Lula não renovou isenção de imposto de importação sobre medicamentos	Lula renovou isenção de imposto de importação sobre medicamentos, ao contrário do que diz post	Lula renovou isenção de imposto de importação sobre medicamentos, ao contrário do que diz post	1	5	Falso
https://noticias.uol.com.br/comprova/ultimas-noticias/2024/10/30/lula-renovou-isencao-de-imposto-de-importacao-sobre-medicamentos.htm	https://noticias.uol.com.br		Lula não renovou a isenção de impostos sobre medicamentos e preços vão subir 60%	Lula renovou isenção de imposto de importação sobre medicamentos	Lula renovou isenção de imposto de importação sobre medicamentos	1	5	Falso
https://www.estadao.com.br/estadao-verifica/medicamentos-confiscados-ulbra-rio-grande-do-sul-canoas/	https://estadao.com.br	2024-06-04	Governo Federal confiscou medicamentos doados por profissionais de saúde voluntários no Rio Grande do Sul.	Vídeo engana ao afirmar que governo federal confiscou medicamentos em universidade no RS	Vídeo engana ao afirmar que governo federal confiscou medicamentos em universidade no RS		5	Enganoso
https://www.estadao.com.br/estadao-verifica/industria-farmaceutica-alterando-curva-de-gauss/	https://estadao.com.br	2024-04-30	A indústria farmacêutica é uma máfia que está alterando os níveis da curva de Gauss em exames de laboratório para que as pessoas dependam de medicamentos	Indústria farmacêutica não altera valores de referência de exames laboratoriais, dizem especialistas	Indústria farmacêutica não altera valores de referência de exames laboratoriais, dizem especialistas		5	Enganoso
https://checamos.afp.com/doc.afp.com.34QB2ER	https://checamos.afp.com	2024-04-26	Porto de santos, 60 baús de medicamentos cheios de bilhões de dólares, vindos de Cuba	Vídeo com dinheiro em caixas não é de operação da PF no Porto de Santos, nem tem relação com Cuba	Vídeo com dinheiro em caixas não é de operação da PF no Porto de Santos, nem tem relação com Cuba	1	5	Falso
https://observador.pt/factchecks/fact-check-agencia-europeia-do-medicamento-nao-deu-indicacao-para-vacinar-pessoas-com-menos-de-60-anos-contra-a-covid-19/	https://observador.pt	2024-01-17	EMA  Agência europeia de medicamentos afirma que não se tem indicação de imunizar pessoas abaixo de 60 anos, já que trata de uma proteina tóxica proteina spike e joga a responsabilidade da vacinação em massa nas políticas adotadas por cada país, que nao foi uma decisão científica.	"Fact Check. Agência Europeia do Medicamento ""não deu indicação"" para vacinar pessoas com menos de 60 anos contra a Covid-19"	"Fact Check. Agência Europeia do Medicamento ""não deu indicação"" para vacinar pessoas com menos de 60 anos contra a Covid-19"		5	Errado
https://noticias.uol.com.br/comprova/ultimas-noticias/2023/12/04/agencia-europeia-nao-desqualificou-vacinas-contra-a-covid-19.htm	https://noticias.uol.com.br		Agência Europeia de Medicamentos desqualificou vacinas de RNA mensageiro contra a covid-19	Agência europeia não desqualificou vacinas contra a covid-19	Agência europeia não desqualificou vacinas contra a covid-19	1	5	Falso
https://www.aosfatos.org/noticias/posts-inserem-audios-falsos-videos-famosos-para-vender-tratamentos-sem-comprovacao/	https://aosfatos.org	2023-11-07	Famosos recomendam medicamentos e tratamentos alternativos para doenças	Posts inserem áudios falsos em vídeos de famosos para vender tratamentos sem comprovação	Posts inserem áudios falsos em vídeos de famosos para vender tratamentos sem comprovação	1	5	falso
https://checamos.afp.com/estudo-da-cloroquina-contra-covid-foi-retirado-em-junho-de-2020-mas-outros-atestam-sua-ineficacia	https://checamos.afp.com	2021-02-08	Cientistas pediram desculpas por estudo que desqualificou o uso da cloroquina contra a covid-19 e posteriormente o mundo reconheceu os efeitos benéficos do medicamento	Estudo da cloroquina contra covid foi retirado em junho de 2020; mas outros atestam a sua ineficácia	Estudo da cloroquina contra covid foi retirado em junho de 2020; mas outros atestam a sua ineficácia		5	Enganoso
https://noticias.uol.com.br/confere/ultimas-noticias/2022/08/22/candidato-a-deputado-pazuello-mente-sobre-tratamento-precoce-contra-covid.htm	https://noticias.uol.com.br	2022-08-22	Então, não quer dizer que você tenha ou tinha um antiviral, mas você tinha medicamentos, que você precisava tomar o mais rápido possível para evitar que você tivesse um problema de coração, para evitar que o seu pulmão tivesse todo contaminado, para evitar que você tivesse uma trombose e morresse ... Simplesmente para dizer que era contra o tratamento precoce, que absurdo cara	Candidato, Pazuello mente sobre tratamento precoce contra covid	Candidato, Pazuello mente sobre tratamento precoce contra covid	1	5	Falso
https://www.aosfatos.org/noticias/facebook-nao-admitiu-erro-nem-disse-que-hidroxicloroquina-e-eficaz-contra-covid-19/	https://aosfatos.org	2021-02-04	Facebook admite que errou ao censurar publicações com hidroxicloroquina porque reconheceu eficácia do medicamento	Facebook não admitiu erro nem disse que hidroxicloroquina é eficaz contra Covid-19	Facebook não admitiu erro nem disse que hidroxicloroquina é eficaz contra Covid-19	1	5	falso
https://www.bol.uol.com.br/noticias/2023/03/07/falso-lula-remedio-diabetes-farmacia-popular.htm	https://bol.uol.com.br	2023-03-07	Governo Lula suspende o fornecimento gratuito do cloridrato de metformina pela Farmácia Popular. O medicamento usado no tratamento da diabetes era vendido a R$3,69; agora está custando entre R$12 e R$16	falso que Lula tenha tirado remédio para diabetes da Farmácia Popular	falso que Lula tenha tirado remédio para diabetes da Farmácia Popular	1	5	Falso
https://projetocomprova.com.br/publica%C3%A7%C3%B5es/e-falso-que-cloroquina-teria-salvado-100-mil-vidas-no-brasil-como-diz-bolsonaro/	https://projetocomprova.com.br	2020-08-14	Jair Bolsonaro afirma que é a prova de que a cloroquina funciona contra a covid-19 e que o medicamento teria evitado 100 mil mortes no Brasil.	falso que cloroquina teria salvado 100 mil vidas no Brasil, como diz Bolsonaro	falso que cloroquina teria salvado 100 mil vidas no Brasil, como diz Bolsonaro	1	5	FALSO: Ao contrário do que afirma o presidente da República, não há comprovação científica de que a cloroquina e a hidroxicloroquina possam evitar a morte de pessoas com covid-19
https://checamos.afp.com/doc.afp.com.9TX6XE	https://checamos.afp.com	2021-12-04	Tabela da OMS mostra que vacinas contra covid-19 causam mais efeitos colaterais do que outros medicamentos	Publicações nas redes fazem interpretação incorreta de lista da OMS sobre reações adversas	Publicações nas redes fazem interpretação incorreta de lista da OMS sobre reações adversas		5	Enganoso
https://noticias.uol.com.br/comprova/ultimas-noticias/2020/06/12/oms-nao-se-desculpou-por-reviravoltas-com-hidroxicloroquina.htm	https://noticias.uol.com.br	2020-06-12	Texto distorce declarações de representantes da OMS para dar a entender que a entidade se arrependeu de ter interrompido as pesquisas com o medicamento	OMS não se desculpou por reviravoltas com hidroxicloroquina	OMS não se desculpou por reviravoltas com hidroxicloroquina	1	5	Falso
https://www.aosfatos.org/noticias/e-falso-que-g1-noticiou-que-super-tomate-da-embrapa-reduz-inflamacoes-na-prostata/	https://aosfatos.org	2022-01-24	G1 noticiou medicamento feito com super tomate que auxilia na inflamação da próstata	falso que G1 noticiou que super tomate da Embrapa reduz inflamações na próstata	falso que G1 noticiou que super tomate da Embrapa reduz inflamações na próstata	1	5	falso
https://observador.pt/factchecks/fact-check-novos-medicamentos-contra-a-covid-19-vao-tornar-vacinas-dispensaveis/	https://observador.pt	2021-11-04	Como, por decreto, haverá a obrigatoriedade de prescrição desses 5 novos medicamentos, o uso da vacina será encerrado.	Fact check. Novos medicamentos contra a Covid-19 vão tornar vacinas dispensáveis	Fact check. Novos medicamentos contra a Covid-19 vão tornar vacinas dispensáveis		5	Errado
https://www.aosfatos.org/noticias/e-falso-que-uniao-europeia-substituira-vacinas-contra-covid-19-por-ivermectina/	https://aosfatos.org	2021-10-14	União Europeia vai substituir vacinas contra a Covid-19 por ivermectina e outros medicamentos	falso que União Europeia substituirá vacinas contra Covid-19 por ivermectina	falso que União Europeia substituirá vacinas contra Covid-19 por ivermectina	1	5	falso
https://checamos.afp.com/doc.afp.com.9T988R	https://checamos.afp.com	2021-11-23	Após a diretora de medicamentos do governo desmaiar em plena apresentação política sobre os benefícios da vacina, a Dinamarca cancelou o uso da vacina da AstraZeneca	Oficial de saúde desmaiou semanas após a Dinamarca interromper o uso da AstraZeneca	Oficial de saúde desmaiou semanas após a Dinamarca interromper o uso da AstraZeneca		5	Enganoso
https://checamos.afp.com/doc.afp.com.329G4NH	https://checamos.afp.com	2022-05-04	A EMA, agência reguladora de medicamentos europeia, reportou 7 mil mortes causadas pela vacina da Pfizer	Publicações enganam ao atribuir 7 mil mortes na Europa à vacina da Pfizer	Publicações enganam ao atribuir 7 mil mortes na Europa à vacina da Pfizer		5	Enganoso
https://noticias.uol.com.br/confere/ultimas-noticias/2022/01/20/bolsonaro-distorce-noticias-para-justificar-defesa-de-spray-contra-covid.htm	https://noticias.uol.com.br	2022-01-21	Alguém deve se lembrar que no início do ano passado, nós mandamos uma delegação nossa para Israel. ... Entre outras coisas, fomos ver lá a questão do spray nasal para covid, um medicamento. E aí o que a imprensa fala na época Com spray, Bolsonaro insiste em medicamento sem eficácia contra a covid-19. Isso foi em março de 21. O que aconteceu em janeiro de 22 Adivinha, adivinha A imprensa: Spray nasal anticovid pode proteger todas as variantes por até 8 horas, ok Bolsonaro tem razão	Bolsonaro distorce notícias para justificar defesa de spray contra covid	Bolsonaro distorce notícias para justificar defesa de spray contra covid	3	5	Distorcido
https://noticias.uol.com.br/confere/ultimas-noticias/2022/11/25/paxlovid-ivermectina-falso.htm	https://noticias.uol.com.br	2022-11-25	Medicamento da Pfizer para tratamento precoce da Covid tem o mesmo mecanismo de ação da Ivermectina inibidor da protease 3CL	Covid: Remédio da Pfizer tem mesmo mecanismo da ivermectina Falso	Covid: Remédio da Pfizer tem mesmo mecanismo da ivermectina Falso	1	5	Falso
https://observador.pt/factchecks/fact-check-mulher-de-anthony-fauci-foi-responsavel-pelas-autorizacoes-de-uso-das-vacinas-contra-a-covid-19/	https://observador.pt	2022-01-18	"""Esta é Christine Grady.  a chefe da bioética do NIH. Trata-se da entidade que aprova medicamentos para a FDA. Este é o seu marido... Estão a começar a perceber"""	Fact Check. Mulher de Anthony Fauci foi responsável pelas autorizações de uso das vacinas contra a Covid-19	Fact Check. Mulher de Anthony Fauci foi responsável pelas autorizações de uso das vacinas contra a Covid-19		5	Errado
https://www.aosfatos.org/noticias/e-falso-que-coquetel-com-hidroxicloroquina-azitromicina-e-ivermectina-cure-covid-19/	https://aosfatos.org	2021-03-02	Existem medicamentos que curam a Covid-19	falso que coquetel com hidroxicloroquina, azitromicina e ivermectina cure a Covid-19	falso que coquetel com hidroxicloroquina, azitromicina e ivermectina cure a Covid-19	1	5	falso
https://www.aosfatos.org/noticias/video-de-leitos-vazios-nao-prova-que-utis-foram-zeradas-em-hospital-na-paraiba/	https://aosfatos.org	2021-04-29	Vídeo mostra leitos de UTIs zerados em João Pessoa	Vídeo de leitos vazios não prova que UTIs foram zeradas em ...	Vídeo de leitos vazios não prova que UTIs foram zeradas em ...	3	5	distorcido
https://checamos.afp.com/mulher-que-sofreu-uma-convulsao-em-um-hospital-argentino-nao-foi-vacinada-contra-covid-19	https://checamos.afp.com	2021-03-04	Esta mulher sofreu uma convulsão após ser vacinada contra a covid-19 na Argentina	A mulher que sofreu uma convulsão em um hospital argentino não ...	A mulher que sofreu uma convulsão em um hospital argentino não ...	1	5	Falso
https://observador.pt/factchecks/fact-check-toma-massificada-de-ivermectina-permite-travar-a-pandemia/	https://observador.pt	2021-03-24	"""Dia de tomar ivermectina. Tratamento precoce funciona!"""	Fact Check. Toma massificada de ivermectina permite travar a pandemia	Fact Check. Toma massificada de ivermectina permite travar a pandemia		5	Errado
https://projetocomprova.com.br/publica%C3%A7%C3%B5es/nao-houve-aumento-de-doencas-entre-militares-dos-eua-apos-vacinacao-contra-covid-19/	https://projetocomprova.com.br	2022-02-11	Banco de dados militar nos EUA revela aumento alarmante de doenças graves em decorrência da picadinha	Postagem que cita aumento de doenças entre militares dos EUA após a vacinação usou dados incorretos	Postagem que cita aumento de doenças entre militares dos EUA após a vacinação usou dados incorretos	1	5	FALSO: Os dados no sistema americano estavam incorretos e foram tirados do ar, conforme mostra uma verificação do site PolitiFact.
https://noticias.uol.com.br/comprova/ultimas-noticias/2020/07/29/medica-usa-informacoes-falsas-em-video-para-falar-em-cura-da-covid-19.htm	https://noticias.uol.com.br	2020-07-29	Conteúdo verificado: Um vídeo com informações falsas sobre a covid-19. Nele, uma médica afirma que a doença tem cura: um coquetel de hidroxicloroquina, azitromicina e zinco. Ela também diz que curou mais de 350 pessoas e que as máscaras são desnecessárias. As imagens foram feitas nos Estados Unidos e compartilhadas nos perfis do presidente Donald Trump e de Madonna. Uma versão editada e legendada em português da gravação foi compartilhada pelo Twitter de uma apoiadora do presidente Jair Bolsonaro sem partido.	Médica usa informações falsas em vídeo para falar em cura da covid-19	Médica usa informações falsas em vídeo para falar em cura da covid-19	1	5	Falso
https://www.aosfatos.org/noticias/e-falso-que-drauzio-varella-afirmou-que-suplemento-alimentar-cura-doencas-oculares/	https://aosfatos.org	2021-08-10	Drauzio Varella recomendou suplemento Oculax para tratar doenças oculares	falso que Drauzio Varella afirmou que suplemento alimentar cura doenças oculares	falso que Drauzio Varella afirmou que suplemento alimentar cura doenças oculares	1	5	falso
https://observador.pt/factchecks/fact-check-revista-especializada-em-alzheimer-fez-capa-com-joe-biden-a-segurar-banana-como-se-fosse-um-telefone/	https://observador.pt	2022-07-27	"""Capa de revista especializada na doença de Alzheimer mostra Joe Biden a segurar uma banana como se fosse um telemóvel."""	Fact Check. Revista especializada em Alzheimer fez capa com Joe Biden a segurar banana como se fosse um telefone	Fact Check. Revista especializada em Alzheimer fez capa com Joe Biden a segurar banana como se fosse um telefone		5	Errado
https://www.aosfatos.org/noticias/grafico-desatualizado-engana-ao-comparar-mortes-por-covid-19-com-de-outras-doencas/	https://aosfatos.org	2020-03-25	Gráfico mostra que número de mortes por outras doenças é maior do que por Covid-19.	Gráfico desatualizado engana ao comparar mortes por Covid-19 com as de outras doenças	Gráfico desatualizado engana ao comparar mortes por Covid-19 com as de outras doenças	3	5	distorcido
https://www.aosfatos.org/noticias/e-falso-que-vacina-contra-covid-19-fez-explodir-numero-de-doencas-cardiacas-em-criancas/	https://aosfatos.org	2022-06-28	A vacina contra a Covid-19 fez explodir o número de casos de doenças cardíacas em crianças	falso que vacina contra Covid-19 fez explodir número de doenças cardíacas em crianças	falso que vacina contra Covid-19 fez explodir número de doenças cardíacas em crianças	1	5	falso
https://checamos.afp.com/doc.afp.com.32HH36L	https://checamos.afp.com	2022-09-01	A doença bolhosa autoimune está listada como efeito colateral em documento oficial da Pfizer	A varíola do macaco não é causada pela vacina da Pfizer contra a covid, nem é uma doença autoimune	A varíola do macaco não é causada pela vacina da Pfizer contra a covid, nem é uma doença autoimune	1	5	Falso
https://www.estadao.com.br/estadao-verifica/vacina-criancas-covid-miocardite/	https://estadao.com.br	2023-03-22	Vacinas infantis contra covid causam consequências mais graves que a doença, como miocardite	falso que vacina infantil anticovid cause consequências mais graves que a própria doença	falso que vacina infantil anticovid cause consequências mais graves que a própria doença	1	5	Falso
https://projetocomprova.com.br/publica%C3%A7%C3%B5es/texto-que-lista-17-conselhos-para-a-pandemia-mistura-dados-corretos-e-informacoes-falsas-sobre-o-virus/	https://projetocomprova.com.br	2020-07-03	Chefe da Clínica de Doenças Infecciosas da Universidade de Maryland, EUA, dá 17 conselhos práticos e honestos sobre a Covid-19	Texto que lista 17 conselhos para a pandemia mistura dados corretos e informações falsas sobre o vírus	Texto que lista 17 conselhos para a pandemia mistura dados corretos e informações falsas sobre o vírus		5	Enganoso: Comprova investigou um por um os 17 conselhos listados em corrente que viralizou no WhatsApp e que usa como base artigo de um site português. Veja o que descobrimos http://gazetadobairro.com.br/finalmente-algo-pratico-e-honesto-do-chefe-da-clinica-de-doencas-infecciosas-da-universidade-de-maryland-eua/
https://oglobo.globo.com/fato-ou-fake/e-fake-que-substancias-presentes-em-vacinas-para-covid-19-podem-causar-alzheimer-fibromialgia-24718368	https://oglobo.globo.com	2020-10-29	Estudem sobre adjuvantes de vacina e o mal que causam na população. Os adjuvantes podem causar Alzheimer, fibromialgia, uma série de doenças. As pessoas podem sofrer doenças genéticas. O vírus está sendo modificado geneticamente.	#FAKE que substâncias presentes em vacinas para a Covid-19 podem causar Alzheimer e fibromialgia	#FAKE que substâncias presentes em vacinas para a Covid-19 podem causar Alzheimer e fibromialgia	1	5	Fake
https://noticias.uol.com.br/confere/ultimas-noticias/2018/12/07/suco-de-quiabo-nao-cura-cachorros-com-doencas-graves.htm	https://noticias.uol.com.br	2018-12-07	Suco de quiabo cura cachorros com doenças graves	Suco de quiabo não cura cachorros com doenças graves	Suco de quiabo não cura cachorros com doenças graves	1	5	Falso
https://observador.pt/factchecks/fact-check-presidente-do-forum-economico-mundial-disse-que-quatro-mil-milhoes-de-comedores-inuteis-devem-ser-eliminados-ate-2050/	https://observador.pt	2022-02-27	"""Pelo menos 4 mil milhões de 'comedores inúteis' têm de ser eleminados até ao ano 2050 através de guerras limitadas, epidemias organizadas de doenças fatais de ação rápida e fome."""	"Fact Check. Presidente do Fórum Económico Mundial disse que ""quatro mil milhões de 'comedores inúteis' devem ser eliminados até 2050"""	"Fact Check. Presidente do Fórum Económico Mundial disse que ""quatro mil milhões de 'comedores inúteis' devem ser eliminados até 2050"""		5	Errado
https://www.estadao.com.br/estadao-verifica/enganoso-indulto-fauci-financiamento-coronavirus-ganho-funcao/	https://estadao.com.br	2026-08-19	Anthony Fauci recebeu perdão retroativo em 14 anos porque financiou pesquisas de ganho de função para criar o vírus SARS-CoV-2 em Wuhan.	Não se deixe enganar: médico antivacina espalha inverdades sobre Fauci e ganho de função	Não se deixe enganar: médico antivacina espalha inverdades sobre Fauci e ganho de função		5	Enganoso
https://observador.pt/factchecks/fact-check-simpsons-previram-o-surto-de-hantavirus-a-bordo-de-um-cruzeiro-em-2012/	https://observador.pt	2026-06-24	"""Os Simpsons avisaram-nos em 2012  a temporada 23, episódio 19 apresenta um navio de cruzeiro preso por um surto de vírus mortal. Avançando para 2026: o Hantavírus atinge o MV Hondius"""	Fact Check. Simpsons previram o surto de hantavírus a bordo de um cruzeiro em 2012	Fact Check. Simpsons previram o surto de hantavírus a bordo de um cruzeiro em 2012		5	Errado
https://observador.pt/factchecks/fact-check-von-der-leyen-disse-que-a-liberdade-de-expressao-e-um-virus-e-a-censura-e-a-vacina/	https://observador.pt	2026-02-18	"""A liberdade de expressão é um vírus e a censura é a vacina"": Ursula von der Leyen"	"Fact Check. Von der Leyen disse que ""a liberdade de expressão é um vírus e a censura é a vacina"""	"Fact Check. Von der Leyen disse que ""a liberdade de expressão é um vírus e a censura é a vacina"""		5	Errado
https://observador.pt/factchecks/fact-check-virus-nipah-que-causa-preocupacao-na-india-ja-chegou-ao-brasil/	https://observador.pt	2026-02-16	Primeiro caso do vírus Nipah já foi confirmado no Brasil	Fact Check. Vírus Nipah, que causa preocupação na ndia, já ...	Fact Check. Vírus Nipah, que causa preocupação na ndia, já ...		5	Errado
https://www.aosfatos.org/noticias/nao-e-verdade-que-ha-um-surto-de-pneumonia-branca-no-brasil/	https://aosfatos.org	2026-02-13	Brasil enfrenta onda viral de pneumonia branca	Não é verdade que há um surto de pneumonia branca no Brasil	Não é verdade que há um surto de pneumonia branca no Brasil	1	5	falso
https://www.estadao.com.br/estadao-verifica/virus-nipah-nova-pandemia-enganoso/	https://estadao.com.br	2026-01-30	Vírus Nipah trará nova pandemia e manter a imunidade alta ajuda a evitar a infecção	Situação atual não indica risco de pandemia do vírus Nipah, dizem autoridades e especialistas	Situação atual não indica risco de pandemia do vírus Nipah, dizem autoridades e especialistas		5	Enganoso
https://observador.pt/factchecks/oms-alerta-para-risco-de-virus-nipah-depois-do-carnaval/	https://observador.pt	2026-02-16	"""Organização Mundial de Saúde alerta para risco global de Nipah depois do Carnaval"""	OMS alerta para risco de vírus Nipah depois do Carnaval	OMS alerta para risco de vírus Nipah depois do Carnaval		5	Errado
https://www.aosfatos.org/noticias/e-falso-caso-infeccao-nipah-registrado-em-campinas/	https://aosfatos.org	2026-02-04	Paciente infectado pelo Nipah foi atendido em Campinas	falso que caso de infecção pelo Nipah foi registrado em Campinas	falso que caso de infecção pelo Nipah foi registrado em Campinas	1	5	falso
https://www.estadao.com.br/estadao-verifica/falso-alerta-supergripe-h4n2/	https://estadao.com.br	2025-11-26	Super gripe h4n2 em circulação no Brasil	Vírus citado em postagem sobre 'supergripe' não afeta humanos	Vírus citado em postagem sobre 'supergripe' não afeta humanos	1	5	Falso
https://observador.pt/factchecks/fact-check-video-mostra-desinfecao-de-aviao-para-conter-propagacao-de-novo-virus-chines/	https://observador.pt	2025-02-11	Novo vírus chinês já causa pânico e medo de se espalhar pelo mundo. A circulação do metapneumovíruss humano HMPVV na China tem causado preocupação e está sendo monitorada por autoridades no país.	Avião é desinfetado para conter novo vírus	Avião é desinfetado para conter novo vírus		5	Errado
https://observador.pt/factchecks/fact-check-metapneumovirus-e-um-novo-virus-com-origem-na-china/	https://observador.pt	2025-01-30	UM NOVO VRUS DA CHINA EST BATENDO.	"Metapneumovirus é um ""novo vírus"" vindo da China"	"Metapneumovirus é um ""novo vírus"" vindo da China"		5	Errado
https://www.estadao.com.br/estadao-verifica/governo-canada-nova-pandemia-virus-hmpv-enganoso/	https://estadao.com.br	2025-01-15	Governo do Canadá alerta sobre nova pandemia e anuncia novo vírus que pode desencadear mais perturbações que a covid-19 em 2025	Governo canadense não alertou para pandemia em 2025; post distorce documento sem relação com HMPV	Governo canadense não alertou para pandemia em 2025; post distorce documento sem relação com HMPV		5	Enganoso
https://www.estadao.com.br/estadao-verifica/postagem-tira-de-contexto-reportagem-de-2020-que-alertava-para-novo-virus-na-china/	https://estadao.com.br	2025-01-14	China alerta para novo vírus.	Postagem tira de contexto reportagem de 2020 que alertava para novo vírus na China	Postagem tira de contexto reportagem de 2020 que alertava para novo vírus na China		5	Fora de contexto
https://www.estadao.com.br/estadao-verifica/novo-virus-misterioso-chines-fora-de-contexto/	https://estadao.com.br	2025-01-14	Reportagem mostra chegada de misterioso novo vírus chinês	de 2020 reportagem sobre novo vírus descoberto na China	de 2020 reportagem sobre novo vírus descoberto na China		5	Fora de contexto
https://noticias.uol.com.br/confere/ultimas-noticias/2025/01/13/falso-china-estado-de-emergencia.htm	https://noticias.uol.com.br		China declara estado de emergência 070125 por conta de novo vírus	falso que China tenha declarado estado de emergência por HPMV	falso que China tenha declarado estado de emergência por HPMV	1	5	Falso
https://www.estadao.com.br/estadao-verifica/novo-virus-chines-causa-panico-mundo-aviao-hmpv-falso/	https://estadao.com.br	2025-01-10	Vídeo em avião mostra que novo vírus chinês já leva pânico e medo de se espalhar pelo mundo	Vídeo não mostra avião afetado por vírus HMPV na China; imagens ...	Vídeo não mostra avião afetado por vírus HMPV na China; imagens ...	1	5	Falso
https://www.estadao.com.br/estadao-verifica/transplante-com-hiv-e-falso-que-governo-federal-tenha-fechado-contrato-com-laboratorio-investigado/	https://estadao.com.br	2024-10-17	Atual governo do presidente Luiz Inácio Lula da Silva PT repassou, sem licitação, R$ 11 milhões para o laboratório PCS Lab Saleme, responsável pelo escândalo envolvendo transplantes de órgãos que resultou na contaminação de seis pacientes com o vírus HIV no Rio de Janeiro	Transplante com HIV:  falso que governo federal tenha fechado contrato com laboratório investigado	Transplante com HIV:  falso que governo federal tenha fechado contrato com laboratório investigado		5	Enganoso
https://noticias.uol.com.br/comprova/ultimas-noticias/2024/06/13/post-engana-ao-dizer-que-fauci-teria-afirmado-ser-um-dos-criadores-da-covid.htm	https://noticias.uol.com.br		Anthony Fauci foi novamente exposto. A covid-19 foi oficialmente desmascarada como um projeto do governo dos Estados Unidos. Um vírus desenvolvido por cientistas norte-americanos usando um laboratório biológico na China	Post engana ao dizer que Fauci teria afirmado ser um dos criadores da covid	Post engana ao dizer que Fauci teria afirmado ser um dos criadores da covid		5	Enganoso
https://noticias.uol.com.br/comprova/ultimas-noticias/2024/04/11/nao-ha-casos-de-h5n1-em-humanos-no-brasil.htm	https://noticias.uol.com.br		vírus H5N1 em humanos no Brasil em abril de 2024	Não há casos de H5N1 em humanos no Brasil	Não há casos de H5N1 em humanos no Brasil	1	5	Falso
https://checamos.afp.com/doc.afp.com.9WM3KT	https://checamos.afp.com	2022-01-20	Muammar Kadhafi disse na ONU, em 2009, que empresas criam vírus para os quais já têm solução	Kadhafi falou em 2009 sobre um vírus fabricado, mas não exatamente com as palavras viralizadas	Kadhafi falou em 2009 sobre um vírus fabricado, mas não exatamente com as palavras viralizadas		5	Enganoso
https://www.aosfatos.org/noticias/texto-que-acusa-china-de-criar-coronavirus-para-obter-vantagem-economica-reune-informacoes-falsas/	https://aosfatos.org	2020-04-03	...esse vírus não atingiu a capital da China, Pequim, e a capital econômica, Xangai	Texto que acusa China de criar coronavírus para obter vantagem econômica reúne informações falsas	Texto que acusa China de criar coronavírus para obter vantagem econômica reúne informações falsas	1	5	falso
https://www.aosfatos.org/noticias/bolsonaro-nega-orientacoes-da-ciencia-e-distorce-informacoes-para-minimizar-pandemia/	https://aosfatos.org	2020-03-24	... caso fosse contaminado pelo vírus, [eu] não precisaria me preocupar, nada sentiria ou seria, quando muito acometido de uma gripezinha ou resfriadinho...	Bolsonaro nega orientações da ciência e distorce informações para minimizar pandemia	Bolsonaro nega orientações da ciência e distorce informações para minimizar pandemia	1	5	falso
https://checamos.afp.com/beber-muita-agua-e-fazer-gargarejo-com-agua-morna-vinagre-ou-sal-nao-elimina-o-coronavirus	https://checamos.afp.com	2020-03-17	O vírus corona, antes de atingir os pulmões, permanece na garganta por quatro dias e, nesse momento, a pessoa começa a tossir e a ter dores de garganta. Se ele bebe muita água e gargareja com água morna, sal ou vinagre, elimina o vírus.	Beber muita água e fazer gargarejo com água morna, vinagre, ou sal, não elimina o coronavírus	Beber muita água e fazer gargarejo com água morna, vinagre, ou sal, não elimina o coronavírus	1	5	Falso
https://checamos.afp.com/xangai-e-pequim-confirmaram-os-primeiros-casos-do-novo-coronavirus-em-janeiro	https://checamos.afp.com	2020-04-06	O vírus da Corona viajou o mundo inteiro de Wuhan, mas não chegou a Pequim e Xangai	Xangai e Pequim confirmaram os primeiros casos do novo coronavírus em janeiro	Xangai e Pequim confirmaram os primeiros casos do novo coronavírus em janeiro	1	5	Falso
https://observador.pt/factchecks/fact-check-unicef-aconselha-a-nao-comer-gelados-por-causa-do-coronavirus/	https://observador.pt	2020-03-10	"""Unicef - informações importantes: Evitar comer gelados ou pratos frios; os alimentos quentes são mais seguros, visto que o calor elimina o vírus."""	Fact Check. Unicef aconselha a não comer gelados por causa do coronavírus	Fact Check. Unicef aconselha a não comer gelados por causa do coronavírus		5	Errado
https://observador.pt/factchecks/fact-check-abacate-dente-de-leao-e-abacaxi-alimentos-com-ph-alto-ajudam-a-combater-o-coronavirus/	https://observador.pt	2020-04-18	"O pH do vírus corona varia entre 5,5 e 8,45. Se cremos aumentar a nossa possibilidade de o vencer, precisamos ingerir alimentos alcalinos com pH alto, como Limão  9,9 pH; abacate  15,6 pH; alho  13,2 pH; manga  8,7 pH; tangerina  8,5 pH; abacaxi  12,7 pH; dente de leão  22,7 pH"""	Fact Check. Abacate, dente-de-leão e abacaxi: alimentos com pH alto ajudam a combater o coronavírus	Fact Check. Abacate, dente-de-leão e abacaxi: alimentos com pH alto ajudam a combater o coronavírus		5	Errado
https://noticias.uol.com.br/confere/ultimas-noticias/2023/02/07/e-falso-que-medicos-alemaes-tenham-descoberto-que-coronavirus-e-bacteria.htm	https://noticias.uol.com.br	2023-02-07	Médicos alemães descobriram que [o coronavírus] NO é um VRUS, mas uma BACTRIA que causa a morte.	Médicos alemães não descobriram que coronavírus é bactéria	Médicos alemães não descobriram que coronavírus é bactéria	1	5	Falso
https://observador.pt/factchecks/fact-check-kadhafi-falou-sobre-virus-fabricado-para-o-qual-ja-haveria-cura/	https://observador.pt	2022-01-26	"""Vão fabricar o próprio vírus e te venderam a cura, fingirão que estão levando tempo para fabricar a solução que eles já tem desde o começoMuammar Gaddafi"""	Fact-Check. Kadhafi falou sobre vírus fabricado para o qual já haveria cura	Fact-Check. Kadhafi falou sobre vírus fabricado para o qual já haveria cura		5	Enganador
https://www.aosfatos.org/noticias/e-falso-que-anthony-fauci-disse-que-coronavirus-seria-fruto-de-engenharia-genetica/	https://aosfatos.org	2021-06-09	Dr. Fauci, da Casa Branca, afirma que o vírus chinês aparenta ser fruto de engenharia genética	falso que Anthony Fauci disse que coronavírus seria fruto de engenharia genética	falso que Anthony Fauci disse que coronavírus seria fruto de engenharia genética	1	5	falso
https://noticias.uol.com.br/confere/ultimas-noticias/2023/09/19/audio-falso-sobre-agua-contaminada-por-virus-no-rj-volta-a-circular.htm	https://noticias.uol.com.br		Meu marido é biólogo da Fiocruz. A Fiocruz foi proibida de falar o risco que está acontecendo na água do Rio de Janeiro. gua está com vírus muito forte.	falso que água esteja contaminada por vírus no RJ, como diz áudio	falso que água esteja contaminada por vírus no RJ, como diz áudio	1	5	Falso
https://www.aosfatos.org/noticias/nobel-de-medicina-tasuku-honjo-nao-disse-que-novo-coronavirus-foi-criado-pela-china/	https://aosfatos.org	2020-04-28	O professor japonês de fisiologia ou medicina, Tasuku Honjo, causou uma sensação hoje na mídia dizendo que o vírus corona não é natural. Se for natural, não terá afetado o mundo inteiro assim. Porque, dependendo da natureza, a temperatura é diferente em diferentes países. se fosse natural, só teria afetado países com a mesma temperatura que a China.	Nobel de Medicina não disse que novo coronavírus foi criado pela China	Nobel de Medicina não disse que novo coronavírus foi criado pela China	1	5	falso
https://observador.pt/factchecks/fact-check-banda-desenhada-de-1957-previu-pandemia-de-virus-da-china/	https://observador.pt	2021-12-09	"""Atem-na como eu estou a fazer. Isto vai proteger-vos do 'vírus da China' no vale."""	"Fact Check. Banda-desenhada de 1957 previu pandemia de ""vírus da China"""	"Fact Check. Banda-desenhada de 1957 previu pandemia de ""vírus da China"""		5	Errado
https://www.aosfatos.org/noticias/em-video-difundido-por-trump-medica-engana-ao-dizer-que-cloroquina-cura-covid19/	https://aosfatos.org	2020-07-29	Esse vírus tem cura e se chama hidroxicloroquina, zinco e azitromicina.	Em vídeo difundido por Trump, médica engana ao dizer que cloroquina cura Covid-19	Em vídeo difundido por Trump, médica engana ao dizer que cloroquina cura Covid-19	1	5	falso
https://observador.pt/factchecks/fact-check-coronavirus-pode-ser-curado-com-uma-tigela-de-agua-de-alho/	https://observador.pt	2020-02-06	"""O vírus Corona de Wuhan pode ser curado por uma tigela de água de alho recém-fervida! O velho médico chinês provou sua eficácia. Muitos pacientes também provaram que isso é eficaz."""	Fact Check. Coronavírus pode ser curado com uma tigela de água de alho	Fact Check. Coronavírus pode ser curado com uma tigela de água de alho		5	Errado
https://observador.pt/factchecks/fact-check-as-mascaras-so-protegem-do-virus-do-medo/	https://observador.pt	2020-06-30	As máscaras só protegem do vírus do medo.	Fact Check. As máscaras só protegem do vírus do medo	Fact Check. As máscaras só protegem do vírus do medo		5	Enganador
https://checamos.afp.com/o-virus-machupo-nao-sobreviveria-em-um-comprimido-pois-nao-e-um-ambiente-propicio	https://checamos.afp.com	2020-08-26	O paracetamol que vem escrito P500 contém o vírus machupo	O vírus machupo não sobreviveria em um comprimido, pois não é um ambiente propício	O vírus machupo não sobreviveria em um comprimido, pois não é um ambiente propício	1	5	Falso
https://projetocomprova.com.br/publica%C3%A7%C3%B5es/relacao-entre-vibracao-alta-e-covid-19-nao-tem-comprovacao-cientifica/	https://projetocomprova.com.br	2020-08-21	Covid tem uma vibração de 5,5 hz e morre acima de 25,5 hz. Para os seres humanos com vibração mais alta, o vírus é uma gripe simples.	Relação entre vibração alta e covid-19 não tem comprovação científica	Relação entre vibração alta e covid-19 não tem comprovação científica	1	5	FALSO: Não há nenhuma comprovação científica de que frequência, ânimo ou sentimentos sejam capazes de enfraquecer ou evitar a contaminação pelo novo coronavírus
https://observador.pt/factchecks/fact-check-cientista-espanhola-disse-para-pedirem-a-ronaldo-e-messi-uma-cura-para-a-covid-19/	https://observador.pt	2020-03-22	"Cientista espanhola diz: Vocês dão 1 milhão de euros por mês a um futebolista e a um cientista dão 1,800 euros por mês. Agora que buscam a cura para este vírus, procurem o Messi ou o Cristiano Ronaldo para que encontrem""."	Fact Check. Cientista espanhola disse para pedirem a Ronaldo e Messi uma cura para a Covid-19	Fact Check. Cientista espanhola disse para pedirem a Ronaldo e Messi uma cura para a Covid-19		5	Errado
https://observador.pt/factchecks/fact-check-os-eua-prenderam-homem-que-tera-vendido-o-novo-coronavirus-a-china/	https://observador.pt	2020-04-06	"""Os EUA acabou de descobrir o homem que fabricou e vendeu o virus de Corona à China."""	"Fact Check. Os EUA prenderam homem que terá ""vendido"" o novo coronavírus à China"	"Fact Check. Os EUA prenderam homem que terá ""vendido"" o novo coronavírus à China"		5	Errado
https://observador.pt/factchecks/fact-check-virologista-disse-que-a-taxa-de-mortalidade-do-novo-coronavirus-e-de-01/	https://observador.pt	2020-05-15	Destruímos tantas vidas e o futuro de tantos de nós por causa de uma porcaria de um vírus que tem uma taxa de mortalidade de 0,1%	Fact Check. Virologista disse que a taxa de mortalidade do novo coronavírus é de 0,1%	Fact Check. Virologista disse que a taxa de mortalidade do novo coronavírus é de 0,1%		5	Errado
https://observador.pt/factchecks/fact-check-bill-gates-usou-vacinas-falsas-para-espalhar-poliomielite-no-sudao/	https://observador.pt	2020-09-16	Após aplicar vacina que esterelizou milhares de homens e mulheres na Nigéria, Bill Gates está injetando vírus da poliomielite paralisia infantil nas pessoas do Sudão através de falsas vacinas.	Fact Check. Bill Gates usou vacinas falsas para espalhar poliomielite no Sudão	Fact Check. Bill Gates usou vacinas falsas para espalhar poliomielite no Sudão		5	Errado
https://observador.pt/factchecks/portugal-ultrapassou-a-suecia-em-numero-de-casos-de-covid-19-e-e-o-pior-pais-da-ue/	https://observador.pt	2020-06-23	"""Portugal ultrapassa Suécia nos casos de Covid-19. Passa a ser o pior país da UE no combate ao vírus."""	Fact Check. Portugal ultrapassou a Suécia em número de casos de Covid-19 e é o pior país da UE	Fact Check. Portugal ultrapassou a Suécia em número de casos de Covid-19 e é o pior país da UE		5	Errado
https://observador.pt/factchecks/fact-check-o-novo-coronavirus-ainda-nao-chegou-a-russia/	https://observador.pt	2020-03-20	Você já parou para pensar que a Rússia faz fronteira com a China e lá o vírus não entrou Acorda povo.	Fact Check. O novo coronavírus ainda não chegou à Rússia	Fact Check. O novo coronavírus ainda não chegou à Rússia		5	Errado
https://www.aosfatos.org/noticias/e-falso-que-washington-post-noticiou-que-china-nao-quer-usar-coronavac/	https://aosfatos.org	2021-01-07	Washington Post denuncia que a China não quer a vacina do Butantã. A Sinovac está com problemas na China e que a sede da empresa é nas Ilhas Cayman, no Caribe. São Paulo é financiador desde 2019, antes de aparecer o vírus.	falso que Washington Post noticiou que China não quer usar a CoronaVac	falso que Washington Post noticiou que China não quer usar a CoronaVac	1	5	falso
https://checamos.afp.com/o-papa-francisco-nao-pediu-que-repetissem-oracao-estou-vacinado-com-o-sangue-de-cristo-nenhum-virus	https://checamos.afp.com	2020-04-30	O Santo Papa Francisco pediu a todos que repitam esta oração na mente: Estou vacinado com o Sangue de Cristo: nenhum vírus pode tocar-me!	O papa Francisco não pediu que repetissem a oração Estou vacinado com o Sangue de Cristo: nenhum vírus pode tocar-me	O papa Francisco não pediu que repetissem a oração Estou vacinado com o Sangue de Cristo: nenhum vírus pode tocar-me	1	5	Falso
https://checamos.afp.com/doc.afp.com.9UJ7QC	https://checamos.afp.com	2021-12-12	Pessoal vacinado contrai o vírus Transmite o vírus  sempre essa historinha.	Checamos as novas declarações de Bolsonaro sobre a covid-19, a hidroxicloroquina e seu governo	Checamos as novas declarações de Bolsonaro sobre a covid-19, a hidroxicloroquina e seu governo		5	Enganoso
https://observador.pt/factchecks/fact-check-so-10-dos-medicos-acreditam-que-o-novo-coronavirus-e-um-virus-natural/	https://observador.pt	2020-08-10	Só 10% dos médicos acreditam na versão oficial de que o novo coronavírus é um vírus natural	Fact Check. Só 10% dos médicos acreditam que o novo coronavírus é um vírus natural	Fact Check. Só 10% dos médicos acreditam que o novo coronavírus é um vírus natural		5	Errado
https://projetocomprova.com.br/publica%C3%A7%C3%B5es/mutacoes-da-covid-19-nao-descartam-eficacia-e-seguranca-das-vacinas/	https://projetocomprova.com.br	2021-12-08	Médico Rubens Amaral desencoraja a vacinação contra a covid-19. Vacinas são do vírus original, que não existe mais, e, portanto, não têm mais serventia.	Mutações da covid-19 não descartam eficácia e segurança das vacinas	Mutações da covid-19 não descartam eficácia e segurança das vacinas		5	ENGANOSO: O consenso, até agora, é que as vacinas continuam sendo as melhores alternativas para prevenir a contaminação e quadros graves da covid-19, ainda que surjam variantes.
https://noticias.uol.com.br/comprova/ultimas-noticias/2021/06/14/estudo-sem-revisao-nao-prova-que-uso-de-mascaras-e-ineficaz-contra-covid-19.htm	https://noticias.uol.com.br	2021-06-14	Estudo Revela Que Máscaras Faciais Não Impedem Propagação do Vírus Chinês	Estudo sem revisão não prova que uso de máscaras é ineficaz contra covid-19	Estudo sem revisão não prova que uso de máscaras é ineficaz contra covid-19	1	5	Falso
https://checamos.afp.com/doc.afp.com.32788AQ	https://checamos.afp.com	2022-03-29	Moderna criou o vírus da Covid	Artigo científico não prova que Moderna criou coronavírus	Artigo científico não prova que Moderna criou coronavírus	1	5	Falso
https://projetocomprova.com.br/publica%C3%A7%C3%B5es/medico-americano-engana-ao-dizer-que-vacinas-enlouquecem-sistema-imunologico-e-agravam-covid-19/	https://projetocomprova.com.br	2021-08-19	Médico Dan Stock diz que vacinas de covid confundem o sistema imunológico e fazem o organismo combater o vírus de uma maneira inadequada. Ele ainda sugere que máscaras são inúteis para controlar a pandemia e que a vacina não oferece benefícios a pacientes recuperados da covid.	Médico americano engana ao dizer que vacinas 'enlouquecem' sistema imunológico e agravam covid-19	Médico americano engana ao dizer que vacinas 'enlouquecem' sistema imunológico e agravam covid-19		5	ENGANOSO: Discurso do médico Dan Stock engana ao associar vacinas ao aumento no números de casos de covid-19 nos EUA. O vídeo também espalha desinformação ao sugerir que máscaras faciais são ineficazes para coibir a transmissão do novo coronavírus.
https://observador.pt/factchecks/fact-check-covid-19-e-um-certificado-de-identificacao-da-vacinacao-com-inteligencia-artificial/	https://observador.pt	2020-11-26	"""Covid-19 não é o nome do vírus. Significa certificado de identificação da vacinação com inteligência artificial"""	"Fact Check. Covid-19 é um ""certificado de identificação da vacinação com inteligência artificial"""	"Fact Check. Covid-19 é um ""certificado de identificação da vacinação com inteligência artificial"""		5	Errado
https://noticias.uol.com.br/confere/ultimas-noticias/2020/08/18/nao-e-verdade-que-a-maioria-e-imune-a-covid-19-como-diz-bolsonaro-no-face.htm	https://noticias.uol.com.br	2020-08-18	Maioria das pessoas é imune ao vírus que causa a covid-19	falso que a maioria das pessoas seja imune à covid, como disse Bolsonaro	falso que a maioria das pessoas seja imune à covid, como disse Bolsonaro	1	5	Falso
https://projetocomprova.com.br/publica%C3%A7%C3%B5es/e-enganoso-que-e-mail-de-anthony-fauci-mostrado-no-fantastico-prove-origem-do-coronavirus-em-laboratorio/	https://projetocomprova.com.br	2021-06-25	Os emails do Dr. Fauci revelam a criação do vírus em laboratório.	enganoso que e-mail de Anthony Fauci mostrado no Fantástico prove origem do coronavírus em laboratório	enganoso que e-mail de Anthony Fauci mostrado no Fantástico prove origem do coronavírus em laboratório		5	Fantástico não mostrou que o coronavírus foi criado em laboratório. A reportagem é bem clara ao afirmar que está apresentando hipóteses sobre a origem.
https://observador.pt/factchecks/fact-check-funcionario-da-endesa-aconselha-a-deitar-lixivia-no-ralo-para-travar-virus-nos-esgotos/	https://observador.pt	2020-07-14	Funcionário da Endesa aconselha a deitar lixívia no ralo para travar vírus nos Esgotos	Fact Check. Funcionário da Endesa aconselha a deitar lixívia no ralo para travar vírus nos esgotos	Fact Check. Funcionário da Endesa aconselha a deitar lixívia no ralo para travar vírus nos esgotos		5	Errado
https://www.aosfatos.org/noticias/nao-e-do-novo-coronavirus-patente-citada-em-posts-nas-redes-sociais/	https://aosfatos.org	2020-01-28	"Pesquise ai no Google: US10130701B2 e veja que a patente desse ""novo vírus"" foi criada desde 2014 pela CIA. Patente química: US10130701B2. Patente ativo do vírus: US10130701B2."	Não é do novo coronavírus a patente citada em posts nas redes sociais	Não é do novo coronavírus a patente citada em posts nas redes sociais	1	5	falso
https://www.aosfatos.org/noticias/edir-macedo-usa-video-com-informacoes-falsas-para-minimizar-pandemia-do-coronavirus/	https://aosfatos.org	2020-03-16	O vírus não é patogênico, não é capaz de causar nem mesmo uma gripe	Edir Macedo usa vídeo com informações falsas para minimizar pandemia do coronavírus	Edir Macedo usa vídeo com informações falsas para minimizar pandemia do coronavírus	1	5	falso
https://noticias.uol.com.br/comprova/ultimas-noticias/2020/10/30/dilma-nao-disse-que-vacina-chinesa-funcionara-porque-virus-veio-da-china.htm	https://noticias.uol.com.br	2020-10-30	"Dilma disse que vacina chinesa funcionará porque ""vírus veio da China"""	"Dilma não disse que vacina chinesa funcionará porque ""vírus veio da China"""	"Dilma não disse que vacina chinesa funcionará porque ""vírus veio da China"""	1	5	Falso
https://observador.pt/factchecks/fact-check-pfizer-esta-a-libertar-variantes-do-coronavirus-para-vender-vacinas/	https://observador.pt	2023-03-21	"Continuam a libertar novas variantes para depois virem oferecer a cura para o mal que lançaram."""	Fact Check. Pfizer está a libertar variantes do coronavírus para vender vacinas	Fact Check. Pfizer está a libertar variantes do coronavírus para vender vacinas		5	Errado
https://checamos.afp.com/o-video-de-um-telhado-infestado-de-morcegos-foi-gravado-em-2011-nos-estados-unidos	https://checamos.afp.com	2020-02-21	A principal fonte de vírus corona é encontrada sob telhado infestado de morcegos	O vídeo de um telhado infestado de morcegos foi gravado em 2011 nos Estados Unidos	O vídeo de um telhado infestado de morcegos foi gravado em 2011 nos Estados Unidos	1	5	Falso
https://observador.pt/factchecks/fack-check-o-ator-chuck-norris-morreu-de-covid-19/	https://observador.pt	2020-06-22	"""O vírus Corona leva um cinto preto. Chuck Norris, falecido na sequência do Covid19. Carlos Ray 'Chuck' Norris, famoso ator e lutador, faleceu ontem à tarde em Northwood Hills, Texas, aos 80 anos de idade."""	Fack Check. O ator Chuck Norris morreu de Covid-19	Fack Check. O ator Chuck Norris morreu de Covid-19		5	Errado
https://observador.pt/factchecks/fact-check-fotografia-mostra-fila-para-o-algarve-em-junho-de-2020/	https://observador.pt	2020-06-18	"""E o vírus a viajar até ao sul. Lisboetas a caminho do Alentejo e Algarve para umas mini -férias, muitos levam o vírus para as regiões"""	Fact Check. Fotografia mostra fila para o Algarve em junho de 2020	Fact Check. Fotografia mostra fila para o Algarve em junho de 2020		5	Errado
https://noticias.uol.com.br/confere/ultimas-noticias/2021/09/23/bolsonaro-usa-distorcoes-para-atacar-vacinas-e-isolamento-contra-covid.htm	https://noticias.uol.com.br	2021-09-24	Muita gente que entende, estuda, diz que quem contraiu o vírus e se curou, obviamente, está melhor imunizado do que quem tomou vacina	Bolsonaro tira de contexto caso de Queiroga para atacar vacina contra covid	Bolsonaro tira de contexto caso de Queiroga para atacar vacina contra covid	2	5	Insustentável
https://projetocomprova.com.br/publica%C3%A7%C3%B5es/tuite-engana-ao-afirmar-que-sol-mata-o-coronavirus/	https://projetocomprova.com.br	2020-09-10	Cientistas afirmaram que sol do meio-dia é extremamente eficaz na erradicação do vírus. Segundo o estudo, o sol mata o coronavírus em 34 minutos.	Tuíte engana ao afirmar que sol mata o coronavírus	Tuíte engana ao afirmar que sol mata o coronavírus		5	Enganoso: Tuíte faz referência a estimativas de um estudo que se baseia em modelos antigos, criados para outros vírus. Especialistas ouvidos pelo Comprova dizem que estudo não tem nenhuma conclusão nova
https://projetocomprova.com.br/publica%C3%A7%C3%B5es/frase-de-pesquisador-americano-de-2016-nao-indica-que-chineses-provocaram-pandemia/	https://projetocomprova.com.br	2021-12-07	Encontramos variações do coronavírus em morcegos. Nossos colegas na China fizeram o trabalho. Eles criaram alongamentos proteicos para que os os vírus se conectassem a células humanas	Frase de pesquisador americano de 2016 não indica que chineses provocaram pandemia	Frase de pesquisador americano de 2016 não indica que chineses provocaram pandemia		5	ENGANOSO: O que o pesquisador falou, em 2016, foi que chineses fizeram prospecção de vírus patógenos, prática comum para tentar prever transmissões de vírus entre espécies.
https://observador.pt/factchecks/fact-check-doentes-com-covid-19-assintomaticos-sao-falsos-positivos/	https://observador.pt	2020-10-01	"""Os vírus que são supostamente ""tão agressivos"" apresentam alguns sintomas nos pacientes porque o corpo libera alarmes de um intruso febre, dor de cabeça, vômito, etc. e de acordo com a teoria de Koch a resposta [sobre se os assintomáticos são casos reais de positivos] é NO."""	Fact Check. Doentes com Covid-19 assintomáticos são falsos positivos	Fact Check. Doentes com Covid-19 assintomáticos são falsos positivos		5	Errado
https://projetocomprova.com.br/publica%C3%A7%C3%B5es/e-falso-que-criacao-de-virus-da-covid-19-em-laboratorio-esteja-comprovada/	https://projetocomprova.com.br	2023-06-08	Cientista confessa criação de coronavírus: criamos o vírus SARS propositadamente	falso que criação de vírus da covid-19 em laboratório esteja comprovada	falso que criação de vírus da covid-19 em laboratório esteja comprovada	1	5	Falso
https://observador.pt/factchecks/fact-check-sagres-suspendeu-producao-por-causa-do-coronavirus/	https://observador.pt	2020-03-16	Informa-se que a 13 de março do ano corrente os serviços de produção da bebida Sagres estarão encerrados por tempo indeterminado, devido a planos de contingência do Corona vírus	Fact Check. Sagres suspendeu produção por causa do Coronavírus	Fact Check. Sagres suspendeu produção por causa do Coronavírus		5	Errado
https://observador.pt/factchecks/fact-check-po-de-tijolo-prova-que-mascaras-cirurgicas-sao-ineficazes-contra-o-novo-coronavirus/	https://observador.pt	2021-04-09	"""3 máscaras e o pó ainda passa para dentro do nariz. Mas há quem acredite que impede um ""vírus"" mortal de vos infetar. A tal falsa sensação de segurança que a estúpida geração egoísta e hipócrita está a matar as futuras gerações de evoluírem e impedem as gerações ancestrais de morrer dignamente"""	Fact Check. Pó de tijolo prova que máscaras cirúrgicas são ineficazes contra o novo coronavírus	Fact Check. Pó de tijolo prova que máscaras cirúrgicas são ineficazes contra o novo coronavírus		5	Errado
https://observador.pt/factchecks/fact-check-premio-nobel-da-medicina-disse-que-novo-coronavirus-nao-era-natural-e-que-foi-fabricado-pela-china/	https://observador.pt	2020-04-27	"""Há 40 anos que faço pesquisas com vírus e animais. Não é natural. Foi fabricado e o vírus é completamente artificial."""	Fact Check. Prémio Nobel da Medicina disse que novo coronavírus não era natural e que foi fabricado pela China	Fact Check. Prémio Nobel da Medicina disse que novo coronavírus não era natural e que foi fabricado pela China		5	Errado
https://www.aosfatos.org/noticias/e-falso-que-boicote-fez-venda-de-produtos-chineses-cair-70-em-santa-catarina/	https://aosfatos.org	2020-08-17	Depois que os Catarinenses boicotaram em 70% as compras dos produtos chineses, a China sentiu no bolso e agora inventa que encontrou o vírus deles em uma EMBALAGEM de frango enviada de Santa Catarina.	falso que boicote fez venda de produtos chineses cair 70% em Santa Catarina	falso que boicote fez venda de produtos chineses cair 70% em Santa Catarina	1	5	falso
https://checamos.afp.com/doc.afp.com.9NA8LY	https://checamos.afp.com	2021-09-22	Sempre defendi combater o vírus e o desemprego de forma simultânea e com a mesma responsabilidade	Desmatamento, pandemia, 7 de setembro: checamos falas de Bolsonaro perante a ONU	Desmatamento, pandemia, 7 de setembro: checamos falas de Bolsonaro perante a ONU		5	Enganoso
https://www.aosfatos.org/noticias/nao-e-verdade-que-assintomaticos-da-covid-19-transmitem-anticorpos-outras-pessoas/	https://aosfatos.org	2020-07-17	A pessoa assintomática não transmite o vírus, mas comunica anticorpos para outras pessoas e gera imunidade em massa.	Não é verdade que assintomáticos da Covid-19 transmitem anticorpos a outras pessoas	Não é verdade que assintomáticos da Covid-19 transmitem anticorpos a outras pessoas	1	5	falso
https://observador.pt/factchecks/fact-check-o-governo-mente-e-na-praia-nao-ha-virus/	https://observador.pt	2020-06-24	O Governo mente e os média enganam-te. Não existe pandemia e o covid é um simples vírus de constipação. O número de mortos é falso. ... O governo é perverso e quer que você adoeça, por isso é que o impede de ir à praia. Na praia não há vírus, a areia não tem vírus, o calor do Sol destrói os vírus.	Fact Check. O governo mente e na praia não há vírus	Fact Check. O governo mente e na praia não há vírus		5	Errado
https://observador.pt/factchecks/ha-uma-relacao-entre-o-lancamento-do-2g-3g-4g-e-5g-e-os-virus-que-surgiram-na-china/	https://observador.pt	2020-04-27	"Factos e coincidências entre lançamento do 2G, 3G, 4G e 5G e vírus que surgiram na China"""	Há uma relação entre o lançamento do 2G, 3G, 4G e 5G e os vírus que surgiram na China	Há uma relação entre o lançamento do 2G, 3G, 4G e 5G e os vírus que surgiram na China		5	Errado
https://observador.pt/factchecks/fact-check-azitromicina-e-ivermectina-matam-o-sars-cov2/	https://observador.pt	2021-01-18	"""Ivermectina e a azitromicina matam o vírus, porque não utilizá-los"	"Fact Check. Azitromicina e Ivermectina ""matam"" o SARS-CoV2"	"Fact Check. Azitromicina e Ivermectina ""matam"" o SARS-CoV2"		5	Errado
https://noticias.uol.com.br/confere/ultimas-noticias/2021/01/06/ministerio-saude-coronavirus-trnasmissao-pelo-ar.htm	https://noticias.uol.com.br	2021-01-06	Vírus não é transmitido pelo ar	Ministério confunde ao dizer que coronavírus não é transmitido pelo ar	Ministério confunde ao dizer que coronavírus não é transmitido pelo ar	1	5	Falso
https://checamos.afp.com/os-assintomaticos-podem-sim-transmitir-o-virus-e-nao-espalham-anticorpos-dizem-especialistas	https://checamos.afp.com	2020-07-13	Pessoas assintomáticas são imunes e não transmitem vírus, e espalham anticorpos	Os assintomáticos podem sim transmitir o vírus e não espalham anticorpos, dizem especialistas	Os assintomáticos podem sim transmitir o vírus e não espalham anticorpos, dizem especialistas	1	5	Falso
https://www.aosfatos.org/noticias/e-falso-que-estudo-descobriu-que-variola-dos-macacos-foi-criada-em-laboratorio/	https://aosfatos.org	2022-06-09	Estudo descobriu que vírus da varíola dos macacos foi manipulado em laboratório	falso que estudo descobriu que varíola dos macacos foi criada em laboratório	falso que estudo descobriu que varíola dos macacos foi criada em laboratório	1	5	falso
https://www.bol.uol.com.br/noticias/2022/10/14/ao-contrario-do-que-diz-bolsonaro-1860-criancas-morreram-de-covid-19.htm	https://bol.uol.com.br	2022-10-14	A molecada não sofre com o vírus covid. Tanto é que você não viu moleque morrendo de vírus por aí. Alguém conhece algum filho de alguém que morreu de vírus	Ao contrário do que diz Bolsonaro, 1860 crianças morreram de covid-19	Ao contrário do que diz Bolsonaro, 1860 crianças morreram de covid-19	1	5	Falso
https://projetocomprova.com.br/publica%C3%A7%C3%B5es/dilma-nao-disse-que-vacina-chinesa-vai-funcionar-porque-pandemia-comecou-na-china/	https://projetocomprova.com.br	2020-10-29	Dilma Rousseff diz que vacina chinesa contra o coronavírus vai funcionar porque o vírus veio da China e funciona	Dilma não disse que vacina chinesa vai funcionar porque pandemia começou na China	Dilma não disse que vacina chinesa vai funcionar porque pandemia começou na China	1	5	FALSO: A postagem verificada inventou uma declaração sobre a eficácia de vacinas chinesas e a atribuiu à ex-presidente da República
https://checamos.afp.com/quanto-tempo-o-novo-coronavirus-sobrevive-em-sapatos-e-outras-superficies-horas-dias-depende-das	https://checamos.afp.com	2020-03-18	Recomenda-se que você use apenas um par de sapatos para sair de casa e deixe-o fora da porta depois de usado, porque o vírus pode permanecer durante 9 horas no asfalto	Quanto tempo o novo coronavírus sobrevive em sapatos e outras superfícies Horas, dias... depende das condições	Quanto tempo o novo coronavírus sobrevive em sapatos e outras superfícies Horas, dias... depende das condições		5	Checamos
https://oglobo.globo.com/fato-ou-fake/e-fake-que-kits-de-testes-para-covid-19-foram-comprados-por-paises-ja-em-2017-24633639	https://oglobo.globo.com	2020-10-09	"A MAIOR FRAUDE DO SCULO, OU A GRANDE CONSPIRAO GLOBALISTA A NVEL MUNDIAL!Desde quando é que, alguma vez, foram necessários ""kits de testes"" para averiguar se alguém está constipado ou com gripeEm 2017 e em 2018 foram exportados, para todo o mundo, milhões de kits de exames médicos 300215 para combater o COVID-19 que só surgiria em Dezembro de 2019 em Wuhan!Pela primeira vez, na História da Humanidade, criou-se um teste que consegue provar que uma pessoa sem quaisquer sintomas está gravemente infectada com um vírus mortal!!!Para quem não está atento ao ler as tabelas poderá considerar que o material médico, aqui referido nas mesmas, é hoje e não quando foi adquirido classificado como necessário para o diagnóstico de COVID-19 como, por exemplo, termómetros, cotonetes, testes sorológicos, etc....Mas desde quando é que esses suprimentos médicos adquiridos em 2017 e 2018 são necessários para detectar Covid-19Termómetros Cotonetes comunsTestes sorológicos não adaptados à realidade CovidDesde quando é que o Covid pode ser detectado com um termómetro, ou com um cotonete comumNão foram encomendados milhões de cotonetes gigantes especialmente concebidos para ""detectar"" o CovidEntão, qual é o uso de todo esse equipamento obsoleto comprado em 2017, ou 2018 que não tem qualquer uso prático na detecção do Covid-19, mas que é, actualmente, ""considerado"" como necessário para o diagnóstico de COVID-19"	#FAKE que kits de testes para Covid-19 foram comprados por países já em 2017	#FAKE que kits de testes para Covid-19 foram comprados por países já em 2017	1	5	Fake
https://checamos.afp.com/o-video-plandemic-contem-afirmacoes-falsas-e-enganosas-sobre-covid-19	https://checamos.afp.com	2020-05-20	O coronvírus foi manipulado, as vacinas mataram milhões, usar máscara ativa o seu próprio vírus, a hidroxicloroquina está funcionando bem	O vídeo Plandemic contém afirmações falsas e enganosas sobre a COVID-19	O vídeo Plandemic contém afirmações falsas e enganosas sobre a COVID-19		5	Enganoso
https://checamos.afp.com/nao-ha-provas-de-que-china-busca-aprovacao-da-suprema-corte-para-matar-20-mil-pacientes-com-o-novo	https://checamos.afp.com	2020-02-11	China busca aprovação do tribunal para matar mais de 20.000 pacientes com coronavírus para evitar maior disseminação do vírus	Não há provas de que China busca aprovação da Suprema Corte para matar 20 mil pacientes com o novo coronavírus	Não há provas de que China busca aprovação da Suprema Corte para matar 20 mil pacientes com o novo coronavírus		5	Sem indícios
https://checamos.afp.com/doc.afp.com.9GT8N3	https://checamos.afp.com	2021-07-27	"Após o coronavírus, novo vírus mortal chamado ""vírus B"" surge na China"	O vírus B que matou um veterinário na China não é novo e infecção em humanos é rara	O vírus B que matou um veterinário na China não é novo e infecção em humanos é rara		5	Enganoso
https://projetocomprova.com.br/publica%C3%A7%C3%B5es/site-tira-de-contexto-e-mails-de-anthony-fauci-sobre-mascaras-e-origem-do-coronavirus/	https://projetocomprova.com.br	2021-06-07	Vazam e-mails de Dr. Fauci, da Casa Branca, afirmando que o vírus chinês aparenta ser fruto de engenharia genética e inutilidade das máscaras.	Site tira de contexto e-mails de Anthony Fauci sobre máscaras e origem do coronavírus	Site tira de contexto e-mails de Anthony Fauci sobre máscaras e origem do coronavírus		5	ENGANOSO: Na época, ainda não havia recomendação para uso de máscaras. Estudo sobre origem natural do SARS-CoV-2 seria publicado um mês depois.
https://checamos.afp.com/nao-frutas-nao-transmitem-o-virus-do-hiv	https://checamos.afp.com	2019-05-20	Frutas injetadas com sangue contaminado podem transmitir vírus do HIV	Não, as frutas não transmitem o vírus do HIV	Não, as frutas não transmitem o vírus do HIV	1	5	Falso
https://observador.pt/factchecks/fact-check-beber-agua-morna-com-sal-ou-vinagre-elimina-o-novo-coronavirus/	https://observador.pt	2020-03-17	O vírus corona, antes de atingir os pulmões, permanece na garganta por quatro dias e, nesse momento, a pessoa começa a tossir e a ter dores de garganta. Se ela bebe muita água e gargareja com água morna, sal ou vinagre, elimina o vírus.	Fact Check. Beber água morna com sal ou vinagre elimina o novo coronavírus	Fact Check. Beber água morna com sal ou vinagre elimina o novo coronavírus		5	Errado
https://www.estadao.com.br/estadao-verifica/virus-zumbi-siberia/	https://estadao.com.br	2023-03-21	Cientistas descobriram vírus que transforma pessoas em zumbis	Não, cientistas não reviveram vírus que transforma pessoas em zumbis	Não, cientistas não reviveram vírus que transforma pessoas em zumbis	1	5	Falso
https://observador.pt/factchecks/fact-check-o-cafe-pode-ajudar-a-prevenir-o-novo-coronavirus/	https://observador.pt	2020-03-25	"""O consumo de café pode diminuir o risco pois é uma substância muito rica em antioxidantes e minerais, que ajudam a evitar a degradação e alteração das células evitando que vírus entre no corpo humano"	Fact Check. O café pode ajudar a prevenir o novo coronavírus	Fact Check. O café pode ajudar a prevenir o novo coronavírus		5	Errado
https://observador.pt/factchecks/fact-check-espanha-nao-isolou-o-virus-sars-cov2/	https://observador.pt	2021-10-27	"""Espanha ainda nao isolou o vírus Sars-Cov2""."	Fact Check. Espanha não isolou o vírus Sars-Cov2	Fact Check. Espanha não isolou o vírus Sars-Cov2		5	Enganador
https://www.aosfatos.org/noticias/e-falso-que-estudo-concluiu-que-carga-viral-do-sars-cov-2-e-251-vezes-maior-em-vacinados/	https://aosfatos.org	2021-08-30	Estudo concluiu que carga viral do Sars-CoV-2 é 251 vezes maior em vacinados	falso que estudo concluiu que carga viral do Sars-CoV-2 é 251 vezes maior em vacinados	falso que estudo concluiu que carga viral do Sars-CoV-2 é 251 vezes maior em vacinados	1	5	falso
https://www.aosfatos.org/noticias/checamos-bolsonaro-assembleia-geral-onu/	https://aosfatos.org	2021-09-21	Sempre defendi combater o vírus e o desemprego de forma simultânea.	Na ONU, Bolsonaro lista rosário de mentiras sobre ambiente, pandemia e corrupção	Na ONU, Bolsonaro lista rosário de mentiras sobre ambiente, pandemia e corrupção	1	5	falso
https://www.estadao.com.br/estadao-verifica/arroz-dana-contaminado-paquistao/	https://estadao.com.br	2023-03-14	Arroz contaminado com vírus do Paquistão entrou no Brasil após liberação do governo do PT	falso que arroz contaminado com vírus do Paquistão tenha sido liberado para venda no Brasil	falso que arroz contaminado com vírus do Paquistão tenha sido liberado para venda no Brasil	1	5	Falso
https://observador.pt/factchecks/fact-check-oms-proibiu-realizacao-de-autopsias-durante-a-pandemia/	https://observador.pt	2021-01-18	"""Os médicos na Itália violaram a lei da Organização Mundial da Saúde OMS, que não autoriza autópsias post mortem em corpos de pessoas que morreram com o vírus corona, a fim de descobrir depois de algum tipo de descoberta científica"""	Fact Check. OMS proibiu realização de autópsias durante a pandemia	Fact Check. OMS proibiu realização de autópsias durante a pandemia		5	Errado
https://observador.pt/factchecks/fact-check-taxa-de-letalidade-do-novo-coronavirus-e-de-026/	https://observador.pt	2020-06-10	"""Sabemos que a letalidade do vírus é de cerca de 0,26%"""	Fact Check. Taxa de letalidade do novo coronavírus é de 0,26%	Fact Check. Taxa de letalidade do novo coronavírus é de 0,26%		5	Errado
https://observador.pt/factchecks/fact-check-video-mostra-a-origem-do-coronavirus/	https://observador.pt	2020-01-31	Origem do vírus corona veio do mercado de carnes da China	Fact Check: Vídeo mostra a origem do coronavírus	Fact Check: Vídeo mostra a origem do coronavírus		5	Errado
https://observador.pt/factchecks/fact-check-fotografia-mostra-crianca-a-chorar-porque-os-pais-estao-internados-com-coronavirus/	https://observador.pt	2020-04-12	"""Ambos os pais estão infetados com o vírus da Corona. Ajude-o a rezar pela recuperação ... Se estivessem mortos todos partilhariam"""	Fact Check. Fotografia mostra criança a chorar porque os pais estão internados com coronavírus	Fact Check. Fotografia mostra criança a chorar porque os pais estão internados com coronavírus		5	Errado
https://www1.folha.uol.com.br/cotidiano/2022/11/post-usa-declaracao-de-virologista-conhecido-por-desinformar-para-mentir-sobre-eficacia-das-vacinas.shtml	https://www1.folha.uol.com.br	2022-11-18	Vídeo com discurso do virologista Robert Malone, em que ele afirma que as vacinas de mRNA contra covid-19  que chama de vacinas genéticas  não são seguras e não protegem contra a variante ômicron. Ele acrescenta que mesmo se todas as pessoas nos Estados Unidos se vacinarem, não haverá imunidade de rebanho, como ocorreria, segundo ele, a partir da imunidade natural, ou seja, a partir da infecção pelo vírus.	Post usa declaração de virologista conhecido por desinformar para mentir sobre eficácia das vacinas	Post usa declaração de virologista conhecido por desinformar para mentir sobre eficácia das vacinas	1	5	Falso
https://observador.pt/factchecks/fact-check-novo-coronavirus-morre-em-temperaturas-acima-dos-23-graus/	https://observador.pt	2020-03-27	"O vírus só se propaga em temperaturas baixas. Temperaturas acima dos 23 não propaga e morre rapidamente. Bebam líquidos quentes de 5 em 5 minutos pois o vírus aloja-se no esófago, a bebida mata o vírus e empurra-o para o estômago não o deixando ir para os pulmões."""	Fact Check. Novo coronavírus morre em temperaturas acima dos 23 graus	Fact Check. Novo coronavírus morre em temperaturas acima dos 23 graus		5	Errado
https://checamos.afp.com/nao-ha-evidencias-cientificas-sobre-necessidade-de-trocar-escova-dental-apos-caso-de-covid-19	https://checamos.afp.com	2021-06-04	Se você esteve com Covid-19, é preciso trocar a escova dental que usou neste período, porque a saliva contém uma grande quantidade de vírus e bactérias que podem causar uma inflamação secundária	Não há evidências científicas sobre a necessidade de trocar escova dental após caso de covid-19	Não há evidências científicas sobre a necessidade de trocar escova dental após caso de covid-19		5	Sem evidência
https://observador.pt/factchecks/fact-check-sopa-de-morcego-esteve-na-origem-do-coronavirus/	https://observador.pt	2020-02-06	Sopa de morcego na China pode ser a origem do corona vírus!	Fact Check. Sopa de morcego esteve na origem do coronavírus	Fact Check. Sopa de morcego esteve na origem do coronavírus		5	Errado
https://www.aosfatos.org/noticias/beber-agua-e-fazer-gargarejos-com-sal-ou-vinagre-nao-impedem-infeccao-por-coronavirus/	https://aosfatos.org	2020-03-16	O coronavírus antes de atingir os pulmões, permanece na garganta por quatro dias e, nesse período, a pessoa começa a tossir e sentir dores na garganta. Se essa pessoa beber muita água e faz gargarejo com água morna, sal ou vinagre, isso eliminará o vírus. Divulgue estas informações, pois você pode salvar alguém se essa pessoa souber disso.	Beber água e fazer gargarejos com sal ou vinagre não impedem infecção por coronavírus	Beber água e fazer gargarejos com sal ou vinagre não impedem infecção por coronavírus	1	5	falso
https://observador.pt/factchecks/fact-check-ha-uma-grande-epidemia-no-ano-20-de-cada-seculo/	https://observador.pt	2020-02-06	"""1320  Peste Bubónica; 1420  Peste Negra; 1520  Império Azteca morre de Varíola; 1620  Surto de moléstia contagiosa Passageiros do Mayflower; 1720  Praga de Marselha; 1820 - Epidemia de Cólera; 1920  Gripe Espanhola; 2020  Corona Vírus. Dá que pensar, não dá Será coincidência"""	Fact Check: Há uma grande epidemia no ano 20 de cada século	Fact Check: Há uma grande epidemia no ano 20 de cada século		5	Errado
https://www.aosfatos.org/noticias/medicos-desinformam-ao-recomendar-ivermectina-para-prevenir-e-tratar-covid-19/	https://aosfatos.org	2020-07-10	Existem três drogas que no início dos sintomas podem impedir a multiplicação viral [...] Anitta, ivermectina e a cloroquina.	Médicos desinformam ao recomendar ivermectina para prevenir e tratar Covid-19	Médicos desinformam ao recomendar ivermectina para prevenir e tratar Covid-19	1	5	falso
https://www.aosfatos.org/noticias/posts-distorcem-fatos-ao-alegar-ivermectina-reduz-97-da-carga-viral-da-covid-19-em-48-horas/	https://aosfatos.org	2022-01-12	Ivermectina reduz 97% da carga viral da Covid-19 em 48 horas	Posts distorcem fatos ao alegar que ivermectina reduz 97% da carga viral da Covid-19 em 48 horas	Posts distorcem fatos ao alegar que ivermectina reduz 97% da carga viral da Covid-19 em 48 horas	3	5	distorcido
https://observador.pt/factchecks/fotografia-mostra-o-papa-a-chorar-pelo-fim-da-pandemia-da-covid-19/	https://observador.pt	2020-07-14	"""Na missa de ontem. O Papa Francisco chora no Vaticano após rezar e pedir a Deus pelo fim da pandemia do vírus Covid-19"""	Fotografia mostra o Papa a chorar pelo fim da pandemia da Covid-19	Fotografia mostra o Papa a chorar pelo fim da pandemia da Covid-19		5	Errado
https://www.estadao.com.br/estadao-verifica/origem-covid-pesquisada-americano/	https://estadao.com.br	2023-06-08	Vírus da covid-19 foi criado propositadamente	Origem da covid-19 ainda é pesquisada, diferentemente do que diz americano em vídeo	Origem da covid-19 ainda é pesquisada, diferentemente do que diz americano em vídeo	1	5	Falso
https://noticias.uol.com.br/confere/ultimas-noticias/2018/05/05/uol-confere-existe-o-virus-mortal-h2n3-no-brasil.htm	https://noticias.uol.com.br	2018-05-05	Novo vírus de gripe H2N3 circula pelo Brasil	"Boato inventa ""vírus mortal"" de gripe no Brasil"	"Boato inventa ""vírus mortal"" de gripe no Brasil"	1	5	Falso
https://projetocomprova.com.br/publica%C3%A7%C3%B5es/virus-nao-foi-feito-na-franca-e-vacinas-nao-sao-uma-iniciativa-globalista-para-reduzir-a-populacao/	https://projetocomprova.com.br	2020-12-02	Vírus da Covid-19 foi fabricado no Instituto Pasteur, na França, e as vacinas modificam o DNA para sempre.	Vírus não foi feito na França e vacinas não são uma iniciativa globalista para reduzir a população	Vírus não foi feito na França e vacinas não são uma iniciativa globalista para reduzir a população	1	5	FALSO: O Instituto Pasteur nega as acusações feitas no vídeo verificado, especialistas dizem que são teorias conspiratórias sem fundamento e, procurados pelo Comprova, os homens que aparecem na gravação não ofereceram provas do que dizem.
https://projetocomprova.com.br/publica%C3%A7%C3%B5es/estudo-sem-revisao-tem-falhas-e-nao-prova-que-uso-de-mascaras-e-ineficaz-contra-covid-19/	https://projetocomprova.com.br	2021-06-11	Estudo Revela Que Máscaras Faciais Não Impedem Propagação do Vírus Chinês	Estudo sem revisão tem falhas e não prova que uso de máscaras é ineficaz contra covid-19	Estudo sem revisão tem falhas e não prova que uso de máscaras é ineficaz contra covid-19		5	É enganosa publicação em site que afirma que o uso de máscaras faciais não é eficaz para prevenir casos de covid-19. O texto se baseia em dados de um estudo em fase pré-print que não são suficientes para comprovar que o uso de máscaras é ineficaz como medida de combate à covid-19. Especialistas ouvidos pelo Comprova apontam falhas na metodologia utilizada.
https://www.aosfatos.org/noticias/retratacao-em-estudo-sobre-hidroxicloroquina-nao-atesta-eficacia-da-droga-contra-covid-19/	https://aosfatos.org	2021-01-28	Quantas pessoas morreram do v1rus sh1ne1s POR TEREM ACREDITADO que a Hidroxicloroquina NAO FUNCIONAVA contra o virus	Retratação em estudo sobre a hidroxicloroquina não atesta eficácia da droga contra a Covid-19	Retratação em estudo sobre a hidroxicloroquina não atesta eficácia da droga contra a Covid-19	3	5	distorcido
https://observador.pt/factchecks/fact-check-foi-criada-uma-vacina-que-anula-a-predisposicao-para-o-fundamentalismo-religioso/	https://observador.pt	2021-06-30	"""Os cientistas usaram essas informações para criar uma vacina contra o fundamentalismo religioso. ESSA VACINA viral, que se propaga através do ar, FOI PROJETADA PARA INIBIR A EXPRESSO DO GENE VMAT2, fazendo com que as pessoas se tornem menos religiosas, ou seja, que tenham menos fé no Criador."""	Fact Check. Foi criada uma vacina que anula a predisposição para o fundamentalismo religioso	Fact Check. Foi criada uma vacina que anula a predisposição para o fundamentalismo religioso		5	Errado
https://noticias.uol.com.br/confere/ultimas-noticias/2023/07/05/corrente-falsa-diz-que-pessoas-com-hiv-transmitem-o-virus-de-casa-em-casa.htm	https://noticias.uol.com.br	2023-07-05	ALERTA. Pessoas vestidas de branco vão passar de casa em casa para medir a taxa Glicêmica dos moradores. Não deixem!  um grupo de aidéticos para transmitir o vírus	Corrente falsa diz que pessoas com HIV transmitem o vírus de casa em casa	Corrente falsa diz que pessoas com HIV transmitem o vírus de casa em casa	1	5	Falso
https://observador.pt/factchecks/grupo-de-pessoas-anda-a-espalhar-virus-da-sida-atraves-de-testes-de-glicemia/	https://observador.pt	2019-11-16	"""Um grupo está em várias cidades abordando as pessoas para que elas façam a medição da glicose .... Este suposto teste está passando o vírus HIV""."	Fact Check. Grupo de pessoas anda a espalhar vírus da sida através de testes de glicemia	Fact Check. Grupo de pessoas anda a espalhar vírus da sida através de testes de glicemia		5	Errado
https://observador.pt/factchecks/fact-check-nao-houve-casos-de-covid-19-em-pequim-e-xangai/	https://observador.pt	2020-05-15	O vírus Corona originou-se da cidade de Wuhan na China e agora chegou a todos os cantos do mundo, mas este vírus não chegou à capital da China: Pequim e a capital econômica: Xangai perto de Wuhan, porquê	Fact Check. Não houve casos de Covid-19 em Pequim e Xangai	Fact Check. Não houve casos de Covid-19 em Pequim e Xangai		5	Errado
https://observador.pt/factchecks/fact-check-novo-coronavirus-morre-com-vibracoes-acima-de-255-hz/	https://observador.pt	2020-11-11	A Covid tem uma vibração de 5,5 hz e morre acima de 25,5 hz. Para os seres humanos com vibração mais alta, o vírus é uma gripe simples.	"Fact Check. Novo coronavírus morre com vibrações ""acima de 25,5 hz"""	"Fact Check. Novo coronavírus morre com vibrações ""acima de 25,5 hz"""		5	Errado
https://noticias.uol.com.br/comprova/ultimas-noticias/2020/06/17/parceria-para-vacina-contra-covid-nao-foi-firmada-por-doria-no-ano-passado.htm	https://noticias.uol.com.br	2020-06-17	Conteúdo verificado: Vídeo publicado no YouTube no dia 12 de junho com o título Dória negociou vacina chinesa antes do vírus chegar ao Brasil	Parceria para vacina contra covid não foi firmada por Doria no ano passado	Parceria para vacina contra covid não foi firmada por Doria no ano passado	1	5	Falso
https://observador.pt/factchecks/fact-check-virus-com-99-de-recuperacao-nao-pode-ser-considerado-pandemia/	https://observador.pt	2020-08-20	Vírus com uma taxa de recuperação de 99% não pode ser considerado pandemia	Fact Check. Vírus com 99% de recuperação não pode ser considerado pandemia	Fact Check. Vírus com 99% de recuperação não pode ser considerado pandemia		5	Errado
https://observador.pt/factchecks/fact-check-rainha-isabel-ii-esta-infetada-com-o-novo-coronavirus/	https://observador.pt	2020-03-31	"""O Palácio de Buckingham confirmou nesta sexta-feira que a Rainha Elizabeth II foi diagnosticada com Covid-19. As informações são do portal britânico UCR World News. Esse é o segundo membro da realeza infectado pelo vírus Sars-Cov-2. O primeiro foi o príncipe Charles"""	Fact Check. Rainha Isabel II está infetada com o novo coronavírus	Fact Check. Rainha Isabel II está infetada com o novo coronavírus		5	Errado
https://noticias.uol.com.br/confere/ultimas-noticias/2021/09/24/passaporte-vacina-covid-19-coronavirus-confere-eduardo-bolsonaro.htm	https://noticias.uol.com.br	2021-09-24	Deputado afirma que capacidade de se infectar e transmitir o vírus mesmo após vacinação é argumento contrário ao passaporte vacinal	Passaporte sanitário: Eduardo Bolsonaro distorce efeito de vacina	Passaporte sanitário: Eduardo Bolsonaro distorce efeito de vacina	3	5	Distorcido
https://noticias.uol.com.br/confere/ultimas-noticias/2018/06/20/paracetamol-vendido-no-brasil-nao-esta-infectado-com-virus-mortal.htm	https://noticias.uol.com.br	2018-06-20	Paracetamol está infectado com vírus mortal Machupo	Paracetamol vendido no Brasil não está infectado com vírus mortal	Paracetamol vendido no Brasil não está infectado com vírus mortal	1	5	Falso
https://checamos.afp.com/doc.afp.com.33BF8XP	https://checamos.afp.com	2023-03-16	Arroz Dana, vindo do Paquistão, é comercializado no Brasil contaminado com vírus	Mensagem falsa sobre Arroz Dana com vírus do Paquistão circula nas redes desde 2017	Mensagem falsa sobre Arroz Dana com vírus do Paquistão circula nas redes desde 2017	1	5	Falso
https://observador.pt/factchecks/fact-check-criador-dos-testes-pcr-disse-que-o-metodo-nao-consegue-detetar-virus/	https://observador.pt	2020-10-27	Estes testes [PCR] não conseguem detetar vírus infecciosos livres, de todo [...] Os testes podem detetar sequências genéticas de vírus, mas não os próprios vírus	"Fact Check. Criador dos testes PCR disse que o método ""não consegue detetar vírus"""	"Fact Check. Criador dos testes PCR disse que o método ""não consegue detetar vírus"""		5	Errado
https://observador.pt/factchecks/fact-check-mascaras-de-pano-nao-protegem-ninguem-do-virus/	https://observador.pt	2020-09-17	Máscaras de pano não protegem ninguém de vírus e estão simplesmente sendo usadas como uma ferramenta psico-social pelos governos, para determinar o quanto da população obedece à autoridade	Fact Check. Máscaras de pano não protegem ninguém do vírus	Fact Check. Máscaras de pano não protegem ninguém do vírus		5	Errado
https://www.aosfatos.org/noticias/nao-e-verdade-que-beber-agua-cada-15-minutos-seja-eficaz-na-prevencao-covid19/	https://aosfatos.org	2020-08-13	Um fator importante para não contrair o vírus é beber água de 15 em 15 minutos.	Não é verdade que beber água a cada 15 minutos seja eficaz na prevenção à Covid-19	Não é verdade que beber água a cada 15 minutos seja eficaz na prevenção à Covid-19	1	5	falso
https://projetocomprova.com.br/publica%C3%A7%C3%B5es/e-enganoso-dizer-que-expor-a-populacao-ao-virus-e-melhor-para-acabar-com-pandemia-do-que-vacinacao/	https://projetocomprova.com.br	2020-10-28	As pandemias acabam com a imunidade de rebanho, o que acontece antes da vacina estar pronta	enganoso dizer que expor a população ao vírus é melhor para ...	enganoso dizer que expor a população ao vírus é melhor para ...		5	ENGANOSO: Ao contrário do que afirma deputado, estratégia de imunidade de rebanho prevê a vacinação da população, segundo OMS
https://projetocomprova.com.br/publica%C3%A7%C3%B5es/reportagem-de-tv-italiana-sobre-virus-criado-em-laboratorio-chines-nao-tem-relacao-com-a-covid-19/	https://projetocomprova.com.br	2020-03-31	Em 2015, a emissora de TV italiana RAI, demonstrou que o novo coronavírus foi criado em um laboratório pelo governo chinês	Reportagem de TV italiana sobre vírus criado em laboratório chinês ...	Reportagem de TV italiana sobre vírus criado em laboratório chinês ...	5	5	Enganoso: A reportagem em questão, na verdade, fala sobre um grupo de cientistas que criou uma versão híbrida de um coronavírus de morcego na China cinco anos atrás e foi baseada em um estudo da revista científica Nature. Em março de 2020, o periódico esclareceu que não há evidências de que esse experimento tenha relação com a pandemia atual e, em análise posterior, pesquisadores afirmaram que o SARS-CoV-2 não foi fabricado em laboratório ou produzido propositalmente
https://www.aosfatos.org/noticias/virus-usado-na-vacina-da-astrazeneca-nao-e-o-mesmo-da-variola-dos-macacos/	https://aosfatos.org	2022-06-10	Vacina AstraZeneca causou surto da varíola do macacos	Vírus usado na vacina da AstraZeneca não é o mesmo da varíola ...	Vírus usado na vacina da AstraZeneca não é o mesmo da varíola ...	1	5	falso
https://observador.pt/factchecks/fact-check-assintomaticos-da-covid-19-nao-transmitem-o-virus-a-outros/	https://observador.pt	2020-06-05	Nenhuma destas pessoas contraiu a infecção por Covid-19 e, por conseguinte, as conclusões desta investigação confirmam, de facto, a total futilidade das medidas de precaução tomadas pelos vários governos do mundo.	Assintomáticos da Covid-19 não transmitem vírus	Assintomáticos da Covid-19 não transmitem vírus		5	Errado
https://observador.pt/factchecks/fact-check-vacinas-contra-a-covid-19-podem-dar-origem-a-uma-epidemia-do-virus-marburg/	https://observador.pt	2023-07-31	"""Cientista diz que nova epidemia Marburg começará quando o 5G emitir um pulso que vai ""derreter"" e liberar conteúdos patogénicos que estão nas vacinas da Covid. Quem se vacinou é uma bomba relógio biológica. A humanidade será dizimada sem nenhum tiro disparado."""	Fact Check. Vacinas contra a Covid-19 podem dar origem a uma ...	Fact Check. Vacinas contra a Covid-19 podem dar origem a uma ...		5	Errado
https://observador.pt/factchecks/coronavirus-sobrevive-ate-9-dias-em-superficies/	https://observador.pt	2020-03-10	Coronavírus Permanece Ativo Até 9 Dias Em Superfícies Ratos, Teclados, Puxadores De Portas, Etc.	Coronavírus sobrevive até 9 dias em superfícies  Observador	Coronavírus sobrevive até 9 dias em superfícies  Observador		5	Enganador
https://noticias.uol.com.br/confere/ultimas-noticias/2020/10/08/virus-urna-eletronica-dados.htm	https://noticias.uol.com.br	2020-10-08	A urna eletrônica pode ser infectada por vírus malicioso que altera ou rouba dados	falso que urna eletrônica possa ser infectada com vírus que altera ...	falso que urna eletrônica possa ser infectada com vírus que altera ...	1	5	Falso
https://observador.pt/factchecks/fact-check-bill-gates-criou-a-pandemia-de-coronavirus-para-vender-vacina/	https://observador.pt	2020-04-29	"Bill Gates: ""Vamos infetar as pessoas com o vírus e depois vender a vacina..."""	Fact Check. Bill Gates criou a pandemia de coronavírus para vender vacina	Fact Check. Bill Gates criou a pandemia de coronavírus para vender vacina		5	Errado
https://observador.pt/factchecks/fact-check-vacina-contra-a-covid-19-e-mais-perigosa-do-que-o-proprio-virus/	https://observador.pt	2021-02-23	"""Importantíssimo: Vacina mais perigosa do que o vírus"""	Fact Check. Vacina contra a Covid-19 é mais perigosa do que o próprio vírus	Fact Check. Vacina contra a Covid-19 é mais perigosa do que o próprio vírus		5	Errado
https://projetocomprova.com.br/publica%C3%A7%C3%B5es/medico-mente-ao-afirmar-que-virus-da-covid-e-parcialmente-desconhecido-e-vacinas-sao-lixo/	https://projetocomprova.com.br	2022-01-26	Nada está sendo feito com os dados de efeitos colaterais das vacinas contra a covid-19, as vacinas são um lixo, não se sabe qual a origem do novo coronavírus e o sequenciamento genético do Sars-CoV-2 ainda não é totalmente conhecido.	Médico mente ao afirmar que vírus da covid é parcialmente ...	Médico mente ao afirmar que vírus da covid é parcialmente ...	1	5	São FALSAS as afirmações de que o Brasil não faz nada a respeito do acompanhamento de efeitos adversos da vacinação, que as vacinas são “um lixo” e que ainda não foi possível conhecer o sequenciamento genético do novo coronavírus.
https://checamos.afp.com/doc.afp.com.32AY42A	https://checamos.afp.com	2022-05-24	Surge um novo vírus, a varíola dos macacos	A varíola do macaco foi descoberta em 1958 e um surto maciço ocorreu nos EUA em 2003	A varíola do macaco foi descoberta em 1958 e um surto maciço ocorreu nos EUA em 2003	3	5	Sem contexto
https://checamos.afp.com/atencao-esta-lista-com-conselhos-baseada-em-supostos-novos-estudos-do-coronavirus-e-enganosa	https://checamos.afp.com	2020-03-13	Lista de conselhos para não ficar doente e prevenir o coronavírus	Atenção: esta lista com conselhos baseada em supostos novos ...	Atenção: esta lista com conselhos baseada em supostos novos ...		5	Enganoso
https://www.estadao.com.br/estadao-verifica/flavio-dino-distribuiu-cloroquina-maranhao-enganoso/	https://estadao.com.br	2025-09-19	Flávio Dino disse que distribuiu cloroquina no Maranhão: ele também será investigado e preso	Sóstenes tira de contexto entrevista antiga de Flávio Dino sobre uso de cloroquina para covid-19	Sóstenes tira de contexto entrevista antiga de Flávio Dino sobre uso de cloroquina para covid-19		5	Enganoso
https://noticias.uol.com.br/confere/ultimas-noticias/2021/01/15/bolsonaro-estudo-revista-cloroquina-agosto.htm	https://noticias.uol.com.br	2021-01-15	Estudo comprova eficácia de cloroquina e azitromicina	Bolsonaro induz a erro ao defender cloroquina com artigo de agosto	Bolsonaro induz a erro ao defender cloroquina com artigo de agosto	1	5	Falso
https://www.aosfatos.org/noticias/e-falso-que-camila-pitanga-falsificou-diagnostico-de-malaria-para-se-medicar-com-cloroquina/	https://aosfatos.org	2020-08-12	Camila Pitanga contraiu Covid-19 mas mente que está com malária para poder tomar cloroquina.	Camila Pitanga não falsificou diagnóstico de malária para se ...	Camila Pitanga não falsificou diagnóstico de malária para se ...	1	5	falso
https://noticias.uol.com.br/comprova/ultimas-noticias/2021/05/01/e-enganoso-post-de-carlos-bolsonaro-que-acusa-dino-de-defender-cloroquina.htm	https://noticias.uol.com.br	2021-05-01	Carlos Bolsonaro compartilha vídeo em que aparece Flavio Dino, e pergunta se a CPI investigará também o governador por apoio à cloroquina	Comprova:  enganoso post de Carlos Bolsonaro sobre Flávio Dino	Comprova:  enganoso post de Carlos Bolsonaro sobre Flávio Dino	1	5	Falso
https://projetocomprova.com.br/publica%C3%A7%C3%B5es/pesquisa-brasileira-nao-usou-doses-letais-para-matar-pacientes-e-atacar-cloroquina/	https://projetocomprova.com.br	2020-04-24	Pesquisa brasileira usou doses letais para matar pacientes e atacar cloroquina	Pesquisa brasileira não usou doses letais para matar pacientes e atacar cloroquina	Pesquisa brasileira não usou doses letais para matar pacientes e atacar cloroquina		5	Enganoso: Publicações nas redes sociais usam dados de uma pesquisa brasileira para acusar pesquisadores de tramarem contra o uso de cloroquina no tratamento de pacientes com a covid-19. Algumas postagens acusam pesquisador de ser ligado ao PT
https://projetocomprova.com.br/publica%C3%A7%C3%B5es/uso-da-cloroquina-nao-explica-a-situacao-da-pandemia-no-senegal/	https://projetocomprova.com.br	2020-06-19	Senegal usa cloroquina desde 1 caso e tem apenas 5 mortes	Uso da cloroquina não explica a situação da pandemia no Senegal	Uso da cloroquina não explica a situação da pandemia no Senegal		5	Enganoso: Post verificado pelo Comprova selecionou e tirou de contexto trechos de entrevista em que um médico senegalês elogia a cloroquina e omite as partes em que ele fala que o sucesso no combate à pandemia no Senegal se devia a vários pontos, como distanciamento social, uso de máscara e fechamento das fronteiras, e não apenas ao uso da hidroxicloroquina
https://noticias.uol.com.br/comprova/ultimas-noticias/2020/06/19/uso-da-cloroquina-nao-explica-a-situacao-da-pandemia-no-senegal.htm	https://noticias.uol.com.br	2020-06-19	Conteúdo verificado: Publicação feita pelo site PlenoNews no dia 21 de abril com o título Senegal usa cloroquina desde 1 caso e tem apenas 5 mortes. A matéria foi compartilhada pelo pastor e deputado federal Marcos Feliciano no dia 16 de junho	Uso da cloroquina não explica a situação da pandemia no Senegal	Uso da cloroquina não explica a situação da pandemia no Senegal	1	5	Falso
https://www.aosfatos.org/noticias/video-tira-contexto-telejornais-mentir-imprensa-recomendou-cloroquina/	https://aosfatos.org	2023-03-09	Imprensa brasileira fala a verdade sobre a cloroquina	Vídeo tira de contexto trechos de telejornais para mentir que imprensa recomendou cloroquina	Vídeo tira de contexto trechos de telejornais para mentir que imprensa recomendou cloroquina	1	5	falso
https://checamos.afp.com/os-principios-ativos-da-cloroquina-e-da-ivermectina-nao-estao-presentes-nas-cascas-de-laranja-e	https://checamos.afp.com	2020-07-30	Os princípios ativos da cloroquina e da ivermectina estão presentes nas cascas de laranja e limão	Os princípios ativos da cloroquina e da ivermectina não estão presentes nas cascas de laranja e limão	Os princípios ativos da cloroquina e da ivermectina não estão presentes nas cascas de laranja e limão	1	5	Falso
https://noticias.uol.com.br/comprova/ultimas-noticias/2020/08/14/e-falso-que-cloroquina-teria-salvado-100-mil-vidas-como-diz-bolsonaro.htm	https://noticias.uol.com.br	2020-08-14	Jair Bolsonaro disse que a cloroquina salvaria 100 mil vidas	falso que cloroquina teria salvado 100 mil vidas, como diz Bolsonaro	falso que cloroquina teria salvado 100 mil vidas, como diz Bolsonaro	1	5	Falso
https://observador.pt/factchecks/fact-check-a-cloroquina-esta-a-ser-distribuida-gratuitamente-na-europa/	https://observador.pt	2020-06-30	Cloroquina tá sendo destribuida gratuitamente em toda Europa.	Fact Check. A cloroquina está a ser distribuída gratuitamente na Europa	Fact Check. A cloroquina está a ser distribuída gratuitamente na Europa		5	Errado
https://noticias.uol.com.br/comprova/ultimas-noticias/2020/08/18/estudo-nao-levou-estados-e-municipios-a-deixarem-de-receitar-cloroquina.htm	https://noticias.uol.com.br	2020-08-18	Médico afirmava que estados e municípios pararam de receitar cloroquina após estudo da Lancet	Estudo não levou estados e municípios a deixarem de receitar cloroquina	Estudo não levou estados e municípios a deixarem de receitar cloroquina	1	5	Falso
https://projetocomprova.com.br/publica%C3%A7%C3%B5es/protocolo-de-uso-da-cloroquina-nao-aumentou-o-numero-de-pacientes-recuperados-de-covid-19-no-brasil/	https://projetocomprova.com.br	2020-06-08	Após protocolo da Cloroquina, Brasil se torna o segundo país do mundo em curados da Covid-19	Protocolo de uso da cloroquina não aumentou o número de pacientes recuperados de covid-19 no Brasil	Protocolo de uso da cloroquina não aumentou o número de pacientes recuperados de covid-19 no Brasil		5	Enganoso: Post que viralizou nas redes sociais afirma que depois da adoção do “protocolo da cloroquina” o Brasil passou a ter o “número de curados quase duplicado”, mas o Comprova verificou que a porcentagem de pessoas recuperadas da covid-19 ante o número de casos da doença provocada pelo novo coronavírus se mostra estável
https://oglobo.globo.com/fato-ou-fake/e-fake-que-estudo-feito-em-2005-comprova-eficacia-da-cloroquina-contra-covid-19-24600591	https://oglobo.globo.com	2020-08-21	Todos os virologistas ja sabiam. Este artigo saiu no Jornal de Virologia de 2005! Cloroquina previne e cura ha mais de 15 anos	#FAKE que estudo feito em 2005 comprova eficácia da cloroquina contra a Covid-19	#FAKE que estudo feito em 2005 comprova eficácia da cloroquina contra a Covid-19	1	5	Fake
https://www.bol.uol.com.br/noticias/2021/06/23/video-que-mostra-governador-da-bahia-dancando-forro-e-de-antes-da-pandemia.htm	https://bol.uol.com.br	2021-06-23	A TURMA DO FIQUE EM CASA E DA CPI DA CLOROQUINA TODOS SEM MASCARAS NO FORR NO FINAL DE SEMANA NA BAHIA Governador da Bahia Rui Costa Senador da CPI Otto Alencar Senador Jacques Wagner	Vídeo de governador da Bahia dançando forró é de antes da pandemia	Vídeo de governador da Bahia dançando forró é de antes da pandemia	1	5	Falso
https://noticias.uol.com.br/comprova/ultimas-noticias/2020/08/25/cloroquina-foi-adotada-pela-china-mas-continua-sem-comprovacao-cientifica.htm	https://noticias.uol.com.br	2020-08-25	Post dizia que China aprovou cloroquina com 100% de eficácia	Cloroquina foi adotada pela China, mas continua sem comprovação científica	Cloroquina foi adotada pela China, mas continua sem comprovação científica	1	5	Falso
https://noticias.uol.com.br/confere/ultimas-noticias/2023/03/10/video-antigo-cita-nota-tecnica-de-2022-contra-vacina-como-se-fosse-atual.htm	https://noticias.uol.com.br	2023-03-10	Em uma nota técnica, o Ministério da Saúde diz que a cloroquina funciona e que as vacinas não. O documento contraria especialistas ouvidos pelo próprio ministério	Vídeo cita nota técnica de 2022 contra vacina como se fosse atual	Vídeo cita nota técnica de 2022 contra vacina como se fosse atual	2	5	Insustentável
https://www.estadao.com.br/estadao-verifica/e-antiga-declaracao-de-flavio-dino-sobre-uso-de-medicamentos-ineficazes-contra-covid/	https://estadao.com.br	2023-08-23	Flávio Dino disse que a cloroquina pode ser receitada pelos médicos em 2023	antiga declaração de Flávio Dino sobre uso de medicamentos ineficazes contra covid	antiga declaração de Flávio Dino sobre uso de medicamentos ineficazes contra covid		5	Enganoso
https://noticias.uol.com.br/confere/ultimas-noticias/2023/01/23/cloroquina-estudo-checagem.htm	https://noticias.uol.com.br	2023-01-23	Estudo recomenda cloroquina contra a covid-19	Jornal acadêmico americano não recomendou cloroquina contra a covid-19	Jornal acadêmico americano não recomendou cloroquina contra a covid-19	1	5	Falso
https://checamos.afp.com/doc.afp.com.33BA3KZ	https://checamos.afp.com	2023-03-13	Imprensa fala a verdade sobre a cloroquina e a covid-19	Vídeo reúne notícias fora de contexto que são falsamente relacionadas à eficácia da cloroquina	Vídeo reúne notícias fora de contexto que são falsamente relacionadas à eficácia da cloroquina		5	Enganoso
https://noticias.uol.com.br/comprova/ultimas-noticias/2020/04/24/pesquisa-brasileira-nao-usou-doses-de-cloroquina-para-matar-pacientes.htm	https://noticias.uol.com.br	2020-04-24	Doses letais de cloroquina são dadas a pacientes	Pesquisa brasileira não usou doses de cloroquina para matar pacientes	Pesquisa brasileira não usou doses de cloroquina para matar pacientes	1	5	Falso
https://projetocomprova.com.br/publica%C3%A7%C3%B5es/deputado-usa-video-editado-e-fora-de-contexto-para-afirmar-que-governador-admite-uso-da-cloroquina-no-ceara/	https://projetocomprova.com.br	2021-05-17	Camilo Santana admite uso da cloroquina no Ceará. E agora Vai depor na CPI da Pandemia no Senado também  Vídeo em que Camilo Santana admite o uso da Cloroquina no Ceará.	Deputado usa vídeo editado e fora de contexto para afirmar que governador admite uso da cloroquina no Ceará	Deputado usa vídeo editado e fora de contexto para afirmar que governador admite uso da cloroquina no Ceará		5	ENGANOSO: Conteúdo original é de 2020 e trechos que viralizaram agora não comprovam que o governo cearense admite uso da cloroquina
https://projetocomprova.com.br/publica%C3%A7%C3%B5es/publicacao-distorce-informacoes-sobre-protocolos-para-uso-de-medicamentos-contra-a-covid-19/	https://projetocomprova.com.br	2020-06-05	Médica desmascara governadores e prefeitos e prova que o Bolsonaro sempre esteve certo com relação à cloroquina	Publicação distorce informações sobre protocolos para uso de medicamentos contra a covid-19	Publicação distorce informações sobre protocolos para uso de medicamentos contra a covid-19		5	Enganoso: Post usa vídeo de uma médica que explica o protocolo adotado pela Prefeitura de Porto Seguro para o tratamento de casos de covid-19. Em nenhum momento a médica “desmascara” políticos ou faz referência ao presidente Jair Bolsonaro
https://noticias.uol.com.br/comprova/ultimas-noticias/2021/06/01/e-verdade-que-china-venezuela-e-cuba-tem-protocolos-para-cloroquina.htm	https://noticias.uol.com.br	2021-06-01	Países com protocolos de Cloroquina: China, Venezuela, Cuba, ndia... Países com protocolos de Cannabis medicinal: EUA, Reino Unido, Alemanha, Israel	verdade que China, Venezuela e Cuba têm protocolos para cloroquina	verdade que China, Venezuela e Cuba têm protocolos para cloroquina		5	Sátira
https://www.bol.uol.com.br/noticias/2023/03/10/video-pro-bolsonaro-distorce-noticias-antigas-para-enganar-sobre-pandemia.htm	https://bol.uol.com.br	2023-03-10	Bolsonaro tinha razão! Emprensa sic brasileira sobre cloroquina, menos a Globo	Vídeo distorce notícias antigas para enganar sobre pandemia	Vídeo distorce notícias antigas para enganar sobre pandemia	2	5	Insustentável
https://checamos.afp.com/doc.afp.com.323P4BA	https://checamos.afp.com	2022-02-22	OMS se desculpou por não recomendar cloroquina e ivermectina contra a covid-19	A OMS não se desculpou por não ter recomendado hidroxicloroquina e azitromicina contra a covid-19	A OMS não se desculpou por não ter recomendado hidroxicloroquina e azitromicina contra a covid-19	1	5	Falso
https://projetocomprova.com.br/publica%C3%A7%C3%B5es/cloroquina-foi-adotada-pela-china-mas-continua-sem-comprovacao-cientifica-fda-nao-a-recomenda/	https://projetocomprova.com.br	2020-08-25	China e FDA aprovaram o uso da Cloroquina como 100% eficiente na cura do Covid	Cloroquina foi adotada pela China, mas continua sem comprovação científica; FDA não a recomenda	Cloroquina foi adotada pela China, mas continua sem comprovação científica; FDA não a recomenda	5	5	Enganoso: A Comissão Nacional de Saúde da China anunciou em um novo protocolo que a cloroquina, em sua forma de fosfato, pode ser usada como droga experimental no tratamento da covid-19 por pacientes entre 18 e 65 anos, no período máximo de sete dias. O órgão, no entanto, reforça que não há nenhum medicamento antiviral com eficiência cientificamente comprovada no combate à doença. A FDA, ao contrário do que afirma a publicação verificada pelo Comprova, não recomenda o uso do medicamento para a doença
https://noticias.uol.com.br/confere/ultimas-noticias/2021/05/05/cpi-da-covid-teich-omite-distribuicao-de-cloroquina-e-reducao-de-compras.htm	https://noticias.uol.com.br	2021-05-05	Foi um assunto que não chegou a mim, em relação à produção de cloroquina	CPI da Covid: Teich omite cloroquina distribuída ao SUS	CPI da Covid: Teich omite cloroquina distribuída ao SUS	2	5	Insustentável
https://checamos.afp.com/o-presidente-jair-bolsonaro-nao-excluiu-todas-fotos-com-hidroxicloroquina-em-suas-redes	https://checamos.afp.com	2021-01-27	Jair Bolsonaro apagou todas as fotos com cloroquina de suas redes sociais	O presidente Jair Bolsonaro não excluiu todas as fotos com hidroxicloroquina em suas redes	O presidente Jair Bolsonaro não excluiu todas as fotos com hidroxicloroquina em suas redes	1	5	Falso
https://www.aosfatos.org/noticias/e-falso-que-biden-disse-que-cloroquina-e-eficaz-contra-covid-19/	https://aosfatos.org	2021-01-27	Biden disse que cloroquina é eficaz contra a Covid-19.	falso que Biden disse que cloroquina é eficaz contra a Covid-19	falso que Biden disse que cloroquina é eficaz contra a Covid-19	1	5	falso
https://www.estadao.com.br/estadao-verifica/flavio-dino-cloroquina/	https://estadao.com.br	2023-03-10	Flavio Dino defende autonomia do médico ao prescrever cloroquina contra covid	Governo não indica cloroquina contra covid; entrevista de 2020 com Flávio Dino circula sem contexto	Governo não indica cloroquina contra covid; entrevista de 2020 com Flávio Dino circula sem contexto		5	Fora de contexto
https://www.aosfatos.org/noticias/bolsonaro-nao-excluiu-de-suas-redes-sociais-fotos-em-que-promove-cloroquina/	https://aosfatos.org	2021-01-20	Bolsonaro excluiu de suas redes sociais fotos em que promove a cloroquina.	Bolsonaro não excluiu de suas redes sociais fotos em que promove a cloroquina	Bolsonaro não excluiu de suas redes sociais fotos em que promove a cloroquina	1	5	falso
https://www.aosfatos.org/noticias/texto-cita-informacoes-falsas-e-distorcidas-ao-orientar-automedicacao-contra-covid-19/	https://aosfatos.org	2020-07-06	Ivermectina, vitaminas D e C, zinco, cloroquina e azitromicina para Covid-19	Texto cita informações falsas e distorcidas ao orientar automedicação contra a Covid-19	Texto cita informações falsas e distorcidas ao orientar automedicação contra a Covid-19	1	5	falso
https://checamos.afp.com/nao-ha-registro-de-que-o-presidente-biden-tenha-dito-que-cloroquina-e-eficaz-contra-covid-19	https://checamos.afp.com	2021-02-04	O presidente dos Estados Unidos, Joe Biden, disse que a cloroquina é eficaz contra a covid-19	Não há registro de que o presidente Biden tenha dito que a cloroquina é eficaz contra a covid-19	Não há registro de que o presidente Biden tenha dito que a cloroquina é eficaz contra a covid-19		5	Sem registro
https://www.aosfatos.org/noticias/e-falso-que-porto-feliz-em-sao-paulo-nao-registra-mortes-por-covid-19/	https://aosfatos.org	2020-07-17	Porto Feliz adotou protocolo com cloroquina e azitromicina e tem zero óbitos	falso que Porto Feliz, em São Paulo, não registra mortes por Covid-19	falso que Porto Feliz, em São Paulo, não registra mortes por Covid-19	1	5	falso
https://www.aosfatos.org/noticias/video-flavio-dino-cloroquina-2020/	https://aosfatos.org	2023-03-03	Flávio Dino defendeu cloroquina em entrevista no dia 02032023	de 2020 vídeo em que Flávio Dino afirma que médicos podem receitar cloroquina	de 2020 vídeo em que Flávio Dino afirma que médicos podem receitar cloroquina		5	não_é_bem_assim
https://checamos.afp.com/o-chloro-quinino-e-uma-substancia-diferente-da-cloroquina-sintetizada-em-1934	https://checamos.afp.com	2020-09-03	Cloroquina só é usada desde 1918, o que fizeram foi genocídio e alguém tem de pagar por isso!	O chloro quinino é uma substância diferente da cloroquina, sintetizada em 1934	O chloro quinino é uma substância diferente da cloroquina, sintetizada em 1934	1	5	Falso
https://www.aosfatos.org/noticias/nao-e-verdade-que-cloroquina-azitromicina-ivermectina-zinco-e-vitamina-c-curam-covid-19/	https://aosfatos.org	2021-04-29	Cloroquina, azitromicina, ivermectina, zinco e vitamina C curam a Covid-19	Não é verdade que cloroquina, azitromicina, ivermectina, zinco e vitamina C curam Covid-19	Não é verdade que cloroquina, azitromicina, ivermectina, zinco e vitamina C curam Covid-19	1	5	falso
https://projetocomprova.com.br/publica%C3%A7%C3%B5es/cloroquina-nao-e-alvo-de-conspiracao-a-favor-do-remdesivir/	https://projetocomprova.com.br	2020-05-13	Cloroquina é alvo de conspiração a favor do remdesivir	Cloroquina não é alvo de conspiração a favor do remdesivir	Cloroquina não é alvo de conspiração a favor do remdesivir		5	Enganoso: Há estudos em andamento para verificar a eficiência de ambas as drogas no tratamento de pacientes com covid-19 e governantes que defendem abertamente o uso de cloroquina, caso de Donald Trump e Jair Bolsonaro. Além disso, não há registro de que o homem que aparece no vídeo verificado pelo Comprova esteja envolvido no tratamento de pacientes infectados pelo novo coronavírus
https://checamos.afp.com/doc.afp.com.33AP7HB	https://checamos.afp.com	2023-03-07	Flávio Dino disse que a cloroquina pode ser receitada pelos médicos em 2023	Flávio Dino não disse que cloroquina pode ser receitada em 2023; vídeo viral é de maio de 2020	Flávio Dino não disse que cloroquina pode ser receitada em 2023; vídeo viral é de maio de 2020	1	5	Falso
https://www.aosfatos.org/noticias/na-cpi-teich-desinforma-ao-se-eximir-de-responsabilidade-sobre-cloroquina/	https://aosfatos.org	2021-05-05	Eu não participei disso [produção de cloroquina]	Na CPI, Teich desinforma ao se eximir de responsabilidade sobre cloroquina	Na CPI, Teich desinforma ao se eximir de responsabilidade sobre cloroquina	1	5	falso
https://observador.pt/factchecks/fact-check-defensor-da-cloroquina-para-tratamento-da-covid-19-nomeado-para-o-nobel-da-paz/	https://observador.pt	2023-06-15	"""Quem diria VLADIMIR ZELENKO, médico que incentivava o tratamento precoce da COVID com hidrocloroquina, azitromicina e zinco, foi indicado para o prêmio NOBEL da paz.Como os palhaços da CPI da COVID, uns urubus da justiça e a OMS dizem sobre isso."""	Fact Check. Nomeação de defensor da cloroquina para tratamento ...	Fact Check. Nomeação de defensor da cloroquina para tratamento ...		5	Errado
https://www.aosfatos.org/noticias/oms-hidroxicloroquina-azitromicina-covid19/	https://aosfatos.org	2022-02-15	OMS pediu desculpas por não recomendar hidroxicloroquina e azitromicina contra Covid-19	falso que OMS se desculpou por não recomendar ...	falso que OMS se desculpou por não recomendar ...	1	5	falso
https://noticias.uol.com.br/confere/ultimas-noticias/2021/05/27/live-bolsonaro-checagem-cloroquina-desemprego-vacina-pfizer.htm	https://noticias.uol.com.br	2021-05-27	Eu tive um sintoma igualzinho ao que eu tive da primeira vez que eu fui infectado. O que eu fiz Tomei aquilo [cloroquina]. E ponto final. E depois fui fazer o exame. Não deu nada.	Em live, Bolsonaro divulga chás sem eficácia provada contra covid	Em live, Bolsonaro divulga chás sem eficácia provada contra covid	1	5	Falso
https://oglobo.globo.com/fato-ou-fake/e-fake-que-oms-pediu-desculpas-por-erro-mudou-posicionamento-agora-recomenda-hidroxicloroquina-para-tratar-covid-19-24616662	https://oglobo.globo.com	2020-08-31	OMS pede desculpas pelo erro na controvérsia sobre a hidroxicloroquina	#FAKE que OMS pediu desculpas por erro, mudou ...	#FAKE que OMS pediu desculpas por erro, mudou ...	1	5	Fake
https://noticias.uol.com.br/confere/ultimas-noticias/2020/03/24/coronavirus-o-que-e-verdadeiro-e-o-que-e-falso-sobre-a-cloroquina.htm	https://noticias.uol.com.br	2020-03-24	Hidroxicloroquina cura o coronavírus	Coronavírus: áudio do presidente do Einstein sobre ...	Coronavírus: áudio do presidente do Einstein sobre ...	2	5	Insustentável
https://www.aosfatos.org/noticias/video-engana-ao-afirmar-que-foi-descoberto-remedio-eficaz-contra-covid-19/	https://aosfatos.org	2020-03-20	Acaba de ser anunciado um estudo americano que a hidroxicloroquina, o antimalária, que a gente tem muito aqui no Brasil, é eficaz contra o coronavírus, a Covid-19.	Eficácia da cloroquina para a cura da Covid-19 não é comprovada	Eficácia da cloroquina para a cura da Covid-19 não é comprovada	1	5	falso
https://checamos.afp.com/nao-e-verdade-que-fauci-sabia-ha-15-anos-que-hidroxicloroquina-cura-o-coronavirus	https://checamos.afp.com	2020-08-11	Anthony Fauci aprovou a hidroxicloroquina há 15 anos para curar os coronavírus	Não é verdade que Fauci sabia há 15 anos que a hidroxicloroquina ...	Não é verdade que Fauci sabia há 15 anos que a hidroxicloroquina ...	1	5	Falso
https://noticias.uol.com.br/comprova/ultimas-noticias/2020/09/02/covid-estudo-belga-nao-prova-eficacia-da-cloroquina-no-tratamento-precoce.htm	https://noticias.uol.com.br	2020-09-02	Deputado afirmou que estudo belga comprovava a eficácia da hidroxicloroquina no tratamento precoce da covid-19	Covid: Estudo belga não prova eficácia da cloroquina no tratamento ...	Covid: Estudo belga não prova eficácia da cloroquina no tratamento ...	1	5	Falso
https://noticias.uol.com.br/comprova/ultimas-noticias/2020/08/19/covid-estudo-da-usp-analisa-eficacia-da-colchicina-e-nao-da-cloroquina.htm	https://noticias.uol.com.br	2020-08-19	Texto diz que estudo confirmou eficácia da hidroxicloroquina	Covid: Estudo da USP analisa eficácia da colchicina e não da ...	Covid: Estudo da USP analisa eficácia da colchicina e não da ...	1	5	Falso
https://www.aosfatos.org/noticias/e-falso-que-suica-teve-aumento-de-mortes-por-covid-19-apos-suspender-hidroxicloroquina/	https://aosfatos.org	2021-05-06	Suíça teve aumento de mortes por Covid-19 após suspender hidroxicloroquina	falso que Suíça teve aumento de mortes por Covid-19 após ...	falso que Suíça teve aumento de mortes por Covid-19 após ...	1	5	falso
https://projetocomprova.com.br/publica%C3%A7%C3%B5es/medico-confunde-ao-indicar-cloroquina-e-criticar-isolamento-social-e-o-uso-de-respiradores/	https://projetocomprova.com.br	2020-05-22	"""Doutor João Vaz"" indica hidroxicloroquina e que as pessoas saiam para trabalhar"	Médico confunde ao indicar cloroquina e criticar isolamento social e ...	Médico confunde ao indicar cloroquina e criticar isolamento social e ...		5	Enganoso: Homem que aparece em vídeo faz afirmações sobre como lidar com a pandemia de coronavírus que não têm comprovação científica e são questionadas por diversas autoridades de saúde.
https://checamos.afp.com/doc.afp.com.B2RE8ZQ	https://checamos.afp.com	2026-05-13	O hantavírus é um vírus de RNA e a ivermectina deve funcionar contra ele	falso que a ivermectina seja eficaz para tratar ou prevenir hantavírus	falso que a ivermectina seja eficaz para tratar ou prevenir hantavírus	1	5	Falso
https://www.agenciatatu.com.br/noticia/ivermectina-nao-reduz-mortes-por-covid/	https://agenciatatu.com.br	2025-05-30	Uso de ivermectina reduza o tempo de hospitalização e de mortes de pacientes com covid-19	Estudo não conclui que ivermectina reduz mortes por covid	Estudo não conclui que ivermectina reduz mortes por covid	1	5	Predominantemente falso
https://noticias.uol.com.br/comprova/ultimas-noticias/2025/05/30/estudo-aponta-que-ivermectina-nao-traz-melhora-significativa-contra-a-covid.htm	https://noticias.uol.com.br		Continuem tomando ivermectina de 2 em 2 dias	Estudo aponta que ivermectina não traz melhora contra a covid	Estudo aponta que ivermectina não traz melhora contra a covid	1	5	Falso
https://www.estadao.com.br/estadao-verifica/pesquisa-ivermectina-gripe-covid-enganoso/	https://estadao.com.br	2025-05-30	Estudo diz que ivermectina reduz mortes e hospitalizações por covid	Pesquisa não recomenda uso de ivermectina contra gripe, nem contra covid-19	Pesquisa não recomenda uso de ivermectina contra gripe, nem contra covid-19		5	Enganoso
https://projetocomprova.com.br/publica%C3%A7%C3%B5es/pesquisa-diz-ser-improvavel-que-ivermectina-produza-melhora-significativa-para-pacientes-com-covid/	https://projetocomprova.com.br	2025-05-29	Ivermectina funcionava contra covid e pode ajudar contra a gripe	Pesquisa diz ser improvável que ivermectina produza melhora significativa para pacientes com covid	Pesquisa diz ser improvável que ivermectina produza melhora significativa para pacientes com covid		5	Enganoso
https://checamos.afp.com/doc.afp.com.46Q3362	https://checamos.afp.com	2025-05-14	Ivermectina pode combater o câncer e outras doenças	Especialistas advertem que não há evidências científicas que ...	Especialistas advertem que não há evidências científicas que ...	1	5	Falso
https://www.estadao.com.br/estadao-verifica/ivermectina-covid-hospitalizacao-morte-infecacao-enganoso/	https://estadao.com.br	2025-01-23	Estudo mostra que ivermectina reduz em 60% casos de internação e óbitos por covid-19	Estudo não concluiu que ivermectina reduz tempo médio de ...	Estudo não concluiu que ivermectina reduz tempo médio de ...		5	Enganoso
https://www.nexojornal.com.br/expresso/2024/08/16/3-boatos-verificados-esta-semana-para-voce-ficar-de-olho-3	https://nexojornal.com.br	2024-08-16	Ivermectina cura danos causados por vacinas	3 boatos verificados esta semana para você ficar de olho	3 boatos verificados esta semana para você ficar de olho	1	5	Falso: A ivermectina não é indicada como uma medida pós-vacinação de covid-19. Ela só deve ser utilizada contra doenças relacionadas a parasitas e vermes.
https://www.estadao.com.br/estadao-verifica/e-falso-que-remedios-suramin-e-ivermectina-eliminem-vacina-contra-covid-do-corpo/	https://estadao.com.br	2024-03-12	Saiba como eliminar a vacina contra a covid-19 do seu organismo.	falso que remédios suramin e ivermectina eliminem vacina contra ...	falso que remédios suramin e ivermectina eliminem vacina contra ...	1	5	Falso
https://noticias.uol.com.br/confere/ultimas-noticias/2022/02/21/e-falso-que-tv-noticiou-uso-de-ivermectina-pela-rainha-elizabeth-2.htm	https://noticias.uol.com.br	2022-02-21	Segundo o Canal 9 australiano, a rainha Elizabeth II está sendo tratada com Sotromivab e Stromectol ivermectina	falso que TV noticiou uso de ivermectina por Elizabeth 2 para covid	falso que TV noticiou uso de ivermectina por Elizabeth 2 para covid	1	5	Falso
https://www.estadao.com.br/estadao-verifica/vacina-covid-alexandre-garcia-ivermectina/	https://estadao.com.br	2023-03-23	Alexandre Garcia pede que população tome ivermectina ao invés de vacina	udio no WhatsApp espalha boato infundado sobre vacina contra covid e Alexandre Garcia	udio no WhatsApp espalha boato infundado sobre vacina contra covid e Alexandre Garcia	1	5	Falso
https://www.aosfatos.org/noticias/azitromicina-ivermectina-e-nitazoxanida-nao-tem-eficacia-comprovada-contra-covid-19/	https://aosfatos.org	2020-06-19	Quem tiver sintomas de Covid-19 deve tomar azitromicina, ivermectina e Annita	Azitromicina, ivermectina e nitazoxanida não têm eficácia comprovada contra a Covid-19	Azitromicina, ivermectina e nitazoxanida não têm eficácia comprovada contra a Covid-19	1	5	falso
https://www.aosfatos.org/noticias/farmaceutica-japonesa-nao-comprovou-eficacia-ivermectina-covid-humanos/	https://aosfatos.org	2022-02-08	Ivermectina é eficaz contra covid-19, diz farmacêutica japonesa	Farmacêutica japonesa não comprovou eficácia da ivermectina contra Covid-19 em humanos	Farmacêutica japonesa não comprovou eficácia da ivermectina contra Covid-19 em humanos	1	5	falso
https://www.aosfatos.org/noticias/e-falso-que-tv-noticiou-que-rainha-elizabeth-tomou-ivermectina-para-covid-19/	https://aosfatos.org	2022-02-23	TV australiana diz que rainha Elizabeth tomou ivermectina contra Covid-19	falso que TV noticiou que rainha Elizabeth tomou ivermectina para Covid-19	falso que TV noticiou que rainha Elizabeth tomou ivermectina para Covid-19	1	5	falso
https://projetocomprova.com.br/publica%C3%A7%C3%B5es/e-falso-que-o-japao-declarou-ivermectina-mais-eficaz-do-que-vacinas-contra-a-covid-19/	https://projetocomprova.com.br	2022-07-14	Japão declara ao mundo que a ivermectina é mais eficaz que a vacina	falso que o Japão declarou ivermectina mais eficaz do que vacinas contra a covid-19	falso que o Japão declarou ivermectina mais eficaz do que vacinas contra a covid-19		5	A Embaixada do Japão no Brasil nos informou que as informações não procedem. E não há evidências científicas de que a ivermectina funcione contra a covid-19.
https://www.aosfatos.org/noticias/india-nao-suspendeu-vacinacao-nem-uso-de-ivermectina-controlou-covid-19-no-pais/	https://aosfatos.org	2021-06-25	ndia controlou pandemia após suspender vacinação e adotar Ivermectina	ndia não suspendeu vacinação, nem uso de ivermectina controlou a Covid-19 no país	ndia não suspendeu vacinação, nem uso de ivermectina controlou a Covid-19 no país	1	5	falso
https://checamos.afp.com/doc.afp.com.32EA7WQ	https://checamos.afp.com	2022-07-12	Japão declarou ao mundo que a ivermectina é mais eficaz que a vacina	Ivermectina não foi aprovada para tratar a covid-19 no Japão; país aplica dose de reforço	Ivermectina não foi aprovada para tratar a covid-19 no Japão; país aplica dose de reforço		5	Enganoso
https://www.aosfatos.org/noticias/e-falso-que-estudo-concluiu-que-ivermectina-reduziu-em-75-infeccoes-por-covid-19/	https://aosfatos.org	2021-03-02	Estudo diz que ivermectina reduz 75% das infecções por Covid-19	falso que estudo concluiu que ivermectina reduziu em 75% infecções por Covid-19	falso que estudo concluiu que ivermectina reduziu em 75% infecções por Covid-19	1	5	falso
https://www.aosfatos.org/noticias/ivermectina-azitromicina-e-acetilcisteina-nao-tem-eficacia-comprovada-contra-covid-19/	https://aosfatos.org	2020-07-08	Tomar azitromicina, ivermectina e acetilcisteína para curar Covid-19.	Ivermectina, azitromicina e acetilcisteína não têm eficácia comprovada contra a Covid-19	Ivermectina, azitromicina e acetilcisteína não têm eficácia comprovada contra a Covid-19	1	5	falso
https://checamos.afp.com/doc.afp.com.323R7M7	https://checamos.afp.com	2022-02-23	Programa de TV noticia que a rainha Elizabeth II do Reino Unido está usando ivermectina para tratar a covid-19	Imagem de ivermectina em matéria sobre rainha Elizabeth com covid foi um erro, diz canal de TV	Imagem de ivermectina em matéria sobre rainha Elizabeth com covid foi um erro, diz canal de TV		5	Enganoso
https://checamos.afp.com/nao-ha-provas-de-que-ivermectina-testada-apenas-vitro-possa-curar-o-novo-coronavirus	https://checamos.afp.com	2020-05-27	A ivermectina cura a COVID-19 em 48 horas	Não há provas de que ivermectina, testada apenas in vitro, possa curar o novo coronavírus	Não há provas de que ivermectina, testada apenas in vitro, possa curar o novo coronavírus		5	Enganoso
https://projetocomprova.com.br/publica%C3%A7%C3%B5es/video-do-pastor-silas-malafaia-engana-sobre-eficacia-da-ivermectina-contra-covid-19-na-africa/	https://projetocomprova.com.br	2020-12-22	Vídeo publicado pelo pastor Silas Malafaia questiona a vacina chinesa coronavac e o as poucas mortes na frica devido ao uso da ivermectina	Vídeo do pastor Silas Malafaia engana sobre eficácia da ivermectina contra covid-19 na frica	Vídeo do pastor Silas Malafaia engana sobre eficácia da ivermectina contra covid-19 na frica		5	ENGANOSO: Ao contrário do que diz o pastor evangélico, não há como atribuir os números de covid-19 na África à distribuição de ivermectina no continente
https://noticias.uol.com.br/comprova/ultimas-noticias/2021/07/14/estudo-e-insuficiente-para-comprovar-eficacia-da-ivermectina-contra-covid.htm	https://noticias.uol.com.br	2021-07-14	Postagens afirmam que uma metanálise mostrou que a ivermectina pode reduzir em até 56% as mortes por covid-19	Ivermectina: Estudo não comprova eficácia contra covid	Ivermectina: Estudo não comprova eficácia contra covid	1	5	Falso
https://noticias.uol.com.br/confere/ultimas-noticias/2021/06/18/em-cpi-medicos-defendem-substancias-sem-eficacia-comprovada-para-covid-19.htm	https://noticias.uol.com.br	2021-06-18	Existe uma revisão sistemática e metanálise da Front Line Critical Care que mostra um benefício com a profilaxia com ivermectina	Em CPI, médicos defendem substâncias sem eficácia comprovada para covid-19	Em CPI, médicos defendem substâncias sem eficácia comprovada para covid-19	1	5	Falso
https://projetocomprova.com.br/publica%C3%A7%C3%B5es/ao-contrario-do-que-afirma-deputado-estudo-de-vencedor-do-nobel-nao-prova-eficacia-da-ivermectina-contra-a-covid/	https://projetocomprova.com.br	2021-05-19	Mega Bomba na Covid! Prêmio Nobel de Medicina, japonês Dr. Satoshi mura, sugere colocar na bula da Ivermectina, que evita Covid-19.	Ao contrário do que afirma deputado, estudo de vencedor do Nobel não prova eficácia da ivermectina contra a covid	Ao contrário do que afirma deputado, estudo de vencedor do Nobel não prova eficácia da ivermectina contra a covid		5	ENGANOSO: O político se baseia em um estudo de Satoshi Omura, vencedor do Nobel de medicina, que não comprova a eficácia do medicamento.
https://projetocomprova.com.br/publica%C3%A7%C3%B5es/universidade-de-oxford-nao-encontrou-fortes-indicios-da-eficacia-da-ivermectina-contra-a-covid/	https://projetocomprova.com.br	2021-06-25	"Presidente Bolsonaro: ""a Oxford encontrou fortes indícios de que a ivermectina realmente previne ou no primeiro momento é salutar e começaram a estudar com mais profundidade a ivermectina"""	Universidade de Oxford não encontrou 'fortes indícios' da eficácia da ivermectina contra a covid	Universidade de Oxford não encontrou 'fortes indícios' da eficácia da ivermectina contra a covid		5	É enganosa a declaração do presidente Jair Bolsonaro sobre estudo anunciado pela Universidade de Oxford. Estudo existe, mas afirma apenas que uma pesquisa será iniciada com a ivermectina, voltada para pessoas já infectadas, e não para a prevenção da doença.
https://noticias.uol.com.br/confere/ultimas-noticias/2021/10/14/live-bolsonaro-comprimido-covid-astrazeneca-pfizer-ivermectina.htm	https://noticias.uol.com.br	2021-10-15	Eu estou vendo aqui que a AstraZeneca e a Pfizer estão lançando um comprimidinho para você, uma vez contraído o vírus, para você tomar esse comprimidinho. O outro, aquele outro, da ivermectina, para piolho, não vale não, tá Esse aqui vale. Ou melhor, vai valer. ... Agora, o da AstraZeneca, esse novo remédio da Astrazeneca .... Esse remédio combate também Não vai estar na bula, tá Mas já sabemos que combate também piolho, ascaridíase, escabiose, elefantíase Ou seja, combate a mesma coisa que esse nosso, brasileiro, aqui, que é usado para combater piolho	Bolsonaro reproduz fake news para atacar remédios contra covid	Bolsonaro reproduz fake news para atacar remédios contra covid	1	5	Falso
https://noticias.uol.com.br/comprova/ultimas-noticias/2020/08/05/e-falso-que-a-australia-tenha-controlado-a-covid-19-com-uso-de-ivermectina.htm	https://noticias.uol.com.br	2020-08-05	Conteúdo verificado: Médica disse que Austrália controlou a pandemia com uso de ivermectina	falso que a Austrália tenha controlado a covid-19 com uso de ivermectina	falso que a Austrália tenha controlado a covid-19 com uso de ivermectina	1	5	Falso
https://www.aosfatos.org/noticias/japao-nao-vai-substituir-vacinas-por-ivermectina-para-conter-a-covid-19/	https://aosfatos.org	2022-01-24	Japão substituiu vacinas contra a Covid-19 por ivermectina	Japão não vai substituir vacinas por ivermectina para conter a Covid-19	Japão não vai substituir vacinas por ivermectina para conter a Covid-19	1	5	falso
https://noticias.uol.com.br/confere/ultimas-noticias/2021/07/08/ao-defender-ivermectina-bolsonaro-omite-que-artigo-recomenda-mais-estudos.htm	https://noticias.uol.com.br	2021-07-09	Ivermectina reduz mortes por covid em 56%, mostra estudo da universidade de Oxford	Ao defender ivermectina, Bolsonaro omite que artigo recomenda estudos	Ao defender ivermectina, Bolsonaro omite que artigo recomenda estudos	1	5	Falso
https://checamos.afp.com/doc.afp.com.9L37LF	https://checamos.afp.com	2021-08-13	Ivermectina poderia ter salvo meio milhão de vidas, disse o médico norte-americano Pierre Kory	Não é possível afirmar que a ivermectina teria salvado 500 mil pessoas da morte por covid-19	Não é possível afirmar que a ivermectina teria salvado 500 mil pessoas da morte por covid-19		5	Enganoso
https://checamos.afp.com/doc.afp.com.9PR6TQ	https://checamos.afp.com	2021-10-15	União Europeia substituirá vacina por ivermectina	As terapias em estudo pela UE contra o coronavírus não substituirão as vacinas	As terapias em estudo pela UE contra o coronavírus não substituirão as vacinas	1	5	Falso
https://checamos.afp.com/doc.afp.com.9FE44Z	https://checamos.afp.com	2021-07-19	Ivermectina elimina 97 por cento dos casos em Délhi	Queda no número de casos de covid-19 em Nova Délhi não tem ligação com uso de ivermectina	Queda no número de casos de covid-19 em Nova Délhi não tem ligação com uso de ivermectina		5	Enganoso
https://projetocomprova.com.br/publica%C3%A7%C3%B5es/e-enganosa-conexao-entre-distribuicao-de-ivermectina-e-controle-da-pandemia-em-estado-da-india/	https://projetocomprova.com.br	2021-09-24	O estado de Uttar Pradesh, ndia, que distribuiu ivermectina à população, anunciou que está livre da COVID-19.	enganosa conexão entre distribuição de ivermectina e controle da pandemia em estado da ndia	enganosa conexão entre distribuição de ivermectina e controle da pandemia em estado da ndia		5	ENGANOSO: Tuíte engana ao sugerir que queda no número de casos e mortes de covid-19 no estado de Uttar Pradesh, na Índia, foi causada pelo uso da ivermectina. Não existe, até o momento, comprovação científica de que o medicamento salve vidas de infectados pelo novo coronavírus, conforme afirmam Anvisa e OMS, entre outras autoridades sanitárias.
https://noticias.uol.com.br/comprova/ultimas-noticias/2021/04/23/oms-nao-indica-ivermectina-para-tratamento-da-covid-19.htm	https://noticias.uol.com.br	2021-04-23	Postagem em um perfil pessoal no Facebook que exibe uma imagem capturada de um vídeo da RedeTV em que aparece o diretor-geral da OMS, Tedros Adhanom, com uma seta para a legenda Médicos europeus pedem uso urgente da ivermectina	Ivermectina: OMS não indica droga para tratar covid-19	Ivermectina: OMS não indica droga para tratar covid-19	1	5	Falso
https://www.aosfatos.org/noticias/reportagem-sobre-pedido-de-uso-da-ivermectina-por-medicos-europeus-e-antiga/	https://aosfatos.org	2021-11-19	Reportagem diz que médicos europeus pediram uso urgente da ivermectina	Reportagem sobre pedido de uso da ivermectina por médicos europeus é antiga	Reportagem sobre pedido de uso da ivermectina por médicos europeus é antiga	3	5	distorcido
https://checamos.afp.com/doc.afp.com.32LE7MQ	https://checamos.afp.com	2022-10-14	Estudo mostra que ivermectina reduz morte por covid-19 em 92%	Especialistas apontam que estudo sobre ivermectina reduzir mortes por covid-19 é falho	Especialistas apontam que estudo sobre ivermectina reduzir mortes por covid-19 é falho	3	5	Sem contexto
https://checamos.afp.com/eficacia-da-ivermectina-contra-covid-19-ainda-esta-em-estudo	https://checamos.afp.com	2020-12-31	Ivermectina é eficaz contra a covid-19	A eficácia da ivermectina contra a covid-19 ainda está em estudo	A eficácia da ivermectina contra a covid-19 ainda está em estudo		5	Enganoso
https://www.aosfatos.org/noticias/audio-com-informacoes-falsas-sobre-coronavac-nao-e-de-virologista-do-albert-einstein/	https://aosfatos.org	2021-06-15	A ivermectina, a vitamina D ou o zinco são eficazes para prevenir ou tratar a Covid-19	udio com informações falsas sobre CoronaVac não é de virologista do Albert Einstein	udio com informações falsas sobre CoronaVac não é de virologista do Albert Einstein	1	5	falso
https://projetocomprova.com.br/publica%C3%A7%C3%B5es/e-falso-que-eua-estejam-distribuindo-ivermectina-e-leite-condensado-a-vacinados/	https://projetocomprova.com.br	2021-02-09	Homem diz em vídeo que após ser vacinado nos Estados Unidos, recebeu ivermectina e leite condensado	falso que EUA estejam distribuindo ivermectina e leite condensado a vacinados	falso que EUA estejam distribuindo ivermectina e leite condensado a vacinados	1	5	FALSO: Vídeo que circula pelas redes sociais foi gravado em Miami Beach, mas a prefeitura da cidade norte-americana informou que não existe distribuição desses itens. Além disso, protocolos oficiais nos EUA não incluem o medicamento como tratamento contra a covid-19.
https://observador.pt/factchecks/fact-check-protocolo-pos-vacina-contra-a-covid-19-inclui-a-toma-de-ivermectina/	https://observador.pt	2023-04-29	"""Alerta! Protocolo pós-vacina indicado pelo Dr. José Augusto Nasser: ivermectina durante cinco dias."""	Fact Check. Protocolo pós-vacina contra a Covid-19 inclui a toma de ivermectina	Fact Check. Protocolo pós-vacina contra a Covid-19 inclui a toma de ivermectina		5	Errado
https://projetocomprova.com.br/publica%C3%A7%C3%B5es/enfermeiro-distorce-dados-para-dizer-que-ivermectina-evita-mortes-pela-covid-19/	https://projetocomprova.com.br	2020-08-19	"Ivermectina está evitando mortes por covid-19 na Etiópia e na Austrália. A droga ""salva sua vida, sim""."	Enfermeiro distorce dados para dizer que ivermectina evita mortes pela covid-19	Enfermeiro distorce dados para dizer que ivermectina evita mortes pela covid-19	1	5	FALSO: Não há nenhuma pesquisa que tenha comprovado o sucesso da ivermectina para salvar vidas de pacientes com covid-19. Tampouco Etiópia e Austrália distribuíram o medicamento para a população, como mencionado em vídeo investigado pelo Comprova
https://www.aosfatos.org/noticias/posts-listam-beneficios-da-ivermectina-que-nao-foram-comprovados-cientificamente/	https://aosfatos.org	2021-02-22	Além de antiparasitária, a ivermectina é antiviral, anticancerígena e anti-inflamatória. A droga não é metabolizada pelo fígado e nem causa problemas cardíacos.	Posts listam benefícios da ivermectina que não foram comprovados cientificamente	Posts listam benefícios da ivermectina que não foram comprovados cientificamente	1	5	falso
https://observador.pt/factchecks/fact-check-uniao-europeia-vai-substituir-vacinas-contra-a-covid-19-por-ivermectina/	https://observador.pt	2021-10-27	"""União Europeia vai substituir vacinas contra a Covid-19 por ivermectina."""	Fact Check. União Europeia vai substituir vacinas contra a Covid-19 por ivermectina	Fact Check. União Europeia vai substituir vacinas contra a Covid-19 por ivermectina		5	Errado
https://www.aosfatos.org/noticias/e-falso-que-variantes-do-novo-coronavirus-provocam-danos-graves-ao-figado/	https://aosfatos.org	2021-04-13	Pacientes não estão com hepatite por causa da ivermectina, mas por conta da nova cepa	falso que variantes do novo coronavírus provocam danos graves ao fígado	falso que variantes do novo coronavírus provocam danos graves ao fígado	1	5	falso
https://checamos.afp.com/doc.afp.com.9RC7AF	https://checamos.afp.com	2021-11-09	Antiviral molnupiravir, aprovado no Reino Unido para tratar covid, é ivermectina repaginada	"Antiviral molnupiravir, aprovado no Reino Unido para tratar covid, não é ivermectina ""repaginada"""	"Antiviral molnupiravir, aprovado no Reino Unido para tratar covid, não é ivermectina ""repaginada"""	1	5	Falso
https://checamos.afp.com/doc.afp.com.33TJ489	https://checamos.afp.com	2023-08-25	A FDA lançou nova orientação de que a ivermectina pode ser prescrita para tratar a covid-19	A FDA não mudou de posição nem passou a recomendar a ivermectina contra a covid-19	A FDA não mudou de posição nem passou a recomendar a ivermectina contra a covid-19	1	5	Falso
https://www.aosfatos.org/noticias/oxford-nao-publicou-estudo-que-atesta-eficacia-da-ivermectina-contra-covid-19/	https://aosfatos.org	2021-10-06	Oxford publicou estudo que comprova eficácia da ivermectina contra Covid-19	Oxford não publicou estudo que atesta eficácia da ivermectina contra Covid-19	Oxford não publicou estudo que atesta eficácia da ivermectina contra Covid-19	1	5	falso
https://noticias.uol.com.br/comprova/ultimas-noticias/2021/05/20/estudo-no-mexico-nao-prova-que-ivermectina-reduziu-internacoes-por-covid-19.htm	https://noticias.uol.com.br	2021-05-20	Cidade do México diz que ivermectina reduziu internações por covid-19	Estudo no México não prova que ivermectina reduziu internações por covid-19	Estudo no México não prova que ivermectina reduziu internações por covid-19	1	5	Falso
https://observador.pt/factchecks/fact-check-ex-primeiro-ministro-do-japao-foi-assassinado-porque-nao-impos-vacinacao-contra-a-covid-19/	https://observador.pt	2022-07-18	"""Ex-primeiro-ministro assassinado não seguiu ordens do FEM [Fórum Económico Mundial]. Não tornou as vacinas obrigatórias, mandou para trás 1,6 milhões de doses e deu Ivermectina aos cidadãos"""	Fact Check. Ex-primeiro-ministro do Japão foi assassinado porque não impôs vacinação contra a Covid-19	Fact Check. Ex-primeiro-ministro do Japão foi assassinado porque não impôs vacinação contra a Covid-19		5	Errado
https://projetocomprova.com.br/publica%C3%A7%C3%B5es/distribuicao-em-massa-de-ivermectina-nao-esta-ligada-aos-numeros-da-covid-19-na-africa/	https://projetocomprova.com.br	2021-01-15	Em tuíte, Bolsonaro publica dados sobre a incidência de Covid em países da frica Subsaariana e sugere que os índices, mais baixos que os do Brasil, é devido ao uso da ivermectina.	Distribuição em massa de ivermectina não está ligada aos números da covid-19 na frica	Distribuição em massa de ivermectina não está ligada aos números da covid-19 na frica	5	5	ENGANOSO: Impacto moderado do novo coronavírus é explicado por experiência com epidemias, pela baixa idade média das populações e pelo fato de a circulação de pessoas entre o continente e o resto do mundo não ser tão significativa
https://projetocomprova.com.br/publica%C3%A7%C3%B5es/estudo-frances-em-hamsters-nao-prova-eficacia-da-ivermectina-contra-a-covid-19-em-humanos/	https://projetocomprova.com.br	2021-07-23	Estudo francês aponta eficácia da ivermectina.	Estudo francês em hamsters não prova eficácia da ivermectina contra a covid-19 em humanos	Estudo francês em hamsters não prova eficácia da ivermectina contra a covid-19 em humanos		5	ENGANOSO: Texto omitiu que estudo, realizado pelo Instituto Pasteur da França, foi feito em hamsters, e não em humanos.
https://www.aosfatos.org/noticias/falso-recomendacao-fda-ivermectina/	https://aosfatos.org	2023-08-23	FDA autoriza médicos a utilizarem ivermectina para Covid desde 080823	FDA não mudou de posição e não recomendou o uso de ivermectina contra a Covid-19	FDA não mudou de posição e não recomendou o uso de ivermectina contra a Covid-19	1	5	falso
https://noticias.uol.com.br/comprova/ultimas-noticias/2021/05/19/estudo-do-vencedor-do-nobel-nao-prova-eficacia-da-ivermectina-contra-covid.htm	https://noticias.uol.com.br	2021-05-19	Ivermectina é eficaz contra a covid-19	Ivermectina: estudo citado por deputado não prova eficácia para covid	Ivermectina: estudo citado por deputado não prova eficácia para covid	1	5	Falso
https://projetocomprova.com.br/publica%C3%A7%C3%B5es/estudo-feito-em-itajai-nao-prova-eficacia-de-ivermectina-contra-covid-19/	https://projetocomprova.com.br	2022-03-03	O maior estudo sobre ivermectina no combate à covid é brasileiro e prova que a ivermectina funciona.	Estudo feito em Itajaí não prova eficácia de ivermectina contra covid-19	Estudo feito em Itajaí não prova eficácia de ivermectina contra covid-19		5	ENGANOSO: Há fragilidades na metodologia e trechos do próprio estudo confirmam serem necessários mais levantamentos para avaliar a suposta eficácia do vermífugo contra o coronavírus.
https://noticias.uol.com.br/confere/ultimas-noticias/2021/06/12/bolsonaro-manifestacao-moto-carreata-confere-cloroquina-tcu.htm	https://noticias.uol.com.br	2021-06-12	Discurso do presidente Jair Bolsonaro a apoiadores cita acórdão do TCU, número de mortes, hidroxicloroquina, ivermectina e falsas informações sobre vacinação	Em 'motociata' em SP, Bolsonaro mente sobre vacinado não transmitir covid	Em 'motociata' em SP, Bolsonaro mente sobre vacinado não transmitir covid	1	5	Falso
https://projetocomprova.com.br/publica%C3%A7%C3%B5es/deputada-cita-medico-japones-para-defender-ivermectina-que-nao-tem-eficacia-comprovada-contra-covid/	https://projetocomprova.com.br	2021-08-30	Presidente da Associação Médica Metropolitana de Tóquio declarou que chegou a hora da ivermectina. Tr4t4m3nt0 Pr3c0c3 também salva vidas!	Deputada cita médico japonês para defender ivermectina, que não tem eficácia comprovada contra covid	Deputada cita médico japonês para defender ivermectina, que não tem eficácia comprovada contra covid		5	ENGANOSO: Não há, até o momento, comprovação científica de que a ivermectina salve vidas de infectados pela covid-19
https://checamos.afp.com/doc.afp.com.9YV7PV	https://checamos.afp.com	2022-02-08	Farmacêutica japonesa Kowa disse que Ivermectina foi considerado eficaz para tratar a variante Omicron	Estudo japonês não testou eficácia da ivermectina contra a covid-19 em humanos	Estudo japonês não testou eficácia da ivermectina contra a covid-19 em humanos	1	5	Falso
https://www.aosfatos.org/noticias/e-falso-que-satoshi-omura-ganhou-nobel-por-descobrir-que-ivermectina-cura-covid-19/	https://aosfatos.org	2021-11-05	Satoshi Omura ganhou Nobel por descobrir que ivermectina cura Covid-19	falso que Satoshi Omura ganhou Nobel por descobrir que ivermectina cura Covid-19	falso que Satoshi Omura ganhou Nobel por descobrir que ivermectina cura Covid-19	1	5	falso
https://projetocomprova.com.br/publica%C3%A7%C3%B5es/estudo-e-insuficiente-para-comprovar-eficacia-da-ivermectina-contra-covid-19/	https://projetocomprova.com.br	2021-07-14	Estudo comprova que ivermectina reduz em 56% as mortes por covid-19	Estudo é insuficiente para comprovar eficácia da ivermectina contra covid-19	Estudo é insuficiente para comprovar eficácia da ivermectina contra covid-19		5	São ENGANOSOS posts que dizem a ivermectina é capaz de reduzir as mortes por covid-19 em até 56%. Dados de estudo não são suficientes para apontar o benefício do medicamento.
https://noticias.uol.com.br/comprova/ultimas-noticias/2020/08/19/covid-19-enfermeiro-distorce-dados-para-dizer-que-ivermectina-evita-mortes.htm	https://noticias.uol.com.br	2020-08-19	Enfermeiro fez vídeo afirmando que ivermectina salva vidas contra covid-19	Covid-19: Enfermeiro distorce dados para dizer que ivermectina evita mortes	Covid-19: Enfermeiro distorce dados para dizer que ivermectina evita mortes	1	5	Falso
https://www.aosfatos.org/noticias/e-falso-que-shinzo-abe-atuou-contra-vacina-e-a-favor-da-ivermectina/	https://aosfatos.org	2022-07-20	Shinzo Abe distribuiu ivermectina no Japão	falso que Shinzo Abe atuou contra vacina e a favor da ivermectina	falso que Shinzo Abe atuou contra vacina e a favor da ivermectina	1	5	falso
https://observador.pt/factchecks/fact-check-doentes-com-covid-19-na-australia-estao-a-ser-medicados-com-ivermectina/	https://observador.pt	2022-06-29	"""Vou contar o que está a acontecer nos hospitais do sul [da Austrália]. Aos que estão vacinados e chegam com Covid, está a ser-lhes dada, adivinhem, ivermectina""."	Covid. Infetados na Austrália recebem Ivermectina	Covid. Infetados na Austrália recebem Ivermectina		5	Errado
https://www.estadao.com.br/estadao-verifica/postagem-engana-ao-afirmar-que-mpf-confirmou-inexistencia-de-corrupcao-na-pandemia/	https://estadao.com.br	2026-02-24	MPF confirmou que não houve corrupção no governo Bolsonaro durante a pandemia	Postagem engana ao afirmar que MPF confirmou inexistência de corrupção na pandemia	Postagem engana ao afirmar que MPF confirmou inexistência de corrupção na pandemia		5	Enganoso
https://www.estadao.com.br/estadao-verifica/arquivos-epstein-canibalismo-bebes-pandemia-enganoso/	https://estadao.com.br	2026-02-10	Arquivos do Epstein comprovam canibalismo de bebês e criação da pandemia	Arquivos de Epstein não contêm provas de 'simulação de pandemia ...	Arquivos de Epstein não contêm provas de 'simulação de pandemia ...		5	Enganoso
https://www.estadao.com.br/estadao-verifica/supergripe-e-na-verdade-variante-da-influenza-a-especialistas-descartam-risco-de-pandemia/	https://estadao.com.br	2026-01-22	Supergripe nos EUA já infecta 15 milhões e indica nova pandemia.	Supergripe é, na verdade, variante da influenza A; especialistas descartam risco de pandemia	Supergripe é, na verdade, variante da influenza A; especialistas descartam risco de pandemia		5	Enganoso
https://www.aosfatos.org/noticias/governo-nao-determinou-familias-carentes-devolvam-auxilio-emergencial-pandemia/	https://aosfatos.org	2025-10-13	Governo Lula vai obrigar famílias carentes a devolver auxílio emergencial recebido durante governo Bolsonaro	Governo não determinou que famílias carentes devolvam auxílio ...	Governo não determinou que famílias carentes devolvam auxílio ...	1	5	falso
https://www.estadao.com.br/estadao-verifica/usaid-financiou-projetos-sociais-no-brasil-nao-imprensa/	https://estadao.com.br	2025-08-12	A USAID pagou para a imprensa brasileira aumentar o número de mortes de covid-19	falso que USAID tenha financiado divulgação de dados da ...	falso que USAID tenha financiado divulgação de dados da ...	1	5	Falso
https://www.aosfatos.org/noticias/estudo-usp-nao-comprova-mascaras-inuteis-perigosas-covid-19/	https://aosfatos.org	2025-03-21	Estudo da USP comprova que máscaras foram perigosas durante pandemia	Estudo da USP não comprova que máscaras foram inúteis e perigosas na pandemia de Covid-19	Estudo da USP não comprova que máscaras foram inúteis e perigosas na pandemia de Covid-19	1	5	falso
https://noticias.uol.com.br/confere/ultimas-noticias/2025/02/14/preco-gasolina-bolsonaro-quase-dez-reais-falso.htm	https://noticias.uol.com.br		"""O ano era final de 2022, sem pandemia, sem guerra e a gasolina tava 10 conto e etanol acima de 6,00."""	Gasolina não chegou a R$ 9,899 no governo Bolsonaro; foto foi alterada	Gasolina não chegou a R$ 9,899 no governo Bolsonaro; foto foi alterada	1	5	Falso
https://checamos.afp.com/doc.afp.com.36W74RU	https://checamos.afp.com	2025-01-27	A China enfrenta uma nova crise sanitária devido a um surto do HMPV	Imagens da pandemia de covid-19 circulam como nova ...	Imagens da pandemia de covid-19 circulam como nova ...	1	5	Falso
https://observador.pt/factchecks/fact-check-ministra-dos-paises-baixos-admite-que-a-pandemia-de-covid-19-foi-uma-operacao-militar-da-nato/	https://observador.pt	2024-12-30	Obrigado por admitirem isto, Países Baixos. A verdade vai libertar-vos. Prendam todos os envolvidos neste exercício da NATO.	Fact Check. Ministra dos Países Baixos admite que a pandemia de ...	Fact Check. Ministra dos Países Baixos admite que a pandemia de ...		5	Errado
https://observador.pt/factchecks/fact-check-diretor-geral-da-oms-fez-intervencao-sobre-gestao-da-pandemia-apos-vitoria-de-donald-trump/	https://observador.pt	2024-11-28	A OMS entra em pânico após a vitória de Donald Trump e o criminoso Tedros nega ter imposto uma ditadura sanitária durante a pandemia. A OMS não impôs nada a ninguém durante a pandemia de covid-19.	Fact Check. Diretor-geral da OMS fez intervenção sobre gestão da ...	Fact Check. Diretor-geral da OMS fez intervenção sobre gestão da ...		5	Enganador
https://www.estadao.com.br/estadao-verifica/bill-gates-acao-holanda-vacina-covid-enganoso/	https://estadao.com.br	2024-11-13	juiz holandês ordenou que Bill Gates seja julgado por danos causados em milhões por meio de vacinas de mRNA e que o governo holandês admitiu publicamente que a pandemia de covid foi uma operação psicológica	Postagem engana sobre ação contra Bill Gates na Holanda e distorce fala de ministra da Saúde do país	Postagem engana sobre ação contra Bill Gates na Holanda e distorce fala de ministra da Saúde do país		5	Enganoso
https://www.estadao.com.br/estadao-verifica/fernanda-torres-mortes-covid-falso/	https://estadao.com.br	2024-11-25	Dane-se o povo e os cadáveres, se o vírus cumprir sua missão de abreviar o governo, tudo está bem, disse Fernanda Torres.	falso que Fernanda Torres tenha publicado frase relativizando ...	falso que Fernanda Torres tenha publicado frase relativizando ...	1	5	Falso
https://www.estadao.com.br/estadao-verifica/diretor-oms-eleicao-trump-ditadura-sanitaria-enganoso/	https://estadao.com.br	2024-11-12	"OMS nega ter imposto ""ditadura sanitária"" após vitória de Trump"	Declaração de diretor da OMS negando intervenção em países foi ...	Declaração de diretor da OMS negando intervenção em países foi ...		5	Enganoso
https://www.aosfatos.org/noticias/checamos-debate-band-prefeitura-rio-de-janeiro/	https://aosfatos.org	2024-08-09	O Brasil bateu recorde de aquisição de vacina [durante a pandemia de Covid-19]	Checamos o debate da Band entre os pré-candidatos à Prefeitura do Rio de Janeiro	Checamos o debate da Band entre os pré-candidatos à Prefeitura do Rio de Janeiro	1	5	falso
https://noticias.uol.com.br/comprova/ultimas-noticias/2024/08/07/documentos-ligados-ao-governo-alemao-nao-apontam-que-pandemia-foi-fraude.htm	https://noticias.uol.com.br		Documentos do governo alemão provam que pandemia foi uma fraude	Documentos ligados ao governo alemão não apontam que ...	Documentos ligados ao governo alemão não apontam que ...		5	Enganoso
https://www.estadao.com.br/estadao-verifica/bill-gates-gripe-aviaria-nova-pandemia/	https://estadao.com.br	2024-07-02	Bill Gates financiou pesquisa para tornar gripe aviária transmissível em humanos e criar nova pandemia	Postagem desinforma sobre gripe aviária e acusa Bill Gates de conspirar para nova pandemia	Postagem desinforma sobre gripe aviária e acusa Bill Gates de conspirar para nova pandemia		5	Enganoso
https://observador.pt/factchecks/fact-check-organizacao-mundial-de-saude-admite-ineficacia-das-mascaras-durante-a-pandemia/	https://observador.pt	2024-05-15	As máscaras eram inúteis para lidar com a Covid.	OMS admitiu ineficácia das máscaras na pandemia	OMS admitiu ineficácia das máscaras na pandemia		5	Errado
https://www.estadao.com.br/estadao-verifica/oms-nao-reconheceu-ineficacia-do-uso-de-mascaras/	https://estadao.com.br	2024-05-06	Organização Mundial da Saúde OMS admitiu a ineficácia das máscaras durante a pandemia.	Postagens enganam ao afirmar que OMS reconheceu 'ineficácia' do ...	Postagens enganam ao afirmar que OMS reconheceu 'ineficácia' do ...		5	Enganoso
https://noticias.uol.com.br/comprova/ultimas-noticias/2024/04/01/tratado-da-oms-nao-fere-soberania-dos-paises.htm	https://noticias.uol.com.br		Faltam dois meses para o Tratado Pandêmico da OMS ser assinado pelos 194 países membros mas antes a OMS quer combater a desinformação e as teorias da conspiração	Tratado da OMS não fere soberania dos países	Tratado da OMS não fere soberania dos países		5	Enganoso
https://observador.pt/factchecks/fact-check-responsaveis-alemaes-na-area-da-saude-revelam-que-nao-houve-pandemia/	https://observador.pt	2024-04-10	Documentos oficiais de responsáveis da Saúde alemães provam que não houve pandemia, mas sim uma decisão política para alarmar a população.	Governo alemão revela que não houve pandemia	Governo alemão revela que não houve pandemia		5	Errado
https://checamos.afp.com/doc.afp.com.32BB4R8	https://checamos.afp.com	2022-05-27	O Tratado de Pandemias da OMS propõe acabar com a soberania dos países	A OMS não está debatendo um tratado que prevê a perda de soberania dos Estados	A OMS não está debatendo um tratado que prevê a perda de soberania dos Estados	1	5	Falso
https://www.aosfatos.org/noticias/nao-e-verdade-que-estados-recebem-r-19-mil-por-cada-morte-de-covid-19/	https://aosfatos.org	2021-03-31	Estados recebem R$ 19 mil por cada morte de Covid-19	Não é verdade que estados recebem R$ 19 mil por cada morte de ...	Não é verdade que estados recebem R$ 19 mil por cada morte de ...	1	5	falso
https://www.aosfatos.org/noticias/nao-e-de-cortella-texto-que-critica-quem-atira-pedras-em-governantes-por-causa-da-pandemia/	https://aosfatos.org	2020-07-10	Mário Sérgio Cortella escreveu texto sobre não atirar pedras nos políticos durante a pandemia	Não é de Cortella texto que critica quem atira pedras em governantes por causa da pandemia	Não é de Cortella texto que critica quem atira pedras em governantes por causa da pandemia	1	5	falso
https://checamos.afp.com/doc.afp.com.9UC8KU	https://checamos.afp.com	2021-12-09	A vacinação em massa durante a pandemia leva a novas variantes por pressão evolutiva	Publicações enganam ao associar a vacinação em massa ao surgimento de novas variantes	Publicações enganam ao associar a vacinação em massa ao surgimento de novas variantes		5	Enganoso
https://checamos.afp.com/imagens-mostram-tumulto-apos-jogo-de-futebol-em-2019-e-nao-acao-policial-durante-pandemia-de	https://checamos.afp.com	2020-04-15	Este vídeo mostra policiais atirando em pessoas que estavam nas ruas em meio à pandemia de coronavírus COVID-19	Imagens mostram tumulto após jogo de futebol em 2019 e não ação policial durante pandemia de coronavírus	Imagens mostram tumulto após jogo de futebol em 2019 e não ação policial durante pandemia de coronavírus	1	5	Falso
https://observador.pt/factchecks/fact-check-uma-vidente-previu-a-pandemia-da-covid-19-na-televisao-espanhola-em-dezembro/	https://observador.pt	2020-04-08	"""Será um ano de muito medo, de incerteza, de terror ...; a Natureza vai castigar todos os humanos ...; creio que em 2020 não haverá nenhum abraço"" e outras previsões astrológicas que antecipam a pandemia da Covid-19."	Fact Check. Uma vidente previu a pandemia da Covid-19 na televisão espanhola em dezembro	Fact Check. Uma vidente previu a pandemia da Covid-19 na televisão espanhola em dezembro		5	Errado
https://checamos.afp.com/nem-todas-essas-medidas-foram-tomadas-pelo-governo-bolsonaro-em-reacao-pandemia-da-covid-19	https://checamos.afp.com	2020-03-27	Medidas foram tomadas pelo governo Bolsonaro em reação à pandemia do coronavírus	Nem todas essas medidas foram tomadas pelo governo Bolsonaro em reação à pandemia da COVID-19	Nem todas essas medidas foram tomadas pelo governo Bolsonaro em reação à pandemia da COVID-19		5	Enganoso
https://checamos.afp.com/video-de-novembro-de-2019-da-jornalista-mariana-gross-circula-como-se-fosse-atual	https://checamos.afp.com	2021-02-10	A jornalista Mariana Gross comemorou a vitória do Flamengo durante a pandemia de covid-19	Vídeo de novembro de 2019 da jornalista Mariana Gross circula como se fosse atual	Vídeo de novembro de 2019 da jornalista Mariana Gross circula como se fosse atual	1	5	Falso
https://checamos.afp.com/doc.afp.com.9WC9TF	https://checamos.afp.com	2022-01-17	A Espanha acaba de decretar fim a pandemia e considera ômicron como uma gripe comum. Todas as restrições foram retiradas!	Espanha não decretou fim da pandemia em janeiro de 2022; autoridades debatem mudanças na gestão	Espanha não decretou fim da pandemia em janeiro de 2022; autoridades debatem mudanças na gestão	1	5	Falso
https://noticias.uol.com.br/comprova/ultimas-noticias/2021/06/07/e-enganoso-que-uniao-repassou-r-420-bi-para-os-estados-combaterem-pandemia.htm	https://noticias.uol.com.br	2021-06-07	Postagem afirma que o governo federal enviou R$ 420 bilhões aos estados brasileiros para auxiliar no combate à pandemia de covid-19	enganoso que União repassou R$ 420 bi para os estados combaterem pandemia	enganoso que União repassou R$ 420 bi para os estados combaterem pandemia		5	Enganoso
https://noticias.uol.com.br/confere/ultimas-noticias/2021/04/15/live-bolsonaro-15-abril-2021-coronavirus-covid.htm	https://noticias.uol.com.br	2021-04-16	Afirmações sobre ações econômicas e de combate à pandemia de covid-19	Live Bolsonaro: Mentiras sobre inflação baixa e dados da covid	Live Bolsonaro: Mentiras sobre inflação baixa e dados da covid	1	5	Falso
https://projetocomprova.com.br/publica%C3%A7%C3%B5es/nao-ha-relacao-entre-casos-de-mal-subito-em-atletas-e-vacinas-contra-covid/	https://projetocomprova.com.br	2021-11-19	Meras coincidências Não adianta vir com a história de sedentarismo e obesidade na pandemia. São todos atletas! A incidência de mal súbitos só tende a subir	Não há relação entre casos de mal súbito em atletas e vacinas contra covid	Não há relação entre casos de mal súbito em atletas e vacinas contra covid		5	ENGANOSO: Registros de desmaios entre atletas não são raros, e parte deles estão relacionados às questões climáticas. Até o momento, não há trabalho científico publicado que relacione vacinas à incidência de mal súbito ou morte súbita.
https://checamos.afp.com/este-caixao-foi-desenterrado-em-2017-em-uma-investigacao-sobre-uma-fraude-de-seguro-de-vida	https://checamos.afp.com	2020-05-07	Este caixão vazio foi desenterrado no Amazonas em meio à pandemia de coronavírus	Este caixão foi desenterrado em 2017, em uma investigação sobre uma fraude de seguro de vida	Este caixão foi desenterrado em 2017, em uma investigação sobre uma fraude de seguro de vida	1	5	Falso
https://checamos.afp.com/foto-em-berlim-nao-e-de-4-milhoes-contra-medidas-por-covid-19-mas-de-uma-festa-em-2003	https://checamos.afp.com	2020-09-01	Foto mostra 4 milhões de pessoas protestando contra as restrições pela pandemia de covid-19 em Berlim em 29 de agosto de 2020	A foto em Berlim não é de 4 milhões contra medidas por covid-19, mas de uma festa em 2003	A foto em Berlim não é de 4 milhões contra medidas por covid-19, mas de uma festa em 2003	1	5	Falso
https://projetocomprova.com.br/publica%C3%A7%C3%B5es/mascaras-protegem-contra-epidemia-de-h3n2-entenda/	https://projetocomprova.com.br	2021-12-17	Rio e São Paulo com epidemia de Influenza. As máscaras servem pra que	Máscaras protegem contra epidemia de H3N2; entenda	Máscaras protegem contra epidemia de H3N2; entenda		5	Máscaras são eficazes para combater a contaminação por H3N2 e pela covid-19, assim como a higiene das mãos e o distanciamento social.
https://checamos.afp.com/imagem-de-torcedores-assistindo-jogo-durante-gripe-espanhola-foi-tirada-nos-eua-e-nao-no-rio-de	https://checamos.afp.com	2020-05-14	Esta foto foi tirada no estádio do Fluminense em 1920, durante a pandemia da gripe espanhola	Imagem de torcedores assistindo a jogo durante a gripe espanhola foi tirada nos EUA, e não no Rio de Janeiro	Imagem de torcedores assistindo a jogo durante a gripe espanhola foi tirada nos EUA, e não no Rio de Janeiro		5	Enganoso
https://checamos.afp.com/mulher-vista-em-video-sendo-detida-em-aeronave-nao-e-esposa-do-presidente-da-cpi-da-covid	https://checamos.afp.com	2021-05-25	O momento da prisão em um avião da esposa do Omar Aziz, presidente da CPI que vai investigar a atuação do Bolsonaro e de governadores na pandemia de covid-19	A mulher vista em vídeo sendo detida em aeronave não é a esposa do presidente da CPI da covid	A mulher vista em vídeo sendo detida em aeronave não é a esposa do presidente da CPI da covid	1	5	Falso
https://www.aosfatos.org/noticias/e-de-2019-e-nao-atual-foto-de-ivete-sangalo-em-mesa-com-25-pessoas/	https://aosfatos.org	2021-04-12	Ivete Sangalo e marido fazem farra com convidados durante pandemia	de 2019, e não atual, foto de Ivete Sangalo em mesa com 25 pessoas	de 2019, e não atual, foto de Ivete Sangalo em mesa com 25 pessoas	1	5	falso
https://checamos.afp.com/video-mostra-gravacao-de-filme-sem-relacao-com-decisao-do-stf-contra-acoes-policiais-na-pandemia	https://checamos.afp.com	2020-08-21	Este vídeo mostra um confronto policial no Rio de Janeiro, após o Supremo Tribunal Federal STF suspender as operações policiais em favelas cariocas durante a pandemia de COVID-19	Vídeo mostra gravação de filme, sem relação com a decisão do STF contra ações policiais na pandemia	Vídeo mostra gravação de filme, sem relação com a decisão do STF contra ações policiais na pandemia	1	5	Falso
https://checamos.afp.com/protesto-da-policia-francesa-contra-declaracoes-do-ministro-do-interior-e-tirado-de-contexto	https://checamos.afp.com	2021-04-06	Na França, policiais militares e civis decidem ficar ao lado da população, e não irão fechar comércios e recolher mercadorias de cidadãos em meio à pandemia de covid-19	Protesto da polícia francesa contra declarações do ministro do Interior é tirado de contexto	Protesto da polícia francesa contra declarações do ministro do Interior é tirado de contexto	1	5	Falso
https://checamos.afp.com/reporter-com-traje-de-protecao-fazia-materia-sobre-fabrica-de-roupas-para-profissionais-da-saude	https://checamos.afp.com	2021-04-08	Um exemplo de como a mídia fabrica o pânico com a pandemia de covid-19: por que a repórter está usando luvas, máscara e roupas especiais e o cameraman não	A repórter com traje de proteção fazia matéria sobre fábrica de roupas para profissionais da saúde	A repórter com traje de proteção fazia matéria sobre fábrica de roupas para profissionais da saúde	1	5	Falso
https://checamos.afp.com/doc.afp.com.32F63KL	https://checamos.afp.com	2022-07-21	Estudo comprovou a correlação entre a pandemia de covid-19 e o 5g	Não há evidências científicas que relacionem a covid-19 à radiação sem fio da tecnologia 5G	Não há evidências científicas que relacionem a covid-19 à radiação sem fio da tecnologia 5G		5	Enganoso
https://checamos.afp.com/medir-temperatura-com-um-termometro-infravermelho-nao-danifica-glandula-pineal	https://checamos.afp.com	2020-08-20	O termômetro infravermelho utilizado durante a pandemia de COVID-19 pode danificar a glândula pineal	Medir a temperatura com um termômetro infravermelho não danifica a glândula pineal	Medir a temperatura com um termômetro infravermelho não danifica a glândula pineal	1	5	Falso
https://checamos.afp.com/imagem-do-governador-de-sao-paulo-em-aracatuba-foi-tirada-em-2019-antes-de-deteccao-do-coronavirus	https://checamos.afp.com	2020-04-22	Esta foto mostra o governador de São Paulo, João Doria, em uma festa realizada em meio à pandemia de coronavírus	Imagem do governador de São Paulo em Araçatuba foi tirada em 2019, antes de detecção do coronavírus	Imagem do governador de São Paulo em Araçatuba foi tirada em 2019, antes de detecção do coronavírus	1	5	Falso
https://www.aosfatos.org/noticias/foto-de-witzel-almocando-em-angra-e-anterior-pandemia-do-novo-coronavirus/	https://aosfatos.org	2020-05-26	Foto mostra Witzel em Angra dos Reis durante pandemia da Covid-19	Foto de Witzel almoçando em Angra é anterior à pandemia	Foto de Witzel almoçando em Angra é anterior à pandemia	1	5	falso
https://www.aosfatos.org/noticias/foto-do-governador-de-pe-e-prefeito-de-recife-em-confraternizacao-e-de-2017/	https://aosfatos.org	2021-03-18	Governador de Pernambuco e prefeito de Recife festejam durante a pandemia	Foto do governador de PE e prefeito de Recife em confraternização é de 2017	Foto do governador de PE e prefeito de Recife em confraternização é de 2017	3	5	distorcido
https://checamos.afp.com/o-japao-analisa-subsidiar-o-turismo-devido-crise-de-covid-19-mas-apenas-para-residentes-e-viagens	https://checamos.afp.com	2020-06-04	O governo japonês irá custear metade da viagem de estrangeiros que visitarem o país após a pandemia de coronavírus	O Japão analisa subsidiar o turismo devido à crise de COVID-19, mas apenas para residentes e viagens internas	O Japão analisa subsidiar o turismo devido à crise de COVID-19, mas apenas para residentes e viagens internas		5	Enganoso
https://www.aosfatos.org/noticias/e-falso-que-doria-e-witzel-participaram-de-carnaval-em-2020-ja-sabendo-da-pandemia/	https://aosfatos.org	2021-04-19	Doria e Witzel pulam carnaval durante pandemia, mas chamam Bolsonaro de irresponsável	falso que Doria e Witzel participaram de Carnaval em 2020 já sabendo da pandemia	falso que Doria e Witzel participaram de Carnaval em 2020 já sabendo da pandemia	1	5	falso
https://checamos.afp.com/imagem-de-pessoas-rezando-ajoelhadas-foi-registrada-em-goiania-e-nao-em-cuiaba	https://checamos.afp.com	2020-07-09	Em Cuiabá no Mato Grosso próximo a paróquia Cristo Rei do Padre Paulo Ricardo, vários fiéis se ajoelharam rezando o Santo Terço pelo fim da pandemia de COVID-19 coronavirus.	A imagem de pessoas rezando ajoelhadas foi registrada em Goiânia, e não em Cuiabá	A imagem de pessoas rezando ajoelhadas foi registrada em Goiânia, e não em Cuiabá	1	5	Falso
https://www.aosfatos.org/noticias/lula-bolsonaro-contrariam-dados-inflacao-brasil/	https://aosfatos.org	2022-05-30	A crise brasileira é culpa da pandemia e da guerra entre Ucrânia e Rússia	Lula e Bolsonaro contrariam dados em declarações sobre a inflação no Brasil	Lula e Bolsonaro contrariam dados em declarações sobre a inflação no Brasil		5	não_é_bem_assim
https://checamos.afp.com/doc.afp.com.9ZE36L	https://checamos.afp.com	2022-02-10	Desenhos animados dos anos 1930 descrevem a conspiração da pandemia de covid-19	O curta animado que parece prever a pandemia tem elementos antigos, mas não é de 1930	O curta animado que parece prever a pandemia tem elementos antigos, mas não é de 1930	1	5	Falso
https://checamos.afp.com/argentina-e-venezuela-pagam-auxilio-emergencial-e-cuba-cobre-salarios-durante-pandemia	https://checamos.afp.com	2020-09-17	Argentina, Venezuela e Cuba não possuem auxílio emergencial durante a pandemia de covid-19	Argentina e Venezuela pagam auxílio emergencial e Cuba cobre salários durante a pandemia	Argentina e Venezuela pagam auxílio emergencial e Cuba cobre salários durante a pandemia		5	Enganoso
https://checamos.afp.com/bandeira-brasileira-foi-projetada-em-uma-montanha-suica-em-apoio-no-combate-covid-19	https://checamos.afp.com	2020-05-05	Suíça projetou a bandeira brasileira na montanha Matterhorn em apoio à luta contra a pandemia da COVID-19.	A bandeira brasileira foi projetada em uma montanha suíça em apoio no combate à COVID-19	A bandeira brasileira foi projetada em uma montanha suíça em apoio no combate à COVID-19	5	5	Verdadeiro
https://checamos.afp.com/e-falso-que-eleitor-com-mais-de-60-anos-nao-e-obrigado-votar-nas-eleicoes-municipais-de-2020	https://checamos.afp.com	2020-11-15	Eleitores com mais de 60 anos não precisam votar nas eleições municipais de 2020 devido à pandemia de covid-19	falso que eleitor com mais de 60 anos não é obrigado a votar nas eleições municipais de 2020	falso que eleitor com mais de 60 anos não é obrigado a votar nas eleições municipais de 2020	1	5	Falso
https://checamos.afp.com/foto-em-que-um-pm-apreende-produtos-de-uma-ambulante-e-de-2016-sem-relacao-com-pandemia	https://checamos.afp.com	2021-03-17	Ação de um policial militar contra uma vendedora ambulante em meio a medidas restritivas pela pandemia de covid-19	A foto em que um PM apreende produtos de uma ambulante é de 2016, sem relação com a pandemia	A foto em que um PM apreende produtos de uma ambulante é de 2016, sem relação com a pandemia	1	5	Falso
https://www.aosfatos.org/noticias/e-falso-que-barroso-declarou-apoio-manifestacoes-bolsonaristas-de-15-de-marco/	https://aosfatos.org	2020-03-17	Para o ministro [Luís Roberto Barroso], Bolsonaro foi corajoso e demonstrou ser um grande líder, pois não abandona sua nação nem em momentos difíceis como o que estamos passando agora, com a pandemia do COVID-19.	falso que Barroso declarou apoio às manifestações bolsonaristas de 15 de março	falso que Barroso declarou apoio às manifestações bolsonaristas de 15 de março	1	5	falso
https://checamos.afp.com/foto-da-apresentadora-renata-vasconcellos-sem-mascara-junto-com-outras-tres-mulheres-e-de-2013	https://checamos.afp.com	2021-01-12	A apresentadora Renata Vasconcellos sem máscara junto com outras pessoas em meio à pandemia de covid-19	A foto da apresentadora Renata Vasconcellos sem máscara junto com outras três mulheres é de 2013	A foto da apresentadora Renata Vasconcellos sem máscara junto com outras três mulheres é de 2013	1	5	Falso
https://checamos.afp.com/especialistas-negam-que-covid-19-siga-um-padrao-de-surtos-virais-que-acontecem-cada-100-anos	https://checamos.afp.com	2020-05-06	A cada 100 anos ocorre uma epidemia e a COVID-19 segue esse padrão	Especialistas negam que a COVID-19 siga um padrão de surtos virais que acontecem a cada 100 anos	Especialistas negam que a COVID-19 siga um padrão de surtos virais que acontecem a cada 100 anos	1	5	Falso
https://checamos.afp.com/este-video-de-um-mercado-sendo-saqueado-foi-gravado-em-honduras-em-dezembro-de-2017	https://checamos.afp.com	2020-04-06	Este vídeo mostra um supermercado sendo saqueado no Brasil em meio à pandemia de coronavírus	Este vídeo de um mercado sendo saqueado foi gravado em Honduras, em dezembro de 2017	Este vídeo de um mercado sendo saqueado foi gravado em Honduras, em dezembro de 2017	1	5	Falso
https://checamos.afp.com/artigo-sancionado-por-bolsonaro-e-de-lei-contra-stalking-nao-contra-acao-de-governadores	https://checamos.afp.com	2021-04-13	O presidente Jair Bolsonaro sancionou uma lei para processar prefeitos e governadores que prenderem trabalhadores durante a pandemia de covid-19	Artigo sancionado por Bolsonaro é de lei contra stalking, não contra a ação de governadores	Artigo sancionado por Bolsonaro é de lei contra stalking, não contra a ação de governadores	1	5	Falso
https://checamos.afp.com/doc.afp.com.9VR743	https://checamos.afp.com	2022-01-08	JOGOS OLMPICOS DE LONDRES 2012 anunciaram a pandemia de covid-19	Os Jogos Olímpicos de Londres 2012 não anunciaram a pandemia de covid-19	Os Jogos Olímpicos de Londres 2012 não anunciaram a pandemia de covid-19	1	5	Falso
https://noticias.uol.com.br/confere/ultimas-noticias/2020/07/20/mandetta-e-gilmar-nao-foram-hostilizados-em-portugal-durante-a-pandemia.htm	https://noticias.uol.com.br	2020-07-20	Mandetta e Gilmar foram hostilizados em Portugal em meio à pandemia	FALSO: Mandetta e Gilmar não foram hostilizados em Portugal durante a pandemia	FALSO: Mandetta e Gilmar não foram hostilizados em Portugal durante a pandemia	1	5	Falso
https://checamos.afp.com/sao-falsas-afirmacoes-sobre-pandemia-do-advogado-reiner-fuellmich-replicadas-nas-redes	https://checamos.afp.com	2020-10-29	A pandemia de covid-19 é uma farsa, já que os testes PCR não detectam infecção pelo Sars-Cov-2	São falsas as afirmações sobre a pandemia do advogado Reiner Fuellmich replicadas nas redes	São falsas as afirmações sobre a pandemia do advogado Reiner Fuellmich replicadas nas redes	1	5	Falso
https://observador.pt/factchecks/fact-check-robot-e-nova-invencao-chinesa-e-foi-projetado-para-recolher-corpos-nas-ruas/	https://observador.pt	2022-07-26	"""Uma nova invenção na China. Uma Máquina pra recolher corpos nas ruas... Será que está vindo outra Pandemia"""	"Fact Check. Robot é ""nova invenção"" chinesa e foi projetado para recolher corpos nas ruas"	"Fact Check. Robot é ""nova invenção"" chinesa e foi projetado para recolher corpos nas ruas"		5	Enganador
https://checamos.afp.com/ilustracao-com-frase-de-lula-sobre-gripe-em-cabra-macho-era-metafora-para-crise-financeira	https://checamos.afp.com	2021-03-16	O ex-presidente Lula minimizou a pandemia da gripe A H1N1 em uma publicação na revista Veja em 2009	Ilustração com frase de Lula sobre gripe em cabra macho era metáfora para a crise financeira	Ilustração com frase de Lula sobre gripe em cabra macho era metáfora para a crise financeira	1	5	Falso
https://www.aosfatos.org/noticias/diretor-da-oms-nao-afirmou-que-quarentena-agrava-pandemia/	https://aosfatos.org	2020-04-09	O número 2 da Organização Mundial da Saúde admite publicamente o que venho avisando há muito tempo. O contágio maior está acontecendo dentro de casa com os portadores assintomáticos do coronavírus! Por esse e outros motivos a quarentena forçada está piorando a epidemia!!	Diretor da OMS não afirmou que quarentena agrava pandemia	Diretor da OMS não afirmou que quarentena agrava pandemia	1	5	falso
https://checamos.afp.com/publicacoes-nao-mostram-documentos-sobre-o-coronavirus-testado-como-arma-biologica	https://checamos.afp.com	2021-05-19	Documentos mostram coronavírus sendo testado como arma biológica na China antes da pandemia de covid-19	Publicações não mostram documentos sobre o coronavírus testado como arma biológica	Publicações não mostram documentos sobre o coronavírus testado como arma biológica	1	5	Falso
https://www.aosfatos.org/noticias/video-nao-mostra-fraude-de-mortes-na-pandemia-mas-bastidor-de-clipe-de-rapper-russo/	https://aosfatos.org	2021-04-01	Vídeo mostra fraude de mortes na pandemia de Covid-19	Vídeo não mostra fraude de mortes na pandemia, mas bastidor de clipe de rapper russo	Vídeo não mostra fraude de mortes na pandemia, mas bastidor de clipe de rapper russo	1	5	falso
https://observador.pt/factchecks/fact-check-animacao-que-preve-pandemia-foi-criada-em-1930/	https://observador.pt	2022-01-14	"""Em 1930, um desenho animado sugeria uma série de estratégias para os ditadores assumirem o controle do mundo. 91 anos depois, qualquer semelhança não é mera coincidência"""	"Fact Check. Animação que ""prevê"" pandemia foi criada em 1930"	"Fact Check. Animação que ""prevê"" pandemia foi criada em 1930"		5	Errado
https://noticias.uol.com.br/confere/ultimas-noticias/2021/04/27/23-acusacoes-bolsonaro-cpi-pandemia-covid-19-casa-civil.htm	https://noticias.uol.com.br	2021-04-27	As 23 acusações contra o governo Bolsonaro na pandemia de covid-19	CPI da Covid: As 23 acusações contra o governo Bolsonaro	CPI da Covid: As 23 acusações contra o governo Bolsonaro	1	5	Falso
https://www.aosfatos.org/noticias/e-falso-que-argentina-venezuela-e-cuba-nao-deram-auxilio-financeiro-na-pandemia/	https://aosfatos.org	2020-09-14	Argentina, Cuba e Venezuela não deram auxílio emergencial durante a pandemia	falso que Argentina, Venezuela e Cuba não deram auxílio financeiro na pandemia	falso que Argentina, Venezuela e Cuba não deram auxílio financeiro na pandemia	1	5	falso
https://www.estadao.com.br/estadao-verifica/reportagem-record-pandemia-planejada-legenda/	https://estadao.com.br	2023-03-30	Pandemia foi planejada.	Reportagem da TV Record não alega que pandemia foi planejada ...	Reportagem da TV Record não alega que pandemia foi planejada ...		5	Enganoso
https://observador.pt/factchecks/fact-check-filme-de-2013-previa-epidemia-e-chamava-se-coronavirus/	https://observador.pt	2020-03-05	Coronavírus, o início da epidemia. Filme de 2013. Coincidência	"Fact Check. Filme de 2013 previa epidemia e chamava-se ""Coronavírus"""	"Fact Check. Filme de 2013 previa epidemia e chamava-se ""Coronavírus"""		5	Errado
https://observador.pt/factchecks/fact-check-havia-um-plano-previo-para-produzir-uma-pandemia-de-variola-dos-macacos/	https://observador.pt	2022-05-31	"""BOOM! Apanhados em flagrante a planear uma pandemia de varíola dos macacos."""	Fact Check. Havia um plano prévio para produzir uma pandemia de varíola dos macacos	Fact Check. Havia um plano prévio para produzir uma pandemia de varíola dos macacos		5	Errado
https://observador.pt/factchecks/fact-check-video-anteviu-em-1956-a-pandemia-provocada-por-um-novo-coronavirus/	https://observador.pt	2021-05-17	"""Peritos previram [a pandemia]  planeado"""	Vídeo anteviu em 1956 atual pandemia	Vídeo anteviu em 1956 atual pandemia		5	Errado
https://observador.pt/factchecks/fact-check-declaracoes-de-conselheiro-britanico-provam-que-pandemia-e-uma-fraude/	https://observador.pt	2021-05-25	""" FR4UDE,  MIA,  FR4UDEMIA!If a person has POPVIRUS listed on their death certificate, it does not mean that they were infected with POPVIRUS. Estão a gostar de viver um circo mediático apocalíptico apoiado numa fr4ude absurda e óbvia há TANTOS meses cvideiros"""	Conselheiro britânico prova que pandemia é fraude	Conselheiro britânico prova que pandemia é fraude		5	Enganador
https://www.aosfatos.org/noticias/video-2021-impacto-pandemia-bolsa-familia/	https://aosfatos.org	2023-09-15	Vídeo mostra famílias com dificuldades financeiras após perderem o Bolsa Família em 2023	Vídeo de 2021 sobre impacto da pandemia circula como se ...	Vídeo de 2021 sobre impacto da pandemia circula como se ...	1	5	falso
https://projetocomprova.com.br/publica%C3%A7%C3%B5es/e-falso-que-testes-sao-manipulados-e-pandemia-e-uma-farsa/	https://projetocomprova.com.br	2020-09-05	Testes são manipulados e que pandemia é uma farsa	falso que testes são manipulados e pandemia é uma farsa	falso que testes são manipulados e pandemia é uma farsa	1	5	FALSO: Vídeo publicado no YouTube e no Instagram divulga alegações falsas sobre a pandemia, sobre validade de testes e sobre notificações erradas nos EUA
https://observador.pt/factchecks/fact-check-ceo-da-moderna-disse-que-antes-da-pandemia-ja-estava-a-produzir-100-mil-doses-contra-a-covid/	https://observador.pt	2023-03-21	"""CEO da Moderna admitiu que farmacêutica produziu 100 mil doses da vacinaa contra a Covid-19 um ano antes de ser decretada a pandemia."""	Moderna produziu vacina no ano antes da pandemia	Moderna produziu vacina no ano antes da pandemia		5	Errado
https://www.aosfatos.org/noticias/tv-globo-nao-orientou-jornalistas-manipularem-cobertura-da-pandemia/	https://aosfatos.org	2021-04-28	Apresentador demitido pela Globolixo distribui a sinistra pauta da Covid-19	TV Globo não orientou jornalistas a manipularem cobertura da ...	TV Globo não orientou jornalistas a manipularem cobertura da ...	1	5	falso
https://observador.pt/factchecks/fact-check-portugal-nunca-foi-o-pior-pais-do-mundo-no-avanco-da-pandemia/	https://observador.pt	2021-02-07	"""Em dados epidemiológicos mundiais Portugal figurava até ontem em 26 lugar em gravidade, com índices de mortalidade entre os mais baixos do Mundo. Nunca foi o pior País, como a Comunicação Social tem propalado"""	"Fact Check. Portugal nunca foi ""o pior país do mundo"" no avanço da ..."	"Fact Check. Portugal nunca foi ""o pior país do mundo"" no avanço da ..."		5	Errado
https://checamos.afp.com/fundacao-de-bill-gates-participou-de-uma-simulacao-de-pandemia-mas-com-sintomas-comuns-varias-cepas	https://checamos.afp.com	2020-02-05	Bill Gates 'previu' o coronavírus chinês há um ano com simulação dizendo que 33 milhões de pessoas poderiam morrer nos primeiros seis meses.	A fundação de Bill Gates participou de uma simulação de pandemia ...	A fundação de Bill Gates participou de uma simulação de pandemia ...		5	Enganoso
https://noticias.uol.com.br/comprova/ultimas-noticias/2020/05/29/boato-usa-frase-de-doria-para-levantar-duvidas-sobre-pandemia-de-covid-19.htm	https://noticias.uol.com.br	2020-05-29	"Números de locais atingidos por Covid-19 estão ""exagerados"""	Boato usa frase de Doria para levantar dúvidas sobre pandemia de ...	Boato usa frase de Doria para levantar dúvidas sobre pandemia de ...	1	5	Falso
https://projetocomprova.com.br/publica%C3%A7%C3%B5es/registros-de-obitos-em-cartorios-confirmam-dados-da-pandemia-no-brasil/	https://projetocomprova.com.br	2020-05-05	Registros de cartórios comprovam que não há epidemia	Registros de óbitos em cartórios confirmam dados da pandemia no ...	Registros de óbitos em cartórios confirmam dados da pandemia no ...	1	5	"Falso: Texto de corrente de WhatsApp diz que ""não há epidemia"" e mostra números que seriam do Portal da Transparência. O Comprova verificou, no entanto, que esses números não condizem com os verdadeiros dados disponíveis na plataforma"
https://noticias.uol.com.br/comprova/ultimas-noticias/2020/08/18/deputado-mostra-dados-enganosos-sobre-mortes-por-outras-doencas-na-pandemia.htm	https://noticias.uol.com.br	2020-08-18	Deputado diz que outras mortes estão sendo contabilizadas como covid-19	Deputado mostra dados enganosos sobre mortes por outras ...	Deputado mostra dados enganosos sobre mortes por outras ...	1	5	Falso
https://checamos.afp.com/incendios-e-pandemia-checamos-discurso-de-bolsonaro-na-assembleia-geral-da-onu-de-2020	https://checamos.afp.com	2020-09-23	Discurso do presidente Jair Bolsonaro na abertura da Assembleia Geral da ONU de 2020	Incêndios e pandemia: checamos discurso de Bolsonaro na ...	Incêndios e pandemia: checamos discurso de Bolsonaro na ...		5	Enganoso
https://www.aosfatos.org/noticias/e-falso-que-pandemia-de-covid-19-so-reduziu-trafego-aereo-no-brasil-e-no-continente-africano/	https://aosfatos.org	2020-04-14	Vejam o movimento real de aviões no mundo neste preciso momento. Por toda parte, MOVIMENTO NORMAL. S O BRASIL E A FRICA BLOQUEADOS. Alguém ainda tem dúvida de que estão nos fazendo de trouxas	falso que pandemia de Covid-19 só reduziu tráfego aéreo no ...	falso que pandemia de Covid-19 só reduziu tráfego aéreo no ...	1	5	falso
https://observador.pt/factchecks/fact-check-portugal-nao-tem-um-mecanismo-de-aconselhamento-continuado-e-independente-para-o-combate-a-pandemia/	https://observador.pt	2020-10-19	Portugal é um dos poucos países desenvolvidos que não tem, neste momento, nenhum mecanismo de aconselhamento científico continuado e independente	"Fact Check. Portugal não tem um ""mecanismo de aconselhamento ..."	"Fact Check. Portugal não tem um ""mecanismo de aconselhamento ..."		5	Certo
https://projetocomprova.com.br/publica%C3%A7%C3%B5es/video-engana-ao-negar-orcamento-secreto-e-descontextualizar-alta-de-precos-no-brasil/	https://projetocomprova.com.br	2022-09-01	Orçamento secreto não existe porque está no Portal da Transparência, alta no valor dos carros se deve à pandemia e leite aumentou porque produtores migraram para o ramo da carne.	Vídeo engana ao negar orçamento secreto e descontextualizar alta de preços no Brasil	Vídeo engana ao negar orçamento secreto e descontextualizar alta de preços no Brasil	5	5	Dados do orçamento secreto no Portal da Transparência estão incompletos e o conteúdo omite ou distorce fatores para os aumentos.
https://checamos.afp.com/gravado-antes-da-chegada-da-covid-19-ao-brasil-este-video-mostra-ceagesp-apos-uma-enchente	https://checamos.afp.com	2021-01-15	O governador de São Paulo, João Doria, fechou o Ceasa devido à pandemia de covid-19 e a produção que chegou teve que ser jogada fora	Gravado antes da chegada da covid-19 ao Brasil, este vídeo mostra a Ceagesp após uma enchente	Gravado antes da chegada da covid-19 ao Brasil, este vídeo mostra a Ceagesp após uma enchente	1	5	Falso
https://projetocomprova.com.br/publica%C3%A7%C3%B5es/e-falso-que-o-brasil-tenha-sido-escolhido-pela-oms-como-um-dos-tres-paises-que-melhor-atuaram-no-combate-a-pandemia/	https://projetocomprova.com.br	2022-03-29	OMS escolhe Brasil como melhor das Américas no combate à pandemia	falso que o Brasil tenha sido escolhido pela OMS como um dos ...	falso que o Brasil tenha sido escolhido pela OMS como um dos ...	1	5	FALSO: A seleção do Brasil em um grupo para o planejamento de ações em futuras pandemias teve como critério questões diplomáticas e de representatividade regional.
https://observador.pt/factchecks/fack-check-pandemia-de-covid-19-foi-criada-para-impulsionar-tecnologias-digitais/	https://observador.pt	2020-10-02	"""Para quem ainda não entendeu o propósito principal da criança da pandemia, vale a pena ler estas palavras e se possível, este livro"""	Pandemia foi criada para impulsionar tecnologias	Pandemia foi criada para impulsionar tecnologias		5	Errado
https://observador.pt/factchecks/fact-check-marcelo-rebelo-de-sousa-beijou-a-mao-do-papa-em-plena-pandemia/	https://observador.pt	2021-03-17	"""Então agora não há Covid"""	Fact Check. Marcelo Rebelo de Sousa beijou a mão do Papa em ...	Fact Check. Marcelo Rebelo de Sousa beijou a mão do Papa em ...		5	Errado
https://observador.pt/factchecks/fact-check-c-s-lewis-autor-das-cronicas-de-narnia-previu-a-pandemia-da-covid-19-em-1942/	https://observador.pt	2020-12-09	"""Eles deixaram de se abraçar, não se cumprimentavam, afastaram-se uns dos outros e renunciaram a todo contacto humano e a tudo que era humano.Ficaram sem dinheiro, perderam o emprego, mas optaram por temer pela vida, mesmo que não tivessem pão. [...] Foi fácil tirar as suas almas miseráveis."""	"Fact Check. C.S. Lewis, autor das ""Crónicas de Nárnia"", previu a ..."	"Fact Check. C.S. Lewis, autor das ""Crónicas de Nárnia"", previu a ..."		5	Errado
https://projetocomprova.com.br/publica%C3%A7%C3%B5es/sem-apresentar-evidencias-texto-sugere-que-governadores-e-prefeitos-usam-a-pandemia-para-driblar-a-lei/	https://projetocomprova.com.br	2020-04-24	Pandemia vira roubalheira de governadores e prefeitos	Sem apresentar evidências, texto sugere que governadores e ...	Sem apresentar evidências, texto sugere que governadores e ...		5	Enganoso: Publicação feita em blog e compartilhada nas redes sociais mistura dados verídicos e enganosos para sugerir uma atuação não fiscalizada do poder público e desvios de dinheiro. Sem apresentar evidências, texto diz que governadores e prefeitos estariam driblando a lei em contratos firmados sem licitação
https://www.aosfatos.org/noticias/haddad-nao-celebrou-aniversario-com-amigos-durante-pandemia-foto-e-de-2018/	https://aosfatos.org	2020-06-10	Haddad em isolamento pelo Covid-19 comemora sozinho seu aniversário. Esses tralhas são especialistas em mentir.	Haddad não celebrou aniversário com amigos durante a pandemia ...	Haddad não celebrou aniversário com amigos durante a pandemia ...	1	5	falso
https://www.aosfatos.org/noticias/e-falso-que-stf-afastou-bolsonaro-e-deu-governadores-controle-de-acoes-contra-pandemia/	https://aosfatos.org	2021-01-18	Vai que alguém esqueceu! Só Pra Lembrar! STF afastou o presidente do controle da Covid-19 e deu a governadores e prefeitos. Não cobrem do presidente.	falso que STF afastou Bolsonaro e deu a governadores controle ...	falso que STF afastou Bolsonaro e deu a governadores controle ...	1	5	falso
https://projetocomprova.com.br/publica%C3%A7%C3%B5es/tuite-usa-afirmacoes-falsas-de-medico-canadense-para-negar-a-pandemia/	https://projetocomprova.com.br	2020-12-16	Dr. Roger Hodkinson, um dos principais patologistas do Canadá, diz que a pandemia é uma farsa	Tuíte usa afirmações falsas de médico canadense para negar a ...	Tuíte usa afirmações falsas de médico canadense para negar a ...	1	5	FALSO: Ao contrário do que alega um tuíte que reproduz afirmações inverídicas atribuídas a um médico canadense, a pandemia de coronavírus é uma realidade e os testes PCR são eficazes para detectar a presença do vírus.
https://projetocomprova.com.br/publica%C3%A7%C3%B5es/sp-recebeu-r-57-bi-do-governo-federal-para-combater-pandemia-e-nao-r-135-bi/	https://projetocomprova.com.br	2021-07-05	Foram cerca R$ 135 bilhões enviados pelo Governo Federal ao Estado de São Paulo para o Governador João Doria deixar morrer gente por falta de leito de UTI.	SP recebeu R$ 5,7 bi do governo federal para combater pandemia ...	SP recebeu R$ 5,7 bi do governo federal para combater pandemia ...	5	5	ENGANOSO: Dentre os valores, há repasses diretos para cidadãos, suspensão de dívidas e transferências de rotina para a saúde. Na verdade, foram destinados à saúde R$ 17,7 bilhões, sendo R$ 5,7 bilhões para o combate à pandemia.
https://www.aosfatos.org/noticias/presidente-chines-nao-disse-que-pandemia-e-inicio-de-nova-era-para-o-socialismo/	https://aosfatos.org	2020-03-24	Presidente da China diz que chegou a hora de o país liderar o mundo. Em meio ao protagonismo da China no combate ao novo coronavírus, inclusive auxiliando outros países contra a pandemia, o presidente Xi Jinping diz que este é o início de uma nova era de um socialismo com características chinesas.	Presidente chinês não disse que pandemia é início de nova era ...	Presidente chinês não disse que pandemia é início de nova era ...	1	5	falso
https://projetocomprova.com.br/publica%C3%A7%C3%B5es/video-de-aglomeracao-em-genebra-e-real-mas-nao-prova-que-pandemia-e-farsa/	https://projetocomprova.com.br	2020-06-11	Falta de distanciamento em Genebra, sede da OMS, mostra que pandemia é uma farsa	Vídeo de aglomeração em Genebra é real, mas não prova que ...	Vídeo de aglomeração em Genebra é real, mas não prova que ...	5	5	Enganoso: Ao relacionar as imagens da reabertura em Genebra com o fato de a sede da OMS estar na mesma cidade e argumentar que isso revelaria uma “manipulação”, youtuber omite duas questões importantes. A primeira é que a pandemia está sob controle na Suíça depois de oito semanas de medidas restritivas de isolamento social. A segunda é que a OMS não tem poder para emitir ordens, nem mesmo na cidade onde fica a sua sede
https://www.aosfatos.org/noticias/e-falso-que-camara-liberou-aborto-ate-22-semanas-durante-pandemia/	https://aosfatos.org	2020-07-10	Rodrigo Maia e seus comparsas aprovam o aborto até 22 semanas no Brasil	falso que Câmara liberou aborto até 22 semanas durante a ...	falso que Câmara liberou aborto até 22 semanas durante a ...	1	5	falso
https://observador.pt/factchecks/chineses-compraram-volvo-pirelli-thomas-cook-e-parte-da-mercedes-benz-durante-a-pandemia/	https://observador.pt	2020-04-24	Enquanto o mundo está de quarentena, a China compra a Volvo, Pirelli, Thomas Cook e grande parte de Mercedes Benz. Entendeu a pandemia	China comprou Volvo e Pirelli durante pandemia	China comprou Volvo e Pirelli durante pandemia		5	Errado
https://checamos.afp.com/este-poema-foi-escrito-em-2020-especificamente-sobre-pandemia-de-covid-19	https://checamos.afp.com	2020-04-09	Poema escrito em 1869 de Kathleen O'Meara 1839-1888	Este poema foi escrito em 2020 especificamente sobre a pandemia ...	Este poema foi escrito em 2020 especificamente sobre a pandemia ...	1	5	Falso
https://projetocomprova.com.br/publica%C3%A7%C3%B5es/senador-engana-ao-usar-falas-antigas-de-drauzio-varella-sobre-pandemia/	https://projetocomprova.com.br	2020-08-13	Senador utiliza trechos de um vídeo gravado no início da pandemia pelo médico Drauzio Varella para tentar minimizar a gravidade da emergência sanitária.	Senador engana ao usar falas antigas de Drauzio Varella sobre ...	Senador engana ao usar falas antigas de Drauzio Varella sobre ...		5	Enganoso: Trechos de vídeo gravado por Drauzio Varella antes do alastramento da pandemia de covid-19 na Europa e no Brasil foram tirados de contexto por Marcos do Val
https://www.aosfatos.org/noticias/e-falso-que-banhistas-expulsaram-fiscais-de-praia-do-rio-durante-pandemia/	https://aosfatos.org	2021-04-09	Início da desobediência civil: banhistas expulsam fiscais em praia do Rio	falso que banhistas expulsaram fiscais de praia do Rio durante ...	falso que banhistas expulsaram fiscais de praia do Rio durante ...	1	5	falso
https://www.aosfatos.org/noticias/video-de-kalil-almocando-em-restaurante-e-anterior-pandemia-de-covid-19/	https://aosfatos.org	2020-08-06	Vídeo flagra Alexandre Kalil almoçando em Nova Lima no meio da pandemia.	Vídeo de Kalil almoçando em restaurante é anterior à pandemia de ...	Vídeo de Kalil almoçando em restaurante é anterior à pandemia de ...	1	5	falso
